
===========================================================================
report_checks -path_delay min (Hold)
============================================================================
======================= Typical Corner ===================================

Startpoint: u_pc_reg._134_ (rising edge-triggered flip-flop clocked by clk)
Endpoint: u_pc_reg._134_ (rising edge-triggered flip-flop clocked by clk)
Path Group: clk
Path Type: min

Fanout     Cap    Slew   Delay    Time   Description
-----------------------------------------------------------------------------
                          0.00    0.00   clock clk (rise edge)
                          0.00    0.00   clock source latency
                  0.00    0.00    0.00 ^ clk (in)
     1    0.13                           clk (net)
                  0.00    0.00    0.00 ^ clkbuf_0_clk/A (sky130_fd_sc_hd__clkbuf_16)
                  0.08    0.14    0.14 ^ clkbuf_0_clk/X (sky130_fd_sc_hd__clkbuf_16)
     4    0.06                           clknet_0_clk (net)
                  0.08    0.00    0.14 ^ clkbuf_2_3_0_clk/A (sky130_fd_sc_hd__clkbuf_8)
                  0.28    0.31    0.46 ^ clkbuf_2_3_0_clk/X (sky130_fd_sc_hd__clkbuf_8)
    10    0.16                           clknet_2_3_0_clk (net)
                  0.28    0.00    0.46 ^ u_pc_reg._134_/CLK (sky130_fd_sc_hd__dfxtp_4)
                  0.09    0.48    0.93 v u_pc_reg._134_/Q (sky130_fd_sc_hd__dfxtp_4)
    11    0.06                           u_imem.addr[0] (net)
                  0.09    0.00    0.93 v u_pc_next_logic._0862_/A1 (sky130_fd_sc_hd__a21oi_1)
                  0.07    0.13    1.06 ^ u_pc_next_logic._0862_/Y (sky130_fd_sc_hd__a21oi_1)
     1    0.00                           u_pc_next_logic.pc_next[0] (net)
                  0.07    0.00    1.06 ^ u_pc_reg._067_/A (sky130_fd_sc_hd__and2_1)
                  0.04    0.12    1.18 ^ u_pc_reg._067_/X (sky130_fd_sc_hd__and2_1)
     1    0.00                           u_pc_reg._049_ (net)
                  0.04    0.00    1.18 ^ u_pc_reg._068_/A (sky130_fd_sc_hd__clkbuf_1)
                  0.04    0.07    1.25 ^ u_pc_reg._068_/X (sky130_fd_sc_hd__clkbuf_1)
     1    0.00                           u_pc_reg._000_ (net)
                  0.04    0.00    1.25 ^ u_pc_reg._134_/D (sky130_fd_sc_hd__dfxtp_4)
                                  1.25   data arrival time

                          0.00    0.00   clock clk (rise edge)
                          0.00    0.00   clock source latency
                  0.00    0.00    0.00 ^ clk (in)
     1    0.13                           clk (net)
                  0.00    0.00    0.00 ^ clkbuf_0_clk/A (sky130_fd_sc_hd__clkbuf_16)
                  0.08    0.14    0.14 ^ clkbuf_0_clk/X (sky130_fd_sc_hd__clkbuf_16)
     4    0.06                           clknet_0_clk (net)
                  0.08    0.00    0.14 ^ clkbuf_2_3_0_clk/A (sky130_fd_sc_hd__clkbuf_8)
                  0.28    0.31    0.46 ^ clkbuf_2_3_0_clk/X (sky130_fd_sc_hd__clkbuf_8)
    10    0.16                           clknet_2_3_0_clk (net)
                  0.28    0.00    0.46 ^ u_pc_reg._134_/CLK (sky130_fd_sc_hd__dfxtp_4)
                          0.20    0.66   clock uncertainty
                          0.00    0.66   clock reconvergence pessimism
                          0.00    0.66   library hold time
                                  0.66   data required time
-----------------------------------------------------------------------------
                                  0.66   data required time
                                 -1.25   data arrival time
-----------------------------------------------------------------------------
                                  0.59   slack (MET)


Startpoint: u_pc_reg._138_ (rising edge-triggered flip-flop clocked by clk)
Endpoint: u_imem.u_sram (falling edge-triggered flip-flop clocked by clk)
Path Group: clk
Path Type: min

Fanout     Cap    Slew   Delay    Time   Description
-----------------------------------------------------------------------------
                          0.00    0.00   clock clk (rise edge)
                          0.00    0.00   clock source latency
                  0.00    0.00    0.00 ^ clk (in)
     1    0.13                           clk (net)
                  0.00    0.00    0.00 ^ clkbuf_0_clk/A (sky130_fd_sc_hd__clkbuf_16)
                  0.08    0.14    0.14 ^ clkbuf_0_clk/X (sky130_fd_sc_hd__clkbuf_16)
     4    0.06                           clknet_0_clk (net)
                  0.08    0.00    0.14 ^ clkbuf_2_0_0_clk/A (sky130_fd_sc_hd__clkbuf_8)
                  0.19    0.25    0.39 ^ clkbuf_2_0_0_clk/X (sky130_fd_sc_hd__clkbuf_8)
     9    0.11                           clknet_2_0_0_clk (net)
                  0.19    0.00    0.39 ^ u_pc_reg._138_/CLK (sky130_fd_sc_hd__dfxtp_4)
                  0.09    0.45    0.84 v u_pc_reg._138_/Q (sky130_fd_sc_hd__dfxtp_4)
    12    0.06                           u_imem.addr[4] (net)
                  0.09    0.00    0.84 v wire133/A (sky130_fd_sc_hd__buf_2)
                  0.05    0.16    1.01 v wire133/X (sky130_fd_sc_hd__buf_2)
     2    0.01                           net133 (net)
                  0.05    0.00    1.01 v wire132/A (sky130_fd_sc_hd__dlymetal6s2s_1)
                  0.06    0.16    1.16 v wire132/X (sky130_fd_sc_hd__dlymetal6s2s_1)
     1    0.01                           net132 (net)
                  0.08    0.00    1.16 v u_imem.u_sram/addr1[2] (sky130_sram_1kbyte_1rw1r_32x256_8)
                                  1.16   data arrival time

                          0.00    0.00   clock clk (rise edge)
                          0.00    0.00   clock source latency
                  0.00    0.00    0.00 ^ clk (in)
     1    0.13                           clk (net)
                  0.00    0.00    0.00 ^ clkbuf_0_clk/A (sky130_fd_sc_hd__clkbuf_16)
                  0.08    0.14    0.14 ^ clkbuf_0_clk/X (sky130_fd_sc_hd__clkbuf_16)
     4    0.06                           clknet_0_clk (net)
                  0.08    0.00    0.14 ^ clkbuf_2_1_0_clk/A (sky130_fd_sc_hd__clkbuf_8)
                  0.21    0.26    0.40 ^ clkbuf_2_1_0_clk/X (sky130_fd_sc_hd__clkbuf_8)
     7    0.12                           clknet_2_1_0_clk (net)
                  0.28    0.00    0.40 ^ u_imem.u_sram/clk1 (sky130_sram_1kbyte_1rw1r_32x256_8)
                          0.20    0.60   clock uncertainty
                          0.00    0.60   clock reconvergence pessimism
                         -0.06    0.55   library hold time
                                  0.55   data required time
-----------------------------------------------------------------------------
                                  0.55   data required time
                                 -1.16   data arrival time
-----------------------------------------------------------------------------
                                  0.62   slack (MET)


Startpoint: u_pc_reg._140_ (rising edge-triggered flip-flop clocked by clk)
Endpoint: u_imem.u_sram (falling edge-triggered flip-flop clocked by clk)
Path Group: clk
Path Type: min

Fanout     Cap    Slew   Delay    Time   Description
-----------------------------------------------------------------------------
                          0.00    0.00   clock clk (rise edge)
                          0.00    0.00   clock source latency
                  0.00    0.00    0.00 ^ clk (in)
     1    0.13                           clk (net)
                  0.00    0.00    0.00 ^ clkbuf_0_clk/A (sky130_fd_sc_hd__clkbuf_16)
                  0.08    0.14    0.14 ^ clkbuf_0_clk/X (sky130_fd_sc_hd__clkbuf_16)
     4    0.06                           clknet_0_clk (net)
                  0.08    0.00    0.14 ^ clkbuf_2_1_0_clk/A (sky130_fd_sc_hd__clkbuf_8)
                  0.21    0.26    0.40 ^ clkbuf_2_1_0_clk/X (sky130_fd_sc_hd__clkbuf_8)
     7    0.12                           clknet_2_1_0_clk (net)
                  0.21    0.00    0.40 ^ u_pc_reg._140_/CLK (sky130_fd_sc_hd__dfxtp_1)
                  0.06    0.38    0.78 v u_pc_reg._140_/Q (sky130_fd_sc_hd__dfxtp_1)
     1    0.01                           u_imem.addr[6] (net)
                  0.06    0.00    0.78 v wire128/A (sky130_fd_sc_hd__buf_8)
                  0.07    0.16    0.94 v wire128/X (sky130_fd_sc_hd__buf_8)
    12    0.08                           net128 (net)
                  0.07    0.00    0.94 v wire127/A (sky130_fd_sc_hd__buf_1)
                  0.05    0.12    1.06 v wire127/X (sky130_fd_sc_hd__buf_1)
     2    0.01                           net127 (net)
                  0.05    0.00    1.06 v wire126/A (sky130_fd_sc_hd__buf_1)
                  0.05    0.12    1.18 v wire126/X (sky130_fd_sc_hd__buf_1)
     1    0.01                           net126 (net)
                  0.07    0.00    1.18 v u_imem.u_sram/addr1[4] (sky130_sram_1kbyte_1rw1r_32x256_8)
                                  1.18   data arrival time

                          0.00    0.00   clock clk (rise edge)
                          0.00    0.00   clock source latency
                  0.00    0.00    0.00 ^ clk (in)
     1    0.13                           clk (net)
                  0.00    0.00    0.00 ^ clkbuf_0_clk/A (sky130_fd_sc_hd__clkbuf_16)
                  0.08    0.14    0.14 ^ clkbuf_0_clk/X (sky130_fd_sc_hd__clkbuf_16)
     4    0.06                           clknet_0_clk (net)
                  0.08    0.00    0.14 ^ clkbuf_2_1_0_clk/A (sky130_fd_sc_hd__clkbuf_8)
                  0.21    0.26    0.40 ^ clkbuf_2_1_0_clk/X (sky130_fd_sc_hd__clkbuf_8)
     7    0.12                           clknet_2_1_0_clk (net)
                  0.28    0.00    0.40 ^ u_imem.u_sram/clk1 (sky130_sram_1kbyte_1rw1r_32x256_8)
                          0.20    0.60   clock uncertainty
                          0.00    0.60   clock reconvergence pessimism
                         -0.06    0.55   library hold time
                                  0.55   data required time
-----------------------------------------------------------------------------
                                  0.55   data required time
                                 -1.18   data arrival time
-----------------------------------------------------------------------------
                                  0.63   slack (MET)


Startpoint: u_pc_reg._143_ (rising edge-triggered flip-flop clocked by clk)
Endpoint: u_imem.u_sram (falling edge-triggered flip-flop clocked by clk)
Path Group: clk
Path Type: min

Fanout     Cap    Slew   Delay    Time   Description
-----------------------------------------------------------------------------
                          0.00    0.00   clock clk (rise edge)
                          0.00    0.00   clock source latency
                  0.00    0.00    0.00 ^ clk (in)
     1    0.13                           clk (net)
                  0.00    0.00    0.00 ^ clkbuf_0_clk/A (sky130_fd_sc_hd__clkbuf_16)
                  0.08    0.14    0.14 ^ clkbuf_0_clk/X (sky130_fd_sc_hd__clkbuf_16)
     4    0.06                           clknet_0_clk (net)
                  0.08    0.00    0.14 ^ clkbuf_2_0_0_clk/A (sky130_fd_sc_hd__clkbuf_8)
                  0.19    0.25    0.39 ^ clkbuf_2_0_0_clk/X (sky130_fd_sc_hd__clkbuf_8)
     9    0.11                           clknet_2_0_0_clk (net)
                  0.19    0.00    0.39 ^ u_pc_reg._143_/CLK (sky130_fd_sc_hd__dfxtp_4)
                  0.10    0.45    0.85 v u_pc_reg._143_/Q (sky130_fd_sc_hd__dfxtp_4)
    14    0.06                           u_imem.addr[9] (net)
                  0.10    0.00    0.85 v wire119/A (sky130_fd_sc_hd__clkbuf_2)
                  0.05    0.15    0.99 v wire119/X (sky130_fd_sc_hd__clkbuf_2)
     2    0.01                           net119 (net)
                  0.05    0.00    0.99 v wire118/A (sky130_fd_sc_hd__buf_1)
                  0.04    0.10    1.10 v wire118/X (sky130_fd_sc_hd__buf_1)
     2    0.01                           net118 (net)
                  0.04    0.00    1.10 v wire117/A (sky130_fd_sc_hd__buf_1)
                  0.05    0.11    1.21 v wire117/X (sky130_fd_sc_hd__buf_1)
     1    0.01                           net117 (net)
                  0.07    0.00    1.21 v u_imem.u_sram/addr1[7] (sky130_sram_1kbyte_1rw1r_32x256_8)
                                  1.21   data arrival time

                          0.00    0.00   clock clk (rise edge)
                          0.00    0.00   clock source latency
                  0.00    0.00    0.00 ^ clk (in)
     1    0.13                           clk (net)
                  0.00    0.00    0.00 ^ clkbuf_0_clk/A (sky130_fd_sc_hd__clkbuf_16)
                  0.08    0.14    0.14 ^ clkbuf_0_clk/X (sky130_fd_sc_hd__clkbuf_16)
     4    0.06                           clknet_0_clk (net)
                  0.08    0.00    0.14 ^ clkbuf_2_1_0_clk/A (sky130_fd_sc_hd__clkbuf_8)
                  0.21    0.26    0.40 ^ clkbuf_2_1_0_clk/X (sky130_fd_sc_hd__clkbuf_8)
     7    0.12                           clknet_2_1_0_clk (net)
                  0.28    0.00    0.40 ^ u_imem.u_sram/clk1 (sky130_sram_1kbyte_1rw1r_32x256_8)
                          0.20    0.60   clock uncertainty
                          0.00    0.60   clock reconvergence pessimism
                         -0.06    0.55   library hold time
                                  0.55   data required time
-----------------------------------------------------------------------------
                                  0.55   data required time
                                 -1.21   data arrival time
-----------------------------------------------------------------------------
                                  0.66   slack (MET)


Startpoint: u_pc_reg._142_ (rising edge-triggered flip-flop clocked by clk)
Endpoint: u_imem.u_sram (falling edge-triggered flip-flop clocked by clk)
Path Group: clk
Path Type: min

Fanout     Cap    Slew   Delay    Time   Description
-----------------------------------------------------------------------------
                          0.00    0.00   clock clk (rise edge)
                          0.00    0.00   clock source latency
                  0.00    0.00    0.00 ^ clk (in)
     1    0.13                           clk (net)
                  0.00    0.00    0.00 ^ clkbuf_0_clk/A (sky130_fd_sc_hd__clkbuf_16)
                  0.08    0.14    0.14 ^ clkbuf_0_clk/X (sky130_fd_sc_hd__clkbuf_16)
     4    0.06                           clknet_0_clk (net)
                  0.08    0.00    0.14 ^ clkbuf_2_0_0_clk/A (sky130_fd_sc_hd__clkbuf_8)
                  0.19    0.25    0.39 ^ clkbuf_2_0_0_clk/X (sky130_fd_sc_hd__clkbuf_8)
     9    0.11                           clknet_2_0_0_clk (net)
                  0.19    0.00    0.39 ^ u_pc_reg._142_/CLK (sky130_fd_sc_hd__dfxtp_1)
                  0.03    0.34    0.73 v u_pc_reg._142_/Q (sky130_fd_sc_hd__dfxtp_1)
     1    0.00                           u_imem.addr[8] (net)
                  0.03    0.00    0.73 v wire122/A (sky130_fd_sc_hd__buf_4)
                  0.08    0.18    0.91 v wire122/X (sky130_fd_sc_hd__buf_4)
    11    0.06                           net122 (net)
                  0.08    0.00    0.92 v wire121/A (sky130_fd_sc_hd__clkbuf_2)
                  0.05    0.14    1.05 v wire121/X (sky130_fd_sc_hd__clkbuf_2)
     2    0.01                           net121 (net)
                  0.05    0.00    1.06 v wire120/A (sky130_fd_sc_hd__dlymetal6s2s_1)
                  0.06    0.16    1.21 v wire120/X (sky130_fd_sc_hd__dlymetal6s2s_1)
     1    0.01                           net120 (net)
                  0.08    0.00    1.21 v u_imem.u_sram/addr1[6] (sky130_sram_1kbyte_1rw1r_32x256_8)
                                  1.21   data arrival time

                          0.00    0.00   clock clk (rise edge)
                          0.00    0.00   clock source latency
                  0.00    0.00    0.00 ^ clk (in)
     1    0.13                           clk (net)
                  0.00    0.00    0.00 ^ clkbuf_0_clk/A (sky130_fd_sc_hd__clkbuf_16)
                  0.08    0.14    0.14 ^ clkbuf_0_clk/X (sky130_fd_sc_hd__clkbuf_16)
     4    0.06                           clknet_0_clk (net)
                  0.08    0.00    0.14 ^ clkbuf_2_1_0_clk/A (sky130_fd_sc_hd__clkbuf_8)
                  0.21    0.26    0.40 ^ clkbuf_2_1_0_clk/X (sky130_fd_sc_hd__clkbuf_8)
     7    0.12                           clknet_2_1_0_clk (net)
                  0.28    0.00    0.40 ^ u_imem.u_sram/clk1 (sky130_sram_1kbyte_1rw1r_32x256_8)
                          0.20    0.60   clock uncertainty
                          0.00    0.60   clock reconvergence pessimism
                         -0.06    0.55   library hold time
                                  0.55   data required time
-----------------------------------------------------------------------------
                                  0.55   data required time
                                 -1.21   data arrival time
-----------------------------------------------------------------------------
                                  0.67   slack (MET)


Startpoint: u_pc_reg._139_ (rising edge-triggered flip-flop clocked by clk)
Endpoint: u_imem.u_sram (falling edge-triggered flip-flop clocked by clk)
Path Group: clk
Path Type: min

Fanout     Cap    Slew   Delay    Time   Description
-----------------------------------------------------------------------------
                          0.00    0.00   clock clk (rise edge)
                          0.00    0.00   clock source latency
                  0.00    0.00    0.00 ^ clk (in)
     1    0.13                           clk (net)
                  0.00    0.00    0.00 ^ clkbuf_0_clk/A (sky130_fd_sc_hd__clkbuf_16)
                  0.08    0.14    0.14 ^ clkbuf_0_clk/X (sky130_fd_sc_hd__clkbuf_16)
     4    0.06                           clknet_0_clk (net)
                  0.08    0.00    0.14 ^ clkbuf_2_1_0_clk/A (sky130_fd_sc_hd__clkbuf_8)
                  0.21    0.26    0.40 ^ clkbuf_2_1_0_clk/X (sky130_fd_sc_hd__clkbuf_8)
     7    0.12                           clknet_2_1_0_clk (net)
                  0.21    0.00    0.40 ^ u_pc_reg._139_/CLK (sky130_fd_sc_hd__dfxtp_1)
                  0.04    0.35    0.76 v u_pc_reg._139_/Q (sky130_fd_sc_hd__dfxtp_1)
     1    0.01                           u_imem.addr[5] (net)
                  0.04    0.00    0.76 v wire131/A (sky130_fd_sc_hd__clkbuf_8)
                  0.09    0.18    0.93 v wire131/X (sky130_fd_sc_hd__clkbuf_8)
    13    0.07                           net131 (net)
                  0.09    0.00    0.94 v wire130/A (sky130_fd_sc_hd__clkbuf_2)
                  0.07    0.16    1.09 v wire130/X (sky130_fd_sc_hd__clkbuf_2)
     2    0.02                           net130 (net)
                  0.07    0.00    1.09 v wire129/A (sky130_fd_sc_hd__clkbuf_2)
                  0.04    0.12    1.22 v wire129/X (sky130_fd_sc_hd__clkbuf_2)
     1    0.01                           net129 (net)
                  0.05    0.00    1.22 v u_imem.u_sram/addr1[3] (sky130_sram_1kbyte_1rw1r_32x256_8)
                                  1.22   data arrival time

                          0.00    0.00   clock clk (rise edge)
                          0.00    0.00   clock source latency
                  0.00    0.00    0.00 ^ clk (in)
     1    0.13                           clk (net)
                  0.00    0.00    0.00 ^ clkbuf_0_clk/A (sky130_fd_sc_hd__clkbuf_16)
                  0.08    0.14    0.14 ^ clkbuf_0_clk/X (sky130_fd_sc_hd__clkbuf_16)
     4    0.06                           clknet_0_clk (net)
                  0.08    0.00    0.14 ^ clkbuf_2_1_0_clk/A (sky130_fd_sc_hd__clkbuf_8)
                  0.21    0.26    0.40 ^ clkbuf_2_1_0_clk/X (sky130_fd_sc_hd__clkbuf_8)
     7    0.12                           clknet_2_1_0_clk (net)
                  0.28    0.00    0.40 ^ u_imem.u_sram/clk1 (sky130_sram_1kbyte_1rw1r_32x256_8)
                          0.20    0.60   clock uncertainty
                          0.00    0.60   clock reconvergence pessimism
                         -0.06    0.55   library hold time
                                  0.55   data required time
-----------------------------------------------------------------------------
                                  0.55   data required time
                                 -1.22   data arrival time
-----------------------------------------------------------------------------
                                  0.67   slack (MET)


Startpoint: u_pc_reg._141_ (rising edge-triggered flip-flop clocked by clk)
Endpoint: u_imem.u_sram (falling edge-triggered flip-flop clocked by clk)
Path Group: clk
Path Type: min

Fanout     Cap    Slew   Delay    Time   Description
-----------------------------------------------------------------------------
                          0.00    0.00   clock clk (rise edge)
                          0.00    0.00   clock source latency
                  0.00    0.00    0.00 ^ clk (in)
     1    0.13                           clk (net)
                  0.00    0.00    0.00 ^ clkbuf_0_clk/A (sky130_fd_sc_hd__clkbuf_16)
                  0.08    0.14    0.14 ^ clkbuf_0_clk/X (sky130_fd_sc_hd__clkbuf_16)
     4    0.06                           clknet_0_clk (net)
                  0.08    0.00    0.14 ^ clkbuf_2_1_0_clk/A (sky130_fd_sc_hd__clkbuf_8)
                  0.21    0.26    0.40 ^ clkbuf_2_1_0_clk/X (sky130_fd_sc_hd__clkbuf_8)
     7    0.12                           clknet_2_1_0_clk (net)
                  0.21    0.00    0.40 ^ u_pc_reg._141_/CLK (sky130_fd_sc_hd__dfxtp_4)
                  0.10    0.46    0.86 v u_pc_reg._141_/Q (sky130_fd_sc_hd__dfxtp_4)
    12    0.07                           u_imem.addr[7] (net)
                  0.10    0.00    0.86 v wire125/A (sky130_fd_sc_hd__dlymetal6s2s_1)
                  0.06    0.19    1.05 v wire125/X (sky130_fd_sc_hd__dlymetal6s2s_1)
     2    0.01                           net125 (net)
                  0.06    0.00    1.05 v wire124/A (sky130_fd_sc_hd__buf_1)
                  0.06    0.12    1.17 v wire124/X (sky130_fd_sc_hd__buf_1)
     2    0.01                           net124 (net)
                  0.06    0.00    1.17 v wire123/A (sky130_fd_sc_hd__buf_1)
                  0.05    0.12    1.29 v wire123/X (sky130_fd_sc_hd__buf_1)
     1    0.01                           net123 (net)
                  0.07    0.00    1.29 v u_imem.u_sram/addr1[5] (sky130_sram_1kbyte_1rw1r_32x256_8)
                                  1.29   data arrival time

                          0.00    0.00   clock clk (rise edge)
                          0.00    0.00   clock source latency
                  0.00    0.00    0.00 ^ clk (in)
     1    0.13                           clk (net)
                  0.00    0.00    0.00 ^ clkbuf_0_clk/A (sky130_fd_sc_hd__clkbuf_16)
                  0.08    0.14    0.14 ^ clkbuf_0_clk/X (sky130_fd_sc_hd__clkbuf_16)
     4    0.06                           clknet_0_clk (net)
                  0.08    0.00    0.14 ^ clkbuf_2_1_0_clk/A (sky130_fd_sc_hd__clkbuf_8)
                  0.21    0.26    0.40 ^ clkbuf_2_1_0_clk/X (sky130_fd_sc_hd__clkbuf_8)
     7    0.12                           clknet_2_1_0_clk (net)
                  0.28    0.00    0.40 ^ u_imem.u_sram/clk1 (sky130_sram_1kbyte_1rw1r_32x256_8)
                          0.20    0.60   clock uncertainty
                          0.00    0.60   clock reconvergence pessimism
                         -0.06    0.55   library hold time
                                  0.55   data required time
-----------------------------------------------------------------------------
                                  0.55   data required time
                                 -1.29   data arrival time
-----------------------------------------------------------------------------
                                  0.74   slack (MET)


Startpoint: u_pc_reg._137_ (rising edge-triggered flip-flop clocked by clk)
Endpoint: u_imem.u_sram (falling edge-triggered flip-flop clocked by clk)
Path Group: clk
Path Type: min

Fanout     Cap    Slew   Delay    Time   Description
-----------------------------------------------------------------------------
                          0.00    0.00   clock clk (rise edge)
                          0.00    0.00   clock source latency
                  0.00    0.00    0.00 ^ clk (in)
     1    0.13                           clk (net)
                  0.00    0.00    0.00 ^ clkbuf_0_clk/A (sky130_fd_sc_hd__clkbuf_16)
                  0.08    0.14    0.14 ^ clkbuf_0_clk/X (sky130_fd_sc_hd__clkbuf_16)
     4    0.06                           clknet_0_clk (net)
                  0.08    0.00    0.14 ^ clkbuf_2_0_0_clk/A (sky130_fd_sc_hd__clkbuf_8)
                  0.19    0.25    0.39 ^ clkbuf_2_0_0_clk/X (sky130_fd_sc_hd__clkbuf_8)
     9    0.11                           clknet_2_0_0_clk (net)
                  0.19    0.00    0.39 ^ u_pc_reg._137_/CLK (sky130_fd_sc_hd__dfxtp_4)
                  0.07    0.43    0.82 v u_pc_reg._137_/Q (sky130_fd_sc_hd__dfxtp_4)
    10    0.04                           u_imem.addr[3] (net)
                  0.07    0.00    0.82 v wire136/A (sky130_fd_sc_hd__clkbuf_2)
                  0.09    0.16    0.99 v wire136/X (sky130_fd_sc_hd__clkbuf_2)
     3    0.02                           net136 (net)
                  0.09    0.00    0.99 v wire135/A (sky130_fd_sc_hd__clkbuf_2)
                  0.06    0.15    1.14 v wire135/X (sky130_fd_sc_hd__clkbuf_2)
     2    0.01                           net135 (net)
                  0.06    0.00    1.14 v wire134/A (sky130_fd_sc_hd__dlymetal6s2s_1)
                  0.06    0.16    1.30 v wire134/X (sky130_fd_sc_hd__dlymetal6s2s_1)
     1    0.01                           net134 (net)
                  0.08    0.00    1.30 v u_imem.u_sram/addr1[1] (sky130_sram_1kbyte_1rw1r_32x256_8)
                                  1.30   data arrival time

                          0.00    0.00   clock clk (rise edge)
                          0.00    0.00   clock source latency
                  0.00    0.00    0.00 ^ clk (in)
     1    0.13                           clk (net)
                  0.00    0.00    0.00 ^ clkbuf_0_clk/A (sky130_fd_sc_hd__clkbuf_16)
                  0.08    0.14    0.14 ^ clkbuf_0_clk/X (sky130_fd_sc_hd__clkbuf_16)
     4    0.06                           clknet_0_clk (net)
                  0.08    0.00    0.14 ^ clkbuf_2_1_0_clk/A (sky130_fd_sc_hd__clkbuf_8)
                  0.21    0.26    0.40 ^ clkbuf_2_1_0_clk/X (sky130_fd_sc_hd__clkbuf_8)
     7    0.12                           clknet_2_1_0_clk (net)
                  0.28    0.00    0.40 ^ u_imem.u_sram/clk1 (sky130_sram_1kbyte_1rw1r_32x256_8)
                          0.20    0.60   clock uncertainty
                          0.00    0.60   clock reconvergence pessimism
                         -0.06    0.55   library hold time
                                  0.55   data required time
-----------------------------------------------------------------------------
                                  0.55   data required time
                                 -1.30   data arrival time
-----------------------------------------------------------------------------
                                  0.75   slack (MET)


Startpoint: u_pc_reg._136_ (rising edge-triggered flip-flop clocked by clk)
Endpoint: u_imem.u_sram (falling edge-triggered flip-flop clocked by clk)
Path Group: clk
Path Type: min

Fanout     Cap    Slew   Delay    Time   Description
-----------------------------------------------------------------------------
                          0.00    0.00   clock clk (rise edge)
                          0.00    0.00   clock source latency
                  0.00    0.00    0.00 ^ clk (in)
     1    0.13                           clk (net)
                  0.00    0.00    0.00 ^ clkbuf_0_clk/A (sky130_fd_sc_hd__clkbuf_16)
                  0.08    0.14    0.14 ^ clkbuf_0_clk/X (sky130_fd_sc_hd__clkbuf_16)
     4    0.06                           clknet_0_clk (net)
                  0.08    0.00    0.14 ^ clkbuf_2_1_0_clk/A (sky130_fd_sc_hd__clkbuf_8)
                  0.21    0.26    0.40 ^ clkbuf_2_1_0_clk/X (sky130_fd_sc_hd__clkbuf_8)
     7    0.12                           clknet_2_1_0_clk (net)
                  0.21    0.00    0.40 ^ u_pc_reg._136_/CLK (sky130_fd_sc_hd__dfxtp_1)
                  0.03    0.35    0.75 v u_pc_reg._136_/Q (sky130_fd_sc_hd__dfxtp_1)
     1    0.00                           u_imem.addr[2] (net)
                  0.03    0.00    0.75 v wire139/A (sky130_fd_sc_hd__clkbuf_8)
                  0.09    0.18    0.93 v wire139/X (sky130_fd_sc_hd__clkbuf_8)
    15    0.07                           net139 (net)
                  0.09    0.00    0.93 v wire138/A (sky130_fd_sc_hd__clkbuf_4)
                  0.10    0.22    1.15 v wire138/X (sky130_fd_sc_hd__clkbuf_4)
     2    0.04                           net138 (net)
                  0.10    0.01    1.15 v wire137/A (sky130_fd_sc_hd__clkbuf_4)
                  0.03    0.16    1.32 v wire137/X (sky130_fd_sc_hd__clkbuf_4)
     1    0.01                           net137 (net)
                  0.05    0.00    1.32 v u_imem.u_sram/addr1[0] (sky130_sram_1kbyte_1rw1r_32x256_8)
                                  1.32   data arrival time

                          0.00    0.00   clock clk (rise edge)
                          0.00    0.00   clock source latency
                  0.00    0.00    0.00 ^ clk (in)
     1    0.13                           clk (net)
                  0.00    0.00    0.00 ^ clkbuf_0_clk/A (sky130_fd_sc_hd__clkbuf_16)
                  0.08    0.14    0.14 ^ clkbuf_0_clk/X (sky130_fd_sc_hd__clkbuf_16)
     4    0.06                           clknet_0_clk (net)
                  0.08    0.00    0.14 ^ clkbuf_2_1_0_clk/A (sky130_fd_sc_hd__clkbuf_8)
                  0.21    0.26    0.40 ^ clkbuf_2_1_0_clk/X (sky130_fd_sc_hd__clkbuf_8)
     7    0.12                           clknet_2_1_0_clk (net)
                  0.28    0.00    0.40 ^ u_imem.u_sram/clk1 (sky130_sram_1kbyte_1rw1r_32x256_8)
                          0.20    0.60   clock uncertainty
                          0.00    0.60   clock reconvergence pessimism
                         -0.06    0.55   library hold time
                                  0.55   data required time
-----------------------------------------------------------------------------
                                  0.55   data required time
                                 -1.32   data arrival time
-----------------------------------------------------------------------------
                                  0.77   slack (MET)


Startpoint: u_pc_reg._135_ (rising edge-triggered flip-flop clocked by clk)
Endpoint: u_pc_reg._135_ (rising edge-triggered flip-flop clocked by clk)
Path Group: clk
Path Type: min

Fanout     Cap    Slew   Delay    Time   Description
-----------------------------------------------------------------------------
                          0.00    0.00   clock clk (rise edge)
                          0.00    0.00   clock source latency
                  0.00    0.00    0.00 ^ clk (in)
     1    0.13                           clk (net)
                  0.00    0.00    0.00 ^ clkbuf_0_clk/A (sky130_fd_sc_hd__clkbuf_16)
                  0.08    0.14    0.14 ^ clkbuf_0_clk/X (sky130_fd_sc_hd__clkbuf_16)
     4    0.06                           clknet_0_clk (net)
                  0.08    0.00    0.14 ^ clkbuf_2_0_0_clk/A (sky130_fd_sc_hd__clkbuf_8)
                  0.19    0.25    0.39 ^ clkbuf_2_0_0_clk/X (sky130_fd_sc_hd__clkbuf_8)
     9    0.11                           clknet_2_0_0_clk (net)
                  0.19    0.00    0.39 ^ u_pc_reg._135_/CLK (sky130_fd_sc_hd__dfxtp_4)
                  0.10    0.46    0.85 v u_pc_reg._135_/Q (sky130_fd_sc_hd__dfxtp_4)
    11    0.07                           u_imem.addr[1] (net)
                  0.10    0.00    0.85 v u_pc_next_logic._0877_/A1_N (sky130_fd_sc_hd__o2bb2a_1)
                  0.06    0.27    1.12 ^ u_pc_next_logic._0877_/X (sky130_fd_sc_hd__o2bb2a_1)
     1    0.00                           u_pc_next_logic._0131_ (net)
                  0.06    0.00    1.12 ^ u_pc_next_logic._0878_/B1 (sky130_fd_sc_hd__o22a_1)
                  0.06    0.14    1.26 ^ u_pc_next_logic._0878_/X (sky130_fd_sc_hd__o22a_1)
     1    0.00                           u_pc_next_logic._0132_ (net)
                  0.06    0.00    1.26 ^ u_pc_next_logic._0885_/A2 (sky130_fd_sc_hd__o21ai_1)
                  0.02    0.05    1.31 v u_pc_next_logic._0885_/Y (sky130_fd_sc_hd__o21ai_1)
     1    0.00                           u_pc_next_logic.pc_next[1] (net)
                  0.02    0.00    1.31 v u_pc_reg._070_/B (sky130_fd_sc_hd__and2_1)
                  0.03    0.14    1.45 v u_pc_reg._070_/X (sky130_fd_sc_hd__and2_1)
     1    0.00                           u_pc_reg._051_ (net)
                  0.03    0.00    1.45 v u_pc_reg._071_/A (sky130_fd_sc_hd__clkbuf_1)
                  0.02    0.08    1.52 v u_pc_reg._071_/X (sky130_fd_sc_hd__clkbuf_1)
     1    0.00                           u_pc_reg._001_ (net)
                  0.02    0.00    1.52 v u_pc_reg._135_/D (sky130_fd_sc_hd__dfxtp_4)
                                  1.52   data arrival time

                          0.00    0.00   clock clk (rise edge)
                          0.00    0.00   clock source latency
                  0.00    0.00    0.00 ^ clk (in)
     1    0.13                           clk (net)
                  0.00    0.00    0.00 ^ clkbuf_0_clk/A (sky130_fd_sc_hd__clkbuf_16)
                  0.08    0.14    0.14 ^ clkbuf_0_clk/X (sky130_fd_sc_hd__clkbuf_16)
     4    0.06                           clknet_0_clk (net)
                  0.08    0.00    0.14 ^ clkbuf_2_0_0_clk/A (sky130_fd_sc_hd__clkbuf_8)
                  0.19    0.25    0.39 ^ clkbuf_2_0_0_clk/X (sky130_fd_sc_hd__clkbuf_8)
     9    0.11                           clknet_2_0_0_clk (net)
                  0.19    0.00    0.39 ^ u_pc_reg._135_/CLK (sky130_fd_sc_hd__dfxtp_4)
                          0.20    0.59   clock uncertainty
                          0.00    0.59   clock reconvergence pessimism
                          0.00    0.59   library hold time
                                  0.59   data required time
-----------------------------------------------------------------------------
                                  0.59   data required time
                                 -1.52   data arrival time
-----------------------------------------------------------------------------
                                  0.93   slack (MET)


Startpoint: u_pc_reg._162_ (rising edge-triggered flip-flop clocked by clk)
Endpoint: u_regfile.u_sram_rs1 (falling edge-triggered flip-flop clocked by clk)
Path Group: clk
Path Type: min

Fanout     Cap    Slew   Delay    Time   Description
-----------------------------------------------------------------------------
                          0.00    0.00   clock clk (rise edge)
                          0.00    0.00   clock source latency
                  0.00    0.00    0.00 ^ clk (in)
     1    0.13                           clk (net)
                  0.00    0.00    0.00 ^ clkbuf_0_clk/A (sky130_fd_sc_hd__clkbuf_16)
                  0.08    0.14    0.14 ^ clkbuf_0_clk/X (sky130_fd_sc_hd__clkbuf_16)
     4    0.06                           clknet_0_clk (net)
                  0.08    0.00    0.14 ^ clkbuf_2_2_0_clk/A (sky130_fd_sc_hd__clkbuf_8)
                  0.14    0.21    0.36 ^ clkbuf_2_2_0_clk/X (sky130_fd_sc_hd__clkbuf_8)
    14    0.08                           clknet_2_2_0_clk (net)
                  0.14    0.00    0.36 ^ u_pc_reg._162_/CLK (sky130_fd_sc_hd__dfxtp_4)
                  0.15    0.48    0.84 v u_pc_reg._162_/Q (sky130_fd_sc_hd__dfxtp_4)
    11    0.11                           u_imem.addr[28] (net)
                  0.15    0.01    0.84 v u_pc_next_logic._0841_/A (sky130_fd_sc_hd__xnor2_2)
                  0.08    0.26    1.10 ^ u_pc_next_logic._0841_/Y (sky130_fd_sc_hd__xnor2_2)
     2    0.01                           u_pc_next_logic.pc_plus4[28] (net)
                  0.08    0.00    1.10 ^ u_wb_mux._190_/A1 (sky130_fd_sc_hd__a22o_1)
                  0.07    0.15    1.25 ^ u_wb_mux._190_/X (sky130_fd_sc_hd__a22o_1)
     1    0.01                           u_wb_mux._077_ (net)
                  0.07    0.00    1.25 ^ u_wb_mux._192_/B1 (sky130_fd_sc_hd__a211o_4)
                  0.19    0.21    1.46 ^ u_wb_mux._192_/X (sky130_fd_sc_hd__a211o_4)
     3    0.07                           u_regfile.wd[28] (net)
                  0.25    0.01    1.47 ^ u_regfile.u_sram_rs1/din0[28] (sky130_sram_1kbyte_1rw1r_32x256_8)
                                  1.47   data arrival time

                          0.00    0.00   clock clk (rise edge)
                          0.00    0.00   clock source latency
                  0.00    0.00    0.00 ^ clk (in)
     1    0.13                           clk (net)
                  0.00    0.00    0.00 ^ clkbuf_0_clk/A (sky130_fd_sc_hd__clkbuf_16)
                  0.08    0.14    0.14 ^ clkbuf_0_clk/X (sky130_fd_sc_hd__clkbuf_16)
     4    0.06                           clknet_0_clk (net)
                  0.08    0.00    0.14 ^ clkbuf_2_0_0_clk/A (sky130_fd_sc_hd__clkbuf_8)
                  0.19    0.25    0.39 ^ clkbuf_2_0_0_clk/X (sky130_fd_sc_hd__clkbuf_8)
     9    0.11                           clknet_2_0_0_clk (net)
                  0.26    0.00    0.39 ^ u_regfile.u_sram_rs1/clk0 (sky130_sram_1kbyte_1rw1r_32x256_8)
                          0.20    0.59   clock uncertainty
                          0.00    0.59   clock reconvergence pessimism
                         -0.06    0.54   library hold time
                                  0.54   data required time
-----------------------------------------------------------------------------
                                  0.54   data required time
                                 -1.47   data arrival time
-----------------------------------------------------------------------------
                                  0.93   slack (MET)


Startpoint: u_pc_reg._136_ (rising edge-triggered flip-flop clocked by clk)
Endpoint: u_regfile.u_sram_rs1 (falling edge-triggered flip-flop clocked by clk)
Path Group: clk
Path Type: min

Fanout     Cap    Slew   Delay    Time   Description
-----------------------------------------------------------------------------
                          0.00    0.00   clock clk (rise edge)
                          0.00    0.00   clock source latency
                  0.00    0.00    0.00 ^ clk (in)
     1    0.13                           clk (net)
                  0.00    0.00    0.00 ^ clkbuf_0_clk/A (sky130_fd_sc_hd__clkbuf_16)
                  0.08    0.14    0.14 ^ clkbuf_0_clk/X (sky130_fd_sc_hd__clkbuf_16)
     4    0.06                           clknet_0_clk (net)
                  0.08    0.00    0.14 ^ clkbuf_2_1_0_clk/A (sky130_fd_sc_hd__clkbuf_8)
                  0.21    0.26    0.40 ^ clkbuf_2_1_0_clk/X (sky130_fd_sc_hd__clkbuf_8)
     7    0.12                           clknet_2_1_0_clk (net)
                  0.21    0.00    0.40 ^ u_pc_reg._136_/CLK (sky130_fd_sc_hd__dfxtp_1)
                  0.03    0.35    0.75 v u_pc_reg._136_/Q (sky130_fd_sc_hd__dfxtp_1)
     1    0.00                           u_imem.addr[2] (net)
                  0.03    0.00    0.75 v wire139/A (sky130_fd_sc_hd__clkbuf_8)
                  0.09    0.18    0.93 v wire139/X (sky130_fd_sc_hd__clkbuf_8)
    15    0.07                           net139 (net)
                  0.09    0.01    0.94 v u_pc_next_logic._0771_/A (sky130_fd_sc_hd__inv_2)
                  0.03    0.06    1.00 ^ u_pc_next_logic._0771_/Y (sky130_fd_sc_hd__inv_2)
     1    0.00                           u_pc_next_logic.pc_plus4[2] (net)
                  0.03    0.00    1.00 ^ u_wb_mux._102_/A1 (sky130_fd_sc_hd__a22o_1)
                  0.07    0.14    1.14 ^ u_wb_mux._102_/X (sky130_fd_sc_hd__a22o_1)
     1    0.01                           u_wb_mux._015_ (net)
                  0.07    0.00    1.14 ^ u_wb_mux._104_/B1 (sky130_fd_sc_hd__a211o_4)
                  0.34    0.29    1.43 ^ u_wb_mux._104_/X (sky130_fd_sc_hd__a211o_4)
     3    0.12                           u_regfile.wd[2] (net)
                  0.46    0.04    1.47 ^ u_regfile.u_sram_rs1/din0[2] (sky130_sram_1kbyte_1rw1r_32x256_8)
                                  1.47   data arrival time

                          0.00    0.00   clock clk (rise edge)
                          0.00    0.00   clock source latency
                  0.00    0.00    0.00 ^ clk (in)
     1    0.13                           clk (net)
                  0.00    0.00    0.00 ^ clkbuf_0_clk/A (sky130_fd_sc_hd__clkbuf_16)
                  0.08    0.14    0.14 ^ clkbuf_0_clk/X (sky130_fd_sc_hd__clkbuf_16)
     4    0.06                           clknet_0_clk (net)
                  0.08    0.00    0.14 ^ clkbuf_2_0_0_clk/A (sky130_fd_sc_hd__clkbuf_8)
                  0.19    0.25    0.39 ^ clkbuf_2_0_0_clk/X (sky130_fd_sc_hd__clkbuf_8)
     9    0.11                           clknet_2_0_0_clk (net)
                  0.26    0.00    0.39 ^ u_regfile.u_sram_rs1/clk0 (sky130_sram_1kbyte_1rw1r_32x256_8)
                          0.20    0.59   clock uncertainty
                          0.00    0.59   clock reconvergence pessimism
                         -0.06    0.54   library hold time
                                  0.54   data required time
-----------------------------------------------------------------------------
                                  0.54   data required time
                                 -1.47   data arrival time
-----------------------------------------------------------------------------
                                  0.94   slack (MET)


Startpoint: u_pc_reg._161_ (rising edge-triggered flip-flop clocked by clk)
Endpoint: u_regfile.u_sram_rs1 (falling edge-triggered flip-flop clocked by clk)
Path Group: clk
Path Type: min

Fanout     Cap    Slew   Delay    Time   Description
-----------------------------------------------------------------------------
                          0.00    0.00   clock clk (rise edge)
                          0.00    0.00   clock source latency
                  0.00    0.00    0.00 ^ clk (in)
     1    0.13                           clk (net)
                  0.00    0.00    0.00 ^ clkbuf_0_clk/A (sky130_fd_sc_hd__clkbuf_16)
                  0.08    0.14    0.14 ^ clkbuf_0_clk/X (sky130_fd_sc_hd__clkbuf_16)
     4    0.06                           clknet_0_clk (net)
                  0.08    0.00    0.14 ^ clkbuf_2_2_0_clk/A (sky130_fd_sc_hd__clkbuf_8)
                  0.14    0.21    0.36 ^ clkbuf_2_2_0_clk/X (sky130_fd_sc_hd__clkbuf_8)
    14    0.08                           clknet_2_2_0_clk (net)
                  0.14    0.00    0.36 ^ u_pc_reg._161_/CLK (sky130_fd_sc_hd__dfxtp_4)
                  0.14    0.47    0.83 v u_pc_reg._161_/Q (sky130_fd_sc_hd__dfxtp_4)
    13    0.10                           u_imem.addr[27] (net)
                  0.14    0.01    0.83 v u_pc_next_logic._0839_/A (sky130_fd_sc_hd__xor2_2)
                  0.16    0.24    1.07 ^ u_pc_next_logic._0839_/X (sky130_fd_sc_hd__xor2_2)
     2    0.01                           u_pc_next_logic.pc_plus4[27] (net)
                  0.16    0.00    1.08 ^ u_wb_mux._187_/A1 (sky130_fd_sc_hd__a22o_1)
                  0.07    0.18    1.26 ^ u_wb_mux._187_/X (sky130_fd_sc_hd__a22o_1)
     1    0.01                           u_wb_mux._075_ (net)
                  0.07    0.00    1.26 ^ u_wb_mux._189_/B1 (sky130_fd_sc_hd__a211o_4)
                  0.19    0.21    1.47 ^ u_wb_mux._189_/X (sky130_fd_sc_hd__a211o_4)
     3    0.07                           u_regfile.wd[27] (net)
                  0.25    0.01    1.48 ^ u_regfile.u_sram_rs1/din0[27] (sky130_sram_1kbyte_1rw1r_32x256_8)
                                  1.48   data arrival time

                          0.00    0.00   clock clk (rise edge)
                          0.00    0.00   clock source latency
                  0.00    0.00    0.00 ^ clk (in)
     1    0.13                           clk (net)
                  0.00    0.00    0.00 ^ clkbuf_0_clk/A (sky130_fd_sc_hd__clkbuf_16)
                  0.08    0.14    0.14 ^ clkbuf_0_clk/X (sky130_fd_sc_hd__clkbuf_16)
     4    0.06                           clknet_0_clk (net)
                  0.08    0.00    0.14 ^ clkbuf_2_0_0_clk/A (sky130_fd_sc_hd__clkbuf_8)
                  0.19    0.25    0.39 ^ clkbuf_2_0_0_clk/X (sky130_fd_sc_hd__clkbuf_8)
     9    0.11                           clknet_2_0_0_clk (net)
                  0.26    0.00    0.39 ^ u_regfile.u_sram_rs1/clk0 (sky130_sram_1kbyte_1rw1r_32x256_8)
                          0.20    0.59   clock uncertainty
                          0.00    0.59   clock reconvergence pessimism
                         -0.06    0.54   library hold time
                                  0.54   data required time
-----------------------------------------------------------------------------
                                  0.54   data required time
                                 -1.48   data arrival time
-----------------------------------------------------------------------------
                                  0.94   slack (MET)


Startpoint: u_pc_reg._136_ (rising edge-triggered flip-flop clocked by clk)
Endpoint: u_regfile.u_sram_rs2 (falling edge-triggered flip-flop clocked by clk)
Path Group: clk
Path Type: min

Fanout     Cap    Slew   Delay    Time   Description
-----------------------------------------------------------------------------
                          0.00    0.00   clock clk (rise edge)
                          0.00    0.00   clock source latency
                  0.00    0.00    0.00 ^ clk (in)
     1    0.13                           clk (net)
                  0.00    0.00    0.00 ^ clkbuf_0_clk/A (sky130_fd_sc_hd__clkbuf_16)
                  0.08    0.14    0.14 ^ clkbuf_0_clk/X (sky130_fd_sc_hd__clkbuf_16)
     4    0.06                           clknet_0_clk (net)
                  0.08    0.00    0.14 ^ clkbuf_2_1_0_clk/A (sky130_fd_sc_hd__clkbuf_8)
                  0.21    0.26    0.40 ^ clkbuf_2_1_0_clk/X (sky130_fd_sc_hd__clkbuf_8)
     7    0.12                           clknet_2_1_0_clk (net)
                  0.21    0.00    0.40 ^ u_pc_reg._136_/CLK (sky130_fd_sc_hd__dfxtp_1)
                  0.03    0.35    0.75 v u_pc_reg._136_/Q (sky130_fd_sc_hd__dfxtp_1)
     1    0.00                           u_imem.addr[2] (net)
                  0.03    0.00    0.75 v wire139/A (sky130_fd_sc_hd__clkbuf_8)
                  0.09    0.18    0.93 v wire139/X (sky130_fd_sc_hd__clkbuf_8)
    15    0.07                           net139 (net)
                  0.09    0.01    0.94 v u_pc_next_logic._0771_/A (sky130_fd_sc_hd__inv_2)
                  0.03    0.06    1.00 ^ u_pc_next_logic._0771_/Y (sky130_fd_sc_hd__inv_2)
     1    0.00                           u_pc_next_logic.pc_plus4[2] (net)
                  0.03    0.00    1.00 ^ u_wb_mux._102_/A1 (sky130_fd_sc_hd__a22o_1)
                  0.07    0.14    1.14 ^ u_wb_mux._102_/X (sky130_fd_sc_hd__a22o_1)
     1    0.01                           u_wb_mux._015_ (net)
                  0.07    0.00    1.14 ^ u_wb_mux._104_/B1 (sky130_fd_sc_hd__a211o_4)
                  0.34    0.29    1.43 ^ u_wb_mux._104_/X (sky130_fd_sc_hd__a211o_4)
     3    0.12                           u_regfile.wd[2] (net)
                  0.46    0.04    1.47 ^ u_regfile.u_sram_rs2/din0[2] (sky130_sram_1kbyte_1rw1r_32x256_8)
                                  1.47   data arrival time

                          0.00    0.00   clock clk (rise edge)
                          0.00    0.00   clock source latency
                  0.00    0.00    0.00 ^ clk (in)
     1    0.13                           clk (net)
                  0.00    0.00    0.00 ^ clkbuf_0_clk/A (sky130_fd_sc_hd__clkbuf_16)
                  0.08    0.14    0.14 ^ clkbuf_0_clk/X (sky130_fd_sc_hd__clkbuf_16)
     4    0.06                           clknet_0_clk (net)
                  0.08    0.00    0.14 ^ clkbuf_2_2_0_clk/A (sky130_fd_sc_hd__clkbuf_8)
                  0.14    0.21    0.36 ^ clkbuf_2_2_0_clk/X (sky130_fd_sc_hd__clkbuf_8)
    14    0.08                           clknet_2_2_0_clk (net)
                  0.19    0.00    0.36 ^ u_regfile.u_sram_rs2/clk0 (sky130_sram_1kbyte_1rw1r_32x256_8)
                          0.20    0.56   clock uncertainty
                          0.00    0.56   clock reconvergence pessimism
                         -0.06    0.50   library hold time
                                  0.50   data required time
-----------------------------------------------------------------------------
                                  0.50   data required time
                                 -1.47   data arrival time
-----------------------------------------------------------------------------
                                  0.96   slack (MET)


Startpoint: u_pc_reg._162_ (rising edge-triggered flip-flop clocked by clk)
Endpoint: u_regfile.u_sram_rs2 (falling edge-triggered flip-flop clocked by clk)
Path Group: clk
Path Type: min

Fanout     Cap    Slew   Delay    Time   Description
-----------------------------------------------------------------------------
                          0.00    0.00   clock clk (rise edge)
                          0.00    0.00   clock source latency
                  0.00    0.00    0.00 ^ clk (in)
     1    0.13                           clk (net)
                  0.00    0.00    0.00 ^ clkbuf_0_clk/A (sky130_fd_sc_hd__clkbuf_16)
                  0.08    0.14    0.14 ^ clkbuf_0_clk/X (sky130_fd_sc_hd__clkbuf_16)
     4    0.06                           clknet_0_clk (net)
                  0.08    0.00    0.14 ^ clkbuf_2_2_0_clk/A (sky130_fd_sc_hd__clkbuf_8)
                  0.14    0.21    0.36 ^ clkbuf_2_2_0_clk/X (sky130_fd_sc_hd__clkbuf_8)
    14    0.08                           clknet_2_2_0_clk (net)
                  0.14    0.00    0.36 ^ u_pc_reg._162_/CLK (sky130_fd_sc_hd__dfxtp_4)
                  0.15    0.48    0.84 v u_pc_reg._162_/Q (sky130_fd_sc_hd__dfxtp_4)
    11    0.11                           u_imem.addr[28] (net)
                  0.15    0.01    0.84 v u_pc_next_logic._0841_/A (sky130_fd_sc_hd__xnor2_2)
                  0.08    0.26    1.10 ^ u_pc_next_logic._0841_/Y (sky130_fd_sc_hd__xnor2_2)
     2    0.01                           u_pc_next_logic.pc_plus4[28] (net)
                  0.08    0.00    1.10 ^ u_wb_mux._190_/A1 (sky130_fd_sc_hd__a22o_1)
                  0.07    0.15    1.25 ^ u_wb_mux._190_/X (sky130_fd_sc_hd__a22o_1)
     1    0.01                           u_wb_mux._077_ (net)
                  0.07    0.00    1.25 ^ u_wb_mux._192_/B1 (sky130_fd_sc_hd__a211o_4)
                  0.19    0.21    1.46 ^ u_wb_mux._192_/X (sky130_fd_sc_hd__a211o_4)
     3    0.07                           u_regfile.wd[28] (net)
                  0.25    0.00    1.47 ^ u_regfile.u_sram_rs2/din0[28] (sky130_sram_1kbyte_1rw1r_32x256_8)
                                  1.47   data arrival time

                          0.00    0.00   clock clk (rise edge)
                          0.00    0.00   clock source latency
                  0.00    0.00    0.00 ^ clk (in)
     1    0.13                           clk (net)
                  0.00    0.00    0.00 ^ clkbuf_0_clk/A (sky130_fd_sc_hd__clkbuf_16)
                  0.08    0.14    0.14 ^ clkbuf_0_clk/X (sky130_fd_sc_hd__clkbuf_16)
     4    0.06                           clknet_0_clk (net)
                  0.08    0.00    0.14 ^ clkbuf_2_2_0_clk/A (sky130_fd_sc_hd__clkbuf_8)
                  0.14    0.21    0.36 ^ clkbuf_2_2_0_clk/X (sky130_fd_sc_hd__clkbuf_8)
    14    0.08                           clknet_2_2_0_clk (net)
                  0.19    0.00    0.36 ^ u_regfile.u_sram_rs2/clk0 (sky130_sram_1kbyte_1rw1r_32x256_8)
                          0.20    0.56   clock uncertainty
                          0.00    0.56   clock reconvergence pessimism
                         -0.06    0.50   library hold time
                                  0.50   data required time
-----------------------------------------------------------------------------
                                  0.50   data required time
                                 -1.47   data arrival time
-----------------------------------------------------------------------------
                                  0.97   slack (MET)


Startpoint: u_pc_reg._138_ (rising edge-triggered flip-flop clocked by clk)
Endpoint: u_pc_reg._138_ (rising edge-triggered flip-flop clocked by clk)
Path Group: clk
Path Type: min

Fanout     Cap    Slew   Delay    Time   Description
-----------------------------------------------------------------------------
                          0.00    0.00   clock clk (rise edge)
                          0.00    0.00   clock source latency
                  0.00    0.00    0.00 ^ clk (in)
     1    0.13                           clk (net)
                  0.00    0.00    0.00 ^ clkbuf_0_clk/A (sky130_fd_sc_hd__clkbuf_16)
                  0.08    0.14    0.14 ^ clkbuf_0_clk/X (sky130_fd_sc_hd__clkbuf_16)
     4    0.06                           clknet_0_clk (net)
                  0.08    0.00    0.14 ^ clkbuf_2_0_0_clk/A (sky130_fd_sc_hd__clkbuf_8)
                  0.19    0.25    0.39 ^ clkbuf_2_0_0_clk/X (sky130_fd_sc_hd__clkbuf_8)
     9    0.11                           clknet_2_0_0_clk (net)
                  0.19    0.00    0.39 ^ u_pc_reg._138_/CLK (sky130_fd_sc_hd__dfxtp_4)
                  0.09    0.45    0.84 v u_pc_reg._138_/Q (sky130_fd_sc_hd__dfxtp_4)
    12    0.06                           u_imem.addr[4] (net)
                  0.09    0.00    0.84 v u_pc_next_logic._0940_/A (sky130_fd_sc_hd__nand2_1)
                  0.10    0.12    0.96 ^ u_pc_next_logic._0940_/Y (sky130_fd_sc_hd__nand2_1)
     3    0.01                           u_pc_next_logic._0191_ (net)
                  0.10    0.00    0.96 ^ u_pc_next_logic._0942_/A (sky130_fd_sc_hd__nand2_1)
                  0.08    0.10    1.06 v u_pc_next_logic._0942_/Y (sky130_fd_sc_hd__nand2_1)
     3    0.01                           u_pc_next_logic._0193_ (net)
                  0.08    0.00    1.06 v u_pc_next_logic._0947_/A (sky130_fd_sc_hd__nand2_1)
                  0.04    0.07    1.13 ^ u_pc_next_logic._0947_/Y (sky130_fd_sc_hd__nand2_1)
     1    0.00                           u_pc_next_logic._0198_ (net)
                  0.04    0.00    1.13 ^ u_pc_next_logic._0948_/A2 (sky130_fd_sc_hd__a21o_1)
                  0.05    0.11    1.24 ^ u_pc_next_logic._0948_/X (sky130_fd_sc_hd__a21o_1)
     1    0.00                           u_pc_next_logic._0199_ (net)
                  0.05    0.00    1.24 ^ u_pc_next_logic._0956_/A3 (sky130_fd_sc_hd__a31o_1)
                  0.04    0.13    1.37 ^ u_pc_next_logic._0956_/X (sky130_fd_sc_hd__a31o_1)
     1    0.00                           u_pc_next_logic.pc_next[4] (net)
                  0.04    0.00    1.37 ^ u_pc_reg._076_/B (sky130_fd_sc_hd__and2_1)
                  0.05    0.11    1.48 ^ u_pc_reg._076_/X (sky130_fd_sc_hd__and2_1)
     1    0.00                           u_pc_reg._054_ (net)
                  0.05    0.00    1.48 ^ u_pc_reg._077_/A (sky130_fd_sc_hd__clkbuf_1)
                  0.03    0.07    1.56 ^ u_pc_reg._077_/X (sky130_fd_sc_hd__clkbuf_1)
     1    0.00                           u_pc_reg._004_ (net)
                  0.03    0.00    1.56 ^ u_pc_reg._138_/D (sky130_fd_sc_hd__dfxtp_4)
                                  1.56   data arrival time

                          0.00    0.00   clock clk (rise edge)
                          0.00    0.00   clock source latency
                  0.00    0.00    0.00 ^ clk (in)
     1    0.13                           clk (net)
                  0.00    0.00    0.00 ^ clkbuf_0_clk/A (sky130_fd_sc_hd__clkbuf_16)
                  0.08    0.14    0.14 ^ clkbuf_0_clk/X (sky130_fd_sc_hd__clkbuf_16)
     4    0.06                           clknet_0_clk (net)
                  0.08    0.00    0.14 ^ clkbuf_2_0_0_clk/A (sky130_fd_sc_hd__clkbuf_8)
                  0.19    0.25    0.39 ^ clkbuf_2_0_0_clk/X (sky130_fd_sc_hd__clkbuf_8)
     9    0.11                           clknet_2_0_0_clk (net)
                  0.19    0.00    0.39 ^ u_pc_reg._138_/CLK (sky130_fd_sc_hd__dfxtp_4)
                          0.20    0.59   clock uncertainty
                          0.00    0.59   clock reconvergence pessimism
                         -0.01    0.58   library hold time
                                  0.58   data required time
-----------------------------------------------------------------------------
                                  0.58   data required time
                                 -1.56   data arrival time
-----------------------------------------------------------------------------
                                  0.97   slack (MET)


Startpoint: u_pc_reg._161_ (rising edge-triggered flip-flop clocked by clk)
Endpoint: u_regfile.u_sram_rs2 (falling edge-triggered flip-flop clocked by clk)
Path Group: clk
Path Type: min

Fanout     Cap    Slew   Delay    Time   Description
-----------------------------------------------------------------------------
                          0.00    0.00   clock clk (rise edge)
                          0.00    0.00   clock source latency
                  0.00    0.00    0.00 ^ clk (in)
     1    0.13                           clk (net)
                  0.00    0.00    0.00 ^ clkbuf_0_clk/A (sky130_fd_sc_hd__clkbuf_16)
                  0.08    0.14    0.14 ^ clkbuf_0_clk/X (sky130_fd_sc_hd__clkbuf_16)
     4    0.06                           clknet_0_clk (net)
                  0.08    0.00    0.14 ^ clkbuf_2_2_0_clk/A (sky130_fd_sc_hd__clkbuf_8)
                  0.14    0.21    0.36 ^ clkbuf_2_2_0_clk/X (sky130_fd_sc_hd__clkbuf_8)
    14    0.08                           clknet_2_2_0_clk (net)
                  0.14    0.00    0.36 ^ u_pc_reg._161_/CLK (sky130_fd_sc_hd__dfxtp_4)
                  0.14    0.47    0.83 v u_pc_reg._161_/Q (sky130_fd_sc_hd__dfxtp_4)
    13    0.10                           u_imem.addr[27] (net)
                  0.14    0.01    0.83 v u_pc_next_logic._0839_/A (sky130_fd_sc_hd__xor2_2)
                  0.16    0.24    1.07 ^ u_pc_next_logic._0839_/X (sky130_fd_sc_hd__xor2_2)
     2    0.01                           u_pc_next_logic.pc_plus4[27] (net)
                  0.16    0.00    1.08 ^ u_wb_mux._187_/A1 (sky130_fd_sc_hd__a22o_1)
                  0.07    0.18    1.26 ^ u_wb_mux._187_/X (sky130_fd_sc_hd__a22o_1)
     1    0.01                           u_wb_mux._075_ (net)
                  0.07    0.00    1.26 ^ u_wb_mux._189_/B1 (sky130_fd_sc_hd__a211o_4)
                  0.19    0.21    1.47 ^ u_wb_mux._189_/X (sky130_fd_sc_hd__a211o_4)
     3    0.07                           u_regfile.wd[27] (net)
                  0.25    0.01    1.47 ^ u_regfile.u_sram_rs2/din0[27] (sky130_sram_1kbyte_1rw1r_32x256_8)
                                  1.47   data arrival time

                          0.00    0.00   clock clk (rise edge)
                          0.00    0.00   clock source latency
                  0.00    0.00    0.00 ^ clk (in)
     1    0.13                           clk (net)
                  0.00    0.00    0.00 ^ clkbuf_0_clk/A (sky130_fd_sc_hd__clkbuf_16)
                  0.08    0.14    0.14 ^ clkbuf_0_clk/X (sky130_fd_sc_hd__clkbuf_16)
     4    0.06                           clknet_0_clk (net)
                  0.08    0.00    0.14 ^ clkbuf_2_2_0_clk/A (sky130_fd_sc_hd__clkbuf_8)
                  0.14    0.21    0.36 ^ clkbuf_2_2_0_clk/X (sky130_fd_sc_hd__clkbuf_8)
    14    0.08                           clknet_2_2_0_clk (net)
                  0.19    0.00    0.36 ^ u_regfile.u_sram_rs2/clk0 (sky130_sram_1kbyte_1rw1r_32x256_8)
                          0.20    0.56   clock uncertainty
                          0.00    0.56   clock reconvergence pessimism
                         -0.06    0.50   library hold time
                                  0.50   data required time
-----------------------------------------------------------------------------
                                  0.50   data required time
                                 -1.47   data arrival time
-----------------------------------------------------------------------------
                                  0.97   slack (MET)


Startpoint: u_pc_reg._156_ (rising edge-triggered flip-flop clocked by clk)
Endpoint: u_regfile.u_sram_rs1 (falling edge-triggered flip-flop clocked by clk)
Path Group: clk
Path Type: min

Fanout     Cap    Slew   Delay    Time   Description
-----------------------------------------------------------------------------
                          0.00    0.00   clock clk (rise edge)
                          0.00    0.00   clock source latency
                  0.00    0.00    0.00 ^ clk (in)
     1    0.13                           clk (net)
                  0.00    0.00    0.00 ^ clkbuf_0_clk/A (sky130_fd_sc_hd__clkbuf_16)
                  0.08    0.14    0.14 ^ clkbuf_0_clk/X (sky130_fd_sc_hd__clkbuf_16)
     4    0.06                           clknet_0_clk (net)
                  0.08    0.00    0.14 ^ clkbuf_2_2_0_clk/A (sky130_fd_sc_hd__clkbuf_8)
                  0.14    0.21    0.36 ^ clkbuf_2_2_0_clk/X (sky130_fd_sc_hd__clkbuf_8)
    14    0.08                           clknet_2_2_0_clk (net)
                  0.14    0.00    0.36 ^ u_pc_reg._156_/CLK (sky130_fd_sc_hd__dfxtp_4)
                  0.11    0.45    0.81 v u_pc_reg._156_/Q (sky130_fd_sc_hd__dfxtp_4)
    11    0.08                           u_imem.addr[22] (net)
                  0.11    0.00    0.81 v _565_/A (sky130_fd_sc_hd__nand2_1)
                  0.09    0.12    0.93 ^ _565_/Y (sky130_fd_sc_hd__nand2_1)
     3    0.01                           _213_ (net)
                  0.09    0.00    0.93 ^ _574_/A (sky130_fd_sc_hd__nand2_1)
                  0.05    0.07    1.00 v _574_/Y (sky130_fd_sc_hd__nand2_1)
     1    0.01                           _221_ (net)
                  0.05    0.00    1.00 v _575_/B (sky130_fd_sc_hd__xnor2_1)
                  0.06    0.14    1.13 ^ _575_/Y (sky130_fd_sc_hd__xnor2_1)
     1    0.00                           u_wb_mux.pc_plus_imm[23] (net)
                  0.06    0.00    1.13 ^ u_wb_mux._175_/B2 (sky130_fd_sc_hd__a22o_1)
                  0.07    0.14    1.28 ^ u_wb_mux._175_/X (sky130_fd_sc_hd__a22o_1)
     1    0.01                           u_wb_mux._067_ (net)
                  0.07    0.00    1.28 ^ u_wb_mux._177_/B1 (sky130_fd_sc_hd__a211o_4)
                  0.21    0.23    1.51 ^ u_wb_mux._177_/X (sky130_fd_sc_hd__a211o_4)
     3    0.07                           u_regfile.wd[23] (net)
                  0.28    0.01    1.51 ^ u_regfile.u_sram_rs1/din0[23] (sky130_sram_1kbyte_1rw1r_32x256_8)
                                  1.51   data arrival time

                          0.00    0.00   clock clk (rise edge)
                          0.00    0.00   clock source latency
                  0.00    0.00    0.00 ^ clk (in)
     1    0.13                           clk (net)
                  0.00    0.00    0.00 ^ clkbuf_0_clk/A (sky130_fd_sc_hd__clkbuf_16)
                  0.08    0.14    0.14 ^ clkbuf_0_clk/X (sky130_fd_sc_hd__clkbuf_16)
     4    0.06                           clknet_0_clk (net)
                  0.08    0.00    0.14 ^ clkbuf_2_0_0_clk/A (sky130_fd_sc_hd__clkbuf_8)
                  0.19    0.25    0.39 ^ clkbuf_2_0_0_clk/X (sky130_fd_sc_hd__clkbuf_8)
     9    0.11                           clknet_2_0_0_clk (net)
                  0.26    0.00    0.39 ^ u_regfile.u_sram_rs1/clk0 (sky130_sram_1kbyte_1rw1r_32x256_8)
                          0.20    0.59   clock uncertainty
                          0.00    0.59   clock reconvergence pessimism
                         -0.06    0.54   library hold time
                                  0.54   data required time
-----------------------------------------------------------------------------
                                  0.54   data required time
                                 -1.51   data arrival time
-----------------------------------------------------------------------------
                                  0.98   slack (MET)


Startpoint: u_pc_reg._156_ (rising edge-triggered flip-flop clocked by clk)
Endpoint: u_pc_reg._156_ (rising edge-triggered flip-flop clocked by clk)
Path Group: clk
Path Type: min

Fanout     Cap    Slew   Delay    Time   Description
-----------------------------------------------------------------------------
                          0.00    0.00   clock clk (rise edge)
                          0.00    0.00   clock source latency
                  0.00    0.00    0.00 ^ clk (in)
     1    0.13                           clk (net)
                  0.00    0.00    0.00 ^ clkbuf_0_clk/A (sky130_fd_sc_hd__clkbuf_16)
                  0.08    0.14    0.14 ^ clkbuf_0_clk/X (sky130_fd_sc_hd__clkbuf_16)
     4    0.06                           clknet_0_clk (net)
                  0.08    0.00    0.14 ^ clkbuf_2_2_0_clk/A (sky130_fd_sc_hd__clkbuf_8)
                  0.14    0.21    0.36 ^ clkbuf_2_2_0_clk/X (sky130_fd_sc_hd__clkbuf_8)
    14    0.08                           clknet_2_2_0_clk (net)
                  0.14    0.00    0.36 ^ u_pc_reg._156_/CLK (sky130_fd_sc_hd__dfxtp_4)
                  0.11    0.45    0.81 v u_pc_reg._156_/Q (sky130_fd_sc_hd__dfxtp_4)
    11    0.08                           u_imem.addr[22] (net)
                  0.11    0.00    0.81 v u_pc_next_logic._1384_/A (sky130_fd_sc_hd__nand2_1)
                  0.08    0.11    0.92 ^ u_pc_next_logic._1384_/Y (sky130_fd_sc_hd__nand2_1)
     3    0.01                           u_pc_next_logic._0617_ (net)
                  0.08    0.00    0.92 ^ u_pc_next_logic._1386_/A (sky130_fd_sc_hd__nand2_1)
                  0.06    0.08    1.00 v u_pc_next_logic._1386_/Y (sky130_fd_sc_hd__nand2_1)
     2    0.01                           u_pc_next_logic._0619_ (net)
                  0.06    0.00    1.00 v u_pc_next_logic._1391_/A (sky130_fd_sc_hd__xnor2_1)
                  0.05    0.13    1.13 v u_pc_next_logic._1391_/Y (sky130_fd_sc_hd__xnor2_1)
     1    0.00                           u_pc_next_logic._0624_ (net)
                  0.05    0.00    1.13 v u_pc_next_logic._1392_/B (sky130_fd_sc_hd__nand2_1)
                  0.06    0.07    1.21 ^ u_pc_next_logic._1392_/Y (sky130_fd_sc_hd__nand2_1)
     1    0.00                           u_pc_next_logic._0625_ (net)
                  0.06    0.00    1.21 ^ u_pc_next_logic._1393_/B2 (sky130_fd_sc_hd__a22o_1)
                  0.04    0.12    1.33 ^ u_pc_next_logic._1393_/X (sky130_fd_sc_hd__a22o_1)
     1    0.00                           u_pc_next_logic.pc_next[22] (net)
                  0.04    0.00    1.33 ^ u_pc_reg._114_/B (sky130_fd_sc_hd__and2_1)
                  0.05    0.12    1.44 ^ u_pc_reg._114_/X (sky130_fd_sc_hd__and2_1)
     1    0.00                           u_pc_reg._039_ (net)
                  0.05    0.00    1.44 ^ u_pc_reg._115_/A (sky130_fd_sc_hd__clkbuf_1)
                  0.05    0.08    1.53 ^ u_pc_reg._115_/X (sky130_fd_sc_hd__clkbuf_1)
     1    0.00                           u_pc_reg._022_ (net)
                  0.05    0.00    1.53 ^ u_pc_reg._156_/D (sky130_fd_sc_hd__dfxtp_4)
                                  1.53   data arrival time

                          0.00    0.00   clock clk (rise edge)
                          0.00    0.00   clock source latency
                  0.00    0.00    0.00 ^ clk (in)
     1    0.13                           clk (net)
                  0.00    0.00    0.00 ^ clkbuf_0_clk/A (sky130_fd_sc_hd__clkbuf_16)
                  0.08    0.14    0.14 ^ clkbuf_0_clk/X (sky130_fd_sc_hd__clkbuf_16)
     4    0.06                           clknet_0_clk (net)
                  0.08    0.00    0.14 ^ clkbuf_2_2_0_clk/A (sky130_fd_sc_hd__clkbuf_8)
                  0.14    0.21    0.36 ^ clkbuf_2_2_0_clk/X (sky130_fd_sc_hd__clkbuf_8)
    14    0.08                           clknet_2_2_0_clk (net)
                  0.14    0.00    0.36 ^ u_pc_reg._156_/CLK (sky130_fd_sc_hd__dfxtp_4)
                          0.20    0.56   clock uncertainty
                          0.00    0.56   clock reconvergence pessimism
                         -0.02    0.54   library hold time
                                  0.54   data required time
-----------------------------------------------------------------------------
                                  0.54   data required time
                                 -1.53   data arrival time
-----------------------------------------------------------------------------
                                  0.99   slack (MET)


Startpoint: u_pc_reg._163_ (rising edge-triggered flip-flop clocked by clk)
Endpoint: u_pc_reg._163_ (rising edge-triggered flip-flop clocked by clk)
Path Group: clk
Path Type: min

Fanout     Cap    Slew   Delay    Time   Description
-----------------------------------------------------------------------------
                          0.00    0.00   clock clk (rise edge)
                          0.00    0.00   clock source latency
                  0.00    0.00    0.00 ^ clk (in)
     1    0.13                           clk (net)
                  0.00    0.00    0.00 ^ clkbuf_0_clk/A (sky130_fd_sc_hd__clkbuf_16)
                  0.08    0.14    0.14 ^ clkbuf_0_clk/X (sky130_fd_sc_hd__clkbuf_16)
     4    0.06                           clknet_0_clk (net)
                  0.08    0.00    0.14 ^ clkbuf_2_2_0_clk/A (sky130_fd_sc_hd__clkbuf_8)
                  0.14    0.21    0.36 ^ clkbuf_2_2_0_clk/X (sky130_fd_sc_hd__clkbuf_8)
    14    0.08                           clknet_2_2_0_clk (net)
                  0.14    0.00    0.36 ^ u_pc_reg._163_/CLK (sky130_fd_sc_hd__dfxtp_4)
                  0.12    0.46    0.82 v u_pc_reg._163_/Q (sky130_fd_sc_hd__dfxtp_4)
    11    0.09                           u_imem.addr[29] (net)
                  0.12    0.00    0.82 v u_pc_next_logic._1555_/A (sky130_fd_sc_hd__nand2_1)
                  0.04    0.08    0.90 ^ u_pc_next_logic._1555_/Y (sky130_fd_sc_hd__nand2_1)
     1    0.00                           u_pc_next_logic._0010_ (net)
                  0.04    0.00    0.90 ^ u_pc_next_logic._1556_/B (sky130_fd_sc_hd__nand2_1)
                  0.05    0.06    0.96 v u_pc_next_logic._1556_/Y (sky130_fd_sc_hd__nand2_1)
     1    0.01                           u_pc_next_logic._0011_ (net)
                  0.05    0.00    0.96 v u_pc_next_logic._1558_/A (sky130_fd_sc_hd__xnor2_1)
                  0.05    0.15    1.11 ^ u_pc_next_logic._1558_/Y (sky130_fd_sc_hd__xnor2_1)
     1    0.00                           u_pc_next_logic._0013_ (net)
                  0.05    0.00    1.11 ^ u_pc_next_logic._1566_/A2 (sky130_fd_sc_hd__a211o_1)
                  0.08    0.15    1.26 ^ u_pc_next_logic._1566_/X (sky130_fd_sc_hd__a211o_1)
     1    0.01                           u_pc_next_logic._0021_ (net)
                  0.08    0.00    1.26 ^ u_pc_next_logic._1567_/B1 (sky130_fd_sc_hd__o21ai_1)
                  0.03    0.06    1.32 v u_pc_next_logic._1567_/Y (sky130_fd_sc_hd__o21ai_1)
     1    0.00                           u_pc_next_logic.pc_next[29] (net)
                  0.03    0.00    1.32 v u_pc_reg._128_/B (sky130_fd_sc_hd__and2_1)
                  0.03    0.14    1.46 v u_pc_reg._128_/X (sky130_fd_sc_hd__and2_1)
     1    0.00                           u_pc_reg._046_ (net)
                  0.03    0.00    1.46 v u_pc_reg._129_/A (sky130_fd_sc_hd__clkbuf_1)
                  0.02    0.08    1.54 v u_pc_reg._129_/X (sky130_fd_sc_hd__clkbuf_1)
     1    0.00                           u_pc_reg._029_ (net)
                  0.02    0.00    1.54 v u_pc_reg._163_/D (sky130_fd_sc_hd__dfxtp_4)
                                  1.54   data arrival time

                          0.00    0.00   clock clk (rise edge)
                          0.00    0.00   clock source latency
                  0.00    0.00    0.00 ^ clk (in)
     1    0.13                           clk (net)
                  0.00    0.00    0.00 ^ clkbuf_0_clk/A (sky130_fd_sc_hd__clkbuf_16)
                  0.08    0.14    0.14 ^ clkbuf_0_clk/X (sky130_fd_sc_hd__clkbuf_16)
     4    0.06                           clknet_0_clk (net)
                  0.08    0.00    0.14 ^ clkbuf_2_2_0_clk/A (sky130_fd_sc_hd__clkbuf_8)
                  0.14    0.21    0.36 ^ clkbuf_2_2_0_clk/X (sky130_fd_sc_hd__clkbuf_8)
    14    0.08                           clknet_2_2_0_clk (net)
                  0.14    0.00    0.36 ^ u_pc_reg._163_/CLK (sky130_fd_sc_hd__dfxtp_4)
                          0.20    0.56   clock uncertainty
                          0.00    0.56   clock reconvergence pessimism
                         -0.02    0.54   library hold time
                                  0.54   data required time
-----------------------------------------------------------------------------
                                  0.54   data required time
                                 -1.54   data arrival time
-----------------------------------------------------------------------------
                                  1.00   slack (MET)


Startpoint: u_pc_reg._155_ (rising edge-triggered flip-flop clocked by clk)
Endpoint: u_pc_reg._155_ (rising edge-triggered flip-flop clocked by clk)
Path Group: clk
Path Type: min

Fanout     Cap    Slew   Delay    Time   Description
-----------------------------------------------------------------------------
                          0.00    0.00   clock clk (rise edge)
                          0.00    0.00   clock source latency
                  0.00    0.00    0.00 ^ clk (in)
     1    0.13                           clk (net)
                  0.00    0.00    0.00 ^ clkbuf_0_clk/A (sky130_fd_sc_hd__clkbuf_16)
                  0.08    0.14    0.14 ^ clkbuf_0_clk/X (sky130_fd_sc_hd__clkbuf_16)
     4    0.06                           clknet_0_clk (net)
                  0.08    0.00    0.14 ^ clkbuf_2_2_0_clk/A (sky130_fd_sc_hd__clkbuf_8)
                  0.14    0.21    0.36 ^ clkbuf_2_2_0_clk/X (sky130_fd_sc_hd__clkbuf_8)
    14    0.08                           clknet_2_2_0_clk (net)
                  0.14    0.00    0.36 ^ u_pc_reg._155_/CLK (sky130_fd_sc_hd__dfxtp_4)
                  0.11    0.45    0.81 v u_pc_reg._155_/Q (sky130_fd_sc_hd__dfxtp_4)
    12    0.08                           u_imem.addr[21] (net)
                  0.11    0.00    0.81 v u_pc_next_logic._0819_/B (sky130_fd_sc_hd__nand3_1)
                  0.12    0.16    0.97 ^ u_pc_next_logic._0819_/Y (sky130_fd_sc_hd__nand3_1)
     4    0.01                           u_pc_next_logic._0085_ (net)
                  0.12    0.00    0.97 ^ u_pc_next_logic._1363_/A2 (sky130_fd_sc_hd__a31o_1)
                  0.06    0.17    1.14 ^ u_pc_next_logic._1363_/X (sky130_fd_sc_hd__a31o_1)
     1    0.00                           u_pc_next_logic._0597_ (net)
                  0.06    0.00    1.14 ^ u_pc_next_logic._1364_/B1 (sky130_fd_sc_hd__a31o_1)
                  0.05    0.10    1.24 ^ u_pc_next_logic._1364_/X (sky130_fd_sc_hd__a31o_1)
     1    0.00                           u_pc_next_logic._0598_ (net)
                  0.05    0.00    1.24 ^ u_pc_next_logic._1371_/B1 (sky130_fd_sc_hd__a22o_1)
                  0.04    0.11    1.34 ^ u_pc_next_logic._1371_/X (sky130_fd_sc_hd__a22o_1)
     1    0.00                           u_pc_next_logic.pc_next[21] (net)
                  0.04    0.00    1.34 ^ u_pc_reg._112_/B (sky130_fd_sc_hd__and2_1)
                  0.05    0.12    1.46 ^ u_pc_reg._112_/X (sky130_fd_sc_hd__and2_1)
     1    0.00                           u_pc_reg._038_ (net)
                  0.05    0.00    1.46 ^ u_pc_reg._113_/A (sky130_fd_sc_hd__clkbuf_1)
                  0.04    0.08    1.54 ^ u_pc_reg._113_/X (sky130_fd_sc_hd__clkbuf_1)
     1    0.00                           u_pc_reg._021_ (net)
                  0.04    0.00    1.54 ^ u_pc_reg._155_/D (sky130_fd_sc_hd__dfxtp_4)
                                  1.54   data arrival time

                          0.00    0.00   clock clk (rise edge)
                          0.00    0.00   clock source latency
                  0.00    0.00    0.00 ^ clk (in)
     1    0.13                           clk (net)
                  0.00    0.00    0.00 ^ clkbuf_0_clk/A (sky130_fd_sc_hd__clkbuf_16)
                  0.08    0.14    0.14 ^ clkbuf_0_clk/X (sky130_fd_sc_hd__clkbuf_16)
     4    0.06                           clknet_0_clk (net)
                  0.08    0.00    0.14 ^ clkbuf_2_2_0_clk/A (sky130_fd_sc_hd__clkbuf_8)
                  0.14    0.21    0.36 ^ clkbuf_2_2_0_clk/X (sky130_fd_sc_hd__clkbuf_8)
    14    0.08                           clknet_2_2_0_clk (net)
                  0.14    0.00    0.36 ^ u_pc_reg._155_/CLK (sky130_fd_sc_hd__dfxtp_4)
                          0.20    0.56   clock uncertainty
                          0.00    0.56   clock reconvergence pessimism
                         -0.02    0.54   library hold time
                                  0.54   data required time
-----------------------------------------------------------------------------
                                  0.54   data required time
                                 -1.54   data arrival time
-----------------------------------------------------------------------------
                                  1.00   slack (MET)


Startpoint: u_pc_reg._147_ (rising edge-triggered flip-flop clocked by clk)
Endpoint: u_pc_reg._148_ (rising edge-triggered flip-flop clocked by clk)
Path Group: clk
Path Type: min

Fanout     Cap    Slew   Delay    Time   Description
-----------------------------------------------------------------------------
                          0.00    0.00   clock clk (rise edge)
                          0.00    0.00   clock source latency
                  0.00    0.00    0.00 ^ clk (in)
     1    0.13                           clk (net)
                  0.00    0.00    0.00 ^ clkbuf_0_clk/A (sky130_fd_sc_hd__clkbuf_16)
                  0.08    0.14    0.14 ^ clkbuf_0_clk/X (sky130_fd_sc_hd__clkbuf_16)
     4    0.06                           clknet_0_clk (net)
                  0.08    0.00    0.14 ^ clkbuf_2_2_0_clk/A (sky130_fd_sc_hd__clkbuf_8)
                  0.14    0.21    0.36 ^ clkbuf_2_2_0_clk/X (sky130_fd_sc_hd__clkbuf_8)
    14    0.08                           clknet_2_2_0_clk (net)
                  0.14    0.00    0.36 ^ u_pc_reg._147_/CLK (sky130_fd_sc_hd__dfxtp_4)
                  0.21    0.50    0.86 ^ u_pc_reg._147_/Q (sky130_fd_sc_hd__dfxtp_4)
    13    0.07                           u_imem.addr[13] (net)
                  0.21    0.00    0.86 ^ u_pc_next_logic._1173_/A1 (sky130_fd_sc_hd__a21oi_1)
                  0.04    0.11    0.98 v u_pc_next_logic._1173_/Y (sky130_fd_sc_hd__a21oi_1)
     2    0.01                           u_pc_next_logic._0414_ (net)
                  0.04    0.00    0.98 v u_pc_next_logic._1174_/B (sky130_fd_sc_hd__nand2_1)
                  0.09    0.10    1.07 ^ u_pc_next_logic._1174_/Y (sky130_fd_sc_hd__nand2_1)
     2    0.01                           u_pc_next_logic._0415_ (net)
                  0.09    0.00    1.07 ^ u_pc_next_logic._1175_/B (sky130_fd_sc_hd__xnor2_1)
                  0.06    0.13    1.20 ^ u_pc_next_logic._1175_/Y (sky130_fd_sc_hd__xnor2_1)
     1    0.00                           u_pc_next_logic._0416_ (net)
                  0.06    0.00    1.20 ^ u_pc_next_logic._1184_/A2 (sky130_fd_sc_hd__o21a_1)
                  0.04    0.10    1.30 ^ u_pc_next_logic._1184_/X (sky130_fd_sc_hd__o21a_1)
     1    0.00                           u_pc_next_logic._0425_ (net)
                  0.04    0.00    1.30 ^ u_pc_next_logic._1190_/A0 (sky130_fd_sc_hd__mux2_1)
                  0.04    0.11    1.41 ^ u_pc_next_logic._1190_/X (sky130_fd_sc_hd__mux2_1)
     1    0.00                           u_pc_next_logic._0431_ (net)
                  0.04    0.00    1.41 ^ u_pc_next_logic._1191_/A (sky130_fd_sc_hd__clkbuf_1)
                  0.04    0.07    1.48 ^ u_pc_next_logic._1191_/X (sky130_fd_sc_hd__clkbuf_1)
     1    0.00                           u_pc_next_logic.pc_next[14] (net)
                  0.04    0.00    1.48 ^ u_pc_reg._097_/B (sky130_fd_sc_hd__and2_1)
                  0.04    0.11    1.59 ^ u_pc_reg._097_/X (sky130_fd_sc_hd__and2_1)
     1    0.00                           u_pc_reg._065_ (net)
                  0.04    0.00    1.59 ^ u_pc_reg._098_/A (sky130_fd_sc_hd__clkbuf_1)
                  0.03    0.07    1.66 ^ u_pc_reg._098_/X (sky130_fd_sc_hd__clkbuf_1)
     1    0.00                           u_pc_reg._014_ (net)
                  0.03    0.00    1.66 ^ u_pc_reg._148_/D (sky130_fd_sc_hd__dfxtp_4)
                                  1.66   data arrival time

                          0.00    0.00   clock clk (rise edge)
                          0.00    0.00   clock source latency
                  0.00    0.00    0.00 ^ clk (in)
     1    0.13                           clk (net)
                  0.00    0.00    0.00 ^ clkbuf_0_clk/A (sky130_fd_sc_hd__clkbuf_16)
                  0.08    0.14    0.14 ^ clkbuf_0_clk/X (sky130_fd_sc_hd__clkbuf_16)
     4    0.06                           clknet_0_clk (net)
                  0.08    0.00    0.14 ^ clkbuf_2_3_0_clk/A (sky130_fd_sc_hd__clkbuf_8)
                  0.28    0.31    0.46 ^ clkbuf_2_3_0_clk/X (sky130_fd_sc_hd__clkbuf_8)
    10    0.16                           clknet_2_3_0_clk (net)
                  0.28    0.00    0.46 ^ u_pc_reg._148_/CLK (sky130_fd_sc_hd__dfxtp_4)
                          0.20    0.66   clock uncertainty
                          0.00    0.66   clock reconvergence pessimism
                          0.00    0.66   library hold time
                                  0.66   data required time
-----------------------------------------------------------------------------
                                  0.66   data required time
                                 -1.66   data arrival time
-----------------------------------------------------------------------------
                                  1.01   slack (MET)


Startpoint: u_pc_reg._156_ (rising edge-triggered flip-flop clocked by clk)
Endpoint: u_regfile.u_sram_rs2 (falling edge-triggered flip-flop clocked by clk)
Path Group: clk
Path Type: min

Fanout     Cap    Slew   Delay    Time   Description
-----------------------------------------------------------------------------
                          0.00    0.00   clock clk (rise edge)
                          0.00    0.00   clock source latency
                  0.00    0.00    0.00 ^ clk (in)
     1    0.13                           clk (net)
                  0.00    0.00    0.00 ^ clkbuf_0_clk/A (sky130_fd_sc_hd__clkbuf_16)
                  0.08    0.14    0.14 ^ clkbuf_0_clk/X (sky130_fd_sc_hd__clkbuf_16)
     4    0.06                           clknet_0_clk (net)
                  0.08    0.00    0.14 ^ clkbuf_2_2_0_clk/A (sky130_fd_sc_hd__clkbuf_8)
                  0.14    0.21    0.36 ^ clkbuf_2_2_0_clk/X (sky130_fd_sc_hd__clkbuf_8)
    14    0.08                           clknet_2_2_0_clk (net)
                  0.14    0.00    0.36 ^ u_pc_reg._156_/CLK (sky130_fd_sc_hd__dfxtp_4)
                  0.11    0.45    0.81 v u_pc_reg._156_/Q (sky130_fd_sc_hd__dfxtp_4)
    11    0.08                           u_imem.addr[22] (net)
                  0.11    0.00    0.81 v _565_/A (sky130_fd_sc_hd__nand2_1)
                  0.09    0.12    0.93 ^ _565_/Y (sky130_fd_sc_hd__nand2_1)
     3    0.01                           _213_ (net)
                  0.09    0.00    0.93 ^ _574_/A (sky130_fd_sc_hd__nand2_1)
                  0.05    0.07    1.00 v _574_/Y (sky130_fd_sc_hd__nand2_1)
     1    0.01                           _221_ (net)
                  0.05    0.00    1.00 v _575_/B (sky130_fd_sc_hd__xnor2_1)
                  0.06    0.14    1.13 ^ _575_/Y (sky130_fd_sc_hd__xnor2_1)
     1    0.00                           u_wb_mux.pc_plus_imm[23] (net)
                  0.06    0.00    1.13 ^ u_wb_mux._175_/B2 (sky130_fd_sc_hd__a22o_1)
                  0.07    0.14    1.28 ^ u_wb_mux._175_/X (sky130_fd_sc_hd__a22o_1)
     1    0.01                           u_wb_mux._067_ (net)
                  0.07    0.00    1.28 ^ u_wb_mux._177_/B1 (sky130_fd_sc_hd__a211o_4)
                  0.21    0.23    1.51 ^ u_wb_mux._177_/X (sky130_fd_sc_hd__a211o_4)
     3    0.07                           u_regfile.wd[23] (net)
                  0.28    0.01    1.51 ^ u_regfile.u_sram_rs2/din0[23] (sky130_sram_1kbyte_1rw1r_32x256_8)
                                  1.51   data arrival time

                          0.00    0.00   clock clk (rise edge)
                          0.00    0.00   clock source latency
                  0.00    0.00    0.00 ^ clk (in)
     1    0.13                           clk (net)
                  0.00    0.00    0.00 ^ clkbuf_0_clk/A (sky130_fd_sc_hd__clkbuf_16)
                  0.08    0.14    0.14 ^ clkbuf_0_clk/X (sky130_fd_sc_hd__clkbuf_16)
     4    0.06                           clknet_0_clk (net)
                  0.08    0.00    0.14 ^ clkbuf_2_2_0_clk/A (sky130_fd_sc_hd__clkbuf_8)
                  0.14    0.21    0.36 ^ clkbuf_2_2_0_clk/X (sky130_fd_sc_hd__clkbuf_8)
    14    0.08                           clknet_2_2_0_clk (net)
                  0.19    0.00    0.36 ^ u_regfile.u_sram_rs2/clk0 (sky130_sram_1kbyte_1rw1r_32x256_8)
                          0.20    0.56   clock uncertainty
                          0.00    0.56   clock reconvergence pessimism
                         -0.06    0.50   library hold time
                                  0.50   data required time
-----------------------------------------------------------------------------
                                  0.50   data required time
                                 -1.51   data arrival time
-----------------------------------------------------------------------------
                                  1.01   slack (MET)


Startpoint: u_pc_reg._163_ (rising edge-triggered flip-flop clocked by clk)
Endpoint: u_regfile.u_sram_rs1 (falling edge-triggered flip-flop clocked by clk)
Path Group: clk
Path Type: min

Fanout     Cap    Slew   Delay    Time   Description
-----------------------------------------------------------------------------
                          0.00    0.00   clock clk (rise edge)
                          0.00    0.00   clock source latency
                  0.00    0.00    0.00 ^ clk (in)
     1    0.13                           clk (net)
                  0.00    0.00    0.00 ^ clkbuf_0_clk/A (sky130_fd_sc_hd__clkbuf_16)
                  0.08    0.14    0.14 ^ clkbuf_0_clk/X (sky130_fd_sc_hd__clkbuf_16)
     4    0.06                           clknet_0_clk (net)
                  0.08    0.00    0.14 ^ clkbuf_2_2_0_clk/A (sky130_fd_sc_hd__clkbuf_8)
                  0.14    0.21    0.36 ^ clkbuf_2_2_0_clk/X (sky130_fd_sc_hd__clkbuf_8)
    14    0.08                           clknet_2_2_0_clk (net)
                  0.14    0.00    0.36 ^ u_pc_reg._163_/CLK (sky130_fd_sc_hd__dfxtp_4)
                  0.12    0.46    0.82 v u_pc_reg._163_/Q (sky130_fd_sc_hd__dfxtp_4)
    11    0.09                           u_imem.addr[29] (net)
                  0.12    0.01    0.82 v u_pc_next_logic._0842_/A (sky130_fd_sc_hd__inv_2)
                  0.04    0.07    0.90 ^ u_pc_next_logic._0842_/Y (sky130_fd_sc_hd__inv_2)
     2    0.00                           u_pc_next_logic._0100_ (net)
                  0.04    0.00    0.90 ^ u_pc_next_logic._0845_/A (sky130_fd_sc_hd__nor2_1)
                  0.04    0.05    0.95 v u_pc_next_logic._0845_/Y (sky130_fd_sc_hd__nor2_1)
     3    0.01                           u_pc_next_logic._0103_ (net)
                  0.04    0.00    0.95 v u_pc_next_logic._0846_/B (sky130_fd_sc_hd__nor2_1)
                  0.22    0.19    1.14 ^ u_pc_next_logic._0846_/Y (sky130_fd_sc_hd__nor2_1)
     2    0.01                           u_pc_next_logic.pc_plus4[29] (net)
                  0.22    0.00    1.14 ^ u_wb_mux._193_/A1 (sky130_fd_sc_hd__a22o_1)
                  0.07    0.20    1.33 ^ u_wb_mux._193_/X (sky130_fd_sc_hd__a22o_1)
     1    0.01                           u_wb_mux._079_ (net)
                  0.07    0.00    1.33 ^ u_wb_mux._195_/B1 (sky130_fd_sc_hd__a211o_4)
                  0.19    0.21    1.54 ^ u_wb_mux._195_/X (sky130_fd_sc_hd__a211o_4)
     3    0.07                           u_regfile.wd[29] (net)
                  0.25    0.01    1.55 ^ u_regfile.u_sram_rs1/din0[29] (sky130_sram_1kbyte_1rw1r_32x256_8)
                                  1.55   data arrival time

                          0.00    0.00   clock clk (rise edge)
                          0.00    0.00   clock source latency
                  0.00    0.00    0.00 ^ clk (in)
     1    0.13                           clk (net)
                  0.00    0.00    0.00 ^ clkbuf_0_clk/A (sky130_fd_sc_hd__clkbuf_16)
                  0.08    0.14    0.14 ^ clkbuf_0_clk/X (sky130_fd_sc_hd__clkbuf_16)
     4    0.06                           clknet_0_clk (net)
                  0.08    0.00    0.14 ^ clkbuf_2_0_0_clk/A (sky130_fd_sc_hd__clkbuf_8)
                  0.19    0.25    0.39 ^ clkbuf_2_0_0_clk/X (sky130_fd_sc_hd__clkbuf_8)
     9    0.11                           clknet_2_0_0_clk (net)
                  0.26    0.00    0.39 ^ u_regfile.u_sram_rs1/clk0 (sky130_sram_1kbyte_1rw1r_32x256_8)
                          0.20    0.59   clock uncertainty
                          0.00    0.59   clock reconvergence pessimism
                         -0.06    0.54   library hold time
                                  0.54   data required time
-----------------------------------------------------------------------------
                                  0.54   data required time
                                 -1.55   data arrival time
-----------------------------------------------------------------------------
                                  1.01   slack (MET)


Startpoint: u_pc_reg._135_ (rising edge-triggered flip-flop clocked by clk)
Endpoint: u_regfile.u_sram_rs1 (falling edge-triggered flip-flop clocked by clk)
Path Group: clk
Path Type: min

Fanout     Cap    Slew   Delay    Time   Description
-----------------------------------------------------------------------------
                          0.00    0.00   clock clk (rise edge)
                          0.00    0.00   clock source latency
                  0.00    0.00    0.00 ^ clk (in)
     1    0.13                           clk (net)
                  0.00    0.00    0.00 ^ clkbuf_0_clk/A (sky130_fd_sc_hd__clkbuf_16)
                  0.08    0.14    0.14 ^ clkbuf_0_clk/X (sky130_fd_sc_hd__clkbuf_16)
     4    0.06                           clknet_0_clk (net)
                  0.08    0.00    0.14 ^ clkbuf_2_0_0_clk/A (sky130_fd_sc_hd__clkbuf_8)
                  0.19    0.25    0.39 ^ clkbuf_2_0_0_clk/X (sky130_fd_sc_hd__clkbuf_8)
     9    0.11                           clknet_2_0_0_clk (net)
                  0.19    0.00    0.39 ^ u_pc_reg._135_/CLK (sky130_fd_sc_hd__dfxtp_4)
                  0.21    0.52    0.91 ^ u_pc_reg._135_/Q (sky130_fd_sc_hd__dfxtp_4)
    11    0.07                           u_imem.addr[1] (net)
                  0.21    0.00    0.91 ^ u_pc_next_logic._1605_/A (sky130_fd_sc_hd__clkbuf_1)
                  0.05    0.11    1.03 ^ u_pc_next_logic._1605_/X (sky130_fd_sc_hd__clkbuf_1)
     1    0.00                           u_pc_next_logic.pc_plus4[1] (net)
                  0.05    0.00    1.03 ^ u_wb_mux._099_/A1 (sky130_fd_sc_hd__a22o_1)
                  0.07    0.14    1.17 ^ u_wb_mux._099_/X (sky130_fd_sc_hd__a22o_1)
     1    0.01                           u_wb_mux._013_ (net)
                  0.07    0.00    1.17 ^ u_wb_mux._101_/B1 (sky130_fd_sc_hd__a211o_4)
                  0.41    0.35    1.52 ^ u_wb_mux._101_/X (sky130_fd_sc_hd__a211o_4)
     3    0.15                           u_regfile.wd[1] (net)
                  0.55    0.04    1.56 ^ u_regfile.u_sram_rs1/din0[1] (sky130_sram_1kbyte_1rw1r_32x256_8)
                                  1.56   data arrival time

                          0.00    0.00   clock clk (rise edge)
                          0.00    0.00   clock source latency
                  0.00    0.00    0.00 ^ clk (in)
     1    0.13                           clk (net)
                  0.00    0.00    0.00 ^ clkbuf_0_clk/A (sky130_fd_sc_hd__clkbuf_16)
                  0.08    0.14    0.14 ^ clkbuf_0_clk/X (sky130_fd_sc_hd__clkbuf_16)
     4    0.06                           clknet_0_clk (net)
                  0.08    0.00    0.14 ^ clkbuf_2_0_0_clk/A (sky130_fd_sc_hd__clkbuf_8)
                  0.19    0.25    0.39 ^ clkbuf_2_0_0_clk/X (sky130_fd_sc_hd__clkbuf_8)
     9    0.11                           clknet_2_0_0_clk (net)
                  0.26    0.00    0.39 ^ u_regfile.u_sram_rs1/clk0 (sky130_sram_1kbyte_1rw1r_32x256_8)
                          0.20    0.59   clock uncertainty
                          0.00    0.59   clock reconvergence pessimism
                         -0.06    0.54   library hold time
                                  0.54   data required time
-----------------------------------------------------------------------------
                                  0.54   data required time
                                 -1.56   data arrival time
-----------------------------------------------------------------------------
                                  1.02   slack (MET)


Startpoint: u_pc_reg._147_ (rising edge-triggered flip-flop clocked by clk)
Endpoint: u_pc_reg._147_ (rising edge-triggered flip-flop clocked by clk)
Path Group: clk
Path Type: min

Fanout     Cap    Slew   Delay    Time   Description
-----------------------------------------------------------------------------
                          0.00    0.00   clock clk (rise edge)
                          0.00    0.00   clock source latency
                  0.00    0.00    0.00 ^ clk (in)
     1    0.13                           clk (net)
                  0.00    0.00    0.00 ^ clkbuf_0_clk/A (sky130_fd_sc_hd__clkbuf_16)
                  0.08    0.14    0.14 ^ clkbuf_0_clk/X (sky130_fd_sc_hd__clkbuf_16)
     4    0.06                           clknet_0_clk (net)
                  0.08    0.00    0.14 ^ clkbuf_2_2_0_clk/A (sky130_fd_sc_hd__clkbuf_8)
                  0.14    0.21    0.36 ^ clkbuf_2_2_0_clk/X (sky130_fd_sc_hd__clkbuf_8)
    14    0.08                           clknet_2_2_0_clk (net)
                  0.14    0.00    0.36 ^ u_pc_reg._147_/CLK (sky130_fd_sc_hd__dfxtp_4)
                  0.21    0.50    0.86 ^ u_pc_reg._147_/Q (sky130_fd_sc_hd__dfxtp_4)
    13    0.07                           u_imem.addr[13] (net)
                  0.21    0.00    0.86 ^ u_pc_next_logic._1149_/A (sky130_fd_sc_hd__xor2_1)
                  0.06    0.13    1.00 v u_pc_next_logic._1149_/X (sky130_fd_sc_hd__xor2_1)
     3    0.01                           u_pc_next_logic._0391_ (net)
                  0.06    0.00    1.00 v u_pc_next_logic._1152_/A1 (sky130_fd_sc_hd__a21o_1)
                  0.03    0.15    1.14 v u_pc_next_logic._1152_/X (sky130_fd_sc_hd__a21o_1)
     1    0.00                           u_pc_next_logic._0394_ (net)
                  0.03    0.00    1.14 v u_pc_next_logic._1166_/A1_N (sky130_fd_sc_hd__o2bb2a_1)
                  0.04    0.22    1.36 ^ u_pc_next_logic._1166_/X (sky130_fd_sc_hd__o2bb2a_1)
     1    0.00                           u_pc_next_logic.pc_next[13] (net)
                  0.04    0.00    1.36 ^ u_pc_reg._095_/B (sky130_fd_sc_hd__and2_1)
                  0.05    0.12    1.48 ^ u_pc_reg._095_/X (sky130_fd_sc_hd__and2_1)
     1    0.00                           u_pc_reg._064_ (net)
                  0.05    0.00    1.48 ^ u_pc_reg._096_/A (sky130_fd_sc_hd__clkbuf_1)
                  0.04    0.08    1.56 ^ u_pc_reg._096_/X (sky130_fd_sc_hd__clkbuf_1)
     1    0.00                           u_pc_reg._013_ (net)
                  0.04    0.00    1.56 ^ u_pc_reg._147_/D (sky130_fd_sc_hd__dfxtp_4)
                                  1.56   data arrival time

                          0.00    0.00   clock clk (rise edge)
                          0.00    0.00   clock source latency
                  0.00    0.00    0.00 ^ clk (in)
     1    0.13                           clk (net)
                  0.00    0.00    0.00 ^ clkbuf_0_clk/A (sky130_fd_sc_hd__clkbuf_16)
                  0.08    0.14    0.14 ^ clkbuf_0_clk/X (sky130_fd_sc_hd__clkbuf_16)
     4    0.06                           clknet_0_clk (net)
                  0.08    0.00    0.14 ^ clkbuf_2_2_0_clk/A (sky130_fd_sc_hd__clkbuf_8)
                  0.14    0.21    0.36 ^ clkbuf_2_2_0_clk/X (sky130_fd_sc_hd__clkbuf_8)
    14    0.08                           clknet_2_2_0_clk (net)
                  0.14    0.00    0.36 ^ u_pc_reg._147_/CLK (sky130_fd_sc_hd__dfxtp_4)
                          0.20    0.56   clock uncertainty
                          0.00    0.56   clock reconvergence pessimism
                         -0.02    0.54   library hold time
                                  0.54   data required time
-----------------------------------------------------------------------------
                                  0.54   data required time
                                 -1.56   data arrival time
-----------------------------------------------------------------------------
                                  1.02   slack (MET)


Startpoint: u_pc_reg._165_ (rising edge-triggered flip-flop clocked by clk)
Endpoint: u_regfile.u_sram_rs1 (falling edge-triggered flip-flop clocked by clk)
Path Group: clk
Path Type: min

Fanout     Cap    Slew   Delay    Time   Description
-----------------------------------------------------------------------------
                          0.00    0.00   clock clk (rise edge)
                          0.00    0.00   clock source latency
                  0.00    0.00    0.00 ^ clk (in)
     1    0.13                           clk (net)
                  0.00    0.00    0.00 ^ clkbuf_0_clk/A (sky130_fd_sc_hd__clkbuf_16)
                  0.08    0.14    0.14 ^ clkbuf_0_clk/X (sky130_fd_sc_hd__clkbuf_16)
     4    0.06                           clknet_0_clk (net)
                  0.08    0.00    0.14 ^ clkbuf_2_3_0_clk/A (sky130_fd_sc_hd__clkbuf_8)
                  0.28    0.31    0.46 ^ clkbuf_2_3_0_clk/X (sky130_fd_sc_hd__clkbuf_8)
    10    0.16                           clknet_2_3_0_clk (net)
                  0.28    0.00    0.46 ^ u_pc_reg._165_/CLK (sky130_fd_sc_hd__dfxtp_4)
                  0.18    0.52    0.98 ^ u_pc_reg._165_/Q (sky130_fd_sc_hd__dfxtp_4)
     6    0.06                           u_imem.addr[31] (net)
                  0.19    0.01    0.99 ^ u_pc_next_logic._0851_/A (sky130_fd_sc_hd__xnor2_1)
                  0.11    0.18    1.17 ^ u_pc_next_logic._0851_/Y (sky130_fd_sc_hd__xnor2_1)
     2    0.01                           u_pc_next_logic.pc_plus4[31] (net)
                  0.11    0.00    1.17 ^ u_wb_mux._199_/A1 (sky130_fd_sc_hd__a22o_1)
                  0.07    0.16    1.33 ^ u_wb_mux._199_/X (sky130_fd_sc_hd__a22o_1)
     1    0.01                           u_wb_mux._083_ (net)
                  0.07    0.00    1.33 ^ u_wb_mux._201_/B1 (sky130_fd_sc_hd__a211o_4)
                  0.20    0.22    1.55 ^ u_wb_mux._201_/X (sky130_fd_sc_hd__a211o_4)
     3    0.07                           u_regfile.wd[31] (net)
                  0.27    0.01    1.56 ^ u_regfile.u_sram_rs1/din0[31] (sky130_sram_1kbyte_1rw1r_32x256_8)
                                  1.56   data arrival time

                          0.00    0.00   clock clk (rise edge)
                          0.00    0.00   clock source latency
                  0.00    0.00    0.00 ^ clk (in)
     1    0.13                           clk (net)
                  0.00    0.00    0.00 ^ clkbuf_0_clk/A (sky130_fd_sc_hd__clkbuf_16)
                  0.08    0.14    0.14 ^ clkbuf_0_clk/X (sky130_fd_sc_hd__clkbuf_16)
     4    0.06                           clknet_0_clk (net)
                  0.08    0.00    0.14 ^ clkbuf_2_0_0_clk/A (sky130_fd_sc_hd__clkbuf_8)
                  0.19    0.25    0.39 ^ clkbuf_2_0_0_clk/X (sky130_fd_sc_hd__clkbuf_8)
     9    0.11                           clknet_2_0_0_clk (net)
                  0.26    0.00    0.39 ^ u_regfile.u_sram_rs1/clk0 (sky130_sram_1kbyte_1rw1r_32x256_8)
                          0.20    0.59   clock uncertainty
                          0.00    0.59   clock reconvergence pessimism
                         -0.06    0.54   library hold time
                                  0.54   data required time
-----------------------------------------------------------------------------
                                  0.54   data required time
                                 -1.56   data arrival time
-----------------------------------------------------------------------------
                                  1.02   slack (MET)


Startpoint: u_pc_reg._164_ (rising edge-triggered flip-flop clocked by clk)
Endpoint: u_pc_reg._165_ (rising edge-triggered flip-flop clocked by clk)
Path Group: clk
Path Type: min

Fanout     Cap    Slew   Delay    Time   Description
-----------------------------------------------------------------------------
                          0.00    0.00   clock clk (rise edge)
                          0.00    0.00   clock source latency
                  0.00    0.00    0.00 ^ clk (in)
     1    0.13                           clk (net)
                  0.00    0.00    0.00 ^ clkbuf_0_clk/A (sky130_fd_sc_hd__clkbuf_16)
                  0.08    0.14    0.14 ^ clkbuf_0_clk/X (sky130_fd_sc_hd__clkbuf_16)
     4    0.06                           clknet_0_clk (net)
                  0.08    0.00    0.14 ^ clkbuf_2_3_0_clk/A (sky130_fd_sc_hd__clkbuf_8)
                  0.28    0.31    0.46 ^ clkbuf_2_3_0_clk/X (sky130_fd_sc_hd__clkbuf_8)
    10    0.16                           clknet_2_3_0_clk (net)
                  0.28    0.00    0.46 ^ u_pc_reg._164_/CLK (sky130_fd_sc_hd__dfxtp_4)
                  0.10    0.48    0.93 v u_pc_reg._164_/Q (sky130_fd_sc_hd__dfxtp_4)
    10    0.07                           u_imem.addr[30] (net)
                  0.10    0.01    0.94 v u_pc_next_logic._1581_/A (sky130_fd_sc_hd__nand2_2)
                  0.10    0.13    1.07 ^ u_pc_next_logic._1581_/Y (sky130_fd_sc_hd__nand2_2)
     4    0.02                           u_pc_next_logic._0035_ (net)
                  0.10    0.00    1.07 ^ u_pc_next_logic._1601_/A1 (sky130_fd_sc_hd__a31o_1)
                  0.10    0.19    1.26 ^ u_pc_next_logic._1601_/X (sky130_fd_sc_hd__a31o_1)
     1    0.01                           u_pc_next_logic._0054_ (net)
                  0.10    0.00    1.26 ^ u_pc_next_logic._1602_/A2 (sky130_fd_sc_hd__o21ai_4)
                  0.06    0.08    1.34 v u_pc_next_logic._1602_/Y (sky130_fd_sc_hd__o21ai_4)
     1    0.02                           u_pc_next_logic._0055_ (net)
                  0.06    0.00    1.34 v u_pc_next_logic._1603_/B2 (sky130_fd_sc_hd__o32a_1)
                  0.04    0.15    1.49 v u_pc_next_logic._1603_/X (sky130_fd_sc_hd__o32a_1)
     1    0.00                           u_pc_next_logic.pc_next[31] (net)
                  0.04    0.00    1.49 v u_pc_reg._132_/B (sky130_fd_sc_hd__and2_1)
                  0.03    0.14    1.63 v u_pc_reg._132_/X (sky130_fd_sc_hd__and2_1)
     1    0.00                           u_pc_reg._048_ (net)
                  0.03    0.00    1.63 v u_pc_reg._133_/A (sky130_fd_sc_hd__clkbuf_1)
                  0.02    0.08    1.71 v u_pc_reg._133_/X (sky130_fd_sc_hd__clkbuf_1)
     1    0.00                           u_pc_reg._031_ (net)
                  0.02    0.00    1.71 v u_pc_reg._165_/D (sky130_fd_sc_hd__dfxtp_4)
                                  1.71   data arrival time

                          0.00    0.00   clock clk (rise edge)
                          0.00    0.00   clock source latency
                  0.00    0.00    0.00 ^ clk (in)
     1    0.13                           clk (net)
                  0.00    0.00    0.00 ^ clkbuf_0_clk/A (sky130_fd_sc_hd__clkbuf_16)
                  0.08    0.14    0.14 ^ clkbuf_0_clk/X (sky130_fd_sc_hd__clkbuf_16)
     4    0.06                           clknet_0_clk (net)
                  0.08    0.00    0.14 ^ clkbuf_2_3_0_clk/A (sky130_fd_sc_hd__clkbuf_8)
                  0.28    0.31    0.46 ^ clkbuf_2_3_0_clk/X (sky130_fd_sc_hd__clkbuf_8)
    10    0.16                           clknet_2_3_0_clk (net)
                  0.28    0.00    0.46 ^ u_pc_reg._165_/CLK (sky130_fd_sc_hd__dfxtp_4)
                          0.20    0.66   clock uncertainty
                          0.00    0.66   clock reconvergence pessimism
                          0.01    0.67   library hold time
                                  0.67   data required time
-----------------------------------------------------------------------------
                                  0.67   data required time
                                 -1.71   data arrival time
-----------------------------------------------------------------------------
                                  1.04   slack (MET)


Startpoint: u_pc_reg._150_ (rising edge-triggered flip-flop clocked by clk)
Endpoint: u_pc_reg._150_ (rising edge-triggered flip-flop clocked by clk)
Path Group: clk
Path Type: min

Fanout     Cap    Slew   Delay    Time   Description
-----------------------------------------------------------------------------
                          0.00    0.00   clock clk (rise edge)
                          0.00    0.00   clock source latency
                  0.00    0.00    0.00 ^ clk (in)
     1    0.13                           clk (net)
                  0.00    0.00    0.00 ^ clkbuf_0_clk/A (sky130_fd_sc_hd__clkbuf_16)
                  0.08    0.14    0.14 ^ clkbuf_0_clk/X (sky130_fd_sc_hd__clkbuf_16)
     4    0.06                           clknet_0_clk (net)
                  0.08    0.00    0.14 ^ clkbuf_2_2_0_clk/A (sky130_fd_sc_hd__clkbuf_8)
                  0.14    0.21    0.36 ^ clkbuf_2_2_0_clk/X (sky130_fd_sc_hd__clkbuf_8)
    14    0.08                           clknet_2_2_0_clk (net)
                  0.14    0.00    0.36 ^ u_pc_reg._150_/CLK (sky130_fd_sc_hd__dfxtp_4)
                  0.13    0.46    0.82 v u_pc_reg._150_/Q (sky130_fd_sc_hd__dfxtp_4)
    13    0.09                           u_imem.addr[16] (net)
                  0.13    0.00    0.82 v u_pc_next_logic._1248_/A (sky130_fd_sc_hd__nand2_1)
                  0.09    0.13    0.95 ^ u_pc_next_logic._1248_/Y (sky130_fd_sc_hd__nand2_1)
     3    0.01                           u_pc_next_logic._0487_ (net)
                  0.09    0.00    0.95 ^ u_pc_next_logic._1250_/A (sky130_fd_sc_hd__nand2_1)
                  0.08    0.10    1.05 v u_pc_next_logic._1250_/Y (sky130_fd_sc_hd__nand2_1)
     3    0.01                           u_pc_next_logic._0489_ (net)
                  0.08    0.00    1.05 v u_pc_next_logic._1251_/B (sky130_fd_sc_hd__xnor2_1)
                  0.07    0.16    1.21 v u_pc_next_logic._1251_/Y (sky130_fd_sc_hd__xnor2_1)
     1    0.01                           u_pc_next_logic._0490_ (net)
                  0.07    0.00    1.21 v u_pc_next_logic._1252_/B (sky130_fd_sc_hd__nand2_1)
                  0.05    0.08    1.29 ^ u_pc_next_logic._1252_/Y (sky130_fd_sc_hd__nand2_1)
     1    0.00                           u_pc_next_logic._0491_ (net)
                  0.05    0.00    1.29 ^ u_pc_next_logic._1253_/B2 (sky130_fd_sc_hd__a32o_1)
                  0.04    0.11    1.40 ^ u_pc_next_logic._1253_/X (sky130_fd_sc_hd__a32o_1)
     1    0.00                           u_pc_next_logic.pc_next[16] (net)
                  0.04    0.00    1.40 ^ u_pc_reg._101_/B (sky130_fd_sc_hd__and2_1)
                  0.04    0.11    1.51 ^ u_pc_reg._101_/X (sky130_fd_sc_hd__and2_1)
     1    0.00                           u_pc_reg._032_ (net)
                  0.04    0.00    1.51 ^ u_pc_reg._102_/A (sky130_fd_sc_hd__clkbuf_1)
                  0.03    0.07    1.58 ^ u_pc_reg._102_/X (sky130_fd_sc_hd__clkbuf_1)
     1    0.00                           u_pc_reg._016_ (net)
                  0.03    0.00    1.58 ^ u_pc_reg._150_/D (sky130_fd_sc_hd__dfxtp_4)
                                  1.58   data arrival time

                          0.00    0.00   clock clk (rise edge)
                          0.00    0.00   clock source latency
                  0.00    0.00    0.00 ^ clk (in)
     1    0.13                           clk (net)
                  0.00    0.00    0.00 ^ clkbuf_0_clk/A (sky130_fd_sc_hd__clkbuf_16)
                  0.08    0.14    0.14 ^ clkbuf_0_clk/X (sky130_fd_sc_hd__clkbuf_16)
     4    0.06                           clknet_0_clk (net)
                  0.08    0.00    0.14 ^ clkbuf_2_2_0_clk/A (sky130_fd_sc_hd__clkbuf_8)
                  0.14    0.21    0.36 ^ clkbuf_2_2_0_clk/X (sky130_fd_sc_hd__clkbuf_8)
    14    0.08                           clknet_2_2_0_clk (net)
                  0.14    0.00    0.36 ^ u_pc_reg._150_/CLK (sky130_fd_sc_hd__dfxtp_4)
                          0.20    0.56   clock uncertainty
                          0.00    0.56   clock reconvergence pessimism
                         -0.02    0.54   library hold time
                                  0.54   data required time
-----------------------------------------------------------------------------
                                  0.54   data required time
                                 -1.58   data arrival time
-----------------------------------------------------------------------------
                                  1.04   slack (MET)


Startpoint: u_pc_reg._161_ (rising edge-triggered flip-flop clocked by clk)
Endpoint: u_pc_reg._161_ (rising edge-triggered flip-flop clocked by clk)
Path Group: clk
Path Type: min

Fanout     Cap    Slew   Delay    Time   Description
-----------------------------------------------------------------------------
                          0.00    0.00   clock clk (rise edge)
                          0.00    0.00   clock source latency
                  0.00    0.00    0.00 ^ clk (in)
     1    0.13                           clk (net)
                  0.00    0.00    0.00 ^ clkbuf_0_clk/A (sky130_fd_sc_hd__clkbuf_16)
                  0.08    0.14    0.14 ^ clkbuf_0_clk/X (sky130_fd_sc_hd__clkbuf_16)
     4    0.06                           clknet_0_clk (net)
                  0.08    0.00    0.14 ^ clkbuf_2_2_0_clk/A (sky130_fd_sc_hd__clkbuf_8)
                  0.14    0.21    0.36 ^ clkbuf_2_2_0_clk/X (sky130_fd_sc_hd__clkbuf_8)
    14    0.08                           clknet_2_2_0_clk (net)
                  0.14    0.00    0.36 ^ u_pc_reg._161_/CLK (sky130_fd_sc_hd__dfxtp_4)
                  0.14    0.47    0.83 v u_pc_reg._161_/Q (sky130_fd_sc_hd__dfxtp_4)
    13    0.10                           u_imem.addr[27] (net)
                  0.14    0.00    0.83 v u_pc_next_logic._1508_/A (sky130_fd_sc_hd__and2_1)
                  0.05    0.19    1.02 v u_pc_next_logic._1508_/X (sky130_fd_sc_hd__and2_1)
     3    0.01                           u_pc_next_logic._0736_ (net)
                  0.05    0.00    1.02 v u_pc_next_logic._1511_/A1 (sky130_fd_sc_hd__o21ai_1)
                  0.08    0.13    1.15 ^ u_pc_next_logic._1511_/Y (sky130_fd_sc_hd__o21ai_1)
     1    0.00                           u_pc_next_logic._0739_ (net)
                  0.08    0.00    1.15 ^ u_pc_next_logic._1513_/A2 (sky130_fd_sc_hd__a31o_1)
                  0.05    0.14    1.30 ^ u_pc_next_logic._1513_/X (sky130_fd_sc_hd__a31o_1)
     1    0.00                           u_pc_next_logic._0741_ (net)
                  0.05    0.00    1.30 ^ u_pc_next_logic._1514_/B2 (sky130_fd_sc_hd__o22a_1)
                  0.04    0.10    1.40 ^ u_pc_next_logic._1514_/X (sky130_fd_sc_hd__o22a_1)
     1    0.00                           u_pc_next_logic.pc_next[27] (net)
                  0.04    0.00    1.40 ^ u_pc_reg._124_/B (sky130_fd_sc_hd__and2_1)
                  0.04    0.11    1.51 ^ u_pc_reg._124_/X (sky130_fd_sc_hd__and2_1)
     1    0.00                           u_pc_reg._044_ (net)
                  0.04    0.00    1.51 ^ u_pc_reg._125_/A (sky130_fd_sc_hd__clkbuf_1)
                  0.04    0.07    1.58 ^ u_pc_reg._125_/X (sky130_fd_sc_hd__clkbuf_1)
     1    0.00                           u_pc_reg._027_ (net)
                  0.04    0.00    1.58 ^ u_pc_reg._161_/D (sky130_fd_sc_hd__dfxtp_4)
                                  1.58   data arrival time

                          0.00    0.00   clock clk (rise edge)
                          0.00    0.00   clock source latency
                  0.00    0.00    0.00 ^ clk (in)
     1    0.13                           clk (net)
                  0.00    0.00    0.00 ^ clkbuf_0_clk/A (sky130_fd_sc_hd__clkbuf_16)
                  0.08    0.14    0.14 ^ clkbuf_0_clk/X (sky130_fd_sc_hd__clkbuf_16)
     4    0.06                           clknet_0_clk (net)
                  0.08    0.00    0.14 ^ clkbuf_2_2_0_clk/A (sky130_fd_sc_hd__clkbuf_8)
                  0.14    0.21    0.36 ^ clkbuf_2_2_0_clk/X (sky130_fd_sc_hd__clkbuf_8)
    14    0.08                           clknet_2_2_0_clk (net)
                  0.14    0.00    0.36 ^ u_pc_reg._161_/CLK (sky130_fd_sc_hd__dfxtp_4)
                          0.20    0.56   clock uncertainty
                          0.00    0.56   clock reconvergence pessimism
                         -0.02    0.54   library hold time
                                  0.54   data required time
-----------------------------------------------------------------------------
                                  0.54   data required time
                                 -1.58   data arrival time
-----------------------------------------------------------------------------
                                  1.04   slack (MET)


Startpoint: u_pc_reg._135_ (rising edge-triggered flip-flop clocked by clk)
Endpoint: u_regfile.u_sram_rs2 (falling edge-triggered flip-flop clocked by clk)
Path Group: clk
Path Type: min

Fanout     Cap    Slew   Delay    Time   Description
-----------------------------------------------------------------------------
                          0.00    0.00   clock clk (rise edge)
                          0.00    0.00   clock source latency
                  0.00    0.00    0.00 ^ clk (in)
     1    0.13                           clk (net)
                  0.00    0.00    0.00 ^ clkbuf_0_clk/A (sky130_fd_sc_hd__clkbuf_16)
                  0.08    0.14    0.14 ^ clkbuf_0_clk/X (sky130_fd_sc_hd__clkbuf_16)
     4    0.06                           clknet_0_clk (net)
                  0.08    0.00    0.14 ^ clkbuf_2_0_0_clk/A (sky130_fd_sc_hd__clkbuf_8)
                  0.19    0.25    0.39 ^ clkbuf_2_0_0_clk/X (sky130_fd_sc_hd__clkbuf_8)
     9    0.11                           clknet_2_0_0_clk (net)
                  0.19    0.00    0.39 ^ u_pc_reg._135_/CLK (sky130_fd_sc_hd__dfxtp_4)
                  0.21    0.52    0.91 ^ u_pc_reg._135_/Q (sky130_fd_sc_hd__dfxtp_4)
    11    0.07                           u_imem.addr[1] (net)
                  0.21    0.00    0.91 ^ u_pc_next_logic._1605_/A (sky130_fd_sc_hd__clkbuf_1)
                  0.05    0.11    1.03 ^ u_pc_next_logic._1605_/X (sky130_fd_sc_hd__clkbuf_1)
     1    0.00                           u_pc_next_logic.pc_plus4[1] (net)
                  0.05    0.00    1.03 ^ u_wb_mux._099_/A1 (sky130_fd_sc_hd__a22o_1)
                  0.07    0.14    1.17 ^ u_wb_mux._099_/X (sky130_fd_sc_hd__a22o_1)
     1    0.01                           u_wb_mux._013_ (net)
                  0.07    0.00    1.17 ^ u_wb_mux._101_/B1 (sky130_fd_sc_hd__a211o_4)
                  0.41    0.35    1.52 ^ u_wb_mux._101_/X (sky130_fd_sc_hd__a211o_4)
     3    0.15                           u_regfile.wd[1] (net)
                  0.55    0.03    1.55 ^ u_regfile.u_sram_rs2/din0[1] (sky130_sram_1kbyte_1rw1r_32x256_8)
                                  1.55   data arrival time

                          0.00    0.00   clock clk (rise edge)
                          0.00    0.00   clock source latency
                  0.00    0.00    0.00 ^ clk (in)
     1    0.13                           clk (net)
                  0.00    0.00    0.00 ^ clkbuf_0_clk/A (sky130_fd_sc_hd__clkbuf_16)
                  0.08    0.14    0.14 ^ clkbuf_0_clk/X (sky130_fd_sc_hd__clkbuf_16)
     4    0.06                           clknet_0_clk (net)
                  0.08    0.00    0.14 ^ clkbuf_2_2_0_clk/A (sky130_fd_sc_hd__clkbuf_8)
                  0.14    0.21    0.36 ^ clkbuf_2_2_0_clk/X (sky130_fd_sc_hd__clkbuf_8)
    14    0.08                           clknet_2_2_0_clk (net)
                  0.19    0.00    0.36 ^ u_regfile.u_sram_rs2/clk0 (sky130_sram_1kbyte_1rw1r_32x256_8)
                          0.20    0.56   clock uncertainty
                          0.00    0.56   clock reconvergence pessimism
                         -0.06    0.50   library hold time
                                  0.50   data required time
-----------------------------------------------------------------------------
                                  0.50   data required time
                                 -1.55   data arrival time
-----------------------------------------------------------------------------
                                  1.05   slack (MET)


Startpoint: u_pc_reg._163_ (rising edge-triggered flip-flop clocked by clk)
Endpoint: u_regfile.u_sram_rs2 (falling edge-triggered flip-flop clocked by clk)
Path Group: clk
Path Type: min

Fanout     Cap    Slew   Delay    Time   Description
-----------------------------------------------------------------------------
                          0.00    0.00   clock clk (rise edge)
                          0.00    0.00   clock source latency
                  0.00    0.00    0.00 ^ clk (in)
     1    0.13                           clk (net)
                  0.00    0.00    0.00 ^ clkbuf_0_clk/A (sky130_fd_sc_hd__clkbuf_16)
                  0.08    0.14    0.14 ^ clkbuf_0_clk/X (sky130_fd_sc_hd__clkbuf_16)
     4    0.06                           clknet_0_clk (net)
                  0.08    0.00    0.14 ^ clkbuf_2_2_0_clk/A (sky130_fd_sc_hd__clkbuf_8)
                  0.14    0.21    0.36 ^ clkbuf_2_2_0_clk/X (sky130_fd_sc_hd__clkbuf_8)
    14    0.08                           clknet_2_2_0_clk (net)
                  0.14    0.00    0.36 ^ u_pc_reg._163_/CLK (sky130_fd_sc_hd__dfxtp_4)
                  0.12    0.46    0.82 v u_pc_reg._163_/Q (sky130_fd_sc_hd__dfxtp_4)
    11    0.09                           u_imem.addr[29] (net)
                  0.12    0.01    0.82 v u_pc_next_logic._0842_/A (sky130_fd_sc_hd__inv_2)
                  0.04    0.07    0.90 ^ u_pc_next_logic._0842_/Y (sky130_fd_sc_hd__inv_2)
     2    0.00                           u_pc_next_logic._0100_ (net)
                  0.04    0.00    0.90 ^ u_pc_next_logic._0845_/A (sky130_fd_sc_hd__nor2_1)
                  0.04    0.05    0.95 v u_pc_next_logic._0845_/Y (sky130_fd_sc_hd__nor2_1)
     3    0.01                           u_pc_next_logic._0103_ (net)
                  0.04    0.00    0.95 v u_pc_next_logic._0846_/B (sky130_fd_sc_hd__nor2_1)
                  0.22    0.19    1.14 ^ u_pc_next_logic._0846_/Y (sky130_fd_sc_hd__nor2_1)
     2    0.01                           u_pc_next_logic.pc_plus4[29] (net)
                  0.22    0.00    1.14 ^ u_wb_mux._193_/A1 (sky130_fd_sc_hd__a22o_1)
                  0.07    0.20    1.33 ^ u_wb_mux._193_/X (sky130_fd_sc_hd__a22o_1)
     1    0.01                           u_wb_mux._079_ (net)
                  0.07    0.00    1.33 ^ u_wb_mux._195_/B1 (sky130_fd_sc_hd__a211o_4)
                  0.19    0.21    1.54 ^ u_wb_mux._195_/X (sky130_fd_sc_hd__a211o_4)
     3    0.07                           u_regfile.wd[29] (net)
                  0.25    0.00    1.55 ^ u_regfile.u_sram_rs2/din0[29] (sky130_sram_1kbyte_1rw1r_32x256_8)
                                  1.55   data arrival time

                          0.00    0.00   clock clk (rise edge)
                          0.00    0.00   clock source latency
                  0.00    0.00    0.00 ^ clk (in)
     1    0.13                           clk (net)
                  0.00    0.00    0.00 ^ clkbuf_0_clk/A (sky130_fd_sc_hd__clkbuf_16)
                  0.08    0.14    0.14 ^ clkbuf_0_clk/X (sky130_fd_sc_hd__clkbuf_16)
     4    0.06                           clknet_0_clk (net)
                  0.08    0.00    0.14 ^ clkbuf_2_2_0_clk/A (sky130_fd_sc_hd__clkbuf_8)
                  0.14    0.21    0.36 ^ clkbuf_2_2_0_clk/X (sky130_fd_sc_hd__clkbuf_8)
    14    0.08                           clknet_2_2_0_clk (net)
                  0.19    0.00    0.36 ^ u_regfile.u_sram_rs2/clk0 (sky130_sram_1kbyte_1rw1r_32x256_8)
                          0.20    0.56   clock uncertainty
                          0.00    0.56   clock reconvergence pessimism
                         -0.06    0.50   library hold time
                                  0.50   data required time
-----------------------------------------------------------------------------
                                  0.50   data required time
                                 -1.55   data arrival time
-----------------------------------------------------------------------------
                                  1.05   slack (MET)


Startpoint: u_pc_reg._149_ (rising edge-triggered flip-flop clocked by clk)
Endpoint: u_regfile.u_sram_rs1 (falling edge-triggered flip-flop clocked by clk)
Path Group: clk
Path Type: min

Fanout     Cap    Slew   Delay    Time   Description
-----------------------------------------------------------------------------
                          0.00    0.00   clock clk (rise edge)
                          0.00    0.00   clock source latency
                  0.00    0.00    0.00 ^ clk (in)
     1    0.13                           clk (net)
                  0.00    0.00    0.00 ^ clkbuf_0_clk/A (sky130_fd_sc_hd__clkbuf_16)
                  0.08    0.14    0.14 ^ clkbuf_0_clk/X (sky130_fd_sc_hd__clkbuf_16)
     4    0.06                           clknet_0_clk (net)
                  0.08    0.00    0.14 ^ clkbuf_2_0_0_clk/A (sky130_fd_sc_hd__clkbuf_8)
                  0.19    0.25    0.39 ^ clkbuf_2_0_0_clk/X (sky130_fd_sc_hd__clkbuf_8)
     9    0.11                           clknet_2_0_0_clk (net)
                  0.19    0.00    0.39 ^ u_pc_reg._149_/CLK (sky130_fd_sc_hd__dfxtp_4)
                  0.22    0.52    0.91 ^ u_pc_reg._149_/Q (sky130_fd_sc_hd__dfxtp_4)
    12    0.08                           u_imem.addr[15] (net)
                  0.22    0.01    0.92 ^ u_pc_next_logic._0802_/B1 (sky130_fd_sc_hd__a21oi_1)
                  0.05    0.06    0.98 v u_pc_next_logic._0802_/Y (sky130_fd_sc_hd__a21oi_1)
     1    0.00                           u_pc_next_logic._0074_ (net)
                  0.05    0.00    0.98 v u_pc_next_logic._0804_/A (sky130_fd_sc_hd__nor2_1)
                  0.13    0.14    1.12 ^ u_pc_next_logic._0804_/Y (sky130_fd_sc_hd__nor2_1)
     2    0.01                           u_pc_next_logic.pc_plus4[15] (net)
                  0.13    0.00    1.12 ^ u_wb_mux._146_/A1 (sky130_fd_sc_hd__a22o_1)
                  0.07    0.17    1.29 ^ u_wb_mux._146_/X (sky130_fd_sc_hd__a22o_1)
     1    0.01                           u_wb_mux._046_ (net)
                  0.07    0.00    1.29 ^ u_wb_mux._148_/B1 (sky130_fd_sc_hd__a211o_4)
                  0.30    0.28    1.57 ^ u_wb_mux._148_/X (sky130_fd_sc_hd__a211o_4)
     3    0.11                           u_regfile.wd[15] (net)
                  0.40    0.02    1.59 ^ u_regfile.u_sram_rs1/din0[15] (sky130_sram_1kbyte_1rw1r_32x256_8)
                                  1.59   data arrival time

                          0.00    0.00   clock clk (rise edge)
                          0.00    0.00   clock source latency
                  0.00    0.00    0.00 ^ clk (in)
     1    0.13                           clk (net)
                  0.00    0.00    0.00 ^ clkbuf_0_clk/A (sky130_fd_sc_hd__clkbuf_16)
                  0.08    0.14    0.14 ^ clkbuf_0_clk/X (sky130_fd_sc_hd__clkbuf_16)
     4    0.06                           clknet_0_clk (net)
                  0.08    0.00    0.14 ^ clkbuf_2_0_0_clk/A (sky130_fd_sc_hd__clkbuf_8)
                  0.19    0.25    0.39 ^ clkbuf_2_0_0_clk/X (sky130_fd_sc_hd__clkbuf_8)
     9    0.11                           clknet_2_0_0_clk (net)
                  0.26    0.00    0.39 ^ u_regfile.u_sram_rs1/clk0 (sky130_sram_1kbyte_1rw1r_32x256_8)
                          0.20    0.59   clock uncertainty
                          0.00    0.59   clock reconvergence pessimism
                         -0.06    0.54   library hold time
                                  0.54   data required time
-----------------------------------------------------------------------------
                                  0.54   data required time
                                 -1.59   data arrival time
-----------------------------------------------------------------------------
                                  1.05   slack (MET)


Startpoint: u_pc_reg._152_ (rising edge-triggered flip-flop clocked by clk)
Endpoint: u_regfile.u_sram_rs1 (falling edge-triggered flip-flop clocked by clk)
Path Group: clk
Path Type: min

Fanout     Cap    Slew   Delay    Time   Description
-----------------------------------------------------------------------------
                          0.00    0.00   clock clk (rise edge)
                          0.00    0.00   clock source latency
                  0.00    0.00    0.00 ^ clk (in)
     1    0.13                           clk (net)
                  0.00    0.00    0.00 ^ clkbuf_0_clk/A (sky130_fd_sc_hd__clkbuf_16)
                  0.08    0.14    0.14 ^ clkbuf_0_clk/X (sky130_fd_sc_hd__clkbuf_16)
     4    0.06                           clknet_0_clk (net)
                  0.08    0.00    0.14 ^ clkbuf_2_2_0_clk/A (sky130_fd_sc_hd__clkbuf_8)
                  0.14    0.21    0.36 ^ clkbuf_2_2_0_clk/X (sky130_fd_sc_hd__clkbuf_8)
    14    0.08                           clknet_2_2_0_clk (net)
                  0.14    0.00    0.36 ^ u_pc_reg._152_/CLK (sky130_fd_sc_hd__dfxtp_4)
                  0.15    0.48    0.84 v u_pc_reg._152_/Q (sky130_fd_sc_hd__dfxtp_4)
    14    0.12                           u_imem.addr[18] (net)
                  0.15    0.00    0.85 v u_pc_next_logic._0811_/A (sky130_fd_sc_hd__xnor2_2)
                  0.10    0.29    1.14 ^ u_pc_next_logic._0811_/Y (sky130_fd_sc_hd__xnor2_2)
     2    0.02                           u_pc_next_logic.pc_plus4[18] (net)
                  0.10    0.00    1.14 ^ u_wb_mux._155_/A1 (sky130_fd_sc_hd__a22o_1)
                  0.07    0.16    1.30 ^ u_wb_mux._155_/X (sky130_fd_sc_hd__a22o_1)
     1    0.01                           u_wb_mux._052_ (net)
                  0.07    0.00    1.30 ^ u_wb_mux._157_/B1 (sky130_fd_sc_hd__a211o_4)
                  0.28    0.26    1.56 ^ u_wb_mux._157_/X (sky130_fd_sc_hd__a211o_4)
     3    0.10                           u_regfile.wd[18] (net)
                  0.37    0.03    1.59 ^ u_regfile.u_sram_rs1/din0[18] (sky130_sram_1kbyte_1rw1r_32x256_8)
                                  1.59   data arrival time

                          0.00    0.00   clock clk (rise edge)
                          0.00    0.00   clock source latency
                  0.00    0.00    0.00 ^ clk (in)
     1    0.13                           clk (net)
                  0.00    0.00    0.00 ^ clkbuf_0_clk/A (sky130_fd_sc_hd__clkbuf_16)
                  0.08    0.14    0.14 ^ clkbuf_0_clk/X (sky130_fd_sc_hd__clkbuf_16)
     4    0.06                           clknet_0_clk (net)
                  0.08    0.00    0.14 ^ clkbuf_2_0_0_clk/A (sky130_fd_sc_hd__clkbuf_8)
                  0.19    0.25    0.39 ^ clkbuf_2_0_0_clk/X (sky130_fd_sc_hd__clkbuf_8)
     9    0.11                           clknet_2_0_0_clk (net)
                  0.26    0.00    0.39 ^ u_regfile.u_sram_rs1/clk0 (sky130_sram_1kbyte_1rw1r_32x256_8)
                          0.20    0.59   clock uncertainty
                          0.00    0.59   clock reconvergence pessimism
                         -0.06    0.54   library hold time
                                  0.54   data required time
-----------------------------------------------------------------------------
                                  0.54   data required time
                                 -1.59   data arrival time
-----------------------------------------------------------------------------
                                  1.05   slack (MET)


Startpoint: u_pc_reg._165_ (rising edge-triggered flip-flop clocked by clk)
Endpoint: u_regfile.u_sram_rs2 (falling edge-triggered flip-flop clocked by clk)
Path Group: clk
Path Type: min

Fanout     Cap    Slew   Delay    Time   Description
-----------------------------------------------------------------------------
                          0.00    0.00   clock clk (rise edge)
                          0.00    0.00   clock source latency
                  0.00    0.00    0.00 ^ clk (in)
     1    0.13                           clk (net)
                  0.00    0.00    0.00 ^ clkbuf_0_clk/A (sky130_fd_sc_hd__clkbuf_16)
                  0.08    0.14    0.14 ^ clkbuf_0_clk/X (sky130_fd_sc_hd__clkbuf_16)
     4    0.06                           clknet_0_clk (net)
                  0.08    0.00    0.14 ^ clkbuf_2_3_0_clk/A (sky130_fd_sc_hd__clkbuf_8)
                  0.28    0.31    0.46 ^ clkbuf_2_3_0_clk/X (sky130_fd_sc_hd__clkbuf_8)
    10    0.16                           clknet_2_3_0_clk (net)
                  0.28    0.00    0.46 ^ u_pc_reg._165_/CLK (sky130_fd_sc_hd__dfxtp_4)
                  0.18    0.52    0.98 ^ u_pc_reg._165_/Q (sky130_fd_sc_hd__dfxtp_4)
     6    0.06                           u_imem.addr[31] (net)
                  0.19    0.01    0.99 ^ u_pc_next_logic._0851_/A (sky130_fd_sc_hd__xnor2_1)
                  0.11    0.18    1.17 ^ u_pc_next_logic._0851_/Y (sky130_fd_sc_hd__xnor2_1)
     2    0.01                           u_pc_next_logic.pc_plus4[31] (net)
                  0.11    0.00    1.17 ^ u_wb_mux._199_/A1 (sky130_fd_sc_hd__a22o_1)
                  0.07    0.16    1.33 ^ u_wb_mux._199_/X (sky130_fd_sc_hd__a22o_1)
     1    0.01                           u_wb_mux._083_ (net)
                  0.07    0.00    1.33 ^ u_wb_mux._201_/B1 (sky130_fd_sc_hd__a211o_4)
                  0.20    0.22    1.55 ^ u_wb_mux._201_/X (sky130_fd_sc_hd__a211o_4)
     3    0.07                           u_regfile.wd[31] (net)
                  0.27    0.01    1.56 ^ u_regfile.u_sram_rs2/din0[31] (sky130_sram_1kbyte_1rw1r_32x256_8)
                                  1.56   data arrival time

                          0.00    0.00   clock clk (rise edge)
                          0.00    0.00   clock source latency
                  0.00    0.00    0.00 ^ clk (in)
     1    0.13                           clk (net)
                  0.00    0.00    0.00 ^ clkbuf_0_clk/A (sky130_fd_sc_hd__clkbuf_16)
                  0.08    0.14    0.14 ^ clkbuf_0_clk/X (sky130_fd_sc_hd__clkbuf_16)
     4    0.06                           clknet_0_clk (net)
                  0.08    0.00    0.14 ^ clkbuf_2_2_0_clk/A (sky130_fd_sc_hd__clkbuf_8)
                  0.14    0.21    0.36 ^ clkbuf_2_2_0_clk/X (sky130_fd_sc_hd__clkbuf_8)
    14    0.08                           clknet_2_2_0_clk (net)
                  0.19    0.00    0.36 ^ u_regfile.u_sram_rs2/clk0 (sky130_sram_1kbyte_1rw1r_32x256_8)
                          0.20    0.56   clock uncertainty
                          0.00    0.56   clock reconvergence pessimism
                         -0.06    0.50   library hold time
                                  0.50   data required time
-----------------------------------------------------------------------------
                                  0.50   data required time
                                 -1.56   data arrival time
-----------------------------------------------------------------------------
                                  1.06   slack (MET)


Startpoint: u_pc_reg._158_ (rising edge-triggered flip-flop clocked by clk)
Endpoint: u_pc_reg._158_ (rising edge-triggered flip-flop clocked by clk)
Path Group: clk
Path Type: min

Fanout     Cap    Slew   Delay    Time   Description
-----------------------------------------------------------------------------
                          0.00    0.00   clock clk (rise edge)
                          0.00    0.00   clock source latency
                  0.00    0.00    0.00 ^ clk (in)
     1    0.13                           clk (net)
                  0.00    0.00    0.00 ^ clkbuf_0_clk/A (sky130_fd_sc_hd__clkbuf_16)
                  0.08    0.14    0.14 ^ clkbuf_0_clk/X (sky130_fd_sc_hd__clkbuf_16)
     4    0.06                           clknet_0_clk (net)
                  0.08    0.00    0.14 ^ clkbuf_2_2_0_clk/A (sky130_fd_sc_hd__clkbuf_8)
                  0.14    0.21    0.36 ^ clkbuf_2_2_0_clk/X (sky130_fd_sc_hd__clkbuf_8)
    14    0.08                           clknet_2_2_0_clk (net)
                  0.14    0.00    0.36 ^ u_pc_reg._158_/CLK (sky130_fd_sc_hd__dfxtp_4)
                  0.14    0.47    0.83 v u_pc_reg._158_/Q (sky130_fd_sc_hd__dfxtp_4)
    12    0.10                           u_imem.addr[24] (net)
                  0.14    0.01    0.83 v u_pc_next_logic._0832_/A (sky130_fd_sc_hd__xor2_2)
                  0.16    0.24    1.07 ^ u_pc_next_logic._0832_/X (sky130_fd_sc_hd__xor2_2)
     2    0.01                           u_pc_next_logic.pc_plus4[24] (net)
                  0.16    0.00    1.08 ^ u_pc_next_logic._1438_/A1 (sky130_fd_sc_hd__a211o_1)
                  0.10    0.19    1.27 ^ u_pc_next_logic._1438_/X (sky130_fd_sc_hd__a211o_1)
     1    0.01                           u_pc_next_logic._0669_ (net)
                  0.10    0.00    1.27 ^ u_pc_next_logic._1452_/A3 (sky130_fd_sc_hd__a31o_1)
                  0.04    0.15    1.41 ^ u_pc_next_logic._1452_/X (sky130_fd_sc_hd__a31o_1)
     1    0.00                           u_pc_next_logic.pc_next[24] (net)
                  0.04    0.00    1.41 ^ u_pc_reg._118_/B (sky130_fd_sc_hd__and2_1)
                  0.05    0.12    1.53 ^ u_pc_reg._118_/X (sky130_fd_sc_hd__and2_1)
     1    0.00                           u_pc_reg._041_ (net)
                  0.05    0.00    1.53 ^ u_pc_reg._119_/A (sky130_fd_sc_hd__clkbuf_1)
                  0.03    0.08    1.61 ^ u_pc_reg._119_/X (sky130_fd_sc_hd__clkbuf_1)
     1    0.00                           u_pc_reg._024_ (net)
                  0.03    0.00    1.61 ^ u_pc_reg._158_/D (sky130_fd_sc_hd__dfxtp_4)
                                  1.61   data arrival time

                          0.00    0.00   clock clk (rise edge)
                          0.00    0.00   clock source latency
                  0.00    0.00    0.00 ^ clk (in)
     1    0.13                           clk (net)
                  0.00    0.00    0.00 ^ clkbuf_0_clk/A (sky130_fd_sc_hd__clkbuf_16)
                  0.08    0.14    0.14 ^ clkbuf_0_clk/X (sky130_fd_sc_hd__clkbuf_16)
     4    0.06                           clknet_0_clk (net)
                  0.08    0.00    0.14 ^ clkbuf_2_2_0_clk/A (sky130_fd_sc_hd__clkbuf_8)
                  0.14    0.21    0.36 ^ clkbuf_2_2_0_clk/X (sky130_fd_sc_hd__clkbuf_8)
    14    0.08                           clknet_2_2_0_clk (net)
                  0.14    0.00    0.36 ^ u_pc_reg._158_/CLK (sky130_fd_sc_hd__dfxtp_4)
                          0.20    0.56   clock uncertainty
                          0.00    0.56   clock reconvergence pessimism
                         -0.02    0.54   library hold time
                                  0.54   data required time
-----------------------------------------------------------------------------
                                  0.54   data required time
                                 -1.61   data arrival time
-----------------------------------------------------------------------------
                                  1.07   slack (MET)


Startpoint: u_pc_reg._158_ (rising edge-triggered flip-flop clocked by clk)
Endpoint: u_pc_reg._159_ (rising edge-triggered flip-flop clocked by clk)
Path Group: clk
Path Type: min

Fanout     Cap    Slew   Delay    Time   Description
-----------------------------------------------------------------------------
                          0.00    0.00   clock clk (rise edge)
                          0.00    0.00   clock source latency
                  0.00    0.00    0.00 ^ clk (in)
     1    0.13                           clk (net)
                  0.00    0.00    0.00 ^ clkbuf_0_clk/A (sky130_fd_sc_hd__clkbuf_16)
                  0.08    0.14    0.14 ^ clkbuf_0_clk/X (sky130_fd_sc_hd__clkbuf_16)
     4    0.06                           clknet_0_clk (net)
                  0.08    0.00    0.14 ^ clkbuf_2_2_0_clk/A (sky130_fd_sc_hd__clkbuf_8)
                  0.14    0.21    0.36 ^ clkbuf_2_2_0_clk/X (sky130_fd_sc_hd__clkbuf_8)
    14    0.08                           clknet_2_2_0_clk (net)
                  0.14    0.00    0.36 ^ u_pc_reg._158_/CLK (sky130_fd_sc_hd__dfxtp_4)
                  0.14    0.47    0.83 v u_pc_reg._158_/Q (sky130_fd_sc_hd__dfxtp_4)
    12    0.10                           u_imem.addr[24] (net)
                  0.14    0.00    0.83 v u_pc_next_logic._1420_/A (sky130_fd_sc_hd__nand2_1)
                  0.13    0.16    0.99 ^ u_pc_next_logic._1420_/Y (sky130_fd_sc_hd__nand2_1)
     4    0.01                           u_pc_next_logic._0651_ (net)
                  0.13    0.00    0.99 ^ u_pc_next_logic._1462_/A (sky130_fd_sc_hd__nand2_1)
                  0.05    0.08    1.07 v u_pc_next_logic._1462_/Y (sky130_fd_sc_hd__nand2_1)
     2    0.01                           u_pc_next_logic._0692_ (net)
                  0.05    0.00    1.07 v u_pc_next_logic._1463_/B (sky130_fd_sc_hd__nor2_1)
                  0.07    0.08    1.15 ^ u_pc_next_logic._1463_/Y (sky130_fd_sc_hd__nor2_1)
     1    0.00                           u_pc_next_logic._0693_ (net)
                  0.07    0.00    1.15 ^ u_pc_next_logic._1472_/A1 (sky130_fd_sc_hd__o22a_2)
                  0.15    0.24    1.39 ^ u_pc_next_logic._1472_/X (sky130_fd_sc_hd__o22a_2)
     1    0.03                           u_pc_next_logic._0702_ (net)
                  0.15    0.00    1.39 ^ u_pc_next_logic._1473_/B2 (sky130_fd_sc_hd__a2bb2o_1)
                  0.04    0.15    1.54 ^ u_pc_next_logic._1473_/X (sky130_fd_sc_hd__a2bb2o_1)
     1    0.00                           u_pc_next_logic.pc_next[25] (net)
                  0.04    0.00    1.54 ^ u_pc_reg._120_/B (sky130_fd_sc_hd__and2_1)
                  0.05    0.11    1.65 ^ u_pc_reg._120_/X (sky130_fd_sc_hd__and2_1)
     1    0.00                           u_pc_reg._042_ (net)
                  0.05    0.00    1.65 ^ u_pc_reg._121_/A (sky130_fd_sc_hd__clkbuf_1)
                  0.04    0.07    1.73 ^ u_pc_reg._121_/X (sky130_fd_sc_hd__clkbuf_1)
     1    0.00                           u_pc_reg._025_ (net)
                  0.04    0.00    1.73 ^ u_pc_reg._159_/D (sky130_fd_sc_hd__dfxtp_4)
                                  1.73   data arrival time

                          0.00    0.00   clock clk (rise edge)
                          0.00    0.00   clock source latency
                  0.00    0.00    0.00 ^ clk (in)
     1    0.13                           clk (net)
                  0.00    0.00    0.00 ^ clkbuf_0_clk/A (sky130_fd_sc_hd__clkbuf_16)
                  0.08    0.14    0.14 ^ clkbuf_0_clk/X (sky130_fd_sc_hd__clkbuf_16)
     4    0.06                           clknet_0_clk (net)
                  0.08    0.00    0.14 ^ clkbuf_2_3_0_clk/A (sky130_fd_sc_hd__clkbuf_8)
                  0.28    0.31    0.46 ^ clkbuf_2_3_0_clk/X (sky130_fd_sc_hd__clkbuf_8)
    10    0.16                           clknet_2_3_0_clk (net)
                  0.28    0.00    0.46 ^ u_pc_reg._159_/CLK (sky130_fd_sc_hd__dfxtp_4)
                          0.20    0.66   clock uncertainty
                          0.00    0.66   clock reconvergence pessimism
                          0.00    0.66   library hold time
                                  0.66   data required time
-----------------------------------------------------------------------------
                                  0.66   data required time
                                 -1.73   data arrival time
-----------------------------------------------------------------------------
                                  1.07   slack (MET)


Startpoint: u_pc_reg._152_ (rising edge-triggered flip-flop clocked by clk)
Endpoint: u_regfile.u_sram_rs2 (falling edge-triggered flip-flop clocked by clk)
Path Group: clk
Path Type: min

Fanout     Cap    Slew   Delay    Time   Description
-----------------------------------------------------------------------------
                          0.00    0.00   clock clk (rise edge)
                          0.00    0.00   clock source latency
                  0.00    0.00    0.00 ^ clk (in)
     1    0.13                           clk (net)
                  0.00    0.00    0.00 ^ clkbuf_0_clk/A (sky130_fd_sc_hd__clkbuf_16)
                  0.08    0.14    0.14 ^ clkbuf_0_clk/X (sky130_fd_sc_hd__clkbuf_16)
     4    0.06                           clknet_0_clk (net)
                  0.08    0.00    0.14 ^ clkbuf_2_2_0_clk/A (sky130_fd_sc_hd__clkbuf_8)
                  0.14    0.21    0.36 ^ clkbuf_2_2_0_clk/X (sky130_fd_sc_hd__clkbuf_8)
    14    0.08                           clknet_2_2_0_clk (net)
                  0.14    0.00    0.36 ^ u_pc_reg._152_/CLK (sky130_fd_sc_hd__dfxtp_4)
                  0.15    0.48    0.84 v u_pc_reg._152_/Q (sky130_fd_sc_hd__dfxtp_4)
    14    0.12                           u_imem.addr[18] (net)
                  0.15    0.00    0.85 v u_pc_next_logic._0811_/A (sky130_fd_sc_hd__xnor2_2)
                  0.10    0.29    1.14 ^ u_pc_next_logic._0811_/Y (sky130_fd_sc_hd__xnor2_2)
     2    0.02                           u_pc_next_logic.pc_plus4[18] (net)
                  0.10    0.00    1.14 ^ u_wb_mux._155_/A1 (sky130_fd_sc_hd__a22o_1)
                  0.07    0.16    1.30 ^ u_wb_mux._155_/X (sky130_fd_sc_hd__a22o_1)
     1    0.01                           u_wb_mux._052_ (net)
                  0.07    0.00    1.30 ^ u_wb_mux._157_/B1 (sky130_fd_sc_hd__a211o_4)
                  0.28    0.26    1.56 ^ u_wb_mux._157_/X (sky130_fd_sc_hd__a211o_4)
     3    0.10                           u_regfile.wd[18] (net)
                  0.37    0.01    1.58 ^ u_regfile.u_sram_rs2/din0[18] (sky130_sram_1kbyte_1rw1r_32x256_8)
                                  1.58   data arrival time

                          0.00    0.00   clock clk (rise edge)
                          0.00    0.00   clock source latency
                  0.00    0.00    0.00 ^ clk (in)
     1    0.13                           clk (net)
                  0.00    0.00    0.00 ^ clkbuf_0_clk/A (sky130_fd_sc_hd__clkbuf_16)
                  0.08    0.14    0.14 ^ clkbuf_0_clk/X (sky130_fd_sc_hd__clkbuf_16)
     4    0.06                           clknet_0_clk (net)
                  0.08    0.00    0.14 ^ clkbuf_2_2_0_clk/A (sky130_fd_sc_hd__clkbuf_8)
                  0.14    0.21    0.36 ^ clkbuf_2_2_0_clk/X (sky130_fd_sc_hd__clkbuf_8)
    14    0.08                           clknet_2_2_0_clk (net)
                  0.19    0.00    0.36 ^ u_regfile.u_sram_rs2/clk0 (sky130_sram_1kbyte_1rw1r_32x256_8)
                          0.20    0.56   clock uncertainty
                          0.00    0.56   clock reconvergence pessimism
                         -0.06    0.50   library hold time
                                  0.50   data required time
-----------------------------------------------------------------------------
                                  0.50   data required time
                                 -1.58   data arrival time
-----------------------------------------------------------------------------
                                  1.08   slack (MET)


Startpoint: u_pc_reg._150_ (rising edge-triggered flip-flop clocked by clk)
Endpoint: u_regfile.u_sram_rs1 (falling edge-triggered flip-flop clocked by clk)
Path Group: clk
Path Type: min

Fanout     Cap    Slew   Delay    Time   Description
-----------------------------------------------------------------------------
                          0.00    0.00   clock clk (rise edge)
                          0.00    0.00   clock source latency
                  0.00    0.00    0.00 ^ clk (in)
     1    0.13                           clk (net)
                  0.00    0.00    0.00 ^ clkbuf_0_clk/A (sky130_fd_sc_hd__clkbuf_16)
                  0.08    0.14    0.14 ^ clkbuf_0_clk/X (sky130_fd_sc_hd__clkbuf_16)
     4    0.06                           clknet_0_clk (net)
                  0.08    0.00    0.14 ^ clkbuf_2_2_0_clk/A (sky130_fd_sc_hd__clkbuf_8)
                  0.14    0.21    0.36 ^ clkbuf_2_2_0_clk/X (sky130_fd_sc_hd__clkbuf_8)
    14    0.08                           clknet_2_2_0_clk (net)
                  0.14    0.00    0.36 ^ u_pc_reg._150_/CLK (sky130_fd_sc_hd__dfxtp_4)
                  0.13    0.46    0.82 v u_pc_reg._150_/Q (sky130_fd_sc_hd__dfxtp_4)
    13    0.09                           u_imem.addr[16] (net)
                  0.13    0.00    0.82 v _529_/A (sky130_fd_sc_hd__nand2_1)
                  0.07    0.11    0.93 ^ _529_/Y (sky130_fd_sc_hd__nand2_1)
     2    0.01                           _183_ (net)
                  0.07    0.00    0.93 ^ _531_/A (sky130_fd_sc_hd__nand2_1)
                  0.09    0.10    1.03 v _531_/Y (sky130_fd_sc_hd__nand2_1)
     3    0.01                           _185_ (net)
                  0.09    0.00    1.03 v _532_/B (sky130_fd_sc_hd__xor2_1)
                  0.10    0.14    1.17 ^ _532_/X (sky130_fd_sc_hd__xor2_1)
     1    0.00                           u_wb_mux.pc_plus_imm[16] (net)
                  0.10    0.00    1.17 ^ u_wb_mux._149_/B2 (sky130_fd_sc_hd__a22o_1)
                  0.07    0.15    1.32 ^ u_wb_mux._149_/X (sky130_fd_sc_hd__a22o_1)
     1    0.01                           u_wb_mux._048_ (net)
                  0.07    0.00    1.32 ^ u_wb_mux._151_/B1 (sky130_fd_sc_hd__a211o_4)
                  0.29    0.27    1.59 ^ u_wb_mux._151_/X (sky130_fd_sc_hd__a211o_4)
     3    0.11                           u_regfile.wd[16] (net)
                  0.39    0.03    1.62 ^ u_regfile.u_sram_rs1/din0[16] (sky130_sram_1kbyte_1rw1r_32x256_8)
                                  1.62   data arrival time

                          0.00    0.00   clock clk (rise edge)
                          0.00    0.00   clock source latency
                  0.00    0.00    0.00 ^ clk (in)
     1    0.13                           clk (net)
                  0.00    0.00    0.00 ^ clkbuf_0_clk/A (sky130_fd_sc_hd__clkbuf_16)
                  0.08    0.14    0.14 ^ clkbuf_0_clk/X (sky130_fd_sc_hd__clkbuf_16)
     4    0.06                           clknet_0_clk (net)
                  0.08    0.00    0.14 ^ clkbuf_2_0_0_clk/A (sky130_fd_sc_hd__clkbuf_8)
                  0.19    0.25    0.39 ^ clkbuf_2_0_0_clk/X (sky130_fd_sc_hd__clkbuf_8)
     9    0.11                           clknet_2_0_0_clk (net)
                  0.26    0.00    0.39 ^ u_regfile.u_sram_rs1/clk0 (sky130_sram_1kbyte_1rw1r_32x256_8)
                          0.20    0.59   clock uncertainty
                          0.00    0.59   clock reconvergence pessimism
                         -0.06    0.54   library hold time
                                  0.54   data required time
-----------------------------------------------------------------------------
                                  0.54   data required time
                                 -1.62   data arrival time
-----------------------------------------------------------------------------
                                  1.08   slack (MET)


Startpoint: u_pc_reg._145_ (rising edge-triggered flip-flop clocked by clk)
Endpoint: u_pc_reg._145_ (rising edge-triggered flip-flop clocked by clk)
Path Group: clk
Path Type: min

Fanout     Cap    Slew   Delay    Time   Description
-----------------------------------------------------------------------------
                          0.00    0.00   clock clk (rise edge)
                          0.00    0.00   clock source latency
                  0.00    0.00    0.00 ^ clk (in)
     1    0.13                           clk (net)
                  0.00    0.00    0.00 ^ clkbuf_0_clk/A (sky130_fd_sc_hd__clkbuf_16)
                  0.08    0.14    0.14 ^ clkbuf_0_clk/X (sky130_fd_sc_hd__clkbuf_16)
     4    0.06                           clknet_0_clk (net)
                  0.08    0.00    0.14 ^ clkbuf_2_2_0_clk/A (sky130_fd_sc_hd__clkbuf_8)
                  0.14    0.21    0.36 ^ clkbuf_2_2_0_clk/X (sky130_fd_sc_hd__clkbuf_8)
    14    0.08                           clknet_2_2_0_clk (net)
                  0.14    0.00    0.36 ^ u_pc_reg._145_/CLK (sky130_fd_sc_hd__dfxtp_4)
                  0.10    0.44    0.80 v u_pc_reg._145_/Q (sky130_fd_sc_hd__dfxtp_4)
    12    0.07                           u_imem.addr[11] (net)
                  0.10    0.00    0.80 v u_pc_next_logic._1101_/A (sky130_fd_sc_hd__nor2_1)
                  0.11    0.14    0.94 ^ u_pc_next_logic._1101_/Y (sky130_fd_sc_hd__nor2_1)
     2    0.00                           u_pc_next_logic._0345_ (net)
                  0.11    0.00    0.94 ^ u_pc_next_logic._1102_/B (sky130_fd_sc_hd__nor2_1)
                  0.04    0.06    1.00 v u_pc_next_logic._1102_/Y (sky130_fd_sc_hd__nor2_1)
     1    0.01                           u_pc_next_logic._0346_ (net)
                  0.04    0.00    1.00 v u_pc_next_logic._1104_/A (sky130_fd_sc_hd__xnor2_1)
                  0.04    0.13    1.14 ^ u_pc_next_logic._1104_/Y (sky130_fd_sc_hd__xnor2_1)
     1    0.00                           u_pc_next_logic._0348_ (net)
                  0.04    0.00    1.14 ^ u_pc_next_logic._1112_/A0 (sky130_fd_sc_hd__mux2_1)
                  0.04    0.11    1.25 ^ u_pc_next_logic._1112_/X (sky130_fd_sc_hd__mux2_1)
     1    0.00                           u_pc_next_logic._0356_ (net)
                  0.04    0.00    1.25 ^ u_pc_next_logic._1113_/A1 (sky130_fd_sc_hd__mux2_1)
                  0.04    0.11    1.36 ^ u_pc_next_logic._1113_/X (sky130_fd_sc_hd__mux2_1)
     1    0.00                           u_pc_next_logic._0357_ (net)
                  0.04    0.00    1.36 ^ u_pc_next_logic._1114_/A (sky130_fd_sc_hd__clkbuf_1)
                  0.04    0.07    1.44 ^ u_pc_next_logic._1114_/X (sky130_fd_sc_hd__clkbuf_1)
     1    0.00                           u_pc_next_logic.pc_next[11] (net)
                  0.04    0.00    1.44 ^ u_pc_reg._091_/B (sky130_fd_sc_hd__and2_1)
                  0.05    0.11    1.55 ^ u_pc_reg._091_/X (sky130_fd_sc_hd__and2_1)
     1    0.00                           u_pc_reg._062_ (net)
                  0.05    0.00    1.55 ^ u_pc_reg._092_/A (sky130_fd_sc_hd__clkbuf_1)
                  0.03    0.07    1.62 ^ u_pc_reg._092_/X (sky130_fd_sc_hd__clkbuf_1)
     1    0.00                           u_pc_reg._011_ (net)
                  0.03    0.00    1.63 ^ u_pc_reg._145_/D (sky130_fd_sc_hd__dfxtp_4)
                                  1.63   data arrival time

                          0.00    0.00   clock clk (rise edge)
                          0.00    0.00   clock source latency
                  0.00    0.00    0.00 ^ clk (in)
     1    0.13                           clk (net)
                  0.00    0.00    0.00 ^ clkbuf_0_clk/A (sky130_fd_sc_hd__clkbuf_16)
                  0.08    0.14    0.14 ^ clkbuf_0_clk/X (sky130_fd_sc_hd__clkbuf_16)
     4    0.06                           clknet_0_clk (net)
                  0.08    0.00    0.14 ^ clkbuf_2_2_0_clk/A (sky130_fd_sc_hd__clkbuf_8)
                  0.14    0.21    0.36 ^ clkbuf_2_2_0_clk/X (sky130_fd_sc_hd__clkbuf_8)
    14    0.08                           clknet_2_2_0_clk (net)
                  0.14    0.00    0.36 ^ u_pc_reg._145_/CLK (sky130_fd_sc_hd__dfxtp_4)
                          0.20    0.56   clock uncertainty
                          0.00    0.56   clock reconvergence pessimism
                         -0.02    0.54   library hold time
                                  0.54   data required time
-----------------------------------------------------------------------------
                                  0.54   data required time
                                 -1.63   data arrival time
-----------------------------------------------------------------------------
                                  1.08   slack (MET)


Startpoint: u_pc_reg._143_ (rising edge-triggered flip-flop clocked by clk)
Endpoint: u_pc_reg._143_ (rising edge-triggered flip-flop clocked by clk)
Path Group: clk
Path Type: min

Fanout     Cap    Slew   Delay    Time   Description
-----------------------------------------------------------------------------
                          0.00    0.00   clock clk (rise edge)
                          0.00    0.00   clock source latency
                  0.00    0.00    0.00 ^ clk (in)
     1    0.13                           clk (net)
                  0.00    0.00    0.00 ^ clkbuf_0_clk/A (sky130_fd_sc_hd__clkbuf_16)
                  0.08    0.14    0.14 ^ clkbuf_0_clk/X (sky130_fd_sc_hd__clkbuf_16)
     4    0.06                           clknet_0_clk (net)
                  0.08    0.00    0.14 ^ clkbuf_2_0_0_clk/A (sky130_fd_sc_hd__clkbuf_8)
                  0.19    0.25    0.39 ^ clkbuf_2_0_0_clk/X (sky130_fd_sc_hd__clkbuf_8)
     9    0.11                           clknet_2_0_0_clk (net)
                  0.19    0.00    0.39 ^ u_pc_reg._143_/CLK (sky130_fd_sc_hd__dfxtp_4)
                  0.10    0.45    0.85 v u_pc_reg._143_/Q (sky130_fd_sc_hd__dfxtp_4)
    14    0.06                           u_imem.addr[9] (net)
                  0.10    0.01    0.85 v u_pc_next_logic._1059_/A (sky130_fd_sc_hd__nand2_1)
                  0.06    0.09    0.94 ^ u_pc_next_logic._1059_/Y (sky130_fd_sc_hd__nand2_1)
     2    0.01                           u_pc_next_logic._0305_ (net)
                  0.06    0.00    0.94 ^ u_pc_next_logic._1061_/A (sky130_fd_sc_hd__nand2_1)
                  0.06    0.07    1.02 v u_pc_next_logic._1061_/Y (sky130_fd_sc_hd__nand2_1)
     2    0.01                           u_pc_next_logic._0307_ (net)
                  0.06    0.00    1.02 v u_pc_next_logic._1063_/A (sky130_fd_sc_hd__xnor2_1)
                  0.05    0.15    1.16 ^ u_pc_next_logic._1063_/Y (sky130_fd_sc_hd__xnor2_1)
     1    0.00                           u_pc_next_logic._0309_ (net)
                  0.05    0.00    1.16 ^ u_pc_next_logic._1070_/A0 (sky130_fd_sc_hd__mux2_1)
                  0.12    0.18    1.34 ^ u_pc_next_logic._1070_/X (sky130_fd_sc_hd__mux2_1)
     1    0.01                           u_pc_next_logic._0316_ (net)
                  0.12    0.00    1.35 ^ u_pc_next_logic._1071_/B1 (sky130_fd_sc_hd__o22a_1)
                  0.04    0.14    1.49 ^ u_pc_next_logic._1071_/X (sky130_fd_sc_hd__o22a_1)
     1    0.00                           u_pc_next_logic.pc_next[9] (net)
                  0.04    0.00    1.49 ^ u_pc_reg._086_/B (sky130_fd_sc_hd__and2_1)
                  0.04    0.11    1.60 ^ u_pc_reg._086_/X (sky130_fd_sc_hd__and2_1)
     1    0.00                           u_pc_reg._059_ (net)
                  0.04    0.00    1.60 ^ u_pc_reg._087_/A (sky130_fd_sc_hd__clkbuf_1)
                  0.03    0.07    1.67 ^ u_pc_reg._087_/X (sky130_fd_sc_hd__clkbuf_1)
     1    0.00                           u_pc_reg._009_ (net)
                  0.03    0.00    1.67 ^ u_pc_reg._143_/D (sky130_fd_sc_hd__dfxtp_4)
                                  1.67   data arrival time

                          0.00    0.00   clock clk (rise edge)
                          0.00    0.00   clock source latency
                  0.00    0.00    0.00 ^ clk (in)
     1    0.13                           clk (net)
                  0.00    0.00    0.00 ^ clkbuf_0_clk/A (sky130_fd_sc_hd__clkbuf_16)
                  0.08    0.14    0.14 ^ clkbuf_0_clk/X (sky130_fd_sc_hd__clkbuf_16)
     4    0.06                           clknet_0_clk (net)
                  0.08    0.00    0.14 ^ clkbuf_2_0_0_clk/A (sky130_fd_sc_hd__clkbuf_8)
                  0.19    0.25    0.39 ^ clkbuf_2_0_0_clk/X (sky130_fd_sc_hd__clkbuf_8)
     9    0.11                           clknet_2_0_0_clk (net)
                  0.19    0.00    0.39 ^ u_pc_reg._143_/CLK (sky130_fd_sc_hd__dfxtp_4)
                          0.20    0.59   clock uncertainty
                          0.00    0.59   clock reconvergence pessimism
                         -0.01    0.58   library hold time
                                  0.58   data required time
-----------------------------------------------------------------------------
                                  0.58   data required time
                                 -1.67   data arrival time
-----------------------------------------------------------------------------
                                  1.08   slack (MET)


Startpoint: u_pc_reg._149_ (rising edge-triggered flip-flop clocked by clk)
Endpoint: u_regfile.u_sram_rs2 (falling edge-triggered flip-flop clocked by clk)
Path Group: clk
Path Type: min

Fanout     Cap    Slew   Delay    Time   Description
-----------------------------------------------------------------------------
                          0.00    0.00   clock clk (rise edge)
                          0.00    0.00   clock source latency
                  0.00    0.00    0.00 ^ clk (in)
     1    0.13                           clk (net)
                  0.00    0.00    0.00 ^ clkbuf_0_clk/A (sky130_fd_sc_hd__clkbuf_16)
                  0.08    0.14    0.14 ^ clkbuf_0_clk/X (sky130_fd_sc_hd__clkbuf_16)
     4    0.06                           clknet_0_clk (net)
                  0.08    0.00    0.14 ^ clkbuf_2_0_0_clk/A (sky130_fd_sc_hd__clkbuf_8)
                  0.19    0.25    0.39 ^ clkbuf_2_0_0_clk/X (sky130_fd_sc_hd__clkbuf_8)
     9    0.11                           clknet_2_0_0_clk (net)
                  0.19    0.00    0.39 ^ u_pc_reg._149_/CLK (sky130_fd_sc_hd__dfxtp_4)
                  0.22    0.52    0.91 ^ u_pc_reg._149_/Q (sky130_fd_sc_hd__dfxtp_4)
    12    0.08                           u_imem.addr[15] (net)
                  0.22    0.01    0.92 ^ u_pc_next_logic._0802_/B1 (sky130_fd_sc_hd__a21oi_1)
                  0.05    0.06    0.98 v u_pc_next_logic._0802_/Y (sky130_fd_sc_hd__a21oi_1)
     1    0.00                           u_pc_next_logic._0074_ (net)
                  0.05    0.00    0.98 v u_pc_next_logic._0804_/A (sky130_fd_sc_hd__nor2_1)
                  0.13    0.14    1.12 ^ u_pc_next_logic._0804_/Y (sky130_fd_sc_hd__nor2_1)
     2    0.01                           u_pc_next_logic.pc_plus4[15] (net)
                  0.13    0.00    1.12 ^ u_wb_mux._146_/A1 (sky130_fd_sc_hd__a22o_1)
                  0.07    0.17    1.29 ^ u_wb_mux._146_/X (sky130_fd_sc_hd__a22o_1)
     1    0.01                           u_wb_mux._046_ (net)
                  0.07    0.00    1.29 ^ u_wb_mux._148_/B1 (sky130_fd_sc_hd__a211o_4)
                  0.30    0.28    1.57 ^ u_wb_mux._148_/X (sky130_fd_sc_hd__a211o_4)
     3    0.11                           u_regfile.wd[15] (net)
                  0.40    0.02    1.59 ^ u_regfile.u_sram_rs2/din0[15] (sky130_sram_1kbyte_1rw1r_32x256_8)
                                  1.59   data arrival time

                          0.00    0.00   clock clk (rise edge)
                          0.00    0.00   clock source latency
                  0.00    0.00    0.00 ^ clk (in)
     1    0.13                           clk (net)
                  0.00    0.00    0.00 ^ clkbuf_0_clk/A (sky130_fd_sc_hd__clkbuf_16)
                  0.08    0.14    0.14 ^ clkbuf_0_clk/X (sky130_fd_sc_hd__clkbuf_16)
     4    0.06                           clknet_0_clk (net)
                  0.08    0.00    0.14 ^ clkbuf_2_2_0_clk/A (sky130_fd_sc_hd__clkbuf_8)
                  0.14    0.21    0.36 ^ clkbuf_2_2_0_clk/X (sky130_fd_sc_hd__clkbuf_8)
    14    0.08                           clknet_2_2_0_clk (net)
                  0.19    0.00    0.36 ^ u_regfile.u_sram_rs2/clk0 (sky130_sram_1kbyte_1rw1r_32x256_8)
                          0.20    0.56   clock uncertainty
                          0.00    0.56   clock reconvergence pessimism
                         -0.06    0.50   library hold time
                                  0.50   data required time
-----------------------------------------------------------------------------
                                  0.50   data required time
                                 -1.59   data arrival time
-----------------------------------------------------------------------------
                                  1.09   slack (MET)


Startpoint: u_pc_reg._163_ (rising edge-triggered flip-flop clocked by clk)
Endpoint: u_pc_reg._164_ (rising edge-triggered flip-flop clocked by clk)
Path Group: clk
Path Type: min

Fanout     Cap    Slew   Delay    Time   Description
-----------------------------------------------------------------------------
                          0.00    0.00   clock clk (rise edge)
                          0.00    0.00   clock source latency
                  0.00    0.00    0.00 ^ clk (in)
     1    0.13                           clk (net)
                  0.00    0.00    0.00 ^ clkbuf_0_clk/A (sky130_fd_sc_hd__clkbuf_16)
                  0.08    0.14    0.14 ^ clkbuf_0_clk/X (sky130_fd_sc_hd__clkbuf_16)
     4    0.06                           clknet_0_clk (net)
                  0.08    0.00    0.14 ^ clkbuf_2_2_0_clk/A (sky130_fd_sc_hd__clkbuf_8)
                  0.14    0.21    0.36 ^ clkbuf_2_2_0_clk/X (sky130_fd_sc_hd__clkbuf_8)
    14    0.08                           clknet_2_2_0_clk (net)
                  0.14    0.00    0.36 ^ u_pc_reg._163_/CLK (sky130_fd_sc_hd__dfxtp_4)
                  0.12    0.46    0.82 v u_pc_reg._163_/Q (sky130_fd_sc_hd__dfxtp_4)
    11    0.09                           u_imem.addr[29] (net)
                  0.12    0.00    0.82 v u_pc_next_logic._1554_/A (sky130_fd_sc_hd__or2_1)
                  0.10    0.31    1.13 v u_pc_next_logic._1554_/X (sky130_fd_sc_hd__or2_1)
     3    0.01                           u_pc_next_logic._0009_ (net)
                  0.10    0.00    1.13 v u_pc_next_logic._1587_/D1 (sky130_fd_sc_hd__o2111ai_4)
                  0.07    0.09    1.22 ^ u_pc_next_logic._1587_/Y (sky130_fd_sc_hd__o2111ai_4)
     3    0.01                           u_pc_next_logic._0041_ (net)
                  0.07    0.00    1.22 ^ u_pc_next_logic._1588_/B2 (sky130_fd_sc_hd__a22o_2)
                  0.13    0.20    1.42 ^ u_pc_next_logic._1588_/X (sky130_fd_sc_hd__a22o_2)
     1    0.02                           u_pc_next_logic._0042_ (net)
                  0.13    0.00    1.43 ^ u_pc_next_logic._1589_/B1 (sky130_fd_sc_hd__a2bb2o_1)
                  0.04    0.14    1.57 ^ u_pc_next_logic._1589_/X (sky130_fd_sc_hd__a2bb2o_1)
     1    0.00                           u_pc_next_logic.pc_next[30] (net)
                  0.04    0.00    1.57 ^ u_pc_reg._130_/B (sky130_fd_sc_hd__and2_1)
                  0.04    0.11    1.68 ^ u_pc_reg._130_/X (sky130_fd_sc_hd__and2_1)
     1    0.00                           u_pc_reg._047_ (net)
                  0.04    0.00    1.68 ^ u_pc_reg._131_/A (sky130_fd_sc_hd__clkbuf_1)
                  0.04    0.07    1.75 ^ u_pc_reg._131_/X (sky130_fd_sc_hd__clkbuf_1)
     1    0.00                           u_pc_reg._030_ (net)
                  0.04    0.00    1.75 ^ u_pc_reg._164_/D (sky130_fd_sc_hd__dfxtp_4)
                                  1.75   data arrival time

                          0.00    0.00   clock clk (rise edge)
                          0.00    0.00   clock source latency
                  0.00    0.00    0.00 ^ clk (in)
     1    0.13                           clk (net)
                  0.00    0.00    0.00 ^ clkbuf_0_clk/A (sky130_fd_sc_hd__clkbuf_16)
                  0.08    0.14    0.14 ^ clkbuf_0_clk/X (sky130_fd_sc_hd__clkbuf_16)
     4    0.06                           clknet_0_clk (net)
                  0.08    0.00    0.14 ^ clkbuf_2_3_0_clk/A (sky130_fd_sc_hd__clkbuf_8)
                  0.28    0.31    0.46 ^ clkbuf_2_3_0_clk/X (sky130_fd_sc_hd__clkbuf_8)
    10    0.16                           clknet_2_3_0_clk (net)
                  0.28    0.00    0.46 ^ u_pc_reg._164_/CLK (sky130_fd_sc_hd__dfxtp_4)
                          0.20    0.66   clock uncertainty
                          0.00    0.66   clock reconvergence pessimism
                          0.00    0.66   library hold time
                                  0.66   data required time
-----------------------------------------------------------------------------
                                  0.66   data required time
                                 -1.75   data arrival time
-----------------------------------------------------------------------------
                                  1.09   slack (MET)


Startpoint: u_pc_reg._149_ (rising edge-triggered flip-flop clocked by clk)
Endpoint: u_pc_reg._149_ (rising edge-triggered flip-flop clocked by clk)
Path Group: clk
Path Type: min

Fanout     Cap    Slew   Delay    Time   Description
-----------------------------------------------------------------------------
                          0.00    0.00   clock clk (rise edge)
                          0.00    0.00   clock source latency
                  0.00    0.00    0.00 ^ clk (in)
     1    0.13                           clk (net)
                  0.00    0.00    0.00 ^ clkbuf_0_clk/A (sky130_fd_sc_hd__clkbuf_16)
                  0.08    0.14    0.14 ^ clkbuf_0_clk/X (sky130_fd_sc_hd__clkbuf_16)
     4    0.06                           clknet_0_clk (net)
                  0.08    0.00    0.14 ^ clkbuf_2_0_0_clk/A (sky130_fd_sc_hd__clkbuf_8)
                  0.19    0.25    0.39 ^ clkbuf_2_0_0_clk/X (sky130_fd_sc_hd__clkbuf_8)
     9    0.11                           clknet_2_0_0_clk (net)
                  0.19    0.00    0.39 ^ u_pc_reg._149_/CLK (sky130_fd_sc_hd__dfxtp_4)
                  0.11    0.46    0.85 v u_pc_reg._149_/Q (sky130_fd_sc_hd__dfxtp_4)
    12    0.07                           u_imem.addr[15] (net)
                  0.11    0.01    0.86 v u_pc_next_logic._1198_/A (sky130_fd_sc_hd__nand2_1)
                  0.06    0.09    0.95 ^ u_pc_next_logic._1198_/Y (sky130_fd_sc_hd__nand2_1)
     2    0.00                           u_pc_next_logic._0438_ (net)
                  0.06    0.00    0.95 ^ u_pc_next_logic._1200_/A (sky130_fd_sc_hd__nand2_1)
                  0.07    0.08    1.03 v u_pc_next_logic._1200_/Y (sky130_fd_sc_hd__nand2_1)
     2    0.01                           u_pc_next_logic._0440_ (net)
                  0.07    0.00    1.03 v u_pc_next_logic._1203_/A (sky130_fd_sc_hd__xnor2_1)
                  0.06    0.16    1.20 ^ u_pc_next_logic._1203_/Y (sky130_fd_sc_hd__xnor2_1)
     1    0.00                           u_pc_next_logic._0443_ (net)
                  0.06    0.00    1.20 ^ u_pc_next_logic._1211_/A2 (sky130_fd_sc_hd__a211o_2)
                  0.10    0.18    1.37 ^ u_pc_next_logic._1211_/X (sky130_fd_sc_hd__a211o_2)
     1    0.02                           u_pc_next_logic._0451_ (net)
                  0.10    0.00    1.38 ^ u_pc_next_logic._1212_/B1 (sky130_fd_sc_hd__o21a_1)
                  0.03    0.12    1.50 ^ u_pc_next_logic._1212_/X (sky130_fd_sc_hd__o21a_1)
     1    0.00                           u_pc_next_logic.pc_next[15] (net)
                  0.03    0.00    1.50 ^ u_pc_reg._099_/B (sky130_fd_sc_hd__and2_1)
                  0.04    0.11    1.61 ^ u_pc_reg._099_/X (sky130_fd_sc_hd__and2_1)
     1    0.00                           u_pc_reg._066_ (net)
                  0.04    0.00    1.61 ^ u_pc_reg._100_/A (sky130_fd_sc_hd__clkbuf_1)
                  0.03    0.07    1.68 ^ u_pc_reg._100_/X (sky130_fd_sc_hd__clkbuf_1)
     1    0.00                           u_pc_reg._015_ (net)
                  0.03    0.00    1.68 ^ u_pc_reg._149_/D (sky130_fd_sc_hd__dfxtp_4)
                                  1.68   data arrival time

                          0.00    0.00   clock clk (rise edge)
                          0.00    0.00   clock source latency
                  0.00    0.00    0.00 ^ clk (in)
     1    0.13                           clk (net)
                  0.00    0.00    0.00 ^ clkbuf_0_clk/A (sky130_fd_sc_hd__clkbuf_16)
                  0.08    0.14    0.14 ^ clkbuf_0_clk/X (sky130_fd_sc_hd__clkbuf_16)
     4    0.06                           clknet_0_clk (net)
                  0.08    0.00    0.14 ^ clkbuf_2_0_0_clk/A (sky130_fd_sc_hd__clkbuf_8)
                  0.19    0.25    0.39 ^ clkbuf_2_0_0_clk/X (sky130_fd_sc_hd__clkbuf_8)
     9    0.11                           clknet_2_0_0_clk (net)
                  0.19    0.00    0.39 ^ u_pc_reg._149_/CLK (sky130_fd_sc_hd__dfxtp_4)
                          0.20    0.59   clock uncertainty
                          0.00    0.59   clock reconvergence pessimism
                         -0.01    0.58   library hold time
                                  0.58   data required time
-----------------------------------------------------------------------------
                                  0.58   data required time
                                 -1.68   data arrival time
-----------------------------------------------------------------------------
                                  1.10   slack (MET)


Startpoint: u_pc_reg._143_ (rising edge-triggered flip-flop clocked by clk)
Endpoint: u_pc_reg._144_ (rising edge-triggered flip-flop clocked by clk)
Path Group: clk
Path Type: min

Fanout     Cap    Slew   Delay    Time   Description
-----------------------------------------------------------------------------
                          0.00    0.00   clock clk (rise edge)
                          0.00    0.00   clock source latency
                  0.00    0.00    0.00 ^ clk (in)
     1    0.13                           clk (net)
                  0.00    0.00    0.00 ^ clkbuf_0_clk/A (sky130_fd_sc_hd__clkbuf_16)
                  0.08    0.14    0.14 ^ clkbuf_0_clk/X (sky130_fd_sc_hd__clkbuf_16)
     4    0.06                           clknet_0_clk (net)
                  0.08    0.00    0.14 ^ clkbuf_2_0_0_clk/A (sky130_fd_sc_hd__clkbuf_8)
                  0.19    0.25    0.39 ^ clkbuf_2_0_0_clk/X (sky130_fd_sc_hd__clkbuf_8)
     9    0.11                           clknet_2_0_0_clk (net)
                  0.19    0.00    0.39 ^ u_pc_reg._143_/CLK (sky130_fd_sc_hd__dfxtp_4)
                  0.10    0.45    0.85 v u_pc_reg._143_/Q (sky130_fd_sc_hd__dfxtp_4)
    14    0.06                           u_imem.addr[9] (net)
                  0.10    0.01    0.85 v u_pc_next_logic._0789_/A1 (sky130_fd_sc_hd__a21oi_1)
                  0.09    0.14    0.99 ^ u_pc_next_logic._0789_/Y (sky130_fd_sc_hd__a21oi_1)
     1    0.00                           u_pc_next_logic._0066_ (net)
                  0.09    0.00    0.99 ^ u_pc_next_logic._0790_/B (sky130_fd_sc_hd__nor2_1)
                  0.05    0.07    1.06 v u_pc_next_logic._0790_/Y (sky130_fd_sc_hd__nor2_1)
     2    0.01                           u_pc_next_logic.pc_plus4[10] (net)
                  0.05    0.00    1.06 v u_pc_next_logic._1085_/A1 (sky130_fd_sc_hd__a21oi_1)
                  0.11    0.14    1.20 ^ u_pc_next_logic._1085_/Y (sky130_fd_sc_hd__a21oi_1)
     1    0.00                           u_pc_next_logic._0330_ (net)
                  0.11    0.00    1.20 ^ u_pc_next_logic._1093_/A2 (sky130_fd_sc_hd__a221o_2)
                  0.09    0.21    1.40 ^ u_pc_next_logic._1093_/X (sky130_fd_sc_hd__a221o_2)
     1    0.01                           u_pc_next_logic._0338_ (net)
                  0.09    0.00    1.40 ^ u_pc_next_logic._1094_/B1 (sky130_fd_sc_hd__o31ai_1)
                  0.03    0.07    1.47 v u_pc_next_logic._1094_/Y (sky130_fd_sc_hd__o31ai_1)
     1    0.00                           u_pc_next_logic.pc_next[10] (net)
                  0.03    0.00    1.47 v u_pc_reg._088_/B (sky130_fd_sc_hd__and2_1)
                  0.03    0.14    1.61 v u_pc_reg._088_/X (sky130_fd_sc_hd__and2_1)
     1    0.00                           u_pc_reg._060_ (net)
                  0.03    0.00    1.61 v u_pc_reg._089_/A (sky130_fd_sc_hd__clkbuf_1)
                  0.02    0.08    1.69 v u_pc_reg._089_/X (sky130_fd_sc_hd__clkbuf_1)
     1    0.00                           u_pc_reg._010_ (net)
                  0.02    0.00    1.69 v u_pc_reg._144_/D (sky130_fd_sc_hd__dfxtp_4)
                                  1.69   data arrival time

                          0.00    0.00   clock clk (rise edge)
                          0.00    0.00   clock source latency
                  0.00    0.00    0.00 ^ clk (in)
     1    0.13                           clk (net)
                  0.00    0.00    0.00 ^ clkbuf_0_clk/A (sky130_fd_sc_hd__clkbuf_16)
                  0.08    0.14    0.14 ^ clkbuf_0_clk/X (sky130_fd_sc_hd__clkbuf_16)
     4    0.06                           clknet_0_clk (net)
                  0.08    0.00    0.14 ^ clkbuf_2_0_0_clk/A (sky130_fd_sc_hd__clkbuf_8)
                  0.19    0.25    0.39 ^ clkbuf_2_0_0_clk/X (sky130_fd_sc_hd__clkbuf_8)
     9    0.11                           clknet_2_0_0_clk (net)
                  0.19    0.00    0.39 ^ u_pc_reg._144_/CLK (sky130_fd_sc_hd__dfxtp_4)
                          0.20    0.59   clock uncertainty
                          0.00    0.59   clock reconvergence pessimism
                          0.00    0.59   library hold time
                                  0.59   data required time
-----------------------------------------------------------------------------
                                  0.59   data required time
                                 -1.69   data arrival time
-----------------------------------------------------------------------------
                                  1.10   slack (MET)


Startpoint: u_pc_reg._147_ (rising edge-triggered flip-flop clocked by clk)
Endpoint: u_regfile.u_sram_rs1 (falling edge-triggered flip-flop clocked by clk)
Path Group: clk
Path Type: min

Fanout     Cap    Slew   Delay    Time   Description
-----------------------------------------------------------------------------
                          0.00    0.00   clock clk (rise edge)
                          0.00    0.00   clock source latency
                  0.00    0.00    0.00 ^ clk (in)
     1    0.13                           clk (net)
                  0.00    0.00    0.00 ^ clkbuf_0_clk/A (sky130_fd_sc_hd__clkbuf_16)
                  0.08    0.14    0.14 ^ clkbuf_0_clk/X (sky130_fd_sc_hd__clkbuf_16)
     4    0.06                           clknet_0_clk (net)
                  0.08    0.00    0.14 ^ clkbuf_2_2_0_clk/A (sky130_fd_sc_hd__clkbuf_8)
                  0.14    0.21    0.36 ^ clkbuf_2_2_0_clk/X (sky130_fd_sc_hd__clkbuf_8)
    14    0.08                           clknet_2_2_0_clk (net)
                  0.14    0.00    0.36 ^ u_pc_reg._147_/CLK (sky130_fd_sc_hd__dfxtp_4)
                  0.21    0.50    0.86 ^ u_pc_reg._147_/Q (sky130_fd_sc_hd__dfxtp_4)
    13    0.07                           u_imem.addr[13] (net)
                  0.21    0.00    0.86 ^ u_pc_next_logic._0798_/B1 (sky130_fd_sc_hd__a21o_1)
                  0.03    0.11    0.97 ^ u_pc_next_logic._0798_/X (sky130_fd_sc_hd__a21o_1)
     1    0.00                           u_pc_next_logic._0072_ (net)
                  0.03    0.00    0.97 ^ u_pc_next_logic._0799_/B (sky130_fd_sc_hd__and2b_1)
                  0.04    0.11    1.08 ^ u_pc_next_logic._0799_/X (sky130_fd_sc_hd__and2b_1)
     1    0.00                           u_pc_next_logic._0073_ (net)
                  0.04    0.00    1.08 ^ u_pc_next_logic._0800_/A (sky130_fd_sc_hd__clkbuf_1)
                  0.08    0.11    1.18 ^ u_pc_next_logic._0800_/X (sky130_fd_sc_hd__clkbuf_1)
     2    0.01                           u_pc_next_logic.pc_plus4[13] (net)
                  0.08    0.00    1.18 ^ u_wb_mux._140_/A1 (sky130_fd_sc_hd__a22o_1)
                  0.07    0.15    1.34 ^ u_wb_mux._140_/X (sky130_fd_sc_hd__a22o_1)
     1    0.01                           u_wb_mux._042_ (net)
                  0.07    0.00    1.34 ^ u_wb_mux._142_/B1 (sky130_fd_sc_hd__a211o_4)
                  0.30    0.28    1.61 ^ u_wb_mux._142_/X (sky130_fd_sc_hd__a211o_4)
     3    0.11                           u_regfile.wd[13] (net)
                  0.41    0.02    1.64 ^ u_regfile.u_sram_rs1/din0[13] (sky130_sram_1kbyte_1rw1r_32x256_8)
                                  1.64   data arrival time

                          0.00    0.00   clock clk (rise edge)
                          0.00    0.00   clock source latency
                  0.00    0.00    0.00 ^ clk (in)
     1    0.13                           clk (net)
                  0.00    0.00    0.00 ^ clkbuf_0_clk/A (sky130_fd_sc_hd__clkbuf_16)
                  0.08    0.14    0.14 ^ clkbuf_0_clk/X (sky130_fd_sc_hd__clkbuf_16)
     4    0.06                           clknet_0_clk (net)
                  0.08    0.00    0.14 ^ clkbuf_2_0_0_clk/A (sky130_fd_sc_hd__clkbuf_8)
                  0.19    0.25    0.39 ^ clkbuf_2_0_0_clk/X (sky130_fd_sc_hd__clkbuf_8)
     9    0.11                           clknet_2_0_0_clk (net)
                  0.26    0.00    0.39 ^ u_regfile.u_sram_rs1/clk0 (sky130_sram_1kbyte_1rw1r_32x256_8)
                          0.20    0.59   clock uncertainty
                          0.00    0.59   clock reconvergence pessimism
                         -0.06    0.54   library hold time
                                  0.54   data required time
-----------------------------------------------------------------------------
                                  0.54   data required time
                                 -1.64   data arrival time
-----------------------------------------------------------------------------
                                  1.10   slack (MET)


Startpoint: u_pc_reg._150_ (rising edge-triggered flip-flop clocked by clk)
Endpoint: u_regfile.u_sram_rs2 (falling edge-triggered flip-flop clocked by clk)
Path Group: clk
Path Type: min

Fanout     Cap    Slew   Delay    Time   Description
-----------------------------------------------------------------------------
                          0.00    0.00   clock clk (rise edge)
                          0.00    0.00   clock source latency
                  0.00    0.00    0.00 ^ clk (in)
     1    0.13                           clk (net)
                  0.00    0.00    0.00 ^ clkbuf_0_clk/A (sky130_fd_sc_hd__clkbuf_16)
                  0.08    0.14    0.14 ^ clkbuf_0_clk/X (sky130_fd_sc_hd__clkbuf_16)
     4    0.06                           clknet_0_clk (net)
                  0.08    0.00    0.14 ^ clkbuf_2_2_0_clk/A (sky130_fd_sc_hd__clkbuf_8)
                  0.14    0.21    0.36 ^ clkbuf_2_2_0_clk/X (sky130_fd_sc_hd__clkbuf_8)
    14    0.08                           clknet_2_2_0_clk (net)
                  0.14    0.00    0.36 ^ u_pc_reg._150_/CLK (sky130_fd_sc_hd__dfxtp_4)
                  0.13    0.46    0.82 v u_pc_reg._150_/Q (sky130_fd_sc_hd__dfxtp_4)
    13    0.09                           u_imem.addr[16] (net)
                  0.13    0.00    0.82 v _529_/A (sky130_fd_sc_hd__nand2_1)
                  0.07    0.11    0.93 ^ _529_/Y (sky130_fd_sc_hd__nand2_1)
     2    0.01                           _183_ (net)
                  0.07    0.00    0.93 ^ _531_/A (sky130_fd_sc_hd__nand2_1)
                  0.09    0.10    1.03 v _531_/Y (sky130_fd_sc_hd__nand2_1)
     3    0.01                           _185_ (net)
                  0.09    0.00    1.03 v _532_/B (sky130_fd_sc_hd__xor2_1)
                  0.10    0.14    1.17 ^ _532_/X (sky130_fd_sc_hd__xor2_1)
     1    0.00                           u_wb_mux.pc_plus_imm[16] (net)
                  0.10    0.00    1.17 ^ u_wb_mux._149_/B2 (sky130_fd_sc_hd__a22o_1)
                  0.07    0.15    1.32 ^ u_wb_mux._149_/X (sky130_fd_sc_hd__a22o_1)
     1    0.01                           u_wb_mux._048_ (net)
                  0.07    0.00    1.32 ^ u_wb_mux._151_/B1 (sky130_fd_sc_hd__a211o_4)
                  0.29    0.27    1.59 ^ u_wb_mux._151_/X (sky130_fd_sc_hd__a211o_4)
     3    0.11                           u_regfile.wd[16] (net)
                  0.39    0.01    1.60 ^ u_regfile.u_sram_rs2/din0[16] (sky130_sram_1kbyte_1rw1r_32x256_8)
                                  1.60   data arrival time

                          0.00    0.00   clock clk (rise edge)
                          0.00    0.00   clock source latency
                  0.00    0.00    0.00 ^ clk (in)
     1    0.13                           clk (net)
                  0.00    0.00    0.00 ^ clkbuf_0_clk/A (sky130_fd_sc_hd__clkbuf_16)
                  0.08    0.14    0.14 ^ clkbuf_0_clk/X (sky130_fd_sc_hd__clkbuf_16)
     4    0.06                           clknet_0_clk (net)
                  0.08    0.00    0.14 ^ clkbuf_2_2_0_clk/A (sky130_fd_sc_hd__clkbuf_8)
                  0.14    0.21    0.36 ^ clkbuf_2_2_0_clk/X (sky130_fd_sc_hd__clkbuf_8)
    14    0.08                           clknet_2_2_0_clk (net)
                  0.19    0.00    0.36 ^ u_regfile.u_sram_rs2/clk0 (sky130_sram_1kbyte_1rw1r_32x256_8)
                          0.20    0.56   clock uncertainty
                          0.00    0.56   clock reconvergence pessimism
                         -0.06    0.50   library hold time
                                  0.50   data required time
-----------------------------------------------------------------------------
                                  0.50   data required time
                                 -1.60   data arrival time
-----------------------------------------------------------------------------
                                  1.10   slack (MET)


Startpoint: u_pc_reg._136_ (rising edge-triggered flip-flop clocked by clk)
Endpoint: u_pc_reg._136_ (rising edge-triggered flip-flop clocked by clk)
Path Group: clk
Path Type: min

Fanout     Cap    Slew   Delay    Time   Description
-----------------------------------------------------------------------------
                          0.00    0.00   clock clk (rise edge)
                          0.00    0.00   clock source latency
                  0.00    0.00    0.00 ^ clk (in)
     1    0.13                           clk (net)
                  0.00    0.00    0.00 ^ clkbuf_0_clk/A (sky130_fd_sc_hd__clkbuf_16)
                  0.08    0.14    0.14 ^ clkbuf_0_clk/X (sky130_fd_sc_hd__clkbuf_16)
     4    0.06                           clknet_0_clk (net)
                  0.08    0.00    0.14 ^ clkbuf_2_1_0_clk/A (sky130_fd_sc_hd__clkbuf_8)
                  0.21    0.26    0.40 ^ clkbuf_2_1_0_clk/X (sky130_fd_sc_hd__clkbuf_8)
     7    0.12                           clknet_2_1_0_clk (net)
                  0.21    0.00    0.40 ^ u_pc_reg._136_/CLK (sky130_fd_sc_hd__dfxtp_1)
                  0.06    0.37    0.77 ^ u_pc_reg._136_/Q (sky130_fd_sc_hd__dfxtp_1)
     1    0.00                           u_imem.addr[2] (net)
                  0.06    0.00    0.77 ^ wire139/A (sky130_fd_sc_hd__clkbuf_8)
                  0.13    0.19    0.96 ^ wire139/X (sky130_fd_sc_hd__clkbuf_8)
    15    0.07                           net139 (net)
                  0.14    0.01    0.98 ^ u_pc_next_logic._0908_/A1 (sky130_fd_sc_hd__o221a_1)
                  0.06    0.21    1.18 ^ u_pc_next_logic._0908_/X (sky130_fd_sc_hd__o221a_1)
     1    0.00                           u_pc_next_logic._0161_ (net)
                  0.06    0.00    1.18 ^ u_pc_next_logic._0910_/B1 (sky130_fd_sc_hd__a211o_1)
                  0.15    0.18    1.36 ^ u_pc_next_logic._0910_/X (sky130_fd_sc_hd__a211o_1)
     1    0.02                           u_pc_next_logic._0163_ (net)
                  0.15    0.00    1.36 ^ u_pc_next_logic._0911_/B1 (sky130_fd_sc_hd__o21ai_1)
                  0.05    0.10    1.47 v u_pc_next_logic._0911_/Y (sky130_fd_sc_hd__o21ai_1)
     1    0.01                           u_pc_next_logic.pc_next[2] (net)
                  0.05    0.00    1.47 v u_pc_reg._072_/B (sky130_fd_sc_hd__and2_1)
                  0.03    0.15    1.62 v u_pc_reg._072_/X (sky130_fd_sc_hd__and2_1)
     1    0.00                           u_pc_reg._052_ (net)
                  0.03    0.00    1.62 v u_pc_reg._073_/A (sky130_fd_sc_hd__clkbuf_1)
                  0.02    0.08    1.70 v u_pc_reg._073_/X (sky130_fd_sc_hd__clkbuf_1)
     1    0.00                           u_pc_reg._002_ (net)
                  0.02    0.00    1.70 v u_pc_reg._136_/D (sky130_fd_sc_hd__dfxtp_1)
                                  1.70   data arrival time

                          0.00    0.00   clock clk (rise edge)
                          0.00    0.00   clock source latency
                  0.00    0.00    0.00 ^ clk (in)
     1    0.13                           clk (net)
                  0.00    0.00    0.00 ^ clkbuf_0_clk/A (sky130_fd_sc_hd__clkbuf_16)
                  0.08    0.14    0.14 ^ clkbuf_0_clk/X (sky130_fd_sc_hd__clkbuf_16)
     4    0.06                           clknet_0_clk (net)
                  0.08    0.00    0.14 ^ clkbuf_2_1_0_clk/A (sky130_fd_sc_hd__clkbuf_8)
                  0.21    0.26    0.40 ^ clkbuf_2_1_0_clk/X (sky130_fd_sc_hd__clkbuf_8)
     7    0.12                           clknet_2_1_0_clk (net)
                  0.21    0.00    0.40 ^ u_pc_reg._136_/CLK (sky130_fd_sc_hd__dfxtp_1)
                          0.20    0.60   clock uncertainty
                          0.00    0.60   clock reconvergence pessimism
                         -0.01    0.59   library hold time
                                  0.59   data required time
-----------------------------------------------------------------------------
                                  0.59   data required time
                                 -1.70   data arrival time
-----------------------------------------------------------------------------
                                  1.10   slack (MET)


Startpoint: u_pc_reg._141_ (rising edge-triggered flip-flop clocked by clk)
Endpoint: u_regfile.u_sram_rs1 (falling edge-triggered flip-flop clocked by clk)
Path Group: clk
Path Type: min

Fanout     Cap    Slew   Delay    Time   Description
-----------------------------------------------------------------------------
                          0.00    0.00   clock clk (rise edge)
                          0.00    0.00   clock source latency
                  0.00    0.00    0.00 ^ clk (in)
     1    0.13                           clk (net)
                  0.00    0.00    0.00 ^ clkbuf_0_clk/A (sky130_fd_sc_hd__clkbuf_16)
                  0.08    0.14    0.14 ^ clkbuf_0_clk/X (sky130_fd_sc_hd__clkbuf_16)
     4    0.06                           clknet_0_clk (net)
                  0.08    0.00    0.14 ^ clkbuf_2_1_0_clk/A (sky130_fd_sc_hd__clkbuf_8)
                  0.21    0.26    0.40 ^ clkbuf_2_1_0_clk/X (sky130_fd_sc_hd__clkbuf_8)
     7    0.12                           clknet_2_1_0_clk (net)
                  0.21    0.00    0.40 ^ u_pc_reg._141_/CLK (sky130_fd_sc_hd__dfxtp_4)
                  0.21    0.51    0.92 ^ u_pc_reg._141_/Q (sky130_fd_sc_hd__dfxtp_4)
    12    0.07                           u_imem.addr[7] (net)
                  0.21    0.02    0.93 ^ u_pc_next_logic._0782_/A (sky130_fd_sc_hd__xnor2_1)
                  0.12    0.20    1.13 ^ u_pc_next_logic._0782_/Y (sky130_fd_sc_hd__xnor2_1)
     2    0.01                           u_pc_next_logic.pc_plus4[7] (net)
                  0.12    0.00    1.13 ^ u_wb_mux._117_/A1 (sky130_fd_sc_hd__a22o_1)
                  0.07    0.17    1.30 ^ u_wb_mux._117_/X (sky130_fd_sc_hd__a22o_1)
     1    0.01                           u_wb_mux._025_ (net)
                  0.07    0.00    1.30 ^ u_wb_mux._119_/B1 (sky130_fd_sc_hd__a211o_4)
                  0.36    0.31    1.61 ^ u_wb_mux._119_/X (sky130_fd_sc_hd__a211o_4)
     3    0.13                           u_regfile.wd[7] (net)
                  0.49    0.04    1.65 ^ u_regfile.u_sram_rs1/din0[7] (sky130_sram_1kbyte_1rw1r_32x256_8)
                                  1.65   data arrival time

                          0.00    0.00   clock clk (rise edge)
                          0.00    0.00   clock source latency
                  0.00    0.00    0.00 ^ clk (in)
     1    0.13                           clk (net)
                  0.00    0.00    0.00 ^ clkbuf_0_clk/A (sky130_fd_sc_hd__clkbuf_16)
                  0.08    0.14    0.14 ^ clkbuf_0_clk/X (sky130_fd_sc_hd__clkbuf_16)
     4    0.06                           clknet_0_clk (net)
                  0.08    0.00    0.14 ^ clkbuf_2_0_0_clk/A (sky130_fd_sc_hd__clkbuf_8)
                  0.19    0.25    0.39 ^ clkbuf_2_0_0_clk/X (sky130_fd_sc_hd__clkbuf_8)
     9    0.11                           clknet_2_0_0_clk (net)
                  0.26    0.00    0.39 ^ u_regfile.u_sram_rs1/clk0 (sky130_sram_1kbyte_1rw1r_32x256_8)
                          0.20    0.59   clock uncertainty
                          0.00    0.59   clock reconvergence pessimism
                         -0.06    0.54   library hold time
                                  0.54   data required time
-----------------------------------------------------------------------------
                                  0.54   data required time
                                 -1.65   data arrival time
-----------------------------------------------------------------------------
                                  1.11   slack (MET)


Startpoint: u_pc_reg._154_ (rising edge-triggered flip-flop clocked by clk)
Endpoint: u_regfile.u_sram_rs1 (falling edge-triggered flip-flop clocked by clk)
Path Group: clk
Path Type: min

Fanout     Cap    Slew   Delay    Time   Description
-----------------------------------------------------------------------------
                          0.00    0.00   clock clk (rise edge)
                          0.00    0.00   clock source latency
                  0.00    0.00    0.00 ^ clk (in)
     1    0.13                           clk (net)
                  0.00    0.00    0.00 ^ clkbuf_0_clk/A (sky130_fd_sc_hd__clkbuf_16)
                  0.08    0.14    0.14 ^ clkbuf_0_clk/X (sky130_fd_sc_hd__clkbuf_16)
     4    0.06                           clknet_0_clk (net)
                  0.08    0.00    0.14 ^ clkbuf_2_2_0_clk/A (sky130_fd_sc_hd__clkbuf_8)
                  0.14    0.21    0.36 ^ clkbuf_2_2_0_clk/X (sky130_fd_sc_hd__clkbuf_8)
    14    0.08                           clknet_2_2_0_clk (net)
                  0.14    0.00    0.36 ^ u_pc_reg._154_/CLK (sky130_fd_sc_hd__dfxtp_4)
                  0.14    0.47    0.83 v u_pc_reg._154_/Q (sky130_fd_sc_hd__dfxtp_4)
    13    0.10                           u_imem.addr[20] (net)
                  0.14    0.01    0.84 v u_pc_next_logic._0817_/A (sky130_fd_sc_hd__xor2_2)
                  0.18    0.26    1.10 ^ u_pc_next_logic._0817_/X (sky130_fd_sc_hd__xor2_2)
     2    0.01                           u_pc_next_logic.pc_plus4[20] (net)
                  0.18    0.00    1.10 ^ u_wb_mux._163_/A1 (sky130_fd_sc_hd__a22o_1)
                  0.10    0.21    1.31 ^ u_wb_mux._163_/X (sky130_fd_sc_hd__a22o_1)
     1    0.01                           u_wb_mux._058_ (net)
                  0.10    0.00    1.31 ^ u_wb_mux._167_/B1 (sky130_fd_sc_hd__a211o_4)
                  0.34    0.31    1.62 ^ u_wb_mux._167_/X (sky130_fd_sc_hd__a211o_4)
     3    0.12                           u_regfile.wd[20] (net)
                  0.46    0.03    1.65 ^ u_regfile.u_sram_rs1/din0[20] (sky130_sram_1kbyte_1rw1r_32x256_8)
                                  1.65   data arrival time

                          0.00    0.00   clock clk (rise edge)
                          0.00    0.00   clock source latency
                  0.00    0.00    0.00 ^ clk (in)
     1    0.13                           clk (net)
                  0.00    0.00    0.00 ^ clkbuf_0_clk/A (sky130_fd_sc_hd__clkbuf_16)
                  0.08    0.14    0.14 ^ clkbuf_0_clk/X (sky130_fd_sc_hd__clkbuf_16)
     4    0.06                           clknet_0_clk (net)
                  0.08    0.00    0.14 ^ clkbuf_2_0_0_clk/A (sky130_fd_sc_hd__clkbuf_8)
                  0.19    0.25    0.39 ^ clkbuf_2_0_0_clk/X (sky130_fd_sc_hd__clkbuf_8)
     9    0.11                           clknet_2_0_0_clk (net)
                  0.26    0.00    0.39 ^ u_regfile.u_sram_rs1/clk0 (sky130_sram_1kbyte_1rw1r_32x256_8)
                          0.20    0.59   clock uncertainty
                          0.00    0.59   clock reconvergence pessimism
                         -0.06    0.54   library hold time
                                  0.54   data required time
-----------------------------------------------------------------------------
                                  0.54   data required time
                                 -1.65   data arrival time
-----------------------------------------------------------------------------
                                  1.11   slack (MET)


Startpoint: u_pc_reg._152_ (rising edge-triggered flip-flop clocked by clk)
Endpoint: u_pc_reg._152_ (rising edge-triggered flip-flop clocked by clk)
Path Group: clk
Path Type: min

Fanout     Cap    Slew   Delay    Time   Description
-----------------------------------------------------------------------------
                          0.00    0.00   clock clk (rise edge)
                          0.00    0.00   clock source latency
                  0.00    0.00    0.00 ^ clk (in)
     1    0.13                           clk (net)
                  0.00    0.00    0.00 ^ clkbuf_0_clk/A (sky130_fd_sc_hd__clkbuf_16)
                  0.08    0.14    0.14 ^ clkbuf_0_clk/X (sky130_fd_sc_hd__clkbuf_16)
     4    0.06                           clknet_0_clk (net)
                  0.08    0.00    0.14 ^ clkbuf_2_2_0_clk/A (sky130_fd_sc_hd__clkbuf_8)
                  0.14    0.21    0.36 ^ clkbuf_2_2_0_clk/X (sky130_fd_sc_hd__clkbuf_8)
    14    0.08                           clknet_2_2_0_clk (net)
                  0.14    0.00    0.36 ^ u_pc_reg._152_/CLK (sky130_fd_sc_hd__dfxtp_4)
                  0.15    0.48    0.84 v u_pc_reg._152_/Q (sky130_fd_sc_hd__dfxtp_4)
    14    0.12                           u_imem.addr[18] (net)
                  0.15    0.00    0.85 v u_pc_next_logic._0811_/A (sky130_fd_sc_hd__xnor2_2)
                  0.08    0.22    1.06 v u_pc_next_logic._0811_/Y (sky130_fd_sc_hd__xnor2_2)
     2    0.02                           u_pc_next_logic.pc_plus4[18] (net)
                  0.08    0.00    1.06 v u_pc_next_logic._1287_/A1 (sky130_fd_sc_hd__a21oi_1)
                  0.09    0.14    1.20 ^ u_pc_next_logic._1287_/Y (sky130_fd_sc_hd__a21oi_1)
     1    0.00                           u_pc_next_logic._0524_ (net)
                  0.09    0.00    1.20 ^ u_pc_next_logic._1295_/A2 (sky130_fd_sc_hd__a221o_1)
                  0.07    0.17    1.37 ^ u_pc_next_logic._1295_/X (sky130_fd_sc_hd__a221o_1)
     1    0.01                           u_pc_next_logic._0532_ (net)
                  0.07    0.00    1.37 ^ u_pc_next_logic._1296_/B1 (sky130_fd_sc_hd__o21ai_1)
                  0.04    0.06    1.43 v u_pc_next_logic._1296_/Y (sky130_fd_sc_hd__o21ai_1)
     1    0.00                           u_pc_next_logic.pc_next[18] (net)
                  0.04    0.00    1.43 v u_pc_reg._105_/B (sky130_fd_sc_hd__and2_1)
                  0.03    0.14    1.58 v u_pc_reg._105_/X (sky130_fd_sc_hd__and2_1)
     1    0.00                           u_pc_reg._034_ (net)
                  0.03    0.00    1.58 v u_pc_reg._106_/A (sky130_fd_sc_hd__clkbuf_1)
                  0.02    0.08    1.65 v u_pc_reg._106_/X (sky130_fd_sc_hd__clkbuf_1)
     1    0.00                           u_pc_reg._018_ (net)
                  0.02    0.00    1.65 v u_pc_reg._152_/D (sky130_fd_sc_hd__dfxtp_4)
                                  1.65   data arrival time

                          0.00    0.00   clock clk (rise edge)
                          0.00    0.00   clock source latency
                  0.00    0.00    0.00 ^ clk (in)
     1    0.13                           clk (net)
                  0.00    0.00    0.00 ^ clkbuf_0_clk/A (sky130_fd_sc_hd__clkbuf_16)
                  0.08    0.14    0.14 ^ clkbuf_0_clk/X (sky130_fd_sc_hd__clkbuf_16)
     4    0.06                           clknet_0_clk (net)
                  0.08    0.00    0.14 ^ clkbuf_2_2_0_clk/A (sky130_fd_sc_hd__clkbuf_8)
                  0.14    0.21    0.36 ^ clkbuf_2_2_0_clk/X (sky130_fd_sc_hd__clkbuf_8)
    14    0.08                           clknet_2_2_0_clk (net)
                  0.14    0.00    0.36 ^ u_pc_reg._152_/CLK (sky130_fd_sc_hd__dfxtp_4)
                          0.20    0.56   clock uncertainty
                          0.00    0.56   clock reconvergence pessimism
                         -0.02    0.54   library hold time
                                  0.54   data required time
-----------------------------------------------------------------------------
                                  0.54   data required time
                                 -1.65   data arrival time
-----------------------------------------------------------------------------
                                  1.11   slack (MET)


Startpoint: u_pc_reg._150_ (rising edge-triggered flip-flop clocked by clk)
Endpoint: u_pc_reg._151_ (rising edge-triggered flip-flop clocked by clk)
Path Group: clk
Path Type: min

Fanout     Cap    Slew   Delay    Time   Description
-----------------------------------------------------------------------------
                          0.00    0.00   clock clk (rise edge)
                          0.00    0.00   clock source latency
                  0.00    0.00    0.00 ^ clk (in)
     1    0.13                           clk (net)
                  0.00    0.00    0.00 ^ clkbuf_0_clk/A (sky130_fd_sc_hd__clkbuf_16)
                  0.08    0.14    0.14 ^ clkbuf_0_clk/X (sky130_fd_sc_hd__clkbuf_16)
     4    0.06                           clknet_0_clk (net)
                  0.08    0.00    0.14 ^ clkbuf_2_2_0_clk/A (sky130_fd_sc_hd__clkbuf_8)
                  0.14    0.21    0.36 ^ clkbuf_2_2_0_clk/X (sky130_fd_sc_hd__clkbuf_8)
    14    0.08                           clknet_2_2_0_clk (net)
                  0.14    0.00    0.36 ^ u_pc_reg._150_/CLK (sky130_fd_sc_hd__dfxtp_4)
                  0.13    0.46    0.82 v u_pc_reg._150_/Q (sky130_fd_sc_hd__dfxtp_4)
    13    0.09                           u_imem.addr[16] (net)
                  0.13    0.00    0.82 v u_pc_next_logic._1248_/A (sky130_fd_sc_hd__nand2_1)
                  0.09    0.13    0.95 ^ u_pc_next_logic._1248_/Y (sky130_fd_sc_hd__nand2_1)
     3    0.01                           u_pc_next_logic._0487_ (net)
                  0.09    0.00    0.95 ^ u_pc_next_logic._1260_/B1 (sky130_fd_sc_hd__o21ai_1)
                  0.05    0.08    1.04 v u_pc_next_logic._1260_/Y (sky130_fd_sc_hd__o21ai_1)
     1    0.00                           u_pc_next_logic._0498_ (net)
                  0.05    0.00    1.04 v u_pc_next_logic._1261_/B (sky130_fd_sc_hd__xnor2_1)
                  0.06    0.15    1.19 ^ u_pc_next_logic._1261_/Y (sky130_fd_sc_hd__xnor2_1)
     1    0.00                           u_pc_next_logic._0499_ (net)
                  0.06    0.00    1.19 ^ u_pc_next_logic._1267_/A2 (sky130_fd_sc_hd__a211o_2)
                  0.13    0.20    1.39 ^ u_pc_next_logic._1267_/X (sky130_fd_sc_hd__a211o_2)
     1    0.03                           u_pc_next_logic._0505_ (net)
                  0.13    0.00    1.39 ^ u_pc_next_logic._1268_/B1 (sky130_fd_sc_hd__o21a_1)
                  0.03    0.13    1.52 ^ u_pc_next_logic._1268_/X (sky130_fd_sc_hd__o21a_1)
     1    0.00                           u_pc_next_logic.pc_next[17] (net)
                  0.03    0.00    1.52 ^ u_pc_reg._103_/B (sky130_fd_sc_hd__and2_1)
                  0.04    0.11    1.63 ^ u_pc_reg._103_/X (sky130_fd_sc_hd__and2_1)
     1    0.00                           u_pc_reg._033_ (net)
                  0.04    0.00    1.63 ^ u_pc_reg._104_/A (sky130_fd_sc_hd__clkbuf_1)
                  0.04    0.07    1.70 ^ u_pc_reg._104_/X (sky130_fd_sc_hd__clkbuf_1)
     1    0.00                           u_pc_reg._017_ (net)
                  0.04    0.00    1.70 ^ u_pc_reg._151_/D (sky130_fd_sc_hd__dfxtp_4)
                                  1.70   data arrival time

                          0.00    0.00   clock clk (rise edge)
                          0.00    0.00   clock source latency
                  0.00    0.00    0.00 ^ clk (in)
     1    0.13                           clk (net)
                  0.00    0.00    0.00 ^ clkbuf_0_clk/A (sky130_fd_sc_hd__clkbuf_16)
                  0.08    0.14    0.14 ^ clkbuf_0_clk/X (sky130_fd_sc_hd__clkbuf_16)
     4    0.06                           clknet_0_clk (net)
                  0.08    0.00    0.14 ^ clkbuf_2_0_0_clk/A (sky130_fd_sc_hd__clkbuf_8)
                  0.19    0.25    0.39 ^ clkbuf_2_0_0_clk/X (sky130_fd_sc_hd__clkbuf_8)
     9    0.11                           clknet_2_0_0_clk (net)
                  0.19    0.00    0.39 ^ u_pc_reg._151_/CLK (sky130_fd_sc_hd__dfxtp_4)
                          0.20    0.59   clock uncertainty
                          0.00    0.59   clock reconvergence pessimism
                         -0.01    0.58   library hold time
                                  0.58   data required time
-----------------------------------------------------------------------------
                                  0.58   data required time
                                 -1.70   data arrival time
-----------------------------------------------------------------------------
                                  1.12   slack (MET)


Startpoint: u_pc_reg._137_ (rising edge-triggered flip-flop clocked by clk)
Endpoint: u_pc_reg._137_ (rising edge-triggered flip-flop clocked by clk)
Path Group: clk
Path Type: min

Fanout     Cap    Slew   Delay    Time   Description
-----------------------------------------------------------------------------
                          0.00    0.00   clock clk (rise edge)
                          0.00    0.00   clock source latency
                  0.00    0.00    0.00 ^ clk (in)
     1    0.13                           clk (net)
                  0.00    0.00    0.00 ^ clkbuf_0_clk/A (sky130_fd_sc_hd__clkbuf_16)
                  0.08    0.14    0.14 ^ clkbuf_0_clk/X (sky130_fd_sc_hd__clkbuf_16)
     4    0.06                           clknet_0_clk (net)
                  0.08    0.00    0.14 ^ clkbuf_2_0_0_clk/A (sky130_fd_sc_hd__clkbuf_8)
                  0.19    0.25    0.39 ^ clkbuf_2_0_0_clk/X (sky130_fd_sc_hd__clkbuf_8)
     9    0.11                           clknet_2_0_0_clk (net)
                  0.19    0.00    0.39 ^ u_pc_reg._137_/CLK (sky130_fd_sc_hd__dfxtp_4)
                  0.07    0.43    0.82 v u_pc_reg._137_/Q (sky130_fd_sc_hd__dfxtp_4)
    10    0.04                           u_imem.addr[3] (net)
                  0.07    0.00    0.82 v u_pc_next_logic._0772_/B (sky130_fd_sc_hd__xor2_1)
                  0.18    0.20    1.02 ^ u_pc_next_logic._0772_/X (sky130_fd_sc_hd__xor2_1)
     2    0.01                           u_pc_next_logic.pc_plus4[3] (net)
                  0.18    0.00    1.02 ^ u_pc_next_logic._0922_/A0 (sky130_fd_sc_hd__mux2_1)
                  0.06    0.17    1.19 ^ u_pc_next_logic._0922_/X (sky130_fd_sc_hd__mux2_1)
     1    0.01                           u_pc_next_logic._0174_ (net)
                  0.06    0.00    1.19 ^ u_pc_next_logic._0928_/A0 (sky130_fd_sc_hd__mux2_1)
                  0.06    0.14    1.33 ^ u_pc_next_logic._0928_/X (sky130_fd_sc_hd__mux2_1)
     1    0.01                           u_pc_next_logic._0180_ (net)
                  0.06    0.00    1.33 ^ u_pc_next_logic._0929_/A1 (sky130_fd_sc_hd__mux2_1)
                  0.04    0.12    1.45 ^ u_pc_next_logic._0929_/X (sky130_fd_sc_hd__mux2_1)
     1    0.00                           u_pc_next_logic._0181_ (net)
                  0.04    0.00    1.45 ^ u_pc_next_logic._0930_/A (sky130_fd_sc_hd__clkbuf_1)
                  0.04    0.07    1.52 ^ u_pc_next_logic._0930_/X (sky130_fd_sc_hd__clkbuf_1)
     1    0.00                           u_pc_next_logic.pc_next[3] (net)
                  0.04    0.00    1.52 ^ u_pc_reg._074_/B (sky130_fd_sc_hd__and2_1)
                  0.04    0.11    1.63 ^ u_pc_reg._074_/X (sky130_fd_sc_hd__and2_1)
     1    0.00                           u_pc_reg._053_ (net)
                  0.04    0.00    1.63 ^ u_pc_reg._075_/A (sky130_fd_sc_hd__clkbuf_1)
                  0.04    0.07    1.70 ^ u_pc_reg._075_/X (sky130_fd_sc_hd__clkbuf_1)
     1    0.00                           u_pc_reg._003_ (net)
                  0.04    0.00    1.70 ^ u_pc_reg._137_/D (sky130_fd_sc_hd__dfxtp_4)
                                  1.70   data arrival time

                          0.00    0.00   clock clk (rise edge)
                          0.00    0.00   clock source latency
                  0.00    0.00    0.00 ^ clk (in)
     1    0.13                           clk (net)
                  0.00    0.00    0.00 ^ clkbuf_0_clk/A (sky130_fd_sc_hd__clkbuf_16)
                  0.08    0.14    0.14 ^ clkbuf_0_clk/X (sky130_fd_sc_hd__clkbuf_16)
     4    0.06                           clknet_0_clk (net)
                  0.08    0.00    0.14 ^ clkbuf_2_0_0_clk/A (sky130_fd_sc_hd__clkbuf_8)
                  0.19    0.25    0.39 ^ clkbuf_2_0_0_clk/X (sky130_fd_sc_hd__clkbuf_8)
     9    0.11                           clknet_2_0_0_clk (net)
                  0.19    0.00    0.39 ^ u_pc_reg._137_/CLK (sky130_fd_sc_hd__dfxtp_4)
                          0.20    0.59   clock uncertainty
                          0.00    0.59   clock reconvergence pessimism
                         -0.01    0.58   library hold time
                                  0.58   data required time
-----------------------------------------------------------------------------
                                  0.58   data required time
                                 -1.70   data arrival time
-----------------------------------------------------------------------------
                                  1.12   slack (MET)


Startpoint: u_pc_reg._158_ (rising edge-triggered flip-flop clocked by clk)
Endpoint: u_regfile.u_sram_rs1 (falling edge-triggered flip-flop clocked by clk)
Path Group: clk
Path Type: min

Fanout     Cap    Slew   Delay    Time   Description
-----------------------------------------------------------------------------
                          0.00    0.00   clock clk (rise edge)
                          0.00    0.00   clock source latency
                  0.00    0.00    0.00 ^ clk (in)
     1    0.13                           clk (net)
                  0.00    0.00    0.00 ^ clkbuf_0_clk/A (sky130_fd_sc_hd__clkbuf_16)
                  0.08    0.14    0.14 ^ clkbuf_0_clk/X (sky130_fd_sc_hd__clkbuf_16)
     4    0.06                           clknet_0_clk (net)
                  0.08    0.00    0.14 ^ clkbuf_2_2_0_clk/A (sky130_fd_sc_hd__clkbuf_8)
                  0.14    0.21    0.36 ^ clkbuf_2_2_0_clk/X (sky130_fd_sc_hd__clkbuf_8)
    14    0.08                           clknet_2_2_0_clk (net)
                  0.14    0.00    0.36 ^ u_pc_reg._158_/CLK (sky130_fd_sc_hd__dfxtp_4)
                  0.14    0.47    0.83 v u_pc_reg._158_/Q (sky130_fd_sc_hd__dfxtp_4)
    12    0.10                           u_imem.addr[24] (net)
                  0.14    0.01    0.83 v u_pc_next_logic._0832_/A (sky130_fd_sc_hd__xor2_2)
                  0.16    0.24    1.07 ^ u_pc_next_logic._0832_/X (sky130_fd_sc_hd__xor2_2)
     2    0.01                           u_pc_next_logic.pc_plus4[24] (net)
                  0.16    0.00    1.07 ^ u_wb_mux._178_/A1 (sky130_fd_sc_hd__a22o_1)
                  0.07    0.18    1.26 ^ u_wb_mux._178_/X (sky130_fd_sc_hd__a22o_1)
     1    0.01                           u_wb_mux._069_ (net)
                  0.07    0.00    1.26 ^ u_wb_mux._180_/B1 (sky130_fd_sc_hd__a211o_4)
                  0.52    0.40    1.66 ^ u_wb_mux._180_/X (sky130_fd_sc_hd__a211o_4)
     3    0.19                           u_regfile.wd[24] (net)
                  0.69    0.01    1.66 ^ u_regfile.u_sram_rs1/din0[24] (sky130_sram_1kbyte_1rw1r_32x256_8)
                                  1.66   data arrival time

                          0.00    0.00   clock clk (rise edge)
                          0.00    0.00   clock source latency
                  0.00    0.00    0.00 ^ clk (in)
     1    0.13                           clk (net)
                  0.00    0.00    0.00 ^ clkbuf_0_clk/A (sky130_fd_sc_hd__clkbuf_16)
                  0.08    0.14    0.14 ^ clkbuf_0_clk/X (sky130_fd_sc_hd__clkbuf_16)
     4    0.06                           clknet_0_clk (net)
                  0.08    0.00    0.14 ^ clkbuf_2_0_0_clk/A (sky130_fd_sc_hd__clkbuf_8)
                  0.19    0.25    0.39 ^ clkbuf_2_0_0_clk/X (sky130_fd_sc_hd__clkbuf_8)
     9    0.11                           clknet_2_0_0_clk (net)
                  0.26    0.00    0.39 ^ u_regfile.u_sram_rs1/clk0 (sky130_sram_1kbyte_1rw1r_32x256_8)
                          0.20    0.59   clock uncertainty
                          0.00    0.59   clock reconvergence pessimism
                         -0.06    0.54   library hold time
                                  0.54   data required time
-----------------------------------------------------------------------------
                                  0.54   data required time
                                 -1.66   data arrival time
-----------------------------------------------------------------------------
                                  1.13   slack (MET)


Startpoint: u_pc_reg._154_ (rising edge-triggered flip-flop clocked by clk)
Endpoint: u_regfile.u_sram_rs2 (falling edge-triggered flip-flop clocked by clk)
Path Group: clk
Path Type: min

Fanout     Cap    Slew   Delay    Time   Description
-----------------------------------------------------------------------------
                          0.00    0.00   clock clk (rise edge)
                          0.00    0.00   clock source latency
                  0.00    0.00    0.00 ^ clk (in)
     1    0.13                           clk (net)
                  0.00    0.00    0.00 ^ clkbuf_0_clk/A (sky130_fd_sc_hd__clkbuf_16)
                  0.08    0.14    0.14 ^ clkbuf_0_clk/X (sky130_fd_sc_hd__clkbuf_16)
     4    0.06                           clknet_0_clk (net)
                  0.08    0.00    0.14 ^ clkbuf_2_2_0_clk/A (sky130_fd_sc_hd__clkbuf_8)
                  0.14    0.21    0.36 ^ clkbuf_2_2_0_clk/X (sky130_fd_sc_hd__clkbuf_8)
    14    0.08                           clknet_2_2_0_clk (net)
                  0.14    0.00    0.36 ^ u_pc_reg._154_/CLK (sky130_fd_sc_hd__dfxtp_4)
                  0.14    0.47    0.83 v u_pc_reg._154_/Q (sky130_fd_sc_hd__dfxtp_4)
    13    0.10                           u_imem.addr[20] (net)
                  0.14    0.01    0.84 v u_pc_next_logic._0817_/A (sky130_fd_sc_hd__xor2_2)
                  0.18    0.26    1.10 ^ u_pc_next_logic._0817_/X (sky130_fd_sc_hd__xor2_2)
     2    0.01                           u_pc_next_logic.pc_plus4[20] (net)
                  0.18    0.00    1.10 ^ u_wb_mux._163_/A1 (sky130_fd_sc_hd__a22o_1)
                  0.10    0.21    1.31 ^ u_wb_mux._163_/X (sky130_fd_sc_hd__a22o_1)
     1    0.01                           u_wb_mux._058_ (net)
                  0.10    0.00    1.31 ^ u_wb_mux._167_/B1 (sky130_fd_sc_hd__a211o_4)
                  0.34    0.31    1.62 ^ u_wb_mux._167_/X (sky130_fd_sc_hd__a211o_4)
     3    0.12                           u_regfile.wd[20] (net)
                  0.45    0.01    1.63 ^ u_regfile.u_sram_rs2/din0[20] (sky130_sram_1kbyte_1rw1r_32x256_8)
                                  1.63   data arrival time

                          0.00    0.00   clock clk (rise edge)
                          0.00    0.00   clock source latency
                  0.00    0.00    0.00 ^ clk (in)
     1    0.13                           clk (net)
                  0.00    0.00    0.00 ^ clkbuf_0_clk/A (sky130_fd_sc_hd__clkbuf_16)
                  0.08    0.14    0.14 ^ clkbuf_0_clk/X (sky130_fd_sc_hd__clkbuf_16)
     4    0.06                           clknet_0_clk (net)
                  0.08    0.00    0.14 ^ clkbuf_2_2_0_clk/A (sky130_fd_sc_hd__clkbuf_8)
                  0.14    0.21    0.36 ^ clkbuf_2_2_0_clk/X (sky130_fd_sc_hd__clkbuf_8)
    14    0.08                           clknet_2_2_0_clk (net)
                  0.19    0.00    0.36 ^ u_regfile.u_sram_rs2/clk0 (sky130_sram_1kbyte_1rw1r_32x256_8)
                          0.20    0.56   clock uncertainty
                          0.00    0.56   clock reconvergence pessimism
                         -0.06    0.50   library hold time
                                  0.50   data required time
-----------------------------------------------------------------------------
                                  0.50   data required time
                                 -1.63   data arrival time
-----------------------------------------------------------------------------
                                  1.13   slack (MET)


Startpoint: u_pc_reg._147_ (rising edge-triggered flip-flop clocked by clk)
Endpoint: u_regfile.u_sram_rs2 (falling edge-triggered flip-flop clocked by clk)
Path Group: clk
Path Type: min

Fanout     Cap    Slew   Delay    Time   Description
-----------------------------------------------------------------------------
                          0.00    0.00   clock clk (rise edge)
                          0.00    0.00   clock source latency
                  0.00    0.00    0.00 ^ clk (in)
     1    0.13                           clk (net)
                  0.00    0.00    0.00 ^ clkbuf_0_clk/A (sky130_fd_sc_hd__clkbuf_16)
                  0.08    0.14    0.14 ^ clkbuf_0_clk/X (sky130_fd_sc_hd__clkbuf_16)
     4    0.06                           clknet_0_clk (net)
                  0.08    0.00    0.14 ^ clkbuf_2_2_0_clk/A (sky130_fd_sc_hd__clkbuf_8)
                  0.14    0.21    0.36 ^ clkbuf_2_2_0_clk/X (sky130_fd_sc_hd__clkbuf_8)
    14    0.08                           clknet_2_2_0_clk (net)
                  0.14    0.00    0.36 ^ u_pc_reg._147_/CLK (sky130_fd_sc_hd__dfxtp_4)
                  0.21    0.50    0.86 ^ u_pc_reg._147_/Q (sky130_fd_sc_hd__dfxtp_4)
    13    0.07                           u_imem.addr[13] (net)
                  0.21    0.00    0.86 ^ u_pc_next_logic._0798_/B1 (sky130_fd_sc_hd__a21o_1)
                  0.03    0.11    0.97 ^ u_pc_next_logic._0798_/X (sky130_fd_sc_hd__a21o_1)
     1    0.00                           u_pc_next_logic._0072_ (net)
                  0.03    0.00    0.97 ^ u_pc_next_logic._0799_/B (sky130_fd_sc_hd__and2b_1)
                  0.04    0.11    1.08 ^ u_pc_next_logic._0799_/X (sky130_fd_sc_hd__and2b_1)
     1    0.00                           u_pc_next_logic._0073_ (net)
                  0.04    0.00    1.08 ^ u_pc_next_logic._0800_/A (sky130_fd_sc_hd__clkbuf_1)
                  0.08    0.11    1.18 ^ u_pc_next_logic._0800_/X (sky130_fd_sc_hd__clkbuf_1)
     2    0.01                           u_pc_next_logic.pc_plus4[13] (net)
                  0.08    0.00    1.18 ^ u_wb_mux._140_/A1 (sky130_fd_sc_hd__a22o_1)
                  0.07    0.15    1.34 ^ u_wb_mux._140_/X (sky130_fd_sc_hd__a22o_1)
     1    0.01                           u_wb_mux._042_ (net)
                  0.07    0.00    1.34 ^ u_wb_mux._142_/B1 (sky130_fd_sc_hd__a211o_4)
                  0.30    0.28    1.61 ^ u_wb_mux._142_/X (sky130_fd_sc_hd__a211o_4)
     3    0.11                           u_regfile.wd[13] (net)
                  0.41    0.02    1.63 ^ u_regfile.u_sram_rs2/din0[13] (sky130_sram_1kbyte_1rw1r_32x256_8)
                                  1.63   data arrival time

                          0.00    0.00   clock clk (rise edge)
                          0.00    0.00   clock source latency
                  0.00    0.00    0.00 ^ clk (in)
     1    0.13                           clk (net)
                  0.00    0.00    0.00 ^ clkbuf_0_clk/A (sky130_fd_sc_hd__clkbuf_16)
                  0.08    0.14    0.14 ^ clkbuf_0_clk/X (sky130_fd_sc_hd__clkbuf_16)
     4    0.06                           clknet_0_clk (net)
                  0.08    0.00    0.14 ^ clkbuf_2_2_0_clk/A (sky130_fd_sc_hd__clkbuf_8)
                  0.14    0.21    0.36 ^ clkbuf_2_2_0_clk/X (sky130_fd_sc_hd__clkbuf_8)
    14    0.08                           clknet_2_2_0_clk (net)
                  0.19    0.00    0.36 ^ u_regfile.u_sram_rs2/clk0 (sky130_sram_1kbyte_1rw1r_32x256_8)
                          0.20    0.56   clock uncertainty
                          0.00    0.56   clock reconvergence pessimism
                         -0.06    0.50   library hold time
                                  0.50   data required time
-----------------------------------------------------------------------------
                                  0.50   data required time
                                 -1.63   data arrival time
-----------------------------------------------------------------------------
                                  1.13   slack (MET)


Startpoint: u_pc_reg._145_ (rising edge-triggered flip-flop clocked by clk)
Endpoint: u_regfile.u_sram_rs1 (falling edge-triggered flip-flop clocked by clk)
Path Group: clk
Path Type: min

Fanout     Cap    Slew   Delay    Time   Description
-----------------------------------------------------------------------------
                          0.00    0.00   clock clk (rise edge)
                          0.00    0.00   clock source latency
                  0.00    0.00    0.00 ^ clk (in)
     1    0.13                           clk (net)
                  0.00    0.00    0.00 ^ clkbuf_0_clk/A (sky130_fd_sc_hd__clkbuf_16)
                  0.08    0.14    0.14 ^ clkbuf_0_clk/X (sky130_fd_sc_hd__clkbuf_16)
     4    0.06                           clknet_0_clk (net)
                  0.08    0.00    0.14 ^ clkbuf_2_2_0_clk/A (sky130_fd_sc_hd__clkbuf_8)
                  0.14    0.21    0.36 ^ clkbuf_2_2_0_clk/X (sky130_fd_sc_hd__clkbuf_8)
    14    0.08                           clknet_2_2_0_clk (net)
                  0.14    0.00    0.36 ^ u_pc_reg._145_/CLK (sky130_fd_sc_hd__dfxtp_4)
                  0.20    0.49    0.85 ^ u_pc_reg._145_/Q (sky130_fd_sc_hd__dfxtp_4)
    12    0.07                           u_imem.addr[11] (net)
                  0.20    0.00    0.85 ^ u_pc_next_logic._0793_/A (sky130_fd_sc_hd__nor2_1)
                  0.03    0.08    0.93 v u_pc_next_logic._0793_/Y (sky130_fd_sc_hd__nor2_1)
     1    0.00                           u_pc_next_logic._0069_ (net)
                  0.03    0.00    0.93 v u_pc_next_logic._0794_/B (sky130_fd_sc_hd__nor2_1)
                  0.17    0.15    1.08 ^ u_pc_next_logic._0794_/Y (sky130_fd_sc_hd__nor2_1)
     2    0.01                           u_pc_next_logic.pc_plus4[11] (net)
                  0.17    0.00    1.08 ^ u_wb_mux._134_/A1 (sky130_fd_sc_hd__a22o_1)
                  0.07    0.18    1.26 ^ u_wb_mux._134_/X (sky130_fd_sc_hd__a22o_1)
     1    0.01                           u_wb_mux._038_ (net)
                  0.07    0.00    1.26 ^ u_wb_mux._136_/B1 (sky130_fd_sc_hd__a211o_4)
                  0.45    0.37    1.63 ^ u_wb_mux._136_/X (sky130_fd_sc_hd__a211o_4)
     3    0.17                           u_regfile.wd[11] (net)
                  0.61    0.04    1.68 ^ u_regfile.u_sram_rs1/din0[11] (sky130_sram_1kbyte_1rw1r_32x256_8)
                                  1.68   data arrival time

                          0.00    0.00   clock clk (rise edge)
                          0.00    0.00   clock source latency
                  0.00    0.00    0.00 ^ clk (in)
     1    0.13                           clk (net)
                  0.00    0.00    0.00 ^ clkbuf_0_clk/A (sky130_fd_sc_hd__clkbuf_16)
                  0.08    0.14    0.14 ^ clkbuf_0_clk/X (sky130_fd_sc_hd__clkbuf_16)
     4    0.06                           clknet_0_clk (net)
                  0.08    0.00    0.14 ^ clkbuf_2_0_0_clk/A (sky130_fd_sc_hd__clkbuf_8)
                  0.19    0.25    0.39 ^ clkbuf_2_0_0_clk/X (sky130_fd_sc_hd__clkbuf_8)
     9    0.11                           clknet_2_0_0_clk (net)
                  0.26    0.00    0.39 ^ u_regfile.u_sram_rs1/clk0 (sky130_sram_1kbyte_1rw1r_32x256_8)
                          0.20    0.59   clock uncertainty
                          0.00    0.59   clock reconvergence pessimism
                         -0.06    0.54   library hold time
                                  0.54   data required time
-----------------------------------------------------------------------------
                                  0.54   data required time
                                 -1.68   data arrival time
-----------------------------------------------------------------------------
                                  1.14   slack (MET)


Startpoint: u_pc_reg._145_ (rising edge-triggered flip-flop clocked by clk)
Endpoint: u_regfile.u_sram_rs2 (falling edge-triggered flip-flop clocked by clk)
Path Group: clk
Path Type: min

Fanout     Cap    Slew   Delay    Time   Description
-----------------------------------------------------------------------------
                          0.00    0.00   clock clk (rise edge)
                          0.00    0.00   clock source latency
                  0.00    0.00    0.00 ^ clk (in)
     1    0.13                           clk (net)
                  0.00    0.00    0.00 ^ clkbuf_0_clk/A (sky130_fd_sc_hd__clkbuf_16)
                  0.08    0.14    0.14 ^ clkbuf_0_clk/X (sky130_fd_sc_hd__clkbuf_16)
     4    0.06                           clknet_0_clk (net)
                  0.08    0.00    0.14 ^ clkbuf_2_2_0_clk/A (sky130_fd_sc_hd__clkbuf_8)
                  0.14    0.21    0.36 ^ clkbuf_2_2_0_clk/X (sky130_fd_sc_hd__clkbuf_8)
    14    0.08                           clknet_2_2_0_clk (net)
                  0.14    0.00    0.36 ^ u_pc_reg._145_/CLK (sky130_fd_sc_hd__dfxtp_4)
                  0.20    0.49    0.85 ^ u_pc_reg._145_/Q (sky130_fd_sc_hd__dfxtp_4)
    12    0.07                           u_imem.addr[11] (net)
                  0.20    0.00    0.85 ^ u_pc_next_logic._0793_/A (sky130_fd_sc_hd__nor2_1)
                  0.03    0.08    0.93 v u_pc_next_logic._0793_/Y (sky130_fd_sc_hd__nor2_1)
     1    0.00                           u_pc_next_logic._0069_ (net)
                  0.03    0.00    0.93 v u_pc_next_logic._0794_/B (sky130_fd_sc_hd__nor2_1)
                  0.17    0.15    1.08 ^ u_pc_next_logic._0794_/Y (sky130_fd_sc_hd__nor2_1)
     2    0.01                           u_pc_next_logic.pc_plus4[11] (net)
                  0.17    0.00    1.08 ^ u_wb_mux._134_/A1 (sky130_fd_sc_hd__a22o_1)
                  0.07    0.18    1.26 ^ u_wb_mux._134_/X (sky130_fd_sc_hd__a22o_1)
     1    0.01                           u_wb_mux._038_ (net)
                  0.07    0.00    1.26 ^ u_wb_mux._136_/B1 (sky130_fd_sc_hd__a211o_4)
                  0.45    0.37    1.63 ^ u_wb_mux._136_/X (sky130_fd_sc_hd__a211o_4)
     3    0.17                           u_regfile.wd[11] (net)
                  0.60    0.01    1.64 ^ u_regfile.u_sram_rs2/din0[11] (sky130_sram_1kbyte_1rw1r_32x256_8)
                                  1.64   data arrival time

                          0.00    0.00   clock clk (rise edge)
                          0.00    0.00   clock source latency
                  0.00    0.00    0.00 ^ clk (in)
     1    0.13                           clk (net)
                  0.00    0.00    0.00 ^ clkbuf_0_clk/A (sky130_fd_sc_hd__clkbuf_16)
                  0.08    0.14    0.14 ^ clkbuf_0_clk/X (sky130_fd_sc_hd__clkbuf_16)
     4    0.06                           clknet_0_clk (net)
                  0.08    0.00    0.14 ^ clkbuf_2_2_0_clk/A (sky130_fd_sc_hd__clkbuf_8)
                  0.14    0.21    0.36 ^ clkbuf_2_2_0_clk/X (sky130_fd_sc_hd__clkbuf_8)
    14    0.08                           clknet_2_2_0_clk (net)
                  0.19    0.00    0.36 ^ u_regfile.u_sram_rs2/clk0 (sky130_sram_1kbyte_1rw1r_32x256_8)
                          0.20    0.56   clock uncertainty
                          0.00    0.56   clock reconvergence pessimism
                         -0.06    0.50   library hold time
                                  0.50   data required time
-----------------------------------------------------------------------------
                                  0.50   data required time
                                 -1.64   data arrival time
-----------------------------------------------------------------------------
                                  1.14   slack (MET)


Startpoint: u_pc_reg._155_ (rising edge-triggered flip-flop clocked by clk)
Endpoint: u_regfile.u_sram_rs1 (falling edge-triggered flip-flop clocked by clk)
Path Group: clk
Path Type: min

Fanout     Cap    Slew   Delay    Time   Description
-----------------------------------------------------------------------------
                          0.00    0.00   clock clk (rise edge)
                          0.00    0.00   clock source latency
                  0.00    0.00    0.00 ^ clk (in)
     1    0.13                           clk (net)
                  0.00    0.00    0.00 ^ clkbuf_0_clk/A (sky130_fd_sc_hd__clkbuf_16)
                  0.08    0.14    0.14 ^ clkbuf_0_clk/X (sky130_fd_sc_hd__clkbuf_16)
     4    0.06                           clknet_0_clk (net)
                  0.08    0.00    0.14 ^ clkbuf_2_2_0_clk/A (sky130_fd_sc_hd__clkbuf_8)
                  0.14    0.21    0.36 ^ clkbuf_2_2_0_clk/X (sky130_fd_sc_hd__clkbuf_8)
    14    0.08                           clknet_2_2_0_clk (net)
                  0.14    0.00    0.36 ^ u_pc_reg._155_/CLK (sky130_fd_sc_hd__dfxtp_4)
                  0.11    0.45    0.81 v u_pc_reg._155_/Q (sky130_fd_sc_hd__dfxtp_4)
    12    0.08                           u_imem.addr[21] (net)
                  0.11    0.00    0.81 v u_pc_next_logic._0819_/B (sky130_fd_sc_hd__nand3_1)
                  0.12    0.16    0.97 ^ u_pc_next_logic._0819_/Y (sky130_fd_sc_hd__nand3_1)
     4    0.01                           u_pc_next_logic._0085_ (net)
                  0.12    0.00    0.97 ^ u_pc_next_logic._0820_/B (sky130_fd_sc_hd__and2_1)
                  0.06    0.15    1.12 ^ u_pc_next_logic._0820_/X (sky130_fd_sc_hd__and2_1)
     1    0.00                           u_pc_next_logic._0086_ (net)
                  0.06    0.00    1.12 ^ u_pc_next_logic._0821_/A (sky130_fd_sc_hd__clkbuf_1)
                  0.06    0.10    1.22 ^ u_pc_next_logic._0821_/X (sky130_fd_sc_hd__clkbuf_1)
     1    0.00                           u_pc_next_logic.pc_plus4[21] (net)
                  0.06    0.00    1.22 ^ u_wb_mux._169_/A1 (sky130_fd_sc_hd__a22o_1)
                  0.08    0.16    1.38 ^ u_wb_mux._169_/X (sky130_fd_sc_hd__a22o_1)
     1    0.01                           u_wb_mux._063_ (net)
                  0.08    0.00    1.38 ^ u_wb_mux._171_/B1 (sky130_fd_sc_hd__a211o_4)
                  0.32    0.30    1.67 ^ u_wb_mux._171_/X (sky130_fd_sc_hd__a211o_4)
     3    0.12                           u_regfile.wd[21] (net)
                  0.42    0.01    1.68 ^ u_regfile.u_sram_rs1/din0[21] (sky130_sram_1kbyte_1rw1r_32x256_8)
                                  1.68   data arrival time

                          0.00    0.00   clock clk (rise edge)
                          0.00    0.00   clock source latency
                  0.00    0.00    0.00 ^ clk (in)
     1    0.13                           clk (net)
                  0.00    0.00    0.00 ^ clkbuf_0_clk/A (sky130_fd_sc_hd__clkbuf_16)
                  0.08    0.14    0.14 ^ clkbuf_0_clk/X (sky130_fd_sc_hd__clkbuf_16)
     4    0.06                           clknet_0_clk (net)
                  0.08    0.00    0.14 ^ clkbuf_2_0_0_clk/A (sky130_fd_sc_hd__clkbuf_8)
                  0.19    0.25    0.39 ^ clkbuf_2_0_0_clk/X (sky130_fd_sc_hd__clkbuf_8)
     9    0.11                           clknet_2_0_0_clk (net)
                  0.26    0.00    0.39 ^ u_regfile.u_sram_rs1/clk0 (sky130_sram_1kbyte_1rw1r_32x256_8)
                          0.20    0.59   clock uncertainty
                          0.00    0.59   clock reconvergence pessimism
                         -0.06    0.54   library hold time
                                  0.54   data required time
-----------------------------------------------------------------------------
                                  0.54   data required time
                                 -1.68   data arrival time
-----------------------------------------------------------------------------
                                  1.14   slack (MET)


Startpoint: u_pc_reg._141_ (rising edge-triggered flip-flop clocked by clk)
Endpoint: u_regfile.u_sram_rs2 (falling edge-triggered flip-flop clocked by clk)
Path Group: clk
Path Type: min

Fanout     Cap    Slew   Delay    Time   Description
-----------------------------------------------------------------------------
                          0.00    0.00   clock clk (rise edge)
                          0.00    0.00   clock source latency
                  0.00    0.00    0.00 ^ clk (in)
     1    0.13                           clk (net)
                  0.00    0.00    0.00 ^ clkbuf_0_clk/A (sky130_fd_sc_hd__clkbuf_16)
                  0.08    0.14    0.14 ^ clkbuf_0_clk/X (sky130_fd_sc_hd__clkbuf_16)
     4    0.06                           clknet_0_clk (net)
                  0.08    0.00    0.14 ^ clkbuf_2_1_0_clk/A (sky130_fd_sc_hd__clkbuf_8)
                  0.21    0.26    0.40 ^ clkbuf_2_1_0_clk/X (sky130_fd_sc_hd__clkbuf_8)
     7    0.12                           clknet_2_1_0_clk (net)
                  0.21    0.00    0.40 ^ u_pc_reg._141_/CLK (sky130_fd_sc_hd__dfxtp_4)
                  0.21    0.51    0.92 ^ u_pc_reg._141_/Q (sky130_fd_sc_hd__dfxtp_4)
    12    0.07                           u_imem.addr[7] (net)
                  0.21    0.02    0.93 ^ u_pc_next_logic._0782_/A (sky130_fd_sc_hd__xnor2_1)
                  0.12    0.20    1.13 ^ u_pc_next_logic._0782_/Y (sky130_fd_sc_hd__xnor2_1)
     2    0.01                           u_pc_next_logic.pc_plus4[7] (net)
                  0.12    0.00    1.13 ^ u_wb_mux._117_/A1 (sky130_fd_sc_hd__a22o_1)
                  0.07    0.17    1.30 ^ u_wb_mux._117_/X (sky130_fd_sc_hd__a22o_1)
     1    0.01                           u_wb_mux._025_ (net)
                  0.07    0.00    1.30 ^ u_wb_mux._119_/B1 (sky130_fd_sc_hd__a211o_4)
                  0.36    0.31    1.61 ^ u_wb_mux._119_/X (sky130_fd_sc_hd__a211o_4)
     3    0.13                           u_regfile.wd[7] (net)
                  0.49    0.04    1.65 ^ u_regfile.u_sram_rs2/din0[7] (sky130_sram_1kbyte_1rw1r_32x256_8)
                                  1.65   data arrival time

                          0.00    0.00   clock clk (rise edge)
                          0.00    0.00   clock source latency
                  0.00    0.00    0.00 ^ clk (in)
     1    0.13                           clk (net)
                  0.00    0.00    0.00 ^ clkbuf_0_clk/A (sky130_fd_sc_hd__clkbuf_16)
                  0.08    0.14    0.14 ^ clkbuf_0_clk/X (sky130_fd_sc_hd__clkbuf_16)
     4    0.06                           clknet_0_clk (net)
                  0.08    0.00    0.14 ^ clkbuf_2_2_0_clk/A (sky130_fd_sc_hd__clkbuf_8)
                  0.14    0.21    0.36 ^ clkbuf_2_2_0_clk/X (sky130_fd_sc_hd__clkbuf_8)
    14    0.08                           clknet_2_2_0_clk (net)
                  0.19    0.00    0.36 ^ u_regfile.u_sram_rs2/clk0 (sky130_sram_1kbyte_1rw1r_32x256_8)
                          0.20    0.56   clock uncertainty
                          0.00    0.56   clock reconvergence pessimism
                         -0.06    0.50   library hold time
                                  0.50   data required time
-----------------------------------------------------------------------------
                                  0.50   data required time
                                 -1.65   data arrival time
-----------------------------------------------------------------------------
                                  1.15   slack (MET)


Startpoint: u_pc_reg._158_ (rising edge-triggered flip-flop clocked by clk)
Endpoint: u_regfile.u_sram_rs1 (falling edge-triggered flip-flop clocked by clk)
Path Group: clk
Path Type: min

Fanout     Cap    Slew   Delay    Time   Description
-----------------------------------------------------------------------------
                          0.00    0.00   clock clk (rise edge)
                          0.00    0.00   clock source latency
                  0.00    0.00    0.00 ^ clk (in)
     1    0.13                           clk (net)
                  0.00    0.00    0.00 ^ clkbuf_0_clk/A (sky130_fd_sc_hd__clkbuf_16)
                  0.08    0.14    0.14 ^ clkbuf_0_clk/X (sky130_fd_sc_hd__clkbuf_16)
     4    0.06                           clknet_0_clk (net)
                  0.08    0.00    0.14 ^ clkbuf_2_2_0_clk/A (sky130_fd_sc_hd__clkbuf_8)
                  0.14    0.21    0.36 ^ clkbuf_2_2_0_clk/X (sky130_fd_sc_hd__clkbuf_8)
    14    0.08                           clknet_2_2_0_clk (net)
                  0.14    0.00    0.36 ^ u_pc_reg._158_/CLK (sky130_fd_sc_hd__dfxtp_4)
                  0.30    0.56    0.91 ^ u_pc_reg._158_/Q (sky130_fd_sc_hd__dfxtp_4)
    12    0.10                           u_imem.addr[24] (net)
                  0.30    0.01    0.92 ^ u_pc_next_logic._0833_/A1 (sky130_fd_sc_hd__a21oi_1)
                  0.05    0.11    1.03 v u_pc_next_logic._0833_/Y (sky130_fd_sc_hd__a21oi_1)
     1    0.00                           u_pc_next_logic._0095_ (net)
                  0.05    0.00    1.03 v u_pc_next_logic._0835_/A (sky130_fd_sc_hd__nor2_1)
                  0.19    0.19    1.22 ^ u_pc_next_logic._0835_/Y (sky130_fd_sc_hd__nor2_1)
     2    0.01                           u_pc_next_logic.pc_plus4[25] (net)
                  0.19    0.00    1.22 ^ u_wb_mux._181_/A1 (sky130_fd_sc_hd__a22o_1)
                  0.07    0.19    1.41 ^ u_wb_mux._181_/X (sky130_fd_sc_hd__a22o_1)
     1    0.01                           u_wb_mux._071_ (net)
                  0.07    0.00    1.41 ^ u_wb_mux._183_/B1 (sky130_fd_sc_hd__a211o_4)
                  0.28    0.27    1.68 ^ u_wb_mux._183_/X (sky130_fd_sc_hd__a211o_4)
     3    0.10                           u_regfile.wd[25] (net)
                  0.37    0.01    1.68 ^ u_regfile.u_sram_rs1/din0[25] (sky130_sram_1kbyte_1rw1r_32x256_8)
                                  1.68   data arrival time

                          0.00    0.00   clock clk (rise edge)
                          0.00    0.00   clock source latency
                  0.00    0.00    0.00 ^ clk (in)
     1    0.13                           clk (net)
                  0.00    0.00    0.00 ^ clkbuf_0_clk/A (sky130_fd_sc_hd__clkbuf_16)
                  0.08    0.14    0.14 ^ clkbuf_0_clk/X (sky130_fd_sc_hd__clkbuf_16)
     4    0.06                           clknet_0_clk (net)
                  0.08    0.00    0.14 ^ clkbuf_2_0_0_clk/A (sky130_fd_sc_hd__clkbuf_8)
                  0.19    0.25    0.39 ^ clkbuf_2_0_0_clk/X (sky130_fd_sc_hd__clkbuf_8)
     9    0.11                           clknet_2_0_0_clk (net)
                  0.26    0.00    0.39 ^ u_regfile.u_sram_rs1/clk0 (sky130_sram_1kbyte_1rw1r_32x256_8)
                          0.20    0.59   clock uncertainty
                          0.00    0.59   clock reconvergence pessimism
                         -0.06    0.54   library hold time
                                  0.54   data required time
-----------------------------------------------------------------------------
                                  0.54   data required time
                                 -1.68   data arrival time
-----------------------------------------------------------------------------
                                  1.15   slack (MET)


Startpoint: u_pc_reg._163_ (rising edge-triggered flip-flop clocked by clk)
Endpoint: u_regfile.u_sram_rs1 (falling edge-triggered flip-flop clocked by clk)
Path Group: clk
Path Type: min

Fanout     Cap    Slew   Delay    Time   Description
-----------------------------------------------------------------------------
                          0.00    0.00   clock clk (rise edge)
                          0.00    0.00   clock source latency
                  0.00    0.00    0.00 ^ clk (in)
     1    0.13                           clk (net)
                  0.00    0.00    0.00 ^ clkbuf_0_clk/A (sky130_fd_sc_hd__clkbuf_16)
                  0.08    0.14    0.14 ^ clkbuf_0_clk/X (sky130_fd_sc_hd__clkbuf_16)
     4    0.06                           clknet_0_clk (net)
                  0.08    0.00    0.14 ^ clkbuf_2_2_0_clk/A (sky130_fd_sc_hd__clkbuf_8)
                  0.14    0.21    0.36 ^ clkbuf_2_2_0_clk/X (sky130_fd_sc_hd__clkbuf_8)
    14    0.08                           clknet_2_2_0_clk (net)
                  0.14    0.00    0.36 ^ u_pc_reg._163_/CLK (sky130_fd_sc_hd__dfxtp_4)
                  0.12    0.46    0.82 v u_pc_reg._163_/Q (sky130_fd_sc_hd__dfxtp_4)
    11    0.09                           u_imem.addr[29] (net)
                  0.12    0.01    0.82 v _615_/A (sky130_fd_sc_hd__nor2_1)
                  0.16    0.19    1.01 ^ _615_/Y (sky130_fd_sc_hd__nor2_1)
     3    0.01                           _256_ (net)
                  0.16    0.00    1.01 ^ _623_/A (sky130_fd_sc_hd__or2_1)
                  0.06    0.14    1.15 ^ _623_/X (sky130_fd_sc_hd__or2_1)
     1    0.01                           _263_ (net)
                  0.06    0.00    1.15 ^ _624_/B (sky130_fd_sc_hd__xnor2_1)
                  0.11    0.15    1.30 ^ _624_/Y (sky130_fd_sc_hd__xnor2_1)
     1    0.01                           u_wb_mux.pc_plus_imm[30] (net)
                  0.11    0.00    1.30 ^ u_wb_mux._196_/B2 (sky130_fd_sc_hd__a22o_1)
                  0.08    0.16    1.46 ^ u_wb_mux._196_/X (sky130_fd_sc_hd__a22o_1)
     1    0.01                           u_wb_mux._081_ (net)
                  0.08    0.00    1.46 ^ u_wb_mux._198_/B1 (sky130_fd_sc_hd__a211o_4)
                  0.20    0.22    1.68 ^ u_wb_mux._198_/X (sky130_fd_sc_hd__a211o_4)
     3    0.07                           u_regfile.wd[30] (net)
                  0.26    0.01    1.69 ^ u_regfile.u_sram_rs1/din0[30] (sky130_sram_1kbyte_1rw1r_32x256_8)
                                  1.69   data arrival time

                          0.00    0.00   clock clk (rise edge)
                          0.00    0.00   clock source latency
                  0.00    0.00    0.00 ^ clk (in)
     1    0.13                           clk (net)
                  0.00    0.00    0.00 ^ clkbuf_0_clk/A (sky130_fd_sc_hd__clkbuf_16)
                  0.08    0.14    0.14 ^ clkbuf_0_clk/X (sky130_fd_sc_hd__clkbuf_16)
     4    0.06                           clknet_0_clk (net)
                  0.08    0.00    0.14 ^ clkbuf_2_0_0_clk/A (sky130_fd_sc_hd__clkbuf_8)
                  0.19    0.25    0.39 ^ clkbuf_2_0_0_clk/X (sky130_fd_sc_hd__clkbuf_8)
     9    0.11                           clknet_2_0_0_clk (net)
                  0.26    0.00    0.39 ^ u_regfile.u_sram_rs1/clk0 (sky130_sram_1kbyte_1rw1r_32x256_8)
                          0.20    0.59   clock uncertainty
                          0.00    0.59   clock reconvergence pessimism
                         -0.06    0.54   library hold time
                                  0.54   data required time
-----------------------------------------------------------------------------
                                  0.54   data required time
                                 -1.69   data arrival time
-----------------------------------------------------------------------------
                                  1.15   slack (MET)


Startpoint: u_pc_reg._151_ (rising edge-triggered flip-flop clocked by clk)
Endpoint: u_regfile.u_sram_rs1 (falling edge-triggered flip-flop clocked by clk)
Path Group: clk
Path Type: min

Fanout     Cap    Slew   Delay    Time   Description
-----------------------------------------------------------------------------
                          0.00    0.00   clock clk (rise edge)
                          0.00    0.00   clock source latency
                  0.00    0.00    0.00 ^ clk (in)
     1    0.13                           clk (net)
                  0.00    0.00    0.00 ^ clkbuf_0_clk/A (sky130_fd_sc_hd__clkbuf_16)
                  0.08    0.14    0.14 ^ clkbuf_0_clk/X (sky130_fd_sc_hd__clkbuf_16)
     4    0.06                           clknet_0_clk (net)
                  0.08    0.00    0.14 ^ clkbuf_2_0_0_clk/A (sky130_fd_sc_hd__clkbuf_8)
                  0.19    0.25    0.39 ^ clkbuf_2_0_0_clk/X (sky130_fd_sc_hd__clkbuf_8)
     9    0.11                           clknet_2_0_0_clk (net)
                  0.19    0.00    0.39 ^ u_pc_reg._151_/CLK (sky130_fd_sc_hd__dfxtp_4)
                  0.14    0.47    0.87 v u_pc_reg._151_/Q (sky130_fd_sc_hd__dfxtp_4)
    15    0.10                           u_imem.addr[17] (net)
                  0.14    0.02    0.89 v u_pc_next_logic._0808_/A (sky130_fd_sc_hd__xor2_2)
                  0.16    0.24    1.13 ^ u_pc_next_logic._0808_/X (sky130_fd_sc_hd__xor2_2)
     2    0.01                           u_pc_next_logic.pc_plus4[17] (net)
                  0.16    0.00    1.13 ^ u_wb_mux._152_/A1 (sky130_fd_sc_hd__a22o_1)
                  0.07    0.18    1.31 ^ u_wb_mux._152_/X (sky130_fd_sc_hd__a22o_1)
     1    0.01                           u_wb_mux._050_ (net)
                  0.07    0.00    1.31 ^ u_wb_mux._154_/B1 (sky130_fd_sc_hd__a211o_4)
                  0.43    0.37    1.68 ^ u_wb_mux._154_/X (sky130_fd_sc_hd__a211o_4)
     3    0.16                           u_regfile.wd[17] (net)
                  0.58    0.01    1.69 ^ u_regfile.u_sram_rs1/din0[17] (sky130_sram_1kbyte_1rw1r_32x256_8)
                                  1.69   data arrival time

                          0.00    0.00   clock clk (rise edge)
                          0.00    0.00   clock source latency
                  0.00    0.00    0.00 ^ clk (in)
     1    0.13                           clk (net)
                  0.00    0.00    0.00 ^ clkbuf_0_clk/A (sky130_fd_sc_hd__clkbuf_16)
                  0.08    0.14    0.14 ^ clkbuf_0_clk/X (sky130_fd_sc_hd__clkbuf_16)
     4    0.06                           clknet_0_clk (net)
                  0.08    0.00    0.14 ^ clkbuf_2_0_0_clk/A (sky130_fd_sc_hd__clkbuf_8)
                  0.19    0.25    0.39 ^ clkbuf_2_0_0_clk/X (sky130_fd_sc_hd__clkbuf_8)
     9    0.11                           clknet_2_0_0_clk (net)
                  0.26    0.00    0.39 ^ u_regfile.u_sram_rs1/clk0 (sky130_sram_1kbyte_1rw1r_32x256_8)
                          0.20    0.59   clock uncertainty
                          0.00    0.59   clock reconvergence pessimism
                         -0.06    0.54   library hold time
                                  0.54   data required time
-----------------------------------------------------------------------------
                                  0.54   data required time
                                 -1.69   data arrival time
-----------------------------------------------------------------------------
                                  1.15   slack (MET)


Startpoint: u_pc_reg._146_ (rising edge-triggered flip-flop clocked by clk)
Endpoint: u_pc_reg._146_ (rising edge-triggered flip-flop clocked by clk)
Path Group: clk
Path Type: min

Fanout     Cap    Slew   Delay    Time   Description
-----------------------------------------------------------------------------
                          0.00    0.00   clock clk (rise edge)
                          0.00    0.00   clock source latency
                  0.00    0.00    0.00 ^ clk (in)
     1    0.13                           clk (net)
                  0.00    0.00    0.00 ^ clkbuf_0_clk/A (sky130_fd_sc_hd__clkbuf_16)
                  0.08    0.14    0.14 ^ clkbuf_0_clk/X (sky130_fd_sc_hd__clkbuf_16)
     4    0.06                           clknet_0_clk (net)
                  0.08    0.00    0.14 ^ clkbuf_2_3_0_clk/A (sky130_fd_sc_hd__clkbuf_8)
                  0.28    0.31    0.46 ^ clkbuf_2_3_0_clk/X (sky130_fd_sc_hd__clkbuf_8)
    10    0.16                           clknet_2_3_0_clk (net)
                  0.28    0.00    0.46 ^ u_pc_reg._146_/CLK (sky130_fd_sc_hd__dfxtp_4)
                  0.10    0.48    0.94 v u_pc_reg._146_/Q (sky130_fd_sc_hd__dfxtp_4)
    12    0.07                           u_imem.addr[12] (net)
                  0.10    0.00    0.94 v u_pc_next_logic._1138_/A (sky130_fd_sc_hd__nor2_1)
                  0.08    0.12    1.06 ^ u_pc_next_logic._1138_/Y (sky130_fd_sc_hd__nor2_1)
     1    0.00                           u_pc_next_logic._0381_ (net)
                  0.08    0.00    1.06 ^ u_pc_next_logic._1139_/B (sky130_fd_sc_hd__nor2_1)
                  0.05    0.07    1.13 v u_pc_next_logic._1139_/Y (sky130_fd_sc_hd__nor2_1)
     3    0.01                           u_pc_next_logic._0382_ (net)
                  0.05    0.00    1.13 v u_pc_next_logic._1145_/A (sky130_fd_sc_hd__xor2_1)
                  0.10    0.15    1.28 ^ u_pc_next_logic._1145_/X (sky130_fd_sc_hd__xor2_1)
     1    0.00                           u_pc_next_logic._0388_ (net)
                  0.10    0.00    1.28 ^ u_pc_next_logic._1146_/A1 (sky130_fd_sc_hd__mux2_1)
                  0.06    0.16    1.43 ^ u_pc_next_logic._1146_/X (sky130_fd_sc_hd__mux2_1)
     1    0.01                           u_pc_next_logic._0389_ (net)
                  0.06    0.00    1.43 ^ u_pc_next_logic._1147_/A1 (sky130_fd_sc_hd__mux2_1)
                  0.04    0.12    1.55 ^ u_pc_next_logic._1147_/X (sky130_fd_sc_hd__mux2_1)
     1    0.00                           u_pc_next_logic._0390_ (net)
                  0.04    0.00    1.55 ^ u_pc_next_logic._1148_/A (sky130_fd_sc_hd__clkbuf_1)
                  0.04    0.07    1.63 ^ u_pc_next_logic._1148_/X (sky130_fd_sc_hd__clkbuf_1)
     1    0.00                           u_pc_next_logic.pc_next[12] (net)
                  0.04    0.00    1.63 ^ u_pc_reg._093_/B (sky130_fd_sc_hd__and2_1)
                  0.04    0.11    1.73 ^ u_pc_reg._093_/X (sky130_fd_sc_hd__and2_1)
     1    0.00                           u_pc_reg._063_ (net)
                  0.04    0.00    1.73 ^ u_pc_reg._094_/A (sky130_fd_sc_hd__clkbuf_1)
                  0.04    0.07    1.81 ^ u_pc_reg._094_/X (sky130_fd_sc_hd__clkbuf_1)
     1    0.00                           u_pc_reg._012_ (net)
                  0.04    0.00    1.81 ^ u_pc_reg._146_/D (sky130_fd_sc_hd__dfxtp_4)
                                  1.81   data arrival time

                          0.00    0.00   clock clk (rise edge)
                          0.00    0.00   clock source latency
                  0.00    0.00    0.00 ^ clk (in)
     1    0.13                           clk (net)
                  0.00    0.00    0.00 ^ clkbuf_0_clk/A (sky130_fd_sc_hd__clkbuf_16)
                  0.08    0.14    0.14 ^ clkbuf_0_clk/X (sky130_fd_sc_hd__clkbuf_16)
     4    0.06                           clknet_0_clk (net)
                  0.08    0.00    0.14 ^ clkbuf_2_3_0_clk/A (sky130_fd_sc_hd__clkbuf_8)
                  0.28    0.31    0.46 ^ clkbuf_2_3_0_clk/X (sky130_fd_sc_hd__clkbuf_8)
    10    0.16                           clknet_2_3_0_clk (net)
                  0.28    0.00    0.46 ^ u_pc_reg._146_/CLK (sky130_fd_sc_hd__dfxtp_4)
                          0.20    0.66   clock uncertainty
                          0.00    0.66   clock reconvergence pessimism
                          0.00    0.66   library hold time
                                  0.66   data required time
-----------------------------------------------------------------------------
                                  0.66   data required time
                                 -1.81   data arrival time
-----------------------------------------------------------------------------
                                  1.15   slack (MET)


Startpoint: u_pc_reg._143_ (rising edge-triggered flip-flop clocked by clk)
Endpoint: u_regfile.u_sram_rs2 (falling edge-triggered flip-flop clocked by clk)
Path Group: clk
Path Type: min

Fanout     Cap    Slew   Delay    Time   Description
-----------------------------------------------------------------------------
                          0.00    0.00   clock clk (rise edge)
                          0.00    0.00   clock source latency
                  0.00    0.00    0.00 ^ clk (in)
     1    0.13                           clk (net)
                  0.00    0.00    0.00 ^ clkbuf_0_clk/A (sky130_fd_sc_hd__clkbuf_16)
                  0.08    0.14    0.14 ^ clkbuf_0_clk/X (sky130_fd_sc_hd__clkbuf_16)
     4    0.06                           clknet_0_clk (net)
                  0.08    0.00    0.14 ^ clkbuf_2_0_0_clk/A (sky130_fd_sc_hd__clkbuf_8)
                  0.19    0.25    0.39 ^ clkbuf_2_0_0_clk/X (sky130_fd_sc_hd__clkbuf_8)
     9    0.11                           clknet_2_0_0_clk (net)
                  0.19    0.00    0.39 ^ u_pc_reg._143_/CLK (sky130_fd_sc_hd__dfxtp_4)
                  0.10    0.45    0.85 v u_pc_reg._143_/Q (sky130_fd_sc_hd__dfxtp_4)
    14    0.06                           u_imem.addr[9] (net)
                  0.10    0.01    0.85 v u_pc_next_logic._0787_/A (sky130_fd_sc_hd__xor2_1)
                  0.17    0.22    1.08 ^ u_pc_next_logic._0787_/X (sky130_fd_sc_hd__xor2_1)
     2    0.01                           u_pc_next_logic.pc_plus4[9] (net)
                  0.17    0.00    1.08 ^ u_wb_mux._123_/A1 (sky130_fd_sc_hd__a22o_1)
                  0.07    0.19    1.26 ^ u_wb_mux._123_/X (sky130_fd_sc_hd__a22o_1)
     1    0.01                           u_wb_mux._029_ (net)
                  0.07    0.00    1.26 ^ u_wb_mux._125_/B1 (sky130_fd_sc_hd__a211o_4)
                  0.48    0.39    1.65 ^ u_wb_mux._125_/X (sky130_fd_sc_hd__a211o_4)
     3    0.18                           u_regfile.wd[9] (net)
                  0.65    0.01    1.66 ^ u_regfile.u_sram_rs2/din0[9] (sky130_sram_1kbyte_1rw1r_32x256_8)
                                  1.66   data arrival time

                          0.00    0.00   clock clk (rise edge)
                          0.00    0.00   clock source latency
                  0.00    0.00    0.00 ^ clk (in)
     1    0.13                           clk (net)
                  0.00    0.00    0.00 ^ clkbuf_0_clk/A (sky130_fd_sc_hd__clkbuf_16)
                  0.08    0.14    0.14 ^ clkbuf_0_clk/X (sky130_fd_sc_hd__clkbuf_16)
     4    0.06                           clknet_0_clk (net)
                  0.08    0.00    0.14 ^ clkbuf_2_2_0_clk/A (sky130_fd_sc_hd__clkbuf_8)
                  0.14    0.21    0.36 ^ clkbuf_2_2_0_clk/X (sky130_fd_sc_hd__clkbuf_8)
    14    0.08                           clknet_2_2_0_clk (net)
                  0.19    0.00    0.36 ^ u_regfile.u_sram_rs2/clk0 (sky130_sram_1kbyte_1rw1r_32x256_8)
                          0.20    0.56   clock uncertainty
                          0.00    0.56   clock reconvergence pessimism
                         -0.06    0.50   library hold time
                                  0.50   data required time
-----------------------------------------------------------------------------
                                  0.50   data required time
                                 -1.66   data arrival time
-----------------------------------------------------------------------------
                                  1.16   slack (MET)


Startpoint: u_pc_reg._155_ (rising edge-triggered flip-flop clocked by clk)
Endpoint: u_regfile.u_sram_rs1 (falling edge-triggered flip-flop clocked by clk)
Path Group: clk
Path Type: min

Fanout     Cap    Slew   Delay    Time   Description
-----------------------------------------------------------------------------
                          0.00    0.00   clock clk (rise edge)
                          0.00    0.00   clock source latency
                  0.00    0.00    0.00 ^ clk (in)
     1    0.13                           clk (net)
                  0.00    0.00    0.00 ^ clkbuf_0_clk/A (sky130_fd_sc_hd__clkbuf_16)
                  0.08    0.14    0.14 ^ clkbuf_0_clk/X (sky130_fd_sc_hd__clkbuf_16)
     4    0.06                           clknet_0_clk (net)
                  0.08    0.00    0.14 ^ clkbuf_2_2_0_clk/A (sky130_fd_sc_hd__clkbuf_8)
                  0.14    0.21    0.36 ^ clkbuf_2_2_0_clk/X (sky130_fd_sc_hd__clkbuf_8)
    14    0.08                           clknet_2_2_0_clk (net)
                  0.14    0.00    0.36 ^ u_pc_reg._155_/CLK (sky130_fd_sc_hd__dfxtp_4)
                  0.11    0.45    0.81 v u_pc_reg._155_/Q (sky130_fd_sc_hd__dfxtp_4)
    12    0.08                           u_imem.addr[21] (net)
                  0.11    0.00    0.81 v _567_/A (sky130_fd_sc_hd__nand2_1)
                  0.09    0.12    0.94 ^ _567_/Y (sky130_fd_sc_hd__nand2_1)
     3    0.01                           _215_ (net)
                  0.09    0.00    0.94 ^ _568_/A1 (sky130_fd_sc_hd__a21oi_1)
                  0.06    0.08    1.02 v _568_/Y (sky130_fd_sc_hd__a21oi_1)
     1    0.01                           _216_ (net)
                  0.06    0.00    1.02 v _569_/B (sky130_fd_sc_hd__xnor2_1)
                  0.06    0.14    1.16 ^ _569_/Y (sky130_fd_sc_hd__xnor2_1)
     1    0.00                           u_wb_mux.pc_plus_imm[22] (net)
                  0.06    0.00    1.16 ^ u_wb_mux._172_/B2 (sky130_fd_sc_hd__a22o_1)
                  0.08    0.15    1.31 ^ u_wb_mux._172_/X (sky130_fd_sc_hd__a22o_1)
     1    0.01                           u_wb_mux._065_ (net)
                  0.08    0.00    1.32 ^ u_wb_mux._174_/B1 (sky130_fd_sc_hd__a211o_4)
                  0.45    0.38    1.69 ^ u_wb_mux._174_/X (sky130_fd_sc_hd__a211o_4)
     3    0.17                           u_regfile.wd[22] (net)
                  0.60    0.01    1.70 ^ u_regfile.u_sram_rs1/din0[22] (sky130_sram_1kbyte_1rw1r_32x256_8)
                                  1.70   data arrival time

                          0.00    0.00   clock clk (rise edge)
                          0.00    0.00   clock source latency
                  0.00    0.00    0.00 ^ clk (in)
     1    0.13                           clk (net)
                  0.00    0.00    0.00 ^ clkbuf_0_clk/A (sky130_fd_sc_hd__clkbuf_16)
                  0.08    0.14    0.14 ^ clkbuf_0_clk/X (sky130_fd_sc_hd__clkbuf_16)
     4    0.06                           clknet_0_clk (net)
                  0.08    0.00    0.14 ^ clkbuf_2_0_0_clk/A (sky130_fd_sc_hd__clkbuf_8)
                  0.19    0.25    0.39 ^ clkbuf_2_0_0_clk/X (sky130_fd_sc_hd__clkbuf_8)
     9    0.11                           clknet_2_0_0_clk (net)
                  0.26    0.00    0.39 ^ u_regfile.u_sram_rs1/clk0 (sky130_sram_1kbyte_1rw1r_32x256_8)
                          0.20    0.59   clock uncertainty
                          0.00    0.59   clock reconvergence pessimism
                         -0.06    0.54   library hold time
                                  0.54   data required time
-----------------------------------------------------------------------------
                                  0.54   data required time
                                 -1.70   data arrival time
-----------------------------------------------------------------------------
                                  1.16   slack (MET)


Startpoint: u_pc_reg._137_ (rising edge-triggered flip-flop clocked by clk)
Endpoint: u_regfile.u_sram_rs1 (falling edge-triggered flip-flop clocked by clk)
Path Group: clk
Path Type: min

Fanout     Cap    Slew   Delay    Time   Description
-----------------------------------------------------------------------------
                          0.00    0.00   clock clk (rise edge)
                          0.00    0.00   clock source latency
                  0.00    0.00    0.00 ^ clk (in)
     1    0.13                           clk (net)
                  0.00    0.00    0.00 ^ clkbuf_0_clk/A (sky130_fd_sc_hd__clkbuf_16)
                  0.08    0.14    0.14 ^ clkbuf_0_clk/X (sky130_fd_sc_hd__clkbuf_16)
     4    0.06                           clknet_0_clk (net)
                  0.08    0.00    0.14 ^ clkbuf_2_0_0_clk/A (sky130_fd_sc_hd__clkbuf_8)
                  0.19    0.25    0.39 ^ clkbuf_2_0_0_clk/X (sky130_fd_sc_hd__clkbuf_8)
     9    0.11                           clknet_2_0_0_clk (net)
                  0.19    0.00    0.39 ^ u_pc_reg._137_/CLK (sky130_fd_sc_hd__dfxtp_4)
                  0.07    0.43    0.82 v u_pc_reg._137_/Q (sky130_fd_sc_hd__dfxtp_4)
    10    0.04                           u_imem.addr[3] (net)
                  0.07    0.00    0.82 v u_pc_next_logic._0772_/B (sky130_fd_sc_hd__xor2_1)
                  0.18    0.20    1.02 ^ u_pc_next_logic._0772_/X (sky130_fd_sc_hd__xor2_1)
     2    0.01                           u_pc_next_logic.pc_plus4[3] (net)
                  0.18    0.00    1.02 ^ u_wb_mux._105_/A1 (sky130_fd_sc_hd__a22o_1)
                  0.08    0.19    1.22 ^ u_wb_mux._105_/X (sky130_fd_sc_hd__a22o_1)
     1    0.01                           u_wb_mux._017_ (net)
                  0.08    0.00    1.22 ^ u_wb_mux._107_/B1 (sky130_fd_sc_hd__a211o_4)
                  0.53    0.42    1.63 ^ u_wb_mux._107_/X (sky130_fd_sc_hd__a211o_4)
     3    0.20                           u_regfile.wd[3] (net)
                  0.73    0.07    1.70 ^ u_regfile.u_sram_rs1/din0[3] (sky130_sram_1kbyte_1rw1r_32x256_8)
                                  1.70   data arrival time

                          0.00    0.00   clock clk (rise edge)
                          0.00    0.00   clock source latency
                  0.00    0.00    0.00 ^ clk (in)
     1    0.13                           clk (net)
                  0.00    0.00    0.00 ^ clkbuf_0_clk/A (sky130_fd_sc_hd__clkbuf_16)
                  0.08    0.14    0.14 ^ clkbuf_0_clk/X (sky130_fd_sc_hd__clkbuf_16)
     4    0.06                           clknet_0_clk (net)
                  0.08    0.00    0.14 ^ clkbuf_2_0_0_clk/A (sky130_fd_sc_hd__clkbuf_8)
                  0.19    0.25    0.39 ^ clkbuf_2_0_0_clk/X (sky130_fd_sc_hd__clkbuf_8)
     9    0.11                           clknet_2_0_0_clk (net)
                  0.26    0.00    0.39 ^ u_regfile.u_sram_rs1/clk0 (sky130_sram_1kbyte_1rw1r_32x256_8)
                          0.20    0.59   clock uncertainty
                          0.00    0.59   clock reconvergence pessimism
                         -0.06    0.54   library hold time
                                  0.54   data required time
-----------------------------------------------------------------------------
                                  0.54   data required time
                                 -1.70   data arrival time
-----------------------------------------------------------------------------
                                  1.16   slack (MET)


Startpoint: u_pc_reg._143_ (rising edge-triggered flip-flop clocked by clk)
Endpoint: u_regfile.u_sram_rs1 (falling edge-triggered flip-flop clocked by clk)
Path Group: clk
Path Type: min

Fanout     Cap    Slew   Delay    Time   Description
-----------------------------------------------------------------------------
                          0.00    0.00   clock clk (rise edge)
                          0.00    0.00   clock source latency
                  0.00    0.00    0.00 ^ clk (in)
     1    0.13                           clk (net)
                  0.00    0.00    0.00 ^ clkbuf_0_clk/A (sky130_fd_sc_hd__clkbuf_16)
                  0.08    0.14    0.14 ^ clkbuf_0_clk/X (sky130_fd_sc_hd__clkbuf_16)
     4    0.06                           clknet_0_clk (net)
                  0.08    0.00    0.14 ^ clkbuf_2_0_0_clk/A (sky130_fd_sc_hd__clkbuf_8)
                  0.19    0.25    0.39 ^ clkbuf_2_0_0_clk/X (sky130_fd_sc_hd__clkbuf_8)
     9    0.11                           clknet_2_0_0_clk (net)
                  0.19    0.00    0.39 ^ u_pc_reg._143_/CLK (sky130_fd_sc_hd__dfxtp_4)
                  0.10    0.45    0.85 v u_pc_reg._143_/Q (sky130_fd_sc_hd__dfxtp_4)
    14    0.06                           u_imem.addr[9] (net)
                  0.10    0.01    0.85 v u_pc_next_logic._0787_/A (sky130_fd_sc_hd__xor2_1)
                  0.17    0.22    1.08 ^ u_pc_next_logic._0787_/X (sky130_fd_sc_hd__xor2_1)
     2    0.01                           u_pc_next_logic.pc_plus4[9] (net)
                  0.17    0.00    1.08 ^ u_wb_mux._123_/A1 (sky130_fd_sc_hd__a22o_1)
                  0.07    0.19    1.26 ^ u_wb_mux._123_/X (sky130_fd_sc_hd__a22o_1)
     1    0.01                           u_wb_mux._029_ (net)
                  0.07    0.00    1.26 ^ u_wb_mux._125_/B1 (sky130_fd_sc_hd__a211o_4)
                  0.48    0.39    1.65 ^ u_wb_mux._125_/X (sky130_fd_sc_hd__a211o_4)
     3    0.18                           u_regfile.wd[9] (net)
                  0.66    0.05    1.70 ^ u_regfile.u_sram_rs1/din0[9] (sky130_sram_1kbyte_1rw1r_32x256_8)
                                  1.70   data arrival time

                          0.00    0.00   clock clk (rise edge)
                          0.00    0.00   clock source latency
                  0.00    0.00    0.00 ^ clk (in)
     1    0.13                           clk (net)
                  0.00    0.00    0.00 ^ clkbuf_0_clk/A (sky130_fd_sc_hd__clkbuf_16)
                  0.08    0.14    0.14 ^ clkbuf_0_clk/X (sky130_fd_sc_hd__clkbuf_16)
     4    0.06                           clknet_0_clk (net)
                  0.08    0.00    0.14 ^ clkbuf_2_0_0_clk/A (sky130_fd_sc_hd__clkbuf_8)
                  0.19    0.25    0.39 ^ clkbuf_2_0_0_clk/X (sky130_fd_sc_hd__clkbuf_8)
     9    0.11                           clknet_2_0_0_clk (net)
                  0.26    0.00    0.39 ^ u_regfile.u_sram_rs1/clk0 (sky130_sram_1kbyte_1rw1r_32x256_8)
                          0.20    0.59   clock uncertainty
                          0.00    0.59   clock reconvergence pessimism
                         -0.06    0.54   library hold time
                                  0.54   data required time
-----------------------------------------------------------------------------
                                  0.54   data required time
                                 -1.70   data arrival time
-----------------------------------------------------------------------------
                                  1.17   slack (MET)


Startpoint: u_pc_reg._160_ (rising edge-triggered flip-flop clocked by clk)
Endpoint: u_regfile.u_sram_rs1 (falling edge-triggered flip-flop clocked by clk)
Path Group: clk
Path Type: min

Fanout     Cap    Slew   Delay    Time   Description
-----------------------------------------------------------------------------
                          0.00    0.00   clock clk (rise edge)
                          0.00    0.00   clock source latency
                  0.00    0.00    0.00 ^ clk (in)
     1    0.13                           clk (net)
                  0.00    0.00    0.00 ^ clkbuf_0_clk/A (sky130_fd_sc_hd__clkbuf_16)
                  0.08    0.14    0.14 ^ clkbuf_0_clk/X (sky130_fd_sc_hd__clkbuf_16)
     4    0.06                           clknet_0_clk (net)
                  0.08    0.00    0.14 ^ clkbuf_2_3_0_clk/A (sky130_fd_sc_hd__clkbuf_8)
                  0.28    0.31    0.46 ^ clkbuf_2_3_0_clk/X (sky130_fd_sc_hd__clkbuf_8)
    10    0.16                           clknet_2_3_0_clk (net)
                  0.28    0.00    0.46 ^ u_pc_reg._160_/CLK (sky130_fd_sc_hd__dfxtp_4)
                  0.13    0.50    0.95 v u_pc_reg._160_/Q (sky130_fd_sc_hd__dfxtp_4)
    12    0.09                           u_imem.addr[26] (net)
                  0.14    0.02    0.97 v u_pc_next_logic._0836_/A (sky130_fd_sc_hd__xor2_1)
                  0.22    0.27    1.25 ^ u_pc_next_logic._0836_/X (sky130_fd_sc_hd__xor2_1)
     2    0.01                           u_pc_next_logic.pc_plus4[26] (net)
                  0.22    0.00    1.25 ^ u_wb_mux._184_/A1 (sky130_fd_sc_hd__a22o_1)
                  0.07    0.19    1.44 ^ u_wb_mux._184_/X (sky130_fd_sc_hd__a22o_1)
     1    0.01                           u_wb_mux._073_ (net)
                  0.07    0.00    1.44 ^ u_wb_mux._186_/B1 (sky130_fd_sc_hd__a211o_4)
                  0.25    0.25    1.69 ^ u_wb_mux._186_/X (sky130_fd_sc_hd__a211o_4)
     3    0.09                           u_regfile.wd[26] (net)
                  0.34    0.01    1.71 ^ u_regfile.u_sram_rs1/din0[26] (sky130_sram_1kbyte_1rw1r_32x256_8)
                                  1.71   data arrival time

                          0.00    0.00   clock clk (rise edge)
                          0.00    0.00   clock source latency
                  0.00    0.00    0.00 ^ clk (in)
     1    0.13                           clk (net)
                  0.00    0.00    0.00 ^ clkbuf_0_clk/A (sky130_fd_sc_hd__clkbuf_16)
                  0.08    0.14    0.14 ^ clkbuf_0_clk/X (sky130_fd_sc_hd__clkbuf_16)
     4    0.06                           clknet_0_clk (net)
                  0.08    0.00    0.14 ^ clkbuf_2_0_0_clk/A (sky130_fd_sc_hd__clkbuf_8)
                  0.19    0.25    0.39 ^ clkbuf_2_0_0_clk/X (sky130_fd_sc_hd__clkbuf_8)
     9    0.11                           clknet_2_0_0_clk (net)
                  0.26    0.00    0.39 ^ u_regfile.u_sram_rs1/clk0 (sky130_sram_1kbyte_1rw1r_32x256_8)
                          0.20    0.59   clock uncertainty
                          0.00    0.59   clock reconvergence pessimism
                         -0.06    0.54   library hold time
                                  0.54   data required time
-----------------------------------------------------------------------------
                                  0.54   data required time
                                 -1.71   data arrival time
-----------------------------------------------------------------------------
                                  1.17   slack (MET)


Startpoint: u_pc_reg._146_ (rising edge-triggered flip-flop clocked by clk)
Endpoint: u_regfile.u_sram_rs1 (falling edge-triggered flip-flop clocked by clk)
Path Group: clk
Path Type: min

Fanout     Cap    Slew   Delay    Time   Description
-----------------------------------------------------------------------------
                          0.00    0.00   clock clk (rise edge)
                          0.00    0.00   clock source latency
                  0.00    0.00    0.00 ^ clk (in)
     1    0.13                           clk (net)
                  0.00    0.00    0.00 ^ clkbuf_0_clk/A (sky130_fd_sc_hd__clkbuf_16)
                  0.08    0.14    0.14 ^ clkbuf_0_clk/X (sky130_fd_sc_hd__clkbuf_16)
     4    0.06                           clknet_0_clk (net)
                  0.08    0.00    0.14 ^ clkbuf_2_3_0_clk/A (sky130_fd_sc_hd__clkbuf_8)
                  0.28    0.31    0.46 ^ clkbuf_2_3_0_clk/X (sky130_fd_sc_hd__clkbuf_8)
    10    0.16                           clknet_2_3_0_clk (net)
                  0.28    0.00    0.46 ^ u_pc_reg._146_/CLK (sky130_fd_sc_hd__dfxtp_4)
                  0.10    0.48    0.94 v u_pc_reg._146_/Q (sky130_fd_sc_hd__dfxtp_4)
    12    0.07                           u_imem.addr[12] (net)
                  0.10    0.00    0.94 v u_pc_next_logic._0795_/A (sky130_fd_sc_hd__xor2_1)
                  0.17    0.22    1.16 ^ u_pc_next_logic._0795_/X (sky130_fd_sc_hd__xor2_1)
     2    0.01                           u_pc_next_logic.pc_plus4[12] (net)
                  0.17    0.00    1.16 ^ u_wb_mux._137_/A1 (sky130_fd_sc_hd__a22o_1)
                  0.07    0.18    1.34 ^ u_wb_mux._137_/X (sky130_fd_sc_hd__a22o_1)
     1    0.01                           u_wb_mux._040_ (net)
                  0.07    0.00    1.34 ^ u_wb_mux._139_/B1 (sky130_fd_sc_hd__a211o_4)
                  0.39    0.32    1.66 ^ u_wb_mux._139_/X (sky130_fd_sc_hd__a211o_4)
     3    0.14                           u_regfile.wd[12] (net)
                  0.53    0.05    1.71 ^ u_regfile.u_sram_rs1/din0[12] (sky130_sram_1kbyte_1rw1r_32x256_8)
                                  1.71   data arrival time

                          0.00    0.00   clock clk (rise edge)
                          0.00    0.00   clock source latency
                  0.00    0.00    0.00 ^ clk (in)
     1    0.13                           clk (net)
                  0.00    0.00    0.00 ^ clkbuf_0_clk/A (sky130_fd_sc_hd__clkbuf_16)
                  0.08    0.14    0.14 ^ clkbuf_0_clk/X (sky130_fd_sc_hd__clkbuf_16)
     4    0.06                           clknet_0_clk (net)
                  0.08    0.00    0.14 ^ clkbuf_2_0_0_clk/A (sky130_fd_sc_hd__clkbuf_8)
                  0.19    0.25    0.39 ^ clkbuf_2_0_0_clk/X (sky130_fd_sc_hd__clkbuf_8)
     9    0.11                           clknet_2_0_0_clk (net)
                  0.26    0.00    0.39 ^ u_regfile.u_sram_rs1/clk0 (sky130_sram_1kbyte_1rw1r_32x256_8)
                          0.20    0.59   clock uncertainty
                          0.00    0.59   clock reconvergence pessimism
                         -0.06    0.54   library hold time
                                  0.54   data required time
-----------------------------------------------------------------------------
                                  0.54   data required time
                                 -1.71   data arrival time
-----------------------------------------------------------------------------
                                  1.17   slack (MET)


Startpoint: u_pc_reg._134_ (rising edge-triggered flip-flop clocked by clk)
Endpoint: u_regfile.u_sram_rs1 (falling edge-triggered flip-flop clocked by clk)
Path Group: clk
Path Type: min

Fanout     Cap    Slew   Delay    Time   Description
-----------------------------------------------------------------------------
                          0.00    0.00   clock clk (rise edge)
                          0.00    0.00   clock source latency
                  0.00    0.00    0.00 ^ clk (in)
     1    0.13                           clk (net)
                  0.00    0.00    0.00 ^ clkbuf_0_clk/A (sky130_fd_sc_hd__clkbuf_16)
                  0.08    0.14    0.14 ^ clkbuf_0_clk/X (sky130_fd_sc_hd__clkbuf_16)
     4    0.06                           clknet_0_clk (net)
                  0.08    0.00    0.14 ^ clkbuf_2_3_0_clk/A (sky130_fd_sc_hd__clkbuf_8)
                  0.28    0.31    0.46 ^ clkbuf_2_3_0_clk/X (sky130_fd_sc_hd__clkbuf_8)
    10    0.16                           clknet_2_3_0_clk (net)
                  0.28    0.00    0.46 ^ u_pc_reg._134_/CLK (sky130_fd_sc_hd__dfxtp_4)
                  0.19    0.52    0.98 ^ u_pc_reg._134_/Q (sky130_fd_sc_hd__dfxtp_4)
    11    0.06                           u_imem.addr[0] (net)
                  0.19    0.00    0.98 ^ u_pc_next_logic._1604_/A (sky130_fd_sc_hd__clkbuf_1)
                  0.05    0.11    1.09 ^ u_pc_next_logic._1604_/X (sky130_fd_sc_hd__clkbuf_1)
     1    0.00                           u_pc_next_logic.pc_plus4[0] (net)
                  0.05    0.00    1.09 ^ u_wb_mux._091_/A1 (sky130_fd_sc_hd__a22o_1)
                  0.13    0.19    1.28 ^ u_wb_mux._091_/X (sky130_fd_sc_hd__a22o_1)
     1    0.01                           u_wb_mux._006_ (net)
                  0.13    0.00    1.28 ^ u_wb_mux._097_/B1 (sky130_fd_sc_hd__a211o_4)
                  0.45    0.36    1.65 ^ u_wb_mux._097_/X (sky130_fd_sc_hd__a211o_4)
     3    0.16                           u_regfile.wd[0] (net)
                  0.62    0.07    1.71 ^ u_regfile.u_sram_rs1/din0[0] (sky130_sram_1kbyte_1rw1r_32x256_8)
                                  1.71   data arrival time

                          0.00    0.00   clock clk (rise edge)
                          0.00    0.00   clock source latency
                  0.00    0.00    0.00 ^ clk (in)
     1    0.13                           clk (net)
                  0.00    0.00    0.00 ^ clkbuf_0_clk/A (sky130_fd_sc_hd__clkbuf_16)
                  0.08    0.14    0.14 ^ clkbuf_0_clk/X (sky130_fd_sc_hd__clkbuf_16)
     4    0.06                           clknet_0_clk (net)
                  0.08    0.00    0.14 ^ clkbuf_2_0_0_clk/A (sky130_fd_sc_hd__clkbuf_8)
                  0.19    0.25    0.39 ^ clkbuf_2_0_0_clk/X (sky130_fd_sc_hd__clkbuf_8)
     9    0.11                           clknet_2_0_0_clk (net)
                  0.26    0.00    0.39 ^ u_regfile.u_sram_rs1/clk0 (sky130_sram_1kbyte_1rw1r_32x256_8)
                          0.20    0.59   clock uncertainty
                          0.00    0.59   clock reconvergence pessimism
                         -0.06    0.54   library hold time
                                  0.54   data required time
-----------------------------------------------------------------------------
                                  0.54   data required time
                                 -1.71   data arrival time
-----------------------------------------------------------------------------
                                  1.18   slack (MET)


Startpoint: u_pc_reg._146_ (rising edge-triggered flip-flop clocked by clk)
Endpoint: u_regfile.u_sram_rs2 (falling edge-triggered flip-flop clocked by clk)
Path Group: clk
Path Type: min

Fanout     Cap    Slew   Delay    Time   Description
-----------------------------------------------------------------------------
                          0.00    0.00   clock clk (rise edge)
                          0.00    0.00   clock source latency
                  0.00    0.00    0.00 ^ clk (in)
     1    0.13                           clk (net)
                  0.00    0.00    0.00 ^ clkbuf_0_clk/A (sky130_fd_sc_hd__clkbuf_16)
                  0.08    0.14    0.14 ^ clkbuf_0_clk/X (sky130_fd_sc_hd__clkbuf_16)
     4    0.06                           clknet_0_clk (net)
                  0.08    0.00    0.14 ^ clkbuf_2_3_0_clk/A (sky130_fd_sc_hd__clkbuf_8)
                  0.28    0.31    0.46 ^ clkbuf_2_3_0_clk/X (sky130_fd_sc_hd__clkbuf_8)
    10    0.16                           clknet_2_3_0_clk (net)
                  0.28    0.00    0.46 ^ u_pc_reg._146_/CLK (sky130_fd_sc_hd__dfxtp_4)
                  0.10    0.48    0.94 v u_pc_reg._146_/Q (sky130_fd_sc_hd__dfxtp_4)
    12    0.07                           u_imem.addr[12] (net)
                  0.10    0.00    0.94 v u_pc_next_logic._0795_/A (sky130_fd_sc_hd__xor2_1)
                  0.17    0.22    1.16 ^ u_pc_next_logic._0795_/X (sky130_fd_sc_hd__xor2_1)
     2    0.01                           u_pc_next_logic.pc_plus4[12] (net)
                  0.17    0.00    1.16 ^ u_wb_mux._137_/A1 (sky130_fd_sc_hd__a22o_1)
                  0.07    0.18    1.34 ^ u_wb_mux._137_/X (sky130_fd_sc_hd__a22o_1)
     1    0.01                           u_wb_mux._040_ (net)
                  0.07    0.00    1.34 ^ u_wb_mux._139_/B1 (sky130_fd_sc_hd__a211o_4)
                  0.39    0.32    1.66 ^ u_wb_mux._139_/X (sky130_fd_sc_hd__a211o_4)
     3    0.14                           u_regfile.wd[12] (net)
                  0.52    0.03    1.68 ^ u_regfile.u_sram_rs2/din0[12] (sky130_sram_1kbyte_1rw1r_32x256_8)
                                  1.68   data arrival time

                          0.00    0.00   clock clk (rise edge)
                          0.00    0.00   clock source latency
                  0.00    0.00    0.00 ^ clk (in)
     1    0.13                           clk (net)
                  0.00    0.00    0.00 ^ clkbuf_0_clk/A (sky130_fd_sc_hd__clkbuf_16)
                  0.08    0.14    0.14 ^ clkbuf_0_clk/X (sky130_fd_sc_hd__clkbuf_16)
     4    0.06                           clknet_0_clk (net)
                  0.08    0.00    0.14 ^ clkbuf_2_2_0_clk/A (sky130_fd_sc_hd__clkbuf_8)
                  0.14    0.21    0.36 ^ clkbuf_2_2_0_clk/X (sky130_fd_sc_hd__clkbuf_8)
    14    0.08                           clknet_2_2_0_clk (net)
                  0.19    0.00    0.36 ^ u_regfile.u_sram_rs2/clk0 (sky130_sram_1kbyte_1rw1r_32x256_8)
                          0.20    0.56   clock uncertainty
                          0.00    0.56   clock reconvergence pessimism
                         -0.06    0.50   library hold time
                                  0.50   data required time
-----------------------------------------------------------------------------
                                  0.50   data required time
                                 -1.68   data arrival time
-----------------------------------------------------------------------------
                                  1.18   slack (MET)


Startpoint: u_pc_reg._137_ (rising edge-triggered flip-flop clocked by clk)
Endpoint: u_regfile.u_sram_rs2 (falling edge-triggered flip-flop clocked by clk)
Path Group: clk
Path Type: min

Fanout     Cap    Slew   Delay    Time   Description
-----------------------------------------------------------------------------
                          0.00    0.00   clock clk (rise edge)
                          0.00    0.00   clock source latency
                  0.00    0.00    0.00 ^ clk (in)
     1    0.13                           clk (net)
                  0.00    0.00    0.00 ^ clkbuf_0_clk/A (sky130_fd_sc_hd__clkbuf_16)
                  0.08    0.14    0.14 ^ clkbuf_0_clk/X (sky130_fd_sc_hd__clkbuf_16)
     4    0.06                           clknet_0_clk (net)
                  0.08    0.00    0.14 ^ clkbuf_2_0_0_clk/A (sky130_fd_sc_hd__clkbuf_8)
                  0.19    0.25    0.39 ^ clkbuf_2_0_0_clk/X (sky130_fd_sc_hd__clkbuf_8)
     9    0.11                           clknet_2_0_0_clk (net)
                  0.19    0.00    0.39 ^ u_pc_reg._137_/CLK (sky130_fd_sc_hd__dfxtp_4)
                  0.07    0.43    0.82 v u_pc_reg._137_/Q (sky130_fd_sc_hd__dfxtp_4)
    10    0.04                           u_imem.addr[3] (net)
                  0.07    0.00    0.82 v u_pc_next_logic._0772_/B (sky130_fd_sc_hd__xor2_1)
                  0.18    0.20    1.02 ^ u_pc_next_logic._0772_/X (sky130_fd_sc_hd__xor2_1)
     2    0.01                           u_pc_next_logic.pc_plus4[3] (net)
                  0.18    0.00    1.02 ^ u_wb_mux._105_/A1 (sky130_fd_sc_hd__a22o_1)
                  0.08    0.19    1.22 ^ u_wb_mux._105_/X (sky130_fd_sc_hd__a22o_1)
     1    0.01                           u_wb_mux._017_ (net)
                  0.08    0.00    1.22 ^ u_wb_mux._107_/B1 (sky130_fd_sc_hd__a211o_4)
                  0.53    0.42    1.63 ^ u_wb_mux._107_/X (sky130_fd_sc_hd__a211o_4)
     3    0.20                           u_regfile.wd[3] (net)
                  0.72    0.05    1.68 ^ u_regfile.u_sram_rs2/din0[3] (sky130_sram_1kbyte_1rw1r_32x256_8)
                                  1.68   data arrival time

                          0.00    0.00   clock clk (rise edge)
                          0.00    0.00   clock source latency
                  0.00    0.00    0.00 ^ clk (in)
     1    0.13                           clk (net)
                  0.00    0.00    0.00 ^ clkbuf_0_clk/A (sky130_fd_sc_hd__clkbuf_16)
                  0.08    0.14    0.14 ^ clkbuf_0_clk/X (sky130_fd_sc_hd__clkbuf_16)
     4    0.06                           clknet_0_clk (net)
                  0.08    0.00    0.14 ^ clkbuf_2_2_0_clk/A (sky130_fd_sc_hd__clkbuf_8)
                  0.14    0.21    0.36 ^ clkbuf_2_2_0_clk/X (sky130_fd_sc_hd__clkbuf_8)
    14    0.08                           clknet_2_2_0_clk (net)
                  0.19    0.00    0.36 ^ u_regfile.u_sram_rs2/clk0 (sky130_sram_1kbyte_1rw1r_32x256_8)
                          0.20    0.56   clock uncertainty
                          0.00    0.56   clock reconvergence pessimism
                         -0.06    0.50   library hold time
                                  0.50   data required time
-----------------------------------------------------------------------------
                                  0.50   data required time
                                 -1.68   data arrival time
-----------------------------------------------------------------------------
                                  1.18   slack (MET)


Startpoint: u_pc_reg._155_ (rising edge-triggered flip-flop clocked by clk)
Endpoint: u_regfile.u_sram_rs2 (falling edge-triggered flip-flop clocked by clk)
Path Group: clk
Path Type: min

Fanout     Cap    Slew   Delay    Time   Description
-----------------------------------------------------------------------------
                          0.00    0.00   clock clk (rise edge)
                          0.00    0.00   clock source latency
                  0.00    0.00    0.00 ^ clk (in)
     1    0.13                           clk (net)
                  0.00    0.00    0.00 ^ clkbuf_0_clk/A (sky130_fd_sc_hd__clkbuf_16)
                  0.08    0.14    0.14 ^ clkbuf_0_clk/X (sky130_fd_sc_hd__clkbuf_16)
     4    0.06                           clknet_0_clk (net)
                  0.08    0.00    0.14 ^ clkbuf_2_2_0_clk/A (sky130_fd_sc_hd__clkbuf_8)
                  0.14    0.21    0.36 ^ clkbuf_2_2_0_clk/X (sky130_fd_sc_hd__clkbuf_8)
    14    0.08                           clknet_2_2_0_clk (net)
                  0.14    0.00    0.36 ^ u_pc_reg._155_/CLK (sky130_fd_sc_hd__dfxtp_4)
                  0.11    0.45    0.81 v u_pc_reg._155_/Q (sky130_fd_sc_hd__dfxtp_4)
    12    0.08                           u_imem.addr[21] (net)
                  0.11    0.00    0.81 v u_pc_next_logic._0819_/B (sky130_fd_sc_hd__nand3_1)
                  0.12    0.16    0.97 ^ u_pc_next_logic._0819_/Y (sky130_fd_sc_hd__nand3_1)
     4    0.01                           u_pc_next_logic._0085_ (net)
                  0.12    0.00    0.97 ^ u_pc_next_logic._0820_/B (sky130_fd_sc_hd__and2_1)
                  0.06    0.15    1.12 ^ u_pc_next_logic._0820_/X (sky130_fd_sc_hd__and2_1)
     1    0.00                           u_pc_next_logic._0086_ (net)
                  0.06    0.00    1.12 ^ u_pc_next_logic._0821_/A (sky130_fd_sc_hd__clkbuf_1)
                  0.06    0.10    1.22 ^ u_pc_next_logic._0821_/X (sky130_fd_sc_hd__clkbuf_1)
     1    0.00                           u_pc_next_logic.pc_plus4[21] (net)
                  0.06    0.00    1.22 ^ u_wb_mux._169_/A1 (sky130_fd_sc_hd__a22o_1)
                  0.08    0.16    1.38 ^ u_wb_mux._169_/X (sky130_fd_sc_hd__a22o_1)
     1    0.01                           u_wb_mux._063_ (net)
                  0.08    0.00    1.38 ^ u_wb_mux._171_/B1 (sky130_fd_sc_hd__a211o_4)
                  0.32    0.30    1.67 ^ u_wb_mux._171_/X (sky130_fd_sc_hd__a211o_4)
     3    0.12                           u_regfile.wd[21] (net)
                  0.42    0.02    1.69 ^ u_regfile.u_sram_rs2/din0[21] (sky130_sram_1kbyte_1rw1r_32x256_8)
                                  1.69   data arrival time

                          0.00    0.00   clock clk (rise edge)
                          0.00    0.00   clock source latency
                  0.00    0.00    0.00 ^ clk (in)
     1    0.13                           clk (net)
                  0.00    0.00    0.00 ^ clkbuf_0_clk/A (sky130_fd_sc_hd__clkbuf_16)
                  0.08    0.14    0.14 ^ clkbuf_0_clk/X (sky130_fd_sc_hd__clkbuf_16)
     4    0.06                           clknet_0_clk (net)
                  0.08    0.00    0.14 ^ clkbuf_2_2_0_clk/A (sky130_fd_sc_hd__clkbuf_8)
                  0.14    0.21    0.36 ^ clkbuf_2_2_0_clk/X (sky130_fd_sc_hd__clkbuf_8)
    14    0.08                           clknet_2_2_0_clk (net)
                  0.19    0.00    0.36 ^ u_regfile.u_sram_rs2/clk0 (sky130_sram_1kbyte_1rw1r_32x256_8)
                          0.20    0.56   clock uncertainty
                          0.00    0.56   clock reconvergence pessimism
                         -0.06    0.50   library hold time
                                  0.50   data required time
-----------------------------------------------------------------------------
                                  0.50   data required time
                                 -1.69   data arrival time
-----------------------------------------------------------------------------
                                  1.19   slack (MET)


Startpoint: u_pc_reg._163_ (rising edge-triggered flip-flop clocked by clk)
Endpoint: u_regfile.u_sram_rs2 (falling edge-triggered flip-flop clocked by clk)
Path Group: clk
Path Type: min

Fanout     Cap    Slew   Delay    Time   Description
-----------------------------------------------------------------------------
                          0.00    0.00   clock clk (rise edge)
                          0.00    0.00   clock source latency
                  0.00    0.00    0.00 ^ clk (in)
     1    0.13                           clk (net)
                  0.00    0.00    0.00 ^ clkbuf_0_clk/A (sky130_fd_sc_hd__clkbuf_16)
                  0.08    0.14    0.14 ^ clkbuf_0_clk/X (sky130_fd_sc_hd__clkbuf_16)
     4    0.06                           clknet_0_clk (net)
                  0.08    0.00    0.14 ^ clkbuf_2_2_0_clk/A (sky130_fd_sc_hd__clkbuf_8)
                  0.14    0.21    0.36 ^ clkbuf_2_2_0_clk/X (sky130_fd_sc_hd__clkbuf_8)
    14    0.08                           clknet_2_2_0_clk (net)
                  0.14    0.00    0.36 ^ u_pc_reg._163_/CLK (sky130_fd_sc_hd__dfxtp_4)
                  0.12    0.46    0.82 v u_pc_reg._163_/Q (sky130_fd_sc_hd__dfxtp_4)
    11    0.09                           u_imem.addr[29] (net)
                  0.12    0.01    0.82 v _615_/A (sky130_fd_sc_hd__nor2_1)
                  0.16    0.19    1.01 ^ _615_/Y (sky130_fd_sc_hd__nor2_1)
     3    0.01                           _256_ (net)
                  0.16    0.00    1.01 ^ _623_/A (sky130_fd_sc_hd__or2_1)
                  0.06    0.14    1.15 ^ _623_/X (sky130_fd_sc_hd__or2_1)
     1    0.01                           _263_ (net)
                  0.06    0.00    1.15 ^ _624_/B (sky130_fd_sc_hd__xnor2_1)
                  0.11    0.15    1.30 ^ _624_/Y (sky130_fd_sc_hd__xnor2_1)
     1    0.01                           u_wb_mux.pc_plus_imm[30] (net)
                  0.11    0.00    1.30 ^ u_wb_mux._196_/B2 (sky130_fd_sc_hd__a22o_1)
                  0.08    0.16    1.46 ^ u_wb_mux._196_/X (sky130_fd_sc_hd__a22o_1)
     1    0.01                           u_wb_mux._081_ (net)
                  0.08    0.00    1.46 ^ u_wb_mux._198_/B1 (sky130_fd_sc_hd__a211o_4)
                  0.20    0.22    1.68 ^ u_wb_mux._198_/X (sky130_fd_sc_hd__a211o_4)
     3    0.07                           u_regfile.wd[30] (net)
                  0.26    0.01    1.69 ^ u_regfile.u_sram_rs2/din0[30] (sky130_sram_1kbyte_1rw1r_32x256_8)
                                  1.69   data arrival time

                          0.00    0.00   clock clk (rise edge)
                          0.00    0.00   clock source latency
                  0.00    0.00    0.00 ^ clk (in)
     1    0.13                           clk (net)
                  0.00    0.00    0.00 ^ clkbuf_0_clk/A (sky130_fd_sc_hd__clkbuf_16)
                  0.08    0.14    0.14 ^ clkbuf_0_clk/X (sky130_fd_sc_hd__clkbuf_16)
     4    0.06                           clknet_0_clk (net)
                  0.08    0.00    0.14 ^ clkbuf_2_2_0_clk/A (sky130_fd_sc_hd__clkbuf_8)
                  0.14    0.21    0.36 ^ clkbuf_2_2_0_clk/X (sky130_fd_sc_hd__clkbuf_8)
    14    0.08                           clknet_2_2_0_clk (net)
                  0.19    0.00    0.36 ^ u_regfile.u_sram_rs2/clk0 (sky130_sram_1kbyte_1rw1r_32x256_8)
                          0.20    0.56   clock uncertainty
                          0.00    0.56   clock reconvergence pessimism
                         -0.06    0.50   library hold time
                                  0.50   data required time
-----------------------------------------------------------------------------
                                  0.50   data required time
                                 -1.69   data arrival time
-----------------------------------------------------------------------------
                                  1.19   slack (MET)


Startpoint: u_pc_reg._158_ (rising edge-triggered flip-flop clocked by clk)
Endpoint: u_regfile.u_sram_rs2 (falling edge-triggered flip-flop clocked by clk)
Path Group: clk
Path Type: min

Fanout     Cap    Slew   Delay    Time   Description
-----------------------------------------------------------------------------
                          0.00    0.00   clock clk (rise edge)
                          0.00    0.00   clock source latency
                  0.00    0.00    0.00 ^ clk (in)
     1    0.13                           clk (net)
                  0.00    0.00    0.00 ^ clkbuf_0_clk/A (sky130_fd_sc_hd__clkbuf_16)
                  0.08    0.14    0.14 ^ clkbuf_0_clk/X (sky130_fd_sc_hd__clkbuf_16)
     4    0.06                           clknet_0_clk (net)
                  0.08    0.00    0.14 ^ clkbuf_2_2_0_clk/A (sky130_fd_sc_hd__clkbuf_8)
                  0.14    0.21    0.36 ^ clkbuf_2_2_0_clk/X (sky130_fd_sc_hd__clkbuf_8)
    14    0.08                           clknet_2_2_0_clk (net)
                  0.14    0.00    0.36 ^ u_pc_reg._158_/CLK (sky130_fd_sc_hd__dfxtp_4)
                  0.30    0.56    0.91 ^ u_pc_reg._158_/Q (sky130_fd_sc_hd__dfxtp_4)
    12    0.10                           u_imem.addr[24] (net)
                  0.30    0.01    0.92 ^ u_pc_next_logic._0833_/A1 (sky130_fd_sc_hd__a21oi_1)
                  0.05    0.11    1.03 v u_pc_next_logic._0833_/Y (sky130_fd_sc_hd__a21oi_1)
     1    0.00                           u_pc_next_logic._0095_ (net)
                  0.05    0.00    1.03 v u_pc_next_logic._0835_/A (sky130_fd_sc_hd__nor2_1)
                  0.19    0.19    1.22 ^ u_pc_next_logic._0835_/Y (sky130_fd_sc_hd__nor2_1)
     2    0.01                           u_pc_next_logic.pc_plus4[25] (net)
                  0.19    0.00    1.22 ^ u_wb_mux._181_/A1 (sky130_fd_sc_hd__a22o_1)
                  0.07    0.19    1.41 ^ u_wb_mux._181_/X (sky130_fd_sc_hd__a22o_1)
     1    0.01                           u_wb_mux._071_ (net)
                  0.07    0.00    1.41 ^ u_wb_mux._183_/B1 (sky130_fd_sc_hd__a211o_4)
                  0.28    0.27    1.68 ^ u_wb_mux._183_/X (sky130_fd_sc_hd__a211o_4)
     3    0.10                           u_regfile.wd[25] (net)
                  0.37    0.01    1.69 ^ u_regfile.u_sram_rs2/din0[25] (sky130_sram_1kbyte_1rw1r_32x256_8)
                                  1.69   data arrival time

                          0.00    0.00   clock clk (rise edge)
                          0.00    0.00   clock source latency
                  0.00    0.00    0.00 ^ clk (in)
     1    0.13                           clk (net)
                  0.00    0.00    0.00 ^ clkbuf_0_clk/A (sky130_fd_sc_hd__clkbuf_16)
                  0.08    0.14    0.14 ^ clkbuf_0_clk/X (sky130_fd_sc_hd__clkbuf_16)
     4    0.06                           clknet_0_clk (net)
                  0.08    0.00    0.14 ^ clkbuf_2_2_0_clk/A (sky130_fd_sc_hd__clkbuf_8)
                  0.14    0.21    0.36 ^ clkbuf_2_2_0_clk/X (sky130_fd_sc_hd__clkbuf_8)
    14    0.08                           clknet_2_2_0_clk (net)
                  0.19    0.00    0.36 ^ u_regfile.u_sram_rs2/clk0 (sky130_sram_1kbyte_1rw1r_32x256_8)
                          0.20    0.56   clock uncertainty
                          0.00    0.56   clock reconvergence pessimism
                         -0.06    0.50   library hold time
                                  0.50   data required time
-----------------------------------------------------------------------------
                                  0.50   data required time
                                 -1.69   data arrival time
-----------------------------------------------------------------------------
                                  1.19   slack (MET)


Startpoint: u_pc_reg._158_ (rising edge-triggered flip-flop clocked by clk)
Endpoint: u_regfile.u_sram_rs2 (falling edge-triggered flip-flop clocked by clk)
Path Group: clk
Path Type: min

Fanout     Cap    Slew   Delay    Time   Description
-----------------------------------------------------------------------------
                          0.00    0.00   clock clk (rise edge)
                          0.00    0.00   clock source latency
                  0.00    0.00    0.00 ^ clk (in)
     1    0.13                           clk (net)
                  0.00    0.00    0.00 ^ clkbuf_0_clk/A (sky130_fd_sc_hd__clkbuf_16)
                  0.08    0.14    0.14 ^ clkbuf_0_clk/X (sky130_fd_sc_hd__clkbuf_16)
     4    0.06                           clknet_0_clk (net)
                  0.08    0.00    0.14 ^ clkbuf_2_2_0_clk/A (sky130_fd_sc_hd__clkbuf_8)
                  0.14    0.21    0.36 ^ clkbuf_2_2_0_clk/X (sky130_fd_sc_hd__clkbuf_8)
    14    0.08                           clknet_2_2_0_clk (net)
                  0.14    0.00    0.36 ^ u_pc_reg._158_/CLK (sky130_fd_sc_hd__dfxtp_4)
                  0.14    0.47    0.83 v u_pc_reg._158_/Q (sky130_fd_sc_hd__dfxtp_4)
    12    0.10                           u_imem.addr[24] (net)
                  0.14    0.01    0.83 v u_pc_next_logic._0832_/A (sky130_fd_sc_hd__xor2_2)
                  0.16    0.24    1.07 ^ u_pc_next_logic._0832_/X (sky130_fd_sc_hd__xor2_2)
     2    0.01                           u_pc_next_logic.pc_plus4[24] (net)
                  0.16    0.00    1.07 ^ u_wb_mux._178_/A1 (sky130_fd_sc_hd__a22o_1)
                  0.07    0.18    1.26 ^ u_wb_mux._178_/X (sky130_fd_sc_hd__a22o_1)
     1    0.01                           u_wb_mux._069_ (net)
                  0.07    0.00    1.26 ^ u_wb_mux._180_/B1 (sky130_fd_sc_hd__a211o_4)
                  0.52    0.40    1.66 ^ u_wb_mux._180_/X (sky130_fd_sc_hd__a211o_4)
     3    0.19                           u_regfile.wd[24] (net)
                  0.69    0.04    1.69 ^ u_regfile.u_sram_rs2/din0[24] (sky130_sram_1kbyte_1rw1r_32x256_8)
                                  1.69   data arrival time

                          0.00    0.00   clock clk (rise edge)
                          0.00    0.00   clock source latency
                  0.00    0.00    0.00 ^ clk (in)
     1    0.13                           clk (net)
                  0.00    0.00    0.00 ^ clkbuf_0_clk/A (sky130_fd_sc_hd__clkbuf_16)
                  0.08    0.14    0.14 ^ clkbuf_0_clk/X (sky130_fd_sc_hd__clkbuf_16)
     4    0.06                           clknet_0_clk (net)
                  0.08    0.00    0.14 ^ clkbuf_2_2_0_clk/A (sky130_fd_sc_hd__clkbuf_8)
                  0.14    0.21    0.36 ^ clkbuf_2_2_0_clk/X (sky130_fd_sc_hd__clkbuf_8)
    14    0.08                           clknet_2_2_0_clk (net)
                  0.19    0.00    0.36 ^ u_regfile.u_sram_rs2/clk0 (sky130_sram_1kbyte_1rw1r_32x256_8)
                          0.20    0.56   clock uncertainty
                          0.00    0.56   clock reconvergence pessimism
                         -0.06    0.50   library hold time
                                  0.50   data required time
-----------------------------------------------------------------------------
                                  0.50   data required time
                                 -1.69   data arrival time
-----------------------------------------------------------------------------
                                  1.19   slack (MET)


Startpoint: u_pc_reg._151_ (rising edge-triggered flip-flop clocked by clk)
Endpoint: u_regfile.u_sram_rs2 (falling edge-triggered flip-flop clocked by clk)
Path Group: clk
Path Type: min

Fanout     Cap    Slew   Delay    Time   Description
-----------------------------------------------------------------------------
                          0.00    0.00   clock clk (rise edge)
                          0.00    0.00   clock source latency
                  0.00    0.00    0.00 ^ clk (in)
     1    0.13                           clk (net)
                  0.00    0.00    0.00 ^ clkbuf_0_clk/A (sky130_fd_sc_hd__clkbuf_16)
                  0.08    0.14    0.14 ^ clkbuf_0_clk/X (sky130_fd_sc_hd__clkbuf_16)
     4    0.06                           clknet_0_clk (net)
                  0.08    0.00    0.14 ^ clkbuf_2_0_0_clk/A (sky130_fd_sc_hd__clkbuf_8)
                  0.19    0.25    0.39 ^ clkbuf_2_0_0_clk/X (sky130_fd_sc_hd__clkbuf_8)
     9    0.11                           clknet_2_0_0_clk (net)
                  0.19    0.00    0.39 ^ u_pc_reg._151_/CLK (sky130_fd_sc_hd__dfxtp_4)
                  0.14    0.47    0.87 v u_pc_reg._151_/Q (sky130_fd_sc_hd__dfxtp_4)
    15    0.10                           u_imem.addr[17] (net)
                  0.14    0.02    0.89 v u_pc_next_logic._0808_/A (sky130_fd_sc_hd__xor2_2)
                  0.16    0.24    1.13 ^ u_pc_next_logic._0808_/X (sky130_fd_sc_hd__xor2_2)
     2    0.01                           u_pc_next_logic.pc_plus4[17] (net)
                  0.16    0.00    1.13 ^ u_wb_mux._152_/A1 (sky130_fd_sc_hd__a22o_1)
                  0.07    0.18    1.31 ^ u_wb_mux._152_/X (sky130_fd_sc_hd__a22o_1)
     1    0.01                           u_wb_mux._050_ (net)
                  0.07    0.00    1.31 ^ u_wb_mux._154_/B1 (sky130_fd_sc_hd__a211o_4)
                  0.43    0.37    1.68 ^ u_wb_mux._154_/X (sky130_fd_sc_hd__a211o_4)
     3    0.16                           u_regfile.wd[17] (net)
                  0.58    0.02    1.69 ^ u_regfile.u_sram_rs2/din0[17] (sky130_sram_1kbyte_1rw1r_32x256_8)
                                  1.69   data arrival time

                          0.00    0.00   clock clk (rise edge)
                          0.00    0.00   clock source latency
                  0.00    0.00    0.00 ^ clk (in)
     1    0.13                           clk (net)
                  0.00    0.00    0.00 ^ clkbuf_0_clk/A (sky130_fd_sc_hd__clkbuf_16)
                  0.08    0.14    0.14 ^ clkbuf_0_clk/X (sky130_fd_sc_hd__clkbuf_16)
     4    0.06                           clknet_0_clk (net)
                  0.08    0.00    0.14 ^ clkbuf_2_2_0_clk/A (sky130_fd_sc_hd__clkbuf_8)
                  0.14    0.21    0.36 ^ clkbuf_2_2_0_clk/X (sky130_fd_sc_hd__clkbuf_8)
    14    0.08                           clknet_2_2_0_clk (net)
                  0.19    0.00    0.36 ^ u_regfile.u_sram_rs2/clk0 (sky130_sram_1kbyte_1rw1r_32x256_8)
                          0.20    0.56   clock uncertainty
                          0.00    0.56   clock reconvergence pessimism
                         -0.06    0.50   library hold time
                                  0.50   data required time
-----------------------------------------------------------------------------
                                  0.50   data required time
                                 -1.69   data arrival time
-----------------------------------------------------------------------------
                                  1.19   slack (MET)


Startpoint: u_pc_reg._147_ (rising edge-triggered flip-flop clocked by clk)
Endpoint: u_regfile.u_sram_rs1 (falling edge-triggered flip-flop clocked by clk)
Path Group: clk
Path Type: min

Fanout     Cap    Slew   Delay    Time   Description
-----------------------------------------------------------------------------
                          0.00    0.00   clock clk (rise edge)
                          0.00    0.00   clock source latency
                  0.00    0.00    0.00 ^ clk (in)
     1    0.13                           clk (net)
                  0.00    0.00    0.00 ^ clkbuf_0_clk/A (sky130_fd_sc_hd__clkbuf_16)
                  0.08    0.14    0.14 ^ clkbuf_0_clk/X (sky130_fd_sc_hd__clkbuf_16)
     4    0.06                           clknet_0_clk (net)
                  0.08    0.00    0.14 ^ clkbuf_2_2_0_clk/A (sky130_fd_sc_hd__clkbuf_8)
                  0.14    0.21    0.36 ^ clkbuf_2_2_0_clk/X (sky130_fd_sc_hd__clkbuf_8)
    14    0.08                           clknet_2_2_0_clk (net)
                  0.14    0.00    0.36 ^ u_pc_reg._147_/CLK (sky130_fd_sc_hd__dfxtp_4)
                  0.10    0.44    0.80 v u_pc_reg._147_/Q (sky130_fd_sc_hd__dfxtp_4)
    13    0.07                           u_imem.addr[13] (net)
                  0.10    0.00    0.81 v _512_/A (sky130_fd_sc_hd__nand2_1)
                  0.09    0.12    0.92 ^ _512_/Y (sky130_fd_sc_hd__nand2_1)
     3    0.01                           _168_ (net)
                  0.09    0.00    0.92 ^ _514_/A1 (sky130_fd_sc_hd__a211o_1)
                  0.05    0.14    1.06 ^ _514_/X (sky130_fd_sc_hd__a211o_1)
     2    0.00                           _170_ (net)
                  0.05    0.00    1.06 ^ _517_/A (sky130_fd_sc_hd__and2_1)
                  0.04    0.11    1.17 ^ _517_/X (sky130_fd_sc_hd__and2_1)
     1    0.00                           _173_ (net)
                  0.04    0.00    1.17 ^ _518_/A (sky130_fd_sc_hd__clkbuf_1)
                  0.05    0.08    1.25 ^ _518_/X (sky130_fd_sc_hd__clkbuf_1)
     1    0.00                           u_wb_mux.pc_plus_imm[14] (net)
                  0.05    0.00    1.25 ^ u_wb_mux._143_/B2 (sky130_fd_sc_hd__a22o_1)
                  0.07    0.14    1.39 ^ u_wb_mux._143_/X (sky130_fd_sc_hd__a22o_1)
     1    0.01                           u_wb_mux._044_ (net)
                  0.07    0.00    1.39 ^ u_wb_mux._145_/B1 (sky130_fd_sc_hd__a211o_4)
                  0.34    0.30    1.69 ^ u_wb_mux._145_/X (sky130_fd_sc_hd__a211o_4)
     3    0.13                           u_regfile.wd[14] (net)
                  0.47    0.04    1.73 ^ u_regfile.u_sram_rs1/din0[14] (sky130_sram_1kbyte_1rw1r_32x256_8)
                                  1.73   data arrival time

                          0.00    0.00   clock clk (rise edge)
                          0.00    0.00   clock source latency
                  0.00    0.00    0.00 ^ clk (in)
     1    0.13                           clk (net)
                  0.00    0.00    0.00 ^ clkbuf_0_clk/A (sky130_fd_sc_hd__clkbuf_16)
                  0.08    0.14    0.14 ^ clkbuf_0_clk/X (sky130_fd_sc_hd__clkbuf_16)
     4    0.06                           clknet_0_clk (net)
                  0.08    0.00    0.14 ^ clkbuf_2_0_0_clk/A (sky130_fd_sc_hd__clkbuf_8)
                  0.19    0.25    0.39 ^ clkbuf_2_0_0_clk/X (sky130_fd_sc_hd__clkbuf_8)
     9    0.11                           clknet_2_0_0_clk (net)
                  0.26    0.00    0.39 ^ u_regfile.u_sram_rs1/clk0 (sky130_sram_1kbyte_1rw1r_32x256_8)
                          0.20    0.59   clock uncertainty
                          0.00    0.59   clock reconvergence pessimism
                         -0.06    0.54   library hold time
                                  0.54   data required time
-----------------------------------------------------------------------------
                                  0.54   data required time
                                 -1.73   data arrival time
-----------------------------------------------------------------------------
                                  1.20   slack (MET)


Startpoint: u_pc_reg._160_ (rising edge-triggered flip-flop clocked by clk)
Endpoint: u_regfile.u_sram_rs2 (falling edge-triggered flip-flop clocked by clk)
Path Group: clk
Path Type: min

Fanout     Cap    Slew   Delay    Time   Description
-----------------------------------------------------------------------------
                          0.00    0.00   clock clk (rise edge)
                          0.00    0.00   clock source latency
                  0.00    0.00    0.00 ^ clk (in)
     1    0.13                           clk (net)
                  0.00    0.00    0.00 ^ clkbuf_0_clk/A (sky130_fd_sc_hd__clkbuf_16)
                  0.08    0.14    0.14 ^ clkbuf_0_clk/X (sky130_fd_sc_hd__clkbuf_16)
     4    0.06                           clknet_0_clk (net)
                  0.08    0.00    0.14 ^ clkbuf_2_3_0_clk/A (sky130_fd_sc_hd__clkbuf_8)
                  0.28    0.31    0.46 ^ clkbuf_2_3_0_clk/X (sky130_fd_sc_hd__clkbuf_8)
    10    0.16                           clknet_2_3_0_clk (net)
                  0.28    0.00    0.46 ^ u_pc_reg._160_/CLK (sky130_fd_sc_hd__dfxtp_4)
                  0.13    0.50    0.95 v u_pc_reg._160_/Q (sky130_fd_sc_hd__dfxtp_4)
    12    0.09                           u_imem.addr[26] (net)
                  0.14    0.02    0.97 v u_pc_next_logic._0836_/A (sky130_fd_sc_hd__xor2_1)
                  0.22    0.27    1.25 ^ u_pc_next_logic._0836_/X (sky130_fd_sc_hd__xor2_1)
     2    0.01                           u_pc_next_logic.pc_plus4[26] (net)
                  0.22    0.00    1.25 ^ u_wb_mux._184_/A1 (sky130_fd_sc_hd__a22o_1)
                  0.07    0.19    1.44 ^ u_wb_mux._184_/X (sky130_fd_sc_hd__a22o_1)
     1    0.01                           u_wb_mux._073_ (net)
                  0.07    0.00    1.44 ^ u_wb_mux._186_/B1 (sky130_fd_sc_hd__a211o_4)
                  0.25    0.25    1.69 ^ u_wb_mux._186_/X (sky130_fd_sc_hd__a211o_4)
     3    0.09                           u_regfile.wd[26] (net)
                  0.34    0.01    1.70 ^ u_regfile.u_sram_rs2/din0[26] (sky130_sram_1kbyte_1rw1r_32x256_8)
                                  1.70   data arrival time

                          0.00    0.00   clock clk (rise edge)
                          0.00    0.00   clock source latency
                  0.00    0.00    0.00 ^ clk (in)
     1    0.13                           clk (net)
                  0.00    0.00    0.00 ^ clkbuf_0_clk/A (sky130_fd_sc_hd__clkbuf_16)
                  0.08    0.14    0.14 ^ clkbuf_0_clk/X (sky130_fd_sc_hd__clkbuf_16)
     4    0.06                           clknet_0_clk (net)
                  0.08    0.00    0.14 ^ clkbuf_2_2_0_clk/A (sky130_fd_sc_hd__clkbuf_8)
                  0.14    0.21    0.36 ^ clkbuf_2_2_0_clk/X (sky130_fd_sc_hd__clkbuf_8)
    14    0.08                           clknet_2_2_0_clk (net)
                  0.19    0.00    0.36 ^ u_regfile.u_sram_rs2/clk0 (sky130_sram_1kbyte_1rw1r_32x256_8)
                          0.20    0.56   clock uncertainty
                          0.00    0.56   clock reconvergence pessimism
                         -0.06    0.50   library hold time
                                  0.50   data required time
-----------------------------------------------------------------------------
                                  0.50   data required time
                                 -1.70   data arrival time
-----------------------------------------------------------------------------
                                  1.20   slack (MET)


Startpoint: u_pc_reg._147_ (rising edge-triggered flip-flop clocked by clk)
Endpoint: u_regfile.u_sram_rs2 (falling edge-triggered flip-flop clocked by clk)
Path Group: clk
Path Type: min

Fanout     Cap    Slew   Delay    Time   Description
-----------------------------------------------------------------------------
                          0.00    0.00   clock clk (rise edge)
                          0.00    0.00   clock source latency
                  0.00    0.00    0.00 ^ clk (in)
     1    0.13                           clk (net)
                  0.00    0.00    0.00 ^ clkbuf_0_clk/A (sky130_fd_sc_hd__clkbuf_16)
                  0.08    0.14    0.14 ^ clkbuf_0_clk/X (sky130_fd_sc_hd__clkbuf_16)
     4    0.06                           clknet_0_clk (net)
                  0.08    0.00    0.14 ^ clkbuf_2_2_0_clk/A (sky130_fd_sc_hd__clkbuf_8)
                  0.14    0.21    0.36 ^ clkbuf_2_2_0_clk/X (sky130_fd_sc_hd__clkbuf_8)
    14    0.08                           clknet_2_2_0_clk (net)
                  0.14    0.00    0.36 ^ u_pc_reg._147_/CLK (sky130_fd_sc_hd__dfxtp_4)
                  0.10    0.44    0.80 v u_pc_reg._147_/Q (sky130_fd_sc_hd__dfxtp_4)
    13    0.07                           u_imem.addr[13] (net)
                  0.10    0.00    0.81 v _512_/A (sky130_fd_sc_hd__nand2_1)
                  0.09    0.12    0.92 ^ _512_/Y (sky130_fd_sc_hd__nand2_1)
     3    0.01                           _168_ (net)
                  0.09    0.00    0.92 ^ _514_/A1 (sky130_fd_sc_hd__a211o_1)
                  0.05    0.14    1.06 ^ _514_/X (sky130_fd_sc_hd__a211o_1)
     2    0.00                           _170_ (net)
                  0.05    0.00    1.06 ^ _517_/A (sky130_fd_sc_hd__and2_1)
                  0.04    0.11    1.17 ^ _517_/X (sky130_fd_sc_hd__and2_1)
     1    0.00                           _173_ (net)
                  0.04    0.00    1.17 ^ _518_/A (sky130_fd_sc_hd__clkbuf_1)
                  0.05    0.08    1.25 ^ _518_/X (sky130_fd_sc_hd__clkbuf_1)
     1    0.00                           u_wb_mux.pc_plus_imm[14] (net)
                  0.05    0.00    1.25 ^ u_wb_mux._143_/B2 (sky130_fd_sc_hd__a22o_1)
                  0.07    0.14    1.39 ^ u_wb_mux._143_/X (sky130_fd_sc_hd__a22o_1)
     1    0.01                           u_wb_mux._044_ (net)
                  0.07    0.00    1.39 ^ u_wb_mux._145_/B1 (sky130_fd_sc_hd__a211o_4)
                  0.34    0.30    1.69 ^ u_wb_mux._145_/X (sky130_fd_sc_hd__a211o_4)
     3    0.13                           u_regfile.wd[14] (net)
                  0.46    0.02    1.71 ^ u_regfile.u_sram_rs2/din0[14] (sky130_sram_1kbyte_1rw1r_32x256_8)
                                  1.71   data arrival time

                          0.00    0.00   clock clk (rise edge)
                          0.00    0.00   clock source latency
                  0.00    0.00    0.00 ^ clk (in)
     1    0.13                           clk (net)
                  0.00    0.00    0.00 ^ clkbuf_0_clk/A (sky130_fd_sc_hd__clkbuf_16)
                  0.08    0.14    0.14 ^ clkbuf_0_clk/X (sky130_fd_sc_hd__clkbuf_16)
     4    0.06                           clknet_0_clk (net)
                  0.08    0.00    0.14 ^ clkbuf_2_2_0_clk/A (sky130_fd_sc_hd__clkbuf_8)
                  0.14    0.21    0.36 ^ clkbuf_2_2_0_clk/X (sky130_fd_sc_hd__clkbuf_8)
    14    0.08                           clknet_2_2_0_clk (net)
                  0.19    0.00    0.36 ^ u_regfile.u_sram_rs2/clk0 (sky130_sram_1kbyte_1rw1r_32x256_8)
                          0.20    0.56   clock uncertainty
                          0.00    0.56   clock reconvergence pessimism
                         -0.06    0.50   library hold time
                                  0.50   data required time
-----------------------------------------------------------------------------
                                  0.50   data required time
                                 -1.71   data arrival time
-----------------------------------------------------------------------------
                                  1.21   slack (MET)


Startpoint: u_pc_reg._134_ (rising edge-triggered flip-flop clocked by clk)
Endpoint: u_regfile.u_sram_rs2 (falling edge-triggered flip-flop clocked by clk)
Path Group: clk
Path Type: min

Fanout     Cap    Slew   Delay    Time   Description
-----------------------------------------------------------------------------
                          0.00    0.00   clock clk (rise edge)
                          0.00    0.00   clock source latency
                  0.00    0.00    0.00 ^ clk (in)
     1    0.13                           clk (net)
                  0.00    0.00    0.00 ^ clkbuf_0_clk/A (sky130_fd_sc_hd__clkbuf_16)
                  0.08    0.14    0.14 ^ clkbuf_0_clk/X (sky130_fd_sc_hd__clkbuf_16)
     4    0.06                           clknet_0_clk (net)
                  0.08    0.00    0.14 ^ clkbuf_2_3_0_clk/A (sky130_fd_sc_hd__clkbuf_8)
                  0.28    0.31    0.46 ^ clkbuf_2_3_0_clk/X (sky130_fd_sc_hd__clkbuf_8)
    10    0.16                           clknet_2_3_0_clk (net)
                  0.28    0.00    0.46 ^ u_pc_reg._134_/CLK (sky130_fd_sc_hd__dfxtp_4)
                  0.19    0.52    0.98 ^ u_pc_reg._134_/Q (sky130_fd_sc_hd__dfxtp_4)
    11    0.06                           u_imem.addr[0] (net)
                  0.19    0.00    0.98 ^ u_pc_next_logic._1604_/A (sky130_fd_sc_hd__clkbuf_1)
                  0.05    0.11    1.09 ^ u_pc_next_logic._1604_/X (sky130_fd_sc_hd__clkbuf_1)
     1    0.00                           u_pc_next_logic.pc_plus4[0] (net)
                  0.05    0.00    1.09 ^ u_wb_mux._091_/A1 (sky130_fd_sc_hd__a22o_1)
                  0.13    0.19    1.28 ^ u_wb_mux._091_/X (sky130_fd_sc_hd__a22o_1)
     1    0.01                           u_wb_mux._006_ (net)
                  0.13    0.00    1.28 ^ u_wb_mux._097_/B1 (sky130_fd_sc_hd__a211o_4)
                  0.45    0.36    1.65 ^ u_wb_mux._097_/X (sky130_fd_sc_hd__a211o_4)
     3    0.16                           u_regfile.wd[0] (net)
                  0.62    0.06    1.71 ^ u_regfile.u_sram_rs2/din0[0] (sky130_sram_1kbyte_1rw1r_32x256_8)
                                  1.71   data arrival time

                          0.00    0.00   clock clk (rise edge)
                          0.00    0.00   clock source latency
                  0.00    0.00    0.00 ^ clk (in)
     1    0.13                           clk (net)
                  0.00    0.00    0.00 ^ clkbuf_0_clk/A (sky130_fd_sc_hd__clkbuf_16)
                  0.08    0.14    0.14 ^ clkbuf_0_clk/X (sky130_fd_sc_hd__clkbuf_16)
     4    0.06                           clknet_0_clk (net)
                  0.08    0.00    0.14 ^ clkbuf_2_2_0_clk/A (sky130_fd_sc_hd__clkbuf_8)
                  0.14    0.21    0.36 ^ clkbuf_2_2_0_clk/X (sky130_fd_sc_hd__clkbuf_8)
    14    0.08                           clknet_2_2_0_clk (net)
                  0.19    0.00    0.36 ^ u_regfile.u_sram_rs2/clk0 (sky130_sram_1kbyte_1rw1r_32x256_8)
                          0.20    0.56   clock uncertainty
                          0.00    0.56   clock reconvergence pessimism
                         -0.06    0.50   library hold time
                                  0.50   data required time
-----------------------------------------------------------------------------
                                  0.50   data required time
                                 -1.71   data arrival time
-----------------------------------------------------------------------------
                                  1.21   slack (MET)


Startpoint: u_pc_reg._137_ (rising edge-triggered flip-flop clocked by clk)
Endpoint: u_regfile.u_sram_rs1 (falling edge-triggered flip-flop clocked by clk)
Path Group: clk
Path Type: min

Fanout     Cap    Slew   Delay    Time   Description
-----------------------------------------------------------------------------
                          0.00    0.00   clock clk (rise edge)
                          0.00    0.00   clock source latency
                  0.00    0.00    0.00 ^ clk (in)
     1    0.13                           clk (net)
                  0.00    0.00    0.00 ^ clkbuf_0_clk/A (sky130_fd_sc_hd__clkbuf_16)
                  0.08    0.14    0.14 ^ clkbuf_0_clk/X (sky130_fd_sc_hd__clkbuf_16)
     4    0.06                           clknet_0_clk (net)
                  0.08    0.00    0.14 ^ clkbuf_2_0_0_clk/A (sky130_fd_sc_hd__clkbuf_8)
                  0.19    0.25    0.39 ^ clkbuf_2_0_0_clk/X (sky130_fd_sc_hd__clkbuf_8)
     9    0.11                           clknet_2_0_0_clk (net)
                  0.19    0.00    0.39 ^ u_pc_reg._137_/CLK (sky130_fd_sc_hd__dfxtp_4)
                  0.13    0.46    0.85 ^ u_pc_reg._137_/Q (sky130_fd_sc_hd__dfxtp_4)
    10    0.04                           u_imem.addr[3] (net)
                  0.13    0.00    0.85 ^ u_pc_next_logic._0774_/A2 (sky130_fd_sc_hd__a21oi_1)
                  0.05    0.08    0.94 v u_pc_next_logic._0774_/Y (sky130_fd_sc_hd__a21oi_1)
     1    0.00                           u_pc_next_logic._0057_ (net)
                  0.05    0.00    0.94 v u_pc_next_logic._0775_/B (sky130_fd_sc_hd__nor2_1)
                  0.18    0.16    1.09 ^ u_pc_next_logic._0775_/Y (sky130_fd_sc_hd__nor2_1)
     2    0.01                           u_pc_next_logic.pc_plus4[4] (net)
                  0.18    0.00    1.09 ^ u_wb_mux._108_/A1 (sky130_fd_sc_hd__a22o_1)
                  0.07    0.19    1.28 ^ u_wb_mux._108_/X (sky130_fd_sc_hd__a22o_1)
     1    0.01                           u_wb_mux._019_ (net)
                  0.07    0.00    1.28 ^ u_wb_mux._110_/B1 (sky130_fd_sc_hd__a211o_4)
                  0.52    0.41    1.69 ^ u_wb_mux._110_/X (sky130_fd_sc_hd__a211o_4)
     3    0.19                           u_regfile.wd[4] (net)
                  0.71    0.06    1.75 ^ u_regfile.u_sram_rs1/din0[4] (sky130_sram_1kbyte_1rw1r_32x256_8)
                                  1.75   data arrival time

                          0.00    0.00   clock clk (rise edge)
                          0.00    0.00   clock source latency
                  0.00    0.00    0.00 ^ clk (in)
     1    0.13                           clk (net)
                  0.00    0.00    0.00 ^ clkbuf_0_clk/A (sky130_fd_sc_hd__clkbuf_16)
                  0.08    0.14    0.14 ^ clkbuf_0_clk/X (sky130_fd_sc_hd__clkbuf_16)
     4    0.06                           clknet_0_clk (net)
                  0.08    0.00    0.14 ^ clkbuf_2_0_0_clk/A (sky130_fd_sc_hd__clkbuf_8)
                  0.19    0.25    0.39 ^ clkbuf_2_0_0_clk/X (sky130_fd_sc_hd__clkbuf_8)
     9    0.11                           clknet_2_0_0_clk (net)
                  0.26    0.00    0.39 ^ u_regfile.u_sram_rs1/clk0 (sky130_sram_1kbyte_1rw1r_32x256_8)
                          0.20    0.59   clock uncertainty
                          0.00    0.59   clock reconvergence pessimism
                         -0.06    0.54   library hold time
                                  0.54   data required time
-----------------------------------------------------------------------------
                                  0.54   data required time
                                 -1.75   data arrival time
-----------------------------------------------------------------------------
                                  1.21   slack (MET)


Startpoint: u_pc_reg._152_ (rising edge-triggered flip-flop clocked by clk)
Endpoint: u_pc_reg._153_ (rising edge-triggered flip-flop clocked by clk)
Path Group: clk
Path Type: min

Fanout     Cap    Slew   Delay    Time   Description
-----------------------------------------------------------------------------
                          0.00    0.00   clock clk (rise edge)
                          0.00    0.00   clock source latency
                  0.00    0.00    0.00 ^ clk (in)
     1    0.13                           clk (net)
                  0.00    0.00    0.00 ^ clkbuf_0_clk/A (sky130_fd_sc_hd__clkbuf_16)
                  0.08    0.14    0.14 ^ clkbuf_0_clk/X (sky130_fd_sc_hd__clkbuf_16)
     4    0.06                           clknet_0_clk (net)
                  0.08    0.00    0.14 ^ clkbuf_2_2_0_clk/A (sky130_fd_sc_hd__clkbuf_8)
                  0.14    0.21    0.36 ^ clkbuf_2_2_0_clk/X (sky130_fd_sc_hd__clkbuf_8)
    14    0.08                           clknet_2_2_0_clk (net)
                  0.14    0.00    0.36 ^ u_pc_reg._152_/CLK (sky130_fd_sc_hd__dfxtp_4)
                  0.15    0.48    0.84 v u_pc_reg._152_/Q (sky130_fd_sc_hd__dfxtp_4)
    14    0.12                           u_imem.addr[18] (net)
                  0.15    0.00    0.84 v u_pc_next_logic._1311_/A1 (sky130_fd_sc_hd__a21o_1)
                  0.04    0.20    1.05 v u_pc_next_logic._1311_/X (sky130_fd_sc_hd__a21o_1)
     1    0.01                           u_pc_next_logic._0547_ (net)
                  0.04    0.00    1.05 v u_pc_next_logic._1312_/B (sky130_fd_sc_hd__xnor2_1)
                  0.06    0.14    1.19 ^ u_pc_next_logic._1312_/Y (sky130_fd_sc_hd__xnor2_1)
     1    0.00                           u_pc_next_logic._0548_ (net)
                  0.06    0.00    1.19 ^ u_pc_next_logic._1313_/A1 (sky130_fd_sc_hd__mux2_1)
                  0.10    0.17    1.36 ^ u_pc_next_logic._1313_/X (sky130_fd_sc_hd__mux2_1)
     1    0.01                           u_pc_next_logic._0549_ (net)
                  0.10    0.00    1.36 ^ u_pc_next_logic._1314_/A1 (sky130_fd_sc_hd__mux2_1)
                  0.04    0.14    1.50 ^ u_pc_next_logic._1314_/X (sky130_fd_sc_hd__mux2_1)
     1    0.00                           u_pc_next_logic._0550_ (net)
                  0.04    0.00    1.50 ^ u_pc_next_logic._1315_/A (sky130_fd_sc_hd__clkbuf_1)
                  0.04    0.07    1.57 ^ u_pc_next_logic._1315_/X (sky130_fd_sc_hd__clkbuf_1)
     1    0.00                           u_pc_next_logic.pc_next[19] (net)
                  0.04    0.00    1.57 ^ u_pc_reg._107_/B (sky130_fd_sc_hd__and2_1)
                  0.05    0.11    1.68 ^ u_pc_reg._107_/X (sky130_fd_sc_hd__and2_1)
     1    0.00                           u_pc_reg._035_ (net)
                  0.05    0.00    1.68 ^ u_pc_reg._108_/A (sky130_fd_sc_hd__clkbuf_1)
                  0.03    0.07    1.75 ^ u_pc_reg._108_/X (sky130_fd_sc_hd__clkbuf_1)
     1    0.00                           u_pc_reg._019_ (net)
                  0.03    0.00    1.75 ^ u_pc_reg._153_/D (sky130_fd_sc_hd__dfxtp_4)
                                  1.75   data arrival time

                          0.00    0.00   clock clk (rise edge)
                          0.00    0.00   clock source latency
                  0.00    0.00    0.00 ^ clk (in)
     1    0.13                           clk (net)
                  0.00    0.00    0.00 ^ clkbuf_0_clk/A (sky130_fd_sc_hd__clkbuf_16)
                  0.08    0.14    0.14 ^ clkbuf_0_clk/X (sky130_fd_sc_hd__clkbuf_16)
     4    0.06                           clknet_0_clk (net)
                  0.08    0.00    0.14 ^ clkbuf_2_2_0_clk/A (sky130_fd_sc_hd__clkbuf_8)
                  0.14    0.21    0.36 ^ clkbuf_2_2_0_clk/X (sky130_fd_sc_hd__clkbuf_8)
    14    0.08                           clknet_2_2_0_clk (net)
                  0.14    0.00    0.36 ^ u_pc_reg._153_/CLK (sky130_fd_sc_hd__dfxtp_4)
                          0.20    0.56   clock uncertainty
                          0.00    0.56   clock reconvergence pessimism
                         -0.02    0.54   library hold time
                                  0.54   data required time
-----------------------------------------------------------------------------
                                  0.54   data required time
                                 -1.75   data arrival time
-----------------------------------------------------------------------------
                                  1.21   slack (MET)


Startpoint: u_pc_reg._162_ (rising edge-triggered flip-flop clocked by clk)
Endpoint: u_pc_reg._162_ (rising edge-triggered flip-flop clocked by clk)
Path Group: clk
Path Type: min

Fanout     Cap    Slew   Delay    Time   Description
-----------------------------------------------------------------------------
                          0.00    0.00   clock clk (rise edge)
                          0.00    0.00   clock source latency
                  0.00    0.00    0.00 ^ clk (in)
     1    0.13                           clk (net)
                  0.00    0.00    0.00 ^ clkbuf_0_clk/A (sky130_fd_sc_hd__clkbuf_16)
                  0.08    0.14    0.14 ^ clkbuf_0_clk/X (sky130_fd_sc_hd__clkbuf_16)
     4    0.06                           clknet_0_clk (net)
                  0.08    0.00    0.14 ^ clkbuf_2_2_0_clk/A (sky130_fd_sc_hd__clkbuf_8)
                  0.14    0.21    0.36 ^ clkbuf_2_2_0_clk/X (sky130_fd_sc_hd__clkbuf_8)
    14    0.08                           clknet_2_2_0_clk (net)
                  0.14    0.00    0.36 ^ u_pc_reg._162_/CLK (sky130_fd_sc_hd__dfxtp_4)
                  0.15    0.48    0.84 v u_pc_reg._162_/Q (sky130_fd_sc_hd__dfxtp_4)
    11    0.11                           u_imem.addr[28] (net)
                  0.15    0.00    0.84 v u_pc_next_logic._1530_/A (sky130_fd_sc_hd__xnor2_2)
                  0.07    0.25    1.09 ^ u_pc_next_logic._1530_/Y (sky130_fd_sc_hd__xnor2_2)
     2    0.01                           u_pc_next_logic._0757_ (net)
                  0.07    0.00    1.09 ^ u_pc_next_logic._1531_/B1 (sky130_fd_sc_hd__a21oi_4)
                  0.04    0.05    1.13 v u_pc_next_logic._1531_/Y (sky130_fd_sc_hd__a21oi_4)
     4    0.02                           u_pc_next_logic._0758_ (net)
                  0.04    0.00    1.13 v u_pc_next_logic._1533_/A (sky130_fd_sc_hd__nor2_1)
                  0.08    0.10    1.23 ^ u_pc_next_logic._1533_/Y (sky130_fd_sc_hd__nor2_1)
     1    0.00                           u_pc_next_logic._0760_ (net)
                  0.08    0.00    1.23 ^ u_pc_next_logic._1545_/A2 (sky130_fd_sc_hd__o21a_1)
                  0.07    0.13    1.37 ^ u_pc_next_logic._1545_/X (sky130_fd_sc_hd__o21a_1)
     1    0.01                           u_pc_next_logic._0001_ (net)
                  0.07    0.00    1.37 ^ u_pc_next_logic._1546_/A1 (sky130_fd_sc_hd__mux2_1)
                  0.04    0.12    1.49 ^ u_pc_next_logic._1546_/X (sky130_fd_sc_hd__mux2_1)
     1    0.00                           u_pc_next_logic._0002_ (net)
                  0.04    0.00    1.49 ^ u_pc_next_logic._1547_/A (sky130_fd_sc_hd__clkbuf_1)
                  0.04    0.07    1.56 ^ u_pc_next_logic._1547_/X (sky130_fd_sc_hd__clkbuf_1)
     1    0.00                           u_pc_next_logic.pc_next[28] (net)
                  0.04    0.00    1.56 ^ u_pc_reg._126_/B (sky130_fd_sc_hd__and2_1)
                  0.05    0.11    1.68 ^ u_pc_reg._126_/X (sky130_fd_sc_hd__and2_1)
     1    0.00                           u_pc_reg._045_ (net)
                  0.05    0.00    1.68 ^ u_pc_reg._127_/A (sky130_fd_sc_hd__clkbuf_1)
                  0.04    0.08    1.76 ^ u_pc_reg._127_/X (sky130_fd_sc_hd__clkbuf_1)
     1    0.00                           u_pc_reg._028_ (net)
                  0.04    0.00    1.76 ^ u_pc_reg._162_/D (sky130_fd_sc_hd__dfxtp_4)
                                  1.76   data arrival time

                          0.00    0.00   clock clk (rise edge)
                          0.00    0.00   clock source latency
                  0.00    0.00    0.00 ^ clk (in)
     1    0.13                           clk (net)
                  0.00    0.00    0.00 ^ clkbuf_0_clk/A (sky130_fd_sc_hd__clkbuf_16)
                  0.08    0.14    0.14 ^ clkbuf_0_clk/X (sky130_fd_sc_hd__clkbuf_16)
     4    0.06                           clknet_0_clk (net)
                  0.08    0.00    0.14 ^ clkbuf_2_2_0_clk/A (sky130_fd_sc_hd__clkbuf_8)
                  0.14    0.21    0.36 ^ clkbuf_2_2_0_clk/X (sky130_fd_sc_hd__clkbuf_8)
    14    0.08                           clknet_2_2_0_clk (net)
                  0.14    0.00    0.36 ^ u_pc_reg._162_/CLK (sky130_fd_sc_hd__dfxtp_4)
                          0.20    0.56   clock uncertainty
                          0.00    0.56   clock reconvergence pessimism
                         -0.02    0.54   library hold time
                                  0.54   data required time
-----------------------------------------------------------------------------
                                  0.54   data required time
                                 -1.76   data arrival time
-----------------------------------------------------------------------------
                                  1.22   slack (MET)


Startpoint: u_pc_reg._155_ (rising edge-triggered flip-flop clocked by clk)
Endpoint: u_regfile.u_sram_rs2 (falling edge-triggered flip-flop clocked by clk)
Path Group: clk
Path Type: min

Fanout     Cap    Slew   Delay    Time   Description
-----------------------------------------------------------------------------
                          0.00    0.00   clock clk (rise edge)
                          0.00    0.00   clock source latency
                  0.00    0.00    0.00 ^ clk (in)
     1    0.13                           clk (net)
                  0.00    0.00    0.00 ^ clkbuf_0_clk/A (sky130_fd_sc_hd__clkbuf_16)
                  0.08    0.14    0.14 ^ clkbuf_0_clk/X (sky130_fd_sc_hd__clkbuf_16)
     4    0.06                           clknet_0_clk (net)
                  0.08    0.00    0.14 ^ clkbuf_2_2_0_clk/A (sky130_fd_sc_hd__clkbuf_8)
                  0.14    0.21    0.36 ^ clkbuf_2_2_0_clk/X (sky130_fd_sc_hd__clkbuf_8)
    14    0.08                           clknet_2_2_0_clk (net)
                  0.14    0.00    0.36 ^ u_pc_reg._155_/CLK (sky130_fd_sc_hd__dfxtp_4)
                  0.11    0.45    0.81 v u_pc_reg._155_/Q (sky130_fd_sc_hd__dfxtp_4)
    12    0.08                           u_imem.addr[21] (net)
                  0.11    0.00    0.81 v _567_/A (sky130_fd_sc_hd__nand2_1)
                  0.09    0.12    0.94 ^ _567_/Y (sky130_fd_sc_hd__nand2_1)
     3    0.01                           _215_ (net)
                  0.09    0.00    0.94 ^ _568_/A1 (sky130_fd_sc_hd__a21oi_1)
                  0.06    0.08    1.02 v _568_/Y (sky130_fd_sc_hd__a21oi_1)
     1    0.01                           _216_ (net)
                  0.06    0.00    1.02 v _569_/B (sky130_fd_sc_hd__xnor2_1)
                  0.06    0.14    1.16 ^ _569_/Y (sky130_fd_sc_hd__xnor2_1)
     1    0.00                           u_wb_mux.pc_plus_imm[22] (net)
                  0.06    0.00    1.16 ^ u_wb_mux._172_/B2 (sky130_fd_sc_hd__a22o_1)
                  0.08    0.15    1.31 ^ u_wb_mux._172_/X (sky130_fd_sc_hd__a22o_1)
     1    0.01                           u_wb_mux._065_ (net)
                  0.08    0.00    1.32 ^ u_wb_mux._174_/B1 (sky130_fd_sc_hd__a211o_4)
                  0.45    0.38    1.69 ^ u_wb_mux._174_/X (sky130_fd_sc_hd__a211o_4)
     3    0.17                           u_regfile.wd[22] (net)
                  0.61    0.03    1.72 ^ u_regfile.u_sram_rs2/din0[22] (sky130_sram_1kbyte_1rw1r_32x256_8)
                                  1.72   data arrival time

                          0.00    0.00   clock clk (rise edge)
                          0.00    0.00   clock source latency
                  0.00    0.00    0.00 ^ clk (in)
     1    0.13                           clk (net)
                  0.00    0.00    0.00 ^ clkbuf_0_clk/A (sky130_fd_sc_hd__clkbuf_16)
                  0.08    0.14    0.14 ^ clkbuf_0_clk/X (sky130_fd_sc_hd__clkbuf_16)
     4    0.06                           clknet_0_clk (net)
                  0.08    0.00    0.14 ^ clkbuf_2_2_0_clk/A (sky130_fd_sc_hd__clkbuf_8)
                  0.14    0.21    0.36 ^ clkbuf_2_2_0_clk/X (sky130_fd_sc_hd__clkbuf_8)
    14    0.08                           clknet_2_2_0_clk (net)
                  0.19    0.00    0.36 ^ u_regfile.u_sram_rs2/clk0 (sky130_sram_1kbyte_1rw1r_32x256_8)
                          0.20    0.56   clock uncertainty
                          0.00    0.56   clock reconvergence pessimism
                         -0.06    0.50   library hold time
                                  0.50   data required time
-----------------------------------------------------------------------------
                                  0.50   data required time
                                 -1.72   data arrival time
-----------------------------------------------------------------------------
                                  1.22   slack (MET)


Startpoint: u_pc_reg._152_ (rising edge-triggered flip-flop clocked by clk)
Endpoint: u_regfile.u_sram_rs2 (falling edge-triggered flip-flop clocked by clk)
Path Group: clk
Path Type: min

Fanout     Cap    Slew   Delay    Time   Description
-----------------------------------------------------------------------------
                          0.00    0.00   clock clk (rise edge)
                          0.00    0.00   clock source latency
                  0.00    0.00    0.00 ^ clk (in)
     1    0.13                           clk (net)
                  0.00    0.00    0.00 ^ clkbuf_0_clk/A (sky130_fd_sc_hd__clkbuf_16)
                  0.08    0.14    0.14 ^ clkbuf_0_clk/X (sky130_fd_sc_hd__clkbuf_16)
     4    0.06                           clknet_0_clk (net)
                  0.08    0.00    0.14 ^ clkbuf_2_2_0_clk/A (sky130_fd_sc_hd__clkbuf_8)
                  0.14    0.21    0.36 ^ clkbuf_2_2_0_clk/X (sky130_fd_sc_hd__clkbuf_8)
    14    0.08                           clknet_2_2_0_clk (net)
                  0.14    0.00    0.36 ^ u_pc_reg._152_/CLK (sky130_fd_sc_hd__dfxtp_4)
                  0.15    0.48    0.84 v u_pc_reg._152_/Q (sky130_fd_sc_hd__dfxtp_4)
    14    0.12                           u_imem.addr[18] (net)
                  0.15    0.00    0.84 v _546_/A1 (sky130_fd_sc_hd__a21bo_1)
                  0.04    0.22    1.06 v _546_/X (sky130_fd_sc_hd__a21bo_1)
     1    0.00                           _197_ (net)
                  0.04    0.00    1.06 v _547_/B (sky130_fd_sc_hd__xnor2_1)
                  0.05    0.13    1.19 ^ _547_/Y (sky130_fd_sc_hd__xnor2_1)
     1    0.00                           u_wb_mux.pc_plus_imm[19] (net)
                  0.05    0.00    1.19 ^ u_wb_mux._158_/B2 (sky130_fd_sc_hd__a22o_1)
                  0.07    0.14    1.33 ^ u_wb_mux._158_/X (sky130_fd_sc_hd__a22o_1)
     1    0.01                           u_wb_mux._054_ (net)
                  0.07    0.00    1.33 ^ u_wb_mux._160_/B1 (sky130_fd_sc_hd__a211o_4)
                  0.49    0.37    1.70 ^ u_wb_mux._160_/X (sky130_fd_sc_hd__a211o_4)
     3    0.18                           u_regfile.wd[19] (net)
                  0.65    0.02    1.72 ^ u_regfile.u_sram_rs2/din0[19] (sky130_sram_1kbyte_1rw1r_32x256_8)
                                  1.72   data arrival time

                          0.00    0.00   clock clk (rise edge)
                          0.00    0.00   clock source latency
                  0.00    0.00    0.00 ^ clk (in)
     1    0.13                           clk (net)
                  0.00    0.00    0.00 ^ clkbuf_0_clk/A (sky130_fd_sc_hd__clkbuf_16)
                  0.08    0.14    0.14 ^ clkbuf_0_clk/X (sky130_fd_sc_hd__clkbuf_16)
     4    0.06                           clknet_0_clk (net)
                  0.08    0.00    0.14 ^ clkbuf_2_2_0_clk/A (sky130_fd_sc_hd__clkbuf_8)
                  0.14    0.21    0.36 ^ clkbuf_2_2_0_clk/X (sky130_fd_sc_hd__clkbuf_8)
    14    0.08                           clknet_2_2_0_clk (net)
                  0.19    0.00    0.36 ^ u_regfile.u_sram_rs2/clk0 (sky130_sram_1kbyte_1rw1r_32x256_8)
                          0.20    0.56   clock uncertainty
                          0.00    0.56   clock reconvergence pessimism
                         -0.06    0.50   library hold time
                                  0.50   data required time
-----------------------------------------------------------------------------
                                  0.50   data required time
                                 -1.72   data arrival time
-----------------------------------------------------------------------------
                                  1.22   slack (MET)


Startpoint: u_pc_reg._152_ (rising edge-triggered flip-flop clocked by clk)
Endpoint: u_regfile.u_sram_rs1 (falling edge-triggered flip-flop clocked by clk)
Path Group: clk
Path Type: min

Fanout     Cap    Slew   Delay    Time   Description
-----------------------------------------------------------------------------
                          0.00    0.00   clock clk (rise edge)
                          0.00    0.00   clock source latency
                  0.00    0.00    0.00 ^ clk (in)
     1    0.13                           clk (net)
                  0.00    0.00    0.00 ^ clkbuf_0_clk/A (sky130_fd_sc_hd__clkbuf_16)
                  0.08    0.14    0.14 ^ clkbuf_0_clk/X (sky130_fd_sc_hd__clkbuf_16)
     4    0.06                           clknet_0_clk (net)
                  0.08    0.00    0.14 ^ clkbuf_2_2_0_clk/A (sky130_fd_sc_hd__clkbuf_8)
                  0.14    0.21    0.36 ^ clkbuf_2_2_0_clk/X (sky130_fd_sc_hd__clkbuf_8)
    14    0.08                           clknet_2_2_0_clk (net)
                  0.14    0.00    0.36 ^ u_pc_reg._152_/CLK (sky130_fd_sc_hd__dfxtp_4)
                  0.15    0.48    0.84 v u_pc_reg._152_/Q (sky130_fd_sc_hd__dfxtp_4)
    14    0.12                           u_imem.addr[18] (net)
                  0.15    0.00    0.84 v _546_/A1 (sky130_fd_sc_hd__a21bo_1)
                  0.04    0.22    1.06 v _546_/X (sky130_fd_sc_hd__a21bo_1)
     1    0.00                           _197_ (net)
                  0.04    0.00    1.06 v _547_/B (sky130_fd_sc_hd__xnor2_1)
                  0.05    0.13    1.19 ^ _547_/Y (sky130_fd_sc_hd__xnor2_1)
     1    0.00                           u_wb_mux.pc_plus_imm[19] (net)
                  0.05    0.00    1.19 ^ u_wb_mux._158_/B2 (sky130_fd_sc_hd__a22o_1)
                  0.07    0.14    1.33 ^ u_wb_mux._158_/X (sky130_fd_sc_hd__a22o_1)
     1    0.01                           u_wb_mux._054_ (net)
                  0.07    0.00    1.33 ^ u_wb_mux._160_/B1 (sky130_fd_sc_hd__a211o_4)
                  0.49    0.37    1.70 ^ u_wb_mux._160_/X (sky130_fd_sc_hd__a211o_4)
     3    0.18                           u_regfile.wd[19] (net)
                  0.67    0.06    1.76 ^ u_regfile.u_sram_rs1/din0[19] (sky130_sram_1kbyte_1rw1r_32x256_8)
                                  1.76   data arrival time

                          0.00    0.00   clock clk (rise edge)
                          0.00    0.00   clock source latency
                  0.00    0.00    0.00 ^ clk (in)
     1    0.13                           clk (net)
                  0.00    0.00    0.00 ^ clkbuf_0_clk/A (sky130_fd_sc_hd__clkbuf_16)
                  0.08    0.14    0.14 ^ clkbuf_0_clk/X (sky130_fd_sc_hd__clkbuf_16)
     4    0.06                           clknet_0_clk (net)
                  0.08    0.00    0.14 ^ clkbuf_2_0_0_clk/A (sky130_fd_sc_hd__clkbuf_8)
                  0.19    0.25    0.39 ^ clkbuf_2_0_0_clk/X (sky130_fd_sc_hd__clkbuf_8)
     9    0.11                           clknet_2_0_0_clk (net)
                  0.26    0.00    0.39 ^ u_regfile.u_sram_rs1/clk0 (sky130_sram_1kbyte_1rw1r_32x256_8)
                          0.20    0.59   clock uncertainty
                          0.00    0.59   clock reconvergence pessimism
                         -0.06    0.54   library hold time
                                  0.54   data required time
-----------------------------------------------------------------------------
                                  0.54   data required time
                                 -1.76   data arrival time
-----------------------------------------------------------------------------
                                  1.23   slack (MET)


Startpoint: u_pc_reg._156_ (rising edge-triggered flip-flop clocked by clk)
Endpoint: u_pc_reg._157_ (rising edge-triggered flip-flop clocked by clk)
Path Group: clk
Path Type: min

Fanout     Cap    Slew   Delay    Time   Description
-----------------------------------------------------------------------------
                          0.00    0.00   clock clk (rise edge)
                          0.00    0.00   clock source latency
                  0.00    0.00    0.00 ^ clk (in)
     1    0.13                           clk (net)
                  0.00    0.00    0.00 ^ clkbuf_0_clk/A (sky130_fd_sc_hd__clkbuf_16)
                  0.08    0.14    0.14 ^ clkbuf_0_clk/X (sky130_fd_sc_hd__clkbuf_16)
     4    0.06                           clknet_0_clk (net)
                  0.08    0.00    0.14 ^ clkbuf_2_2_0_clk/A (sky130_fd_sc_hd__clkbuf_8)
                  0.14    0.21    0.36 ^ clkbuf_2_2_0_clk/X (sky130_fd_sc_hd__clkbuf_8)
    14    0.08                           clknet_2_2_0_clk (net)
                  0.14    0.00    0.36 ^ u_pc_reg._156_/CLK (sky130_fd_sc_hd__dfxtp_4)
                  0.11    0.45    0.81 v u_pc_reg._156_/Q (sky130_fd_sc_hd__dfxtp_4)
    11    0.08                           u_imem.addr[22] (net)
                  0.11    0.00    0.81 v u_pc_next_logic._1377_/A (sky130_fd_sc_hd__nand2_1)
                  0.08    0.11    0.92 ^ u_pc_next_logic._1377_/Y (sky130_fd_sc_hd__nand2_1)
     3    0.01                           u_pc_next_logic._0610_ (net)
                  0.08    0.00    0.92 ^ u_pc_next_logic._1402_/B1 (sky130_fd_sc_hd__o21ai_1)
                  0.05    0.09    1.01 v u_pc_next_logic._1402_/Y (sky130_fd_sc_hd__o21ai_1)
     2    0.01                           u_pc_next_logic._0634_ (net)
                  0.05    0.00    1.01 v u_pc_next_logic._1404_/A2 (sky130_fd_sc_hd__o21ai_1)
                  0.11    0.16    1.16 ^ u_pc_next_logic._1404_/Y (sky130_fd_sc_hd__o21ai_1)
     1    0.01                           u_pc_next_logic._0636_ (net)
                  0.11    0.00    1.16 ^ u_pc_next_logic._1412_/A1 (sky130_fd_sc_hd__a22o_1)
                  0.12    0.21    1.37 ^ u_pc_next_logic._1412_/X (sky130_fd_sc_hd__a22o_1)
     1    0.01                           u_pc_next_logic._0644_ (net)
                  0.12    0.00    1.37 ^ u_pc_next_logic._1413_/A1 (sky130_fd_sc_hd__mux2_1)
                  0.04    0.14    1.51 ^ u_pc_next_logic._1413_/X (sky130_fd_sc_hd__mux2_1)
     1    0.00                           u_pc_next_logic._0645_ (net)
                  0.04    0.00    1.51 ^ u_pc_next_logic._1414_/A (sky130_fd_sc_hd__clkbuf_1)
                  0.03    0.07    1.58 ^ u_pc_next_logic._1414_/X (sky130_fd_sc_hd__clkbuf_1)
     1    0.00                           u_pc_next_logic.pc_next[23] (net)
                  0.03    0.00    1.58 ^ u_pc_reg._116_/B (sky130_fd_sc_hd__and2_1)
                  0.05    0.11    1.70 ^ u_pc_reg._116_/X (sky130_fd_sc_hd__and2_1)
     1    0.00                           u_pc_reg._040_ (net)
                  0.05    0.00    1.70 ^ u_pc_reg._117_/A (sky130_fd_sc_hd__clkbuf_1)
                  0.03    0.07    1.77 ^ u_pc_reg._117_/X (sky130_fd_sc_hd__clkbuf_1)
     1    0.00                           u_pc_reg._023_ (net)
                  0.03    0.00    1.77 ^ u_pc_reg._157_/D (sky130_fd_sc_hd__dfxtp_4)
                                  1.77   data arrival time

                          0.00    0.00   clock clk (rise edge)
                          0.00    0.00   clock source latency
                  0.00    0.00    0.00 ^ clk (in)
     1    0.13                           clk (net)
                  0.00    0.00    0.00 ^ clkbuf_0_clk/A (sky130_fd_sc_hd__clkbuf_16)
                  0.08    0.14    0.14 ^ clkbuf_0_clk/X (sky130_fd_sc_hd__clkbuf_16)
     4    0.06                           clknet_0_clk (net)
                  0.08    0.00    0.14 ^ clkbuf_2_2_0_clk/A (sky130_fd_sc_hd__clkbuf_8)
                  0.14    0.21    0.36 ^ clkbuf_2_2_0_clk/X (sky130_fd_sc_hd__clkbuf_8)
    14    0.08                           clknet_2_2_0_clk (net)
                  0.14    0.00    0.36 ^ u_pc_reg._157_/CLK (sky130_fd_sc_hd__dfxtp_4)
                          0.20    0.56   clock uncertainty
                          0.00    0.56   clock reconvergence pessimism
                         -0.02    0.54   library hold time
                                  0.54   data required time
-----------------------------------------------------------------------------
                                  0.54   data required time
                                 -1.77   data arrival time
-----------------------------------------------------------------------------
                                  1.23   slack (MET)


Startpoint: u_pc_reg._137_ (rising edge-triggered flip-flop clocked by clk)
Endpoint: u_regfile.u_sram_rs2 (falling edge-triggered flip-flop clocked by clk)
Path Group: clk
Path Type: min

Fanout     Cap    Slew   Delay    Time   Description
-----------------------------------------------------------------------------
                          0.00    0.00   clock clk (rise edge)
                          0.00    0.00   clock source latency
                  0.00    0.00    0.00 ^ clk (in)
     1    0.13                           clk (net)
                  0.00    0.00    0.00 ^ clkbuf_0_clk/A (sky130_fd_sc_hd__clkbuf_16)
                  0.08    0.14    0.14 ^ clkbuf_0_clk/X (sky130_fd_sc_hd__clkbuf_16)
     4    0.06                           clknet_0_clk (net)
                  0.08    0.00    0.14 ^ clkbuf_2_0_0_clk/A (sky130_fd_sc_hd__clkbuf_8)
                  0.19    0.25    0.39 ^ clkbuf_2_0_0_clk/X (sky130_fd_sc_hd__clkbuf_8)
     9    0.11                           clknet_2_0_0_clk (net)
                  0.19    0.00    0.39 ^ u_pc_reg._137_/CLK (sky130_fd_sc_hd__dfxtp_4)
                  0.13    0.46    0.85 ^ u_pc_reg._137_/Q (sky130_fd_sc_hd__dfxtp_4)
    10    0.04                           u_imem.addr[3] (net)
                  0.13    0.00    0.85 ^ u_pc_next_logic._0774_/A2 (sky130_fd_sc_hd__a21oi_1)
                  0.05    0.08    0.94 v u_pc_next_logic._0774_/Y (sky130_fd_sc_hd__a21oi_1)
     1    0.00                           u_pc_next_logic._0057_ (net)
                  0.05    0.00    0.94 v u_pc_next_logic._0775_/B (sky130_fd_sc_hd__nor2_1)
                  0.18    0.16    1.09 ^ u_pc_next_logic._0775_/Y (sky130_fd_sc_hd__nor2_1)
     2    0.01                           u_pc_next_logic.pc_plus4[4] (net)
                  0.18    0.00    1.09 ^ u_wb_mux._108_/A1 (sky130_fd_sc_hd__a22o_1)
                  0.07    0.19    1.28 ^ u_wb_mux._108_/X (sky130_fd_sc_hd__a22o_1)
     1    0.01                           u_wb_mux._019_ (net)
                  0.07    0.00    1.28 ^ u_wb_mux._110_/B1 (sky130_fd_sc_hd__a211o_4)
                  0.52    0.41    1.69 ^ u_wb_mux._110_/X (sky130_fd_sc_hd__a211o_4)
     3    0.19                           u_regfile.wd[4] (net)
                  0.70    0.05    1.73 ^ u_regfile.u_sram_rs2/din0[4] (sky130_sram_1kbyte_1rw1r_32x256_8)
                                  1.73   data arrival time

                          0.00    0.00   clock clk (rise edge)
                          0.00    0.00   clock source latency
                  0.00    0.00    0.00 ^ clk (in)
     1    0.13                           clk (net)
                  0.00    0.00    0.00 ^ clkbuf_0_clk/A (sky130_fd_sc_hd__clkbuf_16)
                  0.08    0.14    0.14 ^ clkbuf_0_clk/X (sky130_fd_sc_hd__clkbuf_16)
     4    0.06                           clknet_0_clk (net)
                  0.08    0.00    0.14 ^ clkbuf_2_2_0_clk/A (sky130_fd_sc_hd__clkbuf_8)
                  0.14    0.21    0.36 ^ clkbuf_2_2_0_clk/X (sky130_fd_sc_hd__clkbuf_8)
    14    0.08                           clknet_2_2_0_clk (net)
                  0.19    0.00    0.36 ^ u_regfile.u_sram_rs2/clk0 (sky130_sram_1kbyte_1rw1r_32x256_8)
                          0.20    0.56   clock uncertainty
                          0.00    0.56   clock reconvergence pessimism
                         -0.06    0.50   library hold time
                                  0.50   data required time
-----------------------------------------------------------------------------
                                  0.50   data required time
                                 -1.73   data arrival time
-----------------------------------------------------------------------------
                                  1.23   slack (MET)


Startpoint: u_pc_reg._140_ (rising edge-triggered flip-flop clocked by clk)
Endpoint: u_pc_reg._141_ (rising edge-triggered flip-flop clocked by clk)
Path Group: clk
Path Type: min

Fanout     Cap    Slew   Delay    Time   Description
-----------------------------------------------------------------------------
                          0.00    0.00   clock clk (rise edge)
                          0.00    0.00   clock source latency
                  0.00    0.00    0.00 ^ clk (in)
     1    0.13                           clk (net)
                  0.00    0.00    0.00 ^ clkbuf_0_clk/A (sky130_fd_sc_hd__clkbuf_16)
                  0.08    0.14    0.14 ^ clkbuf_0_clk/X (sky130_fd_sc_hd__clkbuf_16)
     4    0.06                           clknet_0_clk (net)
                  0.08    0.00    0.14 ^ clkbuf_2_1_0_clk/A (sky130_fd_sc_hd__clkbuf_8)
                  0.21    0.26    0.40 ^ clkbuf_2_1_0_clk/X (sky130_fd_sc_hd__clkbuf_8)
     7    0.12                           clknet_2_1_0_clk (net)
                  0.21    0.00    0.40 ^ u_pc_reg._140_/CLK (sky130_fd_sc_hd__dfxtp_1)
                  0.06    0.38    0.78 v u_pc_reg._140_/Q (sky130_fd_sc_hd__dfxtp_1)
     1    0.01                           u_imem.addr[6] (net)
                  0.06    0.00    0.78 v wire128/A (sky130_fd_sc_hd__buf_8)
                  0.07    0.16    0.94 v wire128/X (sky130_fd_sc_hd__buf_8)
    12    0.08                           net128 (net)
                  0.07    0.01    0.95 v u_pc_next_logic._0978_/A (sky130_fd_sc_hd__nand2_2)
                  0.09    0.11    1.06 ^ u_pc_next_logic._0978_/Y (sky130_fd_sc_hd__nand2_2)
     5    0.02                           u_pc_next_logic._0227_ (net)
                  0.09    0.00    1.06 ^ u_pc_next_logic._1009_/A1 (sky130_fd_sc_hd__a21oi_1)
                  0.04    0.06    1.13 v u_pc_next_logic._1009_/Y (sky130_fd_sc_hd__a21oi_1)
     1    0.00                           u_pc_next_logic._0257_ (net)
                  0.04    0.00    1.13 v u_pc_next_logic._1017_/A2_N (sky130_fd_sc_hd__a2bb2o_2)
                  0.13    0.29    1.41 ^ u_pc_next_logic._1017_/X (sky130_fd_sc_hd__a2bb2o_2)
     1    0.02                           u_pc_next_logic._0265_ (net)
                  0.13    0.00    1.42 ^ u_pc_next_logic._1018_/A1 (sky130_fd_sc_hd__mux2_1)
                  0.04    0.15    1.56 ^ u_pc_next_logic._1018_/X (sky130_fd_sc_hd__mux2_1)
     1    0.00                           u_pc_next_logic._0266_ (net)
                  0.04    0.00    1.56 ^ u_pc_next_logic._1019_/A (sky130_fd_sc_hd__clkbuf_1)
                  0.04    0.07    1.64 ^ u_pc_next_logic._1019_/X (sky130_fd_sc_hd__clkbuf_1)
     1    0.00                           u_pc_next_logic.pc_next[7] (net)
                  0.04    0.00    1.64 ^ u_pc_reg._082_/B (sky130_fd_sc_hd__and2_1)
                  0.05    0.11    1.75 ^ u_pc_reg._082_/X (sky130_fd_sc_hd__and2_1)
     1    0.00                           u_pc_reg._057_ (net)
                  0.05    0.00    1.75 ^ u_pc_reg._083_/A (sky130_fd_sc_hd__clkbuf_1)
                  0.04    0.08    1.83 ^ u_pc_reg._083_/X (sky130_fd_sc_hd__clkbuf_1)
     1    0.00                           u_pc_reg._007_ (net)
                  0.04    0.00    1.83 ^ u_pc_reg._141_/D (sky130_fd_sc_hd__dfxtp_4)
                                  1.83   data arrival time

                          0.00    0.00   clock clk (rise edge)
                          0.00    0.00   clock source latency
                  0.00    0.00    0.00 ^ clk (in)
     1    0.13                           clk (net)
                  0.00    0.00    0.00 ^ clkbuf_0_clk/A (sky130_fd_sc_hd__clkbuf_16)
                  0.08    0.14    0.14 ^ clkbuf_0_clk/X (sky130_fd_sc_hd__clkbuf_16)
     4    0.06                           clknet_0_clk (net)
                  0.08    0.00    0.14 ^ clkbuf_2_1_0_clk/A (sky130_fd_sc_hd__clkbuf_8)
                  0.21    0.26    0.40 ^ clkbuf_2_1_0_clk/X (sky130_fd_sc_hd__clkbuf_8)
     7    0.12                           clknet_2_1_0_clk (net)
                  0.21    0.00    0.40 ^ u_pc_reg._141_/CLK (sky130_fd_sc_hd__dfxtp_4)
                          0.20    0.60   clock uncertainty
                          0.00    0.60   clock reconvergence pessimism
                         -0.01    0.59   library hold time
                                  0.59   data required time
-----------------------------------------------------------------------------
                                  0.59   data required time
                                 -1.83   data arrival time
-----------------------------------------------------------------------------
                                  1.24   slack (MET)


Startpoint: u_pc_reg._142_ (rising edge-triggered flip-flop clocked by clk)
Endpoint: u_regfile.u_sram_rs1 (falling edge-triggered flip-flop clocked by clk)
Path Group: clk
Path Type: min

Fanout     Cap    Slew   Delay    Time   Description
-----------------------------------------------------------------------------
                          0.00    0.00   clock clk (rise edge)
                          0.00    0.00   clock source latency
                  0.00    0.00    0.00 ^ clk (in)
     1    0.13                           clk (net)
                  0.00    0.00    0.00 ^ clkbuf_0_clk/A (sky130_fd_sc_hd__clkbuf_16)
                  0.08    0.14    0.14 ^ clkbuf_0_clk/X (sky130_fd_sc_hd__clkbuf_16)
     4    0.06                           clknet_0_clk (net)
                  0.08    0.00    0.14 ^ clkbuf_2_0_0_clk/A (sky130_fd_sc_hd__clkbuf_8)
                  0.19    0.25    0.39 ^ clkbuf_2_0_0_clk/X (sky130_fd_sc_hd__clkbuf_8)
     9    0.11                           clknet_2_0_0_clk (net)
                  0.19    0.00    0.39 ^ u_pc_reg._142_/CLK (sky130_fd_sc_hd__dfxtp_1)
                  0.04    0.35    0.74 ^ u_pc_reg._142_/Q (sky130_fd_sc_hd__dfxtp_1)
     1    0.00                           u_imem.addr[8] (net)
                  0.04    0.00    0.74 ^ wire122/A (sky130_fd_sc_hd__buf_4)
                  0.18    0.20    0.94 ^ wire122/X (sky130_fd_sc_hd__buf_4)
    11    0.06                           net122 (net)
                  0.18    0.01    0.95 ^ u_pc_next_logic._0784_/B1 (sky130_fd_sc_hd__a31o_1)
                  0.04    0.12    1.07 ^ u_pc_next_logic._0784_/X (sky130_fd_sc_hd__a31o_1)
     1    0.00                           u_pc_next_logic._0063_ (net)
                  0.04    0.00    1.07 ^ u_pc_next_logic._0785_/B (sky130_fd_sc_hd__and2b_1)
                  0.04    0.11    1.18 ^ u_pc_next_logic._0785_/X (sky130_fd_sc_hd__and2b_1)
     1    0.00                           u_pc_next_logic._0064_ (net)
                  0.04    0.00    1.18 ^ u_pc_next_logic._0786_/A (sky130_fd_sc_hd__buf_1)
                  0.12    0.14    1.31 ^ u_pc_next_logic._0786_/X (sky130_fd_sc_hd__buf_1)
     2    0.01                           u_pc_next_logic.pc_plus4[8] (net)
                  0.12    0.00    1.31 ^ u_wb_mux._120_/A1 (sky130_fd_sc_hd__a22o_1)
                  0.07    0.17    1.48 ^ u_wb_mux._120_/X (sky130_fd_sc_hd__a22o_1)
     1    0.01                           u_wb_mux._027_ (net)
                  0.07    0.00    1.48 ^ u_wb_mux._122_/B1 (sky130_fd_sc_hd__a211o_4)
                  0.28    0.26    1.74 ^ u_wb_mux._122_/X (sky130_fd_sc_hd__a211o_4)
     3    0.10                           u_regfile.wd[8] (net)
                  0.38    0.04    1.78 ^ u_regfile.u_sram_rs1/din0[8] (sky130_sram_1kbyte_1rw1r_32x256_8)
                                  1.78   data arrival time

                          0.00    0.00   clock clk (rise edge)
                          0.00    0.00   clock source latency
                  0.00    0.00    0.00 ^ clk (in)
     1    0.13                           clk (net)
                  0.00    0.00    0.00 ^ clkbuf_0_clk/A (sky130_fd_sc_hd__clkbuf_16)
                  0.08    0.14    0.14 ^ clkbuf_0_clk/X (sky130_fd_sc_hd__clkbuf_16)
     4    0.06                           clknet_0_clk (net)
                  0.08    0.00    0.14 ^ clkbuf_2_0_0_clk/A (sky130_fd_sc_hd__clkbuf_8)
                  0.19    0.25    0.39 ^ clkbuf_2_0_0_clk/X (sky130_fd_sc_hd__clkbuf_8)
     9    0.11                           clknet_2_0_0_clk (net)
                  0.26    0.00    0.39 ^ u_regfile.u_sram_rs1/clk0 (sky130_sram_1kbyte_1rw1r_32x256_8)
                          0.20    0.59   clock uncertainty
                          0.00    0.59   clock reconvergence pessimism
                         -0.06    0.54   library hold time
                                  0.54   data required time
-----------------------------------------------------------------------------
                                  0.54   data required time
                                 -1.78   data arrival time
-----------------------------------------------------------------------------
                                  1.24   slack (MET)


Startpoint: u_pc_reg._140_ (rising edge-triggered flip-flop clocked by clk)
Endpoint: u_regfile.u_sram_rs1 (falling edge-triggered flip-flop clocked by clk)
Path Group: clk
Path Type: min

Fanout     Cap    Slew   Delay    Time   Description
-----------------------------------------------------------------------------
                          0.00    0.00   clock clk (rise edge)
                          0.00    0.00   clock source latency
                  0.00    0.00    0.00 ^ clk (in)
     1    0.13                           clk (net)
                  0.00    0.00    0.00 ^ clkbuf_0_clk/A (sky130_fd_sc_hd__clkbuf_16)
                  0.08    0.14    0.14 ^ clkbuf_0_clk/X (sky130_fd_sc_hd__clkbuf_16)
     4    0.06                           clknet_0_clk (net)
                  0.08    0.00    0.14 ^ clkbuf_2_1_0_clk/A (sky130_fd_sc_hd__clkbuf_8)
                  0.21    0.26    0.40 ^ clkbuf_2_1_0_clk/X (sky130_fd_sc_hd__clkbuf_8)
     7    0.12                           clknet_2_1_0_clk (net)
                  0.21    0.00    0.40 ^ u_pc_reg._140_/CLK (sky130_fd_sc_hd__dfxtp_1)
                  0.06    0.38    0.78 v u_pc_reg._140_/Q (sky130_fd_sc_hd__dfxtp_1)
     1    0.01                           u_imem.addr[6] (net)
                  0.06    0.00    0.78 v wire128/A (sky130_fd_sc_hd__buf_8)
                  0.07    0.16    0.94 v wire128/X (sky130_fd_sc_hd__buf_8)
    12    0.08                           net128 (net)
                  0.08    0.02    0.96 v u_pc_next_logic._0780_/A (sky130_fd_sc_hd__xor2_2)
                  0.15    0.21    1.17 ^ u_pc_next_logic._0780_/X (sky130_fd_sc_hd__xor2_2)
     2    0.01                           u_pc_next_logic.pc_plus4[6] (net)
                  0.15    0.00    1.17 ^ u_wb_mux._114_/A1 (sky130_fd_sc_hd__a22o_1)
                  0.07    0.18    1.35 ^ u_wb_mux._114_/X (sky130_fd_sc_hd__a22o_1)
     1    0.01                           u_wb_mux._023_ (net)
                  0.07    0.00    1.35 ^ u_wb_mux._116_/B1 (sky130_fd_sc_hd__a211o_4)
                  0.47    0.39    1.74 ^ u_wb_mux._116_/X (sky130_fd_sc_hd__a211o_4)
     3    0.17                           u_regfile.wd[6] (net)
                  0.64    0.05    1.78 ^ u_regfile.u_sram_rs1/din0[6] (sky130_sram_1kbyte_1rw1r_32x256_8)
                                  1.78   data arrival time

                          0.00    0.00   clock clk (rise edge)
                          0.00    0.00   clock source latency
                  0.00    0.00    0.00 ^ clk (in)
     1    0.13                           clk (net)
                  0.00    0.00    0.00 ^ clkbuf_0_clk/A (sky130_fd_sc_hd__clkbuf_16)
                  0.08    0.14    0.14 ^ clkbuf_0_clk/X (sky130_fd_sc_hd__clkbuf_16)
     4    0.06                           clknet_0_clk (net)
                  0.08    0.00    0.14 ^ clkbuf_2_0_0_clk/A (sky130_fd_sc_hd__clkbuf_8)
                  0.19    0.25    0.39 ^ clkbuf_2_0_0_clk/X (sky130_fd_sc_hd__clkbuf_8)
     9    0.11                           clknet_2_0_0_clk (net)
                  0.26    0.00    0.39 ^ u_regfile.u_sram_rs1/clk0 (sky130_sram_1kbyte_1rw1r_32x256_8)
                          0.20    0.59   clock uncertainty
                          0.00    0.59   clock reconvergence pessimism
                         -0.06    0.54   library hold time
                                  0.54   data required time
-----------------------------------------------------------------------------
                                  0.54   data required time
                                 -1.78   data arrival time
-----------------------------------------------------------------------------
                                  1.24   slack (MET)


Startpoint: u_pc_reg._140_ (rising edge-triggered flip-flop clocked by clk)
Endpoint: u_regfile.u_sram_rs2 (falling edge-triggered flip-flop clocked by clk)
Path Group: clk
Path Type: min

Fanout     Cap    Slew   Delay    Time   Description
-----------------------------------------------------------------------------
                          0.00    0.00   clock clk (rise edge)
                          0.00    0.00   clock source latency
                  0.00    0.00    0.00 ^ clk (in)
     1    0.13                           clk (net)
                  0.00    0.00    0.00 ^ clkbuf_0_clk/A (sky130_fd_sc_hd__clkbuf_16)
                  0.08    0.14    0.14 ^ clkbuf_0_clk/X (sky130_fd_sc_hd__clkbuf_16)
     4    0.06                           clknet_0_clk (net)
                  0.08    0.00    0.14 ^ clkbuf_2_1_0_clk/A (sky130_fd_sc_hd__clkbuf_8)
                  0.21    0.26    0.40 ^ clkbuf_2_1_0_clk/X (sky130_fd_sc_hd__clkbuf_8)
     7    0.12                           clknet_2_1_0_clk (net)
                  0.21    0.00    0.40 ^ u_pc_reg._140_/CLK (sky130_fd_sc_hd__dfxtp_1)
                  0.06    0.38    0.78 v u_pc_reg._140_/Q (sky130_fd_sc_hd__dfxtp_1)
     1    0.01                           u_imem.addr[6] (net)
                  0.06    0.00    0.78 v wire128/A (sky130_fd_sc_hd__buf_8)
                  0.07    0.16    0.94 v wire128/X (sky130_fd_sc_hd__buf_8)
    12    0.08                           net128 (net)
                  0.08    0.02    0.96 v u_pc_next_logic._0780_/A (sky130_fd_sc_hd__xor2_2)
                  0.15    0.21    1.17 ^ u_pc_next_logic._0780_/X (sky130_fd_sc_hd__xor2_2)
     2    0.01                           u_pc_next_logic.pc_plus4[6] (net)
                  0.15    0.00    1.17 ^ u_wb_mux._114_/A1 (sky130_fd_sc_hd__a22o_1)
                  0.07    0.18    1.35 ^ u_wb_mux._114_/X (sky130_fd_sc_hd__a22o_1)
     1    0.01                           u_wb_mux._023_ (net)
                  0.07    0.00    1.35 ^ u_wb_mux._116_/B1 (sky130_fd_sc_hd__a211o_4)
                  0.47    0.39    1.74 ^ u_wb_mux._116_/X (sky130_fd_sc_hd__a211o_4)
     3    0.17                           u_regfile.wd[6] (net)
                  0.63    0.01    1.75 ^ u_regfile.u_sram_rs2/din0[6] (sky130_sram_1kbyte_1rw1r_32x256_8)
                                  1.75   data arrival time

                          0.00    0.00   clock clk (rise edge)
                          0.00    0.00   clock source latency
                  0.00    0.00    0.00 ^ clk (in)
     1    0.13                           clk (net)
                  0.00    0.00    0.00 ^ clkbuf_0_clk/A (sky130_fd_sc_hd__clkbuf_16)
                  0.08    0.14    0.14 ^ clkbuf_0_clk/X (sky130_fd_sc_hd__clkbuf_16)
     4    0.06                           clknet_0_clk (net)
                  0.08    0.00    0.14 ^ clkbuf_2_2_0_clk/A (sky130_fd_sc_hd__clkbuf_8)
                  0.14    0.21    0.36 ^ clkbuf_2_2_0_clk/X (sky130_fd_sc_hd__clkbuf_8)
    14    0.08                           clknet_2_2_0_clk (net)
                  0.19    0.00    0.36 ^ u_regfile.u_sram_rs2/clk0 (sky130_sram_1kbyte_1rw1r_32x256_8)
                          0.20    0.56   clock uncertainty
                          0.00    0.56   clock reconvergence pessimism
                         -0.06    0.50   library hold time
                                  0.50   data required time
-----------------------------------------------------------------------------
                                  0.50   data required time
                                 -1.75   data arrival time
-----------------------------------------------------------------------------
                                  1.24   slack (MET)


Startpoint: u_pc_reg._143_ (rising edge-triggered flip-flop clocked by clk)
Endpoint: u_regfile.u_sram_rs1 (falling edge-triggered flip-flop clocked by clk)
Path Group: clk
Path Type: min

Fanout     Cap    Slew   Delay    Time   Description
-----------------------------------------------------------------------------
                          0.00    0.00   clock clk (rise edge)
                          0.00    0.00   clock source latency
                  0.00    0.00    0.00 ^ clk (in)
     1    0.13                           clk (net)
                  0.00    0.00    0.00 ^ clkbuf_0_clk/A (sky130_fd_sc_hd__clkbuf_16)
                  0.08    0.14    0.14 ^ clkbuf_0_clk/X (sky130_fd_sc_hd__clkbuf_16)
     4    0.06                           clknet_0_clk (net)
                  0.08    0.00    0.14 ^ clkbuf_2_0_0_clk/A (sky130_fd_sc_hd__clkbuf_8)
                  0.19    0.25    0.39 ^ clkbuf_2_0_0_clk/X (sky130_fd_sc_hd__clkbuf_8)
     9    0.11                           clknet_2_0_0_clk (net)
                  0.19    0.00    0.39 ^ u_pc_reg._143_/CLK (sky130_fd_sc_hd__dfxtp_4)
                  0.19    0.50    0.90 ^ u_pc_reg._143_/Q (sky130_fd_sc_hd__dfxtp_4)
    14    0.07                           u_imem.addr[9] (net)
                  0.20    0.01    0.90 ^ u_pc_next_logic._0789_/A1 (sky130_fd_sc_hd__a21oi_1)
                  0.04    0.09    0.99 v u_pc_next_logic._0789_/Y (sky130_fd_sc_hd__a21oi_1)
     1    0.00                           u_pc_next_logic._0066_ (net)
                  0.04    0.00    0.99 v u_pc_next_logic._0790_/B (sky130_fd_sc_hd__nor2_1)
                  0.18    0.16    1.15 ^ u_pc_next_logic._0790_/Y (sky130_fd_sc_hd__nor2_1)
     2    0.01                           u_pc_next_logic.pc_plus4[10] (net)
                  0.18    0.00    1.15 ^ u_wb_mux._128_/A1 (sky130_fd_sc_hd__a22o_1)
                  0.08    0.20    1.35 ^ u_wb_mux._128_/X (sky130_fd_sc_hd__a22o_1)
     1    0.01                           u_wb_mux._033_ (net)
                  0.08    0.00    1.35 ^ u_wb_mux._132_/B1 (sky130_fd_sc_hd__a211o_4)
                  0.48    0.41    1.76 ^ u_wb_mux._132_/X (sky130_fd_sc_hd__a211o_4)
     3    0.18                           u_regfile.wd[10] (net)
                  0.65    0.02    1.78 ^ u_regfile.u_sram_rs1/din0[10] (sky130_sram_1kbyte_1rw1r_32x256_8)
                                  1.78   data arrival time

                          0.00    0.00   clock clk (rise edge)
                          0.00    0.00   clock source latency
                  0.00    0.00    0.00 ^ clk (in)
     1    0.13                           clk (net)
                  0.00    0.00    0.00 ^ clkbuf_0_clk/A (sky130_fd_sc_hd__clkbuf_16)
                  0.08    0.14    0.14 ^ clkbuf_0_clk/X (sky130_fd_sc_hd__clkbuf_16)
     4    0.06                           clknet_0_clk (net)
                  0.08    0.00    0.14 ^ clkbuf_2_0_0_clk/A (sky130_fd_sc_hd__clkbuf_8)
                  0.19    0.25    0.39 ^ clkbuf_2_0_0_clk/X (sky130_fd_sc_hd__clkbuf_8)
     9    0.11                           clknet_2_0_0_clk (net)
                  0.26    0.00    0.39 ^ u_regfile.u_sram_rs1/clk0 (sky130_sram_1kbyte_1rw1r_32x256_8)
                          0.20    0.59   clock uncertainty
                          0.00    0.59   clock reconvergence pessimism
                         -0.06    0.54   library hold time
                                  0.54   data required time
-----------------------------------------------------------------------------
                                  0.54   data required time
                                 -1.78   data arrival time
-----------------------------------------------------------------------------
                                  1.25   slack (MET)


Startpoint: u_pc_reg._139_ (rising edge-triggered flip-flop clocked by clk)
Endpoint: u_pc_reg._140_ (rising edge-triggered flip-flop clocked by clk)
Path Group: clk
Path Type: min

Fanout     Cap    Slew   Delay    Time   Description
-----------------------------------------------------------------------------
                          0.00    0.00   clock clk (rise edge)
                          0.00    0.00   clock source latency
                  0.00    0.00    0.00 ^ clk (in)
     1    0.13                           clk (net)
                  0.00    0.00    0.00 ^ clkbuf_0_clk/A (sky130_fd_sc_hd__clkbuf_16)
                  0.08    0.14    0.14 ^ clkbuf_0_clk/X (sky130_fd_sc_hd__clkbuf_16)
     4    0.06                           clknet_0_clk (net)
                  0.08    0.00    0.14 ^ clkbuf_2_1_0_clk/A (sky130_fd_sc_hd__clkbuf_8)
                  0.21    0.26    0.40 ^ clkbuf_2_1_0_clk/X (sky130_fd_sc_hd__clkbuf_8)
     7    0.12                           clknet_2_1_0_clk (net)
                  0.21    0.00    0.40 ^ u_pc_reg._139_/CLK (sky130_fd_sc_hd__dfxtp_1)
                  0.04    0.35    0.76 v u_pc_reg._139_/Q (sky130_fd_sc_hd__dfxtp_1)
     1    0.01                           u_imem.addr[5] (net)
                  0.04    0.00    0.76 v wire131/A (sky130_fd_sc_hd__clkbuf_8)
                  0.09    0.18    0.93 v wire131/X (sky130_fd_sc_hd__clkbuf_8)
    13    0.07                           net131 (net)
                  0.09    0.01    0.94 v u_pc_next_logic._0981_/A (sky130_fd_sc_hd__nand2_1)
                  0.07    0.09    1.04 ^ u_pc_next_logic._0981_/Y (sky130_fd_sc_hd__nand2_1)
     2    0.01                           u_pc_next_logic._0230_ (net)
                  0.07    0.00    1.04 ^ u_pc_next_logic._0982_/A1 (sky130_fd_sc_hd__a21oi_1)
                  0.07    0.09    1.13 v u_pc_next_logic._0982_/Y (sky130_fd_sc_hd__a21oi_1)
     2    0.01                           u_pc_next_logic._0231_ (net)
                  0.07    0.00    1.13 v u_pc_next_logic._0983_/B (sky130_fd_sc_hd__xnor2_1)
                  0.05    0.14    1.27 ^ u_pc_next_logic._0983_/Y (sky130_fd_sc_hd__xnor2_1)
     1    0.00                           u_pc_next_logic._0232_ (net)
                  0.05    0.00    1.27 ^ u_pc_next_logic._0989_/A2 (sky130_fd_sc_hd__o21a_2)
                  0.12    0.18    1.45 ^ u_pc_next_logic._0989_/X (sky130_fd_sc_hd__o21a_2)
     1    0.02                           u_pc_next_logic._0238_ (net)
                  0.12    0.00    1.45 ^ u_pc_next_logic._0996_/A0 (sky130_fd_sc_hd__mux2_1)
                  0.04    0.14    1.59 ^ u_pc_next_logic._0996_/X (sky130_fd_sc_hd__mux2_1)
     1    0.00                           u_pc_next_logic._0245_ (net)
                  0.04    0.00    1.59 ^ u_pc_next_logic._0997_/A (sky130_fd_sc_hd__clkbuf_1)
                  0.04    0.07    1.66 ^ u_pc_next_logic._0997_/X (sky130_fd_sc_hd__clkbuf_1)
     1    0.00                           u_pc_next_logic.pc_next[6] (net)
                  0.04    0.00    1.66 ^ u_pc_reg._080_/B (sky130_fd_sc_hd__and2_1)
                  0.05    0.11    1.78 ^ u_pc_reg._080_/X (sky130_fd_sc_hd__and2_1)
     1    0.00                           u_pc_reg._056_ (net)
                  0.05    0.00    1.78 ^ u_pc_reg._081_/A (sky130_fd_sc_hd__clkbuf_1)
                  0.04    0.07    1.85 ^ u_pc_reg._081_/X (sky130_fd_sc_hd__clkbuf_1)
     1    0.00                           u_pc_reg._006_ (net)
                  0.04    0.00    1.85 ^ u_pc_reg._140_/D (sky130_fd_sc_hd__dfxtp_1)
                                  1.85   data arrival time

                          0.00    0.00   clock clk (rise edge)
                          0.00    0.00   clock source latency
                  0.00    0.00    0.00 ^ clk (in)
     1    0.13                           clk (net)
                  0.00    0.00    0.00 ^ clkbuf_0_clk/A (sky130_fd_sc_hd__clkbuf_16)
                  0.08    0.14    0.14 ^ clkbuf_0_clk/X (sky130_fd_sc_hd__clkbuf_16)
     4    0.06                           clknet_0_clk (net)
                  0.08    0.00    0.14 ^ clkbuf_2_1_0_clk/A (sky130_fd_sc_hd__clkbuf_8)
                  0.21    0.26    0.40 ^ clkbuf_2_1_0_clk/X (sky130_fd_sc_hd__clkbuf_8)
     7    0.12                           clknet_2_1_0_clk (net)
                  0.21    0.00    0.40 ^ u_pc_reg._140_/CLK (sky130_fd_sc_hd__dfxtp_1)
                          0.20    0.60   clock uncertainty
                          0.00    0.60   clock reconvergence pessimism
                         -0.01    0.60   library hold time
                                  0.60   data required time
-----------------------------------------------------------------------------
                                  0.60   data required time
                                 -1.85   data arrival time
-----------------------------------------------------------------------------
                                  1.26   slack (MET)


Startpoint: u_pc_reg._142_ (rising edge-triggered flip-flop clocked by clk)
Endpoint: u_regfile.u_sram_rs2 (falling edge-triggered flip-flop clocked by clk)
Path Group: clk
Path Type: min

Fanout     Cap    Slew   Delay    Time   Description
-----------------------------------------------------------------------------
                          0.00    0.00   clock clk (rise edge)
                          0.00    0.00   clock source latency
                  0.00    0.00    0.00 ^ clk (in)
     1    0.13                           clk (net)
                  0.00    0.00    0.00 ^ clkbuf_0_clk/A (sky130_fd_sc_hd__clkbuf_16)
                  0.08    0.14    0.14 ^ clkbuf_0_clk/X (sky130_fd_sc_hd__clkbuf_16)
     4    0.06                           clknet_0_clk (net)
                  0.08    0.00    0.14 ^ clkbuf_2_0_0_clk/A (sky130_fd_sc_hd__clkbuf_8)
                  0.19    0.25    0.39 ^ clkbuf_2_0_0_clk/X (sky130_fd_sc_hd__clkbuf_8)
     9    0.11                           clknet_2_0_0_clk (net)
                  0.19    0.00    0.39 ^ u_pc_reg._142_/CLK (sky130_fd_sc_hd__dfxtp_1)
                  0.04    0.35    0.74 ^ u_pc_reg._142_/Q (sky130_fd_sc_hd__dfxtp_1)
     1    0.00                           u_imem.addr[8] (net)
                  0.04    0.00    0.74 ^ wire122/A (sky130_fd_sc_hd__buf_4)
                  0.18    0.20    0.94 ^ wire122/X (sky130_fd_sc_hd__buf_4)
    11    0.06                           net122 (net)
                  0.18    0.01    0.95 ^ u_pc_next_logic._0784_/B1 (sky130_fd_sc_hd__a31o_1)
                  0.04    0.12    1.07 ^ u_pc_next_logic._0784_/X (sky130_fd_sc_hd__a31o_1)
     1    0.00                           u_pc_next_logic._0063_ (net)
                  0.04    0.00    1.07 ^ u_pc_next_logic._0785_/B (sky130_fd_sc_hd__and2b_1)
                  0.04    0.11    1.18 ^ u_pc_next_logic._0785_/X (sky130_fd_sc_hd__and2b_1)
     1    0.00                           u_pc_next_logic._0064_ (net)
                  0.04    0.00    1.18 ^ u_pc_next_logic._0786_/A (sky130_fd_sc_hd__buf_1)
                  0.12    0.14    1.31 ^ u_pc_next_logic._0786_/X (sky130_fd_sc_hd__buf_1)
     2    0.01                           u_pc_next_logic.pc_plus4[8] (net)
                  0.12    0.00    1.31 ^ u_wb_mux._120_/A1 (sky130_fd_sc_hd__a22o_1)
                  0.07    0.17    1.48 ^ u_wb_mux._120_/X (sky130_fd_sc_hd__a22o_1)
     1    0.01                           u_wb_mux._027_ (net)
                  0.07    0.00    1.48 ^ u_wb_mux._122_/B1 (sky130_fd_sc_hd__a211o_4)
                  0.28    0.26    1.74 ^ u_wb_mux._122_/X (sky130_fd_sc_hd__a211o_4)
     3    0.10                           u_regfile.wd[8] (net)
                  0.38    0.02    1.77 ^ u_regfile.u_sram_rs2/din0[8] (sky130_sram_1kbyte_1rw1r_32x256_8)
                                  1.77   data arrival time

                          0.00    0.00   clock clk (rise edge)
                          0.00    0.00   clock source latency
                  0.00    0.00    0.00 ^ clk (in)
     1    0.13                           clk (net)
                  0.00    0.00    0.00 ^ clkbuf_0_clk/A (sky130_fd_sc_hd__clkbuf_16)
                  0.08    0.14    0.14 ^ clkbuf_0_clk/X (sky130_fd_sc_hd__clkbuf_16)
     4    0.06                           clknet_0_clk (net)
                  0.08    0.00    0.14 ^ clkbuf_2_2_0_clk/A (sky130_fd_sc_hd__clkbuf_8)
                  0.14    0.21    0.36 ^ clkbuf_2_2_0_clk/X (sky130_fd_sc_hd__clkbuf_8)
    14    0.08                           clknet_2_2_0_clk (net)
                  0.19    0.00    0.36 ^ u_regfile.u_sram_rs2/clk0 (sky130_sram_1kbyte_1rw1r_32x256_8)
                          0.20    0.56   clock uncertainty
                          0.00    0.56   clock reconvergence pessimism
                         -0.06    0.50   library hold time
                                  0.50   data required time
-----------------------------------------------------------------------------
                                  0.50   data required time
                                 -1.77   data arrival time
-----------------------------------------------------------------------------
                                  1.26   slack (MET)


Startpoint: u_pc_reg._142_ (rising edge-triggered flip-flop clocked by clk)
Endpoint: u_pc_reg._142_ (rising edge-triggered flip-flop clocked by clk)
Path Group: clk
Path Type: min

Fanout     Cap    Slew   Delay    Time   Description
-----------------------------------------------------------------------------
                          0.00    0.00   clock clk (rise edge)
                          0.00    0.00   clock source latency
                  0.00    0.00    0.00 ^ clk (in)
     1    0.13                           clk (net)
                  0.00    0.00    0.00 ^ clkbuf_0_clk/A (sky130_fd_sc_hd__clkbuf_16)
                  0.08    0.14    0.14 ^ clkbuf_0_clk/X (sky130_fd_sc_hd__clkbuf_16)
     4    0.06                           clknet_0_clk (net)
                  0.08    0.00    0.14 ^ clkbuf_2_0_0_clk/A (sky130_fd_sc_hd__clkbuf_8)
                  0.19    0.25    0.39 ^ clkbuf_2_0_0_clk/X (sky130_fd_sc_hd__clkbuf_8)
     9    0.11                           clknet_2_0_0_clk (net)
                  0.19    0.00    0.39 ^ u_pc_reg._142_/CLK (sky130_fd_sc_hd__dfxtp_1)
                  0.04    0.35    0.74 ^ u_pc_reg._142_/Q (sky130_fd_sc_hd__dfxtp_1)
     1    0.00                           u_imem.addr[8] (net)
                  0.04    0.00    0.74 ^ wire122/A (sky130_fd_sc_hd__buf_4)
                  0.18    0.20    0.94 ^ wire122/X (sky130_fd_sc_hd__buf_4)
    11    0.06                           net122 (net)
                  0.18    0.00    0.95 ^ u_pc_next_logic._1025_/A (sky130_fd_sc_hd__nand2_1)
                  0.06    0.11    1.06 v u_pc_next_logic._1025_/Y (sky130_fd_sc_hd__nand2_1)
     3    0.01                           u_pc_next_logic._0272_ (net)
                  0.06    0.00    1.06 v u_pc_next_logic._1027_/A (sky130_fd_sc_hd__nand2_1)
                  0.10    0.11    1.17 ^ u_pc_next_logic._1027_/Y (sky130_fd_sc_hd__nand2_1)
     3    0.01                           u_pc_next_logic._0274_ (net)
                  0.10    0.00    1.17 ^ u_pc_next_logic._1028_/B (sky130_fd_sc_hd__xnor2_1)
                  0.05    0.09    1.25 v u_pc_next_logic._1028_/Y (sky130_fd_sc_hd__xnor2_1)
     1    0.01                           u_pc_next_logic._0275_ (net)
                  0.05    0.00    1.25 v u_pc_next_logic._1042_/A2 (sky130_fd_sc_hd__a21boi_2)
                  0.16    0.19    1.45 ^ u_pc_next_logic._1042_/Y (sky130_fd_sc_hd__a21boi_2)
     1    0.01                           u_pc_next_logic._0289_ (net)
                  0.16    0.00    1.45 ^ u_pc_next_logic._1053_/A0 (sky130_fd_sc_hd__mux2_1)
                  0.04    0.15    1.60 ^ u_pc_next_logic._1053_/X (sky130_fd_sc_hd__mux2_1)
     1    0.00                           u_pc_next_logic._0300_ (net)
                  0.04    0.00    1.60 ^ u_pc_next_logic._1054_/A (sky130_fd_sc_hd__clkbuf_1)
                  0.03    0.07    1.67 ^ u_pc_next_logic._1054_/X (sky130_fd_sc_hd__clkbuf_1)
     1    0.00                           u_pc_next_logic.pc_next[8] (net)
                  0.03    0.00    1.67 ^ u_pc_reg._084_/B (sky130_fd_sc_hd__and2_1)
                  0.04    0.11    1.78 ^ u_pc_reg._084_/X (sky130_fd_sc_hd__and2_1)
     1    0.00                           u_pc_reg._058_ (net)
                  0.04    0.00    1.78 ^ u_pc_reg._085_/A (sky130_fd_sc_hd__clkbuf_1)
                  0.04    0.07    1.85 ^ u_pc_reg._085_/X (sky130_fd_sc_hd__clkbuf_1)
     1    0.00                           u_pc_reg._008_ (net)
                  0.04    0.00    1.85 ^ u_pc_reg._142_/D (sky130_fd_sc_hd__dfxtp_1)
                                  1.85   data arrival time

                          0.00    0.00   clock clk (rise edge)
                          0.00    0.00   clock source latency
                  0.00    0.00    0.00 ^ clk (in)
     1    0.13                           clk (net)
                  0.00    0.00    0.00 ^ clkbuf_0_clk/A (sky130_fd_sc_hd__clkbuf_16)
                  0.08    0.14    0.14 ^ clkbuf_0_clk/X (sky130_fd_sc_hd__clkbuf_16)
     4    0.06                           clknet_0_clk (net)
                  0.08    0.00    0.14 ^ clkbuf_2_0_0_clk/A (sky130_fd_sc_hd__clkbuf_8)
                  0.19    0.25    0.39 ^ clkbuf_2_0_0_clk/X (sky130_fd_sc_hd__clkbuf_8)
     9    0.11                           clknet_2_0_0_clk (net)
                  0.19    0.00    0.39 ^ u_pc_reg._142_/CLK (sky130_fd_sc_hd__dfxtp_1)
                          0.20    0.59   clock uncertainty
                          0.00    0.59   clock reconvergence pessimism
                         -0.01    0.58   library hold time
                                  0.58   data required time
-----------------------------------------------------------------------------
                                  0.58   data required time
                                 -1.85   data arrival time
-----------------------------------------------------------------------------
                                  1.27   slack (MET)


Startpoint: u_pc_reg._143_ (rising edge-triggered flip-flop clocked by clk)
Endpoint: u_regfile.u_sram_rs2 (falling edge-triggered flip-flop clocked by clk)
Path Group: clk
Path Type: min

Fanout     Cap    Slew   Delay    Time   Description
-----------------------------------------------------------------------------
                          0.00    0.00   clock clk (rise edge)
                          0.00    0.00   clock source latency
                  0.00    0.00    0.00 ^ clk (in)
     1    0.13                           clk (net)
                  0.00    0.00    0.00 ^ clkbuf_0_clk/A (sky130_fd_sc_hd__clkbuf_16)
                  0.08    0.14    0.14 ^ clkbuf_0_clk/X (sky130_fd_sc_hd__clkbuf_16)
     4    0.06                           clknet_0_clk (net)
                  0.08    0.00    0.14 ^ clkbuf_2_0_0_clk/A (sky130_fd_sc_hd__clkbuf_8)
                  0.19    0.25    0.39 ^ clkbuf_2_0_0_clk/X (sky130_fd_sc_hd__clkbuf_8)
     9    0.11                           clknet_2_0_0_clk (net)
                  0.19    0.00    0.39 ^ u_pc_reg._143_/CLK (sky130_fd_sc_hd__dfxtp_4)
                  0.19    0.50    0.90 ^ u_pc_reg._143_/Q (sky130_fd_sc_hd__dfxtp_4)
    14    0.07                           u_imem.addr[9] (net)
                  0.20    0.01    0.90 ^ u_pc_next_logic._0789_/A1 (sky130_fd_sc_hd__a21oi_1)
                  0.04    0.09    0.99 v u_pc_next_logic._0789_/Y (sky130_fd_sc_hd__a21oi_1)
     1    0.00                           u_pc_next_logic._0066_ (net)
                  0.04    0.00    0.99 v u_pc_next_logic._0790_/B (sky130_fd_sc_hd__nor2_1)
                  0.18    0.16    1.15 ^ u_pc_next_logic._0790_/Y (sky130_fd_sc_hd__nor2_1)
     2    0.01                           u_pc_next_logic.pc_plus4[10] (net)
                  0.18    0.00    1.15 ^ u_wb_mux._128_/A1 (sky130_fd_sc_hd__a22o_1)
                  0.08    0.20    1.35 ^ u_wb_mux._128_/X (sky130_fd_sc_hd__a22o_1)
     1    0.01                           u_wb_mux._033_ (net)
                  0.08    0.00    1.35 ^ u_wb_mux._132_/B1 (sky130_fd_sc_hd__a211o_4)
                  0.48    0.41    1.76 ^ u_wb_mux._132_/X (sky130_fd_sc_hd__a211o_4)
     3    0.18                           u_regfile.wd[10] (net)
                  0.65    0.02    1.78 ^ u_regfile.u_sram_rs2/din0[10] (sky130_sram_1kbyte_1rw1r_32x256_8)
                                  1.78   data arrival time

                          0.00    0.00   clock clk (rise edge)
                          0.00    0.00   clock source latency
                  0.00    0.00    0.00 ^ clk (in)
     1    0.13                           clk (net)
                  0.00    0.00    0.00 ^ clkbuf_0_clk/A (sky130_fd_sc_hd__clkbuf_16)
                  0.08    0.14    0.14 ^ clkbuf_0_clk/X (sky130_fd_sc_hd__clkbuf_16)
     4    0.06                           clknet_0_clk (net)
                  0.08    0.00    0.14 ^ clkbuf_2_2_0_clk/A (sky130_fd_sc_hd__clkbuf_8)
                  0.14    0.21    0.36 ^ clkbuf_2_2_0_clk/X (sky130_fd_sc_hd__clkbuf_8)
    14    0.08                           clknet_2_2_0_clk (net)
                  0.19    0.00    0.36 ^ u_regfile.u_sram_rs2/clk0 (sky130_sram_1kbyte_1rw1r_32x256_8)
                          0.20    0.56   clock uncertainty
                          0.00    0.56   clock reconvergence pessimism
                         -0.06    0.50   library hold time
                                  0.50   data required time
-----------------------------------------------------------------------------
                                  0.50   data required time
                                 -1.78   data arrival time
-----------------------------------------------------------------------------
                                  1.28   slack (MET)


Startpoint: u_pc_reg._138_ (rising edge-triggered flip-flop clocked by clk)
Endpoint: u_pc_reg._139_ (rising edge-triggered flip-flop clocked by clk)
Path Group: clk
Path Type: min

Fanout     Cap    Slew   Delay    Time   Description
-----------------------------------------------------------------------------
                          0.00    0.00   clock clk (rise edge)
                          0.00    0.00   clock source latency
                  0.00    0.00    0.00 ^ clk (in)
     1    0.13                           clk (net)
                  0.00    0.00    0.00 ^ clkbuf_0_clk/A (sky130_fd_sc_hd__clkbuf_16)
                  0.08    0.14    0.14 ^ clkbuf_0_clk/X (sky130_fd_sc_hd__clkbuf_16)
     4    0.06                           clknet_0_clk (net)
                  0.08    0.00    0.14 ^ clkbuf_2_0_0_clk/A (sky130_fd_sc_hd__clkbuf_8)
                  0.19    0.25    0.39 ^ clkbuf_2_0_0_clk/X (sky130_fd_sc_hd__clkbuf_8)
     9    0.11                           clknet_2_0_0_clk (net)
                  0.19    0.00    0.39 ^ u_pc_reg._138_/CLK (sky130_fd_sc_hd__dfxtp_4)
                  0.09    0.45    0.84 v u_pc_reg._138_/Q (sky130_fd_sc_hd__dfxtp_4)
    12    0.06                           u_imem.addr[4] (net)
                  0.09    0.00    0.84 v u_pc_next_logic._0940_/A (sky130_fd_sc_hd__nand2_1)
                  0.10    0.12    0.96 ^ u_pc_next_logic._0940_/Y (sky130_fd_sc_hd__nand2_1)
     3    0.01                           u_pc_next_logic._0191_ (net)
                  0.10    0.00    0.96 ^ u_pc_next_logic._0965_/B1 (sky130_fd_sc_hd__o21a_1)
                  0.10    0.17    1.13 ^ u_pc_next_logic._0965_/X (sky130_fd_sc_hd__o21a_1)
     3    0.01                           u_pc_next_logic._0215_ (net)
                  0.10    0.00    1.13 ^ u_pc_next_logic._0966_/B (sky130_fd_sc_hd__nand2_1)
                  0.03    0.06    1.19 v u_pc_next_logic._0966_/Y (sky130_fd_sc_hd__nand2_1)
     1    0.00                           u_pc_next_logic._0216_ (net)
                  0.03    0.00    1.19 v u_pc_next_logic._0975_/A1_N (sky130_fd_sc_hd__o2bb2a_2)
                  0.12    0.30    1.49 ^ u_pc_next_logic._0975_/X (sky130_fd_sc_hd__o2bb2a_2)
     1    0.02                           u_pc_next_logic._0225_ (net)
                  0.12    0.00    1.49 ^ u_pc_next_logic._0976_/A1 (sky130_fd_sc_hd__mux2_1)
                  0.04    0.14    1.63 ^ u_pc_next_logic._0976_/X (sky130_fd_sc_hd__mux2_1)
     1    0.00                           u_pc_next_logic._0226_ (net)
                  0.04    0.00    1.63 ^ u_pc_next_logic._0977_/A (sky130_fd_sc_hd__clkbuf_1)
                  0.04    0.07    1.71 ^ u_pc_next_logic._0977_/X (sky130_fd_sc_hd__clkbuf_1)
     1    0.00                           u_pc_next_logic.pc_next[5] (net)
                  0.04    0.00    1.71 ^ u_pc_reg._078_/B (sky130_fd_sc_hd__and2_1)
                  0.05    0.11    1.82 ^ u_pc_reg._078_/X (sky130_fd_sc_hd__and2_1)
     1    0.00                           u_pc_reg._055_ (net)
                  0.05    0.00    1.82 ^ u_pc_reg._079_/A (sky130_fd_sc_hd__clkbuf_1)
                  0.03    0.07    1.89 ^ u_pc_reg._079_/X (sky130_fd_sc_hd__clkbuf_1)
     1    0.00                           u_pc_reg._005_ (net)
                  0.03    0.00    1.89 ^ u_pc_reg._139_/D (sky130_fd_sc_hd__dfxtp_1)
                                  1.89   data arrival time

                          0.00    0.00   clock clk (rise edge)
                          0.00    0.00   clock source latency
                  0.00    0.00    0.00 ^ clk (in)
     1    0.13                           clk (net)
                  0.00    0.00    0.00 ^ clkbuf_0_clk/A (sky130_fd_sc_hd__clkbuf_16)
                  0.08    0.14    0.14 ^ clkbuf_0_clk/X (sky130_fd_sc_hd__clkbuf_16)
     4    0.06                           clknet_0_clk (net)
                  0.08    0.00    0.14 ^ clkbuf_2_1_0_clk/A (sky130_fd_sc_hd__clkbuf_8)
                  0.21    0.26    0.40 ^ clkbuf_2_1_0_clk/X (sky130_fd_sc_hd__clkbuf_8)
     7    0.12                           clknet_2_1_0_clk (net)
                  0.21    0.00    0.40 ^ u_pc_reg._139_/CLK (sky130_fd_sc_hd__dfxtp_1)
                          0.20    0.60   clock uncertainty
                          0.00    0.60   clock reconvergence pessimism
                         -0.01    0.60   library hold time
                                  0.60   data required time
-----------------------------------------------------------------------------
                                  0.60   data required time
                                 -1.89   data arrival time
-----------------------------------------------------------------------------
                                  1.29   slack (MET)


Startpoint: u_pc_reg._158_ (rising edge-triggered flip-flop clocked by clk)
Endpoint: u_pc_reg._160_ (rising edge-triggered flip-flop clocked by clk)
Path Group: clk
Path Type: min

Fanout     Cap    Slew   Delay    Time   Description
-----------------------------------------------------------------------------
                          0.00    0.00   clock clk (rise edge)
                          0.00    0.00   clock source latency
                  0.00    0.00    0.00 ^ clk (in)
     1    0.13                           clk (net)
                  0.00    0.00    0.00 ^ clkbuf_0_clk/A (sky130_fd_sc_hd__clkbuf_16)
                  0.08    0.14    0.14 ^ clkbuf_0_clk/X (sky130_fd_sc_hd__clkbuf_16)
     4    0.06                           clknet_0_clk (net)
                  0.08    0.00    0.14 ^ clkbuf_2_2_0_clk/A (sky130_fd_sc_hd__clkbuf_8)
                  0.14    0.21    0.36 ^ clkbuf_2_2_0_clk/X (sky130_fd_sc_hd__clkbuf_8)
    14    0.08                           clknet_2_2_0_clk (net)
                  0.14    0.00    0.36 ^ u_pc_reg._158_/CLK (sky130_fd_sc_hd__dfxtp_4)
                  0.14    0.47    0.83 v u_pc_reg._158_/Q (sky130_fd_sc_hd__dfxtp_4)
    12    0.10                           u_imem.addr[24] (net)
                  0.14    0.00    0.83 v u_pc_next_logic._1420_/A (sky130_fd_sc_hd__nand2_1)
                  0.13    0.16    0.99 ^ u_pc_next_logic._1420_/Y (sky130_fd_sc_hd__nand2_1)
     4    0.01                           u_pc_next_logic._0651_ (net)
                  0.13    0.00    0.99 ^ u_pc_next_logic._1486_/A1 (sky130_fd_sc_hd__a31o_1)
                  0.10    0.20    1.18 ^ u_pc_next_logic._1486_/X (sky130_fd_sc_hd__a31o_1)
     2    0.01                           u_pc_next_logic._0715_ (net)
                  0.10    0.00    1.18 ^ u_pc_next_logic._1487_/B (sky130_fd_sc_hd__xor2_1)
                  0.11    0.16    1.34 ^ u_pc_next_logic._1487_/X (sky130_fd_sc_hd__xor2_1)
     1    0.00                           u_pc_next_logic._0716_ (net)
                  0.11    0.00    1.34 ^ u_pc_next_logic._1488_/A1 (sky130_fd_sc_hd__mux2_2)
                  0.12    0.23    1.57 ^ u_pc_next_logic._1488_/X (sky130_fd_sc_hd__mux2_2)
     1    0.02                           u_pc_next_logic._0717_ (net)
                  0.12    0.00    1.57 ^ u_pc_next_logic._1494_/A0 (sky130_fd_sc_hd__mux2_1)
                  0.04    0.14    1.71 ^ u_pc_next_logic._1494_/X (sky130_fd_sc_hd__mux2_1)
     1    0.00                           u_pc_next_logic._0723_ (net)
                  0.04    0.00    1.71 ^ u_pc_next_logic._1495_/A (sky130_fd_sc_hd__clkbuf_1)
                  0.04    0.07    1.78 ^ u_pc_next_logic._1495_/X (sky130_fd_sc_hd__clkbuf_1)
     1    0.00                           u_pc_next_logic.pc_next[26] (net)
                  0.04    0.00    1.78 ^ u_pc_reg._122_/B (sky130_fd_sc_hd__and2_1)
                  0.05    0.11    1.89 ^ u_pc_reg._122_/X (sky130_fd_sc_hd__and2_1)
     1    0.00                           u_pc_reg._043_ (net)
                  0.05    0.00    1.89 ^ u_pc_reg._123_/A (sky130_fd_sc_hd__clkbuf_1)
                  0.03    0.07    1.96 ^ u_pc_reg._123_/X (sky130_fd_sc_hd__clkbuf_1)
     1    0.00                           u_pc_reg._026_ (net)
                  0.03    0.00    1.96 ^ u_pc_reg._160_/D (sky130_fd_sc_hd__dfxtp_4)
                                  1.96   data arrival time

                          0.00    0.00   clock clk (rise edge)
                          0.00    0.00   clock source latency
                  0.00    0.00    0.00 ^ clk (in)
     1    0.13                           clk (net)
                  0.00    0.00    0.00 ^ clkbuf_0_clk/A (sky130_fd_sc_hd__clkbuf_16)
                  0.08    0.14    0.14 ^ clkbuf_0_clk/X (sky130_fd_sc_hd__clkbuf_16)
     4    0.06                           clknet_0_clk (net)
                  0.08    0.00    0.14 ^ clkbuf_2_3_0_clk/A (sky130_fd_sc_hd__clkbuf_8)
                  0.28    0.31    0.46 ^ clkbuf_2_3_0_clk/X (sky130_fd_sc_hd__clkbuf_8)
    10    0.16                           clknet_2_3_0_clk (net)
                  0.28    0.00    0.46 ^ u_pc_reg._160_/CLK (sky130_fd_sc_hd__dfxtp_4)
                          0.20    0.66   clock uncertainty
                          0.00    0.66   clock reconvergence pessimism
                          0.00    0.66   library hold time
                                  0.66   data required time
-----------------------------------------------------------------------------
                                  0.66   data required time
                                 -1.96   data arrival time
-----------------------------------------------------------------------------
                                  1.31   slack (MET)


Startpoint: u_pc_reg._154_ (rising edge-triggered flip-flop clocked by clk)
Endpoint: u_pc_reg._154_ (rising edge-triggered flip-flop clocked by clk)
Path Group: clk
Path Type: min

Fanout     Cap    Slew   Delay    Time   Description
-----------------------------------------------------------------------------
                          0.00    0.00   clock clk (rise edge)
                          0.00    0.00   clock source latency
                  0.00    0.00    0.00 ^ clk (in)
     1    0.13                           clk (net)
                  0.00    0.00    0.00 ^ clkbuf_0_clk/A (sky130_fd_sc_hd__clkbuf_16)
                  0.08    0.14    0.14 ^ clkbuf_0_clk/X (sky130_fd_sc_hd__clkbuf_16)
     4    0.06                           clknet_0_clk (net)
                  0.08    0.00    0.14 ^ clkbuf_2_2_0_clk/A (sky130_fd_sc_hd__clkbuf_8)
                  0.14    0.21    0.36 ^ clkbuf_2_2_0_clk/X (sky130_fd_sc_hd__clkbuf_8)
    14    0.08                           clknet_2_2_0_clk (net)
                  0.14    0.00    0.36 ^ u_pc_reg._154_/CLK (sky130_fd_sc_hd__dfxtp_4)
                  0.14    0.47    0.83 v u_pc_reg._154_/Q (sky130_fd_sc_hd__dfxtp_4)
    13    0.10                           u_imem.addr[20] (net)
                  0.14    0.01    0.84 v u_pc_next_logic._0817_/A (sky130_fd_sc_hd__xor2_2)
                  0.18    0.26    1.10 ^ u_pc_next_logic._0817_/X (sky130_fd_sc_hd__xor2_2)
     2    0.01                           u_pc_next_logic.pc_plus4[20] (net)
                  0.18    0.00    1.10 ^ u_pc_next_logic._1326_/A1 (sky130_fd_sc_hd__a22o_1)
                  0.04    0.17    1.26 ^ u_pc_next_logic._1326_/X (sky130_fd_sc_hd__a22o_1)
     1    0.00                           u_pc_next_logic._0561_ (net)
                  0.04    0.00    1.26 ^ u_pc_next_logic._1337_/A0 (sky130_fd_sc_hd__mux2_1)
                  0.12    0.18    1.44 ^ u_pc_next_logic._1337_/X (sky130_fd_sc_hd__mux2_1)
     1    0.01                           u_pc_next_logic._0572_ (net)
                  0.12    0.00    1.44 ^ u_pc_next_logic._1349_/A0 (sky130_fd_sc_hd__mux2_1)
                  0.04    0.14    1.58 ^ u_pc_next_logic._1349_/X (sky130_fd_sc_hd__mux2_1)
     1    0.00                           u_pc_next_logic._0584_ (net)
                  0.04    0.00    1.58 ^ u_pc_next_logic._1350_/A (sky130_fd_sc_hd__clkbuf_1)
                  0.04    0.08    1.66 ^ u_pc_next_logic._1350_/X (sky130_fd_sc_hd__clkbuf_1)
     1    0.00                           u_pc_next_logic.pc_next[20] (net)
                  0.04    0.00    1.66 ^ u_pc_reg._109_/B (sky130_fd_sc_hd__and2_1)
                  0.05    0.12    1.78 ^ u_pc_reg._109_/X (sky130_fd_sc_hd__and2_1)
     1    0.00                           u_pc_reg._036_ (net)
                  0.05    0.00    1.78 ^ u_pc_reg._110_/A (sky130_fd_sc_hd__clkbuf_1)
                  0.04    0.08    1.86 ^ u_pc_reg._110_/X (sky130_fd_sc_hd__clkbuf_1)
     1    0.00                           u_pc_reg._020_ (net)
                  0.04    0.00    1.86 ^ u_pc_reg._154_/D (sky130_fd_sc_hd__dfxtp_4)
                                  1.86   data arrival time

                          0.00    0.00   clock clk (rise edge)
                          0.00    0.00   clock source latency
                  0.00    0.00    0.00 ^ clk (in)
     1    0.13                           clk (net)
                  0.00    0.00    0.00 ^ clkbuf_0_clk/A (sky130_fd_sc_hd__clkbuf_16)
                  0.08    0.14    0.14 ^ clkbuf_0_clk/X (sky130_fd_sc_hd__clkbuf_16)
     4    0.06                           clknet_0_clk (net)
                  0.08    0.00    0.14 ^ clkbuf_2_2_0_clk/A (sky130_fd_sc_hd__clkbuf_8)
                  0.14    0.21    0.36 ^ clkbuf_2_2_0_clk/X (sky130_fd_sc_hd__clkbuf_8)
    14    0.08                           clknet_2_2_0_clk (net)
                  0.14    0.00    0.36 ^ u_pc_reg._154_/CLK (sky130_fd_sc_hd__dfxtp_4)
                          0.20    0.56   clock uncertainty
                          0.00    0.56   clock reconvergence pessimism
                         -0.02    0.54   library hold time
                                  0.54   data required time
-----------------------------------------------------------------------------
                                  0.54   data required time
                                 -1.86   data arrival time
-----------------------------------------------------------------------------
                                  1.32   slack (MET)


Startpoint: u_pc_reg._139_ (rising edge-triggered flip-flop clocked by clk)
Endpoint: u_regfile.u_sram_rs1 (falling edge-triggered flip-flop clocked by clk)
Path Group: clk
Path Type: min

Fanout     Cap    Slew   Delay    Time   Description
-----------------------------------------------------------------------------
                          0.00    0.00   clock clk (rise edge)
                          0.00    0.00   clock source latency
                  0.00    0.00    0.00 ^ clk (in)
     1    0.13                           clk (net)
                  0.00    0.00    0.00 ^ clkbuf_0_clk/A (sky130_fd_sc_hd__clkbuf_16)
                  0.08    0.14    0.14 ^ clkbuf_0_clk/X (sky130_fd_sc_hd__clkbuf_16)
     4    0.06                           clknet_0_clk (net)
                  0.08    0.00    0.14 ^ clkbuf_2_1_0_clk/A (sky130_fd_sc_hd__clkbuf_8)
                  0.21    0.26    0.40 ^ clkbuf_2_1_0_clk/X (sky130_fd_sc_hd__clkbuf_8)
     7    0.12                           clknet_2_1_0_clk (net)
                  0.21    0.00    0.40 ^ u_pc_reg._139_/CLK (sky130_fd_sc_hd__dfxtp_1)
                  0.06    0.37    0.78 ^ u_pc_reg._139_/Q (sky130_fd_sc_hd__dfxtp_1)
     1    0.01                           u_imem.addr[5] (net)
                  0.06    0.00    0.78 ^ wire131/A (sky130_fd_sc_hd__clkbuf_8)
                  0.13    0.19    0.97 ^ wire131/X (sky130_fd_sc_hd__clkbuf_8)
    13    0.07                           net131 (net)
                  0.13    0.01    0.98 ^ u_pc_next_logic._0778_/A (sky130_fd_sc_hd__nor2_1)
                  0.03    0.06    1.05 v u_pc_next_logic._0778_/Y (sky130_fd_sc_hd__nor2_1)
     1    0.00                           u_pc_next_logic._0060_ (net)
                  0.03    0.00    1.05 v u_pc_next_logic._0779_/B (sky130_fd_sc_hd__nor2_1)
                  0.20    0.17    1.21 ^ u_pc_next_logic._0779_/Y (sky130_fd_sc_hd__nor2_1)
     2    0.01                           u_pc_next_logic.pc_plus4[5] (net)
                  0.20    0.00    1.21 ^ u_wb_mux._111_/A1 (sky130_fd_sc_hd__a22o_1)
                  0.07    0.19    1.40 ^ u_wb_mux._111_/X (sky130_fd_sc_hd__a22o_1)
     1    0.01                           u_wb_mux._021_ (net)
                  0.07    0.00    1.40 ^ u_wb_mux._113_/B1 (sky130_fd_sc_hd__a211o_4)
                  0.54    0.44    1.84 ^ u_wb_mux._113_/X (sky130_fd_sc_hd__a211o_4)
     3    0.20                           u_regfile.wd[5] (net)
                  0.72    0.03    1.87 ^ u_regfile.u_sram_rs1/din0[5] (sky130_sram_1kbyte_1rw1r_32x256_8)
                                  1.87   data arrival time

                          0.00    0.00   clock clk (rise edge)
                          0.00    0.00   clock source latency
                  0.00    0.00    0.00 ^ clk (in)
     1    0.13                           clk (net)
                  0.00    0.00    0.00 ^ clkbuf_0_clk/A (sky130_fd_sc_hd__clkbuf_16)
                  0.08    0.14    0.14 ^ clkbuf_0_clk/X (sky130_fd_sc_hd__clkbuf_16)
     4    0.06                           clknet_0_clk (net)
                  0.08    0.00    0.14 ^ clkbuf_2_0_0_clk/A (sky130_fd_sc_hd__clkbuf_8)
                  0.19    0.25    0.39 ^ clkbuf_2_0_0_clk/X (sky130_fd_sc_hd__clkbuf_8)
     9    0.11                           clknet_2_0_0_clk (net)
                  0.26    0.00    0.39 ^ u_regfile.u_sram_rs1/clk0 (sky130_sram_1kbyte_1rw1r_32x256_8)
                          0.20    0.59   clock uncertainty
                          0.00    0.59   clock reconvergence pessimism
                         -0.06    0.54   library hold time
                                  0.54   data required time
-----------------------------------------------------------------------------
                                  0.54   data required time
                                 -1.87   data arrival time
-----------------------------------------------------------------------------
                                  1.33   slack (MET)


Startpoint: u_pc_reg._139_ (rising edge-triggered flip-flop clocked by clk)
Endpoint: u_regfile.u_sram_rs2 (falling edge-triggered flip-flop clocked by clk)
Path Group: clk
Path Type: min

Fanout     Cap    Slew   Delay    Time   Description
-----------------------------------------------------------------------------
                          0.00    0.00   clock clk (rise edge)
                          0.00    0.00   clock source latency
                  0.00    0.00    0.00 ^ clk (in)
     1    0.13                           clk (net)
                  0.00    0.00    0.00 ^ clkbuf_0_clk/A (sky130_fd_sc_hd__clkbuf_16)
                  0.08    0.14    0.14 ^ clkbuf_0_clk/X (sky130_fd_sc_hd__clkbuf_16)
     4    0.06                           clknet_0_clk (net)
                  0.08    0.00    0.14 ^ clkbuf_2_1_0_clk/A (sky130_fd_sc_hd__clkbuf_8)
                  0.21    0.26    0.40 ^ clkbuf_2_1_0_clk/X (sky130_fd_sc_hd__clkbuf_8)
     7    0.12                           clknet_2_1_0_clk (net)
                  0.21    0.00    0.40 ^ u_pc_reg._139_/CLK (sky130_fd_sc_hd__dfxtp_1)
                  0.06    0.37    0.78 ^ u_pc_reg._139_/Q (sky130_fd_sc_hd__dfxtp_1)
     1    0.01                           u_imem.addr[5] (net)
                  0.06    0.00    0.78 ^ wire131/A (sky130_fd_sc_hd__clkbuf_8)
                  0.13    0.19    0.97 ^ wire131/X (sky130_fd_sc_hd__clkbuf_8)
    13    0.07                           net131 (net)
                  0.13    0.01    0.98 ^ u_pc_next_logic._0778_/A (sky130_fd_sc_hd__nor2_1)
                  0.03    0.06    1.05 v u_pc_next_logic._0778_/Y (sky130_fd_sc_hd__nor2_1)
     1    0.00                           u_pc_next_logic._0060_ (net)
                  0.03    0.00    1.05 v u_pc_next_logic._0779_/B (sky130_fd_sc_hd__nor2_1)
                  0.20    0.17    1.21 ^ u_pc_next_logic._0779_/Y (sky130_fd_sc_hd__nor2_1)
     2    0.01                           u_pc_next_logic.pc_plus4[5] (net)
                  0.20    0.00    1.21 ^ u_wb_mux._111_/A1 (sky130_fd_sc_hd__a22o_1)
                  0.07    0.19    1.40 ^ u_wb_mux._111_/X (sky130_fd_sc_hd__a22o_1)
     1    0.01                           u_wb_mux._021_ (net)
                  0.07    0.00    1.40 ^ u_wb_mux._113_/B1 (sky130_fd_sc_hd__a211o_4)
                  0.54    0.44    1.84 ^ u_wb_mux._113_/X (sky130_fd_sc_hd__a211o_4)
     3    0.20                           u_regfile.wd[5] (net)
                  0.72    0.02    1.86 ^ u_regfile.u_sram_rs2/din0[5] (sky130_sram_1kbyte_1rw1r_32x256_8)
                                  1.86   data arrival time

                          0.00    0.00   clock clk (rise edge)
                          0.00    0.00   clock source latency
                  0.00    0.00    0.00 ^ clk (in)
     1    0.13                           clk (net)
                  0.00    0.00    0.00 ^ clkbuf_0_clk/A (sky130_fd_sc_hd__clkbuf_16)
                  0.08    0.14    0.14 ^ clkbuf_0_clk/X (sky130_fd_sc_hd__clkbuf_16)
     4    0.06                           clknet_0_clk (net)
                  0.08    0.00    0.14 ^ clkbuf_2_2_0_clk/A (sky130_fd_sc_hd__clkbuf_8)
                  0.14    0.21    0.36 ^ clkbuf_2_2_0_clk/X (sky130_fd_sc_hd__clkbuf_8)
    14    0.08                           clknet_2_2_0_clk (net)
                  0.19    0.00    0.36 ^ u_regfile.u_sram_rs2/clk0 (sky130_sram_1kbyte_1rw1r_32x256_8)
                          0.20    0.56   clock uncertainty
                          0.00    0.56   clock reconvergence pessimism
                         -0.06    0.50   library hold time
                                  0.50   data required time
-----------------------------------------------------------------------------
                                  0.50   data required time
                                 -1.86   data arrival time
-----------------------------------------------------------------------------
                                  1.36   slack (MET)


Startpoint: u_pc_reg._138_ (rising edge-triggered flip-flop clocked by clk)
Endpoint: u_dmem.u_sram (falling edge-triggered flip-flop clocked by clk)
Path Group: clk
Path Type: min

Fanout     Cap    Slew   Delay    Time   Description
-----------------------------------------------------------------------------
                          0.00    0.00   clock clk (rise edge)
                          0.00    0.00   clock source latency
                  0.00    0.00    0.00 ^ clk (in)
     1    0.13                           clk (net)
                  0.00    0.00    0.00 ^ clkbuf_0_clk/A (sky130_fd_sc_hd__clkbuf_16)
                  0.08    0.14    0.14 ^ clkbuf_0_clk/X (sky130_fd_sc_hd__clkbuf_16)
     4    0.06                           clknet_0_clk (net)
                  0.08    0.00    0.14 ^ clkbuf_2_0_0_clk/A (sky130_fd_sc_hd__clkbuf_8)
                  0.19    0.25    0.39 ^ clkbuf_2_0_0_clk/X (sky130_fd_sc_hd__clkbuf_8)
     9    0.11                           clknet_2_0_0_clk (net)
                  0.19    0.00    0.39 ^ u_pc_reg._138_/CLK (sky130_fd_sc_hd__dfxtp_4)
                  0.18    0.49    0.89 ^ u_pc_reg._138_/Q (sky130_fd_sc_hd__dfxtp_4)
    12    0.06                           u_imem.addr[4] (net)
                  0.18    0.00    0.89 ^ wire133/A (sky130_fd_sc_hd__buf_2)
                  0.08    0.18    1.06 ^ wire133/X (sky130_fd_sc_hd__buf_2)
     2    0.01                           net133 (net)
                  0.08    0.00    1.06 ^ _380_/A1 (sky130_fd_sc_hd__mux2_1)
                  0.05    0.14    1.20 ^ _380_/X (sky130_fd_sc_hd__mux2_1)
     1    0.00                           _077_ (net)
                  0.05    0.00    1.20 ^ _381_/A (sky130_fd_sc_hd__clkbuf_4)
                  0.13    0.20    1.39 ^ _381_/X (sky130_fd_sc_hd__clkbuf_4)
     4    0.04                           u_alu.A[4] (net)
                  0.13    0.01    1.40 ^ u_alu._1204_/B (sky130_fd_sc_hd__nor2_1)
                  0.05    0.08    1.48 v u_alu._1204_/Y (sky130_fd_sc_hd__nor2_1)
     2    0.01                           u_alu._0327_ (net)
                  0.05    0.00    1.48 v u_alu._2126_/B1 (sky130_fd_sc_hd__a21o_1)
                  0.03    0.15    1.63 v u_alu._2126_/X (sky130_fd_sc_hd__a21o_1)
     1    0.00                           u_alu._0116_ (net)
                  0.03    0.00    1.63 v u_alu._2127_/B1 (sky130_fd_sc_hd__o31ai_1)
                  0.06    0.06    1.68 ^ u_alu._2127_/Y (sky130_fd_sc_hd__o31ai_1)
     1    0.00                           u_alu._0117_ (net)
                  0.06    0.00    1.68 ^ u_alu._2128_/C (sky130_fd_sc_hd__or3_1)
                  0.05    0.10    1.78 ^ u_alu._2128_/X (sky130_fd_sc_hd__or3_1)
     1    0.00                           u_alu._0118_ (net)
                  0.05    0.00    1.78 ^ u_alu._2129_/A (sky130_fd_sc_hd__clkbuf_2)
                  0.09    0.13    1.92 ^ u_alu._2129_/X (sky130_fd_sc_hd__clkbuf_2)
     1    0.01                           u_alu.Result[4] (net)
                  0.09    0.00    1.92 ^ wire109/A (sky130_fd_sc_hd__buf_2)
                  0.10    0.16    2.08 ^ wire109/X (sky130_fd_sc_hd__buf_2)
     2    0.02                           net109 (net)
                  0.10    0.00    2.08 ^ wire108/A (sky130_fd_sc_hd__buf_1)
                  0.10    0.14    2.22 ^ wire108/X (sky130_fd_sc_hd__buf_1)
     1    0.01                           net108 (net)
                  0.14    0.00    2.22 ^ u_dmem.u_sram/addr0[2] (sky130_sram_1kbyte_1rw1r_32x256_8)
                                  2.22   data arrival time

                          0.00    0.00   clock clk (rise edge)
                          0.00    0.00   clock source latency
                  0.00    0.00    0.00 ^ clk (in)
     1    0.13                           clk (net)
                  0.00    0.00    0.00 ^ clkbuf_0_clk/A (sky130_fd_sc_hd__clkbuf_16)
                  0.08    0.14    0.14 ^ clkbuf_0_clk/X (sky130_fd_sc_hd__clkbuf_16)
     4    0.06                           clknet_0_clk (net)
                  0.08    0.00    0.14 ^ clkbuf_2_3_0_clk/A (sky130_fd_sc_hd__clkbuf_8)
                  0.28    0.31    0.46 ^ clkbuf_2_3_0_clk/X (sky130_fd_sc_hd__clkbuf_8)
    10    0.16                           clknet_2_3_0_clk (net)
                  0.37    0.00    0.46 ^ u_dmem.u_sram/clk0 (sky130_sram_1kbyte_1rw1r_32x256_8)
                          0.20    0.66   clock uncertainty
                          0.00    0.66   clock reconvergence pessimism
                         -0.06    0.60   library hold time
                                  0.60   data required time
-----------------------------------------------------------------------------
                                  0.60   data required time
                                 -2.22   data arrival time
-----------------------------------------------------------------------------
                                  1.62   slack (MET)


Startpoint: u_pc_reg._143_ (rising edge-triggered flip-flop clocked by clk)
Endpoint: u_dmem.u_sram (falling edge-triggered flip-flop clocked by clk)
Path Group: clk
Path Type: min

Fanout     Cap    Slew   Delay    Time   Description
-----------------------------------------------------------------------------
                          0.00    0.00   clock clk (rise edge)
                          0.00    0.00   clock source latency
                  0.00    0.00    0.00 ^ clk (in)
     1    0.13                           clk (net)
                  0.00    0.00    0.00 ^ clkbuf_0_clk/A (sky130_fd_sc_hd__clkbuf_16)
                  0.08    0.14    0.14 ^ clkbuf_0_clk/X (sky130_fd_sc_hd__clkbuf_16)
     4    0.06                           clknet_0_clk (net)
                  0.08    0.00    0.14 ^ clkbuf_2_0_0_clk/A (sky130_fd_sc_hd__clkbuf_8)
                  0.19    0.25    0.39 ^ clkbuf_2_0_0_clk/X (sky130_fd_sc_hd__clkbuf_8)
     9    0.11                           clknet_2_0_0_clk (net)
                  0.19    0.00    0.39 ^ u_pc_reg._143_/CLK (sky130_fd_sc_hd__dfxtp_4)
                  0.19    0.50    0.90 ^ u_pc_reg._143_/Q (sky130_fd_sc_hd__dfxtp_4)
    14    0.07                           u_imem.addr[9] (net)
                  0.19    0.00    0.90 ^ wire119/A (sky130_fd_sc_hd__clkbuf_2)
                  0.07    0.17    1.07 ^ wire119/X (sky130_fd_sc_hd__clkbuf_2)
     2    0.01                           net119 (net)
                  0.07    0.00    1.07 ^ _390_/A1 (sky130_fd_sc_hd__mux2_1)
                  0.08    0.16    1.23 ^ _390_/X (sky130_fd_sc_hd__mux2_1)
     1    0.01                           _082_ (net)
                  0.08    0.00    1.23 ^ _391_/A (sky130_fd_sc_hd__clkbuf_4)
                  0.14    0.22    1.44 ^ _391_/X (sky130_fd_sc_hd__clkbuf_4)
     5    0.05                           u_alu.A[9] (net)
                  0.14    0.00    1.44 ^ u_alu._1319_/A (sky130_fd_sc_hd__nor2_2)
                  0.06    0.09    1.53 v u_alu._1319_/Y (sky130_fd_sc_hd__nor2_2)
     4    0.02                           u_alu._0442_ (net)
                  0.06    0.00    1.53 v u_alu._1328_/A (sky130_fd_sc_hd__inv_2)
                  0.03    0.04    1.58 ^ u_alu._1328_/Y (sky130_fd_sc_hd__inv_2)
     1    0.00                           u_alu._0451_ (net)
                  0.03    0.00    1.58 ^ u_alu._1329_/B (sky130_fd_sc_hd__nand2_1)
                  0.11    0.10    1.68 v u_alu._1329_/Y (sky130_fd_sc_hd__nand2_1)
     5    0.01                           u_alu._0452_ (net)
                  0.11    0.00    1.68 v u_alu._2162_/A (sky130_fd_sc_hd__nand2_1)
                  0.05    0.08    1.76 ^ u_alu._2162_/Y (sky130_fd_sc_hd__nand2_1)
     1    0.00                           u_alu._0152_ (net)
                  0.05    0.00    1.76 ^ u_alu._2176_/A2 (sky130_fd_sc_hd__a31o_1)
                  0.10    0.18    1.94 ^ u_alu._2176_/X (sky130_fd_sc_hd__a31o_1)
     1    0.01                           u_alu.Result[9] (net)
                  0.10    0.00    1.94 ^ wire99/A (sky130_fd_sc_hd__buf_2)
                  0.11    0.17    2.11 ^ wire99/X (sky130_fd_sc_hd__buf_2)
     2    0.02                           net99 (net)
                  0.11    0.00    2.11 ^ wire98/A (sky130_fd_sc_hd__buf_1)
                  0.10    0.14    2.25 ^ wire98/X (sky130_fd_sc_hd__buf_1)
     1    0.01                           net98 (net)
                  0.13    0.00    2.25 ^ u_dmem.u_sram/addr0[7] (sky130_sram_1kbyte_1rw1r_32x256_8)
                                  2.25   data arrival time

                          0.00    0.00   clock clk (rise edge)
                          0.00    0.00   clock source latency
                  0.00    0.00    0.00 ^ clk (in)
     1    0.13                           clk (net)
                  0.00    0.00    0.00 ^ clkbuf_0_clk/A (sky130_fd_sc_hd__clkbuf_16)
                  0.08    0.14    0.14 ^ clkbuf_0_clk/X (sky130_fd_sc_hd__clkbuf_16)
     4    0.06                           clknet_0_clk (net)
                  0.08    0.00    0.14 ^ clkbuf_2_3_0_clk/A (sky130_fd_sc_hd__clkbuf_8)
                  0.28    0.31    0.46 ^ clkbuf_2_3_0_clk/X (sky130_fd_sc_hd__clkbuf_8)
    10    0.16                           clknet_2_3_0_clk (net)
                  0.37    0.00    0.46 ^ u_dmem.u_sram/clk0 (sky130_sram_1kbyte_1rw1r_32x256_8)
                          0.20    0.66   clock uncertainty
                          0.00    0.66   clock reconvergence pessimism
                         -0.06    0.60   library hold time
                                  0.60   data required time
-----------------------------------------------------------------------------
                                  0.60   data required time
                                 -2.25   data arrival time
-----------------------------------------------------------------------------
                                  1.65   slack (MET)


Startpoint: u_pc_reg._141_ (rising edge-triggered flip-flop clocked by clk)
Endpoint: u_dmem.u_sram (falling edge-triggered flip-flop clocked by clk)
Path Group: clk
Path Type: min

Fanout     Cap    Slew   Delay    Time   Description
-----------------------------------------------------------------------------
                          0.00    0.00   clock clk (rise edge)
                          0.00    0.00   clock source latency
                  0.00    0.00    0.00 ^ clk (in)
     1    0.13                           clk (net)
                  0.00    0.00    0.00 ^ clkbuf_0_clk/A (sky130_fd_sc_hd__clkbuf_16)
                  0.08    0.14    0.14 ^ clkbuf_0_clk/X (sky130_fd_sc_hd__clkbuf_16)
     4    0.06                           clknet_0_clk (net)
                  0.08    0.00    0.14 ^ clkbuf_2_1_0_clk/A (sky130_fd_sc_hd__clkbuf_8)
                  0.21    0.26    0.40 ^ clkbuf_2_1_0_clk/X (sky130_fd_sc_hd__clkbuf_8)
     7    0.12                           clknet_2_1_0_clk (net)
                  0.21    0.00    0.40 ^ u_pc_reg._141_/CLK (sky130_fd_sc_hd__dfxtp_4)
                  0.21    0.51    0.92 ^ u_pc_reg._141_/Q (sky130_fd_sc_hd__dfxtp_4)
    12    0.07                           u_imem.addr[7] (net)
                  0.21    0.00    0.92 ^ wire125/A (sky130_fd_sc_hd__dlymetal6s2s_1)
                  0.12    0.19    1.10 ^ wire125/X (sky130_fd_sc_hd__dlymetal6s2s_1)
     2    0.01                           net125 (net)
                  0.12    0.00    1.10 ^ wire124/A (sky130_fd_sc_hd__buf_1)
                  0.11    0.15    1.25 ^ wire124/X (sky130_fd_sc_hd__buf_1)
     2    0.01                           net124 (net)
                  0.11    0.00    1.25 ^ _386_/A1 (sky130_fd_sc_hd__mux2_1)
                  0.04    0.14    1.39 ^ _386_/X (sky130_fd_sc_hd__mux2_1)
     1    0.00                           _080_ (net)
                  0.04    0.00    1.39 ^ _387_/A (sky130_fd_sc_hd__buf_2)
                  0.13    0.17    1.57 ^ _387_/X (sky130_fd_sc_hd__buf_2)
     3    0.03                           u_alu.A[7] (net)
                  0.13    0.00    1.57 ^ u_alu._1212_/A (sky130_fd_sc_hd__or2_2)
                  0.10    0.18    1.75 ^ u_alu._1212_/X (sky130_fd_sc_hd__or2_2)
     5    0.02                           u_alu._0335_ (net)
                  0.10    0.00    1.75 ^ u_alu._2178_/A1 (sky130_fd_sc_hd__a31o_1)
                  0.04    0.14    1.89 ^ u_alu._2178_/X (sky130_fd_sc_hd__a31o_1)
     1    0.00                           u_alu._0169_ (net)
                  0.04    0.00    1.89 ^ u_alu._2189_/A2 (sky130_fd_sc_hd__o21ai_1)
                  0.07    0.08    1.98 v u_alu._2189_/Y (sky130_fd_sc_hd__o21ai_1)
     1    0.01                           u_alu.Result[8] (net)
                  0.07    0.00    1.98 v wire105/A (sky130_fd_sc_hd__buf_2)
                  0.06    0.17    2.14 v wire105/X (sky130_fd_sc_hd__buf_2)
     2    0.02                           net105 (net)
                  0.06    0.00    2.14 v wire104/A (sky130_fd_sc_hd__buf_1)
                  0.05    0.12    2.26 v wire104/X (sky130_fd_sc_hd__buf_1)
     1    0.01                           net104 (net)
                  0.07    0.00    2.26 v u_dmem.u_sram/addr0[6] (sky130_sram_1kbyte_1rw1r_32x256_8)
                                  2.26   data arrival time

                          0.00    0.00   clock clk (rise edge)
                          0.00    0.00   clock source latency
                  0.00    0.00    0.00 ^ clk (in)
     1    0.13                           clk (net)
                  0.00    0.00    0.00 ^ clkbuf_0_clk/A (sky130_fd_sc_hd__clkbuf_16)
                  0.08    0.14    0.14 ^ clkbuf_0_clk/X (sky130_fd_sc_hd__clkbuf_16)
     4    0.06                           clknet_0_clk (net)
                  0.08    0.00    0.14 ^ clkbuf_2_3_0_clk/A (sky130_fd_sc_hd__clkbuf_8)
                  0.28    0.31    0.46 ^ clkbuf_2_3_0_clk/X (sky130_fd_sc_hd__clkbuf_8)
    10    0.16                           clknet_2_3_0_clk (net)
                  0.37    0.00    0.46 ^ u_dmem.u_sram/clk0 (sky130_sram_1kbyte_1rw1r_32x256_8)
                          0.20    0.66   clock uncertainty
                          0.00    0.66   clock reconvergence pessimism
                         -0.06    0.60   library hold time
                                  0.60   data required time
-----------------------------------------------------------------------------
                                  0.60   data required time
                                 -2.26   data arrival time
-----------------------------------------------------------------------------
                                  1.66   slack (MET)


Startpoint: u_pc_reg._138_ (rising edge-triggered flip-flop clocked by clk)
Endpoint: u_dmem.u_sram (falling edge-triggered flip-flop clocked by clk)
Path Group: clk
Path Type: min

Fanout     Cap    Slew   Delay    Time   Description
-----------------------------------------------------------------------------
                          0.00    0.00   clock clk (rise edge)
                          0.00    0.00   clock source latency
                  0.00    0.00    0.00 ^ clk (in)
     1    0.13                           clk (net)
                  0.00    0.00    0.00 ^ clkbuf_0_clk/A (sky130_fd_sc_hd__clkbuf_16)
                  0.08    0.14    0.14 ^ clkbuf_0_clk/X (sky130_fd_sc_hd__clkbuf_16)
     4    0.06                           clknet_0_clk (net)
                  0.08    0.00    0.14 ^ clkbuf_2_0_0_clk/A (sky130_fd_sc_hd__clkbuf_8)
                  0.19    0.25    0.39 ^ clkbuf_2_0_0_clk/X (sky130_fd_sc_hd__clkbuf_8)
     9    0.11                           clknet_2_0_0_clk (net)
                  0.19    0.00    0.39 ^ u_pc_reg._138_/CLK (sky130_fd_sc_hd__dfxtp_4)
                  0.18    0.49    0.89 ^ u_pc_reg._138_/Q (sky130_fd_sc_hd__dfxtp_4)
    12    0.06                           u_imem.addr[4] (net)
                  0.18    0.00    0.89 ^ wire133/A (sky130_fd_sc_hd__buf_2)
                  0.08    0.18    1.06 ^ wire133/X (sky130_fd_sc_hd__buf_2)
     2    0.01                           net133 (net)
                  0.08    0.00    1.06 ^ _380_/A1 (sky130_fd_sc_hd__mux2_1)
                  0.05    0.14    1.20 ^ _380_/X (sky130_fd_sc_hd__mux2_1)
     1    0.00                           _077_ (net)
                  0.05    0.00    1.20 ^ _381_/A (sky130_fd_sc_hd__clkbuf_4)
                  0.13    0.20    1.39 ^ _381_/X (sky130_fd_sc_hd__clkbuf_4)
     4    0.04                           u_alu.A[4] (net)
                  0.13    0.01    1.40 ^ u_alu._1203_/B (sky130_fd_sc_hd__and2_2)
                  0.14    0.24    1.64 ^ u_alu._1203_/X (sky130_fd_sc_hd__and2_2)
     5    0.02                           u_alu._0326_ (net)
                  0.14    0.00    1.64 ^ u_alu._2108_/A1 (sky130_fd_sc_hd__o311a_1)
                  0.06    0.19    1.83 ^ u_alu._2108_/X (sky130_fd_sc_hd__o311a_1)
     1    0.00                           u_alu._0097_ (net)
                  0.06    0.00    1.83 ^ u_alu._2118_/B1 (sky130_fd_sc_hd__a211o_1)
                  0.12    0.16    1.99 ^ u_alu._2118_/X (sky130_fd_sc_hd__a211o_1)
     1    0.01                           u_alu.Result[5] (net)
                  0.12    0.00    1.99 ^ wire103/A (sky130_fd_sc_hd__buf_2)
                  0.10    0.18    2.17 ^ wire103/X (sky130_fd_sc_hd__buf_2)
     2    0.02                           net103 (net)
                  0.10    0.00    2.17 ^ load_slew102/A (sky130_fd_sc_hd__buf_1)
                  0.10    0.14    2.31 ^ load_slew102/X (sky130_fd_sc_hd__buf_1)
     1    0.01                           net102 (net)
                  0.14    0.00    2.31 ^ u_dmem.u_sram/addr0[3] (sky130_sram_1kbyte_1rw1r_32x256_8)
                                  2.31   data arrival time

                          0.00    0.00   clock clk (rise edge)
                          0.00    0.00   clock source latency
                  0.00    0.00    0.00 ^ clk (in)
     1    0.13                           clk (net)
                  0.00    0.00    0.00 ^ clkbuf_0_clk/A (sky130_fd_sc_hd__clkbuf_16)
                  0.08    0.14    0.14 ^ clkbuf_0_clk/X (sky130_fd_sc_hd__clkbuf_16)
     4    0.06                           clknet_0_clk (net)
                  0.08    0.00    0.14 ^ clkbuf_2_3_0_clk/A (sky130_fd_sc_hd__clkbuf_8)
                  0.28    0.31    0.46 ^ clkbuf_2_3_0_clk/X (sky130_fd_sc_hd__clkbuf_8)
    10    0.16                           clknet_2_3_0_clk (net)
                  0.37    0.00    0.46 ^ u_dmem.u_sram/clk0 (sky130_sram_1kbyte_1rw1r_32x256_8)
                          0.20    0.66   clock uncertainty
                          0.00    0.66   clock reconvergence pessimism
                         -0.06    0.60   library hold time
                                  0.60   data required time
-----------------------------------------------------------------------------
                                  0.60   data required time
                                 -2.31   data arrival time
-----------------------------------------------------------------------------
                                  1.70   slack (MET)


Startpoint: u_pc_reg._140_ (rising edge-triggered flip-flop clocked by clk)
Endpoint: u_dmem.u_sram (falling edge-triggered flip-flop clocked by clk)
Path Group: clk
Path Type: min

Fanout     Cap    Slew   Delay    Time   Description
-----------------------------------------------------------------------------
                          0.00    0.00   clock clk (rise edge)
                          0.00    0.00   clock source latency
                  0.00    0.00    0.00 ^ clk (in)
     1    0.13                           clk (net)
                  0.00    0.00    0.00 ^ clkbuf_0_clk/A (sky130_fd_sc_hd__clkbuf_16)
                  0.08    0.14    0.14 ^ clkbuf_0_clk/X (sky130_fd_sc_hd__clkbuf_16)
     4    0.06                           clknet_0_clk (net)
                  0.08    0.00    0.14 ^ clkbuf_2_1_0_clk/A (sky130_fd_sc_hd__clkbuf_8)
                  0.21    0.26    0.40 ^ clkbuf_2_1_0_clk/X (sky130_fd_sc_hd__clkbuf_8)
     7    0.12                           clknet_2_1_0_clk (net)
                  0.21    0.00    0.40 ^ u_pc_reg._140_/CLK (sky130_fd_sc_hd__dfxtp_1)
                  0.12    0.41    0.81 ^ u_pc_reg._140_/Q (sky130_fd_sc_hd__dfxtp_1)
     1    0.01                           u_imem.addr[6] (net)
                  0.12    0.00    0.82 ^ wire128/A (sky130_fd_sc_hd__buf_8)
                  0.14    0.18    1.00 ^ wire128/X (sky130_fd_sc_hd__buf_8)
    12    0.09                           net128 (net)
                  0.14    0.00    1.00 ^ wire127/A (sky130_fd_sc_hd__buf_1)
                  0.10    0.14    1.14 ^ wire127/X (sky130_fd_sc_hd__buf_1)
     2    0.01                           net127 (net)
                  0.10    0.00    1.14 ^ _384_/A1 (sky130_fd_sc_hd__mux2_1)
                  0.05    0.15    1.29 ^ _384_/X (sky130_fd_sc_hd__mux2_1)
     1    0.00                           _079_ (net)
                  0.05    0.00    1.29 ^ _385_/A (sky130_fd_sc_hd__buf_4)
                  0.15    0.19    1.48 ^ _385_/X (sky130_fd_sc_hd__buf_4)
     5    0.05                           u_alu.A[6] (net)
                  0.15    0.01    1.49 ^ u_alu._1209_/A (sky130_fd_sc_hd__nand2_2)
                  0.09    0.12    1.60 v u_alu._1209_/Y (sky130_fd_sc_hd__nand2_2)
     6    0.02                           u_alu._0332_ (net)
                  0.09    0.00    1.60 v u_alu._2143_/A1 (sky130_fd_sc_hd__a21oi_1)
                  0.08    0.13    1.73 ^ u_alu._2143_/Y (sky130_fd_sc_hd__a21oi_1)
     1    0.00                           u_alu._0134_ (net)
                  0.08    0.00    1.73 ^ u_alu._2145_/A (sky130_fd_sc_hd__or2_1)
                  0.04    0.10    1.83 ^ u_alu._2145_/X (sky130_fd_sc_hd__or2_1)
     1    0.00                           u_alu._0136_ (net)
                  0.04    0.00    1.83 ^ u_alu._2146_/C1 (sky130_fd_sc_hd__o211a_1)
                  0.07    0.15    1.98 ^ u_alu._2146_/X (sky130_fd_sc_hd__o211a_1)
     1    0.01                           u_alu._0137_ (net)
                  0.07    0.00    1.98 ^ u_alu._2147_/B1 (sky130_fd_sc_hd__o21ai_2)
                  0.05    0.07    2.05 v u_alu._2147_/Y (sky130_fd_sc_hd__o21ai_2)
     1    0.01                           u_alu.Result[7] (net)
                  0.05    0.00    2.05 v wire101/A (sky130_fd_sc_hd__buf_2)
                  0.06    0.15    2.21 v wire101/X (sky130_fd_sc_hd__buf_2)
     2    0.02                           net101 (net)
                  0.06    0.00    2.21 v wire100/A (sky130_fd_sc_hd__buf_1)
                  0.05    0.12    2.32 v wire100/X (sky130_fd_sc_hd__buf_1)
     1    0.01                           net100 (net)
                  0.07    0.00    2.33 v u_dmem.u_sram/addr0[5] (sky130_sram_1kbyte_1rw1r_32x256_8)
                                  2.33   data arrival time

                          0.00    0.00   clock clk (rise edge)
                          0.00    0.00   clock source latency
                  0.00    0.00    0.00 ^ clk (in)
     1    0.13                           clk (net)
                  0.00    0.00    0.00 ^ clkbuf_0_clk/A (sky130_fd_sc_hd__clkbuf_16)
                  0.08    0.14    0.14 ^ clkbuf_0_clk/X (sky130_fd_sc_hd__clkbuf_16)
     4    0.06                           clknet_0_clk (net)
                  0.08    0.00    0.14 ^ clkbuf_2_3_0_clk/A (sky130_fd_sc_hd__clkbuf_8)
                  0.28    0.31    0.46 ^ clkbuf_2_3_0_clk/X (sky130_fd_sc_hd__clkbuf_8)
    10    0.16                           clknet_2_3_0_clk (net)
                  0.37    0.00    0.46 ^ u_dmem.u_sram/clk0 (sky130_sram_1kbyte_1rw1r_32x256_8)
                          0.20    0.66   clock uncertainty
                          0.00    0.66   clock reconvergence pessimism
                         -0.06    0.60   library hold time
                                  0.60   data required time
-----------------------------------------------------------------------------
                                  0.60   data required time
                                 -2.33   data arrival time
-----------------------------------------------------------------------------
                                  1.72   slack (MET)


Startpoint: u_pc_reg._140_ (rising edge-triggered flip-flop clocked by clk)
Endpoint: u_dmem.u_sram (falling edge-triggered flip-flop clocked by clk)
Path Group: clk
Path Type: min

Fanout     Cap    Slew   Delay    Time   Description
-----------------------------------------------------------------------------
                          0.00    0.00   clock clk (rise edge)
                          0.00    0.00   clock source latency
                  0.00    0.00    0.00 ^ clk (in)
     1    0.13                           clk (net)
                  0.00    0.00    0.00 ^ clkbuf_0_clk/A (sky130_fd_sc_hd__clkbuf_16)
                  0.08    0.14    0.14 ^ clkbuf_0_clk/X (sky130_fd_sc_hd__clkbuf_16)
     4    0.06                           clknet_0_clk (net)
                  0.08    0.00    0.14 ^ clkbuf_2_1_0_clk/A (sky130_fd_sc_hd__clkbuf_8)
                  0.21    0.26    0.40 ^ clkbuf_2_1_0_clk/X (sky130_fd_sc_hd__clkbuf_8)
     7    0.12                           clknet_2_1_0_clk (net)
                  0.21    0.00    0.40 ^ u_pc_reg._140_/CLK (sky130_fd_sc_hd__dfxtp_1)
                  0.12    0.41    0.81 ^ u_pc_reg._140_/Q (sky130_fd_sc_hd__dfxtp_1)
     1    0.01                           u_imem.addr[6] (net)
                  0.12    0.00    0.82 ^ wire128/A (sky130_fd_sc_hd__buf_8)
                  0.14    0.18    1.00 ^ wire128/X (sky130_fd_sc_hd__buf_8)
    12    0.09                           net128 (net)
                  0.14    0.00    1.00 ^ wire127/A (sky130_fd_sc_hd__buf_1)
                  0.10    0.14    1.14 ^ wire127/X (sky130_fd_sc_hd__buf_1)
     2    0.01                           net127 (net)
                  0.10    0.00    1.14 ^ _384_/A1 (sky130_fd_sc_hd__mux2_1)
                  0.05    0.15    1.29 ^ _384_/X (sky130_fd_sc_hd__mux2_1)
     1    0.00                           _079_ (net)
                  0.05    0.00    1.29 ^ _385_/A (sky130_fd_sc_hd__buf_4)
                  0.15    0.19    1.48 ^ _385_/X (sky130_fd_sc_hd__buf_4)
     5    0.05                           u_alu.A[6] (net)
                  0.15    0.01    1.49 ^ u_alu._1210_/A (sky130_fd_sc_hd__or2_1)
                  0.09    0.16    1.65 ^ u_alu._1210_/X (sky130_fd_sc_hd__or2_1)
     2    0.01                           u_alu._0333_ (net)
                  0.09    0.00    1.65 ^ u_alu._2152_/B2 (sky130_fd_sc_hd__a22o_1)
                  0.04    0.13    1.77 ^ u_alu._2152_/X (sky130_fd_sc_hd__a22o_1)
     1    0.00                           u_alu._0142_ (net)
                  0.04    0.00    1.77 ^ u_alu._2159_/A (sky130_fd_sc_hd__or3b_1)
                  0.07    0.12    1.89 ^ u_alu._2159_/X (sky130_fd_sc_hd__or3b_1)
     1    0.01                           u_alu._0150_ (net)
                  0.07    0.00    1.89 ^ u_alu._2160_/B1 (sky130_fd_sc_hd__a31o_1)
                  0.11    0.15    2.04 ^ u_alu._2160_/X (sky130_fd_sc_hd__a31o_1)
     1    0.01                           u_alu.Result[6] (net)
                  0.11    0.00    2.04 ^ wire107/A (sky130_fd_sc_hd__buf_2)
                  0.10    0.17    2.22 ^ wire107/X (sky130_fd_sc_hd__buf_2)
     2    0.02                           net107 (net)
                  0.10    0.00    2.22 ^ wire106/A (sky130_fd_sc_hd__buf_1)
                  0.10    0.14    2.36 ^ wire106/X (sky130_fd_sc_hd__buf_1)
     1    0.01                           net106 (net)
                  0.14    0.00    2.36 ^ u_dmem.u_sram/addr0[4] (sky130_sram_1kbyte_1rw1r_32x256_8)
                                  2.36   data arrival time

                          0.00    0.00   clock clk (rise edge)
                          0.00    0.00   clock source latency
                  0.00    0.00    0.00 ^ clk (in)
     1    0.13                           clk (net)
                  0.00    0.00    0.00 ^ clkbuf_0_clk/A (sky130_fd_sc_hd__clkbuf_16)
                  0.08    0.14    0.14 ^ clkbuf_0_clk/X (sky130_fd_sc_hd__clkbuf_16)
     4    0.06                           clknet_0_clk (net)
                  0.08    0.00    0.14 ^ clkbuf_2_3_0_clk/A (sky130_fd_sc_hd__clkbuf_8)
                  0.28    0.31    0.46 ^ clkbuf_2_3_0_clk/X (sky130_fd_sc_hd__clkbuf_8)
    10    0.16                           clknet_2_3_0_clk (net)
                  0.37    0.00    0.46 ^ u_dmem.u_sram/clk0 (sky130_sram_1kbyte_1rw1r_32x256_8)
                          0.20    0.66   clock uncertainty
                          0.00    0.66   clock reconvergence pessimism
                         -0.06    0.60   library hold time
                                  0.60   data required time
-----------------------------------------------------------------------------
                                  0.60   data required time
                                 -2.36   data arrival time
-----------------------------------------------------------------------------
                                  1.76   slack (MET)


Startpoint: u_pc_reg._155_ (rising edge-triggered flip-flop clocked by clk)
Endpoint: u_dmem.u_sram (falling edge-triggered flip-flop clocked by clk)
Path Group: clk
Path Type: min

Fanout     Cap    Slew   Delay    Time   Description
-----------------------------------------------------------------------------
                          0.00    0.00   clock clk (rise edge)
                          0.00    0.00   clock source latency
                  0.00    0.00    0.00 ^ clk (in)
     1    0.13                           clk (net)
                  0.00    0.00    0.00 ^ clkbuf_0_clk/A (sky130_fd_sc_hd__clkbuf_16)
                  0.08    0.14    0.14 ^ clkbuf_0_clk/X (sky130_fd_sc_hd__clkbuf_16)
     4    0.06                           clknet_0_clk (net)
                  0.08    0.00    0.14 ^ clkbuf_2_2_0_clk/A (sky130_fd_sc_hd__clkbuf_8)
                  0.14    0.21    0.36 ^ clkbuf_2_2_0_clk/X (sky130_fd_sc_hd__clkbuf_8)
    14    0.08                           clknet_2_2_0_clk (net)
                  0.14    0.00    0.36 ^ u_pc_reg._155_/CLK (sky130_fd_sc_hd__dfxtp_4)
                  0.23    0.52    0.87 ^ u_pc_reg._155_/Q (sky130_fd_sc_hd__dfxtp_4)
    12    0.08                           u_imem.addr[21] (net)
                  0.23    0.01    0.88 ^ _416_/A1 (sky130_fd_sc_hd__mux2_1)
                  0.05    0.18    1.06 ^ _416_/X (sky130_fd_sc_hd__mux2_1)
     1    0.00                           _096_ (net)
                  0.05    0.00    1.06 ^ _417_/A (sky130_fd_sc_hd__buf_4)
                  0.16    0.19    1.25 ^ _417_/X (sky130_fd_sc_hd__buf_4)
     5    0.06                           u_alu.A[21] (net)
                  0.16    0.02    1.27 ^ u_alu._1389_/A2 (sky130_fd_sc_hd__mux4_2)
                  0.11    0.32    1.59 ^ u_alu._1389_/X (sky130_fd_sc_hd__mux4_2)
     5    0.02                           u_alu._0511_ (net)
                  0.11    0.00    1.59 ^ u_alu._1584_/A3 (sky130_fd_sc_hd__mux4_1)
                  0.06    0.23    1.82 ^ u_alu._1584_/X (sky130_fd_sc_hd__mux4_1)
     1    0.00                           u_alu._0702_ (net)
                  0.06    0.00    1.82 ^ u_alu._1585_/B1 (sky130_fd_sc_hd__a22o_2)
                  0.13    0.20    2.02 ^ u_alu._1585_/X (sky130_fd_sc_hd__a22o_2)
     2    0.02                           u_alu._0703_ (net)
                  0.13    0.00    2.02 ^ u_alu._2086_/A2 (sky130_fd_sc_hd__a211o_2)
                  0.10    0.20    2.22 ^ u_alu._2086_/X (sky130_fd_sc_hd__a211o_2)
     1    0.02                           u_alu.Result[3] (net)
                  0.10    0.00    2.22 ^ wire113/A (sky130_fd_sc_hd__clkbuf_4)
                  0.07    0.17    2.39 ^ wire113/X (sky130_fd_sc_hd__clkbuf_4)
     2    0.02                           net113 (net)
                  0.07    0.00    2.39 ^ load_slew112/A (sky130_fd_sc_hd__buf_1)
                  0.10    0.13    2.52 ^ load_slew112/X (sky130_fd_sc_hd__buf_1)
     1    0.01                           net112 (net)
                  0.14    0.00    2.52 ^ u_dmem.u_sram/addr0[1] (sky130_sram_1kbyte_1rw1r_32x256_8)
                                  2.52   data arrival time

                          0.00    0.00   clock clk (rise edge)
                          0.00    0.00   clock source latency
                  0.00    0.00    0.00 ^ clk (in)
     1    0.13                           clk (net)
                  0.00    0.00    0.00 ^ clkbuf_0_clk/A (sky130_fd_sc_hd__clkbuf_16)
                  0.08    0.14    0.14 ^ clkbuf_0_clk/X (sky130_fd_sc_hd__clkbuf_16)
     4    0.06                           clknet_0_clk (net)
                  0.08    0.00    0.14 ^ clkbuf_2_3_0_clk/A (sky130_fd_sc_hd__clkbuf_8)
                  0.28    0.31    0.46 ^ clkbuf_2_3_0_clk/X (sky130_fd_sc_hd__clkbuf_8)
    10    0.16                           clknet_2_3_0_clk (net)
                  0.37    0.00    0.46 ^ u_dmem.u_sram/clk0 (sky130_sram_1kbyte_1rw1r_32x256_8)
                          0.20    0.66   clock uncertainty
                          0.00    0.66   clock reconvergence pessimism
                         -0.06    0.60   library hold time
                                  0.60   data required time
-----------------------------------------------------------------------------
                                  0.60   data required time
                                 -2.52   data arrival time
-----------------------------------------------------------------------------
                                  1.92   slack (MET)


Startpoint: u_pc_reg._135_ (rising edge-triggered flip-flop clocked by clk)
Endpoint: u_dmem.u_sram (falling edge-triggered flip-flop clocked by clk)
Path Group: clk
Path Type: min

Fanout     Cap    Slew   Delay    Time   Description
-----------------------------------------------------------------------------
                          0.00    0.00   clock clk (rise edge)
                          0.00    0.00   clock source latency
                  0.00    0.00    0.00 ^ clk (in)
     1    0.13                           clk (net)
                  0.00    0.00    0.00 ^ clkbuf_0_clk/A (sky130_fd_sc_hd__clkbuf_16)
                  0.08    0.14    0.14 ^ clkbuf_0_clk/X (sky130_fd_sc_hd__clkbuf_16)
     4    0.06                           clknet_0_clk (net)
                  0.08    0.00    0.14 ^ clkbuf_2_0_0_clk/A (sky130_fd_sc_hd__clkbuf_8)
                  0.19    0.25    0.39 ^ clkbuf_2_0_0_clk/X (sky130_fd_sc_hd__clkbuf_8)
     9    0.11                           clknet_2_0_0_clk (net)
                  0.19    0.00    0.39 ^ u_pc_reg._135_/CLK (sky130_fd_sc_hd__dfxtp_4)
                  0.21    0.52    0.91 ^ u_pc_reg._135_/Q (sky130_fd_sc_hd__dfxtp_4)
    11    0.07                           u_imem.addr[1] (net)
                  0.21    0.00    0.91 ^ _374_/A1 (sky130_fd_sc_hd__mux2_1)
                  0.05    0.17    1.08 ^ _374_/X (sky130_fd_sc_hd__mux2_1)
     1    0.00                           _074_ (net)
                  0.05    0.00    1.08 ^ _375_/A (sky130_fd_sc_hd__clkbuf_4)
                  0.12    0.19    1.27 ^ _375_/X (sky130_fd_sc_hd__clkbuf_4)
     3    0.04                           u_alu.A[1] (net)
                  0.12    0.01    1.28 ^ u_alu._1193_/A (sky130_fd_sc_hd__clkbuf_4)
                  0.13    0.23    1.51 ^ u_alu._1193_/X (sky130_fd_sc_hd__clkbuf_4)
    10    0.04                           u_alu._0316_ (net)
                  0.13    0.00    1.51 ^ u_alu._1336_/B (sky130_fd_sc_hd__or2_2)
                  0.09    0.17    1.68 ^ u_alu._1336_/X (sky130_fd_sc_hd__or2_2)
     5    0.02                           u_alu._0459_ (net)
                  0.09    0.00    1.68 ^ u_alu._2094_/B1 (sky130_fd_sc_hd__a22o_1)
                  0.04    0.12    1.80 ^ u_alu._2094_/X (sky130_fd_sc_hd__a22o_1)
     1    0.00                           u_alu._0083_ (net)
                  0.04    0.00    1.80 ^ u_alu._2095_/C (sky130_fd_sc_hd__and3_1)
                  0.06    0.16    1.96 ^ u_alu._2095_/X (sky130_fd_sc_hd__and3_1)
     1    0.00                           u_alu._0084_ (net)
                  0.06    0.00    1.96 ^ u_alu._2099_/B (sky130_fd_sc_hd__or4bb_4)
                  0.08    0.16    2.12 ^ u_alu._2099_/X (sky130_fd_sc_hd__or4bb_4)
     1    0.02                           u_alu._0088_ (net)
                  0.08    0.00    2.12 ^ u_alu._2100_/A (sky130_fd_sc_hd__buf_1)
                  0.14    0.16    2.28 ^ u_alu._2100_/X (sky130_fd_sc_hd__buf_1)
     1    0.01                           u_alu.Result[2] (net)
                  0.14    0.00    2.28 ^ wire111/A (sky130_fd_sc_hd__clkbuf_2)
                  0.07    0.16    2.44 ^ wire111/X (sky130_fd_sc_hd__clkbuf_2)
     2    0.01                           net111 (net)
                  0.07    0.00    2.44 ^ wire110/A (sky130_fd_sc_hd__buf_1)
                  0.10    0.13    2.57 ^ wire110/X (sky130_fd_sc_hd__buf_1)
     1    0.01                           net110 (net)
                  0.14    0.00    2.57 ^ u_dmem.u_sram/addr0[0] (sky130_sram_1kbyte_1rw1r_32x256_8)
                                  2.57   data arrival time

                          0.00    0.00   clock clk (rise edge)
                          0.00    0.00   clock source latency
                  0.00    0.00    0.00 ^ clk (in)
     1    0.13                           clk (net)
                  0.00    0.00    0.00 ^ clkbuf_0_clk/A (sky130_fd_sc_hd__clkbuf_16)
                  0.08    0.14    0.14 ^ clkbuf_0_clk/X (sky130_fd_sc_hd__clkbuf_16)
     4    0.06                           clknet_0_clk (net)
                  0.08    0.00    0.14 ^ clkbuf_2_3_0_clk/A (sky130_fd_sc_hd__clkbuf_8)
                  0.28    0.31    0.46 ^ clkbuf_2_3_0_clk/X (sky130_fd_sc_hd__clkbuf_8)
    10    0.16                           clknet_2_3_0_clk (net)
                  0.37    0.00    0.46 ^ u_dmem.u_sram/clk0 (sky130_sram_1kbyte_1rw1r_32x256_8)
                          0.20    0.66   clock uncertainty
                          0.00    0.66   clock reconvergence pessimism
                         -0.06    0.60   library hold time
                                  0.60   data required time
-----------------------------------------------------------------------------
                                  0.60   data required time
                                 -2.57   data arrival time
-----------------------------------------------------------------------------
                                  1.97   slack (MET)


Startpoint: u_regfile.u_sram_rs2
            (falling edge-triggered flip-flop clocked by clk)
Endpoint: u_dmem.u_sram (falling edge-triggered flip-flop clocked by clk)
Path Group: clk
Path Type: min

Fanout     Cap    Slew   Delay    Time   Description
-----------------------------------------------------------------------------
                         10.00   10.00   clock clk (fall edge)
                          0.00   10.00   clock source latency
                  0.00    0.00   10.00 v clk (in)
     1    0.13                           clk (net)
                  0.00    0.00   10.00 v clkbuf_0_clk/A (sky130_fd_sc_hd__clkbuf_16)
                  0.06    0.15   10.15 v clkbuf_0_clk/X (sky130_fd_sc_hd__clkbuf_16)
     4    0.06                           clknet_0_clk (net)
                  0.06    0.00   10.15 v clkbuf_2_3_0_clk/A (sky130_fd_sc_hd__clkbuf_8)
                  0.17    0.26   10.41 v clkbuf_2_3_0_clk/X (sky130_fd_sc_hd__clkbuf_8)
    10    0.16                           clknet_2_3_0_clk (net)
                  0.23    0.00   10.42 v u_regfile.u_sram_rs2/clk1 (sky130_sram_1kbyte_1rw1r_32x256_8)
                  0.00    0.36   10.77 v u_regfile.u_sram_rs2/dout1[20] (sky130_sram_1kbyte_1rw1r_32x256_8)
     1    0.00                           u_regfile.rd2_sram[20] (net)
                  0.00    0.00   10.77 v u_regfile._108_/B1_N (sky130_fd_sc_hd__a21boi_4)
                  0.08    0.16   10.93 v u_regfile._108_/Y (sky130_fd_sc_hd__a21boi_4)
     4    0.04                           u_branch_unit.rs2_val[20] (net)
                  0.10    0.00   10.94 v u_dmem.u_sram/din0[20] (sky130_sram_1kbyte_1rw1r_32x256_8)
                                 10.94   data arrival time

                          0.00    0.00   clock clk (rise edge)
                          0.00    0.00   clock source latency
                  0.00    0.00    0.00 ^ clk (in)
     1    0.13                           clk (net)
                  0.00    0.00    0.00 ^ clkbuf_0_clk/A (sky130_fd_sc_hd__clkbuf_16)
                  0.08    0.14    0.14 ^ clkbuf_0_clk/X (sky130_fd_sc_hd__clkbuf_16)
     4    0.06                           clknet_0_clk (net)
                  0.08    0.00    0.14 ^ clkbuf_2_3_0_clk/A (sky130_fd_sc_hd__clkbuf_8)
                  0.28    0.31    0.46 ^ clkbuf_2_3_0_clk/X (sky130_fd_sc_hd__clkbuf_8)
    10    0.16                           clknet_2_3_0_clk (net)
                  0.37    0.00    0.46 ^ u_dmem.u_sram/clk0 (sky130_sram_1kbyte_1rw1r_32x256_8)
                          0.20    0.66   clock uncertainty
                          0.00    0.66   clock reconvergence pessimism
                         -0.06    0.60   library hold time
                                  0.60   data required time
-----------------------------------------------------------------------------
                                  0.60   data required time
                                -10.94   data arrival time
-----------------------------------------------------------------------------
                                 10.34   slack (MET)


Startpoint: u_regfile.u_sram_rs2
            (falling edge-triggered flip-flop clocked by clk)
Endpoint: u_dmem.u_sram (falling edge-triggered flip-flop clocked by clk)
Path Group: clk
Path Type: min

Fanout     Cap    Slew   Delay    Time   Description
-----------------------------------------------------------------------------
                         10.00   10.00   clock clk (fall edge)
                          0.00   10.00   clock source latency
                  0.00    0.00   10.00 v clk (in)
     1    0.13                           clk (net)
                  0.00    0.00   10.00 v clkbuf_0_clk/A (sky130_fd_sc_hd__clkbuf_16)
                  0.06    0.15   10.15 v clkbuf_0_clk/X (sky130_fd_sc_hd__clkbuf_16)
     4    0.06                           clknet_0_clk (net)
                  0.06    0.00   10.15 v clkbuf_2_3_0_clk/A (sky130_fd_sc_hd__clkbuf_8)
                  0.17    0.26   10.41 v clkbuf_2_3_0_clk/X (sky130_fd_sc_hd__clkbuf_8)
    10    0.16                           clknet_2_3_0_clk (net)
                  0.23    0.00   10.42 v u_regfile.u_sram_rs2/clk1 (sky130_sram_1kbyte_1rw1r_32x256_8)
                  0.00    0.36   10.77 v u_regfile.u_sram_rs2/dout1[21] (sky130_sram_1kbyte_1rw1r_32x256_8)
     1    0.00                           u_regfile.rd2_sram[21] (net)
                  0.00    0.00   10.77 v u_regfile._109_/B1_N (sky130_fd_sc_hd__a21boi_4)
                  0.08    0.16   10.93 v u_regfile._109_/Y (sky130_fd_sc_hd__a21boi_4)
     3    0.04                           u_branch_unit.rs2_val[21] (net)
                  0.10    0.00   10.94 v u_dmem.u_sram/din0[21] (sky130_sram_1kbyte_1rw1r_32x256_8)
                                 10.94   data arrival time

                          0.00    0.00   clock clk (rise edge)
                          0.00    0.00   clock source latency
                  0.00    0.00    0.00 ^ clk (in)
     1    0.13                           clk (net)
                  0.00    0.00    0.00 ^ clkbuf_0_clk/A (sky130_fd_sc_hd__clkbuf_16)
                  0.08    0.14    0.14 ^ clkbuf_0_clk/X (sky130_fd_sc_hd__clkbuf_16)
     4    0.06                           clknet_0_clk (net)
                  0.08    0.00    0.14 ^ clkbuf_2_3_0_clk/A (sky130_fd_sc_hd__clkbuf_8)
                  0.28    0.31    0.46 ^ clkbuf_2_3_0_clk/X (sky130_fd_sc_hd__clkbuf_8)
    10    0.16                           clknet_2_3_0_clk (net)
                  0.37    0.00    0.46 ^ u_dmem.u_sram/clk0 (sky130_sram_1kbyte_1rw1r_32x256_8)
                          0.20    0.66   clock uncertainty
                          0.00    0.66   clock reconvergence pessimism
                         -0.06    0.60   library hold time
                                  0.60   data required time
-----------------------------------------------------------------------------
                                  0.60   data required time
                                -10.94   data arrival time
-----------------------------------------------------------------------------
                                 10.34   slack (MET)


Startpoint: u_regfile.u_sram_rs2
            (falling edge-triggered flip-flop clocked by clk)
Endpoint: u_dmem.u_sram (falling edge-triggered flip-flop clocked by clk)
Path Group: clk
Path Type: min

Fanout     Cap    Slew   Delay    Time   Description
-----------------------------------------------------------------------------
                         10.00   10.00   clock clk (fall edge)
                          0.00   10.00   clock source latency
                  0.00    0.00   10.00 v clk (in)
     1    0.13                           clk (net)
                  0.00    0.00   10.00 v clkbuf_0_clk/A (sky130_fd_sc_hd__clkbuf_16)
                  0.06    0.15   10.15 v clkbuf_0_clk/X (sky130_fd_sc_hd__clkbuf_16)
     4    0.06                           clknet_0_clk (net)
                  0.06    0.00   10.15 v clkbuf_2_3_0_clk/A (sky130_fd_sc_hd__clkbuf_8)
                  0.17    0.26   10.41 v clkbuf_2_3_0_clk/X (sky130_fd_sc_hd__clkbuf_8)
    10    0.16                           clknet_2_3_0_clk (net)
                  0.23    0.00   10.42 v u_regfile.u_sram_rs2/clk1 (sky130_sram_1kbyte_1rw1r_32x256_8)
                  0.00    0.36   10.78 v u_regfile.u_sram_rs2/dout1[22] (sky130_sram_1kbyte_1rw1r_32x256_8)
     1    0.01                           u_regfile.rd2_sram[22] (net)
                  0.00    0.00   10.78 v u_regfile._110_/B1_N (sky130_fd_sc_hd__a21boi_4)
                  0.07    0.16   10.94 v u_regfile._110_/Y (sky130_fd_sc_hd__a21boi_4)
     3    0.04                           u_branch_unit.rs2_val[22] (net)
                  0.10    0.00   10.94 v u_dmem.u_sram/din0[22] (sky130_sram_1kbyte_1rw1r_32x256_8)
                                 10.94   data arrival time

                          0.00    0.00   clock clk (rise edge)
                          0.00    0.00   clock source latency
                  0.00    0.00    0.00 ^ clk (in)
     1    0.13                           clk (net)
                  0.00    0.00    0.00 ^ clkbuf_0_clk/A (sky130_fd_sc_hd__clkbuf_16)
                  0.08    0.14    0.14 ^ clkbuf_0_clk/X (sky130_fd_sc_hd__clkbuf_16)
     4    0.06                           clknet_0_clk (net)
                  0.08    0.00    0.14 ^ clkbuf_2_3_0_clk/A (sky130_fd_sc_hd__clkbuf_8)
                  0.28    0.31    0.46 ^ clkbuf_2_3_0_clk/X (sky130_fd_sc_hd__clkbuf_8)
    10    0.16                           clknet_2_3_0_clk (net)
                  0.37    0.00    0.46 ^ u_dmem.u_sram/clk0 (sky130_sram_1kbyte_1rw1r_32x256_8)
                          0.20    0.66   clock uncertainty
                          0.00    0.66   clock reconvergence pessimism
                         -0.06    0.60   library hold time
                                  0.60   data required time
-----------------------------------------------------------------------------
                                  0.60   data required time
                                -10.94   data arrival time
-----------------------------------------------------------------------------
                                 10.34   slack (MET)


Startpoint: u_regfile.u_sram_rs2
            (falling edge-triggered flip-flop clocked by clk)
Endpoint: u_dmem.u_sram (falling edge-triggered flip-flop clocked by clk)
Path Group: clk
Path Type: min

Fanout     Cap    Slew   Delay    Time   Description
-----------------------------------------------------------------------------
                         10.00   10.00   clock clk (fall edge)
                          0.00   10.00   clock source latency
                  0.00    0.00   10.00 v clk (in)
     1    0.13                           clk (net)
                  0.00    0.00   10.00 v clkbuf_0_clk/A (sky130_fd_sc_hd__clkbuf_16)
                  0.06    0.15   10.15 v clkbuf_0_clk/X (sky130_fd_sc_hd__clkbuf_16)
     4    0.06                           clknet_0_clk (net)
                  0.06    0.00   10.15 v clkbuf_2_3_0_clk/A (sky130_fd_sc_hd__clkbuf_8)
                  0.17    0.26   10.41 v clkbuf_2_3_0_clk/X (sky130_fd_sc_hd__clkbuf_8)
    10    0.16                           clknet_2_3_0_clk (net)
                  0.23    0.00   10.42 v u_regfile.u_sram_rs2/clk1 (sky130_sram_1kbyte_1rw1r_32x256_8)
                  0.00    0.37   10.78 v u_regfile.u_sram_rs2/dout1[25] (sky130_sram_1kbyte_1rw1r_32x256_8)
     1    0.01                           u_regfile.rd2_sram[25] (net)
                  0.00    0.00   10.78 v u_regfile._113_/B1_N (sky130_fd_sc_hd__a21boi_4)
                  0.07    0.16   10.94 v u_regfile._113_/Y (sky130_fd_sc_hd__a21boi_4)
     4    0.04                           u_branch_unit.rs2_val[25] (net)
                  0.09    0.00   10.94 v u_dmem.u_sram/din0[25] (sky130_sram_1kbyte_1rw1r_32x256_8)
                                 10.94   data arrival time

                          0.00    0.00   clock clk (rise edge)
                          0.00    0.00   clock source latency
                  0.00    0.00    0.00 ^ clk (in)
     1    0.13                           clk (net)
                  0.00    0.00    0.00 ^ clkbuf_0_clk/A (sky130_fd_sc_hd__clkbuf_16)
                  0.08    0.14    0.14 ^ clkbuf_0_clk/X (sky130_fd_sc_hd__clkbuf_16)
     4    0.06                           clknet_0_clk (net)
                  0.08    0.00    0.14 ^ clkbuf_2_3_0_clk/A (sky130_fd_sc_hd__clkbuf_8)
                  0.28    0.31    0.46 ^ clkbuf_2_3_0_clk/X (sky130_fd_sc_hd__clkbuf_8)
    10    0.16                           clknet_2_3_0_clk (net)
                  0.37    0.00    0.46 ^ u_dmem.u_sram/clk0 (sky130_sram_1kbyte_1rw1r_32x256_8)
                          0.20    0.66   clock uncertainty
                          0.00    0.66   clock reconvergence pessimism
                         -0.06    0.60   library hold time
                                  0.60   data required time
-----------------------------------------------------------------------------
                                  0.60   data required time
                                -10.94   data arrival time
-----------------------------------------------------------------------------
                                 10.34   slack (MET)


Startpoint: u_regfile.u_sram_rs2
            (falling edge-triggered flip-flop clocked by clk)
Endpoint: u_dmem.u_sram (falling edge-triggered flip-flop clocked by clk)
Path Group: clk
Path Type: min

Fanout     Cap    Slew   Delay    Time   Description
-----------------------------------------------------------------------------
                         10.00   10.00   clock clk (fall edge)
                          0.00   10.00   clock source latency
                  0.00    0.00   10.00 v clk (in)
     1    0.13                           clk (net)
                  0.00    0.00   10.00 v clkbuf_0_clk/A (sky130_fd_sc_hd__clkbuf_16)
                  0.06    0.15   10.15 v clkbuf_0_clk/X (sky130_fd_sc_hd__clkbuf_16)
     4    0.06                           clknet_0_clk (net)
                  0.06    0.00   10.15 v clkbuf_2_3_0_clk/A (sky130_fd_sc_hd__clkbuf_8)
                  0.17    0.26   10.41 v clkbuf_2_3_0_clk/X (sky130_fd_sc_hd__clkbuf_8)
    10    0.16                           clknet_2_3_0_clk (net)
                  0.23    0.00   10.42 v u_regfile.u_sram_rs2/clk1 (sky130_sram_1kbyte_1rw1r_32x256_8)
                  0.01    0.37   10.78 v u_regfile.u_sram_rs2/dout1[26] (sky130_sram_1kbyte_1rw1r_32x256_8)
     1    0.01                           u_regfile.rd2_sram[26] (net)
                  0.00    0.00   10.78 v u_regfile._114_/B1_N (sky130_fd_sc_hd__a21boi_4)
                  0.07    0.16   10.94 v u_regfile._114_/Y (sky130_fd_sc_hd__a21boi_4)
     4    0.04                           u_branch_unit.rs2_val[26] (net)
                  0.09    0.00   10.94 v u_dmem.u_sram/din0[26] (sky130_sram_1kbyte_1rw1r_32x256_8)
                                 10.94   data arrival time

                          0.00    0.00   clock clk (rise edge)
                          0.00    0.00   clock source latency
                  0.00    0.00    0.00 ^ clk (in)
     1    0.13                           clk (net)
                  0.00    0.00    0.00 ^ clkbuf_0_clk/A (sky130_fd_sc_hd__clkbuf_16)
                  0.08    0.14    0.14 ^ clkbuf_0_clk/X (sky130_fd_sc_hd__clkbuf_16)
     4    0.06                           clknet_0_clk (net)
                  0.08    0.00    0.14 ^ clkbuf_2_3_0_clk/A (sky130_fd_sc_hd__clkbuf_8)
                  0.28    0.31    0.46 ^ clkbuf_2_3_0_clk/X (sky130_fd_sc_hd__clkbuf_8)
    10    0.16                           clknet_2_3_0_clk (net)
                  0.37    0.00    0.46 ^ u_dmem.u_sram/clk0 (sky130_sram_1kbyte_1rw1r_32x256_8)
                          0.20    0.66   clock uncertainty
                          0.00    0.66   clock reconvergence pessimism
                         -0.06    0.60   library hold time
                                  0.60   data required time
-----------------------------------------------------------------------------
                                  0.60   data required time
                                -10.94   data arrival time
-----------------------------------------------------------------------------
                                 10.34   slack (MET)


Startpoint: u_regfile.u_sram_rs2
            (falling edge-triggered flip-flop clocked by clk)
Endpoint: u_dmem.u_sram (falling edge-triggered flip-flop clocked by clk)
Path Group: clk
Path Type: min

Fanout     Cap    Slew   Delay    Time   Description
-----------------------------------------------------------------------------
                         10.00   10.00   clock clk (fall edge)
                          0.00   10.00   clock source latency
                  0.00    0.00   10.00 v clk (in)
     1    0.13                           clk (net)
                  0.00    0.00   10.00 v clkbuf_0_clk/A (sky130_fd_sc_hd__clkbuf_16)
                  0.06    0.15   10.15 v clkbuf_0_clk/X (sky130_fd_sc_hd__clkbuf_16)
     4    0.06                           clknet_0_clk (net)
                  0.06    0.00   10.15 v clkbuf_2_3_0_clk/A (sky130_fd_sc_hd__clkbuf_8)
                  0.17    0.26   10.41 v clkbuf_2_3_0_clk/X (sky130_fd_sc_hd__clkbuf_8)
    10    0.16                           clknet_2_3_0_clk (net)
                  0.23    0.00   10.42 v u_regfile.u_sram_rs2/clk1 (sky130_sram_1kbyte_1rw1r_32x256_8)
                  0.00    0.37   10.78 v u_regfile.u_sram_rs2/dout1[24] (sky130_sram_1kbyte_1rw1r_32x256_8)
     1    0.01                           u_regfile.rd2_sram[24] (net)
                  0.00    0.00   10.78 v u_regfile._112_/B1_N (sky130_fd_sc_hd__a21boi_4)
                  0.07    0.16   10.94 v u_regfile._112_/Y (sky130_fd_sc_hd__a21boi_4)
     4    0.04                           u_branch_unit.rs2_val[24] (net)
                  0.10    0.00   10.94 v u_dmem.u_sram/din0[24] (sky130_sram_1kbyte_1rw1r_32x256_8)
                                 10.94   data arrival time

                          0.00    0.00   clock clk (rise edge)
                          0.00    0.00   clock source latency
                  0.00    0.00    0.00 ^ clk (in)
     1    0.13                           clk (net)
                  0.00    0.00    0.00 ^ clkbuf_0_clk/A (sky130_fd_sc_hd__clkbuf_16)
                  0.08    0.14    0.14 ^ clkbuf_0_clk/X (sky130_fd_sc_hd__clkbuf_16)
     4    0.06                           clknet_0_clk (net)
                  0.08    0.00    0.14 ^ clkbuf_2_3_0_clk/A (sky130_fd_sc_hd__clkbuf_8)
                  0.28    0.31    0.46 ^ clkbuf_2_3_0_clk/X (sky130_fd_sc_hd__clkbuf_8)
    10    0.16                           clknet_2_3_0_clk (net)
                  0.37    0.00    0.46 ^ u_dmem.u_sram/clk0 (sky130_sram_1kbyte_1rw1r_32x256_8)
                          0.20    0.66   clock uncertainty
                          0.00    0.66   clock reconvergence pessimism
                         -0.06    0.60   library hold time
                                  0.60   data required time
-----------------------------------------------------------------------------
                                  0.60   data required time
                                -10.94   data arrival time
-----------------------------------------------------------------------------
                                 10.34   slack (MET)


Startpoint: u_regfile.u_sram_rs2
            (falling edge-triggered flip-flop clocked by clk)
Endpoint: u_dmem.u_sram (falling edge-triggered flip-flop clocked by clk)
Path Group: clk
Path Type: min

Fanout     Cap    Slew   Delay    Time   Description
-----------------------------------------------------------------------------
                         10.00   10.00   clock clk (fall edge)
                          0.00   10.00   clock source latency
                  0.00    0.00   10.00 v clk (in)
     1    0.13                           clk (net)
                  0.00    0.00   10.00 v clkbuf_0_clk/A (sky130_fd_sc_hd__clkbuf_16)
                  0.06    0.15   10.15 v clkbuf_0_clk/X (sky130_fd_sc_hd__clkbuf_16)
     4    0.06                           clknet_0_clk (net)
                  0.06    0.00   10.15 v clkbuf_2_3_0_clk/A (sky130_fd_sc_hd__clkbuf_8)
                  0.17    0.26   10.41 v clkbuf_2_3_0_clk/X (sky130_fd_sc_hd__clkbuf_8)
    10    0.16                           clknet_2_3_0_clk (net)
                  0.23    0.00   10.42 v u_regfile.u_sram_rs2/clk1 (sky130_sram_1kbyte_1rw1r_32x256_8)
                  0.00    0.36   10.78 v u_regfile.u_sram_rs2/dout1[0] (sky130_sram_1kbyte_1rw1r_32x256_8)
     1    0.01                           u_regfile.rd2_sram[0] (net)
                  0.00    0.00   10.78 v u_regfile._084_/B1_N (sky130_fd_sc_hd__a21boi_4)
                  0.08    0.16   10.94 v u_regfile._084_/Y (sky130_fd_sc_hd__a21boi_4)
     4    0.04                           u_branch_unit.rs2_val[0] (net)
                  0.10    0.00   10.94 v u_dmem.u_sram/din0[0] (sky130_sram_1kbyte_1rw1r_32x256_8)
                                 10.94   data arrival time

                          0.00    0.00   clock clk (rise edge)
                          0.00    0.00   clock source latency
                  0.00    0.00    0.00 ^ clk (in)
     1    0.13                           clk (net)
                  0.00    0.00    0.00 ^ clkbuf_0_clk/A (sky130_fd_sc_hd__clkbuf_16)
                  0.08    0.14    0.14 ^ clkbuf_0_clk/X (sky130_fd_sc_hd__clkbuf_16)
     4    0.06                           clknet_0_clk (net)
                  0.08    0.00    0.14 ^ clkbuf_2_3_0_clk/A (sky130_fd_sc_hd__clkbuf_8)
                  0.28    0.31    0.46 ^ clkbuf_2_3_0_clk/X (sky130_fd_sc_hd__clkbuf_8)
    10    0.16                           clknet_2_3_0_clk (net)
                  0.37    0.00    0.46 ^ u_dmem.u_sram/clk0 (sky130_sram_1kbyte_1rw1r_32x256_8)
                          0.20    0.66   clock uncertainty
                          0.00    0.66   clock reconvergence pessimism
                         -0.06    0.60   library hold time
                                  0.60   data required time
-----------------------------------------------------------------------------
                                  0.60   data required time
                                -10.94   data arrival time
-----------------------------------------------------------------------------
                                 10.34   slack (MET)


Startpoint: u_regfile.u_sram_rs2
            (falling edge-triggered flip-flop clocked by clk)
Endpoint: u_dmem.u_sram (falling edge-triggered flip-flop clocked by clk)
Path Group: clk
Path Type: min

Fanout     Cap    Slew   Delay    Time   Description
-----------------------------------------------------------------------------
                         10.00   10.00   clock clk (fall edge)
                          0.00   10.00   clock source latency
                  0.00    0.00   10.00 v clk (in)
     1    0.13                           clk (net)
                  0.00    0.00   10.00 v clkbuf_0_clk/A (sky130_fd_sc_hd__clkbuf_16)
                  0.06    0.15   10.15 v clkbuf_0_clk/X (sky130_fd_sc_hd__clkbuf_16)
     4    0.06                           clknet_0_clk (net)
                  0.06    0.00   10.15 v clkbuf_2_3_0_clk/A (sky130_fd_sc_hd__clkbuf_8)
                  0.17    0.26   10.41 v clkbuf_2_3_0_clk/X (sky130_fd_sc_hd__clkbuf_8)
    10    0.16                           clknet_2_3_0_clk (net)
                  0.23    0.00   10.42 v u_regfile.u_sram_rs2/clk1 (sky130_sram_1kbyte_1rw1r_32x256_8)
                  0.01    0.37   10.78 v u_regfile.u_sram_rs2/dout1[27] (sky130_sram_1kbyte_1rw1r_32x256_8)
     1    0.01                           u_regfile.rd2_sram[27] (net)
                  0.00    0.00   10.78 v u_regfile._115_/B1_N (sky130_fd_sc_hd__a21boi_4)
                  0.07    0.16   10.94 v u_regfile._115_/Y (sky130_fd_sc_hd__a21boi_4)
     4    0.04                           u_branch_unit.rs2_val[27] (net)
                  0.09    0.00   10.94 v u_dmem.u_sram/din0[27] (sky130_sram_1kbyte_1rw1r_32x256_8)
                                 10.94   data arrival time

                          0.00    0.00   clock clk (rise edge)
                          0.00    0.00   clock source latency
                  0.00    0.00    0.00 ^ clk (in)
     1    0.13                           clk (net)
                  0.00    0.00    0.00 ^ clkbuf_0_clk/A (sky130_fd_sc_hd__clkbuf_16)
                  0.08    0.14    0.14 ^ clkbuf_0_clk/X (sky130_fd_sc_hd__clkbuf_16)
     4    0.06                           clknet_0_clk (net)
                  0.08    0.00    0.14 ^ clkbuf_2_3_0_clk/A (sky130_fd_sc_hd__clkbuf_8)
                  0.28    0.31    0.46 ^ clkbuf_2_3_0_clk/X (sky130_fd_sc_hd__clkbuf_8)
    10    0.16                           clknet_2_3_0_clk (net)
                  0.37    0.00    0.46 ^ u_dmem.u_sram/clk0 (sky130_sram_1kbyte_1rw1r_32x256_8)
                          0.20    0.66   clock uncertainty
                          0.00    0.66   clock reconvergence pessimism
                         -0.06    0.60   library hold time
                                  0.60   data required time
-----------------------------------------------------------------------------
                                  0.60   data required time
                                -10.94   data arrival time
-----------------------------------------------------------------------------
                                 10.34   slack (MET)


Startpoint: u_regfile.u_sram_rs2
            (falling edge-triggered flip-flop clocked by clk)
Endpoint: u_dmem.u_sram (falling edge-triggered flip-flop clocked by clk)
Path Group: clk
Path Type: min

Fanout     Cap    Slew   Delay    Time   Description
-----------------------------------------------------------------------------
                         10.00   10.00   clock clk (fall edge)
                          0.00   10.00   clock source latency
                  0.00    0.00   10.00 v clk (in)
     1    0.13                           clk (net)
                  0.00    0.00   10.00 v clkbuf_0_clk/A (sky130_fd_sc_hd__clkbuf_16)
                  0.06    0.15   10.15 v clkbuf_0_clk/X (sky130_fd_sc_hd__clkbuf_16)
     4    0.06                           clknet_0_clk (net)
                  0.06    0.00   10.15 v clkbuf_2_3_0_clk/A (sky130_fd_sc_hd__clkbuf_8)
                  0.17    0.26   10.41 v clkbuf_2_3_0_clk/X (sky130_fd_sc_hd__clkbuf_8)
    10    0.16                           clknet_2_3_0_clk (net)
                  0.23    0.00   10.42 v u_regfile.u_sram_rs2/clk1 (sky130_sram_1kbyte_1rw1r_32x256_8)
                  0.00    0.36   10.77 v u_regfile.u_sram_rs2/dout1[18] (sky130_sram_1kbyte_1rw1r_32x256_8)
     1    0.01                           u_regfile.rd2_sram[18] (net)
                  0.00    0.00   10.77 v u_regfile._105_/B1_N (sky130_fd_sc_hd__a21boi_4)
                  0.08    0.17   10.94 v u_regfile._105_/Y (sky130_fd_sc_hd__a21boi_4)
     4    0.05                           u_branch_unit.rs2_val[18] (net)
                  0.11    0.00   10.94 v u_dmem.u_sram/din0[18] (sky130_sram_1kbyte_1rw1r_32x256_8)
                                 10.94   data arrival time

                          0.00    0.00   clock clk (rise edge)
                          0.00    0.00   clock source latency
                  0.00    0.00    0.00 ^ clk (in)
     1    0.13                           clk (net)
                  0.00    0.00    0.00 ^ clkbuf_0_clk/A (sky130_fd_sc_hd__clkbuf_16)
                  0.08    0.14    0.14 ^ clkbuf_0_clk/X (sky130_fd_sc_hd__clkbuf_16)
     4    0.06                           clknet_0_clk (net)
                  0.08    0.00    0.14 ^ clkbuf_2_3_0_clk/A (sky130_fd_sc_hd__clkbuf_8)
                  0.28    0.31    0.46 ^ clkbuf_2_3_0_clk/X (sky130_fd_sc_hd__clkbuf_8)
    10    0.16                           clknet_2_3_0_clk (net)
                  0.37    0.00    0.46 ^ u_dmem.u_sram/clk0 (sky130_sram_1kbyte_1rw1r_32x256_8)
                          0.20    0.66   clock uncertainty
                          0.00    0.66   clock reconvergence pessimism
                         -0.06    0.60   library hold time
                                  0.60   data required time
-----------------------------------------------------------------------------
                                  0.60   data required time
                                -10.94   data arrival time
-----------------------------------------------------------------------------
                                 10.34   slack (MET)


Startpoint: u_regfile.u_sram_rs2
            (falling edge-triggered flip-flop clocked by clk)
Endpoint: u_dmem.u_sram (falling edge-triggered flip-flop clocked by clk)
Path Group: clk
Path Type: min

Fanout     Cap    Slew   Delay    Time   Description
-----------------------------------------------------------------------------
                         10.00   10.00   clock clk (fall edge)
                          0.00   10.00   clock source latency
                  0.00    0.00   10.00 v clk (in)
     1    0.13                           clk (net)
                  0.00    0.00   10.00 v clkbuf_0_clk/A (sky130_fd_sc_hd__clkbuf_16)
                  0.06    0.15   10.15 v clkbuf_0_clk/X (sky130_fd_sc_hd__clkbuf_16)
     4    0.06                           clknet_0_clk (net)
                  0.06    0.00   10.15 v clkbuf_2_3_0_clk/A (sky130_fd_sc_hd__clkbuf_8)
                  0.17    0.26   10.41 v clkbuf_2_3_0_clk/X (sky130_fd_sc_hd__clkbuf_8)
    10    0.16                           clknet_2_3_0_clk (net)
                  0.23    0.00   10.42 v u_regfile.u_sram_rs2/clk1 (sky130_sram_1kbyte_1rw1r_32x256_8)
                  0.00    0.36   10.78 v u_regfile.u_sram_rs2/dout1[1] (sky130_sram_1kbyte_1rw1r_32x256_8)
     1    0.01                           u_regfile.rd2_sram[1] (net)
                  0.00    0.00   10.78 v u_regfile._085_/B1_N (sky130_fd_sc_hd__a21boi_4)
                  0.08    0.16   10.94 v u_regfile._085_/Y (sky130_fd_sc_hd__a21boi_4)
     4    0.04                           u_branch_unit.rs2_val[1] (net)
                  0.10    0.00   10.95 v u_dmem.u_sram/din0[1] (sky130_sram_1kbyte_1rw1r_32x256_8)
                                 10.95   data arrival time

                          0.00    0.00   clock clk (rise edge)
                          0.00    0.00   clock source latency
                  0.00    0.00    0.00 ^ clk (in)
     1    0.13                           clk (net)
                  0.00    0.00    0.00 ^ clkbuf_0_clk/A (sky130_fd_sc_hd__clkbuf_16)
                  0.08    0.14    0.14 ^ clkbuf_0_clk/X (sky130_fd_sc_hd__clkbuf_16)
     4    0.06                           clknet_0_clk (net)
                  0.08    0.00    0.14 ^ clkbuf_2_3_0_clk/A (sky130_fd_sc_hd__clkbuf_8)
                  0.28    0.31    0.46 ^ clkbuf_2_3_0_clk/X (sky130_fd_sc_hd__clkbuf_8)
    10    0.16                           clknet_2_3_0_clk (net)
                  0.37    0.00    0.46 ^ u_dmem.u_sram/clk0 (sky130_sram_1kbyte_1rw1r_32x256_8)
                          0.20    0.66   clock uncertainty
                          0.00    0.66   clock reconvergence pessimism
                         -0.06    0.60   library hold time
                                  0.60   data required time
-----------------------------------------------------------------------------
                                  0.60   data required time
                                -10.95   data arrival time
-----------------------------------------------------------------------------
                                 10.34   slack (MET)


Startpoint: u_regfile.u_sram_rs2
            (falling edge-triggered flip-flop clocked by clk)
Endpoint: u_dmem.u_sram (falling edge-triggered flip-flop clocked by clk)
Path Group: clk
Path Type: min

Fanout     Cap    Slew   Delay    Time   Description
-----------------------------------------------------------------------------
                         10.00   10.00   clock clk (fall edge)
                          0.00   10.00   clock source latency
                  0.00    0.00   10.00 v clk (in)
     1    0.13                           clk (net)
                  0.00    0.00   10.00 v clkbuf_0_clk/A (sky130_fd_sc_hd__clkbuf_16)
                  0.06    0.15   10.15 v clkbuf_0_clk/X (sky130_fd_sc_hd__clkbuf_16)
     4    0.06                           clknet_0_clk (net)
                  0.06    0.00   10.15 v clkbuf_2_3_0_clk/A (sky130_fd_sc_hd__clkbuf_8)
                  0.17    0.26   10.41 v clkbuf_2_3_0_clk/X (sky130_fd_sc_hd__clkbuf_8)
    10    0.16                           clknet_2_3_0_clk (net)
                  0.23    0.00   10.42 v u_regfile.u_sram_rs2/clk1 (sky130_sram_1kbyte_1rw1r_32x256_8)
                  0.00    0.37   10.78 v u_regfile.u_sram_rs2/dout1[23] (sky130_sram_1kbyte_1rw1r_32x256_8)
     1    0.01                           u_regfile.rd2_sram[23] (net)
                  0.00    0.00   10.78 v u_regfile._111_/B1_N (sky130_fd_sc_hd__a21boi_4)
                  0.08    0.16   10.94 v u_regfile._111_/Y (sky130_fd_sc_hd__a21boi_4)
     4    0.04                           u_branch_unit.rs2_val[23] (net)
                  0.10    0.00   10.95 v u_dmem.u_sram/din0[23] (sky130_sram_1kbyte_1rw1r_32x256_8)
                                 10.95   data arrival time

                          0.00    0.00   clock clk (rise edge)
                          0.00    0.00   clock source latency
                  0.00    0.00    0.00 ^ clk (in)
     1    0.13                           clk (net)
                  0.00    0.00    0.00 ^ clkbuf_0_clk/A (sky130_fd_sc_hd__clkbuf_16)
                  0.08    0.14    0.14 ^ clkbuf_0_clk/X (sky130_fd_sc_hd__clkbuf_16)
     4    0.06                           clknet_0_clk (net)
                  0.08    0.00    0.14 ^ clkbuf_2_3_0_clk/A (sky130_fd_sc_hd__clkbuf_8)
                  0.28    0.31    0.46 ^ clkbuf_2_3_0_clk/X (sky130_fd_sc_hd__clkbuf_8)
    10    0.16                           clknet_2_3_0_clk (net)
                  0.37    0.00    0.46 ^ u_dmem.u_sram/clk0 (sky130_sram_1kbyte_1rw1r_32x256_8)
                          0.20    0.66   clock uncertainty
                          0.00    0.66   clock reconvergence pessimism
                         -0.06    0.60   library hold time
                                  0.60   data required time
-----------------------------------------------------------------------------
                                  0.60   data required time
                                -10.95   data arrival time
-----------------------------------------------------------------------------
                                 10.35   slack (MET)


Startpoint: u_regfile.u_sram_rs2
            (falling edge-triggered flip-flop clocked by clk)
Endpoint: u_dmem.u_sram (falling edge-triggered flip-flop clocked by clk)
Path Group: clk
Path Type: min

Fanout     Cap    Slew   Delay    Time   Description
-----------------------------------------------------------------------------
                         10.00   10.00   clock clk (fall edge)
                          0.00   10.00   clock source latency
                  0.00    0.00   10.00 v clk (in)
     1    0.13                           clk (net)
                  0.00    0.00   10.00 v clkbuf_0_clk/A (sky130_fd_sc_hd__clkbuf_16)
                  0.06    0.15   10.15 v clkbuf_0_clk/X (sky130_fd_sc_hd__clkbuf_16)
     4    0.06                           clknet_0_clk (net)
                  0.06    0.00   10.15 v clkbuf_2_3_0_clk/A (sky130_fd_sc_hd__clkbuf_8)
                  0.17    0.26   10.41 v clkbuf_2_3_0_clk/X (sky130_fd_sc_hd__clkbuf_8)
    10    0.16                           clknet_2_3_0_clk (net)
                  0.23    0.00   10.42 v u_regfile.u_sram_rs2/clk1 (sky130_sram_1kbyte_1rw1r_32x256_8)
                  0.00    0.36   10.78 v u_regfile.u_sram_rs2/dout1[19] (sky130_sram_1kbyte_1rw1r_32x256_8)
     1    0.01                           u_regfile.rd2_sram[19] (net)
                  0.00    0.00   10.78 v u_regfile._106_/B1_N (sky130_fd_sc_hd__a21boi_4)
                  0.08    0.17   10.94 v u_regfile._106_/Y (sky130_fd_sc_hd__a21boi_4)
     4    0.05                           u_branch_unit.rs2_val[19] (net)
                  0.11    0.00   10.95 v u_dmem.u_sram/din0[19] (sky130_sram_1kbyte_1rw1r_32x256_8)
                                 10.95   data arrival time

                          0.00    0.00   clock clk (rise edge)
                          0.00    0.00   clock source latency
                  0.00    0.00    0.00 ^ clk (in)
     1    0.13                           clk (net)
                  0.00    0.00    0.00 ^ clkbuf_0_clk/A (sky130_fd_sc_hd__clkbuf_16)
                  0.08    0.14    0.14 ^ clkbuf_0_clk/X (sky130_fd_sc_hd__clkbuf_16)
     4    0.06                           clknet_0_clk (net)
                  0.08    0.00    0.14 ^ clkbuf_2_3_0_clk/A (sky130_fd_sc_hd__clkbuf_8)
                  0.28    0.31    0.46 ^ clkbuf_2_3_0_clk/X (sky130_fd_sc_hd__clkbuf_8)
    10    0.16                           clknet_2_3_0_clk (net)
                  0.37    0.00    0.46 ^ u_dmem.u_sram/clk0 (sky130_sram_1kbyte_1rw1r_32x256_8)
                          0.20    0.66   clock uncertainty
                          0.00    0.66   clock reconvergence pessimism
                         -0.06    0.60   library hold time
                                  0.60   data required time
-----------------------------------------------------------------------------
                                  0.60   data required time
                                -10.95   data arrival time
-----------------------------------------------------------------------------
                                 10.35   slack (MET)


Startpoint: u_regfile.u_sram_rs2
            (falling edge-triggered flip-flop clocked by clk)
Endpoint: u_dmem.u_sram (falling edge-triggered flip-flop clocked by clk)
Path Group: clk
Path Type: min

Fanout     Cap    Slew   Delay    Time   Description
-----------------------------------------------------------------------------
                         10.00   10.00   clock clk (fall edge)
                          0.00   10.00   clock source latency
                  0.00    0.00   10.00 v clk (in)
     1    0.13                           clk (net)
                  0.00    0.00   10.00 v clkbuf_0_clk/A (sky130_fd_sc_hd__clkbuf_16)
                  0.06    0.15   10.15 v clkbuf_0_clk/X (sky130_fd_sc_hd__clkbuf_16)
     4    0.06                           clknet_0_clk (net)
                  0.06    0.00   10.15 v clkbuf_2_3_0_clk/A (sky130_fd_sc_hd__clkbuf_8)
                  0.17    0.26   10.41 v clkbuf_2_3_0_clk/X (sky130_fd_sc_hd__clkbuf_8)
    10    0.16                           clknet_2_3_0_clk (net)
                  0.23    0.00   10.42 v u_regfile.u_sram_rs2/clk1 (sky130_sram_1kbyte_1rw1r_32x256_8)
                  0.00    0.37   10.78 v u_regfile.u_sram_rs2/dout1[28] (sky130_sram_1kbyte_1rw1r_32x256_8)
     1    0.01                           u_regfile.rd2_sram[28] (net)
                  0.00    0.00   10.78 v u_regfile._116_/B1_N (sky130_fd_sc_hd__a21boi_4)
                  0.08    0.16   10.95 v u_regfile._116_/Y (sky130_fd_sc_hd__a21boi_4)
     4    0.04                           u_branch_unit.rs2_val[28] (net)
                  0.10    0.00   10.95 v u_dmem.u_sram/din0[28] (sky130_sram_1kbyte_1rw1r_32x256_8)
                                 10.95   data arrival time

                          0.00    0.00   clock clk (rise edge)
                          0.00    0.00   clock source latency
                  0.00    0.00    0.00 ^ clk (in)
     1    0.13                           clk (net)
                  0.00    0.00    0.00 ^ clkbuf_0_clk/A (sky130_fd_sc_hd__clkbuf_16)
                  0.08    0.14    0.14 ^ clkbuf_0_clk/X (sky130_fd_sc_hd__clkbuf_16)
     4    0.06                           clknet_0_clk (net)
                  0.08    0.00    0.14 ^ clkbuf_2_3_0_clk/A (sky130_fd_sc_hd__clkbuf_8)
                  0.28    0.31    0.46 ^ clkbuf_2_3_0_clk/X (sky130_fd_sc_hd__clkbuf_8)
    10    0.16                           clknet_2_3_0_clk (net)
                  0.37    0.00    0.46 ^ u_dmem.u_sram/clk0 (sky130_sram_1kbyte_1rw1r_32x256_8)
                          0.20    0.66   clock uncertainty
                          0.00    0.66   clock reconvergence pessimism
                         -0.06    0.60   library hold time
                                  0.60   data required time
-----------------------------------------------------------------------------
                                  0.60   data required time
                                -10.95   data arrival time
-----------------------------------------------------------------------------
                                 10.35   slack (MET)


Startpoint: u_regfile.u_sram_rs2
            (falling edge-triggered flip-flop clocked by clk)
Endpoint: u_dmem.u_sram (falling edge-triggered flip-flop clocked by clk)
Path Group: clk
Path Type: min

Fanout     Cap    Slew   Delay    Time   Description
-----------------------------------------------------------------------------
                         10.00   10.00   clock clk (fall edge)
                          0.00   10.00   clock source latency
                  0.00    0.00   10.00 v clk (in)
     1    0.13                           clk (net)
                  0.00    0.00   10.00 v clkbuf_0_clk/A (sky130_fd_sc_hd__clkbuf_16)
                  0.06    0.15   10.15 v clkbuf_0_clk/X (sky130_fd_sc_hd__clkbuf_16)
     4    0.06                           clknet_0_clk (net)
                  0.06    0.00   10.15 v clkbuf_2_3_0_clk/A (sky130_fd_sc_hd__clkbuf_8)
                  0.17    0.26   10.41 v clkbuf_2_3_0_clk/X (sky130_fd_sc_hd__clkbuf_8)
    10    0.16                           clknet_2_3_0_clk (net)
                  0.23    0.00   10.42 v u_regfile.u_sram_rs2/clk1 (sky130_sram_1kbyte_1rw1r_32x256_8)
                  0.01    0.37   10.78 v u_regfile.u_sram_rs2/dout1[29] (sky130_sram_1kbyte_1rw1r_32x256_8)
     1    0.01                           u_regfile.rd2_sram[29] (net)
                  0.00    0.00   10.78 v u_regfile._117_/B1_N (sky130_fd_sc_hd__a21boi_4)
                  0.08    0.16   10.95 v u_regfile._117_/Y (sky130_fd_sc_hd__a21boi_4)
     4    0.04                           u_branch_unit.rs2_val[29] (net)
                  0.10    0.00   10.95 v u_dmem.u_sram/din0[29] (sky130_sram_1kbyte_1rw1r_32x256_8)
                                 10.95   data arrival time

                          0.00    0.00   clock clk (rise edge)
                          0.00    0.00   clock source latency
                  0.00    0.00    0.00 ^ clk (in)
     1    0.13                           clk (net)
                  0.00    0.00    0.00 ^ clkbuf_0_clk/A (sky130_fd_sc_hd__clkbuf_16)
                  0.08    0.14    0.14 ^ clkbuf_0_clk/X (sky130_fd_sc_hd__clkbuf_16)
     4    0.06                           clknet_0_clk (net)
                  0.08    0.00    0.14 ^ clkbuf_2_3_0_clk/A (sky130_fd_sc_hd__clkbuf_8)
                  0.28    0.31    0.46 ^ clkbuf_2_3_0_clk/X (sky130_fd_sc_hd__clkbuf_8)
    10    0.16                           clknet_2_3_0_clk (net)
                  0.37    0.00    0.46 ^ u_dmem.u_sram/clk0 (sky130_sram_1kbyte_1rw1r_32x256_8)
                          0.20    0.66   clock uncertainty
                          0.00    0.66   clock reconvergence pessimism
                         -0.06    0.60   library hold time
                                  0.60   data required time
-----------------------------------------------------------------------------
                                  0.60   data required time
                                -10.95   data arrival time
-----------------------------------------------------------------------------
                                 10.35   slack (MET)


Startpoint: u_regfile.u_sram_rs2
            (falling edge-triggered flip-flop clocked by clk)
Endpoint: u_dmem.u_sram (falling edge-triggered flip-flop clocked by clk)
Path Group: clk
Path Type: min

Fanout     Cap    Slew   Delay    Time   Description
-----------------------------------------------------------------------------
                         10.00   10.00   clock clk (fall edge)
                          0.00   10.00   clock source latency
                  0.00    0.00   10.00 v clk (in)
     1    0.13                           clk (net)
                  0.00    0.00   10.00 v clkbuf_0_clk/A (sky130_fd_sc_hd__clkbuf_16)
                  0.06    0.15   10.15 v clkbuf_0_clk/X (sky130_fd_sc_hd__clkbuf_16)
     4    0.06                           clknet_0_clk (net)
                  0.06    0.00   10.15 v clkbuf_2_3_0_clk/A (sky130_fd_sc_hd__clkbuf_8)
                  0.17    0.26   10.41 v clkbuf_2_3_0_clk/X (sky130_fd_sc_hd__clkbuf_8)
    10    0.16                           clknet_2_3_0_clk (net)
                  0.23    0.00   10.42 v u_regfile.u_sram_rs2/clk1 (sky130_sram_1kbyte_1rw1r_32x256_8)
                  0.01    0.37   10.78 v u_regfile.u_sram_rs2/dout1[2] (sky130_sram_1kbyte_1rw1r_32x256_8)
     1    0.01                           u_regfile.rd2_sram[2] (net)
                  0.00    0.00   10.78 v u_regfile._086_/B1_N (sky130_fd_sc_hd__a21boi_4)
                  0.08    0.16   10.95 v u_regfile._086_/Y (sky130_fd_sc_hd__a21boi_4)
     3    0.04                           u_branch_unit.rs2_val[2] (net)
                  0.10    0.00   10.95 v u_dmem.u_sram/din0[2] (sky130_sram_1kbyte_1rw1r_32x256_8)
                                 10.95   data arrival time

                          0.00    0.00   clock clk (rise edge)
                          0.00    0.00   clock source latency
                  0.00    0.00    0.00 ^ clk (in)
     1    0.13                           clk (net)
                  0.00    0.00    0.00 ^ clkbuf_0_clk/A (sky130_fd_sc_hd__clkbuf_16)
                  0.08    0.14    0.14 ^ clkbuf_0_clk/X (sky130_fd_sc_hd__clkbuf_16)
     4    0.06                           clknet_0_clk (net)
                  0.08    0.00    0.14 ^ clkbuf_2_3_0_clk/A (sky130_fd_sc_hd__clkbuf_8)
                  0.28    0.31    0.46 ^ clkbuf_2_3_0_clk/X (sky130_fd_sc_hd__clkbuf_8)
    10    0.16                           clknet_2_3_0_clk (net)
                  0.37    0.00    0.46 ^ u_dmem.u_sram/clk0 (sky130_sram_1kbyte_1rw1r_32x256_8)
                          0.20    0.66   clock uncertainty
                          0.00    0.66   clock reconvergence pessimism
                         -0.06    0.60   library hold time
                                  0.60   data required time
-----------------------------------------------------------------------------
                                  0.60   data required time
                                -10.95   data arrival time
-----------------------------------------------------------------------------
                                 10.35   slack (MET)


Startpoint: u_regfile.u_sram_rs2
            (falling edge-triggered flip-flop clocked by clk)
Endpoint: u_dmem.u_sram (falling edge-triggered flip-flop clocked by clk)
Path Group: clk
Path Type: min

Fanout     Cap    Slew   Delay    Time   Description
-----------------------------------------------------------------------------
                         10.00   10.00   clock clk (fall edge)
                          0.00   10.00   clock source latency
                  0.00    0.00   10.00 v clk (in)
     1    0.13                           clk (net)
                  0.00    0.00   10.00 v clkbuf_0_clk/A (sky130_fd_sc_hd__clkbuf_16)
                  0.06    0.15   10.15 v clkbuf_0_clk/X (sky130_fd_sc_hd__clkbuf_16)
     4    0.06                           clknet_0_clk (net)
                  0.06    0.00   10.15 v clkbuf_2_3_0_clk/A (sky130_fd_sc_hd__clkbuf_8)
                  0.17    0.26   10.41 v clkbuf_2_3_0_clk/X (sky130_fd_sc_hd__clkbuf_8)
    10    0.16                           clknet_2_3_0_clk (net)
                  0.23    0.00   10.42 v u_regfile.u_sram_rs2/clk1 (sky130_sram_1kbyte_1rw1r_32x256_8)
                  0.01    0.37   10.79 v u_regfile.u_sram_rs2/dout1[3] (sky130_sram_1kbyte_1rw1r_32x256_8)
     1    0.01                           u_regfile.rd2_sram[3] (net)
                  0.00    0.00   10.79 v u_regfile._087_/B1_N (sky130_fd_sc_hd__a21boi_4)
                  0.08    0.16   10.95 v u_regfile._087_/Y (sky130_fd_sc_hd__a21boi_4)
     3    0.04                           u_branch_unit.rs2_val[3] (net)
                  0.10    0.00   10.95 v u_dmem.u_sram/din0[3] (sky130_sram_1kbyte_1rw1r_32x256_8)
                                 10.95   data arrival time

                          0.00    0.00   clock clk (rise edge)
                          0.00    0.00   clock source latency
                  0.00    0.00    0.00 ^ clk (in)
     1    0.13                           clk (net)
                  0.00    0.00    0.00 ^ clkbuf_0_clk/A (sky130_fd_sc_hd__clkbuf_16)
                  0.08    0.14    0.14 ^ clkbuf_0_clk/X (sky130_fd_sc_hd__clkbuf_16)
     4    0.06                           clknet_0_clk (net)
                  0.08    0.00    0.14 ^ clkbuf_2_3_0_clk/A (sky130_fd_sc_hd__clkbuf_8)
                  0.28    0.31    0.46 ^ clkbuf_2_3_0_clk/X (sky130_fd_sc_hd__clkbuf_8)
    10    0.16                           clknet_2_3_0_clk (net)
                  0.37    0.00    0.46 ^ u_dmem.u_sram/clk0 (sky130_sram_1kbyte_1rw1r_32x256_8)
                          0.20    0.66   clock uncertainty
                          0.00    0.66   clock reconvergence pessimism
                         -0.06    0.60   library hold time
                                  0.60   data required time
-----------------------------------------------------------------------------
                                  0.60   data required time
                                -10.95   data arrival time
-----------------------------------------------------------------------------
                                 10.35   slack (MET)


Startpoint: u_regfile.u_sram_rs2
            (falling edge-triggered flip-flop clocked by clk)
Endpoint: u_dmem.u_sram (falling edge-triggered flip-flop clocked by clk)
Path Group: clk
Path Type: min

Fanout     Cap    Slew   Delay    Time   Description
-----------------------------------------------------------------------------
                         10.00   10.00   clock clk (fall edge)
                          0.00   10.00   clock source latency
                  0.00    0.00   10.00 v clk (in)
     1    0.13                           clk (net)
                  0.00    0.00   10.00 v clkbuf_0_clk/A (sky130_fd_sc_hd__clkbuf_16)
                  0.06    0.15   10.15 v clkbuf_0_clk/X (sky130_fd_sc_hd__clkbuf_16)
     4    0.06                           clknet_0_clk (net)
                  0.06    0.00   10.15 v clkbuf_2_3_0_clk/A (sky130_fd_sc_hd__clkbuf_8)
                  0.17    0.26   10.41 v clkbuf_2_3_0_clk/X (sky130_fd_sc_hd__clkbuf_8)
    10    0.16                           clknet_2_3_0_clk (net)
                  0.23    0.00   10.42 v u_regfile.u_sram_rs2/clk1 (sky130_sram_1kbyte_1rw1r_32x256_8)
                  0.01    0.37   10.79 v u_regfile.u_sram_rs2/dout1[10] (sky130_sram_1kbyte_1rw1r_32x256_8)
     1    0.01                           u_regfile.rd2_sram[10] (net)
                  0.00    0.00   10.79 v u_regfile._096_/B1_N (sky130_fd_sc_hd__a21boi_4)
                  0.08    0.17   10.95 v u_regfile._096_/Y (sky130_fd_sc_hd__a21boi_4)
     4    0.05                           u_branch_unit.rs2_val[10] (net)
                  0.11    0.00   10.95 v u_dmem.u_sram/din0[10] (sky130_sram_1kbyte_1rw1r_32x256_8)
                                 10.95   data arrival time

                          0.00    0.00   clock clk (rise edge)
                          0.00    0.00   clock source latency
                  0.00    0.00    0.00 ^ clk (in)
     1    0.13                           clk (net)
                  0.00    0.00    0.00 ^ clkbuf_0_clk/A (sky130_fd_sc_hd__clkbuf_16)
                  0.08    0.14    0.14 ^ clkbuf_0_clk/X (sky130_fd_sc_hd__clkbuf_16)
     4    0.06                           clknet_0_clk (net)
                  0.08    0.00    0.14 ^ clkbuf_2_3_0_clk/A (sky130_fd_sc_hd__clkbuf_8)
                  0.28    0.31    0.46 ^ clkbuf_2_3_0_clk/X (sky130_fd_sc_hd__clkbuf_8)
    10    0.16                           clknet_2_3_0_clk (net)
                  0.37    0.00    0.46 ^ u_dmem.u_sram/clk0 (sky130_sram_1kbyte_1rw1r_32x256_8)
                          0.20    0.66   clock uncertainty
                          0.00    0.66   clock reconvergence pessimism
                         -0.06    0.60   library hold time
                                  0.60   data required time
-----------------------------------------------------------------------------
                                  0.60   data required time
                                -10.95   data arrival time
-----------------------------------------------------------------------------
                                 10.35   slack (MET)


Startpoint: u_regfile.u_sram_rs2
            (falling edge-triggered flip-flop clocked by clk)
Endpoint: u_dmem.u_sram (falling edge-triggered flip-flop clocked by clk)
Path Group: clk
Path Type: min

Fanout     Cap    Slew   Delay    Time   Description
-----------------------------------------------------------------------------
                         10.00   10.00   clock clk (fall edge)
                          0.00   10.00   clock source latency
                  0.00    0.00   10.00 v clk (in)
     1    0.13                           clk (net)
                  0.00    0.00   10.00 v clkbuf_0_clk/A (sky130_fd_sc_hd__clkbuf_16)
                  0.06    0.15   10.15 v clkbuf_0_clk/X (sky130_fd_sc_hd__clkbuf_16)
     4    0.06                           clknet_0_clk (net)
                  0.06    0.00   10.15 v clkbuf_2_3_0_clk/A (sky130_fd_sc_hd__clkbuf_8)
                  0.17    0.26   10.41 v clkbuf_2_3_0_clk/X (sky130_fd_sc_hd__clkbuf_8)
    10    0.16                           clknet_2_3_0_clk (net)
                  0.23    0.00   10.42 v u_regfile.u_sram_rs2/clk1 (sky130_sram_1kbyte_1rw1r_32x256_8)
                  0.01    0.37   10.79 v u_regfile.u_sram_rs2/dout1[9] (sky130_sram_1kbyte_1rw1r_32x256_8)
     1    0.01                           u_regfile.rd2_sram[9] (net)
                  0.00    0.00   10.79 v u_regfile._094_/B1_N (sky130_fd_sc_hd__a21boi_4)
                  0.08    0.17   10.95 v u_regfile._094_/Y (sky130_fd_sc_hd__a21boi_4)
     4    0.04                           u_branch_unit.rs2_val[9] (net)
                  0.10    0.00   10.95 v u_dmem.u_sram/din0[9] (sky130_sram_1kbyte_1rw1r_32x256_8)
                                 10.95   data arrival time

                          0.00    0.00   clock clk (rise edge)
                          0.00    0.00   clock source latency
                  0.00    0.00    0.00 ^ clk (in)
     1    0.13                           clk (net)
                  0.00    0.00    0.00 ^ clkbuf_0_clk/A (sky130_fd_sc_hd__clkbuf_16)
                  0.08    0.14    0.14 ^ clkbuf_0_clk/X (sky130_fd_sc_hd__clkbuf_16)
     4    0.06                           clknet_0_clk (net)
                  0.08    0.00    0.14 ^ clkbuf_2_3_0_clk/A (sky130_fd_sc_hd__clkbuf_8)
                  0.28    0.31    0.46 ^ clkbuf_2_3_0_clk/X (sky130_fd_sc_hd__clkbuf_8)
    10    0.16                           clknet_2_3_0_clk (net)
                  0.37    0.00    0.46 ^ u_dmem.u_sram/clk0 (sky130_sram_1kbyte_1rw1r_32x256_8)
                          0.20    0.66   clock uncertainty
                          0.00    0.66   clock reconvergence pessimism
                         -0.06    0.60   library hold time
                                  0.60   data required time
-----------------------------------------------------------------------------
                                  0.60   data required time
                                -10.95   data arrival time
-----------------------------------------------------------------------------
                                 10.35   slack (MET)


Startpoint: u_regfile.u_sram_rs2
            (falling edge-triggered flip-flop clocked by clk)
Endpoint: u_dmem.u_sram (falling edge-triggered flip-flop clocked by clk)
Path Group: clk
Path Type: min

Fanout     Cap    Slew   Delay    Time   Description
-----------------------------------------------------------------------------
                         10.00   10.00   clock clk (fall edge)
                          0.00   10.00   clock source latency
                  0.00    0.00   10.00 v clk (in)
     1    0.13                           clk (net)
                  0.00    0.00   10.00 v clkbuf_0_clk/A (sky130_fd_sc_hd__clkbuf_16)
                  0.06    0.15   10.15 v clkbuf_0_clk/X (sky130_fd_sc_hd__clkbuf_16)
     4    0.06                           clknet_0_clk (net)
                  0.06    0.00   10.15 v clkbuf_2_3_0_clk/A (sky130_fd_sc_hd__clkbuf_8)
                  0.17    0.26   10.41 v clkbuf_2_3_0_clk/X (sky130_fd_sc_hd__clkbuf_8)
    10    0.16                           clknet_2_3_0_clk (net)
                  0.23    0.00   10.42 v u_regfile.u_sram_rs2/clk1 (sky130_sram_1kbyte_1rw1r_32x256_8)
                  0.01    0.37   10.79 v u_regfile.u_sram_rs2/dout1[12] (sky130_sram_1kbyte_1rw1r_32x256_8)
     1    0.01                           u_regfile.rd2_sram[12] (net)
                  0.00    0.00   10.79 v u_regfile._098_/B1_N (sky130_fd_sc_hd__a21boi_4)
                  0.08    0.17   10.95 v u_regfile._098_/Y (sky130_fd_sc_hd__a21boi_4)
     4    0.05                           u_branch_unit.rs2_val[12] (net)
                  0.11    0.00   10.95 v u_dmem.u_sram/din0[12] (sky130_sram_1kbyte_1rw1r_32x256_8)
                                 10.95   data arrival time

                          0.00    0.00   clock clk (rise edge)
                          0.00    0.00   clock source latency
                  0.00    0.00    0.00 ^ clk (in)
     1    0.13                           clk (net)
                  0.00    0.00    0.00 ^ clkbuf_0_clk/A (sky130_fd_sc_hd__clkbuf_16)
                  0.08    0.14    0.14 ^ clkbuf_0_clk/X (sky130_fd_sc_hd__clkbuf_16)
     4    0.06                           clknet_0_clk (net)
                  0.08    0.00    0.14 ^ clkbuf_2_3_0_clk/A (sky130_fd_sc_hd__clkbuf_8)
                  0.28    0.31    0.46 ^ clkbuf_2_3_0_clk/X (sky130_fd_sc_hd__clkbuf_8)
    10    0.16                           clknet_2_3_0_clk (net)
                  0.37    0.00    0.46 ^ u_dmem.u_sram/clk0 (sky130_sram_1kbyte_1rw1r_32x256_8)
                          0.20    0.66   clock uncertainty
                          0.00    0.66   clock reconvergence pessimism
                         -0.06    0.60   library hold time
                                  0.60   data required time
-----------------------------------------------------------------------------
                                  0.60   data required time
                                -10.95   data arrival time
-----------------------------------------------------------------------------
                                 10.35   slack (MET)


Startpoint: u_regfile.u_sram_rs2
            (falling edge-triggered flip-flop clocked by clk)
Endpoint: u_dmem.u_sram (falling edge-triggered flip-flop clocked by clk)
Path Group: clk
Path Type: min

Fanout     Cap    Slew   Delay    Time   Description
-----------------------------------------------------------------------------
                         10.00   10.00   clock clk (fall edge)
                          0.00   10.00   clock source latency
                  0.00    0.00   10.00 v clk (in)
     1    0.13                           clk (net)
                  0.00    0.00   10.00 v clkbuf_0_clk/A (sky130_fd_sc_hd__clkbuf_16)
                  0.06    0.15   10.15 v clkbuf_0_clk/X (sky130_fd_sc_hd__clkbuf_16)
     4    0.06                           clknet_0_clk (net)
                  0.06    0.00   10.15 v clkbuf_2_3_0_clk/A (sky130_fd_sc_hd__clkbuf_8)
                  0.17    0.26   10.41 v clkbuf_2_3_0_clk/X (sky130_fd_sc_hd__clkbuf_8)
    10    0.16                           clknet_2_3_0_clk (net)
                  0.23    0.00   10.42 v u_regfile.u_sram_rs2/clk1 (sky130_sram_1kbyte_1rw1r_32x256_8)
                  0.01    0.37   10.79 v u_regfile.u_sram_rs2/dout1[11] (sky130_sram_1kbyte_1rw1r_32x256_8)
     1    0.01                           u_regfile.rd2_sram[11] (net)
                  0.00    0.00   10.79 v u_regfile._097_/B1_N (sky130_fd_sc_hd__a21boi_4)
                  0.08    0.17   10.95 v u_regfile._097_/Y (sky130_fd_sc_hd__a21boi_4)
     4    0.05                           u_branch_unit.rs2_val[11] (net)
                  0.11    0.00   10.95 v u_dmem.u_sram/din0[11] (sky130_sram_1kbyte_1rw1r_32x256_8)
                                 10.95   data arrival time

                          0.00    0.00   clock clk (rise edge)
                          0.00    0.00   clock source latency
                  0.00    0.00    0.00 ^ clk (in)
     1    0.13                           clk (net)
                  0.00    0.00    0.00 ^ clkbuf_0_clk/A (sky130_fd_sc_hd__clkbuf_16)
                  0.08    0.14    0.14 ^ clkbuf_0_clk/X (sky130_fd_sc_hd__clkbuf_16)
     4    0.06                           clknet_0_clk (net)
                  0.08    0.00    0.14 ^ clkbuf_2_3_0_clk/A (sky130_fd_sc_hd__clkbuf_8)
                  0.28    0.31    0.46 ^ clkbuf_2_3_0_clk/X (sky130_fd_sc_hd__clkbuf_8)
    10    0.16                           clknet_2_3_0_clk (net)
                  0.37    0.00    0.46 ^ u_dmem.u_sram/clk0 (sky130_sram_1kbyte_1rw1r_32x256_8)
                          0.20    0.66   clock uncertainty
                          0.00    0.66   clock reconvergence pessimism
                         -0.06    0.60   library hold time
                                  0.60   data required time
-----------------------------------------------------------------------------
                                  0.60   data required time
                                -10.95   data arrival time
-----------------------------------------------------------------------------
                                 10.35   slack (MET)


Startpoint: u_regfile.u_sram_rs2
            (falling edge-triggered flip-flop clocked by clk)
Endpoint: u_dmem.u_sram (falling edge-triggered flip-flop clocked by clk)
Path Group: clk
Path Type: min

Fanout     Cap    Slew   Delay    Time   Description
-----------------------------------------------------------------------------
                         10.00   10.00   clock clk (fall edge)
                          0.00   10.00   clock source latency
                  0.00    0.00   10.00 v clk (in)
     1    0.13                           clk (net)
                  0.00    0.00   10.00 v clkbuf_0_clk/A (sky130_fd_sc_hd__clkbuf_16)
                  0.06    0.15   10.15 v clkbuf_0_clk/X (sky130_fd_sc_hd__clkbuf_16)
     4    0.06                           clknet_0_clk (net)
                  0.06    0.00   10.15 v clkbuf_2_3_0_clk/A (sky130_fd_sc_hd__clkbuf_8)
                  0.17    0.26   10.41 v clkbuf_2_3_0_clk/X (sky130_fd_sc_hd__clkbuf_8)
    10    0.16                           clknet_2_3_0_clk (net)
                  0.23    0.00   10.42 v u_regfile.u_sram_rs2/clk1 (sky130_sram_1kbyte_1rw1r_32x256_8)
                  0.01    0.37   10.79 v u_regfile.u_sram_rs2/dout1[16] (sky130_sram_1kbyte_1rw1r_32x256_8)
     1    0.01                           u_regfile.rd2_sram[16] (net)
                  0.00    0.00   10.79 v u_regfile._102_/B1_N (sky130_fd_sc_hd__a21boi_4)
                  0.08    0.17   10.95 v u_regfile._102_/Y (sky130_fd_sc_hd__a21boi_4)
     4    0.04                           u_branch_unit.rs2_val[16] (net)
                  0.10    0.00   10.95 v u_dmem.u_sram/din0[16] (sky130_sram_1kbyte_1rw1r_32x256_8)
                                 10.95   data arrival time

                          0.00    0.00   clock clk (rise edge)
                          0.00    0.00   clock source latency
                  0.00    0.00    0.00 ^ clk (in)
     1    0.13                           clk (net)
                  0.00    0.00    0.00 ^ clkbuf_0_clk/A (sky130_fd_sc_hd__clkbuf_16)
                  0.08    0.14    0.14 ^ clkbuf_0_clk/X (sky130_fd_sc_hd__clkbuf_16)
     4    0.06                           clknet_0_clk (net)
                  0.08    0.00    0.14 ^ clkbuf_2_3_0_clk/A (sky130_fd_sc_hd__clkbuf_8)
                  0.28    0.31    0.46 ^ clkbuf_2_3_0_clk/X (sky130_fd_sc_hd__clkbuf_8)
    10    0.16                           clknet_2_3_0_clk (net)
                  0.37    0.00    0.46 ^ u_dmem.u_sram/clk0 (sky130_sram_1kbyte_1rw1r_32x256_8)
                          0.20    0.66   clock uncertainty
                          0.00    0.66   clock reconvergence pessimism
                         -0.06    0.60   library hold time
                                  0.60   data required time
-----------------------------------------------------------------------------
                                  0.60   data required time
                                -10.95   data arrival time
-----------------------------------------------------------------------------
                                 10.35   slack (MET)


Startpoint: u_regfile.u_sram_rs2
            (falling edge-triggered flip-flop clocked by clk)
Endpoint: u_dmem.u_sram (falling edge-triggered flip-flop clocked by clk)
Path Group: clk
Path Type: min

Fanout     Cap    Slew   Delay    Time   Description
-----------------------------------------------------------------------------
                         10.00   10.00   clock clk (fall edge)
                          0.00   10.00   clock source latency
                  0.00    0.00   10.00 v clk (in)
     1    0.13                           clk (net)
                  0.00    0.00   10.00 v clkbuf_0_clk/A (sky130_fd_sc_hd__clkbuf_16)
                  0.06    0.15   10.15 v clkbuf_0_clk/X (sky130_fd_sc_hd__clkbuf_16)
     4    0.06                           clknet_0_clk (net)
                  0.06    0.00   10.15 v clkbuf_2_3_0_clk/A (sky130_fd_sc_hd__clkbuf_8)
                  0.17    0.26   10.41 v clkbuf_2_3_0_clk/X (sky130_fd_sc_hd__clkbuf_8)
    10    0.16                           clknet_2_3_0_clk (net)
                  0.23    0.00   10.42 v u_regfile.u_sram_rs2/clk1 (sky130_sram_1kbyte_1rw1r_32x256_8)
                  0.01    0.37   10.79 v u_regfile.u_sram_rs2/dout1[17] (sky130_sram_1kbyte_1rw1r_32x256_8)
     1    0.01                           u_regfile.rd2_sram[17] (net)
                  0.00    0.00   10.79 v u_regfile._103_/B1_N (sky130_fd_sc_hd__a21boi_4)
                  0.08    0.17   10.95 v u_regfile._103_/Y (sky130_fd_sc_hd__a21boi_4)
     4    0.04                           u_branch_unit.rs2_val[17] (net)
                  0.11    0.00   10.95 v u_dmem.u_sram/din0[17] (sky130_sram_1kbyte_1rw1r_32x256_8)
                                 10.95   data arrival time

                          0.00    0.00   clock clk (rise edge)
                          0.00    0.00   clock source latency
                  0.00    0.00    0.00 ^ clk (in)
     1    0.13                           clk (net)
                  0.00    0.00    0.00 ^ clkbuf_0_clk/A (sky130_fd_sc_hd__clkbuf_16)
                  0.08    0.14    0.14 ^ clkbuf_0_clk/X (sky130_fd_sc_hd__clkbuf_16)
     4    0.06                           clknet_0_clk (net)
                  0.08    0.00    0.14 ^ clkbuf_2_3_0_clk/A (sky130_fd_sc_hd__clkbuf_8)
                  0.28    0.31    0.46 ^ clkbuf_2_3_0_clk/X (sky130_fd_sc_hd__clkbuf_8)
    10    0.16                           clknet_2_3_0_clk (net)
                  0.37    0.00    0.46 ^ u_dmem.u_sram/clk0 (sky130_sram_1kbyte_1rw1r_32x256_8)
                          0.20    0.66   clock uncertainty
                          0.00    0.66   clock reconvergence pessimism
                         -0.06    0.60   library hold time
                                  0.60   data required time
-----------------------------------------------------------------------------
                                  0.60   data required time
                                -10.95   data arrival time
-----------------------------------------------------------------------------
                                 10.35   slack (MET)


Startpoint: u_regfile.u_sram_rs2
            (falling edge-triggered flip-flop clocked by clk)
Endpoint: u_dmem.u_sram (falling edge-triggered flip-flop clocked by clk)
Path Group: clk
Path Type: min

Fanout     Cap    Slew   Delay    Time   Description
-----------------------------------------------------------------------------
                         10.00   10.00   clock clk (fall edge)
                          0.00   10.00   clock source latency
                  0.00    0.00   10.00 v clk (in)
     1    0.13                           clk (net)
                  0.00    0.00   10.00 v clkbuf_0_clk/A (sky130_fd_sc_hd__clkbuf_16)
                  0.06    0.15   10.15 v clkbuf_0_clk/X (sky130_fd_sc_hd__clkbuf_16)
     4    0.06                           clknet_0_clk (net)
                  0.06    0.00   10.15 v clkbuf_2_3_0_clk/A (sky130_fd_sc_hd__clkbuf_8)
                  0.17    0.26   10.41 v clkbuf_2_3_0_clk/X (sky130_fd_sc_hd__clkbuf_8)
    10    0.16                           clknet_2_3_0_clk (net)
                  0.23    0.00   10.42 v u_regfile.u_sram_rs2/clk1 (sky130_sram_1kbyte_1rw1r_32x256_8)
                  0.01    0.37   10.79 v u_regfile.u_sram_rs2/dout1[13] (sky130_sram_1kbyte_1rw1r_32x256_8)
     1    0.01                           u_regfile.rd2_sram[13] (net)
                  0.00    0.00   10.79 v u_regfile._099_/B1_N (sky130_fd_sc_hd__a21boi_4)
                  0.08    0.16   10.95 v u_regfile._099_/Y (sky130_fd_sc_hd__a21boi_4)
     3    0.04                           u_branch_unit.rs2_val[13] (net)
                  0.10    0.00   10.95 v u_dmem.u_sram/din0[13] (sky130_sram_1kbyte_1rw1r_32x256_8)
                                 10.95   data arrival time

                          0.00    0.00   clock clk (rise edge)
                          0.00    0.00   clock source latency
                  0.00    0.00    0.00 ^ clk (in)
     1    0.13                           clk (net)
                  0.00    0.00    0.00 ^ clkbuf_0_clk/A (sky130_fd_sc_hd__clkbuf_16)
                  0.08    0.14    0.14 ^ clkbuf_0_clk/X (sky130_fd_sc_hd__clkbuf_16)
     4    0.06                           clknet_0_clk (net)
                  0.08    0.00    0.14 ^ clkbuf_2_3_0_clk/A (sky130_fd_sc_hd__clkbuf_8)
                  0.28    0.31    0.46 ^ clkbuf_2_3_0_clk/X (sky130_fd_sc_hd__clkbuf_8)
    10    0.16                           clknet_2_3_0_clk (net)
                  0.37    0.00    0.46 ^ u_dmem.u_sram/clk0 (sky130_sram_1kbyte_1rw1r_32x256_8)
                          0.20    0.66   clock uncertainty
                          0.00    0.66   clock reconvergence pessimism
                         -0.06    0.60   library hold time
                                  0.60   data required time
-----------------------------------------------------------------------------
                                  0.60   data required time
                                -10.95   data arrival time
-----------------------------------------------------------------------------
                                 10.35   slack (MET)


Startpoint: u_regfile.u_sram_rs2
            (falling edge-triggered flip-flop clocked by clk)
Endpoint: u_dmem.u_sram (falling edge-triggered flip-flop clocked by clk)
Path Group: clk
Path Type: min

Fanout     Cap    Slew   Delay    Time   Description
-----------------------------------------------------------------------------
                         10.00   10.00   clock clk (fall edge)
                          0.00   10.00   clock source latency
                  0.00    0.00   10.00 v clk (in)
     1    0.13                           clk (net)
                  0.00    0.00   10.00 v clkbuf_0_clk/A (sky130_fd_sc_hd__clkbuf_16)
                  0.06    0.15   10.15 v clkbuf_0_clk/X (sky130_fd_sc_hd__clkbuf_16)
     4    0.06                           clknet_0_clk (net)
                  0.06    0.00   10.15 v clkbuf_2_3_0_clk/A (sky130_fd_sc_hd__clkbuf_8)
                  0.17    0.26   10.41 v clkbuf_2_3_0_clk/X (sky130_fd_sc_hd__clkbuf_8)
    10    0.16                           clknet_2_3_0_clk (net)
                  0.23    0.00   10.42 v u_regfile.u_sram_rs2/clk1 (sky130_sram_1kbyte_1rw1r_32x256_8)
                  0.01    0.37   10.79 v u_regfile.u_sram_rs2/dout1[14] (sky130_sram_1kbyte_1rw1r_32x256_8)
     1    0.01                           u_regfile.rd2_sram[14] (net)
                  0.00    0.00   10.79 v u_regfile._100_/B1_N (sky130_fd_sc_hd__a21boi_4)
                  0.08    0.17   10.95 v u_regfile._100_/Y (sky130_fd_sc_hd__a21boi_4)
     3    0.04                           u_branch_unit.rs2_val[14] (net)
                  0.10    0.00   10.96 v u_dmem.u_sram/din0[14] (sky130_sram_1kbyte_1rw1r_32x256_8)
                                 10.96   data arrival time

                          0.00    0.00   clock clk (rise edge)
                          0.00    0.00   clock source latency
                  0.00    0.00    0.00 ^ clk (in)
     1    0.13                           clk (net)
                  0.00    0.00    0.00 ^ clkbuf_0_clk/A (sky130_fd_sc_hd__clkbuf_16)
                  0.08    0.14    0.14 ^ clkbuf_0_clk/X (sky130_fd_sc_hd__clkbuf_16)
     4    0.06                           clknet_0_clk (net)
                  0.08    0.00    0.14 ^ clkbuf_2_3_0_clk/A (sky130_fd_sc_hd__clkbuf_8)
                  0.28    0.31    0.46 ^ clkbuf_2_3_0_clk/X (sky130_fd_sc_hd__clkbuf_8)
    10    0.16                           clknet_2_3_0_clk (net)
                  0.37    0.00    0.46 ^ u_dmem.u_sram/clk0 (sky130_sram_1kbyte_1rw1r_32x256_8)
                          0.20    0.66   clock uncertainty
                          0.00    0.66   clock reconvergence pessimism
                         -0.06    0.60   library hold time
                                  0.60   data required time
-----------------------------------------------------------------------------
                                  0.60   data required time
                                -10.96   data arrival time
-----------------------------------------------------------------------------
                                 10.36   slack (MET)


Startpoint: u_regfile.u_sram_rs2
            (falling edge-triggered flip-flop clocked by clk)
Endpoint: u_dmem.u_sram (falling edge-triggered flip-flop clocked by clk)
Path Group: clk
Path Type: min

Fanout     Cap    Slew   Delay    Time   Description
-----------------------------------------------------------------------------
                         10.00   10.00   clock clk (fall edge)
                          0.00   10.00   clock source latency
                  0.00    0.00   10.00 v clk (in)
     1    0.13                           clk (net)
                  0.00    0.00   10.00 v clkbuf_0_clk/A (sky130_fd_sc_hd__clkbuf_16)
                  0.06    0.15   10.15 v clkbuf_0_clk/X (sky130_fd_sc_hd__clkbuf_16)
     4    0.06                           clknet_0_clk (net)
                  0.06    0.00   10.15 v clkbuf_2_3_0_clk/A (sky130_fd_sc_hd__clkbuf_8)
                  0.17    0.26   10.41 v clkbuf_2_3_0_clk/X (sky130_fd_sc_hd__clkbuf_8)
    10    0.16                           clknet_2_3_0_clk (net)
                  0.23    0.00   10.42 v u_regfile.u_sram_rs2/clk1 (sky130_sram_1kbyte_1rw1r_32x256_8)
                  0.01    0.37   10.79 v u_regfile.u_sram_rs2/dout1[30] (sky130_sram_1kbyte_1rw1r_32x256_8)
     1    0.01                           u_regfile.rd2_sram[30] (net)
                  0.00    0.00   10.79 v u_regfile._118_/B1_N (sky130_fd_sc_hd__a21boi_4)
                  0.08    0.17   10.96 v u_regfile._118_/Y (sky130_fd_sc_hd__a21boi_4)
     4    0.05                           u_branch_unit.rs2_val[30] (net)
                  0.11    0.00   10.96 v u_dmem.u_sram/din0[30] (sky130_sram_1kbyte_1rw1r_32x256_8)
                                 10.96   data arrival time

                          0.00    0.00   clock clk (rise edge)
                          0.00    0.00   clock source latency
                  0.00    0.00    0.00 ^ clk (in)
     1    0.13                           clk (net)
                  0.00    0.00    0.00 ^ clkbuf_0_clk/A (sky130_fd_sc_hd__clkbuf_16)
                  0.08    0.14    0.14 ^ clkbuf_0_clk/X (sky130_fd_sc_hd__clkbuf_16)
     4    0.06                           clknet_0_clk (net)
                  0.08    0.00    0.14 ^ clkbuf_2_3_0_clk/A (sky130_fd_sc_hd__clkbuf_8)
                  0.28    0.31    0.46 ^ clkbuf_2_3_0_clk/X (sky130_fd_sc_hd__clkbuf_8)
    10    0.16                           clknet_2_3_0_clk (net)
                  0.37    0.00    0.46 ^ u_dmem.u_sram/clk0 (sky130_sram_1kbyte_1rw1r_32x256_8)
                          0.20    0.66   clock uncertainty
                          0.00    0.66   clock reconvergence pessimism
                         -0.06    0.60   library hold time
                                  0.60   data required time
-----------------------------------------------------------------------------
                                  0.60   data required time
                                -10.96   data arrival time
-----------------------------------------------------------------------------
                                 10.36   slack (MET)


Startpoint: u_regfile.u_sram_rs2
            (falling edge-triggered flip-flop clocked by clk)
Endpoint: u_dmem.u_sram (falling edge-triggered flip-flop clocked by clk)
Path Group: clk
Path Type: min

Fanout     Cap    Slew   Delay    Time   Description
-----------------------------------------------------------------------------
                         10.00   10.00   clock clk (fall edge)
                          0.00   10.00   clock source latency
                  0.00    0.00   10.00 v clk (in)
     1    0.13                           clk (net)
                  0.00    0.00   10.00 v clkbuf_0_clk/A (sky130_fd_sc_hd__clkbuf_16)
                  0.06    0.15   10.15 v clkbuf_0_clk/X (sky130_fd_sc_hd__clkbuf_16)
     4    0.06                           clknet_0_clk (net)
                  0.06    0.00   10.15 v clkbuf_2_3_0_clk/A (sky130_fd_sc_hd__clkbuf_8)
                  0.17    0.26   10.41 v clkbuf_2_3_0_clk/X (sky130_fd_sc_hd__clkbuf_8)
    10    0.16                           clknet_2_3_0_clk (net)
                  0.23    0.00   10.42 v u_regfile.u_sram_rs2/clk1 (sky130_sram_1kbyte_1rw1r_32x256_8)
                  0.01    0.38   10.79 v u_regfile.u_sram_rs2/dout1[8] (sky130_sram_1kbyte_1rw1r_32x256_8)
     1    0.01                           u_regfile.rd2_sram[8] (net)
                  0.00    0.00   10.79 v u_regfile._092_/B1_N (sky130_fd_sc_hd__a21boi_4)
                  0.08    0.16   10.96 v u_regfile._092_/Y (sky130_fd_sc_hd__a21boi_4)
     4    0.04                           u_branch_unit.rs2_val[8] (net)
                  0.10    0.00   10.96 v u_dmem.u_sram/din0[8] (sky130_sram_1kbyte_1rw1r_32x256_8)
                                 10.96   data arrival time

                          0.00    0.00   clock clk (rise edge)
                          0.00    0.00   clock source latency
                  0.00    0.00    0.00 ^ clk (in)
     1    0.13                           clk (net)
                  0.00    0.00    0.00 ^ clkbuf_0_clk/A (sky130_fd_sc_hd__clkbuf_16)
                  0.08    0.14    0.14 ^ clkbuf_0_clk/X (sky130_fd_sc_hd__clkbuf_16)
     4    0.06                           clknet_0_clk (net)
                  0.08    0.00    0.14 ^ clkbuf_2_3_0_clk/A (sky130_fd_sc_hd__clkbuf_8)
                  0.28    0.31    0.46 ^ clkbuf_2_3_0_clk/X (sky130_fd_sc_hd__clkbuf_8)
    10    0.16                           clknet_2_3_0_clk (net)
                  0.37    0.00    0.46 ^ u_dmem.u_sram/clk0 (sky130_sram_1kbyte_1rw1r_32x256_8)
                          0.20    0.66   clock uncertainty
                          0.00    0.66   clock reconvergence pessimism
                         -0.06    0.60   library hold time
                                  0.60   data required time
-----------------------------------------------------------------------------
                                  0.60   data required time
                                -10.96   data arrival time
-----------------------------------------------------------------------------
                                 10.36   slack (MET)


Startpoint: u_regfile.u_sram_rs2
            (falling edge-triggered flip-flop clocked by clk)
Endpoint: u_dmem.u_sram (falling edge-triggered flip-flop clocked by clk)
Path Group: clk
Path Type: min

Fanout     Cap    Slew   Delay    Time   Description
-----------------------------------------------------------------------------
                         10.00   10.00   clock clk (fall edge)
                          0.00   10.00   clock source latency
                  0.00    0.00   10.00 v clk (in)
     1    0.13                           clk (net)
                  0.00    0.00   10.00 v clkbuf_0_clk/A (sky130_fd_sc_hd__clkbuf_16)
                  0.06    0.15   10.15 v clkbuf_0_clk/X (sky130_fd_sc_hd__clkbuf_16)
     4    0.06                           clknet_0_clk (net)
                  0.06    0.00   10.15 v clkbuf_2_3_0_clk/A (sky130_fd_sc_hd__clkbuf_8)
                  0.17    0.26   10.41 v clkbuf_2_3_0_clk/X (sky130_fd_sc_hd__clkbuf_8)
    10    0.16                           clknet_2_3_0_clk (net)
                  0.23    0.00   10.42 v u_regfile.u_sram_rs2/clk1 (sky130_sram_1kbyte_1rw1r_32x256_8)
                  0.01    0.37   10.79 v u_regfile.u_sram_rs2/dout1[6] (sky130_sram_1kbyte_1rw1r_32x256_8)
     1    0.01                           u_regfile.rd2_sram[6] (net)
                  0.00    0.00   10.79 v u_regfile._090_/B1_N (sky130_fd_sc_hd__a21boi_4)
                  0.08    0.17   10.96 v u_regfile._090_/Y (sky130_fd_sc_hd__a21boi_4)
     5    0.05                           u_branch_unit.rs2_val[6] (net)
                  0.11    0.00   10.96 v u_dmem.u_sram/din0[6] (sky130_sram_1kbyte_1rw1r_32x256_8)
                                 10.96   data arrival time

                          0.00    0.00   clock clk (rise edge)
                          0.00    0.00   clock source latency
                  0.00    0.00    0.00 ^ clk (in)
     1    0.13                           clk (net)
                  0.00    0.00    0.00 ^ clkbuf_0_clk/A (sky130_fd_sc_hd__clkbuf_16)
                  0.08    0.14    0.14 ^ clkbuf_0_clk/X (sky130_fd_sc_hd__clkbuf_16)
     4    0.06                           clknet_0_clk (net)
                  0.08    0.00    0.14 ^ clkbuf_2_3_0_clk/A (sky130_fd_sc_hd__clkbuf_8)
                  0.28    0.31    0.46 ^ clkbuf_2_3_0_clk/X (sky130_fd_sc_hd__clkbuf_8)
    10    0.16                           clknet_2_3_0_clk (net)
                  0.37    0.00    0.46 ^ u_dmem.u_sram/clk0 (sky130_sram_1kbyte_1rw1r_32x256_8)
                          0.20    0.66   clock uncertainty
                          0.00    0.66   clock reconvergence pessimism
                         -0.06    0.60   library hold time
                                  0.60   data required time
-----------------------------------------------------------------------------
                                  0.60   data required time
                                -10.96   data arrival time
-----------------------------------------------------------------------------
                                 10.36   slack (MET)


Startpoint: u_regfile.u_sram_rs2
            (falling edge-triggered flip-flop clocked by clk)
Endpoint: u_dmem.u_sram (falling edge-triggered flip-flop clocked by clk)
Path Group: clk
Path Type: min

Fanout     Cap    Slew   Delay    Time   Description
-----------------------------------------------------------------------------
                         10.00   10.00   clock clk (fall edge)
                          0.00   10.00   clock source latency
                  0.00    0.00   10.00 v clk (in)
     1    0.13                           clk (net)
                  0.00    0.00   10.00 v clkbuf_0_clk/A (sky130_fd_sc_hd__clkbuf_16)
                  0.06    0.15   10.15 v clkbuf_0_clk/X (sky130_fd_sc_hd__clkbuf_16)
     4    0.06                           clknet_0_clk (net)
                  0.06    0.00   10.15 v clkbuf_2_3_0_clk/A (sky130_fd_sc_hd__clkbuf_8)
                  0.17    0.26   10.41 v clkbuf_2_3_0_clk/X (sky130_fd_sc_hd__clkbuf_8)
    10    0.16                           clknet_2_3_0_clk (net)
                  0.23    0.00   10.42 v u_regfile.u_sram_rs2/clk1 (sky130_sram_1kbyte_1rw1r_32x256_8)
                  0.01    0.38   10.79 v u_regfile.u_sram_rs2/dout1[4] (sky130_sram_1kbyte_1rw1r_32x256_8)
     1    0.01                           u_regfile.rd2_sram[4] (net)
                  0.00    0.00   10.79 v u_regfile._088_/B1_N (sky130_fd_sc_hd__a21boi_4)
                  0.08    0.17   10.96 v u_regfile._088_/Y (sky130_fd_sc_hd__a21boi_4)
     4    0.05                           u_branch_unit.rs2_val[4] (net)
                  0.11    0.00   10.96 v u_dmem.u_sram/din0[4] (sky130_sram_1kbyte_1rw1r_32x256_8)
                                 10.96   data arrival time

                          0.00    0.00   clock clk (rise edge)
                          0.00    0.00   clock source latency
                  0.00    0.00    0.00 ^ clk (in)
     1    0.13                           clk (net)
                  0.00    0.00    0.00 ^ clkbuf_0_clk/A (sky130_fd_sc_hd__clkbuf_16)
                  0.08    0.14    0.14 ^ clkbuf_0_clk/X (sky130_fd_sc_hd__clkbuf_16)
     4    0.06                           clknet_0_clk (net)
                  0.08    0.00    0.14 ^ clkbuf_2_3_0_clk/A (sky130_fd_sc_hd__clkbuf_8)
                  0.28    0.31    0.46 ^ clkbuf_2_3_0_clk/X (sky130_fd_sc_hd__clkbuf_8)
    10    0.16                           clknet_2_3_0_clk (net)
                  0.37    0.00    0.46 ^ u_dmem.u_sram/clk0 (sky130_sram_1kbyte_1rw1r_32x256_8)
                          0.20    0.66   clock uncertainty
                          0.00    0.66   clock reconvergence pessimism
                         -0.06    0.60   library hold time
                                  0.60   data required time
-----------------------------------------------------------------------------
                                  0.60   data required time
                                -10.96   data arrival time
-----------------------------------------------------------------------------
                                 10.36   slack (MET)


Startpoint: u_regfile.u_sram_rs2
            (falling edge-triggered flip-flop clocked by clk)
Endpoint: u_dmem.u_sram (falling edge-triggered flip-flop clocked by clk)
Path Group: clk
Path Type: min

Fanout     Cap    Slew   Delay    Time   Description
-----------------------------------------------------------------------------
                         10.00   10.00   clock clk (fall edge)
                          0.00   10.00   clock source latency
                  0.00    0.00   10.00 v clk (in)
     1    0.13                           clk (net)
                  0.00    0.00   10.00 v clkbuf_0_clk/A (sky130_fd_sc_hd__clkbuf_16)
                  0.06    0.15   10.15 v clkbuf_0_clk/X (sky130_fd_sc_hd__clkbuf_16)
     4    0.06                           clknet_0_clk (net)
                  0.06    0.00   10.15 v clkbuf_2_3_0_clk/A (sky130_fd_sc_hd__clkbuf_8)
                  0.17    0.26   10.41 v clkbuf_2_3_0_clk/X (sky130_fd_sc_hd__clkbuf_8)
    10    0.16                           clknet_2_3_0_clk (net)
                  0.23    0.00   10.42 v u_regfile.u_sram_rs2/clk1 (sky130_sram_1kbyte_1rw1r_32x256_8)
                  0.01    0.38   10.79 v u_regfile.u_sram_rs2/dout1[15] (sky130_sram_1kbyte_1rw1r_32x256_8)
     1    0.01                           u_regfile.rd2_sram[15] (net)
                  0.00    0.00   10.79 v u_regfile._101_/B1_N (sky130_fd_sc_hd__a21boi_4)
                  0.08    0.17   10.96 v u_regfile._101_/Y (sky130_fd_sc_hd__a21boi_4)
     4    0.05                           u_branch_unit.rs2_val[15] (net)
                  0.11    0.00   10.96 v u_dmem.u_sram/din0[15] (sky130_sram_1kbyte_1rw1r_32x256_8)
                                 10.96   data arrival time

                          0.00    0.00   clock clk (rise edge)
                          0.00    0.00   clock source latency
                  0.00    0.00    0.00 ^ clk (in)
     1    0.13                           clk (net)
                  0.00    0.00    0.00 ^ clkbuf_0_clk/A (sky130_fd_sc_hd__clkbuf_16)
                  0.08    0.14    0.14 ^ clkbuf_0_clk/X (sky130_fd_sc_hd__clkbuf_16)
     4    0.06                           clknet_0_clk (net)
                  0.08    0.00    0.14 ^ clkbuf_2_3_0_clk/A (sky130_fd_sc_hd__clkbuf_8)
                  0.28    0.31    0.46 ^ clkbuf_2_3_0_clk/X (sky130_fd_sc_hd__clkbuf_8)
    10    0.16                           clknet_2_3_0_clk (net)
                  0.37    0.00    0.46 ^ u_dmem.u_sram/clk0 (sky130_sram_1kbyte_1rw1r_32x256_8)
                          0.20    0.66   clock uncertainty
                          0.00    0.66   clock reconvergence pessimism
                         -0.06    0.60   library hold time
                                  0.60   data required time
-----------------------------------------------------------------------------
                                  0.60   data required time
                                -10.96   data arrival time
-----------------------------------------------------------------------------
                                 10.36   slack (MET)


Startpoint: u_regfile.u_sram_rs2
            (falling edge-triggered flip-flop clocked by clk)
Endpoint: u_dmem.u_sram (falling edge-triggered flip-flop clocked by clk)
Path Group: clk
Path Type: min

Fanout     Cap    Slew   Delay    Time   Description
-----------------------------------------------------------------------------
                         10.00   10.00   clock clk (fall edge)
                          0.00   10.00   clock source latency
                  0.00    0.00   10.00 v clk (in)
     1    0.13                           clk (net)
                  0.00    0.00   10.00 v clkbuf_0_clk/A (sky130_fd_sc_hd__clkbuf_16)
                  0.06    0.15   10.15 v clkbuf_0_clk/X (sky130_fd_sc_hd__clkbuf_16)
     4    0.06                           clknet_0_clk (net)
                  0.06    0.00   10.15 v clkbuf_2_3_0_clk/A (sky130_fd_sc_hd__clkbuf_8)
                  0.17    0.26   10.41 v clkbuf_2_3_0_clk/X (sky130_fd_sc_hd__clkbuf_8)
    10    0.16                           clknet_2_3_0_clk (net)
                  0.23    0.00   10.42 v u_regfile.u_sram_rs2/clk1 (sky130_sram_1kbyte_1rw1r_32x256_8)
                  0.01    0.38   10.79 v u_regfile.u_sram_rs2/dout1[7] (sky130_sram_1kbyte_1rw1r_32x256_8)
     1    0.01                           u_regfile.rd2_sram[7] (net)
                  0.00    0.00   10.79 v u_regfile._091_/B1_N (sky130_fd_sc_hd__a21boi_4)
                  0.08    0.17   10.96 v u_regfile._091_/Y (sky130_fd_sc_hd__a21boi_4)
     4    0.05                           u_branch_unit.rs2_val[7] (net)
                  0.11    0.00   10.96 v u_dmem.u_sram/din0[7] (sky130_sram_1kbyte_1rw1r_32x256_8)
                                 10.96   data arrival time

                          0.00    0.00   clock clk (rise edge)
                          0.00    0.00   clock source latency
                  0.00    0.00    0.00 ^ clk (in)
     1    0.13                           clk (net)
                  0.00    0.00    0.00 ^ clkbuf_0_clk/A (sky130_fd_sc_hd__clkbuf_16)
                  0.08    0.14    0.14 ^ clkbuf_0_clk/X (sky130_fd_sc_hd__clkbuf_16)
     4    0.06                           clknet_0_clk (net)
                  0.08    0.00    0.14 ^ clkbuf_2_3_0_clk/A (sky130_fd_sc_hd__clkbuf_8)
                  0.28    0.31    0.46 ^ clkbuf_2_3_0_clk/X (sky130_fd_sc_hd__clkbuf_8)
    10    0.16                           clknet_2_3_0_clk (net)
                  0.37    0.00    0.46 ^ u_dmem.u_sram/clk0 (sky130_sram_1kbyte_1rw1r_32x256_8)
                          0.20    0.66   clock uncertainty
                          0.00    0.66   clock reconvergence pessimism
                         -0.06    0.60   library hold time
                                  0.60   data required time
-----------------------------------------------------------------------------
                                  0.60   data required time
                                -10.96   data arrival time
-----------------------------------------------------------------------------
                                 10.36   slack (MET)


Startpoint: u_regfile.u_sram_rs2
            (falling edge-triggered flip-flop clocked by clk)
Endpoint: u_dmem.u_sram (falling edge-triggered flip-flop clocked by clk)
Path Group: clk
Path Type: min

Fanout     Cap    Slew   Delay    Time   Description
-----------------------------------------------------------------------------
                         10.00   10.00   clock clk (fall edge)
                          0.00   10.00   clock source latency
                  0.00    0.00   10.00 v clk (in)
     1    0.13                           clk (net)
                  0.00    0.00   10.00 v clkbuf_0_clk/A (sky130_fd_sc_hd__clkbuf_16)
                  0.06    0.15   10.15 v clkbuf_0_clk/X (sky130_fd_sc_hd__clkbuf_16)
     4    0.06                           clknet_0_clk (net)
                  0.06    0.00   10.15 v clkbuf_2_3_0_clk/A (sky130_fd_sc_hd__clkbuf_8)
                  0.17    0.26   10.41 v clkbuf_2_3_0_clk/X (sky130_fd_sc_hd__clkbuf_8)
    10    0.16                           clknet_2_3_0_clk (net)
                  0.23    0.00   10.42 v u_regfile.u_sram_rs2/clk1 (sky130_sram_1kbyte_1rw1r_32x256_8)
                  0.01    0.38   10.79 v u_regfile.u_sram_rs2/dout1[5] (sky130_sram_1kbyte_1rw1r_32x256_8)
     1    0.01                           u_regfile.rd2_sram[5] (net)
                  0.00    0.00   10.79 v u_regfile._089_/B1_N (sky130_fd_sc_hd__a21boi_4)
                  0.08    0.17   10.96 v u_regfile._089_/Y (sky130_fd_sc_hd__a21boi_4)
     4    0.05                           u_branch_unit.rs2_val[5] (net)
                  0.11    0.00   10.96 v u_dmem.u_sram/din0[5] (sky130_sram_1kbyte_1rw1r_32x256_8)
                                 10.96   data arrival time

                          0.00    0.00   clock clk (rise edge)
                          0.00    0.00   clock source latency
                  0.00    0.00    0.00 ^ clk (in)
     1    0.13                           clk (net)
                  0.00    0.00    0.00 ^ clkbuf_0_clk/A (sky130_fd_sc_hd__clkbuf_16)
                  0.08    0.14    0.14 ^ clkbuf_0_clk/X (sky130_fd_sc_hd__clkbuf_16)
     4    0.06                           clknet_0_clk (net)
                  0.08    0.00    0.14 ^ clkbuf_2_3_0_clk/A (sky130_fd_sc_hd__clkbuf_8)
                  0.28    0.31    0.46 ^ clkbuf_2_3_0_clk/X (sky130_fd_sc_hd__clkbuf_8)
    10    0.16                           clknet_2_3_0_clk (net)
                  0.37    0.00    0.46 ^ u_dmem.u_sram/clk0 (sky130_sram_1kbyte_1rw1r_32x256_8)
                          0.20    0.66   clock uncertainty
                          0.00    0.66   clock reconvergence pessimism
                         -0.06    0.60   library hold time
                                  0.60   data required time
-----------------------------------------------------------------------------
                                  0.60   data required time
                                -10.96   data arrival time
-----------------------------------------------------------------------------
                                 10.36   slack (MET)


Startpoint: u_regfile.u_sram_rs2
            (falling edge-triggered flip-flop clocked by clk)
Endpoint: u_dmem.u_sram (falling edge-triggered flip-flop clocked by clk)
Path Group: clk
Path Type: min

Fanout     Cap    Slew   Delay    Time   Description
-----------------------------------------------------------------------------
                         10.00   10.00   clock clk (fall edge)
                          0.00   10.00   clock source latency
                  0.00    0.00   10.00 v clk (in)
     1    0.13                           clk (net)
                  0.00    0.00   10.00 v clkbuf_0_clk/A (sky130_fd_sc_hd__clkbuf_16)
                  0.06    0.15   10.15 v clkbuf_0_clk/X (sky130_fd_sc_hd__clkbuf_16)
     4    0.06                           clknet_0_clk (net)
                  0.06    0.00   10.15 v clkbuf_2_3_0_clk/A (sky130_fd_sc_hd__clkbuf_8)
                  0.17    0.26   10.41 v clkbuf_2_3_0_clk/X (sky130_fd_sc_hd__clkbuf_8)
    10    0.16                           clknet_2_3_0_clk (net)
                  0.23    0.00   10.42 v u_regfile.u_sram_rs2/clk1 (sky130_sram_1kbyte_1rw1r_32x256_8)
                  0.01    0.37   10.79 v u_regfile.u_sram_rs2/dout1[31] (sky130_sram_1kbyte_1rw1r_32x256_8)
     1    0.01                           u_regfile.rd2_sram[31] (net)
                  0.00    0.00   10.79 v u_regfile._119_/B1_N (sky130_fd_sc_hd__a21boi_4)
                  0.09    0.18   10.96 v u_regfile._119_/Y (sky130_fd_sc_hd__a21boi_4)
     6    0.06                           u_branch_unit.rs2_val[31] (net)
                  0.12    0.00   10.96 v u_dmem.u_sram/din0[31] (sky130_sram_1kbyte_1rw1r_32x256_8)
                                 10.96   data arrival time

                          0.00    0.00   clock clk (rise edge)
                          0.00    0.00   clock source latency
                  0.00    0.00    0.00 ^ clk (in)
     1    0.13                           clk (net)
                  0.00    0.00    0.00 ^ clkbuf_0_clk/A (sky130_fd_sc_hd__clkbuf_16)
                  0.08    0.14    0.14 ^ clkbuf_0_clk/X (sky130_fd_sc_hd__clkbuf_16)
     4    0.06                           clknet_0_clk (net)
                  0.08    0.00    0.14 ^ clkbuf_2_3_0_clk/A (sky130_fd_sc_hd__clkbuf_8)
                  0.28    0.31    0.46 ^ clkbuf_2_3_0_clk/X (sky130_fd_sc_hd__clkbuf_8)
    10    0.16                           clknet_2_3_0_clk (net)
                  0.37    0.00    0.46 ^ u_dmem.u_sram/clk0 (sky130_sram_1kbyte_1rw1r_32x256_8)
                          0.20    0.66   clock uncertainty
                          0.00    0.66   clock reconvergence pessimism
                         -0.06    0.60   library hold time
                                  0.60   data required time
-----------------------------------------------------------------------------
                                  0.60   data required time
                                -10.96   data arrival time
-----------------------------------------------------------------------------
                                 10.36   slack (MET)


Startpoint: u_imem.u_sram (falling edge-triggered flip-flop clocked by clk)
Endpoint: u_regfile.u_sram_rs1 (falling edge-triggered flip-flop clocked by clk)
Path Group: clk
Path Type: min

Fanout     Cap    Slew   Delay    Time   Description
-----------------------------------------------------------------------------
                         10.00   10.00   clock clk (fall edge)
                          0.00   10.00   clock source latency
                  0.00    0.00   10.00 v clk (in)
     1    0.13                           clk (net)
                  0.00    0.00   10.00 v clkbuf_0_clk/A (sky130_fd_sc_hd__clkbuf_16)
                  0.06    0.15   10.15 v clkbuf_0_clk/X (sky130_fd_sc_hd__clkbuf_16)
     4    0.06                           clknet_0_clk (net)
                  0.06    0.00   10.15 v clkbuf_2_1_0_clk/A (sky130_fd_sc_hd__clkbuf_8)
                  0.13    0.23   10.38 v clkbuf_2_1_0_clk/X (sky130_fd_sc_hd__clkbuf_8)
     7    0.12                           clknet_2_1_0_clk (net)
                  0.17    0.00   10.38 v u_imem.u_sram/clk1 (sky130_sram_1kbyte_1rw1r_32x256_8)
                  0.01    0.44   10.82 v u_imem.u_sram/dout1[15] (sky130_sram_1kbyte_1rw1r_32x256_8)
     2    0.02                           net8 (net)
                  0.01    0.00   10.82 v max_cap362/A (sky130_fd_sc_hd__clkbuf_2)
                  0.13    0.17   10.99 v max_cap362/X (sky130_fd_sc_hd__clkbuf_2)
     1    0.03                           net362 (net)
                  0.13    0.01   10.99 v wire360/A (sky130_fd_sc_hd__clkbuf_2)
                  0.13    0.22   11.21 v wire360/X (sky130_fd_sc_hd__clkbuf_2)
     1    0.03                           net360 (net)
                  0.13    0.01   11.22 v fanout359/A (sky130_fd_sc_hd__buf_4)
                  0.09    0.23   11.45 v fanout359/X (sky130_fd_sc_hd__buf_4)
     4    0.06                           net359 (net)
                  0.11    0.00   11.45 v u_regfile.u_sram_rs1/addr1[0] (sky130_sram_1kbyte_1rw1r_32x256_8)
                                 11.45   data arrival time

                          0.00    0.00   clock clk (rise edge)
                          0.00    0.00   clock source latency
                  0.00    0.00    0.00 ^ clk (in)
     1    0.13                           clk (net)
                  0.00    0.00    0.00 ^ clkbuf_0_clk/A (sky130_fd_sc_hd__clkbuf_16)
                  0.08    0.14    0.14 ^ clkbuf_0_clk/X (sky130_fd_sc_hd__clkbuf_16)
     4    0.06                           clknet_0_clk (net)
                  0.08    0.00    0.14 ^ clkbuf_2_1_0_clk/A (sky130_fd_sc_hd__clkbuf_8)
                  0.21    0.26    0.40 ^ clkbuf_2_1_0_clk/X (sky130_fd_sc_hd__clkbuf_8)
     7    0.12                           clknet_2_1_0_clk (net)
                  0.28    0.00    0.40 ^ u_regfile.u_sram_rs1/clk1 (sky130_sram_1kbyte_1rw1r_32x256_8)
                          0.20    0.60   clock uncertainty
                          0.00    0.60   clock reconvergence pessimism
                         -0.06    0.55   library hold time
                                  0.55   data required time
-----------------------------------------------------------------------------
                                  0.55   data required time
                                -11.45   data arrival time
-----------------------------------------------------------------------------
                                 10.91   slack (MET)


Startpoint: u_imem.u_sram (falling edge-triggered flip-flop clocked by clk)
Endpoint: u_regfile.u_sram_rs2 (falling edge-triggered flip-flop clocked by clk)
Path Group: clk
Path Type: min

Fanout     Cap    Slew   Delay    Time   Description
-----------------------------------------------------------------------------
                         10.00   10.00   clock clk (fall edge)
                          0.00   10.00   clock source latency
                  0.00    0.00   10.00 v clk (in)
     1    0.13                           clk (net)
                  0.00    0.00   10.00 v clkbuf_0_clk/A (sky130_fd_sc_hd__clkbuf_16)
                  0.06    0.15   10.15 v clkbuf_0_clk/X (sky130_fd_sc_hd__clkbuf_16)
     4    0.06                           clknet_0_clk (net)
                  0.06    0.00   10.15 v clkbuf_2_1_0_clk/A (sky130_fd_sc_hd__clkbuf_8)
                  0.13    0.23   10.38 v clkbuf_2_1_0_clk/X (sky130_fd_sc_hd__clkbuf_8)
     7    0.12                           clknet_2_1_0_clk (net)
                  0.17    0.00   10.38 v u_imem.u_sram/clk1 (sky130_sram_1kbyte_1rw1r_32x256_8)
                  0.01    0.38   10.76 ^ u_imem.u_sram/dout1[20] (sky130_sram_1kbyte_1rw1r_32x256_8)
     1    0.01                           net14 (net)
                  0.00    0.00   10.76 ^ wire309/A (sky130_fd_sc_hd__clkbuf_2)
                  0.12    0.14   10.91 ^ wire309/X (sky130_fd_sc_hd__clkbuf_2)
     1    0.02                           net309 (net)
                  0.12    0.00   10.91 ^ fanout305/A (sky130_fd_sc_hd__clkbuf_1)
                  0.06    0.11   11.02 ^ fanout305/X (sky130_fd_sc_hd__clkbuf_1)
     1    0.00                           net305 (net)
                  0.06    0.00   11.02 ^ wire308/A (sky130_fd_sc_hd__clkbuf_8)
                  0.12    0.19   11.21 ^ wire308/X (sky130_fd_sc_hd__clkbuf_8)
     2    0.07                           net308 (net)
                  0.13    0.02   11.23 ^ wire307/A (sky130_fd_sc_hd__clkbuf_16)
                  0.07    0.18   11.41 ^ wire307/X (sky130_fd_sc_hd__clkbuf_16)
     2    0.05                           net307 (net)
                  0.08    0.01   11.43 ^ wire306/A (sky130_fd_sc_hd__buf_4)
                  0.04    0.12   11.54 ^ wire306/X (sky130_fd_sc_hd__buf_4)
     1    0.01                           net306 (net)
                  0.05    0.00   11.54 ^ u_regfile.u_sram_rs2/addr1[0] (sky130_sram_1kbyte_1rw1r_32x256_8)
                                 11.54   data arrival time

                          0.00    0.00   clock clk (rise edge)
                          0.00    0.00   clock source latency
                  0.00    0.00    0.00 ^ clk (in)
     1    0.13                           clk (net)
                  0.00    0.00    0.00 ^ clkbuf_0_clk/A (sky130_fd_sc_hd__clkbuf_16)
                  0.08    0.14    0.14 ^ clkbuf_0_clk/X (sky130_fd_sc_hd__clkbuf_16)
     4    0.06                           clknet_0_clk (net)
                  0.08    0.00    0.14 ^ clkbuf_2_3_0_clk/A (sky130_fd_sc_hd__clkbuf_8)
                  0.28    0.31    0.46 ^ clkbuf_2_3_0_clk/X (sky130_fd_sc_hd__clkbuf_8)
    10    0.16                           clknet_2_3_0_clk (net)
                  0.37    0.00    0.46 ^ u_regfile.u_sram_rs2/clk1 (sky130_sram_1kbyte_1rw1r_32x256_8)
                          0.20    0.66   clock uncertainty
                          0.00    0.66   clock reconvergence pessimism
                         -0.06    0.60   library hold time
                                  0.60   data required time
-----------------------------------------------------------------------------
                                  0.60   data required time
                                -11.54   data arrival time
-----------------------------------------------------------------------------
                                 10.94   slack (MET)


Startpoint: u_imem.u_sram (falling edge-triggered flip-flop clocked by clk)
Endpoint: u_regfile.u_sram_rs2 (falling edge-triggered flip-flop clocked by clk)
Path Group: clk
Path Type: min

Fanout     Cap    Slew   Delay    Time   Description
-----------------------------------------------------------------------------
                         10.00   10.00   clock clk (fall edge)
                          0.00   10.00   clock source latency
                  0.00    0.00   10.00 v clk (in)
     1    0.13                           clk (net)
                  0.00    0.00   10.00 v clkbuf_0_clk/A (sky130_fd_sc_hd__clkbuf_16)
                  0.06    0.15   10.15 v clkbuf_0_clk/X (sky130_fd_sc_hd__clkbuf_16)
     4    0.06                           clknet_0_clk (net)
                  0.06    0.00   10.15 v clkbuf_2_1_0_clk/A (sky130_fd_sc_hd__clkbuf_8)
                  0.13    0.23   10.38 v clkbuf_2_1_0_clk/X (sky130_fd_sc_hd__clkbuf_8)
     7    0.12                           clknet_2_1_0_clk (net)
                  0.17    0.00   10.38 v u_imem.u_sram/clk1 (sky130_sram_1kbyte_1rw1r_32x256_8)
                  0.01    0.38   10.77 v u_imem.u_sram/dout1[10] (sky130_sram_1kbyte_1rw1r_32x256_8)
     1    0.01                           net3 (net)
                  0.00    0.00   10.77 v wire397/A (sky130_fd_sc_hd__clkbuf_2)
                  0.16    0.19   10.95 v wire397/X (sky130_fd_sc_hd__clkbuf_2)
     1    0.04                           net397 (net)
                  0.16    0.01   10.96 v wire396/A (sky130_fd_sc_hd__clkbuf_2)
                  0.06    0.18   11.14 v wire396/X (sky130_fd_sc_hd__clkbuf_2)
     2    0.01                           net396 (net)
                  0.06    0.00   11.14 v wire395/A (sky130_fd_sc_hd__clkbuf_2)
                  0.08    0.16   11.30 v wire395/X (sky130_fd_sc_hd__clkbuf_2)
     1    0.02                           net395 (net)
                  0.08    0.00   11.30 v fanout394/A (sky130_fd_sc_hd__buf_2)
                  0.08    0.19   11.49 v fanout394/X (sky130_fd_sc_hd__buf_2)
     2    0.03                           net394 (net)
                  0.10    0.00   11.49 v u_regfile.u_sram_rs2/addr0[3] (sky130_sram_1kbyte_1rw1r_32x256_8)
                                 11.49   data arrival time

                          0.00    0.00   clock clk (rise edge)
                          0.00    0.00   clock source latency
                  0.00    0.00    0.00 ^ clk (in)
     1    0.13                           clk (net)
                  0.00    0.00    0.00 ^ clkbuf_0_clk/A (sky130_fd_sc_hd__clkbuf_16)
                  0.08    0.14    0.14 ^ clkbuf_0_clk/X (sky130_fd_sc_hd__clkbuf_16)
     4    0.06                           clknet_0_clk (net)
                  0.08    0.00    0.14 ^ clkbuf_2_2_0_clk/A (sky130_fd_sc_hd__clkbuf_8)
                  0.14    0.21    0.36 ^ clkbuf_2_2_0_clk/X (sky130_fd_sc_hd__clkbuf_8)
    14    0.08                           clknet_2_2_0_clk (net)
                  0.19    0.00    0.36 ^ u_regfile.u_sram_rs2/clk0 (sky130_sram_1kbyte_1rw1r_32x256_8)
                          0.20    0.56   clock uncertainty
                          0.00    0.56   clock reconvergence pessimism
                         -0.06    0.50   library hold time
                                  0.50   data required time
-----------------------------------------------------------------------------
                                  0.50   data required time
                                -11.49   data arrival time
-----------------------------------------------------------------------------
                                 10.99   slack (MET)


Startpoint: u_imem.u_sram (falling edge-triggered flip-flop clocked by clk)
Endpoint: u_regfile.u_sram_rs2 (falling edge-triggered flip-flop clocked by clk)
Path Group: clk
Path Type: min

Fanout     Cap    Slew   Delay    Time   Description
-----------------------------------------------------------------------------
                         10.00   10.00   clock clk (fall edge)
                          0.00   10.00   clock source latency
                  0.00    0.00   10.00 v clk (in)
     1    0.13                           clk (net)
                  0.00    0.00   10.00 v clkbuf_0_clk/A (sky130_fd_sc_hd__clkbuf_16)
                  0.06    0.15   10.15 v clkbuf_0_clk/X (sky130_fd_sc_hd__clkbuf_16)
     4    0.06                           clknet_0_clk (net)
                  0.06    0.00   10.15 v clkbuf_2_1_0_clk/A (sky130_fd_sc_hd__clkbuf_8)
                  0.13    0.23   10.38 v clkbuf_2_1_0_clk/X (sky130_fd_sc_hd__clkbuf_8)
     7    0.12                           clknet_2_1_0_clk (net)
                  0.17    0.00   10.38 v u_imem.u_sram/clk1 (sky130_sram_1kbyte_1rw1r_32x256_8)
                  0.01    0.38   10.76 v u_imem.u_sram/dout1[11] (sky130_sram_1kbyte_1rw1r_32x256_8)
     1    0.01                           net4 (net)
                  0.00    0.00   10.77 v wire388/A (sky130_fd_sc_hd__clkbuf_2)
                  0.16    0.19   10.95 v wire388/X (sky130_fd_sc_hd__clkbuf_2)
     1    0.04                           net388 (net)
                  0.16    0.01   10.96 v wire387/A (sky130_fd_sc_hd__clkbuf_2)
                  0.06    0.18   11.14 v wire387/X (sky130_fd_sc_hd__clkbuf_2)
     1    0.01                           net387 (net)
                  0.06    0.00   11.14 v fanout386/A (sky130_fd_sc_hd__clkbuf_16)
                  0.08    0.19   11.33 v fanout386/X (sky130_fd_sc_hd__clkbuf_16)
     2    0.13                           net386 (net)
                  0.08    0.00   11.33 v fanout385/A (sky130_fd_sc_hd__buf_4)
                  0.08    0.20   11.53 v fanout385/X (sky130_fd_sc_hd__buf_4)
     2    0.05                           net385 (net)
                  0.11    0.01   11.54 v u_regfile.u_sram_rs2/addr0[4] (sky130_sram_1kbyte_1rw1r_32x256_8)
                                 11.54   data arrival time

                          0.00    0.00   clock clk (rise edge)
                          0.00    0.00   clock source latency
                  0.00    0.00    0.00 ^ clk (in)
     1    0.13                           clk (net)
                  0.00    0.00    0.00 ^ clkbuf_0_clk/A (sky130_fd_sc_hd__clkbuf_16)
                  0.08    0.14    0.14 ^ clkbuf_0_clk/X (sky130_fd_sc_hd__clkbuf_16)
     4    0.06                           clknet_0_clk (net)
                  0.08    0.00    0.14 ^ clkbuf_2_2_0_clk/A (sky130_fd_sc_hd__clkbuf_8)
                  0.14    0.21    0.36 ^ clkbuf_2_2_0_clk/X (sky130_fd_sc_hd__clkbuf_8)
    14    0.08                           clknet_2_2_0_clk (net)
                  0.19    0.00    0.36 ^ u_regfile.u_sram_rs2/clk0 (sky130_sram_1kbyte_1rw1r_32x256_8)
                          0.20    0.56   clock uncertainty
                          0.00    0.56   clock reconvergence pessimism
                         -0.06    0.50   library hold time
                                  0.50   data required time
-----------------------------------------------------------------------------
                                  0.50   data required time
                                -11.54   data arrival time
-----------------------------------------------------------------------------
                                 11.04   slack (MET)


Startpoint: u_imem.u_sram (falling edge-triggered flip-flop clocked by clk)
Endpoint: u_regfile.u_sram_rs2 (falling edge-triggered flip-flop clocked by clk)
Path Group: clk
Path Type: min

Fanout     Cap    Slew   Delay    Time   Description
-----------------------------------------------------------------------------
                         10.00   10.00   clock clk (fall edge)
                          0.00   10.00   clock source latency
                  0.00    0.00   10.00 v clk (in)
     1    0.13                           clk (net)
                  0.00    0.00   10.00 v clkbuf_0_clk/A (sky130_fd_sc_hd__clkbuf_16)
                  0.06    0.15   10.15 v clkbuf_0_clk/X (sky130_fd_sc_hd__clkbuf_16)
     4    0.06                           clknet_0_clk (net)
                  0.06    0.00   10.15 v clkbuf_2_1_0_clk/A (sky130_fd_sc_hd__clkbuf_8)
                  0.13    0.23   10.38 v clkbuf_2_1_0_clk/X (sky130_fd_sc_hd__clkbuf_8)
     7    0.12                           clknet_2_1_0_clk (net)
                  0.17    0.00   10.38 v u_imem.u_sram/clk1 (sky130_sram_1kbyte_1rw1r_32x256_8)
                  0.00    0.36   10.74 v u_imem.u_sram/dout1[24] (sky130_sram_1kbyte_1rw1r_32x256_8)
     1    0.01                           net18 (net)
                  0.00    0.00   10.74 v wire277/A (sky130_fd_sc_hd__clkbuf_2)
                  0.15    0.18   10.92 v wire277/X (sky130_fd_sc_hd__clkbuf_2)
     1    0.04                           net277 (net)
                  0.15    0.01   10.93 v wire276/A (sky130_fd_sc_hd__clkbuf_2)
                  0.09    0.20   11.13 v wire276/X (sky130_fd_sc_hd__clkbuf_2)
     1    0.02                           net276 (net)
                  0.09    0.00   11.14 v fanout273/A (sky130_fd_sc_hd__buf_8)
                  0.06    0.17   11.30 v fanout273/X (sky130_fd_sc_hd__buf_8)
     2    0.06                           net273 (net)
                  0.06    0.02   11.32 v wire275/A (sky130_fd_sc_hd__buf_12)
                  0.07    0.17   11.49 v wire275/X (sky130_fd_sc_hd__buf_12)
     2    0.12                           net275 (net)
                  0.07    0.01   11.50 v wire274/A (sky130_fd_sc_hd__clkbuf_4)
                  0.03    0.15   11.65 v wire274/X (sky130_fd_sc_hd__clkbuf_4)
     1    0.01                           net274 (net)
                  0.05    0.00   11.65 v u_regfile.u_sram_rs2/addr1[4] (sky130_sram_1kbyte_1rw1r_32x256_8)
                                 11.65   data arrival time

                          0.00    0.00   clock clk (rise edge)
                          0.00    0.00   clock source latency
                  0.00    0.00    0.00 ^ clk (in)
     1    0.13                           clk (net)
                  0.00    0.00    0.00 ^ clkbuf_0_clk/A (sky130_fd_sc_hd__clkbuf_16)
                  0.08    0.14    0.14 ^ clkbuf_0_clk/X (sky130_fd_sc_hd__clkbuf_16)
     4    0.06                           clknet_0_clk (net)
                  0.08    0.00    0.14 ^ clkbuf_2_3_0_clk/A (sky130_fd_sc_hd__clkbuf_8)
                  0.28    0.31    0.46 ^ clkbuf_2_3_0_clk/X (sky130_fd_sc_hd__clkbuf_8)
    10    0.16                           clknet_2_3_0_clk (net)
                  0.37    0.00    0.46 ^ u_regfile.u_sram_rs2/clk1 (sky130_sram_1kbyte_1rw1r_32x256_8)
                          0.20    0.66   clock uncertainty
                          0.00    0.66   clock reconvergence pessimism
                         -0.06    0.60   library hold time
                                  0.60   data required time
-----------------------------------------------------------------------------
                                  0.60   data required time
                                -11.65   data arrival time
-----------------------------------------------------------------------------
                                 11.05   slack (MET)


Startpoint: u_imem.u_sram (falling edge-triggered flip-flop clocked by clk)
Endpoint: u_regfile.u_sram_rs1 (falling edge-triggered flip-flop clocked by clk)
Path Group: clk
Path Type: min

Fanout     Cap    Slew   Delay    Time   Description
-----------------------------------------------------------------------------
                         10.00   10.00   clock clk (fall edge)
                          0.00   10.00   clock source latency
                  0.00    0.00   10.00 v clk (in)
     1    0.13                           clk (net)
                  0.00    0.00   10.00 v clkbuf_0_clk/A (sky130_fd_sc_hd__clkbuf_16)
                  0.06    0.15   10.15 v clkbuf_0_clk/X (sky130_fd_sc_hd__clkbuf_16)
     4    0.06                           clknet_0_clk (net)
                  0.06    0.00   10.15 v clkbuf_2_1_0_clk/A (sky130_fd_sc_hd__clkbuf_8)
                  0.13    0.23   10.38 v clkbuf_2_1_0_clk/X (sky130_fd_sc_hd__clkbuf_8)
     7    0.12                           clknet_2_1_0_clk (net)
                  0.17    0.00   10.38 v u_imem.u_sram/clk1 (sky130_sram_1kbyte_1rw1r_32x256_8)
                  0.00    0.35   10.73 v u_imem.u_sram/dout1[19] (sky130_sram_1kbyte_1rw1r_32x256_8)
     1    0.00                           net12 (net)
                  0.00    0.00   10.73 v wire330/A (sky130_fd_sc_hd__clkbuf_2)
                  0.14    0.17   10.90 v wire330/X (sky130_fd_sc_hd__clkbuf_2)
     1    0.04                           net330 (net)
                  0.14    0.01   10.91 v wire329/A (sky130_fd_sc_hd__clkbuf_2)
                  0.06    0.17   11.08 v wire329/X (sky130_fd_sc_hd__clkbuf_2)
     2    0.01                           net329 (net)
                  0.06    0.00   11.08 v fanout318/A (sky130_fd_sc_hd__clkbuf_1)
                  0.03    0.09   11.18 v fanout318/X (sky130_fd_sc_hd__clkbuf_1)
     1    0.00                           net318 (net)
                  0.03    0.00   11.18 v wire321/A (sky130_fd_sc_hd__buf_4)
                  0.08    0.18   11.35 v wire321/X (sky130_fd_sc_hd__buf_4)
     2    0.05                           net321 (net)
                  0.09    0.01   11.36 v wire320/A (sky130_fd_sc_hd__clkbuf_8)
                  0.05    0.17   11.54 v wire320/X (sky130_fd_sc_hd__clkbuf_8)
     3    0.03                           net320 (net)
                  0.05    0.00   11.54 v load_slew319/A (sky130_fd_sc_hd__buf_1)
                  0.05    0.11   11.65 v load_slew319/X (sky130_fd_sc_hd__buf_1)
     1    0.01                           net319 (net)
                  0.07    0.00   11.65 v u_regfile.u_sram_rs1/addr1[4] (sky130_sram_1kbyte_1rw1r_32x256_8)
                                 11.65   data arrival time

                          0.00    0.00   clock clk (rise edge)
                          0.00    0.00   clock source latency
                  0.00    0.00    0.00 ^ clk (in)
     1    0.13                           clk (net)
                  0.00    0.00    0.00 ^ clkbuf_0_clk/A (sky130_fd_sc_hd__clkbuf_16)
                  0.08    0.14    0.14 ^ clkbuf_0_clk/X (sky130_fd_sc_hd__clkbuf_16)
     4    0.06                           clknet_0_clk (net)
                  0.08    0.00    0.14 ^ clkbuf_2_1_0_clk/A (sky130_fd_sc_hd__clkbuf_8)
                  0.21    0.26    0.40 ^ clkbuf_2_1_0_clk/X (sky130_fd_sc_hd__clkbuf_8)
     7    0.12                           clknet_2_1_0_clk (net)
                  0.28    0.00    0.40 ^ u_regfile.u_sram_rs1/clk1 (sky130_sram_1kbyte_1rw1r_32x256_8)
                          0.20    0.60   clock uncertainty
                          0.00    0.60   clock reconvergence pessimism
                         -0.06    0.55   library hold time
                                  0.55   data required time
-----------------------------------------------------------------------------
                                  0.55   data required time
                                -11.65   data arrival time
-----------------------------------------------------------------------------
                                 11.10   slack (MET)


Startpoint: u_imem.u_sram (falling edge-triggered flip-flop clocked by clk)
Endpoint: u_regfile.u_sram_rs2 (falling edge-triggered flip-flop clocked by clk)
Path Group: clk
Path Type: min

Fanout     Cap    Slew   Delay    Time   Description
-----------------------------------------------------------------------------
                         10.00   10.00   clock clk (fall edge)
                          0.00   10.00   clock source latency
                  0.00    0.00   10.00 v clk (in)
     1    0.13                           clk (net)
                  0.00    0.00   10.00 v clkbuf_0_clk/A (sky130_fd_sc_hd__clkbuf_16)
                  0.06    0.15   10.15 v clkbuf_0_clk/X (sky130_fd_sc_hd__clkbuf_16)
     4    0.06                           clknet_0_clk (net)
                  0.06    0.00   10.15 v clkbuf_2_1_0_clk/A (sky130_fd_sc_hd__clkbuf_8)
                  0.13    0.23   10.38 v clkbuf_2_1_0_clk/X (sky130_fd_sc_hd__clkbuf_8)
     7    0.12                           clknet_2_1_0_clk (net)
                  0.17    0.00   10.38 v u_imem.u_sram/clk1 (sky130_sram_1kbyte_1rw1r_32x256_8)
                  0.00    0.37   10.75 v u_imem.u_sram/dout1[21] (sky130_sram_1kbyte_1rw1r_32x256_8)
     1    0.01                           net15 (net)
                  0.00    0.00   10.75 v wire303/A (sky130_fd_sc_hd__clkbuf_2)
                  0.14    0.18   10.92 v wire303/X (sky130_fd_sc_hd__clkbuf_2)
     1    0.04                           net303 (net)
                  0.14    0.01   10.93 v wire302/A (sky130_fd_sc_hd__clkbuf_2)
                  0.07    0.18   11.12 v wire302/X (sky130_fd_sc_hd__clkbuf_2)
     1    0.02                           net302 (net)
                  0.07    0.00   11.12 v fanout298/A (sky130_fd_sc_hd__buf_1)
                  0.05    0.12   11.24 v fanout298/X (sky130_fd_sc_hd__buf_1)
     1    0.01                           net298 (net)
                  0.05    0.00   11.24 v wire301/A (sky130_fd_sc_hd__buf_8)
                  0.07    0.16   11.40 v wire301/X (sky130_fd_sc_hd__buf_8)
     2    0.09                           net301 (net)
                  0.10    0.04   11.43 v wire300/A (sky130_fd_sc_hd__clkbuf_16)
                  0.05    0.19   11.62 v wire300/X (sky130_fd_sc_hd__clkbuf_16)
     2    0.05                           net300 (net)
                  0.05    0.00   11.62 v load_slew299/A (sky130_fd_sc_hd__clkbuf_2)
                  0.04    0.12   11.74 v load_slew299/X (sky130_fd_sc_hd__clkbuf_2)
     1    0.01                           net299 (net)
                  0.05    0.00   11.74 v u_regfile.u_sram_rs2/addr1[1] (sky130_sram_1kbyte_1rw1r_32x256_8)
                                 11.74   data arrival time

                          0.00    0.00   clock clk (rise edge)
                          0.00    0.00   clock source latency
                  0.00    0.00    0.00 ^ clk (in)
     1    0.13                           clk (net)
                  0.00    0.00    0.00 ^ clkbuf_0_clk/A (sky130_fd_sc_hd__clkbuf_16)
                  0.08    0.14    0.14 ^ clkbuf_0_clk/X (sky130_fd_sc_hd__clkbuf_16)
     4    0.06                           clknet_0_clk (net)
                  0.08    0.00    0.14 ^ clkbuf_2_3_0_clk/A (sky130_fd_sc_hd__clkbuf_8)
                  0.28    0.31    0.46 ^ clkbuf_2_3_0_clk/X (sky130_fd_sc_hd__clkbuf_8)
    10    0.16                           clknet_2_3_0_clk (net)
                  0.37    0.00    0.46 ^ u_regfile.u_sram_rs2/clk1 (sky130_sram_1kbyte_1rw1r_32x256_8)
                          0.20    0.66   clock uncertainty
                          0.00    0.66   clock reconvergence pessimism
                         -0.06    0.60   library hold time
                                  0.60   data required time
-----------------------------------------------------------------------------
                                  0.60   data required time
                                -11.74   data arrival time
-----------------------------------------------------------------------------
                                 11.14   slack (MET)


Startpoint: u_imem.u_sram (falling edge-triggered flip-flop clocked by clk)
Endpoint: u_regfile.u_sram_rs1 (falling edge-triggered flip-flop clocked by clk)
Path Group: clk
Path Type: min

Fanout     Cap    Slew   Delay    Time   Description
-----------------------------------------------------------------------------
                         10.00   10.00   clock clk (fall edge)
                          0.00   10.00   clock source latency
                  0.00    0.00   10.00 v clk (in)
     1    0.13                           clk (net)
                  0.00    0.00   10.00 v clkbuf_0_clk/A (sky130_fd_sc_hd__clkbuf_16)
                  0.06    0.15   10.15 v clkbuf_0_clk/X (sky130_fd_sc_hd__clkbuf_16)
     4    0.06                           clknet_0_clk (net)
                  0.06    0.00   10.15 v clkbuf_2_1_0_clk/A (sky130_fd_sc_hd__clkbuf_8)
                  0.13    0.23   10.38 v clkbuf_2_1_0_clk/X (sky130_fd_sc_hd__clkbuf_8)
     7    0.12                           clknet_2_1_0_clk (net)
                  0.17    0.00   10.38 v u_imem.u_sram/clk1 (sky130_sram_1kbyte_1rw1r_32x256_8)
                  0.00    0.35   10.73 v u_imem.u_sram/dout1[17] (sky130_sram_1kbyte_1rw1r_32x256_8)
     1    0.00                           net10 (net)
                  0.00    0.00   10.73 v wire350/A (sky130_fd_sc_hd__clkbuf_2)
                  0.14    0.17   10.90 v wire350/X (sky130_fd_sc_hd__clkbuf_2)
     1    0.04                           net350 (net)
                  0.14    0.01   10.91 v wire349/A (sky130_fd_sc_hd__clkbuf_2)
                  0.04    0.16   11.07 v wire349/X (sky130_fd_sc_hd__clkbuf_2)
     1    0.01                           net349 (net)
                  0.04    0.00   11.07 v wire348/A (sky130_fd_sc_hd__buf_4)
                  0.04    0.14   11.21 v wire348/X (sky130_fd_sc_hd__buf_4)
     2    0.01                           net348 (net)
                  0.04    0.00   11.21 v wire347/A (sky130_fd_sc_hd__clkbuf_2)
                  0.12    0.17   11.38 v wire347/X (sky130_fd_sc_hd__clkbuf_2)
     1    0.03                           net347 (net)
                  0.12    0.01   11.38 v wire346/A (sky130_fd_sc_hd__clkbuf_2)
                  0.06    0.17   11.55 v wire346/X (sky130_fd_sc_hd__clkbuf_2)
     1    0.01                           net346 (net)
                  0.06    0.00   11.55 v wire345/A (sky130_fd_sc_hd__buf_4)
                  0.03    0.14   11.69 v wire345/X (sky130_fd_sc_hd__buf_4)
     1    0.01                           net345 (net)
                  0.04    0.00   11.69 v u_regfile.u_sram_rs1/addr1[2] (sky130_sram_1kbyte_1rw1r_32x256_8)
                                 11.69   data arrival time

                          0.00    0.00   clock clk (rise edge)
                          0.00    0.00   clock source latency
                  0.00    0.00    0.00 ^ clk (in)
     1    0.13                           clk (net)
                  0.00    0.00    0.00 ^ clkbuf_0_clk/A (sky130_fd_sc_hd__clkbuf_16)
                  0.08    0.14    0.14 ^ clkbuf_0_clk/X (sky130_fd_sc_hd__clkbuf_16)
     4    0.06                           clknet_0_clk (net)
                  0.08    0.00    0.14 ^ clkbuf_2_1_0_clk/A (sky130_fd_sc_hd__clkbuf_8)
                  0.21    0.26    0.40 ^ clkbuf_2_1_0_clk/X (sky130_fd_sc_hd__clkbuf_8)
     7    0.12                           clknet_2_1_0_clk (net)
                  0.28    0.00    0.40 ^ u_regfile.u_sram_rs1/clk1 (sky130_sram_1kbyte_1rw1r_32x256_8)
                          0.20    0.60   clock uncertainty
                          0.00    0.60   clock reconvergence pessimism
                         -0.06    0.55   library hold time
                                  0.55   data required time
-----------------------------------------------------------------------------
                                  0.55   data required time
                                -11.69   data arrival time
-----------------------------------------------------------------------------
                                 11.15   slack (MET)


Startpoint: u_imem.u_sram (falling edge-triggered flip-flop clocked by clk)
Endpoint: u_regfile.u_sram_rs2 (falling edge-triggered flip-flop clocked by clk)
Path Group: clk
Path Type: min

Fanout     Cap    Slew   Delay    Time   Description
-----------------------------------------------------------------------------
                         10.00   10.00   clock clk (fall edge)
                          0.00   10.00   clock source latency
                  0.00    0.00   10.00 v clk (in)
     1    0.13                           clk (net)
                  0.00    0.00   10.00 v clkbuf_0_clk/A (sky130_fd_sc_hd__clkbuf_16)
                  0.06    0.15   10.15 v clkbuf_0_clk/X (sky130_fd_sc_hd__clkbuf_16)
     4    0.06                           clknet_0_clk (net)
                  0.06    0.00   10.15 v clkbuf_2_1_0_clk/A (sky130_fd_sc_hd__clkbuf_8)
                  0.13    0.23   10.38 v clkbuf_2_1_0_clk/X (sky130_fd_sc_hd__clkbuf_8)
     7    0.12                           clknet_2_1_0_clk (net)
                  0.17    0.00   10.38 v u_imem.u_sram/clk1 (sky130_sram_1kbyte_1rw1r_32x256_8)
                  0.00    0.35   10.73 v u_imem.u_sram/dout1[8] (sky130_sram_1kbyte_1rw1r_32x256_8)
     1    0.00                           net32 (net)
                  0.00    0.00   10.73 v wire159/A (sky130_fd_sc_hd__clkbuf_2)
                  0.05    0.10   10.84 v wire159/X (sky130_fd_sc_hd__clkbuf_2)
     1    0.01                           net159 (net)
                  0.05    0.00   10.84 v wire158/A (sky130_fd_sc_hd__clkbuf_2)
                  0.16    0.20   11.04 v wire158/X (sky130_fd_sc_hd__clkbuf_2)
     1    0.04                           net158 (net)
                  0.16    0.01   11.05 v wire157/A (sky130_fd_sc_hd__clkbuf_2)
                  0.06    0.18   11.23 v wire157/X (sky130_fd_sc_hd__clkbuf_2)
     1    0.01                           net157 (net)
                  0.06    0.00   11.23 v fanout154/A (sky130_fd_sc_hd__buf_6)
                  0.03    0.13   11.37 v fanout154/X (sky130_fd_sc_hd__buf_6)
     2    0.02                           net154 (net)
                  0.03    0.00   11.37 v wire156/A (sky130_fd_sc_hd__clkbuf_16)
                  0.08    0.18   11.55 v wire156/X (sky130_fd_sc_hd__clkbuf_16)
     2    0.10                           net156 (net)
                  0.08    0.01   11.56 v wire155/A (sky130_fd_sc_hd__buf_2)
                  0.03    0.15   11.70 v wire155/X (sky130_fd_sc_hd__buf_2)
     1    0.01                           net155 (net)
                  0.05    0.00   11.70 v u_regfile.u_sram_rs2/addr0[1] (sky130_sram_1kbyte_1rw1r_32x256_8)
                                 11.70   data arrival time

                          0.00    0.00   clock clk (rise edge)
                          0.00    0.00   clock source latency
                  0.00    0.00    0.00 ^ clk (in)
     1    0.13                           clk (net)
                  0.00    0.00    0.00 ^ clkbuf_0_clk/A (sky130_fd_sc_hd__clkbuf_16)
                  0.08    0.14    0.14 ^ clkbuf_0_clk/X (sky130_fd_sc_hd__clkbuf_16)
     4    0.06                           clknet_0_clk (net)
                  0.08    0.00    0.14 ^ clkbuf_2_2_0_clk/A (sky130_fd_sc_hd__clkbuf_8)
                  0.14    0.21    0.36 ^ clkbuf_2_2_0_clk/X (sky130_fd_sc_hd__clkbuf_8)
    14    0.08                           clknet_2_2_0_clk (net)
                  0.19    0.00    0.36 ^ u_regfile.u_sram_rs2/clk0 (sky130_sram_1kbyte_1rw1r_32x256_8)
                          0.20    0.56   clock uncertainty
                          0.00    0.56   clock reconvergence pessimism
                         -0.06    0.50   library hold time
                                  0.50   data required time
-----------------------------------------------------------------------------
                                  0.50   data required time
                                -11.70   data arrival time
-----------------------------------------------------------------------------
                                 11.20   slack (MET)


Startpoint: u_imem.u_sram (falling edge-triggered flip-flop clocked by clk)
Endpoint: u_regfile.u_sram_rs2 (falling edge-triggered flip-flop clocked by clk)
Path Group: clk
Path Type: min

Fanout     Cap    Slew   Delay    Time   Description
-----------------------------------------------------------------------------
                         10.00   10.00   clock clk (fall edge)
                          0.00   10.00   clock source latency
                  0.00    0.00   10.00 v clk (in)
     1    0.13                           clk (net)
                  0.00    0.00   10.00 v clkbuf_0_clk/A (sky130_fd_sc_hd__clkbuf_16)
                  0.06    0.15   10.15 v clkbuf_0_clk/X (sky130_fd_sc_hd__clkbuf_16)
     4    0.06                           clknet_0_clk (net)
                  0.06    0.00   10.15 v clkbuf_2_1_0_clk/A (sky130_fd_sc_hd__clkbuf_8)
                  0.13    0.23   10.38 v clkbuf_2_1_0_clk/X (sky130_fd_sc_hd__clkbuf_8)
     7    0.12                           clknet_2_1_0_clk (net)
                  0.17    0.00   10.38 v u_imem.u_sram/clk1 (sky130_sram_1kbyte_1rw1r_32x256_8)
                  0.01    0.42   10.81 v u_imem.u_sram/dout1[9] (sky130_sram_1kbyte_1rw1r_32x256_8)
     1    0.02                           net33 (net)
                  0.01    0.00   10.81 v wire149/A (sky130_fd_sc_hd__clkbuf_2)
                  0.08    0.13   10.94 v wire149/X (sky130_fd_sc_hd__clkbuf_2)
     1    0.02                           net149 (net)
                  0.08    0.00   10.94 v wire148/A (sky130_fd_sc_hd__clkbuf_2)
                  0.08    0.17   11.11 v wire148/X (sky130_fd_sc_hd__clkbuf_2)
     1    0.02                           net148 (net)
                  0.08    0.00   11.11 v fanout144/A (sky130_fd_sc_hd__clkbuf_1)
                  0.03    0.10   11.22 v fanout144/X (sky130_fd_sc_hd__clkbuf_1)
     1    0.00                           net144 (net)
                  0.03    0.00   11.22 v wire147/A (sky130_fd_sc_hd__buf_4)
                  0.08    0.18   11.40 v wire147/X (sky130_fd_sc_hd__buf_4)
     2    0.06                           net147 (net)
                  0.09    0.02   11.41 v wire146/A (sky130_fd_sc_hd__buf_8)
                  0.05    0.16   11.57 v wire146/X (sky130_fd_sc_hd__buf_8)
     2    0.04                           net146 (net)
                  0.05    0.00   11.58 v wire145/A (sky130_fd_sc_hd__buf_2)
                  0.03    0.13   11.71 v wire145/X (sky130_fd_sc_hd__buf_2)
     1    0.01                           net145 (net)
                  0.05    0.00   11.71 v u_regfile.u_sram_rs2/addr0[2] (sky130_sram_1kbyte_1rw1r_32x256_8)
                                 11.71   data arrival time

                          0.00    0.00   clock clk (rise edge)
                          0.00    0.00   clock source latency
                  0.00    0.00    0.00 ^ clk (in)
     1    0.13                           clk (net)
                  0.00    0.00    0.00 ^ clkbuf_0_clk/A (sky130_fd_sc_hd__clkbuf_16)
                  0.08    0.14    0.14 ^ clkbuf_0_clk/X (sky130_fd_sc_hd__clkbuf_16)
     4    0.06                           clknet_0_clk (net)
                  0.08    0.00    0.14 ^ clkbuf_2_2_0_clk/A (sky130_fd_sc_hd__clkbuf_8)
                  0.14    0.21    0.36 ^ clkbuf_2_2_0_clk/X (sky130_fd_sc_hd__clkbuf_8)
    14    0.08                           clknet_2_2_0_clk (net)
                  0.19    0.00    0.36 ^ u_regfile.u_sram_rs2/clk0 (sky130_sram_1kbyte_1rw1r_32x256_8)
                          0.20    0.56   clock uncertainty
                          0.00    0.56   clock reconvergence pessimism
                         -0.06    0.50   library hold time
                                  0.50   data required time
-----------------------------------------------------------------------------
                                  0.50   data required time
                                -11.71   data arrival time
-----------------------------------------------------------------------------
                                 11.21   slack (MET)


Startpoint: u_imem.u_sram (falling edge-triggered flip-flop clocked by clk)
Endpoint: u_regfile.u_sram_rs2 (falling edge-triggered flip-flop clocked by clk)
Path Group: clk
Path Type: min

Fanout     Cap    Slew   Delay    Time   Description
-----------------------------------------------------------------------------
                         10.00   10.00   clock clk (fall edge)
                          0.00   10.00   clock source latency
                  0.00    0.00   10.00 v clk (in)
     1    0.13                           clk (net)
                  0.00    0.00   10.00 v clkbuf_0_clk/A (sky130_fd_sc_hd__clkbuf_16)
                  0.06    0.15   10.15 v clkbuf_0_clk/X (sky130_fd_sc_hd__clkbuf_16)
     4    0.06                           clknet_0_clk (net)
                  0.06    0.00   10.15 v clkbuf_2_1_0_clk/A (sky130_fd_sc_hd__clkbuf_8)
                  0.13    0.23   10.38 v clkbuf_2_1_0_clk/X (sky130_fd_sc_hd__clkbuf_8)
     7    0.12                           clknet_2_1_0_clk (net)
                  0.17    0.00   10.38 v u_imem.u_sram/clk1 (sky130_sram_1kbyte_1rw1r_32x256_8)
                  0.01    0.38   10.76 v u_imem.u_sram/dout1[23] (sky130_sram_1kbyte_1rw1r_32x256_8)
     2    0.01                           net17 (net)
                  0.00    0.00   10.76 v wire287/A (sky130_fd_sc_hd__clkbuf_2)
                  0.11    0.15   10.91 v wire287/X (sky130_fd_sc_hd__clkbuf_2)
     1    0.03                           net287 (net)
                  0.11    0.00   10.92 v wire286/A (sky130_fd_sc_hd__clkbuf_2)
                  0.08    0.17   11.09 v wire286/X (sky130_fd_sc_hd__clkbuf_2)
     1    0.02                           net286 (net)
                  0.08    0.00   11.09 v wire285/A (sky130_fd_sc_hd__buf_4)
                  0.05    0.17   11.26 v wire285/X (sky130_fd_sc_hd__buf_4)
     1    0.02                           net285 (net)
                  0.05    0.00   11.26 v wire284/A (sky130_fd_sc_hd__buf_6)
                  0.03    0.12   11.39 v wire284/X (sky130_fd_sc_hd__buf_6)
     1    0.02                           net284 (net)
                  0.03    0.00   11.39 v fanout279/A (sky130_fd_sc_hd__clkbuf_1)
                  0.03    0.08   11.47 v fanout279/X (sky130_fd_sc_hd__clkbuf_1)
     1    0.00                           net279 (net)
                  0.03    0.00   11.47 v wire281/A (sky130_fd_sc_hd__buf_4)
                  0.08    0.18   11.65 v wire281/X (sky130_fd_sc_hd__buf_4)
     2    0.06                           net281 (net)
                  0.09    0.02   11.66 v wire280/A (sky130_fd_sc_hd__buf_4)
                  0.03    0.15   11.82 v wire280/X (sky130_fd_sc_hd__buf_4)
     1    0.01                           net280 (net)
                  0.04    0.00   11.82 v u_regfile.u_sram_rs2/addr1[3] (sky130_sram_1kbyte_1rw1r_32x256_8)
                                 11.82   data arrival time

                          0.00    0.00   clock clk (rise edge)
                          0.00    0.00   clock source latency
                  0.00    0.00    0.00 ^ clk (in)
     1    0.13                           clk (net)
                  0.00    0.00    0.00 ^ clkbuf_0_clk/A (sky130_fd_sc_hd__clkbuf_16)
                  0.08    0.14    0.14 ^ clkbuf_0_clk/X (sky130_fd_sc_hd__clkbuf_16)
     4    0.06                           clknet_0_clk (net)
                  0.08    0.00    0.14 ^ clkbuf_2_3_0_clk/A (sky130_fd_sc_hd__clkbuf_8)
                  0.28    0.31    0.46 ^ clkbuf_2_3_0_clk/X (sky130_fd_sc_hd__clkbuf_8)
    10    0.16                           clknet_2_3_0_clk (net)
                  0.37    0.00    0.46 ^ u_regfile.u_sram_rs2/clk1 (sky130_sram_1kbyte_1rw1r_32x256_8)
                          0.20    0.66   clock uncertainty
                          0.00    0.66   clock reconvergence pessimism
                         -0.06    0.60   library hold time
                                  0.60   data required time
-----------------------------------------------------------------------------
                                  0.60   data required time
                                -11.82   data arrival time
-----------------------------------------------------------------------------
                                 11.22   slack (MET)


Startpoint: u_imem.u_sram (falling edge-triggered flip-flop clocked by clk)
Endpoint: u_regfile.u_sram_rs2 (falling edge-triggered flip-flop clocked by clk)
Path Group: clk
Path Type: min

Fanout     Cap    Slew   Delay    Time   Description
-----------------------------------------------------------------------------
                         10.00   10.00   clock clk (fall edge)
                          0.00   10.00   clock source latency
                  0.00    0.00   10.00 v clk (in)
     1    0.13                           clk (net)
                  0.00    0.00   10.00 v clkbuf_0_clk/A (sky130_fd_sc_hd__clkbuf_16)
                  0.06    0.15   10.15 v clkbuf_0_clk/X (sky130_fd_sc_hd__clkbuf_16)
     4    0.06                           clknet_0_clk (net)
                  0.06    0.00   10.15 v clkbuf_2_1_0_clk/A (sky130_fd_sc_hd__clkbuf_8)
                  0.13    0.23   10.38 v clkbuf_2_1_0_clk/X (sky130_fd_sc_hd__clkbuf_8)
     7    0.12                           clknet_2_1_0_clk (net)
                  0.17    0.00   10.38 v u_imem.u_sram/clk1 (sky130_sram_1kbyte_1rw1r_32x256_8)
                  0.00    0.36   10.75 v u_imem.u_sram/dout1[22] (sky130_sram_1kbyte_1rw1r_32x256_8)
     1    0.01                           net16 (net)
                  0.00    0.00   10.75 v wire296/A (sky130_fd_sc_hd__clkbuf_2)
                  0.15    0.18   10.93 v wire296/X (sky130_fd_sc_hd__clkbuf_2)
     1    0.04                           net296 (net)
                  0.15    0.01   10.93 v wire295/A (sky130_fd_sc_hd__clkbuf_2)
                  0.08    0.19   11.13 v wire295/X (sky130_fd_sc_hd__clkbuf_2)
     1    0.02                           net295 (net)
                  0.08    0.00   11.13 v wire294/A (sky130_fd_sc_hd__buf_4)
                  0.04    0.17   11.30 v wire294/X (sky130_fd_sc_hd__buf_4)
     2    0.02                           net294 (net)
                  0.04    0.00   11.30 v wire293/A (sky130_fd_sc_hd__clkbuf_2)
                  0.09    0.15   11.45 v wire293/X (sky130_fd_sc_hd__clkbuf_2)
     1    0.02                           net293 (net)
                  0.09    0.00   11.45 v fanout290/A (sky130_fd_sc_hd__clkbuf_1)
                  0.03    0.10   11.55 v fanout290/X (sky130_fd_sc_hd__clkbuf_1)
     1    0.00                           net290 (net)
                  0.03    0.00   11.55 v wire292/A (sky130_fd_sc_hd__buf_4)
                  0.08    0.18   11.73 v wire292/X (sky130_fd_sc_hd__buf_4)
     2    0.06                           net292 (net)
                  0.09    0.02   11.75 v wire291/A (sky130_fd_sc_hd__buf_4)
                  0.03    0.15   11.90 v wire291/X (sky130_fd_sc_hd__buf_4)
     1    0.01                           net291 (net)
                  0.04    0.00   11.90 v u_regfile.u_sram_rs2/addr1[2] (sky130_sram_1kbyte_1rw1r_32x256_8)
                                 11.90   data arrival time

                          0.00    0.00   clock clk (rise edge)
                          0.00    0.00   clock source latency
                  0.00    0.00    0.00 ^ clk (in)
     1    0.13                           clk (net)
                  0.00    0.00    0.00 ^ clkbuf_0_clk/A (sky130_fd_sc_hd__clkbuf_16)
                  0.08    0.14    0.14 ^ clkbuf_0_clk/X (sky130_fd_sc_hd__clkbuf_16)
     4    0.06                           clknet_0_clk (net)
                  0.08    0.00    0.14 ^ clkbuf_2_3_0_clk/A (sky130_fd_sc_hd__clkbuf_8)
                  0.28    0.31    0.46 ^ clkbuf_2_3_0_clk/X (sky130_fd_sc_hd__clkbuf_8)
    10    0.16                           clknet_2_3_0_clk (net)
                  0.37    0.00    0.46 ^ u_regfile.u_sram_rs2/clk1 (sky130_sram_1kbyte_1rw1r_32x256_8)
                          0.20    0.66   clock uncertainty
                          0.00    0.66   clock reconvergence pessimism
                         -0.06    0.60   library hold time
                                  0.60   data required time
-----------------------------------------------------------------------------
                                  0.60   data required time
                                -11.90   data arrival time
-----------------------------------------------------------------------------
                                 11.30   slack (MET)


Startpoint: u_imem.u_sram (falling edge-triggered flip-flop clocked by clk)
Endpoint: u_regfile.u_sram_rs1 (falling edge-triggered flip-flop clocked by clk)
Path Group: clk
Path Type: min

Fanout     Cap    Slew   Delay    Time   Description
-----------------------------------------------------------------------------
                         10.00   10.00   clock clk (fall edge)
                          0.00   10.00   clock source latency
                  0.00    0.00   10.00 v clk (in)
     1    0.13                           clk (net)
                  0.00    0.00   10.00 v clkbuf_0_clk/A (sky130_fd_sc_hd__clkbuf_16)
                  0.06    0.15   10.15 v clkbuf_0_clk/X (sky130_fd_sc_hd__clkbuf_16)
     4    0.06                           clknet_0_clk (net)
                  0.06    0.00   10.15 v clkbuf_2_1_0_clk/A (sky130_fd_sc_hd__clkbuf_8)
                  0.13    0.23   10.38 v clkbuf_2_1_0_clk/X (sky130_fd_sc_hd__clkbuf_8)
     7    0.12                           clknet_2_1_0_clk (net)
                  0.17    0.00   10.38 v u_imem.u_sram/clk1 (sky130_sram_1kbyte_1rw1r_32x256_8)
                  0.00    0.36   10.74 v u_imem.u_sram/dout1[16] (sky130_sram_1kbyte_1rw1r_32x256_8)
     1    0.01                           net9 (net)
                  0.00    0.00   10.74 v wire358/A (sky130_fd_sc_hd__clkbuf_2)
                  0.08    0.13   10.87 v wire358/X (sky130_fd_sc_hd__clkbuf_2)
     2    0.02                           net358 (net)
                  0.08    0.00   10.87 v max_cap357/A (sky130_fd_sc_hd__clkbuf_2)
                  0.13    0.20   11.07 v max_cap357/X (sky130_fd_sc_hd__clkbuf_2)
     1    0.03                           net357 (net)
                  0.13    0.01   11.08 v wire355/A (sky130_fd_sc_hd__clkbuf_2)
                  0.13    0.22   11.30 v wire355/X (sky130_fd_sc_hd__clkbuf_2)
     1    0.03                           net355 (net)
                  0.13    0.01   11.31 v fanout351/A (sky130_fd_sc_hd__clkbuf_1)
                  0.03    0.12   11.43 v fanout351/X (sky130_fd_sc_hd__clkbuf_1)
     1    0.00                           net351 (net)
                  0.03    0.00   11.43 v wire354/A (sky130_fd_sc_hd__buf_4)
                  0.08    0.17   11.61 v wire354/X (sky130_fd_sc_hd__buf_4)
     2    0.05                           net354 (net)
                  0.08    0.01   11.62 v wire353/A (sky130_fd_sc_hd__buf_4)
                  0.04    0.16   11.78 v wire353/X (sky130_fd_sc_hd__buf_4)
     3    0.02                           net353 (net)
                  0.04    0.00   11.78 v load_slew352/A (sky130_fd_sc_hd__buf_1)
                  0.05    0.11   11.89 v load_slew352/X (sky130_fd_sc_hd__buf_1)
     1    0.01                           net352 (net)
                  0.07    0.00   11.89 v u_regfile.u_sram_rs1/addr1[1] (sky130_sram_1kbyte_1rw1r_32x256_8)
                                 11.89   data arrival time

                          0.00    0.00   clock clk (rise edge)
                          0.00    0.00   clock source latency
                  0.00    0.00    0.00 ^ clk (in)
     1    0.13                           clk (net)
                  0.00    0.00    0.00 ^ clkbuf_0_clk/A (sky130_fd_sc_hd__clkbuf_16)
                  0.08    0.14    0.14 ^ clkbuf_0_clk/X (sky130_fd_sc_hd__clkbuf_16)
     4    0.06                           clknet_0_clk (net)
                  0.08    0.00    0.14 ^ clkbuf_2_1_0_clk/A (sky130_fd_sc_hd__clkbuf_8)
                  0.21    0.26    0.40 ^ clkbuf_2_1_0_clk/X (sky130_fd_sc_hd__clkbuf_8)
     7    0.12                           clknet_2_1_0_clk (net)
                  0.28    0.00    0.40 ^ u_regfile.u_sram_rs1/clk1 (sky130_sram_1kbyte_1rw1r_32x256_8)
                          0.20    0.60   clock uncertainty
                          0.00    0.60   clock reconvergence pessimism
                         -0.06    0.55   library hold time
                                  0.55   data required time
-----------------------------------------------------------------------------
                                  0.55   data required time
                                -11.89   data arrival time
-----------------------------------------------------------------------------
                                 11.34   slack (MET)


Startpoint: u_imem.u_sram (falling edge-triggered flip-flop clocked by clk)
Endpoint: u_regfile.u_sram_rs1 (falling edge-triggered flip-flop clocked by clk)
Path Group: clk
Path Type: min

Fanout     Cap    Slew   Delay    Time   Description
-----------------------------------------------------------------------------
                         10.00   10.00   clock clk (fall edge)
                          0.00   10.00   clock source latency
                  0.00    0.00   10.00 v clk (in)
     1    0.13                           clk (net)
                  0.00    0.00   10.00 v clkbuf_0_clk/A (sky130_fd_sc_hd__clkbuf_16)
                  0.06    0.15   10.15 v clkbuf_0_clk/X (sky130_fd_sc_hd__clkbuf_16)
     4    0.06                           clknet_0_clk (net)
                  0.06    0.00   10.15 v clkbuf_2_1_0_clk/A (sky130_fd_sc_hd__clkbuf_8)
                  0.13    0.23   10.38 v clkbuf_2_1_0_clk/X (sky130_fd_sc_hd__clkbuf_8)
     7    0.12                           clknet_2_1_0_clk (net)
                  0.17    0.00   10.38 v u_imem.u_sram/clk1 (sky130_sram_1kbyte_1rw1r_32x256_8)
                  0.00    0.36   10.74 v u_imem.u_sram/dout1[18] (sky130_sram_1kbyte_1rw1r_32x256_8)
     1    0.01                           net11 (net)
                  0.00    0.00   10.74 v wire343/A (sky130_fd_sc_hd__clkbuf_2)
                  0.08    0.13   10.88 v wire343/X (sky130_fd_sc_hd__clkbuf_2)
     2    0.02                           net343 (net)
                  0.08    0.00   10.88 v max_cap342/A (sky130_fd_sc_hd__clkbuf_2)
                  0.14    0.21   11.08 v max_cap342/X (sky130_fd_sc_hd__clkbuf_2)
     1    0.04                           net342 (net)
                  0.14    0.01   11.09 v wire336/A (sky130_fd_sc_hd__clkbuf_2)
                  0.04    0.15   11.24 v wire336/X (sky130_fd_sc_hd__clkbuf_2)
     1    0.01                           net336 (net)
                  0.04    0.00   11.24 v fanout331/A (sky130_fd_sc_hd__clkbuf_1)
                  0.02    0.08   11.32 v fanout331/X (sky130_fd_sc_hd__clkbuf_1)
     1    0.00                           net331 (net)
                  0.02    0.00   11.32 v wire335/A (sky130_fd_sc_hd__buf_4)
                  0.08    0.17   11.49 v wire335/X (sky130_fd_sc_hd__buf_4)
     2    0.05                           net335 (net)
                  0.08    0.01   11.50 v wire334/A (sky130_fd_sc_hd__buf_4)
                  0.04    0.16   11.66 v wire334/X (sky130_fd_sc_hd__buf_4)
     2    0.01                           net334 (net)
                  0.04    0.00   11.66 v load_slew333/A (sky130_fd_sc_hd__buf_1)
                  0.06    0.11   11.77 v load_slew333/X (sky130_fd_sc_hd__buf_1)
     2    0.01                           net333 (net)
                  0.06    0.00   11.77 v load_slew332/A (sky130_fd_sc_hd__buf_1)
                  0.05    0.12   11.89 v load_slew332/X (sky130_fd_sc_hd__buf_1)
     1    0.01                           net332 (net)
                  0.07    0.00   11.89 v u_regfile.u_sram_rs1/addr1[3] (sky130_sram_1kbyte_1rw1r_32x256_8)
                                 11.89   data arrival time

                          0.00    0.00   clock clk (rise edge)
                          0.00    0.00   clock source latency
                  0.00    0.00    0.00 ^ clk (in)
     1    0.13                           clk (net)
                  0.00    0.00    0.00 ^ clkbuf_0_clk/A (sky130_fd_sc_hd__clkbuf_16)
                  0.08    0.14    0.14 ^ clkbuf_0_clk/X (sky130_fd_sc_hd__clkbuf_16)
     4    0.06                           clknet_0_clk (net)
                  0.08    0.00    0.14 ^ clkbuf_2_1_0_clk/A (sky130_fd_sc_hd__clkbuf_8)
                  0.21    0.26    0.40 ^ clkbuf_2_1_0_clk/X (sky130_fd_sc_hd__clkbuf_8)
     7    0.12                           clknet_2_1_0_clk (net)
                  0.28    0.00    0.40 ^ u_regfile.u_sram_rs1/clk1 (sky130_sram_1kbyte_1rw1r_32x256_8)
                          0.20    0.60   clock uncertainty
                          0.00    0.60   clock reconvergence pessimism
                         -0.06    0.55   library hold time
                                  0.55   data required time
-----------------------------------------------------------------------------
                                  0.55   data required time
                                -11.89   data arrival time
-----------------------------------------------------------------------------
                                 11.34   slack (MET)


Startpoint: u_imem.u_sram (falling edge-triggered flip-flop clocked by clk)
Endpoint: u_regfile.u_sram_rs1 (falling edge-triggered flip-flop clocked by clk)
Path Group: clk
Path Type: min

Fanout     Cap    Slew   Delay    Time   Description
-----------------------------------------------------------------------------
                         10.00   10.00   clock clk (fall edge)
                          0.00   10.00   clock source latency
                  0.00    0.00   10.00 v clk (in)
     1    0.13                           clk (net)
                  0.00    0.00   10.00 v clkbuf_0_clk/A (sky130_fd_sc_hd__clkbuf_16)
                  0.06    0.15   10.15 v clkbuf_0_clk/X (sky130_fd_sc_hd__clkbuf_16)
     4    0.06                           clknet_0_clk (net)
                  0.06    0.00   10.15 v clkbuf_2_1_0_clk/A (sky130_fd_sc_hd__clkbuf_8)
                  0.13    0.23   10.38 v clkbuf_2_1_0_clk/X (sky130_fd_sc_hd__clkbuf_8)
     7    0.12                           clknet_2_1_0_clk (net)
                  0.17    0.00   10.38 v u_imem.u_sram/clk1 (sky130_sram_1kbyte_1rw1r_32x256_8)
                  0.01    0.38   10.77 v u_imem.u_sram/dout1[10] (sky130_sram_1kbyte_1rw1r_32x256_8)
     1    0.01                           net3 (net)
                  0.00    0.00   10.77 v wire397/A (sky130_fd_sc_hd__clkbuf_2)
                  0.16    0.19   10.95 v wire397/X (sky130_fd_sc_hd__clkbuf_2)
     1    0.04                           net397 (net)
                  0.16    0.01   10.96 v wire396/A (sky130_fd_sc_hd__clkbuf_2)
                  0.06    0.18   11.14 v wire396/X (sky130_fd_sc_hd__clkbuf_2)
     2    0.01                           net396 (net)
                  0.06    0.00   11.14 v fanout389/A (sky130_fd_sc_hd__clkbuf_1)
                  0.02    0.09   11.23 v fanout389/X (sky130_fd_sc_hd__clkbuf_1)
     1    0.00                           net389 (net)
                  0.02    0.00   11.23 v wire393/A (sky130_fd_sc_hd__buf_2)
                  0.08    0.16   11.39 v wire393/X (sky130_fd_sc_hd__buf_2)
     2    0.03                           net393 (net)
                  0.08    0.00   11.39 v wire392/A (sky130_fd_sc_hd__buf_4)
                  0.08    0.20   11.59 v wire392/X (sky130_fd_sc_hd__buf_4)
     2    0.06                           net392 (net)
                  0.08    0.02   11.61 v wire391/A (sky130_fd_sc_hd__clkbuf_8)
                  0.04    0.16   11.77 v wire391/X (sky130_fd_sc_hd__clkbuf_8)
     2    0.02                           net391 (net)
                  0.04    0.00   11.77 v wire390/A (sky130_fd_sc_hd__clkbuf_2)
                  0.04    0.11   11.89 v wire390/X (sky130_fd_sc_hd__clkbuf_2)
     1    0.01                           net390 (net)
                  0.05    0.00   11.89 v u_regfile.u_sram_rs1/addr0[3] (sky130_sram_1kbyte_1rw1r_32x256_8)
                                 11.89   data arrival time

                          0.00    0.00   clock clk (rise edge)
                          0.00    0.00   clock source latency
                  0.00    0.00    0.00 ^ clk (in)
     1    0.13                           clk (net)
                  0.00    0.00    0.00 ^ clkbuf_0_clk/A (sky130_fd_sc_hd__clkbuf_16)
                  0.08    0.14    0.14 ^ clkbuf_0_clk/X (sky130_fd_sc_hd__clkbuf_16)
     4    0.06                           clknet_0_clk (net)
                  0.08    0.00    0.14 ^ clkbuf_2_0_0_clk/A (sky130_fd_sc_hd__clkbuf_8)
                  0.19    0.25    0.39 ^ clkbuf_2_0_0_clk/X (sky130_fd_sc_hd__clkbuf_8)
     9    0.11                           clknet_2_0_0_clk (net)
                  0.26    0.00    0.39 ^ u_regfile.u_sram_rs1/clk0 (sky130_sram_1kbyte_1rw1r_32x256_8)
                          0.20    0.59   clock uncertainty
                          0.00    0.59   clock reconvergence pessimism
                         -0.06    0.54   library hold time
                                  0.54   data required time
-----------------------------------------------------------------------------
                                  0.54   data required time
                                -11.89   data arrival time
-----------------------------------------------------------------------------
                                 11.35   slack (MET)


Startpoint: u_imem.u_sram (falling edge-triggered flip-flop clocked by clk)
Endpoint: u_dmem.u_sram (falling edge-triggered flip-flop clocked by clk)
Path Group: clk
Path Type: min

Fanout     Cap    Slew   Delay    Time   Description
-----------------------------------------------------------------------------
                         10.00   10.00   clock clk (fall edge)
                          0.00   10.00   clock source latency
                  0.00    0.00   10.00 v clk (in)
     1    0.13                           clk (net)
                  0.00    0.00   10.00 v clkbuf_0_clk/A (sky130_fd_sc_hd__clkbuf_16)
                  0.06    0.15   10.15 v clkbuf_0_clk/X (sky130_fd_sc_hd__clkbuf_16)
     4    0.06                           clknet_0_clk (net)
                  0.06    0.00   10.15 v clkbuf_2_1_0_clk/A (sky130_fd_sc_hd__clkbuf_8)
                  0.13    0.23   10.38 v clkbuf_2_1_0_clk/X (sky130_fd_sc_hd__clkbuf_8)
     7    0.12                           clknet_2_1_0_clk (net)
                  0.17    0.00   10.38 v u_imem.u_sram/clk1 (sky130_sram_1kbyte_1rw1r_32x256_8)
                  0.01    0.37   10.75 v u_imem.u_sram/dout1[4] (sky130_sram_1kbyte_1rw1r_32x256_8)
     1    0.01                           net28 (net)
                  0.00    0.00   10.75 v wire194/A (sky130_fd_sc_hd__clkbuf_2)
                  0.15    0.18   10.93 v wire194/X (sky130_fd_sc_hd__clkbuf_2)
     1    0.04                           net194 (net)
                  0.15    0.01   10.94 v wire193/A (sky130_fd_sc_hd__clkbuf_2)
                  0.06    0.17   11.12 v wire193/X (sky130_fd_sc_hd__clkbuf_2)
     1    0.01                           net193 (net)
                  0.06    0.00   11.12 v wire192/A (sky130_fd_sc_hd__buf_4)
                  0.04    0.15   11.27 v wire192/X (sky130_fd_sc_hd__buf_4)
     1    0.02                           net192 (net)
                  0.04    0.00   11.27 v fanout191/A (sky130_fd_sc_hd__buf_8)
                  0.07    0.15   11.43 v fanout191/X (sky130_fd_sc_hd__buf_8)
     2    0.10                           net191 (net)
                  0.07    0.00   11.43 v fanout190/A (sky130_fd_sc_hd__buf_1)
                  0.06    0.13   11.55 v fanout190/X (sky130_fd_sc_hd__buf_1)
     2    0.01                           net190 (net)
                  0.06    0.00   11.55 v u_decoder_controller._30_/A_N (sky130_fd_sc_hd__and3b_1)
                  0.08    0.23   11.79 ^ u_decoder_controller._30_/X (sky130_fd_sc_hd__and3b_1)
     1    0.01                           u_decoder_controller._11_ (net)
                  0.08    0.00   11.79 ^ u_decoder_controller._31_/A (sky130_fd_sc_hd__buf_1)
                  0.11    0.14   11.93 ^ u_decoder_controller._31_/X (sky130_fd_sc_hd__buf_1)
     2    0.01                           u_decoder_controller.mem_write (net)
                  0.11    0.00   11.93 ^ u_dmem._116_/A (sky130_fd_sc_hd__inv_2)
                  0.04    0.05   11.98 v u_dmem._116_/Y (sky130_fd_sc_hd__inv_2)
     1    0.01                           u_dmem.web0_sram (net)
                  0.05    0.00   11.98 v u_dmem.u_sram/web0 (sky130_sram_1kbyte_1rw1r_32x256_8)
                                 11.98   data arrival time

                          0.00    0.00   clock clk (rise edge)
                          0.00    0.00   clock source latency
                  0.00    0.00    0.00 ^ clk (in)
     1    0.13                           clk (net)
                  0.00    0.00    0.00 ^ clkbuf_0_clk/A (sky130_fd_sc_hd__clkbuf_16)
                  0.08    0.14    0.14 ^ clkbuf_0_clk/X (sky130_fd_sc_hd__clkbuf_16)
     4    0.06                           clknet_0_clk (net)
                  0.08    0.00    0.14 ^ clkbuf_2_3_0_clk/A (sky130_fd_sc_hd__clkbuf_8)
                  0.28    0.31    0.46 ^ clkbuf_2_3_0_clk/X (sky130_fd_sc_hd__clkbuf_8)
    10    0.16                           clknet_2_3_0_clk (net)
                  0.37    0.00    0.46 ^ u_dmem.u_sram/clk0 (sky130_sram_1kbyte_1rw1r_32x256_8)
                          0.20    0.66   clock uncertainty
                          0.00    0.66   clock reconvergence pessimism
                         -0.06    0.60   library hold time
                                  0.60   data required time
-----------------------------------------------------------------------------
                                  0.60   data required time
                                -11.98   data arrival time
-----------------------------------------------------------------------------
                                 11.38   slack (MET)


Startpoint: u_imem.u_sram (falling edge-triggered flip-flop clocked by clk)
Endpoint: u_regfile.u_sram_rs1 (falling edge-triggered flip-flop clocked by clk)
Path Group: clk
Path Type: min

Fanout     Cap    Slew   Delay    Time   Description
-----------------------------------------------------------------------------
                         10.00   10.00   clock clk (fall edge)
                          0.00   10.00   clock source latency
                  0.00    0.00   10.00 v clk (in)
     1    0.13                           clk (net)
                  0.00    0.00   10.00 v clkbuf_0_clk/A (sky130_fd_sc_hd__clkbuf_16)
                  0.06    0.15   10.15 v clkbuf_0_clk/X (sky130_fd_sc_hd__clkbuf_16)
     4    0.06                           clknet_0_clk (net)
                  0.06    0.00   10.15 v clkbuf_2_1_0_clk/A (sky130_fd_sc_hd__clkbuf_8)
                  0.13    0.23   10.38 v clkbuf_2_1_0_clk/X (sky130_fd_sc_hd__clkbuf_8)
     7    0.12                           clknet_2_1_0_clk (net)
                  0.17    0.00   10.38 v u_imem.u_sram/clk1 (sky130_sram_1kbyte_1rw1r_32x256_8)
                  0.00    0.35   10.73 v u_imem.u_sram/dout1[8] (sky130_sram_1kbyte_1rw1r_32x256_8)
     1    0.00                           net32 (net)
                  0.00    0.00   10.73 v wire159/A (sky130_fd_sc_hd__clkbuf_2)
                  0.05    0.10   10.84 v wire159/X (sky130_fd_sc_hd__clkbuf_2)
     1    0.01                           net159 (net)
                  0.05    0.00   10.84 v wire158/A (sky130_fd_sc_hd__clkbuf_2)
                  0.16    0.20   11.04 v wire158/X (sky130_fd_sc_hd__clkbuf_2)
     1    0.04                           net158 (net)
                  0.16    0.01   11.05 v wire157/A (sky130_fd_sc_hd__clkbuf_2)
                  0.06    0.18   11.23 v wire157/X (sky130_fd_sc_hd__clkbuf_2)
     1    0.01                           net157 (net)
                  0.06    0.00   11.23 v fanout154/A (sky130_fd_sc_hd__buf_6)
                  0.03    0.13   11.37 v fanout154/X (sky130_fd_sc_hd__buf_6)
     2    0.02                           net154 (net)
                  0.03    0.00   11.37 v fanout150/A (sky130_fd_sc_hd__clkbuf_1)
                  0.02    0.08   11.45 v fanout150/X (sky130_fd_sc_hd__clkbuf_1)
     1    0.00                           net150 (net)
                  0.02    0.00   11.45 v wire153/A (sky130_fd_sc_hd__clkbuf_2)
                  0.08    0.14   11.58 v wire153/X (sky130_fd_sc_hd__clkbuf_2)
     2    0.02                           net153 (net)
                  0.08    0.00   11.58 v wire152/A (sky130_fd_sc_hd__buf_6)
                  0.07    0.18   11.76 v wire152/X (sky130_fd_sc_hd__buf_6)
     3    0.08                           net152 (net)
                  0.08    0.02   11.78 v wire151/A (sky130_fd_sc_hd__buf_4)
                  0.03    0.15   11.93 v wire151/X (sky130_fd_sc_hd__buf_4)
     1    0.01                           net151 (net)
                  0.04    0.00   11.93 v u_regfile.u_sram_rs1/addr0[1] (sky130_sram_1kbyte_1rw1r_32x256_8)
                                 11.93   data arrival time

                          0.00    0.00   clock clk (rise edge)
                          0.00    0.00   clock source latency
                  0.00    0.00    0.00 ^ clk (in)
     1    0.13                           clk (net)
                  0.00    0.00    0.00 ^ clkbuf_0_clk/A (sky130_fd_sc_hd__clkbuf_16)
                  0.08    0.14    0.14 ^ clkbuf_0_clk/X (sky130_fd_sc_hd__clkbuf_16)
     4    0.06                           clknet_0_clk (net)
                  0.08    0.00    0.14 ^ clkbuf_2_0_0_clk/A (sky130_fd_sc_hd__clkbuf_8)
                  0.19    0.25    0.39 ^ clkbuf_2_0_0_clk/X (sky130_fd_sc_hd__clkbuf_8)
     9    0.11                           clknet_2_0_0_clk (net)
                  0.26    0.00    0.39 ^ u_regfile.u_sram_rs1/clk0 (sky130_sram_1kbyte_1rw1r_32x256_8)
                          0.20    0.59   clock uncertainty
                          0.00    0.59   clock reconvergence pessimism
                         -0.06    0.54   library hold time
                                  0.54   data required time
-----------------------------------------------------------------------------
                                  0.54   data required time
                                -11.93   data arrival time
-----------------------------------------------------------------------------
                                 11.39   slack (MET)


Startpoint: u_imem.u_sram (falling edge-triggered flip-flop clocked by clk)
Endpoint: u_regfile.u_sram_rs2 (falling edge-triggered flip-flop clocked by clk)
Path Group: clk
Path Type: min

Fanout     Cap    Slew   Delay    Time   Description
-----------------------------------------------------------------------------
                         10.00   10.00   clock clk (fall edge)
                          0.00   10.00   clock source latency
                  0.00    0.00   10.00 v clk (in)
     1    0.13                           clk (net)
                  0.00    0.00   10.00 v clkbuf_0_clk/A (sky130_fd_sc_hd__clkbuf_16)
                  0.06    0.15   10.15 v clkbuf_0_clk/X (sky130_fd_sc_hd__clkbuf_16)
     4    0.06                           clknet_0_clk (net)
                  0.06    0.00   10.15 v clkbuf_2_1_0_clk/A (sky130_fd_sc_hd__clkbuf_8)
                  0.13    0.23   10.38 v clkbuf_2_1_0_clk/X (sky130_fd_sc_hd__clkbuf_8)
     7    0.12                           clknet_2_1_0_clk (net)
                  0.17    0.00   10.38 v u_imem.u_sram/clk1 (sky130_sram_1kbyte_1rw1r_32x256_8)
                  0.00    0.36   10.74 v u_imem.u_sram/dout1[7] (sky130_sram_1kbyte_1rw1r_32x256_8)
     1    0.01                           net31 (net)
                  0.00    0.00   10.74 v wire171/A (sky130_fd_sc_hd__clkbuf_2)
                  0.15    0.18   10.92 v wire171/X (sky130_fd_sc_hd__clkbuf_2)
     1    0.04                           net171 (net)
                  0.15    0.01   10.93 v wire170/A (sky130_fd_sc_hd__clkbuf_2)
                  0.06    0.17   11.11 v wire170/X (sky130_fd_sc_hd__clkbuf_2)
     1    0.01                           net170 (net)
                  0.06    0.00   11.11 v wire169/A (sky130_fd_sc_hd__buf_4)
                  0.04    0.15   11.26 v wire169/X (sky130_fd_sc_hd__buf_4)
     1    0.01                           net169 (net)
                  0.04    0.00   11.26 v fanout168/A (sky130_fd_sc_hd__clkbuf_16)
                  0.08    0.18   11.44 v fanout168/X (sky130_fd_sc_hd__clkbuf_16)
     2    0.12                           net168 (net)
                  0.08    0.00   11.44 v fanout165/A (sky130_fd_sc_hd__clkbuf_1)
                  0.03    0.10   11.54 v fanout165/X (sky130_fd_sc_hd__clkbuf_1)
     1    0.00                           net165 (net)
                  0.03    0.00   11.54 v wire167/A (sky130_fd_sc_hd__buf_4)
                  0.08    0.18   11.72 v wire167/X (sky130_fd_sc_hd__buf_4)
     2    0.06                           net167 (net)
                  0.09    0.02   11.74 v wire166/A (sky130_fd_sc_hd__buf_4)
                  0.03    0.16   11.89 v wire166/X (sky130_fd_sc_hd__buf_4)
     1    0.01                           net166 (net)
                  0.04    0.00   11.89 v u_regfile.u_sram_rs2/addr0[0] (sky130_sram_1kbyte_1rw1r_32x256_8)
                                 11.89   data arrival time

                          0.00    0.00   clock clk (rise edge)
                          0.00    0.00   clock source latency
                  0.00    0.00    0.00 ^ clk (in)
     1    0.13                           clk (net)
                  0.00    0.00    0.00 ^ clkbuf_0_clk/A (sky130_fd_sc_hd__clkbuf_16)
                  0.08    0.14    0.14 ^ clkbuf_0_clk/X (sky130_fd_sc_hd__clkbuf_16)
     4    0.06                           clknet_0_clk (net)
                  0.08    0.00    0.14 ^ clkbuf_2_2_0_clk/A (sky130_fd_sc_hd__clkbuf_8)
                  0.14    0.21    0.36 ^ clkbuf_2_2_0_clk/X (sky130_fd_sc_hd__clkbuf_8)
    14    0.08                           clknet_2_2_0_clk (net)
                  0.19    0.00    0.36 ^ u_regfile.u_sram_rs2/clk0 (sky130_sram_1kbyte_1rw1r_32x256_8)
                          0.20    0.56   clock uncertainty
                          0.00    0.56   clock reconvergence pessimism
                         -0.06    0.50   library hold time
                                  0.50   data required time
-----------------------------------------------------------------------------
                                  0.50   data required time
                                -11.89   data arrival time
-----------------------------------------------------------------------------
                                 11.39   slack (MET)


Startpoint: u_imem.u_sram (falling edge-triggered flip-flop clocked by clk)
Endpoint: u_dmem.u_sram (falling edge-triggered flip-flop clocked by clk)
Path Group: clk
Path Type: min

Fanout     Cap    Slew   Delay    Time   Description
-----------------------------------------------------------------------------
                         10.00   10.00   clock clk (fall edge)
                          0.00   10.00   clock source latency
                  0.00    0.00   10.00 v clk (in)
     1    0.13                           clk (net)
                  0.00    0.00   10.00 v clkbuf_0_clk/A (sky130_fd_sc_hd__clkbuf_16)
                  0.06    0.15   10.15 v clkbuf_0_clk/X (sky130_fd_sc_hd__clkbuf_16)
     4    0.06                           clknet_0_clk (net)
                  0.06    0.00   10.15 v clkbuf_2_1_0_clk/A (sky130_fd_sc_hd__clkbuf_8)
                  0.13    0.23   10.38 v clkbuf_2_1_0_clk/X (sky130_fd_sc_hd__clkbuf_8)
     7    0.12                           clknet_2_1_0_clk (net)
                  0.17    0.00   10.38 v u_imem.u_sram/clk1 (sky130_sram_1kbyte_1rw1r_32x256_8)
                  0.01    0.37   10.75 v u_imem.u_sram/dout1[4] (sky130_sram_1kbyte_1rw1r_32x256_8)
     1    0.01                           net28 (net)
                  0.00    0.00   10.75 v wire194/A (sky130_fd_sc_hd__clkbuf_2)
                  0.15    0.18   10.93 v wire194/X (sky130_fd_sc_hd__clkbuf_2)
     1    0.04                           net194 (net)
                  0.15    0.01   10.94 v wire193/A (sky130_fd_sc_hd__clkbuf_2)
                  0.06    0.17   11.12 v wire193/X (sky130_fd_sc_hd__clkbuf_2)
     1    0.01                           net193 (net)
                  0.06    0.00   11.12 v wire192/A (sky130_fd_sc_hd__buf_4)
                  0.04    0.15   11.27 v wire192/X (sky130_fd_sc_hd__buf_4)
     1    0.02                           net192 (net)
                  0.04    0.00   11.27 v fanout191/A (sky130_fd_sc_hd__buf_8)
                  0.07    0.15   11.43 v fanout191/X (sky130_fd_sc_hd__buf_8)
     2    0.10                           net191 (net)
                  0.07    0.00   11.43 v fanout190/A (sky130_fd_sc_hd__buf_1)
                  0.06    0.13   11.55 v fanout190/X (sky130_fd_sc_hd__buf_1)
     2    0.01                           net190 (net)
                  0.06    0.00   11.55 v u_decoder_controller._30_/A_N (sky130_fd_sc_hd__and3b_1)
                  0.08    0.23   11.79 ^ u_decoder_controller._30_/X (sky130_fd_sc_hd__and3b_1)
     1    0.01                           u_decoder_controller._11_ (net)
                  0.08    0.00   11.79 ^ u_decoder_controller._31_/A (sky130_fd_sc_hd__buf_1)
                  0.11    0.14   11.93 ^ u_decoder_controller._31_/X (sky130_fd_sc_hd__buf_1)
     2    0.01                           u_decoder_controller.mem_write (net)
                  0.11    0.00   11.93 ^ u_dmem._115_/B (sky130_fd_sc_hd__nor2_1)
                  0.06    0.08   12.01 v u_dmem._115_/Y (sky130_fd_sc_hd__nor2_1)
     1    0.01                           u_dmem.csb0_sram (net)
                  0.07    0.00   12.01 v u_dmem.u_sram/csb0 (sky130_sram_1kbyte_1rw1r_32x256_8)
                                 12.01   data arrival time

                          0.00    0.00   clock clk (rise edge)
                          0.00    0.00   clock source latency
                  0.00    0.00    0.00 ^ clk (in)
     1    0.13                           clk (net)
                  0.00    0.00    0.00 ^ clkbuf_0_clk/A (sky130_fd_sc_hd__clkbuf_16)
                  0.08    0.14    0.14 ^ clkbuf_0_clk/X (sky130_fd_sc_hd__clkbuf_16)
     4    0.06                           clknet_0_clk (net)
                  0.08    0.00    0.14 ^ clkbuf_2_3_0_clk/A (sky130_fd_sc_hd__clkbuf_8)
                  0.28    0.31    0.46 ^ clkbuf_2_3_0_clk/X (sky130_fd_sc_hd__clkbuf_8)
    10    0.16                           clknet_2_3_0_clk (net)
                  0.37    0.00    0.46 ^ u_dmem.u_sram/clk0 (sky130_sram_1kbyte_1rw1r_32x256_8)
                          0.20    0.66   clock uncertainty
                          0.00    0.66   clock reconvergence pessimism
                         -0.06    0.60   library hold time
                                  0.60   data required time
-----------------------------------------------------------------------------
                                  0.60   data required time
                                -12.01   data arrival time
-----------------------------------------------------------------------------
                                 11.41   slack (MET)


Startpoint: u_imem.u_sram (falling edge-triggered flip-flop clocked by clk)
Endpoint: u_regfile.u_sram_rs1 (falling edge-triggered flip-flop clocked by clk)
Path Group: clk
Path Type: min

Fanout     Cap    Slew   Delay    Time   Description
-----------------------------------------------------------------------------
                         10.00   10.00   clock clk (fall edge)
                          0.00   10.00   clock source latency
                  0.00    0.00   10.00 v clk (in)
     1    0.13                           clk (net)
                  0.00    0.00   10.00 v clkbuf_0_clk/A (sky130_fd_sc_hd__clkbuf_16)
                  0.06    0.15   10.15 v clkbuf_0_clk/X (sky130_fd_sc_hd__clkbuf_16)
     4    0.06                           clknet_0_clk (net)
                  0.06    0.00   10.15 v clkbuf_2_1_0_clk/A (sky130_fd_sc_hd__clkbuf_8)
                  0.13    0.23   10.38 v clkbuf_2_1_0_clk/X (sky130_fd_sc_hd__clkbuf_8)
     7    0.12                           clknet_2_1_0_clk (net)
                  0.17    0.00   10.38 v u_imem.u_sram/clk1 (sky130_sram_1kbyte_1rw1r_32x256_8)
                  0.01    0.39   10.77 ^ u_imem.u_sram/dout1[10] (sky130_sram_1kbyte_1rw1r_32x256_8)
     1    0.01                           net3 (net)
                  0.01    0.00   10.77 ^ wire397/A (sky130_fd_sc_hd__clkbuf_2)
                  0.23    0.22   10.99 ^ wire397/X (sky130_fd_sc_hd__clkbuf_2)
     1    0.04                           net397 (net)
                  0.23    0.01   11.00 ^ wire396/A (sky130_fd_sc_hd__clkbuf_2)
                  0.08    0.19   11.18 ^ wire396/X (sky130_fd_sc_hd__clkbuf_2)
     2    0.01                           net396 (net)
                  0.08    0.00   11.18 ^ wire395/A (sky130_fd_sc_hd__clkbuf_2)
                  0.12    0.17   11.35 ^ wire395/X (sky130_fd_sc_hd__clkbuf_2)
     1    0.02                           net395 (net)
                  0.12    0.00   11.36 ^ fanout394/A (sky130_fd_sc_hd__buf_2)
                  0.14    0.21   11.56 ^ fanout394/X (sky130_fd_sc_hd__buf_2)
     2    0.03                           net394 (net)
                  0.14    0.00   11.56 ^ u_regfile._120_/B (sky130_fd_sc_hd__or4_1)
                  0.10    0.17   11.73 ^ u_regfile._120_/X (sky130_fd_sc_hd__or4_1)
     1    0.01                           u_regfile._017_ (net)
                  0.10    0.00   11.73 ^ u_regfile._121_/A2 (sky130_fd_sc_hd__o211ai_4)
                  0.31    0.26   12.00 v u_regfile._121_/Y (sky130_fd_sc_hd__o211ai_4)
     4    0.10                           u_regfile._000_ (net)
                  0.43    0.04   12.04 v u_regfile.u_sram_rs1/web0 (sky130_sram_1kbyte_1rw1r_32x256_8)
                                 12.04   data arrival time

                          0.00    0.00   clock clk (rise edge)
                          0.00    0.00   clock source latency
                  0.00    0.00    0.00 ^ clk (in)
     1    0.13                           clk (net)
                  0.00    0.00    0.00 ^ clkbuf_0_clk/A (sky130_fd_sc_hd__clkbuf_16)
                  0.08    0.14    0.14 ^ clkbuf_0_clk/X (sky130_fd_sc_hd__clkbuf_16)
     4    0.06                           clknet_0_clk (net)
                  0.08    0.00    0.14 ^ clkbuf_2_0_0_clk/A (sky130_fd_sc_hd__clkbuf_8)
                  0.19    0.25    0.39 ^ clkbuf_2_0_0_clk/X (sky130_fd_sc_hd__clkbuf_8)
     9    0.11                           clknet_2_0_0_clk (net)
                  0.26    0.00    0.39 ^ u_regfile.u_sram_rs1/clk0 (sky130_sram_1kbyte_1rw1r_32x256_8)
                          0.20    0.59   clock uncertainty
                          0.00    0.59   clock reconvergence pessimism
                         -0.06    0.54   library hold time
                                  0.54   data required time
-----------------------------------------------------------------------------
                                  0.54   data required time
                                -12.04   data arrival time
-----------------------------------------------------------------------------
                                 11.50   slack (MET)


Startpoint: u_imem.u_sram (falling edge-triggered flip-flop clocked by clk)
Endpoint: u_regfile.u_sram_rs1 (falling edge-triggered flip-flop clocked by clk)
Path Group: clk
Path Type: min

Fanout     Cap    Slew   Delay    Time   Description
-----------------------------------------------------------------------------
                         10.00   10.00   clock clk (fall edge)
                          0.00   10.00   clock source latency
                  0.00    0.00   10.00 v clk (in)
     1    0.13                           clk (net)
                  0.00    0.00   10.00 v clkbuf_0_clk/A (sky130_fd_sc_hd__clkbuf_16)
                  0.06    0.15   10.15 v clkbuf_0_clk/X (sky130_fd_sc_hd__clkbuf_16)
     4    0.06                           clknet_0_clk (net)
                  0.06    0.00   10.15 v clkbuf_2_1_0_clk/A (sky130_fd_sc_hd__clkbuf_8)
                  0.13    0.23   10.38 v clkbuf_2_1_0_clk/X (sky130_fd_sc_hd__clkbuf_8)
     7    0.12                           clknet_2_1_0_clk (net)
                  0.17    0.00   10.38 v u_imem.u_sram/clk1 (sky130_sram_1kbyte_1rw1r_32x256_8)
                  0.01    0.39   10.77 ^ u_imem.u_sram/dout1[10] (sky130_sram_1kbyte_1rw1r_32x256_8)
     1    0.01                           net3 (net)
                  0.01    0.00   10.77 ^ wire397/A (sky130_fd_sc_hd__clkbuf_2)
                  0.23    0.22   10.99 ^ wire397/X (sky130_fd_sc_hd__clkbuf_2)
     1    0.04                           net397 (net)
                  0.23    0.01   11.00 ^ wire396/A (sky130_fd_sc_hd__clkbuf_2)
                  0.08    0.19   11.18 ^ wire396/X (sky130_fd_sc_hd__clkbuf_2)
     2    0.01                           net396 (net)
                  0.08    0.00   11.18 ^ wire395/A (sky130_fd_sc_hd__clkbuf_2)
                  0.12    0.17   11.35 ^ wire395/X (sky130_fd_sc_hd__clkbuf_2)
     1    0.02                           net395 (net)
                  0.12    0.00   11.36 ^ fanout394/A (sky130_fd_sc_hd__buf_2)
                  0.14    0.21   11.56 ^ fanout394/X (sky130_fd_sc_hd__buf_2)
     2    0.03                           net394 (net)
                  0.14    0.00   11.56 ^ u_regfile._120_/B (sky130_fd_sc_hd__or4_1)
                  0.10    0.17   11.73 ^ u_regfile._120_/X (sky130_fd_sc_hd__or4_1)
     1    0.01                           u_regfile._017_ (net)
                  0.10    0.00   11.73 ^ u_regfile._121_/A2 (sky130_fd_sc_hd__o211ai_4)
                  0.31    0.26   12.00 v u_regfile._121_/Y (sky130_fd_sc_hd__o211ai_4)
     4    0.10                           u_regfile._000_ (net)
                  0.43    0.04   12.04 v u_regfile.u_sram_rs1/csb0 (sky130_sram_1kbyte_1rw1r_32x256_8)
                                 12.04   data arrival time

                          0.00    0.00   clock clk (rise edge)
                          0.00    0.00   clock source latency
                  0.00    0.00    0.00 ^ clk (in)
     1    0.13                           clk (net)
                  0.00    0.00    0.00 ^ clkbuf_0_clk/A (sky130_fd_sc_hd__clkbuf_16)
                  0.08    0.14    0.14 ^ clkbuf_0_clk/X (sky130_fd_sc_hd__clkbuf_16)
     4    0.06                           clknet_0_clk (net)
                  0.08    0.00    0.14 ^ clkbuf_2_0_0_clk/A (sky130_fd_sc_hd__clkbuf_8)
                  0.19    0.25    0.39 ^ clkbuf_2_0_0_clk/X (sky130_fd_sc_hd__clkbuf_8)
     9    0.11                           clknet_2_0_0_clk (net)
                  0.26    0.00    0.39 ^ u_regfile.u_sram_rs1/clk0 (sky130_sram_1kbyte_1rw1r_32x256_8)
                          0.20    0.59   clock uncertainty
                          0.00    0.59   clock reconvergence pessimism
                         -0.06    0.54   library hold time
                                  0.54   data required time
-----------------------------------------------------------------------------
                                  0.54   data required time
                                -12.04   data arrival time
-----------------------------------------------------------------------------
                                 11.50   slack (MET)


Startpoint: u_imem.u_sram (falling edge-triggered flip-flop clocked by clk)
Endpoint: u_regfile.u_sram_rs2 (falling edge-triggered flip-flop clocked by clk)
Path Group: clk
Path Type: min

Fanout     Cap    Slew   Delay    Time   Description
-----------------------------------------------------------------------------
                         10.00   10.00   clock clk (fall edge)
                          0.00   10.00   clock source latency
                  0.00    0.00   10.00 v clk (in)
     1    0.13                           clk (net)
                  0.00    0.00   10.00 v clkbuf_0_clk/A (sky130_fd_sc_hd__clkbuf_16)
                  0.06    0.15   10.15 v clkbuf_0_clk/X (sky130_fd_sc_hd__clkbuf_16)
     4    0.06                           clknet_0_clk (net)
                  0.06    0.00   10.15 v clkbuf_2_1_0_clk/A (sky130_fd_sc_hd__clkbuf_8)
                  0.13    0.23   10.38 v clkbuf_2_1_0_clk/X (sky130_fd_sc_hd__clkbuf_8)
     7    0.12                           clknet_2_1_0_clk (net)
                  0.17    0.00   10.38 v u_imem.u_sram/clk1 (sky130_sram_1kbyte_1rw1r_32x256_8)
                  0.01    0.39   10.77 ^ u_imem.u_sram/dout1[10] (sky130_sram_1kbyte_1rw1r_32x256_8)
     1    0.01                           net3 (net)
                  0.01    0.00   10.77 ^ wire397/A (sky130_fd_sc_hd__clkbuf_2)
                  0.23    0.22   10.99 ^ wire397/X (sky130_fd_sc_hd__clkbuf_2)
     1    0.04                           net397 (net)
                  0.23    0.01   11.00 ^ wire396/A (sky130_fd_sc_hd__clkbuf_2)
                  0.08    0.19   11.18 ^ wire396/X (sky130_fd_sc_hd__clkbuf_2)
     2    0.01                           net396 (net)
                  0.08    0.00   11.18 ^ wire395/A (sky130_fd_sc_hd__clkbuf_2)
                  0.12    0.17   11.35 ^ wire395/X (sky130_fd_sc_hd__clkbuf_2)
     1    0.02                           net395 (net)
                  0.12    0.00   11.36 ^ fanout394/A (sky130_fd_sc_hd__buf_2)
                  0.14    0.21   11.56 ^ fanout394/X (sky130_fd_sc_hd__buf_2)
     2    0.03                           net394 (net)
                  0.14    0.00   11.56 ^ u_regfile._120_/B (sky130_fd_sc_hd__or4_1)
                  0.10    0.17   11.73 ^ u_regfile._120_/X (sky130_fd_sc_hd__or4_1)
     1    0.01                           u_regfile._017_ (net)
                  0.10    0.00   11.73 ^ u_regfile._121_/A2 (sky130_fd_sc_hd__o211ai_4)
                  0.31    0.26   12.00 v u_regfile._121_/Y (sky130_fd_sc_hd__o211ai_4)
     4    0.10                           u_regfile._000_ (net)
                  0.42    0.02   12.02 v u_regfile.u_sram_rs2/web0 (sky130_sram_1kbyte_1rw1r_32x256_8)
                                 12.02   data arrival time

                          0.00    0.00   clock clk (rise edge)
                          0.00    0.00   clock source latency
                  0.00    0.00    0.00 ^ clk (in)
     1    0.13                           clk (net)
                  0.00    0.00    0.00 ^ clkbuf_0_clk/A (sky130_fd_sc_hd__clkbuf_16)
                  0.08    0.14    0.14 ^ clkbuf_0_clk/X (sky130_fd_sc_hd__clkbuf_16)
     4    0.06                           clknet_0_clk (net)
                  0.08    0.00    0.14 ^ clkbuf_2_2_0_clk/A (sky130_fd_sc_hd__clkbuf_8)
                  0.14    0.21    0.36 ^ clkbuf_2_2_0_clk/X (sky130_fd_sc_hd__clkbuf_8)
    14    0.08                           clknet_2_2_0_clk (net)
                  0.19    0.00    0.36 ^ u_regfile.u_sram_rs2/clk0 (sky130_sram_1kbyte_1rw1r_32x256_8)
                          0.20    0.56   clock uncertainty
                          0.00    0.56   clock reconvergence pessimism
                         -0.06    0.50   library hold time
                                  0.50   data required time
-----------------------------------------------------------------------------
                                  0.50   data required time
                                -12.02   data arrival time
-----------------------------------------------------------------------------
                                 11.52   slack (MET)


Startpoint: u_imem.u_sram (falling edge-triggered flip-flop clocked by clk)
Endpoint: u_regfile.u_sram_rs2 (falling edge-triggered flip-flop clocked by clk)
Path Group: clk
Path Type: min

Fanout     Cap    Slew   Delay    Time   Description
-----------------------------------------------------------------------------
                         10.00   10.00   clock clk (fall edge)
                          0.00   10.00   clock source latency
                  0.00    0.00   10.00 v clk (in)
     1    0.13                           clk (net)
                  0.00    0.00   10.00 v clkbuf_0_clk/A (sky130_fd_sc_hd__clkbuf_16)
                  0.06    0.15   10.15 v clkbuf_0_clk/X (sky130_fd_sc_hd__clkbuf_16)
     4    0.06                           clknet_0_clk (net)
                  0.06    0.00   10.15 v clkbuf_2_1_0_clk/A (sky130_fd_sc_hd__clkbuf_8)
                  0.13    0.23   10.38 v clkbuf_2_1_0_clk/X (sky130_fd_sc_hd__clkbuf_8)
     7    0.12                           clknet_2_1_0_clk (net)
                  0.17    0.00   10.38 v u_imem.u_sram/clk1 (sky130_sram_1kbyte_1rw1r_32x256_8)
                  0.01    0.39   10.77 ^ u_imem.u_sram/dout1[10] (sky130_sram_1kbyte_1rw1r_32x256_8)
     1    0.01                           net3 (net)
                  0.01    0.00   10.77 ^ wire397/A (sky130_fd_sc_hd__clkbuf_2)
                  0.23    0.22   10.99 ^ wire397/X (sky130_fd_sc_hd__clkbuf_2)
     1    0.04                           net397 (net)
                  0.23    0.01   11.00 ^ wire396/A (sky130_fd_sc_hd__clkbuf_2)
                  0.08    0.19   11.18 ^ wire396/X (sky130_fd_sc_hd__clkbuf_2)
     2    0.01                           net396 (net)
                  0.08    0.00   11.18 ^ wire395/A (sky130_fd_sc_hd__clkbuf_2)
                  0.12    0.17   11.35 ^ wire395/X (sky130_fd_sc_hd__clkbuf_2)
     1    0.02                           net395 (net)
                  0.12    0.00   11.36 ^ fanout394/A (sky130_fd_sc_hd__buf_2)
                  0.14    0.21   11.56 ^ fanout394/X (sky130_fd_sc_hd__buf_2)
     2    0.03                           net394 (net)
                  0.14    0.00   11.56 ^ u_regfile._120_/B (sky130_fd_sc_hd__or4_1)
                  0.10    0.17   11.73 ^ u_regfile._120_/X (sky130_fd_sc_hd__or4_1)
     1    0.01                           u_regfile._017_ (net)
                  0.10    0.00   11.73 ^ u_regfile._121_/A2 (sky130_fd_sc_hd__o211ai_4)
                  0.31    0.26   12.00 v u_regfile._121_/Y (sky130_fd_sc_hd__o211ai_4)
     4    0.10                           u_regfile._000_ (net)
                  0.42    0.02   12.02 v u_regfile.u_sram_rs2/csb0 (sky130_sram_1kbyte_1rw1r_32x256_8)
                                 12.02   data arrival time

                          0.00    0.00   clock clk (rise edge)
                          0.00    0.00   clock source latency
                  0.00    0.00    0.00 ^ clk (in)
     1    0.13                           clk (net)
                  0.00    0.00    0.00 ^ clkbuf_0_clk/A (sky130_fd_sc_hd__clkbuf_16)
                  0.08    0.14    0.14 ^ clkbuf_0_clk/X (sky130_fd_sc_hd__clkbuf_16)
     4    0.06                           clknet_0_clk (net)
                  0.08    0.00    0.14 ^ clkbuf_2_2_0_clk/A (sky130_fd_sc_hd__clkbuf_8)
                  0.14    0.21    0.36 ^ clkbuf_2_2_0_clk/X (sky130_fd_sc_hd__clkbuf_8)
    14    0.08                           clknet_2_2_0_clk (net)
                  0.19    0.00    0.36 ^ u_regfile.u_sram_rs2/clk0 (sky130_sram_1kbyte_1rw1r_32x256_8)
                          0.20    0.56   clock uncertainty
                          0.00    0.56   clock reconvergence pessimism
                         -0.06    0.50   library hold time
                                  0.50   data required time
-----------------------------------------------------------------------------
                                  0.50   data required time
                                -12.02   data arrival time
-----------------------------------------------------------------------------
                                 11.52   slack (MET)


Startpoint: u_imem.u_sram (falling edge-triggered flip-flop clocked by clk)
Endpoint: u_regfile.u_sram_rs1 (falling edge-triggered flip-flop clocked by clk)
Path Group: clk
Path Type: min

Fanout     Cap    Slew   Delay    Time   Description
-----------------------------------------------------------------------------
                         10.00   10.00   clock clk (fall edge)
                          0.00   10.00   clock source latency
                  0.00    0.00   10.00 v clk (in)
     1    0.13                           clk (net)
                  0.00    0.00   10.00 v clkbuf_0_clk/A (sky130_fd_sc_hd__clkbuf_16)
                  0.06    0.15   10.15 v clkbuf_0_clk/X (sky130_fd_sc_hd__clkbuf_16)
     4    0.06                           clknet_0_clk (net)
                  0.06    0.00   10.15 v clkbuf_2_1_0_clk/A (sky130_fd_sc_hd__clkbuf_8)
                  0.13    0.23   10.38 v clkbuf_2_1_0_clk/X (sky130_fd_sc_hd__clkbuf_8)
     7    0.12                           clknet_2_1_0_clk (net)
                  0.17    0.00   10.38 v u_imem.u_sram/clk1 (sky130_sram_1kbyte_1rw1r_32x256_8)
                  0.01    0.42   10.81 v u_imem.u_sram/dout1[9] (sky130_sram_1kbyte_1rw1r_32x256_8)
     1    0.02                           net33 (net)
                  0.01    0.00   10.81 v wire149/A (sky130_fd_sc_hd__clkbuf_2)
                  0.08    0.13   10.94 v wire149/X (sky130_fd_sc_hd__clkbuf_2)
     1    0.02                           net149 (net)
                  0.08    0.00   10.94 v wire148/A (sky130_fd_sc_hd__clkbuf_2)
                  0.08    0.17   11.11 v wire148/X (sky130_fd_sc_hd__clkbuf_2)
     1    0.02                           net148 (net)
                  0.08    0.00   11.11 v fanout144/A (sky130_fd_sc_hd__clkbuf_1)
                  0.03    0.10   11.22 v fanout144/X (sky130_fd_sc_hd__clkbuf_1)
     1    0.00                           net144 (net)
                  0.03    0.00   11.22 v wire147/A (sky130_fd_sc_hd__buf_4)
                  0.08    0.18   11.40 v wire147/X (sky130_fd_sc_hd__buf_4)
     2    0.06                           net147 (net)
                  0.09    0.02   11.41 v wire146/A (sky130_fd_sc_hd__buf_8)
                  0.05    0.16   11.57 v wire146/X (sky130_fd_sc_hd__buf_8)
     2    0.04                           net146 (net)
                  0.05    0.00   11.57 v fanout140/A (sky130_fd_sc_hd__clkbuf_1)
                  0.02    0.09   11.66 v fanout140/X (sky130_fd_sc_hd__clkbuf_1)
     1    0.00                           net140 (net)
                  0.02    0.00   11.66 v wire143/A (sky130_fd_sc_hd__clkbuf_2)
                  0.09    0.15   11.81 v wire143/X (sky130_fd_sc_hd__clkbuf_2)
     2    0.02                           net143 (net)
                  0.09    0.00   11.81 v wire142/A (sky130_fd_sc_hd__buf_6)
                  0.07    0.18   11.99 v wire142/X (sky130_fd_sc_hd__buf_6)
     3    0.07                           net142 (net)
                  0.08    0.02   12.00 v wire141/A (sky130_fd_sc_hd__buf_4)
                  0.03    0.15   12.15 v wire141/X (sky130_fd_sc_hd__buf_4)
     1    0.01                           net141 (net)
                  0.04    0.00   12.15 v u_regfile.u_sram_rs1/addr0[2] (sky130_sram_1kbyte_1rw1r_32x256_8)
                                 12.15   data arrival time

                          0.00    0.00   clock clk (rise edge)
                          0.00    0.00   clock source latency
                  0.00    0.00    0.00 ^ clk (in)
     1    0.13                           clk (net)
                  0.00    0.00    0.00 ^ clkbuf_0_clk/A (sky130_fd_sc_hd__clkbuf_16)
                  0.08    0.14    0.14 ^ clkbuf_0_clk/X (sky130_fd_sc_hd__clkbuf_16)
     4    0.06                           clknet_0_clk (net)
                  0.08    0.00    0.14 ^ clkbuf_2_0_0_clk/A (sky130_fd_sc_hd__clkbuf_8)
                  0.19    0.25    0.39 ^ clkbuf_2_0_0_clk/X (sky130_fd_sc_hd__clkbuf_8)
     9    0.11                           clknet_2_0_0_clk (net)
                  0.26    0.00    0.39 ^ u_regfile.u_sram_rs1/clk0 (sky130_sram_1kbyte_1rw1r_32x256_8)
                          0.20    0.59   clock uncertainty
                          0.00    0.59   clock reconvergence pessimism
                         -0.06    0.54   library hold time
                                  0.54   data required time
-----------------------------------------------------------------------------
                                  0.54   data required time
                                -12.15   data arrival time
-----------------------------------------------------------------------------
                                 11.61   slack (MET)


Startpoint: u_imem.u_sram (falling edge-triggered flip-flop clocked by clk)
Endpoint: u_regfile.u_sram_rs1 (falling edge-triggered flip-flop clocked by clk)
Path Group: clk
Path Type: min

Fanout     Cap    Slew   Delay    Time   Description
-----------------------------------------------------------------------------
                         10.00   10.00   clock clk (fall edge)
                          0.00   10.00   clock source latency
                  0.00    0.00   10.00 v clk (in)
     1    0.13                           clk (net)
                  0.00    0.00   10.00 v clkbuf_0_clk/A (sky130_fd_sc_hd__clkbuf_16)
                  0.06    0.15   10.15 v clkbuf_0_clk/X (sky130_fd_sc_hd__clkbuf_16)
     4    0.06                           clknet_0_clk (net)
                  0.06    0.00   10.15 v clkbuf_2_1_0_clk/A (sky130_fd_sc_hd__clkbuf_8)
                  0.13    0.23   10.38 v clkbuf_2_1_0_clk/X (sky130_fd_sc_hd__clkbuf_8)
     7    0.12                           clknet_2_1_0_clk (net)
                  0.17    0.00   10.38 v u_imem.u_sram/clk1 (sky130_sram_1kbyte_1rw1r_32x256_8)
                  0.01    0.38   10.76 v u_imem.u_sram/dout1[11] (sky130_sram_1kbyte_1rw1r_32x256_8)
     1    0.01                           net4 (net)
                  0.00    0.00   10.77 v wire388/A (sky130_fd_sc_hd__clkbuf_2)
                  0.16    0.19   10.95 v wire388/X (sky130_fd_sc_hd__clkbuf_2)
     1    0.04                           net388 (net)
                  0.16    0.01   10.96 v wire387/A (sky130_fd_sc_hd__clkbuf_2)
                  0.06    0.18   11.14 v wire387/X (sky130_fd_sc_hd__clkbuf_2)
     1    0.01                           net387 (net)
                  0.06    0.00   11.14 v fanout386/A (sky130_fd_sc_hd__clkbuf_16)
                  0.08    0.19   11.33 v fanout386/X (sky130_fd_sc_hd__clkbuf_16)
     2    0.13                           net386 (net)
                  0.08    0.00   11.33 v fanout385/A (sky130_fd_sc_hd__buf_4)
                  0.08    0.20   11.53 v fanout385/X (sky130_fd_sc_hd__buf_4)
     2    0.05                           net385 (net)
                  0.08    0.00   11.53 v fanout381/A (sky130_fd_sc_hd__clkbuf_1)
                  0.02    0.10   11.63 v fanout381/X (sky130_fd_sc_hd__clkbuf_1)
     1    0.00                           net381 (net)
                  0.02    0.00   11.63 v wire384/A (sky130_fd_sc_hd__buf_2)
                  0.09    0.17   11.79 v wire384/X (sky130_fd_sc_hd__buf_2)
     3    0.03                           net384 (net)
                  0.09    0.00   11.79 v wire383/A (sky130_fd_sc_hd__buf_4)
                  0.09    0.21   12.00 v wire383/X (sky130_fd_sc_hd__buf_4)
     2    0.06                           net383 (net)
                  0.10    0.02   12.02 v wire382/A (sky130_fd_sc_hd__clkbuf_8)
                  0.03    0.16   12.18 v wire382/X (sky130_fd_sc_hd__clkbuf_8)
     1    0.01                           net382 (net)
                  0.04    0.00   12.18 v u_regfile.u_sram_rs1/addr0[4] (sky130_sram_1kbyte_1rw1r_32x256_8)
                                 12.18   data arrival time

                          0.00    0.00   clock clk (rise edge)
                          0.00    0.00   clock source latency
                  0.00    0.00    0.00 ^ clk (in)
     1    0.13                           clk (net)
                  0.00    0.00    0.00 ^ clkbuf_0_clk/A (sky130_fd_sc_hd__clkbuf_16)
                  0.08    0.14    0.14 ^ clkbuf_0_clk/X (sky130_fd_sc_hd__clkbuf_16)
     4    0.06                           clknet_0_clk (net)
                  0.08    0.00    0.14 ^ clkbuf_2_0_0_clk/A (sky130_fd_sc_hd__clkbuf_8)
                  0.19    0.25    0.39 ^ clkbuf_2_0_0_clk/X (sky130_fd_sc_hd__clkbuf_8)
     9    0.11                           clknet_2_0_0_clk (net)
                  0.26    0.00    0.39 ^ u_regfile.u_sram_rs1/clk0 (sky130_sram_1kbyte_1rw1r_32x256_8)
                          0.20    0.59   clock uncertainty
                          0.00    0.59   clock reconvergence pessimism
                         -0.06    0.54   library hold time
                                  0.54   data required time
-----------------------------------------------------------------------------
                                  0.54   data required time
                                -12.18   data arrival time
-----------------------------------------------------------------------------
                                 11.64   slack (MET)


Startpoint: u_imem.u_sram (falling edge-triggered flip-flop clocked by clk)
Endpoint: u_regfile.u_sram_rs1 (falling edge-triggered flip-flop clocked by clk)
Path Group: clk
Path Type: min

Fanout     Cap    Slew   Delay    Time   Description
-----------------------------------------------------------------------------
                         10.00   10.00   clock clk (fall edge)
                          0.00   10.00   clock source latency
                  0.00    0.00   10.00 v clk (in)
     1    0.13                           clk (net)
                  0.00    0.00   10.00 v clkbuf_0_clk/A (sky130_fd_sc_hd__clkbuf_16)
                  0.06    0.15   10.15 v clkbuf_0_clk/X (sky130_fd_sc_hd__clkbuf_16)
     4    0.06                           clknet_0_clk (net)
                  0.06    0.00   10.15 v clkbuf_2_1_0_clk/A (sky130_fd_sc_hd__clkbuf_8)
                  0.13    0.23   10.38 v clkbuf_2_1_0_clk/X (sky130_fd_sc_hd__clkbuf_8)
     7    0.12                           clknet_2_1_0_clk (net)
                  0.17    0.00   10.38 v u_imem.u_sram/clk1 (sky130_sram_1kbyte_1rw1r_32x256_8)
                  0.00    0.36   10.74 v u_imem.u_sram/dout1[7] (sky130_sram_1kbyte_1rw1r_32x256_8)
     1    0.01                           net31 (net)
                  0.00    0.00   10.74 v wire171/A (sky130_fd_sc_hd__clkbuf_2)
                  0.15    0.18   10.92 v wire171/X (sky130_fd_sc_hd__clkbuf_2)
     1    0.04                           net171 (net)
                  0.15    0.01   10.93 v wire170/A (sky130_fd_sc_hd__clkbuf_2)
                  0.06    0.17   11.11 v wire170/X (sky130_fd_sc_hd__clkbuf_2)
     1    0.01                           net170 (net)
                  0.06    0.00   11.11 v wire169/A (sky130_fd_sc_hd__buf_4)
                  0.04    0.15   11.26 v wire169/X (sky130_fd_sc_hd__buf_4)
     1    0.01                           net169 (net)
                  0.04    0.00   11.26 v fanout168/A (sky130_fd_sc_hd__clkbuf_16)
                  0.08    0.18   11.44 v fanout168/X (sky130_fd_sc_hd__clkbuf_16)
     2    0.12                           net168 (net)
                  0.08    0.00   11.44 v fanout165/A (sky130_fd_sc_hd__clkbuf_1)
                  0.03    0.10   11.54 v fanout165/X (sky130_fd_sc_hd__clkbuf_1)
     1    0.00                           net165 (net)
                  0.03    0.00   11.54 v wire167/A (sky130_fd_sc_hd__buf_4)
                  0.08    0.18   11.72 v wire167/X (sky130_fd_sc_hd__buf_4)
     2    0.06                           net167 (net)
                  0.08    0.00   11.72 v fanout160/A (sky130_fd_sc_hd__clkbuf_1)
                  0.03    0.10   11.82 v fanout160/X (sky130_fd_sc_hd__clkbuf_1)
     1    0.00                           net160 (net)
                  0.03    0.00   11.82 v wire164/A (sky130_fd_sc_hd__clkbuf_2)
                  0.08    0.14   11.96 v wire164/X (sky130_fd_sc_hd__clkbuf_2)
     2    0.02                           net164 (net)
                  0.08    0.00   11.96 v wire163/A (sky130_fd_sc_hd__clkbuf_4)
                  0.05    0.17   12.14 v wire163/X (sky130_fd_sc_hd__clkbuf_4)
     2    0.02                           net163 (net)
                  0.05    0.00   12.14 v wire162/A (sky130_fd_sc_hd__clkbuf_8)
                  0.07    0.18   12.31 v wire162/X (sky130_fd_sc_hd__clkbuf_8)
     2    0.06                           net162 (net)
                  0.08    0.02   12.33 v wire161/A (sky130_fd_sc_hd__buf_4)
                  0.03    0.15   12.48 v wire161/X (sky130_fd_sc_hd__buf_4)
     1    0.01                           net161 (net)
                  0.04    0.00   12.48 v u_regfile.u_sram_rs1/addr0[0] (sky130_sram_1kbyte_1rw1r_32x256_8)
                                 12.48   data arrival time

                          0.00    0.00   clock clk (rise edge)
                          0.00    0.00   clock source latency
                  0.00    0.00    0.00 ^ clk (in)
     1    0.13                           clk (net)
                  0.00    0.00    0.00 ^ clkbuf_0_clk/A (sky130_fd_sc_hd__clkbuf_16)
                  0.08    0.14    0.14 ^ clkbuf_0_clk/X (sky130_fd_sc_hd__clkbuf_16)
     4    0.06                           clknet_0_clk (net)
                  0.08    0.00    0.14 ^ clkbuf_2_0_0_clk/A (sky130_fd_sc_hd__clkbuf_8)
                  0.19    0.25    0.39 ^ clkbuf_2_0_0_clk/X (sky130_fd_sc_hd__clkbuf_8)
     9    0.11                           clknet_2_0_0_clk (net)
                  0.26    0.00    0.39 ^ u_regfile.u_sram_rs1/clk0 (sky130_sram_1kbyte_1rw1r_32x256_8)
                          0.20    0.59   clock uncertainty
                          0.00    0.59   clock reconvergence pessimism
                         -0.06    0.54   library hold time
                                  0.54   data required time
-----------------------------------------------------------------------------
                                  0.54   data required time
                                -12.48   data arrival time
-----------------------------------------------------------------------------
                                 11.94   slack (MET)



