
===========================================================================
report_checks -path_delay min (Hold)
============================================================================
======================= Fastest Corner ===================================

Startpoint: u_pc_reg._134_ (rising edge-triggered flip-flop clocked by clk)
Endpoint: u_pc_reg._134_ (rising edge-triggered flip-flop clocked by clk)
Path Group: clk
Path Type: min
Corner: Fastest

Fanout     Cap    Slew   Delay    Time   Description
-----------------------------------------------------------------------------
                          0.00    0.00   clock clk (rise edge)
                          0.00    0.00   clock source latency
                  0.00    0.00    0.00 ^ clk (in)
     3    0.19                           clk (net)
                  0.05    0.02    0.02 ^ clkbuf_0_clk/A (sky130_fd_sc_hd__clkbuf_16)
                  0.09    0.13    0.16 ^ clkbuf_0_clk/X (sky130_fd_sc_hd__clkbuf_16)
     6    0.10                           clknet_0_clk (net)
                  0.09    0.01    0.16 ^ clkbuf_2_3_0_clk/A (sky130_fd_sc_hd__clkbuf_8)
                  0.31    0.20    0.37 ^ clkbuf_2_3_0_clk/X (sky130_fd_sc_hd__clkbuf_8)
     7    0.26                           clknet_2_3_0_clk (net)
                  0.35    0.08    0.45 ^ u_pc_reg._134_/CLK (sky130_fd_sc_hd__dfxtp_4)
                  0.11    0.33    0.77 v u_pc_reg._134_/Q (sky130_fd_sc_hd__dfxtp_4)
    11    0.12                           u_imem.addr[0] (net)
                  0.11    0.01    0.78 v u_pc_next_logic._0862_/A1 (sky130_fd_sc_hd__a21oi_1)
                  0.05    0.11    0.89 ^ u_pc_next_logic._0862_/Y (sky130_fd_sc_hd__a21oi_1)
     1    0.00                           u_pc_next_logic.pc_next[0] (net)
                  0.05    0.00    0.89 ^ u_pc_reg._067_/A (sky130_fd_sc_hd__and2_1)
                  0.03    0.07    0.96 ^ u_pc_reg._067_/X (sky130_fd_sc_hd__and2_1)
     1    0.00                           u_pc_reg._049_ (net)
                  0.03    0.00    0.96 ^ u_pc_reg._068_/A (sky130_fd_sc_hd__clkbuf_1)
                  0.03    0.05    1.01 ^ u_pc_reg._068_/X (sky130_fd_sc_hd__clkbuf_1)
     1    0.00                           u_pc_reg._000_ (net)
                  0.03    0.00    1.01 ^ u_pc_reg._134_/D (sky130_fd_sc_hd__dfxtp_4)
                                  1.01   data arrival time

                          0.00    0.00   clock clk (rise edge)
                          0.00    0.00   clock source latency
                  0.00    0.00    0.00 ^ clk (in)
     3    0.19                           clk (net)
                  0.05    0.02    0.02 ^ clkbuf_0_clk/A (sky130_fd_sc_hd__clkbuf_16)
                  0.09    0.13    0.16 ^ clkbuf_0_clk/X (sky130_fd_sc_hd__clkbuf_16)
     6    0.10                           clknet_0_clk (net)
                  0.09    0.01    0.16 ^ clkbuf_2_3_0_clk/A (sky130_fd_sc_hd__clkbuf_8)
                  0.31    0.20    0.37 ^ clkbuf_2_3_0_clk/X (sky130_fd_sc_hd__clkbuf_8)
     7    0.26                           clknet_2_3_0_clk (net)
                  0.35    0.08    0.45 ^ u_pc_reg._134_/CLK (sky130_fd_sc_hd__dfxtp_4)
                          0.20    0.65   clock uncertainty
                          0.00    0.65   clock reconvergence pessimism
                         -0.01    0.64   library hold time
                                  0.64   data required time
-----------------------------------------------------------------------------
                                  0.64   data required time
                                 -1.01   data arrival time
-----------------------------------------------------------------------------
                                  0.38   slack (MET)


Startpoint: u_pc_reg._135_ (rising edge-triggered flip-flop clocked by clk)
Endpoint: u_pc_reg._135_ (rising edge-triggered flip-flop clocked by clk)
Path Group: clk
Path Type: min
Corner: Fastest

Fanout     Cap    Slew   Delay    Time   Description
-----------------------------------------------------------------------------
                          0.00    0.00   clock clk (rise edge)
                          0.00    0.00   clock source latency
                  0.00    0.00    0.00 ^ clk (in)
     3    0.19                           clk (net)
                  0.05    0.02    0.02 ^ clkbuf_0_clk/A (sky130_fd_sc_hd__clkbuf_16)
                  0.09    0.13    0.16 ^ clkbuf_0_clk/X (sky130_fd_sc_hd__clkbuf_16)
     6    0.10                           clknet_0_clk (net)
                  0.09    0.01    0.16 ^ clkbuf_2_0_0_clk/A (sky130_fd_sc_hd__clkbuf_8)
                  0.28    0.20    0.37 ^ clkbuf_2_0_0_clk/X (sky130_fd_sc_hd__clkbuf_8)
     8    0.22                           clknet_2_0_0_clk (net)
                  0.29    0.05    0.41 ^ u_pc_reg._135_/CLK (sky130_fd_sc_hd__dfxtp_4)
                  0.11    0.34    0.75 v u_pc_reg._135_/Q (sky130_fd_sc_hd__dfxtp_4)
    11    0.12                           u_imem.addr[1] (net)
                  0.11    0.00    0.75 v u_pc_next_logic._0877_/A1_N (sky130_fd_sc_hd__o2bb2a_1)
                  0.05    0.19    0.94 ^ u_pc_next_logic._0877_/X (sky130_fd_sc_hd__o2bb2a_1)
     1    0.01                           u_pc_next_logic._0131_ (net)
                  0.05    0.00    0.94 ^ u_pc_next_logic._0878_/B1 (sky130_fd_sc_hd__o22a_1)
                  0.06    0.09    1.04 ^ u_pc_next_logic._0878_/X (sky130_fd_sc_hd__o22a_1)
     1    0.01                           u_pc_next_logic._0132_ (net)
                  0.06    0.00    1.04 ^ u_pc_next_logic._0885_/A2 (sky130_fd_sc_hd__o21ai_1)
                  0.02    0.03    1.07 v u_pc_next_logic._0885_/Y (sky130_fd_sc_hd__o21ai_1)
     1    0.00                           u_pc_next_logic.pc_next[1] (net)
                  0.02    0.00    1.07 v u_pc_reg._070_/B (sky130_fd_sc_hd__and2_1)
                  0.02    0.09    1.16 v u_pc_reg._070_/X (sky130_fd_sc_hd__and2_1)
     1    0.00                           u_pc_reg._051_ (net)
                  0.02    0.00    1.16 v u_pc_reg._071_/A (sky130_fd_sc_hd__clkbuf_1)
                  0.02    0.05    1.21 v u_pc_reg._071_/X (sky130_fd_sc_hd__clkbuf_1)
     1    0.00                           u_pc_reg._001_ (net)
                  0.02    0.00    1.21 v u_pc_reg._135_/D (sky130_fd_sc_hd__dfxtp_4)
                                  1.21   data arrival time

                          0.00    0.00   clock clk (rise edge)
                          0.00    0.00   clock source latency
                  0.00    0.00    0.00 ^ clk (in)
     3    0.19                           clk (net)
                  0.05    0.02    0.02 ^ clkbuf_0_clk/A (sky130_fd_sc_hd__clkbuf_16)
                  0.09    0.13    0.16 ^ clkbuf_0_clk/X (sky130_fd_sc_hd__clkbuf_16)
     6    0.10                           clknet_0_clk (net)
                  0.09    0.01    0.16 ^ clkbuf_2_0_0_clk/A (sky130_fd_sc_hd__clkbuf_8)
                  0.28    0.20    0.37 ^ clkbuf_2_0_0_clk/X (sky130_fd_sc_hd__clkbuf_8)
     8    0.22                           clknet_2_0_0_clk (net)
                  0.29    0.05    0.41 ^ u_pc_reg._135_/CLK (sky130_fd_sc_hd__dfxtp_4)
                          0.20    0.61   clock uncertainty
                          0.00    0.61   clock reconvergence pessimism
                         -0.01    0.61   library hold time
                                  0.61   data required time
-----------------------------------------------------------------------------
                                  0.61   data required time
                                 -1.21   data arrival time
-----------------------------------------------------------------------------
                                  0.61   slack (MET)


Startpoint: u_pc_reg._147_ (rising edge-triggered flip-flop clocked by clk)
Endpoint: u_pc_reg._147_ (rising edge-triggered flip-flop clocked by clk)
Path Group: clk
Path Type: min
Corner: Fastest

Fanout     Cap    Slew   Delay    Time   Description
-----------------------------------------------------------------------------
                          0.00    0.00   clock clk (rise edge)
                          0.00    0.00   clock source latency
                  0.00    0.00    0.00 ^ clk (in)
     3    0.19                           clk (net)
                  0.05    0.02    0.02 ^ clkbuf_0_clk/A (sky130_fd_sc_hd__clkbuf_16)
                  0.09    0.13    0.16 ^ clkbuf_0_clk/X (sky130_fd_sc_hd__clkbuf_16)
     6    0.10                           clknet_0_clk (net)
                  0.09    0.01    0.16 ^ clkbuf_2_2_0_clk/A (sky130_fd_sc_hd__clkbuf_8)
                  0.17    0.18    0.35 ^ clkbuf_2_2_0_clk/X (sky130_fd_sc_hd__clkbuf_8)
    13    0.13                           clknet_2_2_0_clk (net)
                  0.17    0.02    0.37 ^ u_pc_reg._147_/CLK (sky130_fd_sc_hd__dfxtp_4)
                  0.11    0.32    0.68 v u_pc_reg._147_/Q (sky130_fd_sc_hd__dfxtp_4)
    13    0.12                           u_imem.addr[13] (net)
                  0.11    0.01    0.70 v u_pc_next_logic._1149_/A (sky130_fd_sc_hd__xor2_1)
                  0.05    0.15    0.85 v u_pc_next_logic._1149_/X (sky130_fd_sc_hd__xor2_1)
     3    0.01                           u_pc_next_logic._0391_ (net)
                  0.05    0.00    0.85 v u_pc_next_logic._1152_/A1 (sky130_fd_sc_hd__a21o_1)
                  0.02    0.10    0.95 v u_pc_next_logic._1152_/X (sky130_fd_sc_hd__a21o_1)
     1    0.00                           u_pc_next_logic._0394_ (net)
                  0.02    0.00    0.95 v u_pc_next_logic._1166_/A1_N (sky130_fd_sc_hd__o2bb2a_1)
                  0.04    0.14    1.09 ^ u_pc_next_logic._1166_/X (sky130_fd_sc_hd__o2bb2a_1)
     1    0.00                           u_pc_next_logic.pc_next[13] (net)
                  0.04    0.00    1.09 ^ u_pc_reg._095_/B (sky130_fd_sc_hd__and2_1)
                  0.04    0.08    1.17 ^ u_pc_reg._095_/X (sky130_fd_sc_hd__and2_1)
     1    0.00                           u_pc_reg._064_ (net)
                  0.04    0.00    1.17 ^ u_pc_reg._096_/A (sky130_fd_sc_hd__clkbuf_1)
                  0.04    0.06    1.22 ^ u_pc_reg._096_/X (sky130_fd_sc_hd__clkbuf_1)
     1    0.00                           u_pc_reg._013_ (net)
                  0.04    0.00    1.22 ^ u_pc_reg._147_/D (sky130_fd_sc_hd__dfxtp_4)
                                  1.22   data arrival time

                          0.00    0.00   clock clk (rise edge)
                          0.00    0.00   clock source latency
                  0.00    0.00    0.00 ^ clk (in)
     3    0.19                           clk (net)
                  0.05    0.02    0.02 ^ clkbuf_0_clk/A (sky130_fd_sc_hd__clkbuf_16)
                  0.09    0.13    0.16 ^ clkbuf_0_clk/X (sky130_fd_sc_hd__clkbuf_16)
     6    0.10                           clknet_0_clk (net)
                  0.09    0.01    0.16 ^ clkbuf_2_2_0_clk/A (sky130_fd_sc_hd__clkbuf_8)
                  0.17    0.18    0.35 ^ clkbuf_2_2_0_clk/X (sky130_fd_sc_hd__clkbuf_8)
    13    0.13                           clknet_2_2_0_clk (net)
                  0.17    0.02    0.37 ^ u_pc_reg._147_/CLK (sky130_fd_sc_hd__dfxtp_4)
                          0.20    0.57   clock uncertainty
                          0.00    0.57   clock reconvergence pessimism
                         -0.01    0.55   library hold time
                                  0.55   data required time
-----------------------------------------------------------------------------
                                  0.55   data required time
                                 -1.22   data arrival time
-----------------------------------------------------------------------------
                                  0.67   slack (MET)


Startpoint: u_pc_reg._138_ (rising edge-triggered flip-flop clocked by clk)
Endpoint: u_pc_reg._138_ (rising edge-triggered flip-flop clocked by clk)
Path Group: clk
Path Type: min
Corner: Fastest

Fanout     Cap    Slew   Delay    Time   Description
-----------------------------------------------------------------------------
                          0.00    0.00   clock clk (rise edge)
                          0.00    0.00   clock source latency
                  0.00    0.00    0.00 ^ clk (in)
     3    0.19                           clk (net)
                  0.05    0.02    0.02 ^ clkbuf_0_clk/A (sky130_fd_sc_hd__clkbuf_16)
                  0.09    0.13    0.16 ^ clkbuf_0_clk/X (sky130_fd_sc_hd__clkbuf_16)
     6    0.10                           clknet_0_clk (net)
                  0.09    0.01    0.16 ^ clkbuf_2_0_0_clk/A (sky130_fd_sc_hd__clkbuf_8)
                  0.28    0.20    0.37 ^ clkbuf_2_0_0_clk/X (sky130_fd_sc_hd__clkbuf_8)
     8    0.22                           clknet_2_0_0_clk (net)
                  0.30    0.06    0.43 ^ u_pc_reg._138_/CLK (sky130_fd_sc_hd__dfxtp_4)
                  0.10    0.33    0.75 v u_pc_reg._138_/Q (sky130_fd_sc_hd__dfxtp_4)
    12    0.10                           u_imem.addr[4] (net)
                  0.10    0.01    0.76 v u_pc_next_logic._0940_/A (sky130_fd_sc_hd__nand2_1)
                  0.10    0.11    0.87 ^ u_pc_next_logic._0940_/Y (sky130_fd_sc_hd__nand2_1)
     3    0.01                           u_pc_next_logic._0191_ (net)
                  0.10    0.00    0.87 ^ u_pc_next_logic._0942_/A (sky130_fd_sc_hd__nand2_1)
                  0.06    0.07    0.94 v u_pc_next_logic._0942_/Y (sky130_fd_sc_hd__nand2_1)
     3    0.01                           u_pc_next_logic._0193_ (net)
                  0.06    0.00    0.94 v u_pc_next_logic._0947_/A (sky130_fd_sc_hd__nand2_1)
                  0.04    0.05    1.00 ^ u_pc_next_logic._0947_/Y (sky130_fd_sc_hd__nand2_1)
     1    0.00                           u_pc_next_logic._0198_ (net)
                  0.04    0.00    1.00 ^ u_pc_next_logic._0948_/A2 (sky130_fd_sc_hd__a21o_1)
                  0.05    0.08    1.08 ^ u_pc_next_logic._0948_/X (sky130_fd_sc_hd__a21o_1)
     1    0.01                           u_pc_next_logic._0199_ (net)
                  0.05    0.00    1.08 ^ u_pc_next_logic._0956_/A3 (sky130_fd_sc_hd__a31o_1)
                  0.04    0.09    1.17 ^ u_pc_next_logic._0956_/X (sky130_fd_sc_hd__a31o_1)
     1    0.01                           u_pc_next_logic.pc_next[4] (net)
                  0.04    0.00    1.17 ^ u_pc_reg._076_/B (sky130_fd_sc_hd__and2_1)
                  0.04    0.08    1.25 ^ u_pc_reg._076_/X (sky130_fd_sc_hd__and2_1)
     1    0.00                           u_pc_reg._054_ (net)
                  0.04    0.00    1.25 ^ u_pc_reg._077_/A (sky130_fd_sc_hd__clkbuf_1)
                  0.03    0.05    1.30 ^ u_pc_reg._077_/X (sky130_fd_sc_hd__clkbuf_1)
     1    0.00                           u_pc_reg._004_ (net)
                  0.03    0.00    1.30 ^ u_pc_reg._138_/D (sky130_fd_sc_hd__dfxtp_4)
                                  1.30   data arrival time

                          0.00    0.00   clock clk (rise edge)
                          0.00    0.00   clock source latency
                  0.00    0.00    0.00 ^ clk (in)
     3    0.19                           clk (net)
                  0.05    0.02    0.02 ^ clkbuf_0_clk/A (sky130_fd_sc_hd__clkbuf_16)
                  0.09    0.13    0.16 ^ clkbuf_0_clk/X (sky130_fd_sc_hd__clkbuf_16)
     6    0.10                           clknet_0_clk (net)
                  0.09    0.01    0.16 ^ clkbuf_2_0_0_clk/A (sky130_fd_sc_hd__clkbuf_8)
                  0.28    0.20    0.37 ^ clkbuf_2_0_0_clk/X (sky130_fd_sc_hd__clkbuf_8)
     8    0.22                           clknet_2_0_0_clk (net)
                  0.30    0.06    0.43 ^ u_pc_reg._138_/CLK (sky130_fd_sc_hd__dfxtp_4)
                          0.20    0.63   clock uncertainty
                          0.00    0.63   clock reconvergence pessimism
                         -0.01    0.61   library hold time
                                  0.61   data required time
-----------------------------------------------------------------------------
                                  0.61   data required time
                                 -1.30   data arrival time
-----------------------------------------------------------------------------
                                  0.69   slack (MET)


Startpoint: u_pc_reg._150_ (rising edge-triggered flip-flop clocked by clk)
Endpoint: u_pc_reg._150_ (rising edge-triggered flip-flop clocked by clk)
Path Group: clk
Path Type: min
Corner: Fastest

Fanout     Cap    Slew   Delay    Time   Description
-----------------------------------------------------------------------------
                          0.00    0.00   clock clk (rise edge)
                          0.00    0.00   clock source latency
                  0.00    0.00    0.00 ^ clk (in)
     3    0.19                           clk (net)
                  0.05    0.02    0.02 ^ clkbuf_0_clk/A (sky130_fd_sc_hd__clkbuf_16)
                  0.09    0.13    0.16 ^ clkbuf_0_clk/X (sky130_fd_sc_hd__clkbuf_16)
     6    0.10                           clknet_0_clk (net)
                  0.09    0.01    0.16 ^ clkbuf_2_2_0_clk/A (sky130_fd_sc_hd__clkbuf_8)
                  0.17    0.18    0.35 ^ clkbuf_2_2_0_clk/X (sky130_fd_sc_hd__clkbuf_8)
    13    0.13                           clknet_2_2_0_clk (net)
                  0.17    0.02    0.36 ^ u_pc_reg._150_/CLK (sky130_fd_sc_hd__dfxtp_4)
                  0.16    0.35    0.71 v u_pc_reg._150_/Q (sky130_fd_sc_hd__dfxtp_4)
    13    0.18                           u_imem.addr[16] (net)
                  0.17    0.01    0.72 v u_pc_next_logic._0805_/A (sky130_fd_sc_hd__nor2_1)
                  0.06    0.11    0.83 ^ u_pc_next_logic._0805_/Y (sky130_fd_sc_hd__nor2_1)
     1    0.00                           u_pc_next_logic._0076_ (net)
                  0.06    0.00    0.83 ^ u_pc_next_logic._0807_/A (sky130_fd_sc_hd__nor2_1)
                  0.04    0.05    0.88 v u_pc_next_logic._0807_/Y (sky130_fd_sc_hd__nor2_1)
     2    0.01                           u_pc_next_logic.pc_plus4[16] (net)
                  0.04    0.00    0.88 v u_pc_next_logic._1238_/A1 (sky130_fd_sc_hd__a21oi_1)
                  0.06    0.09    0.97 ^ u_pc_next_logic._1238_/Y (sky130_fd_sc_hd__a21oi_1)
     1    0.00                           u_pc_next_logic._0477_ (net)
                  0.06    0.00    0.97 ^ u_pc_next_logic._1239_/A2 (sky130_fd_sc_hd__a21oi_1)
                  0.04    0.05    1.02 v u_pc_next_logic._1239_/Y (sky130_fd_sc_hd__a21oi_1)
     1    0.01                           u_pc_next_logic._0478_ (net)
                  0.04    0.00    1.02 v u_pc_next_logic._1253_/B1 (sky130_fd_sc_hd__a32o_1)
                  0.02    0.07    1.10 v u_pc_next_logic._1253_/X (sky130_fd_sc_hd__a32o_1)
     1    0.00                           u_pc_next_logic.pc_next[16] (net)
                  0.02    0.00    1.10 v u_pc_reg._101_/B (sky130_fd_sc_hd__and2_1)
                  0.02    0.09    1.19 v u_pc_reg._101_/X (sky130_fd_sc_hd__and2_1)
     1    0.00                           u_pc_reg._032_ (net)
                  0.02    0.00    1.19 v u_pc_reg._102_/A (sky130_fd_sc_hd__clkbuf_1)
                  0.02    0.05    1.24 v u_pc_reg._102_/X (sky130_fd_sc_hd__clkbuf_1)
     1    0.00                           u_pc_reg._016_ (net)
                  0.02    0.00    1.24 v u_pc_reg._150_/D (sky130_fd_sc_hd__dfxtp_4)
                                  1.24   data arrival time

                          0.00    0.00   clock clk (rise edge)
                          0.00    0.00   clock source latency
                  0.00    0.00    0.00 ^ clk (in)
     3    0.19                           clk (net)
                  0.05    0.02    0.02 ^ clkbuf_0_clk/A (sky130_fd_sc_hd__clkbuf_16)
                  0.09    0.13    0.16 ^ clkbuf_0_clk/X (sky130_fd_sc_hd__clkbuf_16)
     6    0.10                           clknet_0_clk (net)
                  0.09    0.01    0.16 ^ clkbuf_2_2_0_clk/A (sky130_fd_sc_hd__clkbuf_8)
                  0.17    0.18    0.35 ^ clkbuf_2_2_0_clk/X (sky130_fd_sc_hd__clkbuf_8)
    13    0.13                           clknet_2_2_0_clk (net)
                  0.17    0.02    0.36 ^ u_pc_reg._150_/CLK (sky130_fd_sc_hd__dfxtp_4)
                          0.20    0.56   clock uncertainty
                          0.00    0.56   clock reconvergence pessimism
                         -0.02    0.55   library hold time
                                  0.55   data required time
-----------------------------------------------------------------------------
                                  0.55   data required time
                                 -1.24   data arrival time
-----------------------------------------------------------------------------
                                  0.69   slack (MET)


Startpoint: u_pc_reg._155_ (rising edge-triggered flip-flop clocked by clk)
Endpoint: u_pc_reg._155_ (rising edge-triggered flip-flop clocked by clk)
Path Group: clk
Path Type: min
Corner: Fastest

Fanout     Cap    Slew   Delay    Time   Description
-----------------------------------------------------------------------------
                          0.00    0.00   clock clk (rise edge)
                          0.00    0.00   clock source latency
                  0.00    0.00    0.00 ^ clk (in)
     3    0.19                           clk (net)
                  0.05    0.02    0.02 ^ clkbuf_0_clk/A (sky130_fd_sc_hd__clkbuf_16)
                  0.09    0.13    0.16 ^ clkbuf_0_clk/X (sky130_fd_sc_hd__clkbuf_16)
     6    0.10                           clknet_0_clk (net)
                  0.09    0.01    0.16 ^ clkbuf_2_2_0_clk/A (sky130_fd_sc_hd__clkbuf_8)
                  0.17    0.18    0.35 ^ clkbuf_2_2_0_clk/X (sky130_fd_sc_hd__clkbuf_8)
    13    0.13                           clknet_2_2_0_clk (net)
                  0.18    0.03    0.38 ^ u_pc_reg._155_/CLK (sky130_fd_sc_hd__dfxtp_4)
                  0.29    0.41    0.79 ^ u_pc_reg._155_/Q (sky130_fd_sc_hd__dfxtp_4)
    12    0.14                           u_imem.addr[21] (net)
                  0.29    0.01    0.80 ^ u_pc_next_logic._0818_/B1 (sky130_fd_sc_hd__a21o_1)
                  0.06    0.07    0.87 ^ u_pc_next_logic._0818_/X (sky130_fd_sc_hd__a21o_1)
     2    0.01                           u_pc_next_logic._0084_ (net)
                  0.06    0.00    0.87 ^ u_pc_next_logic._1363_/A1 (sky130_fd_sc_hd__a31o_1)
                  0.06    0.10    0.98 ^ u_pc_next_logic._1363_/X (sky130_fd_sc_hd__a31o_1)
     1    0.01                           u_pc_next_logic._0597_ (net)
                  0.06    0.00    0.98 ^ u_pc_next_logic._1364_/B1 (sky130_fd_sc_hd__a31o_1)
                  0.05    0.07    1.05 ^ u_pc_next_logic._1364_/X (sky130_fd_sc_hd__a31o_1)
     1    0.01                           u_pc_next_logic._0598_ (net)
                  0.05    0.00    1.05 ^ u_pc_next_logic._1371_/B1 (sky130_fd_sc_hd__a22o_1)
                  0.04    0.07    1.12 ^ u_pc_next_logic._1371_/X (sky130_fd_sc_hd__a22o_1)
     1    0.00                           u_pc_next_logic.pc_next[21] (net)
                  0.04    0.00    1.12 ^ u_pc_reg._112_/B (sky130_fd_sc_hd__and2_1)
                  0.04    0.08    1.20 ^ u_pc_reg._112_/X (sky130_fd_sc_hd__and2_1)
     1    0.00                           u_pc_reg._038_ (net)
                  0.04    0.00    1.20 ^ u_pc_reg._113_/A (sky130_fd_sc_hd__clkbuf_1)
                  0.05    0.06    1.26 ^ u_pc_reg._113_/X (sky130_fd_sc_hd__clkbuf_1)
     1    0.00                           u_pc_reg._021_ (net)
                  0.05    0.00    1.26 ^ u_pc_reg._155_/D (sky130_fd_sc_hd__dfxtp_4)
                                  1.26   data arrival time

                          0.00    0.00   clock clk (rise edge)
                          0.00    0.00   clock source latency
                  0.00    0.00    0.00 ^ clk (in)
     3    0.19                           clk (net)
                  0.05    0.02    0.02 ^ clkbuf_0_clk/A (sky130_fd_sc_hd__clkbuf_16)
                  0.09    0.13    0.16 ^ clkbuf_0_clk/X (sky130_fd_sc_hd__clkbuf_16)
     6    0.10                           clknet_0_clk (net)
                  0.09    0.01    0.16 ^ clkbuf_2_2_0_clk/A (sky130_fd_sc_hd__clkbuf_8)
                  0.17    0.18    0.35 ^ clkbuf_2_2_0_clk/X (sky130_fd_sc_hd__clkbuf_8)
    13    0.13                           clknet_2_2_0_clk (net)
                  0.18    0.03    0.38 ^ u_pc_reg._155_/CLK (sky130_fd_sc_hd__dfxtp_4)
                          0.20    0.58   clock uncertainty
                          0.00    0.58   clock reconvergence pessimism
                         -0.01    0.56   library hold time
                                  0.56   data required time
-----------------------------------------------------------------------------
                                  0.56   data required time
                                 -1.26   data arrival time
-----------------------------------------------------------------------------
                                  0.70   slack (MET)


Startpoint: u_pc_reg._161_ (rising edge-triggered flip-flop clocked by clk)
Endpoint: u_pc_reg._161_ (rising edge-triggered flip-flop clocked by clk)
Path Group: clk
Path Type: min
Corner: Fastest

Fanout     Cap    Slew   Delay    Time   Description
-----------------------------------------------------------------------------
                          0.00    0.00   clock clk (rise edge)
                          0.00    0.00   clock source latency
                  0.00    0.00    0.00 ^ clk (in)
     3    0.19                           clk (net)
                  0.05    0.02    0.02 ^ clkbuf_0_clk/A (sky130_fd_sc_hd__clkbuf_16)
                  0.09    0.13    0.16 ^ clkbuf_0_clk/X (sky130_fd_sc_hd__clkbuf_16)
     6    0.10                           clknet_0_clk (net)
                  0.09    0.01    0.16 ^ clkbuf_2_2_0_clk/A (sky130_fd_sc_hd__clkbuf_8)
                  0.17    0.18    0.35 ^ clkbuf_2_2_0_clk/X (sky130_fd_sc_hd__clkbuf_8)
    13    0.13                           clknet_2_2_0_clk (net)
                  0.17    0.02    0.37 ^ u_pc_reg._161_/CLK (sky130_fd_sc_hd__dfxtp_4)
                  0.17    0.35    0.71 v u_pc_reg._161_/Q (sky130_fd_sc_hd__dfxtp_4)
    13    0.19                           u_imem.addr[27] (net)
                  0.17    0.01    0.73 v u_pc_next_logic._1508_/A (sky130_fd_sc_hd__and2_1)
                  0.04    0.16    0.88 v u_pc_next_logic._1508_/X (sky130_fd_sc_hd__and2_1)
     3    0.01                           u_pc_next_logic._0736_ (net)
                  0.04    0.00    0.88 v u_pc_next_logic._1511_/A1 (sky130_fd_sc_hd__o21ai_1)
                  0.05    0.10    0.98 ^ u_pc_next_logic._1511_/Y (sky130_fd_sc_hd__o21ai_1)
     1    0.00                           u_pc_next_logic._0739_ (net)
                  0.05    0.00    0.98 ^ u_pc_next_logic._1513_/A2 (sky130_fd_sc_hd__a31o_1)
                  0.05    0.09    1.08 ^ u_pc_next_logic._1513_/X (sky130_fd_sc_hd__a31o_1)
     1    0.01                           u_pc_next_logic._0741_ (net)
                  0.05    0.00    1.08 ^ u_pc_next_logic._1514_/B2 (sky130_fd_sc_hd__o22a_1)
                  0.03    0.06    1.13 ^ u_pc_next_logic._1514_/X (sky130_fd_sc_hd__o22a_1)
     1    0.00                           u_pc_next_logic.pc_next[27] (net)
                  0.03    0.00    1.14 ^ u_pc_reg._124_/B (sky130_fd_sc_hd__and2_1)
                  0.03    0.07    1.21 ^ u_pc_reg._124_/X (sky130_fd_sc_hd__and2_1)
     1    0.00                           u_pc_reg._044_ (net)
                  0.03    0.00    1.21 ^ u_pc_reg._125_/A (sky130_fd_sc_hd__clkbuf_1)
                  0.03    0.05    1.26 ^ u_pc_reg._125_/X (sky130_fd_sc_hd__clkbuf_1)
     1    0.00                           u_pc_reg._027_ (net)
                  0.03    0.00    1.26 ^ u_pc_reg._161_/D (sky130_fd_sc_hd__dfxtp_4)
                                  1.26   data arrival time

                          0.00    0.00   clock clk (rise edge)
                          0.00    0.00   clock source latency
                  0.00    0.00    0.00 ^ clk (in)
     3    0.19                           clk (net)
                  0.05    0.02    0.02 ^ clkbuf_0_clk/A (sky130_fd_sc_hd__clkbuf_16)
                  0.09    0.13    0.16 ^ clkbuf_0_clk/X (sky130_fd_sc_hd__clkbuf_16)
     6    0.10                           clknet_0_clk (net)
                  0.09    0.01    0.16 ^ clkbuf_2_2_0_clk/A (sky130_fd_sc_hd__clkbuf_8)
                  0.17    0.18    0.35 ^ clkbuf_2_2_0_clk/X (sky130_fd_sc_hd__clkbuf_8)
    13    0.13                           clknet_2_2_0_clk (net)
                  0.17    0.02    0.37 ^ u_pc_reg._161_/CLK (sky130_fd_sc_hd__dfxtp_4)
                          0.20    0.57   clock uncertainty
                          0.00    0.57   clock reconvergence pessimism
                         -0.01    0.55   library hold time
                                  0.55   data required time
-----------------------------------------------------------------------------
                                  0.55   data required time
                                 -1.26   data arrival time
-----------------------------------------------------------------------------
                                  0.70   slack (MET)


Startpoint: u_pc_reg._156_ (rising edge-triggered flip-flop clocked by clk)
Endpoint: u_pc_reg._156_ (rising edge-triggered flip-flop clocked by clk)
Path Group: clk
Path Type: min
Corner: Fastest

Fanout     Cap    Slew   Delay    Time   Description
-----------------------------------------------------------------------------
                          0.00    0.00   clock clk (rise edge)
                          0.00    0.00   clock source latency
                  0.00    0.00    0.00 ^ clk (in)
     3    0.19                           clk (net)
                  0.05    0.02    0.02 ^ clkbuf_0_clk/A (sky130_fd_sc_hd__clkbuf_16)
                  0.09    0.13    0.16 ^ clkbuf_0_clk/X (sky130_fd_sc_hd__clkbuf_16)
     6    0.10                           clknet_0_clk (net)
                  0.09    0.01    0.16 ^ clkbuf_2_2_0_clk/A (sky130_fd_sc_hd__clkbuf_8)
                  0.17    0.18    0.35 ^ clkbuf_2_2_0_clk/X (sky130_fd_sc_hd__clkbuf_8)
    13    0.13                           clknet_2_2_0_clk (net)
                  0.18    0.03    0.38 ^ u_pc_reg._156_/CLK (sky130_fd_sc_hd__dfxtp_4)
                  0.13    0.32    0.70 v u_pc_reg._156_/Q (sky130_fd_sc_hd__dfxtp_4)
    11    0.14                           u_imem.addr[22] (net)
                  0.13    0.01    0.70 v u_pc_next_logic._1384_/A (sky130_fd_sc_hd__nand2_1)
                  0.07    0.11    0.81 ^ u_pc_next_logic._1384_/Y (sky130_fd_sc_hd__nand2_1)
     3    0.01                           u_pc_next_logic._0617_ (net)
                  0.07    0.00    0.81 ^ u_pc_next_logic._1386_/A (sky130_fd_sc_hd__nand2_1)
                  0.05    0.06    0.87 v u_pc_next_logic._1386_/Y (sky130_fd_sc_hd__nand2_1)
     2    0.01                           u_pc_next_logic._0619_ (net)
                  0.05    0.00    0.87 v u_pc_next_logic._1391_/A (sky130_fd_sc_hd__xnor2_1)
                  0.04    0.10    0.97 v u_pc_next_logic._1391_/Y (sky130_fd_sc_hd__xnor2_1)
     1    0.01                           u_pc_next_logic._0624_ (net)
                  0.04    0.00    0.97 v u_pc_next_logic._1392_/B (sky130_fd_sc_hd__nand2_1)
                  0.06    0.07    1.04 ^ u_pc_next_logic._1392_/Y (sky130_fd_sc_hd__nand2_1)
     1    0.01                           u_pc_next_logic._0625_ (net)
                  0.06    0.00    1.04 ^ u_pc_next_logic._1393_/B2 (sky130_fd_sc_hd__a22o_1)
                  0.04    0.08    1.12 ^ u_pc_next_logic._1393_/X (sky130_fd_sc_hd__a22o_1)
     1    0.00                           u_pc_next_logic.pc_next[22] (net)
                  0.04    0.00    1.12 ^ u_pc_reg._114_/B (sky130_fd_sc_hd__and2_1)
                  0.04    0.08    1.21 ^ u_pc_reg._114_/X (sky130_fd_sc_hd__and2_1)
     1    0.00                           u_pc_reg._039_ (net)
                  0.04    0.00    1.21 ^ u_pc_reg._115_/A (sky130_fd_sc_hd__clkbuf_1)
                  0.05    0.06    1.27 ^ u_pc_reg._115_/X (sky130_fd_sc_hd__clkbuf_1)
     1    0.00                           u_pc_reg._022_ (net)
                  0.05    0.00    1.27 ^ u_pc_reg._156_/D (sky130_fd_sc_hd__dfxtp_4)
                                  1.27   data arrival time

                          0.00    0.00   clock clk (rise edge)
                          0.00    0.00   clock source latency
                  0.00    0.00    0.00 ^ clk (in)
     3    0.19                           clk (net)
                  0.05    0.02    0.02 ^ clkbuf_0_clk/A (sky130_fd_sc_hd__clkbuf_16)
                  0.09    0.13    0.16 ^ clkbuf_0_clk/X (sky130_fd_sc_hd__clkbuf_16)
     6    0.10                           clknet_0_clk (net)
                  0.09    0.01    0.16 ^ clkbuf_2_2_0_clk/A (sky130_fd_sc_hd__clkbuf_8)
                  0.17    0.18    0.35 ^ clkbuf_2_2_0_clk/X (sky130_fd_sc_hd__clkbuf_8)
    13    0.13                           clknet_2_2_0_clk (net)
                  0.18    0.03    0.38 ^ u_pc_reg._156_/CLK (sky130_fd_sc_hd__dfxtp_4)
                          0.20    0.58   clock uncertainty
                          0.00    0.58   clock reconvergence pessimism
                         -0.01    0.56   library hold time
                                  0.56   data required time
-----------------------------------------------------------------------------
                                  0.56   data required time
                                 -1.27   data arrival time
-----------------------------------------------------------------------------
                                  0.71   slack (MET)


Startpoint: u_pc_reg._163_ (rising edge-triggered flip-flop clocked by clk)
Endpoint: u_pc_reg._163_ (rising edge-triggered flip-flop clocked by clk)
Path Group: clk
Path Type: min
Corner: Fastest

Fanout     Cap    Slew   Delay    Time   Description
-----------------------------------------------------------------------------
                          0.00    0.00   clock clk (rise edge)
                          0.00    0.00   clock source latency
                  0.00    0.00    0.00 ^ clk (in)
     3    0.19                           clk (net)
                  0.05    0.02    0.02 ^ clkbuf_0_clk/A (sky130_fd_sc_hd__clkbuf_16)
                  0.09    0.13    0.16 ^ clkbuf_0_clk/X (sky130_fd_sc_hd__clkbuf_16)
     6    0.10                           clknet_0_clk (net)
                  0.09    0.01    0.16 ^ clkbuf_2_2_0_clk/A (sky130_fd_sc_hd__clkbuf_8)
                  0.17    0.18    0.35 ^ clkbuf_2_2_0_clk/X (sky130_fd_sc_hd__clkbuf_8)
    13    0.13                           clknet_2_2_0_clk (net)
                  0.17    0.02    0.36 ^ u_pc_reg._163_/CLK (sky130_fd_sc_hd__dfxtp_4)
                  0.14    0.34    0.70 v u_pc_reg._163_/Q (sky130_fd_sc_hd__dfxtp_4)
    11    0.15                           u_imem.addr[29] (net)
                  0.15    0.01    0.71 v u_pc_next_logic._1555_/A (sky130_fd_sc_hd__nand2_1)
                  0.03    0.07    0.79 ^ u_pc_next_logic._1555_/Y (sky130_fd_sc_hd__nand2_1)
     1    0.00                           u_pc_next_logic._0010_ (net)
                  0.03    0.00    0.79 ^ u_pc_next_logic._1556_/B (sky130_fd_sc_hd__nand2_1)
                  0.04    0.04    0.83 v u_pc_next_logic._1556_/Y (sky130_fd_sc_hd__nand2_1)
     1    0.01                           u_pc_next_logic._0011_ (net)
                  0.04    0.00    0.83 v u_pc_next_logic._1558_/A (sky130_fd_sc_hd__xnor2_1)
                  0.04    0.11    0.94 ^ u_pc_next_logic._1558_/Y (sky130_fd_sc_hd__xnor2_1)
     1    0.00                           u_pc_next_logic._0013_ (net)
                  0.04    0.00    0.94 ^ u_pc_next_logic._1566_/A2 (sky130_fd_sc_hd__a211o_1)
                  0.12    0.14    1.08 ^ u_pc_next_logic._1566_/X (sky130_fd_sc_hd__a211o_1)
     1    0.02                           u_pc_next_logic._0021_ (net)
                  0.12    0.00    1.08 ^ u_pc_next_logic._1567_/B1 (sky130_fd_sc_hd__o21ai_1)
                  0.03    0.03    1.11 v u_pc_next_logic._1567_/Y (sky130_fd_sc_hd__o21ai_1)
     1    0.00                           u_pc_next_logic.pc_next[29] (net)
                  0.03    0.00    1.11 v u_pc_reg._128_/B (sky130_fd_sc_hd__and2_1)
                  0.03    0.10    1.21 v u_pc_reg._128_/X (sky130_fd_sc_hd__and2_1)
     1    0.00                           u_pc_reg._046_ (net)
                  0.03    0.00    1.21 v u_pc_reg._129_/A (sky130_fd_sc_hd__clkbuf_1)
                  0.02    0.05    1.26 v u_pc_reg._129_/X (sky130_fd_sc_hd__clkbuf_1)
     1    0.00                           u_pc_reg._029_ (net)
                  0.02    0.00    1.26 v u_pc_reg._163_/D (sky130_fd_sc_hd__dfxtp_4)
                                  1.26   data arrival time

                          0.00    0.00   clock clk (rise edge)
                          0.00    0.00   clock source latency
                  0.00    0.00    0.00 ^ clk (in)
     3    0.19                           clk (net)
                  0.05    0.02    0.02 ^ clkbuf_0_clk/A (sky130_fd_sc_hd__clkbuf_16)
                  0.09    0.13    0.16 ^ clkbuf_0_clk/X (sky130_fd_sc_hd__clkbuf_16)
     6    0.10                           clknet_0_clk (net)
                  0.09    0.01    0.16 ^ clkbuf_2_2_0_clk/A (sky130_fd_sc_hd__clkbuf_8)
                  0.17    0.18    0.35 ^ clkbuf_2_2_0_clk/X (sky130_fd_sc_hd__clkbuf_8)
    13    0.13                           clknet_2_2_0_clk (net)
                  0.17    0.02    0.36 ^ u_pc_reg._163_/CLK (sky130_fd_sc_hd__dfxtp_4)
                          0.20    0.56   clock uncertainty
                          0.00    0.56   clock reconvergence pessimism
                         -0.02    0.55   library hold time
                                  0.55   data required time
-----------------------------------------------------------------------------
                                  0.55   data required time
                                 -1.26   data arrival time
-----------------------------------------------------------------------------
                                  0.71   slack (MET)


Startpoint: u_pc_reg._165_ (rising edge-triggered flip-flop clocked by clk)
Endpoint: u_pc_reg._165_ (rising edge-triggered flip-flop clocked by clk)
Path Group: clk
Path Type: min
Corner: Fastest

Fanout     Cap    Slew   Delay    Time   Description
-----------------------------------------------------------------------------
                          0.00    0.00   clock clk (rise edge)
                          0.00    0.00   clock source latency
                  0.00    0.00    0.00 ^ clk (in)
     3    0.19                           clk (net)
                  0.05    0.02    0.02 ^ clkbuf_0_clk/A (sky130_fd_sc_hd__clkbuf_16)
                  0.09    0.13    0.16 ^ clkbuf_0_clk/X (sky130_fd_sc_hd__clkbuf_16)
     6    0.10                           clknet_0_clk (net)
                  0.09    0.01    0.16 ^ clkbuf_2_3_0_clk/A (sky130_fd_sc_hd__clkbuf_8)
                  0.31    0.20    0.37 ^ clkbuf_2_3_0_clk/X (sky130_fd_sc_hd__clkbuf_8)
     7    0.26                           clknet_2_3_0_clk (net)
                  0.35    0.08    0.45 ^ u_pc_reg._165_/CLK (sky130_fd_sc_hd__dfxtp_4)
                  0.10    0.32    0.77 v u_pc_reg._165_/Q (sky130_fd_sc_hd__dfxtp_4)
     6    0.10                           u_imem.addr[31] (net)
                  0.12    0.03    0.80 v u_pc_next_logic._1599_/A (sky130_fd_sc_hd__xnor2_1)
                  0.04    0.12    0.92 v u_pc_next_logic._1599_/Y (sky130_fd_sc_hd__xnor2_1)
     2    0.01                           u_pc_next_logic._0052_ (net)
                  0.04    0.00    0.93 v u_pc_next_logic._1600_/B1 (sky130_fd_sc_hd__a21oi_1)
                  0.13    0.11    1.04 ^ u_pc_next_logic._1600_/Y (sky130_fd_sc_hd__a21oi_1)
     1    0.01                           u_pc_next_logic._0053_ (net)
                  0.13    0.00    1.04 ^ u_pc_next_logic._1602_/A1 (sky130_fd_sc_hd__o21ai_4)
                  0.07    0.08    1.12 v u_pc_next_logic._1602_/Y (sky130_fd_sc_hd__o21ai_4)
     1    0.04                           u_pc_next_logic._0055_ (net)
                  0.07    0.01    1.13 v u_pc_next_logic._1603_/B2 (sky130_fd_sc_hd__o32a_1)
                  0.02    0.10    1.23 v u_pc_next_logic._1603_/X (sky130_fd_sc_hd__o32a_1)
     1    0.00                           u_pc_next_logic.pc_next[31] (net)
                  0.02    0.00    1.23 v u_pc_reg._132_/B (sky130_fd_sc_hd__and2_1)
                  0.03    0.09    1.32 v u_pc_reg._132_/X (sky130_fd_sc_hd__and2_1)
     1    0.00                           u_pc_reg._048_ (net)
                  0.03    0.00    1.32 v u_pc_reg._133_/A (sky130_fd_sc_hd__clkbuf_1)
                  0.02    0.05    1.37 v u_pc_reg._133_/X (sky130_fd_sc_hd__clkbuf_1)
     1    0.00                           u_pc_reg._031_ (net)
                  0.02    0.00    1.37 v u_pc_reg._165_/D (sky130_fd_sc_hd__dfxtp_4)
                                  1.37   data arrival time

                          0.00    0.00   clock clk (rise edge)
                          0.00    0.00   clock source latency
                  0.00    0.00    0.00 ^ clk (in)
     3    0.19                           clk (net)
                  0.05    0.02    0.02 ^ clkbuf_0_clk/A (sky130_fd_sc_hd__clkbuf_16)
                  0.09    0.13    0.16 ^ clkbuf_0_clk/X (sky130_fd_sc_hd__clkbuf_16)
     6    0.10                           clknet_0_clk (net)
                  0.09    0.01    0.16 ^ clkbuf_2_3_0_clk/A (sky130_fd_sc_hd__clkbuf_8)
                  0.31    0.20    0.37 ^ clkbuf_2_3_0_clk/X (sky130_fd_sc_hd__clkbuf_8)
     7    0.26                           clknet_2_3_0_clk (net)
                  0.35    0.08    0.45 ^ u_pc_reg._165_/CLK (sky130_fd_sc_hd__dfxtp_4)
                          0.20    0.65   clock uncertainty
                          0.00    0.65   clock reconvergence pessimism
                          0.00    0.65   library hold time
                                  0.65   data required time
-----------------------------------------------------------------------------
                                  0.65   data required time
                                 -1.37   data arrival time
-----------------------------------------------------------------------------
                                  0.72   slack (MET)


Startpoint: u_pc_reg._145_ (rising edge-triggered flip-flop clocked by clk)
Endpoint: u_pc_reg._145_ (rising edge-triggered flip-flop clocked by clk)
Path Group: clk
Path Type: min
Corner: Fastest

Fanout     Cap    Slew   Delay    Time   Description
-----------------------------------------------------------------------------
                          0.00    0.00   clock clk (rise edge)
                          0.00    0.00   clock source latency
                  0.00    0.00    0.00 ^ clk (in)
     3    0.19                           clk (net)
                  0.05    0.02    0.02 ^ clkbuf_0_clk/A (sky130_fd_sc_hd__clkbuf_16)
                  0.09    0.13    0.16 ^ clkbuf_0_clk/X (sky130_fd_sc_hd__clkbuf_16)
     6    0.10                           clknet_0_clk (net)
                  0.09    0.01    0.16 ^ clkbuf_2_2_0_clk/A (sky130_fd_sc_hd__clkbuf_8)
                  0.17    0.18    0.35 ^ clkbuf_2_2_0_clk/X (sky130_fd_sc_hd__clkbuf_8)
    13    0.13                           clknet_2_2_0_clk (net)
                  0.17    0.01    0.35 ^ u_pc_reg._145_/CLK (sky130_fd_sc_hd__dfxtp_4)
                  0.10    0.31    0.67 v u_pc_reg._145_/Q (sky130_fd_sc_hd__dfxtp_4)
    12    0.11                           u_imem.addr[11] (net)
                  0.10    0.01    0.67 v u_pc_next_logic._1101_/A (sky130_fd_sc_hd__nor2_1)
                  0.09    0.11    0.79 ^ u_pc_next_logic._1101_/Y (sky130_fd_sc_hd__nor2_1)
     2    0.01                           u_pc_next_logic._0345_ (net)
                  0.09    0.00    0.79 ^ u_pc_next_logic._1102_/B (sky130_fd_sc_hd__nor2_1)
                  0.04    0.04    0.83 v u_pc_next_logic._1102_/Y (sky130_fd_sc_hd__nor2_1)
     1    0.01                           u_pc_next_logic._0346_ (net)
                  0.04    0.00    0.83 v u_pc_next_logic._1104_/A (sky130_fd_sc_hd__xnor2_1)
                  0.04    0.10    0.93 ^ u_pc_next_logic._1104_/Y (sky130_fd_sc_hd__xnor2_1)
     1    0.00                           u_pc_next_logic._0348_ (net)
                  0.04    0.00    0.93 ^ u_pc_next_logic._1112_/A0 (sky130_fd_sc_hd__mux2_1)
                  0.03    0.08    1.00 ^ u_pc_next_logic._1112_/X (sky130_fd_sc_hd__mux2_1)
     1    0.00                           u_pc_next_logic._0356_ (net)
                  0.03    0.00    1.00 ^ u_pc_next_logic._1113_/A1 (sky130_fd_sc_hd__mux2_1)
                  0.03    0.07    1.08 ^ u_pc_next_logic._1113_/X (sky130_fd_sc_hd__mux2_1)
     1    0.00                           u_pc_next_logic._0357_ (net)
                  0.03    0.00    1.08 ^ u_pc_next_logic._1114_/A (sky130_fd_sc_hd__clkbuf_1)
                  0.03    0.05    1.13 ^ u_pc_next_logic._1114_/X (sky130_fd_sc_hd__clkbuf_1)
     1    0.00                           u_pc_next_logic.pc_next[11] (net)
                  0.03    0.00    1.13 ^ u_pc_reg._091_/B (sky130_fd_sc_hd__and2_1)
                  0.04    0.08    1.21 ^ u_pc_reg._091_/X (sky130_fd_sc_hd__and2_1)
     1    0.00                           u_pc_reg._062_ (net)
                  0.04    0.00    1.21 ^ u_pc_reg._092_/A (sky130_fd_sc_hd__clkbuf_1)
                  0.03    0.06    1.27 ^ u_pc_reg._092_/X (sky130_fd_sc_hd__clkbuf_1)
     1    0.00                           u_pc_reg._011_ (net)
                  0.03    0.00    1.27 ^ u_pc_reg._145_/D (sky130_fd_sc_hd__dfxtp_4)
                                  1.27   data arrival time

                          0.00    0.00   clock clk (rise edge)
                          0.00    0.00   clock source latency
                  0.00    0.00    0.00 ^ clk (in)
     3    0.19                           clk (net)
                  0.05    0.02    0.02 ^ clkbuf_0_clk/A (sky130_fd_sc_hd__clkbuf_16)
                  0.09    0.13    0.16 ^ clkbuf_0_clk/X (sky130_fd_sc_hd__clkbuf_16)
     6    0.10                           clknet_0_clk (net)
                  0.09    0.01    0.16 ^ clkbuf_2_2_0_clk/A (sky130_fd_sc_hd__clkbuf_8)
                  0.17    0.18    0.35 ^ clkbuf_2_2_0_clk/X (sky130_fd_sc_hd__clkbuf_8)
    13    0.13                           clknet_2_2_0_clk (net)
                  0.17    0.01    0.35 ^ u_pc_reg._145_/CLK (sky130_fd_sc_hd__dfxtp_4)
                          0.20    0.55   clock uncertainty
                          0.00    0.55   clock reconvergence pessimism
                         -0.01    0.54   library hold time
                                  0.54   data required time
-----------------------------------------------------------------------------
                                  0.54   data required time
                                 -1.27   data arrival time
-----------------------------------------------------------------------------
                                  0.73   slack (MET)


Startpoint: u_pc_reg._147_ (rising edge-triggered flip-flop clocked by clk)
Endpoint: u_pc_reg._148_ (rising edge-triggered flip-flop clocked by clk)
Path Group: clk
Path Type: min
Corner: Fastest

Fanout     Cap    Slew   Delay    Time   Description
-----------------------------------------------------------------------------
                          0.00    0.00   clock clk (rise edge)
                          0.00    0.00   clock source latency
                  0.00    0.00    0.00 ^ clk (in)
     3    0.19                           clk (net)
                  0.05    0.02    0.02 ^ clkbuf_0_clk/A (sky130_fd_sc_hd__clkbuf_16)
                  0.09    0.13    0.16 ^ clkbuf_0_clk/X (sky130_fd_sc_hd__clkbuf_16)
     6    0.10                           clknet_0_clk (net)
                  0.09    0.01    0.16 ^ clkbuf_2_2_0_clk/A (sky130_fd_sc_hd__clkbuf_8)
                  0.17    0.18    0.35 ^ clkbuf_2_2_0_clk/X (sky130_fd_sc_hd__clkbuf_8)
    13    0.13                           clknet_2_2_0_clk (net)
                  0.17    0.02    0.37 ^ u_pc_reg._147_/CLK (sky130_fd_sc_hd__dfxtp_4)
                  0.25    0.39    0.76 ^ u_pc_reg._147_/Q (sky130_fd_sc_hd__dfxtp_4)
    13    0.12                           u_imem.addr[13] (net)
                  0.25    0.01    0.77 ^ u_pc_next_logic._1173_/A1 (sky130_fd_sc_hd__a21oi_1)
                  0.03    0.07    0.84 v u_pc_next_logic._1173_/Y (sky130_fd_sc_hd__a21oi_1)
     2    0.01                           u_pc_next_logic._0414_ (net)
                  0.03    0.00    0.84 v u_pc_next_logic._1174_/B (sky130_fd_sc_hd__nand2_1)
                  0.08    0.08    0.92 ^ u_pc_next_logic._1174_/Y (sky130_fd_sc_hd__nand2_1)
     2    0.01                           u_pc_next_logic._0415_ (net)
                  0.08    0.00    0.92 ^ u_pc_next_logic._1175_/B (sky130_fd_sc_hd__xnor2_1)
                  0.06    0.09    1.01 ^ u_pc_next_logic._1175_/Y (sky130_fd_sc_hd__xnor2_1)
     1    0.01                           u_pc_next_logic._0416_ (net)
                  0.06    0.00    1.01 ^ u_pc_next_logic._1184_/A2 (sky130_fd_sc_hd__o21a_1)
                  0.04    0.08    1.09 ^ u_pc_next_logic._1184_/X (sky130_fd_sc_hd__o21a_1)
     1    0.00                           u_pc_next_logic._0425_ (net)
                  0.04    0.00    1.09 ^ u_pc_next_logic._1190_/A0 (sky130_fd_sc_hd__mux2_1)
                  0.03    0.07    1.16 ^ u_pc_next_logic._1190_/X (sky130_fd_sc_hd__mux2_1)
     1    0.00                           u_pc_next_logic._0431_ (net)
                  0.03    0.00    1.16 ^ u_pc_next_logic._1191_/A (sky130_fd_sc_hd__clkbuf_1)
                  0.03    0.05    1.21 ^ u_pc_next_logic._1191_/X (sky130_fd_sc_hd__clkbuf_1)
     1    0.00                           u_pc_next_logic.pc_next[14] (net)
                  0.03    0.00    1.21 ^ u_pc_reg._097_/B (sky130_fd_sc_hd__and2_1)
                  0.03    0.07    1.28 ^ u_pc_reg._097_/X (sky130_fd_sc_hd__and2_1)
     1    0.00                           u_pc_reg._065_ (net)
                  0.03    0.00    1.28 ^ u_pc_reg._098_/A (sky130_fd_sc_hd__clkbuf_1)
                  0.03    0.05    1.33 ^ u_pc_reg._098_/X (sky130_fd_sc_hd__clkbuf_1)
     1    0.00                           u_pc_reg._014_ (net)
                  0.03    0.00    1.33 ^ u_pc_reg._148_/D (sky130_fd_sc_hd__dfxtp_4)
                                  1.33   data arrival time

                          0.00    0.00   clock clk (rise edge)
                          0.00    0.00   clock source latency
                  0.00    0.00    0.00 ^ clk (in)
     3    0.19                           clk (net)
                  0.05    0.02    0.02 ^ clkbuf_0_clk/A (sky130_fd_sc_hd__clkbuf_16)
                  0.09    0.13    0.16 ^ clkbuf_0_clk/X (sky130_fd_sc_hd__clkbuf_16)
     6    0.10                           clknet_0_clk (net)
                  0.09    0.01    0.16 ^ clkbuf_2_3_0_clk/A (sky130_fd_sc_hd__clkbuf_8)
                  0.31    0.20    0.37 ^ clkbuf_2_3_0_clk/X (sky130_fd_sc_hd__clkbuf_8)
     7    0.26                           clknet_2_3_0_clk (net)
                  0.31    0.04    0.41 ^ u_pc_reg._148_/CLK (sky130_fd_sc_hd__dfxtp_4)
                          0.20    0.61   clock uncertainty
                          0.00    0.61   clock reconvergence pessimism
                         -0.01    0.59   library hold time
                                  0.59   data required time
-----------------------------------------------------------------------------
                                  0.59   data required time
                                 -1.33   data arrival time
-----------------------------------------------------------------------------
                                  0.74   slack (MET)


Startpoint: u_pc_reg._143_ (rising edge-triggered flip-flop clocked by clk)
Endpoint: u_pc_reg._144_ (rising edge-triggered flip-flop clocked by clk)
Path Group: clk
Path Type: min
Corner: Fastest

Fanout     Cap    Slew   Delay    Time   Description
-----------------------------------------------------------------------------
                          0.00    0.00   clock clk (rise edge)
                          0.00    0.00   clock source latency
                  0.00    0.00    0.00 ^ clk (in)
     3    0.19                           clk (net)
                  0.05    0.02    0.02 ^ clkbuf_0_clk/A (sky130_fd_sc_hd__clkbuf_16)
                  0.09    0.13    0.16 ^ clkbuf_0_clk/X (sky130_fd_sc_hd__clkbuf_16)
     6    0.10                           clknet_0_clk (net)
                  0.09    0.01    0.16 ^ clkbuf_2_0_0_clk/A (sky130_fd_sc_hd__clkbuf_8)
                  0.28    0.20    0.37 ^ clkbuf_2_0_0_clk/X (sky130_fd_sc_hd__clkbuf_8)
     8    0.22                           clknet_2_0_0_clk (net)
                  0.29    0.05    0.41 ^ u_pc_reg._143_/CLK (sky130_fd_sc_hd__dfxtp_4)
                  0.11    0.32    0.74 v u_pc_reg._143_/Q (sky130_fd_sc_hd__dfxtp_4)
    14    0.11                           u_imem.addr[9] (net)
                  0.12    0.03    0.76 v u_pc_next_logic._0789_/A1 (sky130_fd_sc_hd__a21oi_1)
                  0.07    0.11    0.88 ^ u_pc_next_logic._0789_/Y (sky130_fd_sc_hd__a21oi_1)
     1    0.00                           u_pc_next_logic._0066_ (net)
                  0.07    0.00    0.88 ^ u_pc_next_logic._0790_/B (sky130_fd_sc_hd__nor2_1)
                  0.05    0.06    0.94 v u_pc_next_logic._0790_/Y (sky130_fd_sc_hd__nor2_1)
     2    0.01                           u_pc_next_logic.pc_plus4[10] (net)
                  0.05    0.00    0.94 v u_pc_next_logic._1085_/A1 (sky130_fd_sc_hd__a21oi_1)
                  0.08    0.12    1.05 ^ u_pc_next_logic._1085_/Y (sky130_fd_sc_hd__a21oi_1)
     1    0.01                           u_pc_next_logic._0330_ (net)
                  0.08    0.00    1.05 ^ u_pc_next_logic._1093_/A2 (sky130_fd_sc_hd__a221o_2)
                  0.11    0.16    1.21 ^ u_pc_next_logic._1093_/X (sky130_fd_sc_hd__a221o_2)
     1    0.03                           u_pc_next_logic._0338_ (net)
                  0.11    0.00    1.22 ^ u_pc_next_logic._1094_/B1 (sky130_fd_sc_hd__o31ai_1)
                  0.03    0.03    1.24 v u_pc_next_logic._1094_/Y (sky130_fd_sc_hd__o31ai_1)
     1    0.00                           u_pc_next_logic.pc_next[10] (net)
                  0.03    0.00    1.24 v u_pc_reg._088_/B (sky130_fd_sc_hd__and2_1)
                  0.02    0.09    1.34 v u_pc_reg._088_/X (sky130_fd_sc_hd__and2_1)
     1    0.00                           u_pc_reg._060_ (net)
                  0.02    0.00    1.34 v u_pc_reg._089_/A (sky130_fd_sc_hd__clkbuf_1)
                  0.02    0.05    1.39 v u_pc_reg._089_/X (sky130_fd_sc_hd__clkbuf_1)
     1    0.00                           u_pc_reg._010_ (net)
                  0.02    0.00    1.39 v u_pc_reg._144_/D (sky130_fd_sc_hd__dfxtp_4)
                                  1.39   data arrival time

                          0.00    0.00   clock clk (rise edge)
                          0.00    0.00   clock source latency
                  0.00    0.00    0.00 ^ clk (in)
     3    0.19                           clk (net)
                  0.05    0.02    0.02 ^ clkbuf_0_clk/A (sky130_fd_sc_hd__clkbuf_16)
                  0.09    0.13    0.16 ^ clkbuf_0_clk/X (sky130_fd_sc_hd__clkbuf_16)
     6    0.10                           clknet_0_clk (net)
                  0.09    0.01    0.16 ^ clkbuf_2_0_0_clk/A (sky130_fd_sc_hd__clkbuf_8)
                  0.28    0.20    0.37 ^ clkbuf_2_0_0_clk/X (sky130_fd_sc_hd__clkbuf_8)
     8    0.22                           clknet_2_0_0_clk (net)
                  0.29    0.05    0.41 ^ u_pc_reg._144_/CLK (sky130_fd_sc_hd__dfxtp_4)
                          0.20    0.61   clock uncertainty
                          0.00    0.61   clock reconvergence pessimism
                         -0.01    0.61   library hold time
                                  0.61   data required time
-----------------------------------------------------------------------------
                                  0.61   data required time
                                 -1.39   data arrival time
-----------------------------------------------------------------------------
                                  0.78   slack (MET)


Startpoint: u_pc_reg._149_ (rising edge-triggered flip-flop clocked by clk)
Endpoint: u_pc_reg._149_ (rising edge-triggered flip-flop clocked by clk)
Path Group: clk
Path Type: min
Corner: Fastest

Fanout     Cap    Slew   Delay    Time   Description
-----------------------------------------------------------------------------
                          0.00    0.00   clock clk (rise edge)
                          0.00    0.00   clock source latency
                  0.00    0.00    0.00 ^ clk (in)
     3    0.19                           clk (net)
                  0.05    0.02    0.02 ^ clkbuf_0_clk/A (sky130_fd_sc_hd__clkbuf_16)
                  0.09    0.13    0.16 ^ clkbuf_0_clk/X (sky130_fd_sc_hd__clkbuf_16)
     6    0.10                           clknet_0_clk (net)
                  0.09    0.01    0.16 ^ clkbuf_2_0_0_clk/A (sky130_fd_sc_hd__clkbuf_8)
                  0.28    0.20    0.37 ^ clkbuf_2_0_0_clk/X (sky130_fd_sc_hd__clkbuf_8)
     8    0.22                           clknet_2_0_0_clk (net)
                  0.29    0.05    0.41 ^ u_pc_reg._149_/CLK (sky130_fd_sc_hd__dfxtp_4)
                  0.13    0.34    0.75 v u_pc_reg._149_/Q (sky130_fd_sc_hd__dfxtp_4)
    12    0.13                           u_imem.addr[15] (net)
                  0.13    0.02    0.77 v u_pc_next_logic._1198_/A (sky130_fd_sc_hd__nand2_1)
                  0.05    0.09    0.86 ^ u_pc_next_logic._1198_/Y (sky130_fd_sc_hd__nand2_1)
     2    0.01                           u_pc_next_logic._0438_ (net)
                  0.05    0.00    0.86 ^ u_pc_next_logic._1200_/A (sky130_fd_sc_hd__nand2_1)
                  0.05    0.05    0.92 v u_pc_next_logic._1200_/Y (sky130_fd_sc_hd__nand2_1)
     2    0.01                           u_pc_next_logic._0440_ (net)
                  0.05    0.00    0.92 v u_pc_next_logic._1203_/A (sky130_fd_sc_hd__xnor2_1)
                  0.05    0.12    1.04 ^ u_pc_next_logic._1203_/Y (sky130_fd_sc_hd__xnor2_1)
     1    0.00                           u_pc_next_logic._0443_ (net)
                  0.05    0.00    1.04 ^ u_pc_next_logic._1211_/A2 (sky130_fd_sc_hd__a211o_2)
                  0.13    0.16    1.19 ^ u_pc_next_logic._1211_/X (sky130_fd_sc_hd__a211o_2)
     1    0.04                           u_pc_next_logic._0451_ (net)
                  0.14    0.01    1.20 ^ u_pc_next_logic._1212_/B1 (sky130_fd_sc_hd__o21a_1)
                  0.03    0.06    1.27 ^ u_pc_next_logic._1212_/X (sky130_fd_sc_hd__o21a_1)
     1    0.00                           u_pc_next_logic.pc_next[15] (net)
                  0.03    0.00    1.27 ^ u_pc_reg._099_/B (sky130_fd_sc_hd__and2_1)
                  0.04    0.07    1.34 ^ u_pc_reg._099_/X (sky130_fd_sc_hd__and2_1)
     1    0.00                           u_pc_reg._066_ (net)
                  0.04    0.00    1.34 ^ u_pc_reg._100_/A (sky130_fd_sc_hd__clkbuf_1)
                  0.03    0.05    1.39 ^ u_pc_reg._100_/X (sky130_fd_sc_hd__clkbuf_1)
     1    0.00                           u_pc_reg._015_ (net)
                  0.03    0.00    1.39 ^ u_pc_reg._149_/D (sky130_fd_sc_hd__dfxtp_4)
                                  1.39   data arrival time

                          0.00    0.00   clock clk (rise edge)
                          0.00    0.00   clock source latency
                  0.00    0.00    0.00 ^ clk (in)
     3    0.19                           clk (net)
                  0.05    0.02    0.02 ^ clkbuf_0_clk/A (sky130_fd_sc_hd__clkbuf_16)
                  0.09    0.13    0.16 ^ clkbuf_0_clk/X (sky130_fd_sc_hd__clkbuf_16)
     6    0.10                           clknet_0_clk (net)
                  0.09    0.01    0.16 ^ clkbuf_2_0_0_clk/A (sky130_fd_sc_hd__clkbuf_8)
                  0.28    0.20    0.37 ^ clkbuf_2_0_0_clk/X (sky130_fd_sc_hd__clkbuf_8)
     8    0.22                           clknet_2_0_0_clk (net)
                  0.29    0.05    0.41 ^ u_pc_reg._149_/CLK (sky130_fd_sc_hd__dfxtp_4)
                          0.20    0.61   clock uncertainty
                          0.00    0.61   clock reconvergence pessimism
                         -0.01    0.60   library hold time
                                  0.60   data required time
-----------------------------------------------------------------------------
                                  0.60   data required time
                                 -1.39   data arrival time
-----------------------------------------------------------------------------
                                  0.79   slack (MET)


Startpoint: u_pc_reg._146_ (rising edge-triggered flip-flop clocked by clk)
Endpoint: u_pc_reg._146_ (rising edge-triggered flip-flop clocked by clk)
Path Group: clk
Path Type: min
Corner: Fastest

Fanout     Cap    Slew   Delay    Time   Description
-----------------------------------------------------------------------------
                          0.00    0.00   clock clk (rise edge)
                          0.00    0.00   clock source latency
                  0.00    0.00    0.00 ^ clk (in)
     3    0.19                           clk (net)
                  0.05    0.02    0.02 ^ clkbuf_0_clk/A (sky130_fd_sc_hd__clkbuf_16)
                  0.09    0.13    0.16 ^ clkbuf_0_clk/X (sky130_fd_sc_hd__clkbuf_16)
     6    0.10                           clknet_0_clk (net)
                  0.09    0.01    0.16 ^ clkbuf_2_3_0_clk/A (sky130_fd_sc_hd__clkbuf_8)
                  0.31    0.20    0.37 ^ clkbuf_2_3_0_clk/X (sky130_fd_sc_hd__clkbuf_8)
     7    0.26                           clknet_2_3_0_clk (net)
                  0.32    0.05    0.42 ^ u_pc_reg._146_/CLK (sky130_fd_sc_hd__dfxtp_4)
                  0.10    0.33    0.74 v u_pc_reg._146_/Q (sky130_fd_sc_hd__dfxtp_4)
    12    0.10                           u_imem.addr[12] (net)
                  0.10    0.01    0.75 v u_pc_next_logic._1138_/A (sky130_fd_sc_hd__nor2_1)
                  0.06    0.09    0.84 ^ u_pc_next_logic._1138_/Y (sky130_fd_sc_hd__nor2_1)
     1    0.00                           u_pc_next_logic._0381_ (net)
                  0.06    0.00    0.84 ^ u_pc_next_logic._1139_/B (sky130_fd_sc_hd__nor2_1)
                  0.04    0.05    0.89 v u_pc_next_logic._1139_/Y (sky130_fd_sc_hd__nor2_1)
     3    0.01                           u_pc_next_logic._0382_ (net)
                  0.04    0.00    0.89 v u_pc_next_logic._1145_/A (sky130_fd_sc_hd__xor2_1)
                  0.08    0.11    1.01 ^ u_pc_next_logic._1145_/X (sky130_fd_sc_hd__xor2_1)
     1    0.00                           u_pc_next_logic._0388_ (net)
                  0.08    0.00    1.01 ^ u_pc_next_logic._1146_/A1 (sky130_fd_sc_hd__mux2_1)
                  0.07    0.12    1.13 ^ u_pc_next_logic._1146_/X (sky130_fd_sc_hd__mux2_1)
     1    0.01                           u_pc_next_logic._0389_ (net)
                  0.07    0.00    1.13 ^ u_pc_next_logic._1147_/A1 (sky130_fd_sc_hd__mux2_1)
                  0.03    0.08    1.21 ^ u_pc_next_logic._1147_/X (sky130_fd_sc_hd__mux2_1)
     1    0.00                           u_pc_next_logic._0390_ (net)
                  0.03    0.00    1.21 ^ u_pc_next_logic._1148_/A (sky130_fd_sc_hd__clkbuf_1)
                  0.03    0.05    1.26 ^ u_pc_next_logic._1148_/X (sky130_fd_sc_hd__clkbuf_1)
     1    0.00                           u_pc_next_logic.pc_next[12] (net)
                  0.03    0.00    1.26 ^ u_pc_reg._093_/B (sky130_fd_sc_hd__and2_1)
                  0.03    0.07    1.34 ^ u_pc_reg._093_/X (sky130_fd_sc_hd__and2_1)
     1    0.00                           u_pc_reg._063_ (net)
                  0.03    0.00    1.34 ^ u_pc_reg._094_/A (sky130_fd_sc_hd__clkbuf_1)
                  0.03    0.05    1.39 ^ u_pc_reg._094_/X (sky130_fd_sc_hd__clkbuf_1)
     1    0.00                           u_pc_reg._012_ (net)
                  0.03    0.00    1.39 ^ u_pc_reg._146_/D (sky130_fd_sc_hd__dfxtp_4)
                                  1.39   data arrival time

                          0.00    0.00   clock clk (rise edge)
                          0.00    0.00   clock source latency
                  0.00    0.00    0.00 ^ clk (in)
     3    0.19                           clk (net)
                  0.05    0.02    0.02 ^ clkbuf_0_clk/A (sky130_fd_sc_hd__clkbuf_16)
                  0.09    0.13    0.16 ^ clkbuf_0_clk/X (sky130_fd_sc_hd__clkbuf_16)
     6    0.10                           clknet_0_clk (net)
                  0.09    0.01    0.16 ^ clkbuf_2_3_0_clk/A (sky130_fd_sc_hd__clkbuf_8)
                  0.31    0.20    0.37 ^ clkbuf_2_3_0_clk/X (sky130_fd_sc_hd__clkbuf_8)
     7    0.26                           clknet_2_3_0_clk (net)
                  0.32    0.05    0.42 ^ u_pc_reg._146_/CLK (sky130_fd_sc_hd__dfxtp_4)
                          0.20    0.62   clock uncertainty
                          0.00    0.62   clock reconvergence pessimism
                         -0.01    0.60   library hold time
                                  0.60   data required time
-----------------------------------------------------------------------------
                                  0.60   data required time
                                 -1.39   data arrival time
-----------------------------------------------------------------------------
                                  0.79   slack (MET)


Startpoint: u_pc_reg._143_ (rising edge-triggered flip-flop clocked by clk)
Endpoint: u_pc_reg._143_ (rising edge-triggered flip-flop clocked by clk)
Path Group: clk
Path Type: min
Corner: Fastest

Fanout     Cap    Slew   Delay    Time   Description
-----------------------------------------------------------------------------
                          0.00    0.00   clock clk (rise edge)
                          0.00    0.00   clock source latency
                  0.00    0.00    0.00 ^ clk (in)
     3    0.19                           clk (net)
                  0.05    0.02    0.02 ^ clkbuf_0_clk/A (sky130_fd_sc_hd__clkbuf_16)
                  0.09    0.13    0.16 ^ clkbuf_0_clk/X (sky130_fd_sc_hd__clkbuf_16)
     6    0.10                           clknet_0_clk (net)
                  0.09    0.01    0.16 ^ clkbuf_2_0_0_clk/A (sky130_fd_sc_hd__clkbuf_8)
                  0.28    0.20    0.37 ^ clkbuf_2_0_0_clk/X (sky130_fd_sc_hd__clkbuf_8)
     8    0.22                           clknet_2_0_0_clk (net)
                  0.29    0.05    0.41 ^ u_pc_reg._143_/CLK (sky130_fd_sc_hd__dfxtp_4)
                  0.11    0.32    0.74 v u_pc_reg._143_/Q (sky130_fd_sc_hd__dfxtp_4)
    14    0.11                           u_imem.addr[9] (net)
                  0.11    0.02    0.76 v u_pc_next_logic._1059_/A (sky130_fd_sc_hd__nand2_1)
                  0.05    0.09    0.84 ^ u_pc_next_logic._1059_/Y (sky130_fd_sc_hd__nand2_1)
     2    0.01                           u_pc_next_logic._0305_ (net)
                  0.05    0.00    0.84 ^ u_pc_next_logic._1061_/A (sky130_fd_sc_hd__nand2_1)
                  0.04    0.05    0.89 v u_pc_next_logic._1061_/Y (sky130_fd_sc_hd__nand2_1)
     2    0.01                           u_pc_next_logic._0307_ (net)
                  0.04    0.00    0.89 v u_pc_next_logic._1063_/A (sky130_fd_sc_hd__xnor2_1)
                  0.05    0.12    1.01 ^ u_pc_next_logic._1063_/Y (sky130_fd_sc_hd__xnor2_1)
     1    0.00                           u_pc_next_logic._0309_ (net)
                  0.05    0.00    1.01 ^ u_pc_next_logic._1070_/A0 (sky130_fd_sc_hd__mux2_1)
                  0.17    0.18    1.18 ^ u_pc_next_logic._1070_/X (sky130_fd_sc_hd__mux2_1)
     1    0.02                           u_pc_next_logic._0316_ (net)
                  0.17    0.00    1.19 ^ u_pc_next_logic._1071_/B1 (sky130_fd_sc_hd__o22a_1)
                  0.03    0.08    1.27 ^ u_pc_next_logic._1071_/X (sky130_fd_sc_hd__o22a_1)
     1    0.00                           u_pc_next_logic.pc_next[9] (net)
                  0.03    0.00    1.27 ^ u_pc_reg._086_/B (sky130_fd_sc_hd__and2_1)
                  0.03    0.07    1.34 ^ u_pc_reg._086_/X (sky130_fd_sc_hd__and2_1)
     1    0.00                           u_pc_reg._059_ (net)
                  0.03    0.00    1.34 ^ u_pc_reg._087_/A (sky130_fd_sc_hd__clkbuf_1)
                  0.03    0.05    1.39 ^ u_pc_reg._087_/X (sky130_fd_sc_hd__clkbuf_1)
     1    0.00                           u_pc_reg._009_ (net)
                  0.03    0.00    1.39 ^ u_pc_reg._143_/D (sky130_fd_sc_hd__dfxtp_4)
                                  1.39   data arrival time

                          0.00    0.00   clock clk (rise edge)
                          0.00    0.00   clock source latency
                  0.00    0.00    0.00 ^ clk (in)
     3    0.19                           clk (net)
                  0.05    0.02    0.02 ^ clkbuf_0_clk/A (sky130_fd_sc_hd__clkbuf_16)
                  0.09    0.13    0.16 ^ clkbuf_0_clk/X (sky130_fd_sc_hd__clkbuf_16)
     6    0.10                           clknet_0_clk (net)
                  0.09    0.01    0.16 ^ clkbuf_2_0_0_clk/A (sky130_fd_sc_hd__clkbuf_8)
                  0.28    0.20    0.37 ^ clkbuf_2_0_0_clk/X (sky130_fd_sc_hd__clkbuf_8)
     8    0.22                           clknet_2_0_0_clk (net)
                  0.29    0.05    0.41 ^ u_pc_reg._143_/CLK (sky130_fd_sc_hd__dfxtp_4)
                          0.20    0.61   clock uncertainty
                          0.00    0.61   clock reconvergence pessimism
                         -0.01    0.60   library hold time
                                  0.60   data required time
-----------------------------------------------------------------------------
                                  0.60   data required time
                                 -1.39   data arrival time
-----------------------------------------------------------------------------
                                  0.79   slack (MET)


Startpoint: u_pc_reg._163_ (rising edge-triggered flip-flop clocked by clk)
Endpoint: u_pc_reg._164_ (rising edge-triggered flip-flop clocked by clk)
Path Group: clk
Path Type: min
Corner: Fastest

Fanout     Cap    Slew   Delay    Time   Description
-----------------------------------------------------------------------------
                          0.00    0.00   clock clk (rise edge)
                          0.00    0.00   clock source latency
                  0.00    0.00    0.00 ^ clk (in)
     3    0.19                           clk (net)
                  0.05    0.02    0.02 ^ clkbuf_0_clk/A (sky130_fd_sc_hd__clkbuf_16)
                  0.09    0.13    0.16 ^ clkbuf_0_clk/X (sky130_fd_sc_hd__clkbuf_16)
     6    0.10                           clknet_0_clk (net)
                  0.09    0.01    0.16 ^ clkbuf_2_2_0_clk/A (sky130_fd_sc_hd__clkbuf_8)
                  0.17    0.18    0.35 ^ clkbuf_2_2_0_clk/X (sky130_fd_sc_hd__clkbuf_8)
    13    0.13                           clknet_2_2_0_clk (net)
                  0.17    0.02    0.36 ^ u_pc_reg._163_/CLK (sky130_fd_sc_hd__dfxtp_4)
                  0.14    0.34    0.70 v u_pc_reg._163_/Q (sky130_fd_sc_hd__dfxtp_4)
    11    0.15                           u_imem.addr[29] (net)
                  0.14    0.01    0.71 v u_pc_next_logic._1554_/A (sky130_fd_sc_hd__or2_1)
                  0.07    0.21    0.92 v u_pc_next_logic._1554_/X (sky130_fd_sc_hd__or2_1)
     3    0.02                           u_pc_next_logic._0009_ (net)
                  0.07    0.00    0.92 v u_pc_next_logic._1587_/D1 (sky130_fd_sc_hd__o2111ai_4)
                  0.05    0.07    1.00 ^ u_pc_next_logic._1587_/Y (sky130_fd_sc_hd__o2111ai_4)
     3    0.01                           u_pc_next_logic._0041_ (net)
                  0.05    0.00    1.00 ^ u_pc_next_logic._1588_/B2 (sky130_fd_sc_hd__a22o_2)
                  0.20    0.20    1.19 ^ u_pc_next_logic._1588_/X (sky130_fd_sc_hd__a22o_2)
     1    0.05                           u_pc_next_logic._0042_ (net)
                  0.20    0.01    1.21 ^ u_pc_next_logic._1589_/B1 (sky130_fd_sc_hd__a2bb2o_1)
                  0.03    0.11    1.31 ^ u_pc_next_logic._1589_/X (sky130_fd_sc_hd__a2bb2o_1)
     1    0.00                           u_pc_next_logic.pc_next[30] (net)
                  0.03    0.00    1.31 ^ u_pc_reg._130_/B (sky130_fd_sc_hd__and2_1)
                  0.03    0.07    1.38 ^ u_pc_reg._130_/X (sky130_fd_sc_hd__and2_1)
     1    0.00                           u_pc_reg._047_ (net)
                  0.03    0.00    1.38 ^ u_pc_reg._131_/A (sky130_fd_sc_hd__clkbuf_1)
                  0.03    0.05    1.44 ^ u_pc_reg._131_/X (sky130_fd_sc_hd__clkbuf_1)
     1    0.00                           u_pc_reg._030_ (net)
                  0.03    0.00    1.44 ^ u_pc_reg._164_/D (sky130_fd_sc_hd__dfxtp_4)
                                  1.44   data arrival time

                          0.00    0.00   clock clk (rise edge)
                          0.00    0.00   clock source latency
                  0.00    0.00    0.00 ^ clk (in)
     3    0.19                           clk (net)
                  0.05    0.02    0.02 ^ clkbuf_0_clk/A (sky130_fd_sc_hd__clkbuf_16)
                  0.09    0.13    0.16 ^ clkbuf_0_clk/X (sky130_fd_sc_hd__clkbuf_16)
     6    0.10                           clknet_0_clk (net)
                  0.09    0.01    0.16 ^ clkbuf_2_3_0_clk/A (sky130_fd_sc_hd__clkbuf_8)
                  0.31    0.20    0.37 ^ clkbuf_2_3_0_clk/X (sky130_fd_sc_hd__clkbuf_8)
     7    0.26                           clknet_2_3_0_clk (net)
                  0.36    0.09    0.46 ^ u_pc_reg._164_/CLK (sky130_fd_sc_hd__dfxtp_4)
                          0.20    0.66   clock uncertainty
                          0.00    0.66   clock reconvergence pessimism
                         -0.01    0.65   library hold time
                                  0.65   data required time
-----------------------------------------------------------------------------
                                  0.65   data required time
                                 -1.44   data arrival time
-----------------------------------------------------------------------------
                                  0.79   slack (MET)


Startpoint: u_pc_reg._150_ (rising edge-triggered flip-flop clocked by clk)
Endpoint: u_pc_reg._151_ (rising edge-triggered flip-flop clocked by clk)
Path Group: clk
Path Type: min
Corner: Fastest

Fanout     Cap    Slew   Delay    Time   Description
-----------------------------------------------------------------------------
                          0.00    0.00   clock clk (rise edge)
                          0.00    0.00   clock source latency
                  0.00    0.00    0.00 ^ clk (in)
     3    0.19                           clk (net)
                  0.05    0.02    0.02 ^ clkbuf_0_clk/A (sky130_fd_sc_hd__clkbuf_16)
                  0.09    0.13    0.16 ^ clkbuf_0_clk/X (sky130_fd_sc_hd__clkbuf_16)
     6    0.10                           clknet_0_clk (net)
                  0.09    0.01    0.16 ^ clkbuf_2_2_0_clk/A (sky130_fd_sc_hd__clkbuf_8)
                  0.17    0.18    0.35 ^ clkbuf_2_2_0_clk/X (sky130_fd_sc_hd__clkbuf_8)
    13    0.13                           clknet_2_2_0_clk (net)
                  0.17    0.02    0.36 ^ u_pc_reg._150_/CLK (sky130_fd_sc_hd__dfxtp_4)
                  0.16    0.35    0.71 v u_pc_reg._150_/Q (sky130_fd_sc_hd__dfxtp_4)
    13    0.18                           u_imem.addr[16] (net)
                  0.16    0.01    0.72 v u_pc_next_logic._1248_/A (sky130_fd_sc_hd__nand2_1)
                  0.09    0.13    0.85 ^ u_pc_next_logic._1248_/Y (sky130_fd_sc_hd__nand2_1)
     3    0.01                           u_pc_next_logic._0487_ (net)
                  0.09    0.00    0.85 ^ u_pc_next_logic._1260_/B1 (sky130_fd_sc_hd__o21ai_1)
                  0.04    0.04    0.89 v u_pc_next_logic._1260_/Y (sky130_fd_sc_hd__o21ai_1)
     1    0.01                           u_pc_next_logic._0498_ (net)
                  0.04    0.00    0.89 v u_pc_next_logic._1261_/B (sky130_fd_sc_hd__xnor2_1)
                  0.06    0.13    1.01 ^ u_pc_next_logic._1261_/Y (sky130_fd_sc_hd__xnor2_1)
     1    0.01                           u_pc_next_logic._0499_ (net)
                  0.06    0.00    1.01 ^ u_pc_next_logic._1267_/A2 (sky130_fd_sc_hd__a211o_2)
                  0.19    0.19    1.20 ^ u_pc_next_logic._1267_/X (sky130_fd_sc_hd__a211o_2)
     1    0.05                           u_pc_next_logic._0505_ (net)
                  0.19    0.01    1.22 ^ u_pc_next_logic._1268_/B1 (sky130_fd_sc_hd__o21a_1)
                  0.02    0.06    1.28 ^ u_pc_next_logic._1268_/X (sky130_fd_sc_hd__o21a_1)
     1    0.00                           u_pc_next_logic.pc_next[17] (net)
                  0.02    0.00    1.28 ^ u_pc_reg._103_/B (sky130_fd_sc_hd__and2_1)
                  0.03    0.07    1.35 ^ u_pc_reg._103_/X (sky130_fd_sc_hd__and2_1)
     1    0.00                           u_pc_reg._033_ (net)
                  0.03    0.00    1.35 ^ u_pc_reg._104_/A (sky130_fd_sc_hd__clkbuf_1)
                  0.03    0.05    1.40 ^ u_pc_reg._104_/X (sky130_fd_sc_hd__clkbuf_1)
     1    0.00                           u_pc_reg._017_ (net)
                  0.03    0.00    1.40 ^ u_pc_reg._151_/D (sky130_fd_sc_hd__dfxtp_4)
                                  1.40   data arrival time

                          0.00    0.00   clock clk (rise edge)
                          0.00    0.00   clock source latency
                  0.00    0.00    0.00 ^ clk (in)
     3    0.19                           clk (net)
                  0.05    0.02    0.02 ^ clkbuf_0_clk/A (sky130_fd_sc_hd__clkbuf_16)
                  0.09    0.13    0.16 ^ clkbuf_0_clk/X (sky130_fd_sc_hd__clkbuf_16)
     6    0.10                           clknet_0_clk (net)
                  0.09    0.01    0.16 ^ clkbuf_2_0_0_clk/A (sky130_fd_sc_hd__clkbuf_8)
                  0.28    0.20    0.37 ^ clkbuf_2_0_0_clk/X (sky130_fd_sc_hd__clkbuf_8)
     8    0.22                           clknet_2_0_0_clk (net)
                  0.29    0.05    0.41 ^ u_pc_reg._151_/CLK (sky130_fd_sc_hd__dfxtp_4)
                          0.20    0.61   clock uncertainty
                          0.00    0.61   clock reconvergence pessimism
                         -0.01    0.60   library hold time
                                  0.60   data required time
-----------------------------------------------------------------------------
                                  0.60   data required time
                                 -1.40   data arrival time
-----------------------------------------------------------------------------
                                  0.79   slack (MET)


Startpoint: u_pc_reg._137_ (rising edge-triggered flip-flop clocked by clk)
Endpoint: u_pc_reg._137_ (rising edge-triggered flip-flop clocked by clk)
Path Group: clk
Path Type: min
Corner: Fastest

Fanout     Cap    Slew   Delay    Time   Description
-----------------------------------------------------------------------------
                          0.00    0.00   clock clk (rise edge)
                          0.00    0.00   clock source latency
                  0.00    0.00    0.00 ^ clk (in)
     3    0.19                           clk (net)
                  0.05    0.02    0.02 ^ clkbuf_0_clk/A (sky130_fd_sc_hd__clkbuf_16)
                  0.09    0.13    0.16 ^ clkbuf_0_clk/X (sky130_fd_sc_hd__clkbuf_16)
     6    0.10                           clknet_0_clk (net)
                  0.09    0.01    0.16 ^ clkbuf_2_0_0_clk/A (sky130_fd_sc_hd__clkbuf_8)
                  0.28    0.20    0.37 ^ clkbuf_2_0_0_clk/X (sky130_fd_sc_hd__clkbuf_8)
     8    0.22                           clknet_2_0_0_clk (net)
                  0.30    0.05    0.42 ^ u_pc_reg._137_/CLK (sky130_fd_sc_hd__dfxtp_4)
                  0.07    0.30    0.72 v u_pc_reg._137_/Q (sky130_fd_sc_hd__dfxtp_4)
    10    0.06                           u_imem.addr[3] (net)
                  0.07    0.01    0.73 v u_pc_next_logic._0772_/B (sky130_fd_sc_hd__xor2_1)
                  0.18    0.18    0.91 ^ u_pc_next_logic._0772_/X (sky130_fd_sc_hd__xor2_1)
     2    0.01                           u_pc_next_logic.pc_plus4[3] (net)
                  0.18    0.00    0.91 ^ u_pc_next_logic._0922_/A0 (sky130_fd_sc_hd__mux2_1)
                  0.08    0.13    1.05 ^ u_pc_next_logic._0922_/X (sky130_fd_sc_hd__mux2_1)
     1    0.01                           u_pc_next_logic._0174_ (net)
                  0.08    0.00    1.05 ^ u_pc_next_logic._0928_/A0 (sky130_fd_sc_hd__mux2_1)
                  0.06    0.11    1.16 ^ u_pc_next_logic._0928_/X (sky130_fd_sc_hd__mux2_1)
     1    0.01                           u_pc_next_logic._0180_ (net)
                  0.06    0.00    1.16 ^ u_pc_next_logic._0929_/A1 (sky130_fd_sc_hd__mux2_1)
                  0.03    0.08    1.24 ^ u_pc_next_logic._0929_/X (sky130_fd_sc_hd__mux2_1)
     1    0.00                           u_pc_next_logic._0181_ (net)
                  0.03    0.00    1.24 ^ u_pc_next_logic._0930_/A (sky130_fd_sc_hd__clkbuf_1)
                  0.03    0.05    1.29 ^ u_pc_next_logic._0930_/X (sky130_fd_sc_hd__clkbuf_1)
     1    0.00                           u_pc_next_logic.pc_next[3] (net)
                  0.03    0.00    1.29 ^ u_pc_reg._074_/B (sky130_fd_sc_hd__and2_1)
                  0.03    0.07    1.36 ^ u_pc_reg._074_/X (sky130_fd_sc_hd__and2_1)
     1    0.00                           u_pc_reg._053_ (net)
                  0.03    0.00    1.36 ^ u_pc_reg._075_/A (sky130_fd_sc_hd__clkbuf_1)
                  0.03    0.05    1.41 ^ u_pc_reg._075_/X (sky130_fd_sc_hd__clkbuf_1)
     1    0.00                           u_pc_reg._003_ (net)
                  0.03    0.00    1.41 ^ u_pc_reg._137_/D (sky130_fd_sc_hd__dfxtp_4)
                                  1.41   data arrival time

                          0.00    0.00   clock clk (rise edge)
                          0.00    0.00   clock source latency
                  0.00    0.00    0.00 ^ clk (in)
     3    0.19                           clk (net)
                  0.05    0.02    0.02 ^ clkbuf_0_clk/A (sky130_fd_sc_hd__clkbuf_16)
                  0.09    0.13    0.16 ^ clkbuf_0_clk/X (sky130_fd_sc_hd__clkbuf_16)
     6    0.10                           clknet_0_clk (net)
                  0.09    0.01    0.16 ^ clkbuf_2_0_0_clk/A (sky130_fd_sc_hd__clkbuf_8)
                  0.28    0.20    0.37 ^ clkbuf_2_0_0_clk/X (sky130_fd_sc_hd__clkbuf_8)
     8    0.22                           clknet_2_0_0_clk (net)
                  0.30    0.05    0.42 ^ u_pc_reg._137_/CLK (sky130_fd_sc_hd__dfxtp_4)
                          0.20    0.62   clock uncertainty
                          0.00    0.62   clock reconvergence pessimism
                         -0.01    0.61   library hold time
                                  0.61   data required time
-----------------------------------------------------------------------------
                                  0.61   data required time
                                 -1.41   data arrival time
-----------------------------------------------------------------------------
                                  0.80   slack (MET)


Startpoint: u_pc_reg._158_ (rising edge-triggered flip-flop clocked by clk)
Endpoint: u_pc_reg._158_ (rising edge-triggered flip-flop clocked by clk)
Path Group: clk
Path Type: min
Corner: Fastest

Fanout     Cap    Slew   Delay    Time   Description
-----------------------------------------------------------------------------
                          0.00    0.00   clock clk (rise edge)
                          0.00    0.00   clock source latency
                  0.00    0.00    0.00 ^ clk (in)
     3    0.19                           clk (net)
                  0.05    0.02    0.02 ^ clkbuf_0_clk/A (sky130_fd_sc_hd__clkbuf_16)
                  0.09    0.13    0.16 ^ clkbuf_0_clk/X (sky130_fd_sc_hd__clkbuf_16)
     6    0.10                           clknet_0_clk (net)
                  0.09    0.01    0.16 ^ clkbuf_2_2_0_clk/A (sky130_fd_sc_hd__clkbuf_8)
                  0.17    0.18    0.35 ^ clkbuf_2_2_0_clk/X (sky130_fd_sc_hd__clkbuf_8)
    13    0.13                           clknet_2_2_0_clk (net)
                  0.17    0.02    0.37 ^ u_pc_reg._158_/CLK (sky130_fd_sc_hd__dfxtp_4)
                  0.17    0.35    0.71 v u_pc_reg._158_/Q (sky130_fd_sc_hd__dfxtp_4)
    12    0.19                           u_imem.addr[24] (net)
                  0.18    0.02    0.74 v u_pc_next_logic._0832_/A (sky130_fd_sc_hd__xor2_2)
                  0.18    0.24    0.98 ^ u_pc_next_logic._0832_/X (sky130_fd_sc_hd__xor2_2)
     2    0.02                           u_pc_next_logic.pc_plus4[24] (net)
                  0.18    0.00    0.98 ^ u_pc_next_logic._1438_/A1 (sky130_fd_sc_hd__a211o_1)
                  0.11    0.15    1.13 ^ u_pc_next_logic._1438_/X (sky130_fd_sc_hd__a211o_1)
     1    0.02                           u_pc_next_logic._0669_ (net)
                  0.11    0.00    1.13 ^ u_pc_next_logic._1452_/A3 (sky130_fd_sc_hd__a31o_1)
                  0.04    0.10    1.23 ^ u_pc_next_logic._1452_/X (sky130_fd_sc_hd__a31o_1)
     1    0.00                           u_pc_next_logic.pc_next[24] (net)
                  0.04    0.00    1.23 ^ u_pc_reg._118_/B (sky130_fd_sc_hd__and2_1)
                  0.05    0.09    1.32 ^ u_pc_reg._118_/X (sky130_fd_sc_hd__and2_1)
     1    0.01                           u_pc_reg._041_ (net)
                  0.05    0.00    1.32 ^ u_pc_reg._119_/A (sky130_fd_sc_hd__clkbuf_1)
                  0.03    0.05    1.37 ^ u_pc_reg._119_/X (sky130_fd_sc_hd__clkbuf_1)
     1    0.00                           u_pc_reg._024_ (net)
                  0.03    0.00    1.37 ^ u_pc_reg._158_/D (sky130_fd_sc_hd__dfxtp_4)
                                  1.37   data arrival time

                          0.00    0.00   clock clk (rise edge)
                          0.00    0.00   clock source latency
                  0.00    0.00    0.00 ^ clk (in)
     3    0.19                           clk (net)
                  0.05    0.02    0.02 ^ clkbuf_0_clk/A (sky130_fd_sc_hd__clkbuf_16)
                  0.09    0.13    0.16 ^ clkbuf_0_clk/X (sky130_fd_sc_hd__clkbuf_16)
     6    0.10                           clknet_0_clk (net)
                  0.09    0.01    0.16 ^ clkbuf_2_2_0_clk/A (sky130_fd_sc_hd__clkbuf_8)
                  0.17    0.18    0.35 ^ clkbuf_2_2_0_clk/X (sky130_fd_sc_hd__clkbuf_8)
    13    0.13                           clknet_2_2_0_clk (net)
                  0.17    0.02    0.37 ^ u_pc_reg._158_/CLK (sky130_fd_sc_hd__dfxtp_4)
                          0.20    0.57   clock uncertainty
                          0.00    0.57   clock reconvergence pessimism
                         -0.01    0.55   library hold time
                                  0.55   data required time
-----------------------------------------------------------------------------
                                  0.55   data required time
                                 -1.37   data arrival time
-----------------------------------------------------------------------------
                                  0.82   slack (MET)


Startpoint: u_pc_reg._152_ (rising edge-triggered flip-flop clocked by clk)
Endpoint: u_pc_reg._152_ (rising edge-triggered flip-flop clocked by clk)
Path Group: clk
Path Type: min
Corner: Fastest

Fanout     Cap    Slew   Delay    Time   Description
-----------------------------------------------------------------------------
                          0.00    0.00   clock clk (rise edge)
                          0.00    0.00   clock source latency
                  0.00    0.00    0.00 ^ clk (in)
     3    0.19                           clk (net)
                  0.05    0.02    0.02 ^ clkbuf_0_clk/A (sky130_fd_sc_hd__clkbuf_16)
                  0.09    0.13    0.16 ^ clkbuf_0_clk/X (sky130_fd_sc_hd__clkbuf_16)
     6    0.10                           clknet_0_clk (net)
                  0.09    0.01    0.16 ^ clkbuf_2_2_0_clk/A (sky130_fd_sc_hd__clkbuf_8)
                  0.17    0.18    0.35 ^ clkbuf_2_2_0_clk/X (sky130_fd_sc_hd__clkbuf_8)
    13    0.13                           clknet_2_2_0_clk (net)
                  0.17    0.02    0.37 ^ u_pc_reg._152_/CLK (sky130_fd_sc_hd__dfxtp_4)
                  0.19    0.37    0.73 v u_pc_reg._152_/Q (sky130_fd_sc_hd__dfxtp_4)
    14    0.21                           u_imem.addr[18] (net)
                  0.19    0.02    0.75 v u_pc_next_logic._0811_/A (sky130_fd_sc_hd__xnor2_2)
                  0.10    0.20    0.96 v u_pc_next_logic._0811_/Y (sky130_fd_sc_hd__xnor2_2)
     2    0.03                           u_pc_next_logic.pc_plus4[18] (net)
                  0.10    0.00    0.96 v u_pc_next_logic._1287_/A1 (sky130_fd_sc_hd__a21oi_1)
                  0.06    0.12    1.08 ^ u_pc_next_logic._1287_/Y (sky130_fd_sc_hd__a21oi_1)
     1    0.00                           u_pc_next_logic._0524_ (net)
                  0.06    0.00    1.08 ^ u_pc_next_logic._1295_/A2 (sky130_fd_sc_hd__a221o_1)
                  0.10    0.13    1.21 ^ u_pc_next_logic._1295_/X (sky130_fd_sc_hd__a221o_1)
     1    0.01                           u_pc_next_logic._0532_ (net)
                  0.10    0.00    1.21 ^ u_pc_next_logic._1296_/B1 (sky130_fd_sc_hd__o21ai_1)
                  0.03    0.02    1.23 v u_pc_next_logic._1296_/Y (sky130_fd_sc_hd__o21ai_1)
     1    0.00                           u_pc_next_logic.pc_next[18] (net)
                  0.03    0.00    1.23 v u_pc_reg._105_/B (sky130_fd_sc_hd__and2_1)
                  0.02    0.09    1.33 v u_pc_reg._105_/X (sky130_fd_sc_hd__and2_1)
     1    0.00                           u_pc_reg._034_ (net)
                  0.02    0.00    1.33 v u_pc_reg._106_/A (sky130_fd_sc_hd__clkbuf_1)
                  0.02    0.06    1.38 v u_pc_reg._106_/X (sky130_fd_sc_hd__clkbuf_1)
     1    0.00                           u_pc_reg._018_ (net)
                  0.02    0.00    1.38 v u_pc_reg._152_/D (sky130_fd_sc_hd__dfxtp_4)
                                  1.38   data arrival time

                          0.00    0.00   clock clk (rise edge)
                          0.00    0.00   clock source latency
                  0.00    0.00    0.00 ^ clk (in)
     3    0.19                           clk (net)
                  0.05    0.02    0.02 ^ clkbuf_0_clk/A (sky130_fd_sc_hd__clkbuf_16)
                  0.09    0.13    0.16 ^ clkbuf_0_clk/X (sky130_fd_sc_hd__clkbuf_16)
     6    0.10                           clknet_0_clk (net)
                  0.09    0.01    0.16 ^ clkbuf_2_2_0_clk/A (sky130_fd_sc_hd__clkbuf_8)
                  0.17    0.18    0.35 ^ clkbuf_2_2_0_clk/X (sky130_fd_sc_hd__clkbuf_8)
    13    0.13                           clknet_2_2_0_clk (net)
                  0.17    0.02    0.37 ^ u_pc_reg._152_/CLK (sky130_fd_sc_hd__dfxtp_4)
                          0.20    0.57   clock uncertainty
                          0.00    0.57   clock reconvergence pessimism
                         -0.02    0.55   library hold time
                                  0.55   data required time
-----------------------------------------------------------------------------
                                  0.55   data required time
                                 -1.38   data arrival time
-----------------------------------------------------------------------------
                                  0.83   slack (MET)


Startpoint: u_pc_reg._158_ (rising edge-triggered flip-flop clocked by clk)
Endpoint: u_pc_reg._159_ (rising edge-triggered flip-flop clocked by clk)
Path Group: clk
Path Type: min
Corner: Fastest

Fanout     Cap    Slew   Delay    Time   Description
-----------------------------------------------------------------------------
                          0.00    0.00   clock clk (rise edge)
                          0.00    0.00   clock source latency
                  0.00    0.00    0.00 ^ clk (in)
     3    0.19                           clk (net)
                  0.05    0.02    0.02 ^ clkbuf_0_clk/A (sky130_fd_sc_hd__clkbuf_16)
                  0.09    0.13    0.16 ^ clkbuf_0_clk/X (sky130_fd_sc_hd__clkbuf_16)
     6    0.10                           clknet_0_clk (net)
                  0.09    0.01    0.16 ^ clkbuf_2_2_0_clk/A (sky130_fd_sc_hd__clkbuf_8)
                  0.17    0.18    0.35 ^ clkbuf_2_2_0_clk/X (sky130_fd_sc_hd__clkbuf_8)
    13    0.13                           clknet_2_2_0_clk (net)
                  0.17    0.02    0.37 ^ u_pc_reg._158_/CLK (sky130_fd_sc_hd__dfxtp_4)
                  0.17    0.35    0.71 v u_pc_reg._158_/Q (sky130_fd_sc_hd__dfxtp_4)
    12    0.19                           u_imem.addr[24] (net)
                  0.17    0.01    0.73 v u_pc_next_logic._1420_/A (sky130_fd_sc_hd__nand2_1)
                  0.13    0.16    0.89 ^ u_pc_next_logic._1420_/Y (sky130_fd_sc_hd__nand2_1)
     4    0.02                           u_pc_next_logic._0651_ (net)
                  0.13    0.00    0.89 ^ u_pc_next_logic._1462_/A (sky130_fd_sc_hd__nand2_1)
                  0.04    0.05    0.94 v u_pc_next_logic._1462_/Y (sky130_fd_sc_hd__nand2_1)
     2    0.01                           u_pc_next_logic._0692_ (net)
                  0.04    0.00    0.94 v u_pc_next_logic._1463_/B (sky130_fd_sc_hd__nor2_1)
                  0.06    0.07    1.01 ^ u_pc_next_logic._1463_/Y (sky130_fd_sc_hd__nor2_1)
     1    0.00                           u_pc_next_logic._0693_ (net)
                  0.06    0.00    1.01 ^ u_pc_next_logic._1472_/A1 (sky130_fd_sc_hd__o22a_2)
                  0.24    0.23    1.24 ^ u_pc_next_logic._1472_/X (sky130_fd_sc_hd__o22a_2)
     1    0.06                           u_pc_next_logic._0702_ (net)
                  0.25    0.02    1.26 ^ u_pc_next_logic._1473_/B2 (sky130_fd_sc_hd__a2bb2o_1)
                  0.03    0.11    1.36 ^ u_pc_next_logic._1473_/X (sky130_fd_sc_hd__a2bb2o_1)
     1    0.00                           u_pc_next_logic.pc_next[25] (net)
                  0.03    0.00    1.36 ^ u_pc_reg._120_/B (sky130_fd_sc_hd__and2_1)
                  0.04    0.08    1.44 ^ u_pc_reg._120_/X (sky130_fd_sc_hd__and2_1)
     1    0.00                           u_pc_reg._042_ (net)
                  0.04    0.00    1.44 ^ u_pc_reg._121_/A (sky130_fd_sc_hd__clkbuf_1)
                  0.03    0.05    1.50 ^ u_pc_reg._121_/X (sky130_fd_sc_hd__clkbuf_1)
     1    0.00                           u_pc_reg._025_ (net)
                  0.03    0.00    1.50 ^ u_pc_reg._159_/D (sky130_fd_sc_hd__dfxtp_4)
                                  1.50   data arrival time

                          0.00    0.00   clock clk (rise edge)
                          0.00    0.00   clock source latency
                  0.00    0.00    0.00 ^ clk (in)
     3    0.19                           clk (net)
                  0.05    0.02    0.02 ^ clkbuf_0_clk/A (sky130_fd_sc_hd__clkbuf_16)
                  0.09    0.13    0.16 ^ clkbuf_0_clk/X (sky130_fd_sc_hd__clkbuf_16)
     6    0.10                           clknet_0_clk (net)
                  0.09    0.01    0.16 ^ clkbuf_2_3_0_clk/A (sky130_fd_sc_hd__clkbuf_8)
                  0.31    0.20    0.37 ^ clkbuf_2_3_0_clk/X (sky130_fd_sc_hd__clkbuf_8)
     7    0.26                           clknet_2_3_0_clk (net)
                  0.36    0.09    0.46 ^ u_pc_reg._159_/CLK (sky130_fd_sc_hd__dfxtp_4)
                          0.20    0.66   clock uncertainty
                          0.00    0.66   clock reconvergence pessimism
                         -0.01    0.65   library hold time
                                  0.65   data required time
-----------------------------------------------------------------------------
                                  0.65   data required time
                                 -1.50   data arrival time
-----------------------------------------------------------------------------
                                  0.85   slack (MET)


Startpoint: u_pc_reg._136_ (rising edge-triggered flip-flop clocked by clk)
Endpoint: u_pc_reg._136_ (rising edge-triggered flip-flop clocked by clk)
Path Group: clk
Path Type: min
Corner: Fastest

Fanout     Cap    Slew   Delay    Time   Description
-----------------------------------------------------------------------------
                          0.00    0.00   clock clk (rise edge)
                          0.00    0.00   clock source latency
                  0.00    0.00    0.00 ^ clk (in)
     3    0.19                           clk (net)
                  0.05    0.02    0.02 ^ clkbuf_0_clk/A (sky130_fd_sc_hd__clkbuf_16)
                  0.09    0.13    0.16 ^ clkbuf_0_clk/X (sky130_fd_sc_hd__clkbuf_16)
     6    0.10                           clknet_0_clk (net)
                  0.09    0.01    0.16 ^ clkbuf_2_1_0_clk/A (sky130_fd_sc_hd__clkbuf_8)
                  0.27    0.24    0.41 ^ clkbuf_2_1_0_clk/X (sky130_fd_sc_hd__clkbuf_8)
     4    0.21                           clknet_2_1_0_clk (net)
                  0.28    0.02    0.43 ^ u_pc_reg._136_/CLK (sky130_fd_sc_hd__dfxtp_1)
                  0.05    0.25    0.67 ^ u_pc_reg._136_/Q (sky130_fd_sc_hd__dfxtp_1)
     1    0.01                           u_imem.addr[2] (net)
                  0.05    0.00    0.67 ^ wire139/A (sky130_fd_sc_hd__clkbuf_8)
                  0.16    0.16    0.83 ^ wire139/X (sky130_fd_sc_hd__clkbuf_8)
    15    0.12                           net139 (net)
                  0.17    0.04    0.87 ^ u_pc_next_logic._0908_/A1 (sky130_fd_sc_hd__o221a_1)
                  0.06    0.14    1.00 ^ u_pc_next_logic._0908_/X (sky130_fd_sc_hd__o221a_1)
     1    0.01                           u_pc_next_logic._0161_ (net)
                  0.06    0.00    1.01 ^ u_pc_next_logic._0910_/B1 (sky130_fd_sc_hd__a211o_1)
                  0.24    0.21    1.22 ^ u_pc_next_logic._0910_/X (sky130_fd_sc_hd__a211o_1)
     1    0.04                           u_pc_next_logic._0163_ (net)
                  0.24    0.01    1.23 ^ u_pc_next_logic._0911_/B1 (sky130_fd_sc_hd__o21ai_1)
                  0.06    0.08    1.31 v u_pc_next_logic._0911_/Y (sky130_fd_sc_hd__o21ai_1)
     1    0.01                           u_pc_next_logic.pc_next[2] (net)
                  0.06    0.00    1.31 v u_pc_reg._072_/B (sky130_fd_sc_hd__and2_1)
                  0.03    0.11    1.42 v u_pc_reg._072_/X (sky130_fd_sc_hd__and2_1)
     1    0.00                           u_pc_reg._052_ (net)
                  0.03    0.00    1.42 v u_pc_reg._073_/A (sky130_fd_sc_hd__clkbuf_1)
                  0.02    0.06    1.48 v u_pc_reg._073_/X (sky130_fd_sc_hd__clkbuf_1)
     1    0.00                           u_pc_reg._002_ (net)
                  0.02    0.00    1.48 v u_pc_reg._136_/D (sky130_fd_sc_hd__dfxtp_1)
                                  1.48   data arrival time

                          0.00    0.00   clock clk (rise edge)
                          0.00    0.00   clock source latency
                  0.00    0.00    0.00 ^ clk (in)
     3    0.19                           clk (net)
                  0.05    0.02    0.02 ^ clkbuf_0_clk/A (sky130_fd_sc_hd__clkbuf_16)
                  0.09    0.13    0.16 ^ clkbuf_0_clk/X (sky130_fd_sc_hd__clkbuf_16)
     6    0.10                           clknet_0_clk (net)
                  0.09    0.01    0.16 ^ clkbuf_2_1_0_clk/A (sky130_fd_sc_hd__clkbuf_8)
                  0.27    0.24    0.41 ^ clkbuf_2_1_0_clk/X (sky130_fd_sc_hd__clkbuf_8)
     4    0.21                           clknet_2_1_0_clk (net)
                  0.28    0.02    0.43 ^ u_pc_reg._136_/CLK (sky130_fd_sc_hd__dfxtp_1)
                          0.20    0.63   clock uncertainty
                          0.00    0.63   clock reconvergence pessimism
                         -0.01    0.61   library hold time
                                  0.61   data required time
-----------------------------------------------------------------------------
                                  0.61   data required time
                                 -1.48   data arrival time
-----------------------------------------------------------------------------
                                  0.86   slack (MET)


Startpoint: u_pc_reg._162_ (rising edge-triggered flip-flop clocked by clk)
Endpoint: u_pc_reg._162_ (rising edge-triggered flip-flop clocked by clk)
Path Group: clk
Path Type: min
Corner: Fastest

Fanout     Cap    Slew   Delay    Time   Description
-----------------------------------------------------------------------------
                          0.00    0.00   clock clk (rise edge)
                          0.00    0.00   clock source latency
                  0.00    0.00    0.00 ^ clk (in)
     3    0.19                           clk (net)
                  0.05    0.02    0.02 ^ clkbuf_0_clk/A (sky130_fd_sc_hd__clkbuf_16)
                  0.09    0.13    0.16 ^ clkbuf_0_clk/X (sky130_fd_sc_hd__clkbuf_16)
     6    0.10                           clknet_0_clk (net)
                  0.09    0.01    0.16 ^ clkbuf_2_2_0_clk/A (sky130_fd_sc_hd__clkbuf_8)
                  0.17    0.18    0.35 ^ clkbuf_2_2_0_clk/X (sky130_fd_sc_hd__clkbuf_8)
    13    0.13                           clknet_2_2_0_clk (net)
                  0.17    0.02    0.37 ^ u_pc_reg._162_/CLK (sky130_fd_sc_hd__dfxtp_4)
                  0.19    0.36    0.72 v u_pc_reg._162_/Q (sky130_fd_sc_hd__dfxtp_4)
    11    0.21                           u_imem.addr[28] (net)
                  0.19    0.01    0.74 v u_pc_next_logic._1530_/A (sky130_fd_sc_hd__xnor2_2)
                  0.06    0.22    0.95 ^ u_pc_next_logic._1530_/Y (sky130_fd_sc_hd__xnor2_2)
     2    0.01                           u_pc_next_logic._0757_ (net)
                  0.06    0.00    0.95 ^ u_pc_next_logic._1531_/B1 (sky130_fd_sc_hd__a21oi_4)
                  0.03    0.04    0.99 v u_pc_next_logic._1531_/Y (sky130_fd_sc_hd__a21oi_4)
     4    0.03                           u_pc_next_logic._0758_ (net)
                  0.03    0.00    0.99 v u_pc_next_logic._1533_/A (sky130_fd_sc_hd__nor2_1)
                  0.06    0.07    1.07 ^ u_pc_next_logic._1533_/Y (sky130_fd_sc_hd__nor2_1)
     1    0.00                           u_pc_next_logic._0760_ (net)
                  0.06    0.00    1.07 ^ u_pc_next_logic._1545_/A2 (sky130_fd_sc_hd__o21a_1)
                  0.07    0.10    1.17 ^ u_pc_next_logic._1545_/X (sky130_fd_sc_hd__o21a_1)
     1    0.01                           u_pc_next_logic._0001_ (net)
                  0.07    0.00    1.17 ^ u_pc_next_logic._1546_/A1 (sky130_fd_sc_hd__mux2_1)
                  0.03    0.09    1.26 ^ u_pc_next_logic._1546_/X (sky130_fd_sc_hd__mux2_1)
     1    0.00                           u_pc_next_logic._0002_ (net)
                  0.03    0.00    1.26 ^ u_pc_next_logic._1547_/A (sky130_fd_sc_hd__clkbuf_1)
                  0.04    0.06    1.31 ^ u_pc_next_logic._1547_/X (sky130_fd_sc_hd__clkbuf_1)
     1    0.00                           u_pc_next_logic.pc_next[28] (net)
                  0.04    0.00    1.31 ^ u_pc_reg._126_/B (sky130_fd_sc_hd__and2_1)
                  0.04    0.08    1.39 ^ u_pc_reg._126_/X (sky130_fd_sc_hd__and2_1)
     1    0.00                           u_pc_reg._045_ (net)
                  0.04    0.00    1.39 ^ u_pc_reg._127_/A (sky130_fd_sc_hd__clkbuf_1)
                  0.05    0.06    1.46 ^ u_pc_reg._127_/X (sky130_fd_sc_hd__clkbuf_1)
     1    0.00                           u_pc_reg._028_ (net)
                  0.05    0.00    1.46 ^ u_pc_reg._162_/D (sky130_fd_sc_hd__dfxtp_4)
                                  1.46   data arrival time

                          0.00    0.00   clock clk (rise edge)
                          0.00    0.00   clock source latency
                  0.00    0.00    0.00 ^ clk (in)
     3    0.19                           clk (net)
                  0.05    0.02    0.02 ^ clkbuf_0_clk/A (sky130_fd_sc_hd__clkbuf_16)
                  0.09    0.13    0.16 ^ clkbuf_0_clk/X (sky130_fd_sc_hd__clkbuf_16)
     6    0.10                           clknet_0_clk (net)
                  0.09    0.01    0.16 ^ clkbuf_2_2_0_clk/A (sky130_fd_sc_hd__clkbuf_8)
                  0.17    0.18    0.35 ^ clkbuf_2_2_0_clk/X (sky130_fd_sc_hd__clkbuf_8)
    13    0.13                           clknet_2_2_0_clk (net)
                  0.17    0.02    0.37 ^ u_pc_reg._162_/CLK (sky130_fd_sc_hd__dfxtp_4)
                          0.20    0.57   clock uncertainty
                          0.00    0.57   clock reconvergence pessimism
                         -0.01    0.55   library hold time
                                  0.55   data required time
-----------------------------------------------------------------------------
                                  0.55   data required time
                                 -1.46   data arrival time
-----------------------------------------------------------------------------
                                  0.90   slack (MET)


Startpoint: u_pc_reg._152_ (rising edge-triggered flip-flop clocked by clk)
Endpoint: u_pc_reg._153_ (rising edge-triggered flip-flop clocked by clk)
Path Group: clk
Path Type: min
Corner: Fastest

Fanout     Cap    Slew   Delay    Time   Description
-----------------------------------------------------------------------------
                          0.00    0.00   clock clk (rise edge)
                          0.00    0.00   clock source latency
                  0.00    0.00    0.00 ^ clk (in)
     3    0.19                           clk (net)
                  0.05    0.02    0.02 ^ clkbuf_0_clk/A (sky130_fd_sc_hd__clkbuf_16)
                  0.09    0.13    0.16 ^ clkbuf_0_clk/X (sky130_fd_sc_hd__clkbuf_16)
     6    0.10                           clknet_0_clk (net)
                  0.09    0.01    0.16 ^ clkbuf_2_2_0_clk/A (sky130_fd_sc_hd__clkbuf_8)
                  0.17    0.18    0.35 ^ clkbuf_2_2_0_clk/X (sky130_fd_sc_hd__clkbuf_8)
    13    0.13                           clknet_2_2_0_clk (net)
                  0.17    0.02    0.37 ^ u_pc_reg._152_/CLK (sky130_fd_sc_hd__dfxtp_4)
                  0.19    0.37    0.73 v u_pc_reg._152_/Q (sky130_fd_sc_hd__dfxtp_4)
    14    0.21                           u_imem.addr[18] (net)
                  0.19    0.02    0.76 v u_pc_next_logic._1311_/A1 (sky130_fd_sc_hd__a21o_1)
                  0.03    0.16    0.91 v u_pc_next_logic._1311_/X (sky130_fd_sc_hd__a21o_1)
     1    0.01                           u_pc_next_logic._0547_ (net)
                  0.03    0.00    0.92 v u_pc_next_logic._1312_/B (sky130_fd_sc_hd__xnor2_1)
                  0.06    0.11    1.03 ^ u_pc_next_logic._1312_/Y (sky130_fd_sc_hd__xnor2_1)
     1    0.01                           u_pc_next_logic._0548_ (net)
                  0.06    0.00    1.03 ^ u_pc_next_logic._1313_/A1 (sky130_fd_sc_hd__mux2_1)
                  0.13    0.15    1.18 ^ u_pc_next_logic._1313_/X (sky130_fd_sc_hd__mux2_1)
     1    0.02                           u_pc_next_logic._0549_ (net)
                  0.13    0.00    1.18 ^ u_pc_next_logic._1314_/A1 (sky130_fd_sc_hd__mux2_1)
                  0.03    0.10    1.28 ^ u_pc_next_logic._1314_/X (sky130_fd_sc_hd__mux2_1)
     1    0.00                           u_pc_next_logic._0550_ (net)
                  0.03    0.00    1.28 ^ u_pc_next_logic._1315_/A (sky130_fd_sc_hd__clkbuf_1)
                  0.03    0.05    1.33 ^ u_pc_next_logic._1315_/X (sky130_fd_sc_hd__clkbuf_1)
     1    0.00                           u_pc_next_logic.pc_next[19] (net)
                  0.03    0.00    1.33 ^ u_pc_reg._107_/B (sky130_fd_sc_hd__and2_1)
                  0.04    0.08    1.40 ^ u_pc_reg._107_/X (sky130_fd_sc_hd__and2_1)
     1    0.00                           u_pc_reg._035_ (net)
                  0.04    0.00    1.40 ^ u_pc_reg._108_/A (sky130_fd_sc_hd__clkbuf_1)
                  0.04    0.06    1.46 ^ u_pc_reg._108_/X (sky130_fd_sc_hd__clkbuf_1)
     1    0.00                           u_pc_reg._019_ (net)
                  0.04    0.00    1.46 ^ u_pc_reg._153_/D (sky130_fd_sc_hd__dfxtp_4)
                                  1.46   data arrival time

                          0.00    0.00   clock clk (rise edge)
                          0.00    0.00   clock source latency
                  0.00    0.00    0.00 ^ clk (in)
     3    0.19                           clk (net)
                  0.05    0.02    0.02 ^ clkbuf_0_clk/A (sky130_fd_sc_hd__clkbuf_16)
                  0.09    0.13    0.16 ^ clkbuf_0_clk/X (sky130_fd_sc_hd__clkbuf_16)
     6    0.10                           clknet_0_clk (net)
                  0.09    0.01    0.16 ^ clkbuf_2_2_0_clk/A (sky130_fd_sc_hd__clkbuf_8)
                  0.17    0.18    0.35 ^ clkbuf_2_2_0_clk/X (sky130_fd_sc_hd__clkbuf_8)
    13    0.13                           clknet_2_2_0_clk (net)
                  0.17    0.02    0.37 ^ u_pc_reg._153_/CLK (sky130_fd_sc_hd__dfxtp_4)
                          0.20    0.57   clock uncertainty
                          0.00    0.57   clock reconvergence pessimism
                         -0.01    0.55   library hold time
                                  0.55   data required time
-----------------------------------------------------------------------------
                                  0.55   data required time
                                 -1.46   data arrival time
-----------------------------------------------------------------------------
                                  0.91   slack (MET)


Startpoint: u_pc_reg._156_ (rising edge-triggered flip-flop clocked by clk)
Endpoint: u_pc_reg._157_ (rising edge-triggered flip-flop clocked by clk)
Path Group: clk
Path Type: min
Corner: Fastest

Fanout     Cap    Slew   Delay    Time   Description
-----------------------------------------------------------------------------
                          0.00    0.00   clock clk (rise edge)
                          0.00    0.00   clock source latency
                  0.00    0.00    0.00 ^ clk (in)
     3    0.19                           clk (net)
                  0.05    0.02    0.02 ^ clkbuf_0_clk/A (sky130_fd_sc_hd__clkbuf_16)
                  0.09    0.13    0.16 ^ clkbuf_0_clk/X (sky130_fd_sc_hd__clkbuf_16)
     6    0.10                           clknet_0_clk (net)
                  0.09    0.01    0.16 ^ clkbuf_2_2_0_clk/A (sky130_fd_sc_hd__clkbuf_8)
                  0.17    0.18    0.35 ^ clkbuf_2_2_0_clk/X (sky130_fd_sc_hd__clkbuf_8)
    13    0.13                           clknet_2_2_0_clk (net)
                  0.18    0.03    0.38 ^ u_pc_reg._156_/CLK (sky130_fd_sc_hd__dfxtp_4)
                  0.13    0.32    0.70 v u_pc_reg._156_/Q (sky130_fd_sc_hd__dfxtp_4)
    11    0.14                           u_imem.addr[22] (net)
                  0.13    0.01    0.70 v u_pc_next_logic._1377_/A (sky130_fd_sc_hd__nand2_1)
                  0.08    0.11    0.81 ^ u_pc_next_logic._1377_/Y (sky130_fd_sc_hd__nand2_1)
     3    0.01                           u_pc_next_logic._0610_ (net)
                  0.08    0.00    0.82 ^ u_pc_next_logic._1402_/B1 (sky130_fd_sc_hd__o21ai_1)
                  0.04    0.05    0.86 v u_pc_next_logic._1402_/Y (sky130_fd_sc_hd__o21ai_1)
     2    0.01                           u_pc_next_logic._0634_ (net)
                  0.04    0.00    0.86 v u_pc_next_logic._1404_/A2 (sky130_fd_sc_hd__o21ai_1)
                  0.10    0.14    1.01 ^ u_pc_next_logic._1404_/Y (sky130_fd_sc_hd__o21ai_1)
     1    0.01                           u_pc_next_logic._0636_ (net)
                  0.10    0.00    1.01 ^ u_pc_next_logic._1412_/A1 (sky130_fd_sc_hd__a22o_1)
                  0.14    0.17    1.18 ^ u_pc_next_logic._1412_/X (sky130_fd_sc_hd__a22o_1)
     1    0.02                           u_pc_next_logic._0644_ (net)
                  0.14    0.00    1.18 ^ u_pc_next_logic._1413_/A1 (sky130_fd_sc_hd__mux2_1)
                  0.03    0.10    1.28 ^ u_pc_next_logic._1413_/X (sky130_fd_sc_hd__mux2_1)
     1    0.00                           u_pc_next_logic._0645_ (net)
                  0.03    0.00    1.28 ^ u_pc_next_logic._1414_/A (sky130_fd_sc_hd__clkbuf_1)
                  0.04    0.06    1.33 ^ u_pc_next_logic._1414_/X (sky130_fd_sc_hd__clkbuf_1)
     1    0.00                           u_pc_next_logic.pc_next[23] (net)
                  0.04    0.00    1.33 ^ u_pc_reg._116_/B (sky130_fd_sc_hd__and2_1)
                  0.04    0.08    1.41 ^ u_pc_reg._116_/X (sky130_fd_sc_hd__and2_1)
     1    0.00                           u_pc_reg._040_ (net)
                  0.04    0.00    1.41 ^ u_pc_reg._117_/A (sky130_fd_sc_hd__clkbuf_1)
                  0.03    0.05    1.46 ^ u_pc_reg._117_/X (sky130_fd_sc_hd__clkbuf_1)
     1    0.00                           u_pc_reg._023_ (net)
                  0.03    0.00    1.46 ^ u_pc_reg._157_/D (sky130_fd_sc_hd__dfxtp_4)
                                  1.46   data arrival time

                          0.00    0.00   clock clk (rise edge)
                          0.00    0.00   clock source latency
                  0.00    0.00    0.00 ^ clk (in)
     3    0.19                           clk (net)
                  0.05    0.02    0.02 ^ clkbuf_0_clk/A (sky130_fd_sc_hd__clkbuf_16)
                  0.09    0.13    0.16 ^ clkbuf_0_clk/X (sky130_fd_sc_hd__clkbuf_16)
     6    0.10                           clknet_0_clk (net)
                  0.09    0.01    0.16 ^ clkbuf_2_2_0_clk/A (sky130_fd_sc_hd__clkbuf_8)
                  0.17    0.18    0.35 ^ clkbuf_2_2_0_clk/X (sky130_fd_sc_hd__clkbuf_8)
    13    0.13                           clknet_2_2_0_clk (net)
                  0.17    0.02    0.37 ^ u_pc_reg._157_/CLK (sky130_fd_sc_hd__dfxtp_4)
                          0.20    0.57   clock uncertainty
                          0.00    0.57   clock reconvergence pessimism
                         -0.01    0.55   library hold time
                                  0.55   data required time
-----------------------------------------------------------------------------
                                  0.55   data required time
                                 -1.46   data arrival time
-----------------------------------------------------------------------------
                                  0.91   slack (MET)


Startpoint: u_pc_reg._142_ (rising edge-triggered flip-flop clocked by clk)
Endpoint: u_pc_reg._142_ (rising edge-triggered flip-flop clocked by clk)
Path Group: clk
Path Type: min
Corner: Fastest

Fanout     Cap    Slew   Delay    Time   Description
-----------------------------------------------------------------------------
                          0.00    0.00   clock clk (rise edge)
                          0.00    0.00   clock source latency
                  0.00    0.00    0.00 ^ clk (in)
     3    0.19                           clk (net)
                  0.05    0.02    0.02 ^ clkbuf_0_clk/A (sky130_fd_sc_hd__clkbuf_16)
                  0.09    0.13    0.16 ^ clkbuf_0_clk/X (sky130_fd_sc_hd__clkbuf_16)
     6    0.10                           clknet_0_clk (net)
                  0.09    0.01    0.16 ^ clkbuf_2_0_0_clk/A (sky130_fd_sc_hd__clkbuf_8)
                  0.28    0.20    0.37 ^ clkbuf_2_0_0_clk/X (sky130_fd_sc_hd__clkbuf_8)
     8    0.22                           clknet_2_0_0_clk (net)
                  0.29    0.05    0.42 ^ u_pc_reg._142_/CLK (sky130_fd_sc_hd__dfxtp_1)
                  0.02    0.23    0.64 v u_pc_reg._142_/Q (sky130_fd_sc_hd__dfxtp_1)
     1    0.00                           u_imem.addr[8] (net)
                  0.02    0.00    0.64 v wire122/A (sky130_fd_sc_hd__buf_4)
                  0.10    0.14    0.79 v wire122/X (sky130_fd_sc_hd__buf_4)
    11    0.10                           net122 (net)
                  0.10    0.01    0.80 v u_pc_next_logic._1025_/A (sky130_fd_sc_hd__nand2_1)
                  0.07    0.10    0.90 ^ u_pc_next_logic._1025_/Y (sky130_fd_sc_hd__nand2_1)
     3    0.01                           u_pc_next_logic._0272_ (net)
                  0.07    0.00    0.90 ^ u_pc_next_logic._1027_/A (sky130_fd_sc_hd__nand2_1)
                  0.06    0.07    0.97 v u_pc_next_logic._1027_/Y (sky130_fd_sc_hd__nand2_1)
     3    0.01                           u_pc_next_logic._0274_ (net)
                  0.06    0.00    0.97 v u_pc_next_logic._1028_/B (sky130_fd_sc_hd__xnor2_1)
                  0.07    0.15    1.11 ^ u_pc_next_logic._1028_/Y (sky130_fd_sc_hd__xnor2_1)
     1    0.01                           u_pc_next_logic._0275_ (net)
                  0.07    0.00    1.11 ^ u_pc_next_logic._1042_/A2 (sky130_fd_sc_hd__a21boi_2)
                  0.06    0.08    1.19 v u_pc_next_logic._1042_/Y (sky130_fd_sc_hd__a21boi_2)
     1    0.03                           u_pc_next_logic._0289_ (net)
                  0.06    0.00    1.19 v u_pc_next_logic._1053_/A0 (sky130_fd_sc_hd__mux2_1)
                  0.04    0.15    1.34 v u_pc_next_logic._1053_/X (sky130_fd_sc_hd__mux2_1)
     1    0.00                           u_pc_next_logic._0300_ (net)
                  0.04    0.00    1.34 v u_pc_next_logic._1054_/A (sky130_fd_sc_hd__clkbuf_1)
                  0.02    0.06    1.40 v u_pc_next_logic._1054_/X (sky130_fd_sc_hd__clkbuf_1)
     1    0.00                           u_pc_next_logic.pc_next[8] (net)
                  0.02    0.00    1.40 v u_pc_reg._084_/B (sky130_fd_sc_hd__and2_1)
                  0.03    0.09    1.49 v u_pc_reg._084_/X (sky130_fd_sc_hd__and2_1)
     1    0.00                           u_pc_reg._058_ (net)
                  0.03    0.00    1.49 v u_pc_reg._085_/A (sky130_fd_sc_hd__clkbuf_1)
                  0.02    0.05    1.54 v u_pc_reg._085_/X (sky130_fd_sc_hd__clkbuf_1)
     1    0.00                           u_pc_reg._008_ (net)
                  0.02    0.00    1.54 v u_pc_reg._142_/D (sky130_fd_sc_hd__dfxtp_1)
                                  1.54   data arrival time

                          0.00    0.00   clock clk (rise edge)
                          0.00    0.00   clock source latency
                  0.00    0.00    0.00 ^ clk (in)
     3    0.19                           clk (net)
                  0.05    0.02    0.02 ^ clkbuf_0_clk/A (sky130_fd_sc_hd__clkbuf_16)
                  0.09    0.13    0.16 ^ clkbuf_0_clk/X (sky130_fd_sc_hd__clkbuf_16)
     6    0.10                           clknet_0_clk (net)
                  0.09    0.01    0.16 ^ clkbuf_2_0_0_clk/A (sky130_fd_sc_hd__clkbuf_8)
                  0.28    0.20    0.37 ^ clkbuf_2_0_0_clk/X (sky130_fd_sc_hd__clkbuf_8)
     8    0.22                           clknet_2_0_0_clk (net)
                  0.29    0.05    0.42 ^ u_pc_reg._142_/CLK (sky130_fd_sc_hd__dfxtp_1)
                          0.20    0.62   clock uncertainty
                          0.00    0.62   clock reconvergence pessimism
                         -0.01    0.61   library hold time
                                  0.61   data required time
-----------------------------------------------------------------------------
                                  0.61   data required time
                                 -1.54   data arrival time
-----------------------------------------------------------------------------
                                  0.94   slack (MET)


Startpoint: u_pc_reg._138_ (rising edge-triggered flip-flop clocked by clk)
Endpoint: u_pc_reg._139_ (rising edge-triggered flip-flop clocked by clk)
Path Group: clk
Path Type: min
Corner: Fastest

Fanout     Cap    Slew   Delay    Time   Description
-----------------------------------------------------------------------------
                          0.00    0.00   clock clk (rise edge)
                          0.00    0.00   clock source latency
                  0.00    0.00    0.00 ^ clk (in)
     3    0.19                           clk (net)
                  0.05    0.02    0.02 ^ clkbuf_0_clk/A (sky130_fd_sc_hd__clkbuf_16)
                  0.09    0.13    0.16 ^ clkbuf_0_clk/X (sky130_fd_sc_hd__clkbuf_16)
     6    0.10                           clknet_0_clk (net)
                  0.09    0.01    0.16 ^ clkbuf_2_0_0_clk/A (sky130_fd_sc_hd__clkbuf_8)
                  0.28    0.20    0.37 ^ clkbuf_2_0_0_clk/X (sky130_fd_sc_hd__clkbuf_8)
     8    0.22                           clknet_2_0_0_clk (net)
                  0.30    0.06    0.43 ^ u_pc_reg._138_/CLK (sky130_fd_sc_hd__dfxtp_4)
                  0.10    0.33    0.75 v u_pc_reg._138_/Q (sky130_fd_sc_hd__dfxtp_4)
    12    0.10                           u_imem.addr[4] (net)
                  0.10    0.01    0.76 v u_pc_next_logic._0940_/A (sky130_fd_sc_hd__nand2_1)
                  0.10    0.11    0.87 ^ u_pc_next_logic._0940_/Y (sky130_fd_sc_hd__nand2_1)
     3    0.01                           u_pc_next_logic._0191_ (net)
                  0.10    0.00    0.87 ^ u_pc_next_logic._0965_/B1 (sky130_fd_sc_hd__o21a_1)
                  0.10    0.12    0.99 ^ u_pc_next_logic._0965_/X (sky130_fd_sc_hd__o21a_1)
     3    0.01                           u_pc_next_logic._0215_ (net)
                  0.10    0.00    0.99 ^ u_pc_next_logic._0966_/B (sky130_fd_sc_hd__nand2_1)
                  0.03    0.04    1.03 v u_pc_next_logic._0966_/Y (sky130_fd_sc_hd__nand2_1)
     1    0.00                           u_pc_next_logic._0216_ (net)
                  0.03    0.00    1.03 v u_pc_next_logic._0975_/A1_N (sky130_fd_sc_hd__o2bb2a_2)
                  0.18    0.24    1.28 ^ u_pc_next_logic._0975_/X (sky130_fd_sc_hd__o2bb2a_2)
     1    0.04                           u_pc_next_logic._0225_ (net)
                  0.18    0.01    1.28 ^ u_pc_next_logic._0976_/A1 (sky130_fd_sc_hd__mux2_1)
                  0.03    0.10    1.39 ^ u_pc_next_logic._0976_/X (sky130_fd_sc_hd__mux2_1)
     1    0.00                           u_pc_next_logic._0226_ (net)
                  0.03    0.00    1.39 ^ u_pc_next_logic._0977_/A (sky130_fd_sc_hd__clkbuf_1)
                  0.03    0.05    1.44 ^ u_pc_next_logic._0977_/X (sky130_fd_sc_hd__clkbuf_1)
     1    0.00                           u_pc_next_logic.pc_next[5] (net)
                  0.03    0.00    1.44 ^ u_pc_reg._078_/B (sky130_fd_sc_hd__and2_1)
                  0.04    0.08    1.52 ^ u_pc_reg._078_/X (sky130_fd_sc_hd__and2_1)
     1    0.00                           u_pc_reg._055_ (net)
                  0.04    0.00    1.52 ^ u_pc_reg._079_/A (sky130_fd_sc_hd__clkbuf_1)
                  0.03    0.05    1.57 ^ u_pc_reg._079_/X (sky130_fd_sc_hd__clkbuf_1)
     1    0.00                           u_pc_reg._005_ (net)
                  0.03    0.00    1.57 ^ u_pc_reg._139_/D (sky130_fd_sc_hd__dfxtp_1)
                                  1.57   data arrival time

                          0.00    0.00   clock clk (rise edge)
                          0.00    0.00   clock source latency
                  0.00    0.00    0.00 ^ clk (in)
     3    0.19                           clk (net)
                  0.05    0.02    0.02 ^ clkbuf_0_clk/A (sky130_fd_sc_hd__clkbuf_16)
                  0.09    0.13    0.16 ^ clkbuf_0_clk/X (sky130_fd_sc_hd__clkbuf_16)
     6    0.10                           clknet_0_clk (net)
                  0.09    0.01    0.16 ^ clkbuf_2_1_0_clk/A (sky130_fd_sc_hd__clkbuf_8)
                  0.27    0.24    0.41 ^ clkbuf_2_1_0_clk/X (sky130_fd_sc_hd__clkbuf_8)
     4    0.21                           clknet_2_1_0_clk (net)
                  0.28    0.03    0.43 ^ u_pc_reg._139_/CLK (sky130_fd_sc_hd__dfxtp_1)
                          0.20    0.63   clock uncertainty
                          0.00    0.63   clock reconvergence pessimism
                         -0.01    0.62   library hold time
                                  0.62   data required time
-----------------------------------------------------------------------------
                                  0.62   data required time
                                 -1.57   data arrival time
-----------------------------------------------------------------------------
                                  0.95   slack (MET)


Startpoint: u_pc_reg._139_ (rising edge-triggered flip-flop clocked by clk)
Endpoint: u_pc_reg._140_ (rising edge-triggered flip-flop clocked by clk)
Path Group: clk
Path Type: min
Corner: Fastest

Fanout     Cap    Slew   Delay    Time   Description
-----------------------------------------------------------------------------
                          0.00    0.00   clock clk (rise edge)
                          0.00    0.00   clock source latency
                  0.00    0.00    0.00 ^ clk (in)
     3    0.19                           clk (net)
                  0.05    0.02    0.02 ^ clkbuf_0_clk/A (sky130_fd_sc_hd__clkbuf_16)
                  0.09    0.13    0.16 ^ clkbuf_0_clk/X (sky130_fd_sc_hd__clkbuf_16)
     6    0.10                           clknet_0_clk (net)
                  0.09    0.01    0.16 ^ clkbuf_2_1_0_clk/A (sky130_fd_sc_hd__clkbuf_8)
                  0.27    0.24    0.41 ^ clkbuf_2_1_0_clk/X (sky130_fd_sc_hd__clkbuf_8)
     4    0.21                           clknet_2_1_0_clk (net)
                  0.28    0.03    0.43 ^ u_pc_reg._139_/CLK (sky130_fd_sc_hd__dfxtp_1)
                  0.03    0.24    0.68 v u_pc_reg._139_/Q (sky130_fd_sc_hd__dfxtp_1)
     1    0.01                           u_imem.addr[5] (net)
                  0.03    0.00    0.68 v wire131/A (sky130_fd_sc_hd__clkbuf_8)
                  0.09    0.13    0.81 v wire131/X (sky130_fd_sc_hd__clkbuf_8)
    13    0.11                           net131 (net)
                  0.10    0.03    0.83 v u_pc_next_logic._0981_/A (sky130_fd_sc_hd__nand2_1)
                  0.06    0.09    0.92 ^ u_pc_next_logic._0981_/Y (sky130_fd_sc_hd__nand2_1)
     2    0.01                           u_pc_next_logic._0230_ (net)
                  0.06    0.00    0.92 ^ u_pc_next_logic._0982_/A1 (sky130_fd_sc_hd__a21oi_1)
                  0.06    0.06    0.98 v u_pc_next_logic._0982_/Y (sky130_fd_sc_hd__a21oi_1)
     2    0.01                           u_pc_next_logic._0231_ (net)
                  0.06    0.00    0.98 v u_pc_next_logic._0983_/B (sky130_fd_sc_hd__xnor2_1)
                  0.04    0.10    1.09 ^ u_pc_next_logic._0983_/Y (sky130_fd_sc_hd__xnor2_1)
     1    0.00                           u_pc_next_logic._0232_ (net)
                  0.04    0.00    1.09 ^ u_pc_next_logic._0989_/A2 (sky130_fd_sc_hd__o21a_2)
                  0.18    0.18    1.26 ^ u_pc_next_logic._0989_/X (sky130_fd_sc_hd__o21a_2)
     1    0.05                           u_pc_next_logic._0238_ (net)
                  0.18    0.01    1.27 ^ u_pc_next_logic._0996_/A0 (sky130_fd_sc_hd__mux2_1)
                  0.04    0.10    1.38 ^ u_pc_next_logic._0996_/X (sky130_fd_sc_hd__mux2_1)
     1    0.00                           u_pc_next_logic._0245_ (net)
                  0.04    0.00    1.38 ^ u_pc_next_logic._0997_/A (sky130_fd_sc_hd__clkbuf_1)
                  0.04    0.06    1.44 ^ u_pc_next_logic._0997_/X (sky130_fd_sc_hd__clkbuf_1)
     1    0.00                           u_pc_next_logic.pc_next[6] (net)
                  0.04    0.00    1.44 ^ u_pc_reg._080_/B (sky130_fd_sc_hd__and2_1)
                  0.04    0.08    1.51 ^ u_pc_reg._080_/X (sky130_fd_sc_hd__and2_1)
     1    0.00                           u_pc_reg._056_ (net)
                  0.04    0.00    1.52 ^ u_pc_reg._081_/A (sky130_fd_sc_hd__clkbuf_1)
                  0.03    0.05    1.57 ^ u_pc_reg._081_/X (sky130_fd_sc_hd__clkbuf_1)
     1    0.00                           u_pc_reg._006_ (net)
                  0.03    0.00    1.57 ^ u_pc_reg._140_/D (sky130_fd_sc_hd__dfxtp_1)
                                  1.57   data arrival time

                          0.00    0.00   clock clk (rise edge)
                          0.00    0.00   clock source latency
                  0.00    0.00    0.00 ^ clk (in)
     3    0.19                           clk (net)
                  0.05    0.02    0.02 ^ clkbuf_0_clk/A (sky130_fd_sc_hd__clkbuf_16)
                  0.09    0.13    0.16 ^ clkbuf_0_clk/X (sky130_fd_sc_hd__clkbuf_16)
     6    0.10                           clknet_0_clk (net)
                  0.09    0.01    0.16 ^ clkbuf_2_1_0_clk/A (sky130_fd_sc_hd__clkbuf_8)
                  0.27    0.24    0.41 ^ clkbuf_2_1_0_clk/X (sky130_fd_sc_hd__clkbuf_8)
     4    0.21                           clknet_2_1_0_clk (net)
                  0.28    0.02    0.43 ^ u_pc_reg._140_/CLK (sky130_fd_sc_hd__dfxtp_1)
                          0.20    0.63   clock uncertainty
                          0.00    0.63   clock reconvergence pessimism
                         -0.01    0.62   library hold time
                                  0.62   data required time
-----------------------------------------------------------------------------
                                  0.62   data required time
                                 -1.57   data arrival time
-----------------------------------------------------------------------------
                                  0.95   slack (MET)


Startpoint: u_pc_reg._140_ (rising edge-triggered flip-flop clocked by clk)
Endpoint: u_pc_reg._141_ (rising edge-triggered flip-flop clocked by clk)
Path Group: clk
Path Type: min
Corner: Fastest

Fanout     Cap    Slew   Delay    Time   Description
-----------------------------------------------------------------------------
                          0.00    0.00   clock clk (rise edge)
                          0.00    0.00   clock source latency
                  0.00    0.00    0.00 ^ clk (in)
     3    0.19                           clk (net)
                  0.05    0.02    0.02 ^ clkbuf_0_clk/A (sky130_fd_sc_hd__clkbuf_16)
                  0.09    0.13    0.16 ^ clkbuf_0_clk/X (sky130_fd_sc_hd__clkbuf_16)
     6    0.10                           clknet_0_clk (net)
                  0.09    0.01    0.16 ^ clkbuf_2_1_0_clk/A (sky130_fd_sc_hd__clkbuf_8)
                  0.27    0.24    0.41 ^ clkbuf_2_1_0_clk/X (sky130_fd_sc_hd__clkbuf_8)
     4    0.21                           clknet_2_1_0_clk (net)
                  0.28    0.02    0.43 ^ u_pc_reg._140_/CLK (sky130_fd_sc_hd__dfxtp_1)
                  0.05    0.26    0.69 v u_pc_reg._140_/Q (sky130_fd_sc_hd__dfxtp_1)
     1    0.01                           u_imem.addr[6] (net)
                  0.05    0.00    0.69 v wire128/A (sky130_fd_sc_hd__buf_8)
                  0.07    0.11    0.80 v wire128/X (sky130_fd_sc_hd__buf_8)
    12    0.13                           net128 (net)
                  0.10    0.03    0.84 v u_pc_next_logic._0978_/A (sky130_fd_sc_hd__nand2_2)
                  0.09    0.11    0.94 ^ u_pc_next_logic._0978_/Y (sky130_fd_sc_hd__nand2_2)
     5    0.02                           u_pc_next_logic._0227_ (net)
                  0.09    0.00    0.94 ^ u_pc_next_logic._1009_/A1 (sky130_fd_sc_hd__a21oi_1)
                  0.03    0.04    0.99 v u_pc_next_logic._1009_/Y (sky130_fd_sc_hd__a21oi_1)
     1    0.00                           u_pc_next_logic._0257_ (net)
                  0.03    0.00    0.99 v u_pc_next_logic._1017_/A2_N (sky130_fd_sc_hd__a2bb2o_2)
                  0.22    0.27    1.26 ^ u_pc_next_logic._1017_/X (sky130_fd_sc_hd__a2bb2o_2)
     1    0.06                           u_pc_next_logic._0265_ (net)
                  0.22    0.01    1.27 ^ u_pc_next_logic._1018_/A1 (sky130_fd_sc_hd__mux2_1)
                  0.04    0.11    1.38 ^ u_pc_next_logic._1018_/X (sky130_fd_sc_hd__mux2_1)
     1    0.00                           u_pc_next_logic._0266_ (net)
                  0.04    0.00    1.38 ^ u_pc_next_logic._1019_/A (sky130_fd_sc_hd__clkbuf_1)
                  0.04    0.06    1.44 ^ u_pc_next_logic._1019_/X (sky130_fd_sc_hd__clkbuf_1)
     1    0.00                           u_pc_next_logic.pc_next[7] (net)
                  0.04    0.00    1.44 ^ u_pc_reg._082_/B (sky130_fd_sc_hd__and2_1)
                  0.04    0.08    1.52 ^ u_pc_reg._082_/X (sky130_fd_sc_hd__and2_1)
     1    0.00                           u_pc_reg._057_ (net)
                  0.04    0.00    1.52 ^ u_pc_reg._083_/A (sky130_fd_sc_hd__clkbuf_1)
                  0.04    0.06    1.58 ^ u_pc_reg._083_/X (sky130_fd_sc_hd__clkbuf_1)
     1    0.00                           u_pc_reg._007_ (net)
                  0.04    0.00    1.58 ^ u_pc_reg._141_/D (sky130_fd_sc_hd__dfxtp_4)
                                  1.58   data arrival time

                          0.00    0.00   clock clk (rise edge)
                          0.00    0.00   clock source latency
                  0.00    0.00    0.00 ^ clk (in)
     3    0.19                           clk (net)
                  0.05    0.02    0.02 ^ clkbuf_0_clk/A (sky130_fd_sc_hd__clkbuf_16)
                  0.09    0.13    0.16 ^ clkbuf_0_clk/X (sky130_fd_sc_hd__clkbuf_16)
     6    0.10                           clknet_0_clk (net)
                  0.09    0.01    0.16 ^ clkbuf_2_1_0_clk/A (sky130_fd_sc_hd__clkbuf_8)
                  0.27    0.24    0.41 ^ clkbuf_2_1_0_clk/X (sky130_fd_sc_hd__clkbuf_8)
     4    0.21                           clknet_2_1_0_clk (net)
                  0.27    0.01    0.42 ^ u_pc_reg._141_/CLK (sky130_fd_sc_hd__dfxtp_4)
                          0.20    0.62   clock uncertainty
                          0.00    0.62   clock reconvergence pessimism
                         -0.01    0.61   library hold time
                                  0.61   data required time
-----------------------------------------------------------------------------
                                  0.61   data required time
                                 -1.58   data arrival time
-----------------------------------------------------------------------------
                                  0.97   slack (MET)


Startpoint: u_pc_reg._158_ (rising edge-triggered flip-flop clocked by clk)
Endpoint: u_pc_reg._160_ (rising edge-triggered flip-flop clocked by clk)
Path Group: clk
Path Type: min
Corner: Fastest

Fanout     Cap    Slew   Delay    Time   Description
-----------------------------------------------------------------------------
                          0.00    0.00   clock clk (rise edge)
                          0.00    0.00   clock source latency
                  0.00    0.00    0.00 ^ clk (in)
     3    0.19                           clk (net)
                  0.05    0.02    0.02 ^ clkbuf_0_clk/A (sky130_fd_sc_hd__clkbuf_16)
                  0.09    0.13    0.16 ^ clkbuf_0_clk/X (sky130_fd_sc_hd__clkbuf_16)
     6    0.10                           clknet_0_clk (net)
                  0.09    0.01    0.16 ^ clkbuf_2_2_0_clk/A (sky130_fd_sc_hd__clkbuf_8)
                  0.17    0.18    0.35 ^ clkbuf_2_2_0_clk/X (sky130_fd_sc_hd__clkbuf_8)
    13    0.13                           clknet_2_2_0_clk (net)
                  0.17    0.02    0.37 ^ u_pc_reg._158_/CLK (sky130_fd_sc_hd__dfxtp_4)
                  0.17    0.35    0.71 v u_pc_reg._158_/Q (sky130_fd_sc_hd__dfxtp_4)
    12    0.19                           u_imem.addr[24] (net)
                  0.17    0.01    0.73 v u_pc_next_logic._1420_/A (sky130_fd_sc_hd__nand2_1)
                  0.13    0.16    0.89 ^ u_pc_next_logic._1420_/Y (sky130_fd_sc_hd__nand2_1)
     4    0.02                           u_pc_next_logic._0651_ (net)
                  0.13    0.00    0.89 ^ u_pc_next_logic._1486_/A1 (sky130_fd_sc_hd__a31o_1)
                  0.10    0.14    1.03 ^ u_pc_next_logic._1486_/X (sky130_fd_sc_hd__a31o_1)
     2    0.01                           u_pc_next_logic._0715_ (net)
                  0.10    0.00    1.03 ^ u_pc_next_logic._1487_/B (sky130_fd_sc_hd__xor2_1)
                  0.11    0.12    1.15 ^ u_pc_next_logic._1487_/X (sky130_fd_sc_hd__xor2_1)
     1    0.01                           u_pc_next_logic._0716_ (net)
                  0.11    0.00    1.15 ^ u_pc_next_logic._1488_/A1 (sky130_fd_sc_hd__mux2_2)
                  0.17    0.21    1.36 ^ u_pc_next_logic._1488_/X (sky130_fd_sc_hd__mux2_2)
     1    0.04                           u_pc_next_logic._0717_ (net)
                  0.17    0.01    1.37 ^ u_pc_next_logic._1494_/A0 (sky130_fd_sc_hd__mux2_1)
                  0.03    0.09    1.47 ^ u_pc_next_logic._1494_/X (sky130_fd_sc_hd__mux2_1)
     1    0.00                           u_pc_next_logic._0723_ (net)
                  0.03    0.00    1.47 ^ u_pc_next_logic._1495_/A (sky130_fd_sc_hd__clkbuf_1)
                  0.03    0.05    1.52 ^ u_pc_next_logic._1495_/X (sky130_fd_sc_hd__clkbuf_1)
     1    0.00                           u_pc_next_logic.pc_next[26] (net)
                  0.03    0.00    1.52 ^ u_pc_reg._122_/B (sky130_fd_sc_hd__and2_1)
                  0.04    0.08    1.59 ^ u_pc_reg._122_/X (sky130_fd_sc_hd__and2_1)
     1    0.00                           u_pc_reg._043_ (net)
                  0.04    0.00    1.59 ^ u_pc_reg._123_/A (sky130_fd_sc_hd__clkbuf_1)
                  0.03    0.05    1.64 ^ u_pc_reg._123_/X (sky130_fd_sc_hd__clkbuf_1)
     1    0.00                           u_pc_reg._026_ (net)
                  0.03    0.00    1.64 ^ u_pc_reg._160_/D (sky130_fd_sc_hd__dfxtp_4)
                                  1.64   data arrival time

                          0.00    0.00   clock clk (rise edge)
                          0.00    0.00   clock source latency
                  0.00    0.00    0.00 ^ clk (in)
     3    0.19                           clk (net)
                  0.05    0.02    0.02 ^ clkbuf_0_clk/A (sky130_fd_sc_hd__clkbuf_16)
                  0.09    0.13    0.16 ^ clkbuf_0_clk/X (sky130_fd_sc_hd__clkbuf_16)
     6    0.10                           clknet_0_clk (net)
                  0.09    0.01    0.16 ^ clkbuf_2_3_0_clk/A (sky130_fd_sc_hd__clkbuf_8)
                  0.31    0.20    0.37 ^ clkbuf_2_3_0_clk/X (sky130_fd_sc_hd__clkbuf_8)
     7    0.26                           clknet_2_3_0_clk (net)
                  0.35    0.09    0.45 ^ u_pc_reg._160_/CLK (sky130_fd_sc_hd__dfxtp_4)
                          0.20    0.65   clock uncertainty
                          0.00    0.65   clock reconvergence pessimism
                         -0.01    0.64   library hold time
                                  0.64   data required time
-----------------------------------------------------------------------------
                                  0.64   data required time
                                 -1.64   data arrival time
-----------------------------------------------------------------------------
                                  1.00   slack (MET)


Startpoint: u_pc_reg._154_ (rising edge-triggered flip-flop clocked by clk)
Endpoint: u_pc_reg._154_ (rising edge-triggered flip-flop clocked by clk)
Path Group: clk
Path Type: min
Corner: Fastest

Fanout     Cap    Slew   Delay    Time   Description
-----------------------------------------------------------------------------
                          0.00    0.00   clock clk (rise edge)
                          0.00    0.00   clock source latency
                  0.00    0.00    0.00 ^ clk (in)
     3    0.19                           clk (net)
                  0.05    0.02    0.02 ^ clkbuf_0_clk/A (sky130_fd_sc_hd__clkbuf_16)
                  0.09    0.13    0.16 ^ clkbuf_0_clk/X (sky130_fd_sc_hd__clkbuf_16)
     6    0.10                           clknet_0_clk (net)
                  0.09    0.01    0.16 ^ clkbuf_2_2_0_clk/A (sky130_fd_sc_hd__clkbuf_8)
                  0.17    0.18    0.35 ^ clkbuf_2_2_0_clk/X (sky130_fd_sc_hd__clkbuf_8)
    13    0.13                           clknet_2_2_0_clk (net)
                  0.17    0.02    0.37 ^ u_pc_reg._154_/CLK (sky130_fd_sc_hd__dfxtp_4)
                  0.15    0.33    0.69 v u_pc_reg._154_/Q (sky130_fd_sc_hd__dfxtp_4)
    13    0.16                           u_imem.addr[20] (net)
                  0.17    0.04    0.73 v u_pc_next_logic._1328_/A (sky130_fd_sc_hd__nor2_1)
                  0.06    0.11    0.85 ^ u_pc_next_logic._1328_/Y (sky130_fd_sc_hd__nor2_1)
     1    0.00                           u_pc_next_logic._0563_ (net)
                  0.06    0.00    0.85 ^ u_pc_next_logic._1329_/B (sky130_fd_sc_hd__nor2_1)
                  0.05    0.05    0.90 v u_pc_next_logic._1329_/Y (sky130_fd_sc_hd__nor2_1)
     3    0.01                           u_pc_next_logic._0564_ (net)
                  0.05    0.00    0.90 v u_pc_next_logic._1336_/A (sky130_fd_sc_hd__xor2_1)
                  0.17    0.18    1.07 ^ u_pc_next_logic._1336_/X (sky130_fd_sc_hd__xor2_1)
     1    0.01                           u_pc_next_logic._0571_ (net)
                  0.17    0.00    1.07 ^ u_pc_next_logic._1337_/A1 (sky130_fd_sc_hd__mux2_1)
                  0.19    0.21    1.29 ^ u_pc_next_logic._1337_/X (sky130_fd_sc_hd__mux2_1)
     1    0.03                           u_pc_next_logic._0572_ (net)
                  0.19    0.00    1.29 ^ u_pc_next_logic._1349_/A0 (sky130_fd_sc_hd__mux2_1)
                  0.04    0.11    1.40 ^ u_pc_next_logic._1349_/X (sky130_fd_sc_hd__mux2_1)
     1    0.00                           u_pc_next_logic._0584_ (net)
                  0.04    0.00    1.40 ^ u_pc_next_logic._1350_/A (sky130_fd_sc_hd__clkbuf_1)
                  0.04    0.06    1.46 ^ u_pc_next_logic._1350_/X (sky130_fd_sc_hd__clkbuf_1)
     1    0.00                           u_pc_next_logic.pc_next[20] (net)
                  0.04    0.00    1.46 ^ u_pc_reg._109_/B (sky130_fd_sc_hd__and2_1)
                  0.04    0.08    1.54 ^ u_pc_reg._109_/X (sky130_fd_sc_hd__and2_1)
     1    0.00                           u_pc_reg._036_ (net)
                  0.04    0.00    1.54 ^ u_pc_reg._110_/A (sky130_fd_sc_hd__clkbuf_1)
                  0.04    0.06    1.60 ^ u_pc_reg._110_/X (sky130_fd_sc_hd__clkbuf_1)
     1    0.00                           u_pc_reg._020_ (net)
                  0.04    0.00    1.60 ^ u_pc_reg._154_/D (sky130_fd_sc_hd__dfxtp_4)
                                  1.60   data arrival time

                          0.00    0.00   clock clk (rise edge)
                          0.00    0.00   clock source latency
                  0.00    0.00    0.00 ^ clk (in)
     3    0.19                           clk (net)
                  0.05    0.02    0.02 ^ clkbuf_0_clk/A (sky130_fd_sc_hd__clkbuf_16)
                  0.09    0.13    0.16 ^ clkbuf_0_clk/X (sky130_fd_sc_hd__clkbuf_16)
     6    0.10                           clknet_0_clk (net)
                  0.09    0.01    0.16 ^ clkbuf_2_2_0_clk/A (sky130_fd_sc_hd__clkbuf_8)
                  0.17    0.18    0.35 ^ clkbuf_2_2_0_clk/X (sky130_fd_sc_hd__clkbuf_8)
    13    0.13                           clknet_2_2_0_clk (net)
                  0.17    0.02    0.37 ^ u_pc_reg._154_/CLK (sky130_fd_sc_hd__dfxtp_4)
                          0.20    0.57   clock uncertainty
                          0.00    0.57   clock reconvergence pessimism
                         -0.01    0.55   library hold time
                                  0.55   data required time
-----------------------------------------------------------------------------
                                  0.55   data required time
                                 -1.60   data arrival time
-----------------------------------------------------------------------------
                                  1.05   slack (MET)



======================= Slowest Corner ===================================

Startpoint: u_pc_reg._134_ (rising edge-triggered flip-flop clocked by clk)
Endpoint: u_pc_reg._134_ (rising edge-triggered flip-flop clocked by clk)
Path Group: clk
Path Type: min
Corner: Slowest

Fanout     Cap    Slew   Delay    Time   Description
-----------------------------------------------------------------------------
                          0.00    0.00   clock clk (rise edge)
                          0.00    0.00   clock source latency
                  0.00    0.00    0.00 ^ clk (in)
     3    0.19                           clk (net)
                  0.05    0.02    0.02 ^ clkbuf_0_clk/A (sky130_fd_sc_hd__clkbuf_16)
                  0.18    0.30    0.33 ^ clkbuf_0_clk/X (sky130_fd_sc_hd__clkbuf_16)
     6    0.10                           clknet_0_clk (net)
                  0.18    0.01    0.33 ^ clkbuf_2_3_0_clk/A (sky130_fd_sc_hd__clkbuf_8)
                  0.67    0.60    0.93 ^ clkbuf_2_3_0_clk/X (sky130_fd_sc_hd__clkbuf_8)
     7    0.26                           clknet_2_3_0_clk (net)
                  0.68    0.08    1.01 ^ u_pc_reg._134_/CLK (sky130_fd_sc_hd__dfxtp_4)
                  0.28    1.10    2.11 v u_pc_reg._134_/Q (sky130_fd_sc_hd__dfxtp_4)
    11    0.12                           u_imem.addr[0] (net)
                  0.28    0.01    2.12 v u_pc_next_logic._0862_/A1 (sky130_fd_sc_hd__a21oi_1)
                  0.14    0.28    2.39 ^ u_pc_next_logic._0862_/Y (sky130_fd_sc_hd__a21oi_1)
     1    0.00                           u_pc_next_logic.pc_next[0] (net)
                  0.14    0.00    2.39 ^ u_pc_reg._067_/A (sky130_fd_sc_hd__and2_1)
                  0.08    0.25    2.64 ^ u_pc_reg._067_/X (sky130_fd_sc_hd__and2_1)
     1    0.00                           u_pc_reg._049_ (net)
                  0.08    0.00    2.64 ^ u_pc_reg._068_/A (sky130_fd_sc_hd__clkbuf_1)
                  0.06    0.15    2.79 ^ u_pc_reg._068_/X (sky130_fd_sc_hd__clkbuf_1)
     1    0.00                           u_pc_reg._000_ (net)
                  0.06    0.00    2.79 ^ u_pc_reg._134_/D (sky130_fd_sc_hd__dfxtp_4)
                                  2.79   data arrival time

                          0.00    0.00   clock clk (rise edge)
                          0.00    0.00   clock source latency
                  0.00    0.00    0.00 ^ clk (in)
     3    0.19                           clk (net)
                  0.05    0.02    0.02 ^ clkbuf_0_clk/A (sky130_fd_sc_hd__clkbuf_16)
                  0.18    0.30    0.33 ^ clkbuf_0_clk/X (sky130_fd_sc_hd__clkbuf_16)
     6    0.10                           clknet_0_clk (net)
                  0.18    0.01    0.33 ^ clkbuf_2_3_0_clk/A (sky130_fd_sc_hd__clkbuf_8)
                  0.67    0.60    0.93 ^ clkbuf_2_3_0_clk/X (sky130_fd_sc_hd__clkbuf_8)
     7    0.26                           clknet_2_3_0_clk (net)
                  0.68    0.08    1.01 ^ u_pc_reg._134_/CLK (sky130_fd_sc_hd__dfxtp_4)
                          0.20    1.21   clock uncertainty
                          0.00    1.21   clock reconvergence pessimism
                          0.03    1.24   library hold time
                                  1.24   data required time
-----------------------------------------------------------------------------
                                  1.24   data required time
                                 -2.79   data arrival time
-----------------------------------------------------------------------------
                                  1.55   slack (MET)


Startpoint: u_pc_reg._135_ (rising edge-triggered flip-flop clocked by clk)
Endpoint: u_pc_reg._135_ (rising edge-triggered flip-flop clocked by clk)
Path Group: clk
Path Type: min
Corner: Slowest

Fanout     Cap    Slew   Delay    Time   Description
-----------------------------------------------------------------------------
                          0.00    0.00   clock clk (rise edge)
                          0.00    0.00   clock source latency
                  0.00    0.00    0.00 ^ clk (in)
     3    0.19                           clk (net)
                  0.05    0.02    0.02 ^ clkbuf_0_clk/A (sky130_fd_sc_hd__clkbuf_16)
                  0.18    0.30    0.33 ^ clkbuf_0_clk/X (sky130_fd_sc_hd__clkbuf_16)
     6    0.10                           clknet_0_clk (net)
                  0.18    0.01    0.33 ^ clkbuf_2_0_0_clk/A (sky130_fd_sc_hd__clkbuf_8)
                  0.59    0.57    0.91 ^ clkbuf_2_0_0_clk/X (sky130_fd_sc_hd__clkbuf_8)
     8    0.22                           clknet_2_0_0_clk (net)
                  0.59    0.05    0.96 ^ u_pc_reg._135_/CLK (sky130_fd_sc_hd__dfxtp_4)
                  0.28    1.08    2.03 v u_pc_reg._135_/Q (sky130_fd_sc_hd__dfxtp_4)
    11    0.12                           u_imem.addr[1] (net)
                  0.28    0.00    2.04 v u_pc_next_logic._0877_/A1_N (sky130_fd_sc_hd__o2bb2a_1)
                  0.12    0.60    2.64 ^ u_pc_next_logic._0877_/X (sky130_fd_sc_hd__o2bb2a_1)
     1    0.01                           u_pc_next_logic._0131_ (net)
                  0.12    0.00    2.64 ^ u_pc_next_logic._0878_/B1 (sky130_fd_sc_hd__o22a_1)
                  0.14    0.33    2.97 ^ u_pc_next_logic._0878_/X (sky130_fd_sc_hd__o22a_1)
     1    0.01                           u_pc_next_logic._0132_ (net)
                  0.14    0.00    2.97 ^ u_pc_next_logic._0885_/A2 (sky130_fd_sc_hd__o21ai_1)
                  0.06    0.13    3.10 v u_pc_next_logic._0885_/Y (sky130_fd_sc_hd__o21ai_1)
     1    0.00                           u_pc_next_logic.pc_next[1] (net)
                  0.06    0.00    3.10 v u_pc_reg._070_/B (sky130_fd_sc_hd__and2_1)
                  0.07    0.31    3.41 v u_pc_reg._070_/X (sky130_fd_sc_hd__and2_1)
     1    0.00                           u_pc_reg._051_ (net)
                  0.07    0.00    3.41 v u_pc_reg._071_/A (sky130_fd_sc_hd__clkbuf_1)
                  0.04    0.15    3.56 v u_pc_reg._071_/X (sky130_fd_sc_hd__clkbuf_1)
     1    0.00                           u_pc_reg._001_ (net)
                  0.04    0.00    3.56 v u_pc_reg._135_/D (sky130_fd_sc_hd__dfxtp_4)
                                  3.56   data arrival time

                          0.00    0.00   clock clk (rise edge)
                          0.00    0.00   clock source latency
                  0.00    0.00    0.00 ^ clk (in)
     3    0.19                           clk (net)
                  0.05    0.02    0.02 ^ clkbuf_0_clk/A (sky130_fd_sc_hd__clkbuf_16)
                  0.18    0.30    0.33 ^ clkbuf_0_clk/X (sky130_fd_sc_hd__clkbuf_16)
     6    0.10                           clknet_0_clk (net)
                  0.18    0.01    0.33 ^ clkbuf_2_0_0_clk/A (sky130_fd_sc_hd__clkbuf_8)
                  0.59    0.57    0.91 ^ clkbuf_2_0_0_clk/X (sky130_fd_sc_hd__clkbuf_8)
     8    0.22                           clknet_2_0_0_clk (net)
                  0.59    0.05    0.96 ^ u_pc_reg._135_/CLK (sky130_fd_sc_hd__dfxtp_4)
                          0.20    1.16   clock uncertainty
                          0.00    1.16   clock reconvergence pessimism
                          0.04    1.19   library hold time
                                  1.19   data required time
-----------------------------------------------------------------------------
                                  1.19   data required time
                                 -3.56   data arrival time
-----------------------------------------------------------------------------
                                  2.36   slack (MET)


Startpoint: u_pc_reg._147_ (rising edge-triggered flip-flop clocked by clk)
Endpoint: u_pc_reg._147_ (rising edge-triggered flip-flop clocked by clk)
Path Group: clk
Path Type: min
Corner: Slowest

Fanout     Cap    Slew   Delay    Time   Description
-----------------------------------------------------------------------------
                          0.00    0.00   clock clk (rise edge)
                          0.00    0.00   clock source latency
                  0.00    0.00    0.00 ^ clk (in)
     3    0.19                           clk (net)
                  0.05    0.02    0.02 ^ clkbuf_0_clk/A (sky130_fd_sc_hd__clkbuf_16)
                  0.18    0.30    0.33 ^ clkbuf_0_clk/X (sky130_fd_sc_hd__clkbuf_16)
     6    0.10                           clknet_0_clk (net)
                  0.18    0.01    0.33 ^ clkbuf_2_2_0_clk/A (sky130_fd_sc_hd__clkbuf_8)
                  0.34    0.46    0.80 ^ clkbuf_2_2_0_clk/X (sky130_fd_sc_hd__clkbuf_8)
    13    0.12                           clknet_2_2_0_clk (net)
                  0.34    0.02    0.82 ^ u_pc_reg._147_/CLK (sky130_fd_sc_hd__dfxtp_4)
                  0.27    0.97    1.79 v u_pc_reg._147_/Q (sky130_fd_sc_hd__dfxtp_4)
    13    0.11                           u_imem.addr[13] (net)
                  0.27    0.01    1.80 v u_pc_next_logic._1149_/A (sky130_fd_sc_hd__xor2_1)
                  0.12    0.44    2.24 v u_pc_next_logic._1149_/X (sky130_fd_sc_hd__xor2_1)
     3    0.01                           u_pc_next_logic._0391_ (net)
                  0.12    0.00    2.24 v u_pc_next_logic._1152_/A1 (sky130_fd_sc_hd__a21o_1)
                  0.06    0.30    2.54 v u_pc_next_logic._1152_/X (sky130_fd_sc_hd__a21o_1)
     1    0.00                           u_pc_next_logic._0394_ (net)
                  0.06    0.00    2.54 v u_pc_next_logic._1166_/A1_N (sky130_fd_sc_hd__o2bb2a_1)
                  0.09    0.46    3.00 ^ u_pc_next_logic._1166_/X (sky130_fd_sc_hd__o2bb2a_1)
     1    0.00                           u_pc_next_logic.pc_next[13] (net)
                  0.09    0.00    3.00 ^ u_pc_reg._095_/B (sky130_fd_sc_hd__and2_1)
                  0.10    0.25    3.25 ^ u_pc_reg._095_/X (sky130_fd_sc_hd__and2_1)
     1    0.00                           u_pc_reg._064_ (net)
                  0.10    0.00    3.25 ^ u_pc_reg._096_/A (sky130_fd_sc_hd__clkbuf_1)
                  0.08    0.16    3.42 ^ u_pc_reg._096_/X (sky130_fd_sc_hd__clkbuf_1)
     1    0.00                           u_pc_reg._013_ (net)
                  0.08    0.00    3.42 ^ u_pc_reg._147_/D (sky130_fd_sc_hd__dfxtp_4)
                                  3.42   data arrival time

                          0.00    0.00   clock clk (rise edge)
                          0.00    0.00   clock source latency
                  0.00    0.00    0.00 ^ clk (in)
     3    0.19                           clk (net)
                  0.05    0.02    0.02 ^ clkbuf_0_clk/A (sky130_fd_sc_hd__clkbuf_16)
                  0.18    0.30    0.33 ^ clkbuf_0_clk/X (sky130_fd_sc_hd__clkbuf_16)
     6    0.10                           clknet_0_clk (net)
                  0.18    0.01    0.33 ^ clkbuf_2_2_0_clk/A (sky130_fd_sc_hd__clkbuf_8)
                  0.34    0.46    0.80 ^ clkbuf_2_2_0_clk/X (sky130_fd_sc_hd__clkbuf_8)
    13    0.12                           clknet_2_2_0_clk (net)
                  0.34    0.02    0.82 ^ u_pc_reg._147_/CLK (sky130_fd_sc_hd__dfxtp_4)
                          0.20    1.02   clock uncertainty
                          0.00    1.02   clock reconvergence pessimism
                         -0.03    0.99   library hold time
                                  0.99   data required time
-----------------------------------------------------------------------------
                                  0.99   data required time
                                 -3.42   data arrival time
-----------------------------------------------------------------------------
                                  2.43   slack (MET)


Startpoint: u_pc_reg._145_ (rising edge-triggered flip-flop clocked by clk)
Endpoint: u_pc_reg._145_ (rising edge-triggered flip-flop clocked by clk)
Path Group: clk
Path Type: min
Corner: Slowest

Fanout     Cap    Slew   Delay    Time   Description
-----------------------------------------------------------------------------
                          0.00    0.00   clock clk (rise edge)
                          0.00    0.00   clock source latency
                  0.00    0.00    0.00 ^ clk (in)
     3    0.19                           clk (net)
                  0.05    0.02    0.02 ^ clkbuf_0_clk/A (sky130_fd_sc_hd__clkbuf_16)
                  0.18    0.30    0.33 ^ clkbuf_0_clk/X (sky130_fd_sc_hd__clkbuf_16)
     6    0.10                           clknet_0_clk (net)
                  0.18    0.01    0.33 ^ clkbuf_2_2_0_clk/A (sky130_fd_sc_hd__clkbuf_8)
                  0.34    0.46    0.80 ^ clkbuf_2_2_0_clk/X (sky130_fd_sc_hd__clkbuf_8)
    13    0.12                           clknet_2_2_0_clk (net)
                  0.34    0.01    0.81 ^ u_pc_reg._145_/CLK (sky130_fd_sc_hd__dfxtp_4)
                  0.25    0.95    1.76 v u_pc_reg._145_/Q (sky130_fd_sc_hd__dfxtp_4)
    12    0.10                           u_imem.addr[11] (net)
                  0.25    0.01    1.77 v u_pc_next_logic._1101_/A (sky130_fd_sc_hd__nor2_1)
                  0.20    0.29    2.05 ^ u_pc_next_logic._1101_/Y (sky130_fd_sc_hd__nor2_1)
     2    0.01                           u_pc_next_logic._0345_ (net)
                  0.20    0.00    2.06 ^ u_pc_next_logic._1102_/B (sky130_fd_sc_hd__nor2_1)
                  0.08    0.15    2.20 v u_pc_next_logic._1102_/Y (sky130_fd_sc_hd__nor2_1)
     1    0.01                           u_pc_next_logic._0346_ (net)
                  0.08    0.00    2.20 v u_pc_next_logic._1104_/A (sky130_fd_sc_hd__xnor2_1)
                  0.07    0.25    2.45 ^ u_pc_next_logic._1104_/Y (sky130_fd_sc_hd__xnor2_1)
     1    0.00                           u_pc_next_logic._0348_ (net)
                  0.07    0.00    2.45 ^ u_pc_next_logic._1112_/A0 (sky130_fd_sc_hd__mux2_1)
                  0.08    0.23    2.68 ^ u_pc_next_logic._1112_/X (sky130_fd_sc_hd__mux2_1)
     1    0.00                           u_pc_next_logic._0356_ (net)
                  0.08    0.00    2.68 ^ u_pc_next_logic._1113_/A1 (sky130_fd_sc_hd__mux2_1)
                  0.08    0.24    2.91 ^ u_pc_next_logic._1113_/X (sky130_fd_sc_hd__mux2_1)
     1    0.00                           u_pc_next_logic._0357_ (net)
                  0.08    0.00    2.91 ^ u_pc_next_logic._1114_/A (sky130_fd_sc_hd__clkbuf_1)
                  0.08    0.15    3.07 ^ u_pc_next_logic._1114_/X (sky130_fd_sc_hd__clkbuf_1)
     1    0.00                           u_pc_next_logic.pc_next[11] (net)
                  0.08    0.00    3.07 ^ u_pc_reg._091_/B (sky130_fd_sc_hd__and2_1)
                  0.09    0.24    3.31 ^ u_pc_reg._091_/X (sky130_fd_sc_hd__and2_1)
     1    0.00                           u_pc_reg._062_ (net)
                  0.09    0.00    3.31 ^ u_pc_reg._092_/A (sky130_fd_sc_hd__clkbuf_1)
                  0.07    0.16    3.47 ^ u_pc_reg._092_/X (sky130_fd_sc_hd__clkbuf_1)
     1    0.00                           u_pc_reg._011_ (net)
                  0.07    0.00    3.47 ^ u_pc_reg._145_/D (sky130_fd_sc_hd__dfxtp_4)
                                  3.47   data arrival time

                          0.00    0.00   clock clk (rise edge)
                          0.00    0.00   clock source latency
                  0.00    0.00    0.00 ^ clk (in)
     3    0.19                           clk (net)
                  0.05    0.02    0.02 ^ clkbuf_0_clk/A (sky130_fd_sc_hd__clkbuf_16)
                  0.18    0.30    0.33 ^ clkbuf_0_clk/X (sky130_fd_sc_hd__clkbuf_16)
     6    0.10                           clknet_0_clk (net)
                  0.18    0.01    0.33 ^ clkbuf_2_2_0_clk/A (sky130_fd_sc_hd__clkbuf_8)
                  0.34    0.46    0.80 ^ clkbuf_2_2_0_clk/X (sky130_fd_sc_hd__clkbuf_8)
    13    0.12                           clknet_2_2_0_clk (net)
                  0.34    0.01    0.81 ^ u_pc_reg._145_/CLK (sky130_fd_sc_hd__dfxtp_4)
                          0.20    1.01   clock uncertainty
                          0.00    1.01   clock reconvergence pessimism
                         -0.03    0.98   library hold time
                                  0.98   data required time
-----------------------------------------------------------------------------
                                  0.98   data required time
                                 -3.47   data arrival time
-----------------------------------------------------------------------------
                                  2.50   slack (MET)


Startpoint: u_pc_reg._138_ (rising edge-triggered flip-flop clocked by clk)
Endpoint: u_pc_reg._138_ (rising edge-triggered flip-flop clocked by clk)
Path Group: clk
Path Type: min
Corner: Slowest

Fanout     Cap    Slew   Delay    Time   Description
-----------------------------------------------------------------------------
                          0.00    0.00   clock clk (rise edge)
                          0.00    0.00   clock source latency
                  0.00    0.00    0.00 ^ clk (in)
     3    0.19                           clk (net)
                  0.05    0.02    0.02 ^ clkbuf_0_clk/A (sky130_fd_sc_hd__clkbuf_16)
                  0.18    0.30    0.33 ^ clkbuf_0_clk/X (sky130_fd_sc_hd__clkbuf_16)
     6    0.10                           clknet_0_clk (net)
                  0.18    0.01    0.33 ^ clkbuf_2_0_0_clk/A (sky130_fd_sc_hd__clkbuf_8)
                  0.59    0.57    0.91 ^ clkbuf_2_0_0_clk/X (sky130_fd_sc_hd__clkbuf_8)
     8    0.22                           clknet_2_0_0_clk (net)
                  0.59    0.06    0.97 ^ u_pc_reg._138_/CLK (sky130_fd_sc_hd__dfxtp_4)
                  0.24    1.05    2.02 v u_pc_reg._138_/Q (sky130_fd_sc_hd__dfxtp_4)
    12    0.10                           u_imem.addr[4] (net)
                  0.24    0.01    2.03 v u_pc_next_logic._0940_/A (sky130_fd_sc_hd__nand2_1)
                  0.21    0.27    2.30 ^ u_pc_next_logic._0940_/Y (sky130_fd_sc_hd__nand2_1)
     3    0.01                           u_pc_next_logic._0191_ (net)
                  0.21    0.00    2.30 ^ u_pc_next_logic._0942_/A (sky130_fd_sc_hd__nand2_1)
                  0.21    0.26    2.56 v u_pc_next_logic._0942_/Y (sky130_fd_sc_hd__nand2_1)
     3    0.01                           u_pc_next_logic._0193_ (net)
                  0.21    0.00    2.56 v u_pc_next_logic._0947_/A (sky130_fd_sc_hd__nand2_1)
                  0.09    0.17    2.73 ^ u_pc_next_logic._0947_/Y (sky130_fd_sc_hd__nand2_1)
     1    0.00                           u_pc_next_logic._0198_ (net)
                  0.09    0.00    2.73 ^ u_pc_next_logic._0948_/A2 (sky130_fd_sc_hd__a21o_1)
                  0.10    0.25    2.98 ^ u_pc_next_logic._0948_/X (sky130_fd_sc_hd__a21o_1)
     1    0.01                           u_pc_next_logic._0199_ (net)
                  0.10    0.00    2.98 ^ u_pc_next_logic._0956_/A3 (sky130_fd_sc_hd__a31o_1)
                  0.11    0.34    3.32 ^ u_pc_next_logic._0956_/X (sky130_fd_sc_hd__a31o_1)
     1    0.00                           u_pc_next_logic.pc_next[4] (net)
                  0.11    0.00    3.32 ^ u_pc_reg._076_/B (sky130_fd_sc_hd__and2_1)
                  0.08    0.25    3.56 ^ u_pc_reg._076_/X (sky130_fd_sc_hd__and2_1)
     1    0.00                           u_pc_reg._054_ (net)
                  0.08    0.00    3.56 ^ u_pc_reg._077_/A (sky130_fd_sc_hd__clkbuf_1)
                  0.06    0.15    3.71 ^ u_pc_reg._077_/X (sky130_fd_sc_hd__clkbuf_1)
     1    0.00                           u_pc_reg._004_ (net)
                  0.06    0.00    3.71 ^ u_pc_reg._138_/D (sky130_fd_sc_hd__dfxtp_4)
                                  3.71   data arrival time

                          0.00    0.00   clock clk (rise edge)
                          0.00    0.00   clock source latency
                  0.00    0.00    0.00 ^ clk (in)
     3    0.19                           clk (net)
                  0.05    0.02    0.02 ^ clkbuf_0_clk/A (sky130_fd_sc_hd__clkbuf_16)
                  0.18    0.30    0.33 ^ clkbuf_0_clk/X (sky130_fd_sc_hd__clkbuf_16)
     6    0.10                           clknet_0_clk (net)
                  0.18    0.01    0.33 ^ clkbuf_2_0_0_clk/A (sky130_fd_sc_hd__clkbuf_8)
                  0.59    0.57    0.91 ^ clkbuf_2_0_0_clk/X (sky130_fd_sc_hd__clkbuf_8)
     8    0.22                           clknet_2_0_0_clk (net)
                  0.59    0.06    0.97 ^ u_pc_reg._138_/CLK (sky130_fd_sc_hd__dfxtp_4)
                          0.20    1.17   clock uncertainty
                          0.00    1.17   clock reconvergence pessimism
                          0.01    1.18   library hold time
                                  1.18   data required time
-----------------------------------------------------------------------------
                                  1.18   data required time
                                 -3.71   data arrival time
-----------------------------------------------------------------------------
                                  2.53   slack (MET)


Startpoint: u_pc_reg._156_ (rising edge-triggered flip-flop clocked by clk)
Endpoint: u_pc_reg._156_ (rising edge-triggered flip-flop clocked by clk)
Path Group: clk
Path Type: min
Corner: Slowest

Fanout     Cap    Slew   Delay    Time   Description
-----------------------------------------------------------------------------
                          0.00    0.00   clock clk (rise edge)
                          0.00    0.00   clock source latency
                  0.00    0.00    0.00 ^ clk (in)
     3    0.19                           clk (net)
                  0.05    0.02    0.02 ^ clkbuf_0_clk/A (sky130_fd_sc_hd__clkbuf_16)
                  0.18    0.30    0.33 ^ clkbuf_0_clk/X (sky130_fd_sc_hd__clkbuf_16)
     6    0.10                           clknet_0_clk (net)
                  0.18    0.01    0.33 ^ clkbuf_2_2_0_clk/A (sky130_fd_sc_hd__clkbuf_8)
                  0.34    0.46    0.80 ^ clkbuf_2_2_0_clk/X (sky130_fd_sc_hd__clkbuf_8)
    13    0.12                           clknet_2_2_0_clk (net)
                  0.34    0.03    0.83 ^ u_pc_reg._156_/CLK (sky130_fd_sc_hd__dfxtp_4)
                  0.33    0.99    1.82 v u_pc_reg._156_/Q (sky130_fd_sc_hd__dfxtp_4)
    11    0.14                           u_imem.addr[22] (net)
                  0.33    0.01    1.83 v u_pc_next_logic._1384_/A (sky130_fd_sc_hd__nand2_1)
                  0.16    0.27    2.10 ^ u_pc_next_logic._1384_/Y (sky130_fd_sc_hd__nand2_1)
     3    0.01                           u_pc_next_logic._0617_ (net)
                  0.16    0.00    2.10 ^ u_pc_next_logic._1386_/A (sky130_fd_sc_hd__nand2_1)
                  0.18    0.22    2.31 v u_pc_next_logic._1386_/Y (sky130_fd_sc_hd__nand2_1)
     2    0.01                           u_pc_next_logic._0619_ (net)
                  0.18    0.00    2.31 v u_pc_next_logic._1391_/A (sky130_fd_sc_hd__xnor2_1)
                  0.13    0.31    2.62 v u_pc_next_logic._1391_/Y (sky130_fd_sc_hd__xnor2_1)
     1    0.01                           u_pc_next_logic._0624_ (net)
                  0.13    0.00    2.62 v u_pc_next_logic._1392_/B (sky130_fd_sc_hd__nand2_1)
                  0.14    0.18    2.80 ^ u_pc_next_logic._1392_/Y (sky130_fd_sc_hd__nand2_1)
     1    0.01                           u_pc_next_logic._0625_ (net)
                  0.14    0.00    2.80 ^ u_pc_next_logic._1393_/B2 (sky130_fd_sc_hd__a22o_1)
                  0.10    0.29    3.09 ^ u_pc_next_logic._1393_/X (sky130_fd_sc_hd__a22o_1)
     1    0.00                           u_pc_next_logic.pc_next[22] (net)
                  0.10    0.00    3.09 ^ u_pc_reg._114_/B (sky130_fd_sc_hd__and2_1)
                  0.10    0.26    3.35 ^ u_pc_reg._114_/X (sky130_fd_sc_hd__and2_1)
     1    0.00                           u_pc_reg._039_ (net)
                  0.10    0.00    3.35 ^ u_pc_reg._115_/A (sky130_fd_sc_hd__clkbuf_1)
                  0.10    0.18    3.53 ^ u_pc_reg._115_/X (sky130_fd_sc_hd__clkbuf_1)
     1    0.00                           u_pc_reg._022_ (net)
                  0.10    0.00    3.53 ^ u_pc_reg._156_/D (sky130_fd_sc_hd__dfxtp_4)
                                  3.53   data arrival time

                          0.00    0.00   clock clk (rise edge)
                          0.00    0.00   clock source latency
                  0.00    0.00    0.00 ^ clk (in)
     3    0.19                           clk (net)
                  0.05    0.02    0.02 ^ clkbuf_0_clk/A (sky130_fd_sc_hd__clkbuf_16)
                  0.18    0.30    0.33 ^ clkbuf_0_clk/X (sky130_fd_sc_hd__clkbuf_16)
     6    0.10                           clknet_0_clk (net)
                  0.18    0.01    0.33 ^ clkbuf_2_2_0_clk/A (sky130_fd_sc_hd__clkbuf_8)
                  0.34    0.46    0.80 ^ clkbuf_2_2_0_clk/X (sky130_fd_sc_hd__clkbuf_8)
    13    0.12                           clknet_2_2_0_clk (net)
                  0.34    0.03    0.83 ^ u_pc_reg._156_/CLK (sky130_fd_sc_hd__dfxtp_4)
                          0.20    1.03   clock uncertainty
                          0.00    1.03   clock reconvergence pessimism
                         -0.03    0.99   library hold time
                                  0.99   data required time
-----------------------------------------------------------------------------
                                  0.99   data required time
                                 -3.53   data arrival time
-----------------------------------------------------------------------------
                                  2.54   slack (MET)


Startpoint: u_pc_reg._163_ (rising edge-triggered flip-flop clocked by clk)
Endpoint: u_pc_reg._163_ (rising edge-triggered flip-flop clocked by clk)
Path Group: clk
Path Type: min
Corner: Slowest

Fanout     Cap    Slew   Delay    Time   Description
-----------------------------------------------------------------------------
                          0.00    0.00   clock clk (rise edge)
                          0.00    0.00   clock source latency
                  0.00    0.00    0.00 ^ clk (in)
     3    0.19                           clk (net)
                  0.05    0.02    0.02 ^ clkbuf_0_clk/A (sky130_fd_sc_hd__clkbuf_16)
                  0.18    0.30    0.33 ^ clkbuf_0_clk/X (sky130_fd_sc_hd__clkbuf_16)
     6    0.10                           clknet_0_clk (net)
                  0.18    0.01    0.33 ^ clkbuf_2_2_0_clk/A (sky130_fd_sc_hd__clkbuf_8)
                  0.34    0.46    0.80 ^ clkbuf_2_2_0_clk/X (sky130_fd_sc_hd__clkbuf_8)
    13    0.12                           clknet_2_2_0_clk (net)
                  0.34    0.02    0.81 ^ u_pc_reg._163_/CLK (sky130_fd_sc_hd__dfxtp_4)
                  0.35    1.02    1.83 v u_pc_reg._163_/Q (sky130_fd_sc_hd__dfxtp_4)
    11    0.15                           u_imem.addr[29] (net)
                  0.35    0.01    1.85 v u_pc_next_logic._1555_/A (sky130_fd_sc_hd__nand2_1)
                  0.07    0.19    2.04 ^ u_pc_next_logic._1555_/Y (sky130_fd_sc_hd__nand2_1)
     1    0.00                           u_pc_next_logic._0010_ (net)
                  0.07    0.00    2.04 ^ u_pc_next_logic._1556_/B (sky130_fd_sc_hd__nand2_1)
                  0.14    0.16    2.20 v u_pc_next_logic._1556_/Y (sky130_fd_sc_hd__nand2_1)
     1    0.01                           u_pc_next_logic._0011_ (net)
                  0.14    0.00    2.20 v u_pc_next_logic._1558_/A (sky130_fd_sc_hd__xnor2_1)
                  0.09    0.29    2.49 ^ u_pc_next_logic._1558_/Y (sky130_fd_sc_hd__xnor2_1)
     1    0.00                           u_pc_next_logic._0013_ (net)
                  0.09    0.00    2.49 ^ u_pc_next_logic._1566_/A2 (sky130_fd_sc_hd__a211o_1)
                  0.26    0.39    2.88 ^ u_pc_next_logic._1566_/X (sky130_fd_sc_hd__a211o_1)
     1    0.02                           u_pc_next_logic._0021_ (net)
                  0.26    0.00    2.88 ^ u_pc_next_logic._1567_/B1 (sky130_fd_sc_hd__o21ai_1)
                  0.07    0.18    3.07 v u_pc_next_logic._1567_/Y (sky130_fd_sc_hd__o21ai_1)
     1    0.00                           u_pc_next_logic.pc_next[29] (net)
                  0.07    0.00    3.07 v u_pc_reg._128_/B (sky130_fd_sc_hd__and2_1)
                  0.07    0.32    3.39 v u_pc_reg._128_/X (sky130_fd_sc_hd__and2_1)
     1    0.00                           u_pc_reg._046_ (net)
                  0.07    0.00    3.39 v u_pc_reg._129_/A (sky130_fd_sc_hd__clkbuf_1)
                  0.04    0.15    3.54 v u_pc_reg._129_/X (sky130_fd_sc_hd__clkbuf_1)
     1    0.00                           u_pc_reg._029_ (net)
                  0.04    0.00    3.54 v u_pc_reg._163_/D (sky130_fd_sc_hd__dfxtp_4)
                                  3.54   data arrival time

                          0.00    0.00   clock clk (rise edge)
                          0.00    0.00   clock source latency
                  0.00    0.00    0.00 ^ clk (in)
     3    0.19                           clk (net)
                  0.05    0.02    0.02 ^ clkbuf_0_clk/A (sky130_fd_sc_hd__clkbuf_16)
                  0.18    0.30    0.33 ^ clkbuf_0_clk/X (sky130_fd_sc_hd__clkbuf_16)
     6    0.10                           clknet_0_clk (net)
                  0.18    0.01    0.33 ^ clkbuf_2_2_0_clk/A (sky130_fd_sc_hd__clkbuf_8)
                  0.34    0.46    0.80 ^ clkbuf_2_2_0_clk/X (sky130_fd_sc_hd__clkbuf_8)
    13    0.12                           clknet_2_2_0_clk (net)
                  0.34    0.02    0.81 ^ u_pc_reg._163_/CLK (sky130_fd_sc_hd__dfxtp_4)
                          0.20    1.01   clock uncertainty
                          0.00    1.01   clock reconvergence pessimism
                         -0.02    0.99   library hold time
                                  0.99   data required time
-----------------------------------------------------------------------------
                                  0.99   data required time
                                 -3.54   data arrival time
-----------------------------------------------------------------------------
                                  2.55   slack (MET)


Startpoint: u_pc_reg._147_ (rising edge-triggered flip-flop clocked by clk)
Endpoint: u_pc_reg._148_ (rising edge-triggered flip-flop clocked by clk)
Path Group: clk
Path Type: min
Corner: Slowest

Fanout     Cap    Slew   Delay    Time   Description
-----------------------------------------------------------------------------
                          0.00    0.00   clock clk (rise edge)
                          0.00    0.00   clock source latency
                  0.00    0.00    0.00 ^ clk (in)
     3    0.19                           clk (net)
                  0.05    0.02    0.02 ^ clkbuf_0_clk/A (sky130_fd_sc_hd__clkbuf_16)
                  0.18    0.30    0.33 ^ clkbuf_0_clk/X (sky130_fd_sc_hd__clkbuf_16)
     6    0.10                           clknet_0_clk (net)
                  0.18    0.01    0.33 ^ clkbuf_2_2_0_clk/A (sky130_fd_sc_hd__clkbuf_8)
                  0.34    0.46    0.80 ^ clkbuf_2_2_0_clk/X (sky130_fd_sc_hd__clkbuf_8)
    13    0.12                           clknet_2_2_0_clk (net)
                  0.34    0.02    0.82 ^ u_pc_reg._147_/CLK (sky130_fd_sc_hd__dfxtp_4)
                  0.53    1.16    1.97 ^ u_pc_reg._147_/Q (sky130_fd_sc_hd__dfxtp_4)
    13    0.12                           u_imem.addr[13] (net)
                  0.53    0.01    1.99 ^ u_pc_next_logic._1173_/A1 (sky130_fd_sc_hd__a21oi_1)
                  0.07    0.33    2.32 v u_pc_next_logic._1173_/Y (sky130_fd_sc_hd__a21oi_1)
     2    0.01                           u_pc_next_logic._0414_ (net)
                  0.07    0.00    2.32 v u_pc_next_logic._1174_/B (sky130_fd_sc_hd__nand2_1)
                  0.18    0.19    2.50 ^ u_pc_next_logic._1174_/Y (sky130_fd_sc_hd__nand2_1)
     2    0.01                           u_pc_next_logic._0415_ (net)
                  0.18    0.00    2.51 ^ u_pc_next_logic._1175_/B (sky130_fd_sc_hd__xnor2_1)
                  0.12    0.27    2.78 ^ u_pc_next_logic._1175_/Y (sky130_fd_sc_hd__xnor2_1)
     1    0.01                           u_pc_next_logic._0416_ (net)
                  0.12    0.00    2.78 ^ u_pc_next_logic._1184_/A2 (sky130_fd_sc_hd__o21a_1)
                  0.09    0.24    3.02 ^ u_pc_next_logic._1184_/X (sky130_fd_sc_hd__o21a_1)
     1    0.00                           u_pc_next_logic._0425_ (net)
                  0.09    0.00    3.02 ^ u_pc_next_logic._1190_/A0 (sky130_fd_sc_hd__mux2_1)
                  0.07    0.23    3.25 ^ u_pc_next_logic._1190_/X (sky130_fd_sc_hd__mux2_1)
     1    0.00                           u_pc_next_logic._0431_ (net)
                  0.07    0.00    3.25 ^ u_pc_next_logic._1191_/A (sky130_fd_sc_hd__clkbuf_1)
                  0.07    0.14    3.39 ^ u_pc_next_logic._1191_/X (sky130_fd_sc_hd__clkbuf_1)
     1    0.00                           u_pc_next_logic.pc_next[14] (net)
                  0.07    0.00    3.39 ^ u_pc_reg._097_/B (sky130_fd_sc_hd__and2_1)
                  0.08    0.23    3.62 ^ u_pc_reg._097_/X (sky130_fd_sc_hd__and2_1)
     1    0.00                           u_pc_reg._065_ (net)
                  0.08    0.00    3.62 ^ u_pc_reg._098_/A (sky130_fd_sc_hd__clkbuf_1)
                  0.06    0.14    3.76 ^ u_pc_reg._098_/X (sky130_fd_sc_hd__clkbuf_1)
     1    0.00                           u_pc_reg._014_ (net)
                  0.06    0.00    3.76 ^ u_pc_reg._148_/D (sky130_fd_sc_hd__dfxtp_4)
                                  3.76   data arrival time

                          0.00    0.00   clock clk (rise edge)
                          0.00    0.00   clock source latency
                  0.00    0.00    0.00 ^ clk (in)
     3    0.19                           clk (net)
                  0.05    0.02    0.02 ^ clkbuf_0_clk/A (sky130_fd_sc_hd__clkbuf_16)
                  0.18    0.30    0.33 ^ clkbuf_0_clk/X (sky130_fd_sc_hd__clkbuf_16)
     6    0.10                           clknet_0_clk (net)
                  0.18    0.01    0.33 ^ clkbuf_2_3_0_clk/A (sky130_fd_sc_hd__clkbuf_8)
                  0.67    0.60    0.93 ^ clkbuf_2_3_0_clk/X (sky130_fd_sc_hd__clkbuf_8)
     7    0.26                           clknet_2_3_0_clk (net)
                  0.67    0.04    0.97 ^ u_pc_reg._148_/CLK (sky130_fd_sc_hd__dfxtp_4)
                          0.20    1.17   clock uncertainty
                          0.00    1.17   clock reconvergence pessimism
                          0.03    1.20   library hold time
                                  1.20   data required time
-----------------------------------------------------------------------------
                                  1.20   data required time
                                 -3.76   data arrival time
-----------------------------------------------------------------------------
                                  2.56   slack (MET)


Startpoint: u_pc_reg._155_ (rising edge-triggered flip-flop clocked by clk)
Endpoint: u_pc_reg._155_ (rising edge-triggered flip-flop clocked by clk)
Path Group: clk
Path Type: min
Corner: Slowest

Fanout     Cap    Slew   Delay    Time   Description
-----------------------------------------------------------------------------
                          0.00    0.00   clock clk (rise edge)
                          0.00    0.00   clock source latency
                  0.00    0.00    0.00 ^ clk (in)
     3    0.19                           clk (net)
                  0.05    0.02    0.02 ^ clkbuf_0_clk/A (sky130_fd_sc_hd__clkbuf_16)
                  0.18    0.30    0.33 ^ clkbuf_0_clk/X (sky130_fd_sc_hd__clkbuf_16)
     6    0.10                           clknet_0_clk (net)
                  0.18    0.01    0.33 ^ clkbuf_2_2_0_clk/A (sky130_fd_sc_hd__clkbuf_8)
                  0.34    0.46    0.80 ^ clkbuf_2_2_0_clk/X (sky130_fd_sc_hd__clkbuf_8)
    13    0.12                           clknet_2_2_0_clk (net)
                  0.34    0.03    0.83 ^ u_pc_reg._155_/CLK (sky130_fd_sc_hd__dfxtp_4)
                  0.31    0.99    1.82 v u_pc_reg._155_/Q (sky130_fd_sc_hd__dfxtp_4)
    12    0.13                           u_imem.addr[21] (net)
                  0.31    0.01    1.83 v u_pc_next_logic._0819_/B (sky130_fd_sc_hd__nand3_1)
                  0.28    0.39    2.22 ^ u_pc_next_logic._0819_/Y (sky130_fd_sc_hd__nand3_1)
     4    0.02                           u_pc_next_logic._0085_ (net)
                  0.28    0.00    2.22 ^ u_pc_next_logic._1363_/A2 (sky130_fd_sc_hd__a31o_1)
                  0.15    0.42    2.64 ^ u_pc_next_logic._1363_/X (sky130_fd_sc_hd__a31o_1)
     1    0.01                           u_pc_next_logic._0597_ (net)
                  0.15    0.00    2.64 ^ u_pc_next_logic._1364_/B1 (sky130_fd_sc_hd__a31o_1)
                  0.11    0.22    2.87 ^ u_pc_next_logic._1364_/X (sky130_fd_sc_hd__a31o_1)
     1    0.01                           u_pc_next_logic._0598_ (net)
                  0.11    0.00    2.87 ^ u_pc_next_logic._1371_/B1 (sky130_fd_sc_hd__a22o_1)
                  0.09    0.25    3.12 ^ u_pc_next_logic._1371_/X (sky130_fd_sc_hd__a22o_1)
     1    0.00                           u_pc_next_logic.pc_next[21] (net)
                  0.09    0.00    3.12 ^ u_pc_reg._112_/B (sky130_fd_sc_hd__and2_1)
                  0.10    0.25    3.37 ^ u_pc_reg._112_/X (sky130_fd_sc_hd__and2_1)
     1    0.00                           u_pc_reg._038_ (net)
                  0.10    0.00    3.37 ^ u_pc_reg._113_/A (sky130_fd_sc_hd__clkbuf_1)
                  0.10    0.18    3.56 ^ u_pc_reg._113_/X (sky130_fd_sc_hd__clkbuf_1)
     1    0.00                           u_pc_reg._021_ (net)
                  0.10    0.00    3.56 ^ u_pc_reg._155_/D (sky130_fd_sc_hd__dfxtp_4)
                                  3.56   data arrival time

                          0.00    0.00   clock clk (rise edge)
                          0.00    0.00   clock source latency
                  0.00    0.00    0.00 ^ clk (in)
     3    0.19                           clk (net)
                  0.05    0.02    0.02 ^ clkbuf_0_clk/A (sky130_fd_sc_hd__clkbuf_16)
                  0.18    0.30    0.33 ^ clkbuf_0_clk/X (sky130_fd_sc_hd__clkbuf_16)
     6    0.10                           clknet_0_clk (net)
                  0.18    0.01    0.33 ^ clkbuf_2_2_0_clk/A (sky130_fd_sc_hd__clkbuf_8)
                  0.34    0.46    0.80 ^ clkbuf_2_2_0_clk/X (sky130_fd_sc_hd__clkbuf_8)
    13    0.12                           clknet_2_2_0_clk (net)
                  0.34    0.03    0.83 ^ u_pc_reg._155_/CLK (sky130_fd_sc_hd__dfxtp_4)
                          0.20    1.03   clock uncertainty
                          0.00    1.03   clock reconvergence pessimism
                         -0.03    0.99   library hold time
                                  0.99   data required time
-----------------------------------------------------------------------------
                                  0.99   data required time
                                 -3.56   data arrival time
-----------------------------------------------------------------------------
                                  2.56   slack (MET)


Startpoint: u_pc_reg._150_ (rising edge-triggered flip-flop clocked by clk)
Endpoint: u_pc_reg._150_ (rising edge-triggered flip-flop clocked by clk)
Path Group: clk
Path Type: min
Corner: Slowest

Fanout     Cap    Slew   Delay    Time   Description
-----------------------------------------------------------------------------
                          0.00    0.00   clock clk (rise edge)
                          0.00    0.00   clock source latency
                  0.00    0.00    0.00 ^ clk (in)
     3    0.19                           clk (net)
                  0.05    0.02    0.02 ^ clkbuf_0_clk/A (sky130_fd_sc_hd__clkbuf_16)
                  0.18    0.30    0.33 ^ clkbuf_0_clk/X (sky130_fd_sc_hd__clkbuf_16)
     6    0.10                           clknet_0_clk (net)
                  0.18    0.01    0.33 ^ clkbuf_2_2_0_clk/A (sky130_fd_sc_hd__clkbuf_8)
                  0.34    0.46    0.80 ^ clkbuf_2_2_0_clk/X (sky130_fd_sc_hd__clkbuf_8)
    13    0.12                           clknet_2_2_0_clk (net)
                  0.34    0.02    0.82 ^ u_pc_reg._150_/CLK (sky130_fd_sc_hd__dfxtp_4)
                  0.40    1.05    1.87 v u_pc_reg._150_/Q (sky130_fd_sc_hd__dfxtp_4)
    13    0.18                           u_imem.addr[16] (net)
                  0.40    0.01    1.88 v u_pc_next_logic._0805_/A (sky130_fd_sc_hd__nor2_1)
                  0.14    0.28    2.17 ^ u_pc_next_logic._0805_/Y (sky130_fd_sc_hd__nor2_1)
     1    0.00                           u_pc_next_logic._0076_ (net)
                  0.14    0.00    2.17 ^ u_pc_next_logic._0807_/A (sky130_fd_sc_hd__nor2_1)
                  0.11    0.16    2.33 v u_pc_next_logic._0807_/Y (sky130_fd_sc_hd__nor2_1)
     2    0.01                           u_pc_next_logic.pc_plus4[16] (net)
                  0.11    0.00    2.33 v u_pc_next_logic._1238_/A1 (sky130_fd_sc_hd__a21oi_1)
                  0.16    0.23    2.56 ^ u_pc_next_logic._1238_/Y (sky130_fd_sc_hd__a21oi_1)
     1    0.00                           u_pc_next_logic._0477_ (net)
                  0.16    0.00    2.56 ^ u_pc_next_logic._1239_/A2 (sky130_fd_sc_hd__a21oi_1)
                  0.13    0.19    2.76 v u_pc_next_logic._1239_/Y (sky130_fd_sc_hd__a21oi_1)
     1    0.01                           u_pc_next_logic._0478_ (net)
                  0.13    0.00    2.76 v u_pc_next_logic._1253_/B1 (sky130_fd_sc_hd__a32o_1)
                  0.06    0.38    3.14 v u_pc_next_logic._1253_/X (sky130_fd_sc_hd__a32o_1)
     1    0.00                           u_pc_next_logic.pc_next[16] (net)
                  0.06    0.00    3.14 v u_pc_reg._101_/B (sky130_fd_sc_hd__and2_1)
                  0.07    0.31    3.44 v u_pc_reg._101_/X (sky130_fd_sc_hd__and2_1)
     1    0.00                           u_pc_reg._032_ (net)
                  0.07    0.00    3.44 v u_pc_reg._102_/A (sky130_fd_sc_hd__clkbuf_1)
                  0.04    0.15    3.59 v u_pc_reg._102_/X (sky130_fd_sc_hd__clkbuf_1)
     1    0.00                           u_pc_reg._016_ (net)
                  0.04    0.00    3.59 v u_pc_reg._150_/D (sky130_fd_sc_hd__dfxtp_4)
                                  3.59   data arrival time

                          0.00    0.00   clock clk (rise edge)
                          0.00    0.00   clock source latency
                  0.00    0.00    0.00 ^ clk (in)
     3    0.19                           clk (net)
                  0.05    0.02    0.02 ^ clkbuf_0_clk/A (sky130_fd_sc_hd__clkbuf_16)
                  0.18    0.30    0.33 ^ clkbuf_0_clk/X (sky130_fd_sc_hd__clkbuf_16)
     6    0.10                           clknet_0_clk (net)
                  0.18    0.01    0.33 ^ clkbuf_2_2_0_clk/A (sky130_fd_sc_hd__clkbuf_8)
                  0.34    0.46    0.80 ^ clkbuf_2_2_0_clk/X (sky130_fd_sc_hd__clkbuf_8)
    13    0.12                           clknet_2_2_0_clk (net)
                  0.34    0.02    0.82 ^ u_pc_reg._150_/CLK (sky130_fd_sc_hd__dfxtp_4)
                          0.20    1.02   clock uncertainty
                          0.00    1.02   clock reconvergence pessimism
                         -0.02    1.00   library hold time
                                  1.00   data required time
-----------------------------------------------------------------------------
                                  1.00   data required time
                                 -3.59   data arrival time
-----------------------------------------------------------------------------
                                  2.60   slack (MET)


Startpoint: u_pc_reg._165_ (rising edge-triggered flip-flop clocked by clk)
Endpoint: u_pc_reg._165_ (rising edge-triggered flip-flop clocked by clk)
Path Group: clk
Path Type: min
Corner: Slowest

Fanout     Cap    Slew   Delay    Time   Description
-----------------------------------------------------------------------------
                          0.00    0.00   clock clk (rise edge)
                          0.00    0.00   clock source latency
                  0.00    0.00    0.00 ^ clk (in)
     3    0.19                           clk (net)
                  0.05    0.02    0.02 ^ clkbuf_0_clk/A (sky130_fd_sc_hd__clkbuf_16)
                  0.18    0.30    0.33 ^ clkbuf_0_clk/X (sky130_fd_sc_hd__clkbuf_16)
     6    0.10                           clknet_0_clk (net)
                  0.18    0.01    0.33 ^ clkbuf_2_3_0_clk/A (sky130_fd_sc_hd__clkbuf_8)
                  0.67    0.60    0.93 ^ clkbuf_2_3_0_clk/X (sky130_fd_sc_hd__clkbuf_8)
     7    0.26                           clknet_2_3_0_clk (net)
                  0.69    0.09    1.02 ^ u_pc_reg._165_/CLK (sky130_fd_sc_hd__dfxtp_4)
                  0.25    1.08    2.10 v u_pc_reg._165_/Q (sky130_fd_sc_hd__dfxtp_4)
     6    0.10                           u_imem.addr[31] (net)
                  0.25    0.03    2.13 v u_pc_next_logic._1599_/A (sky130_fd_sc_hd__xnor2_1)
                  0.12    0.41    2.54 ^ u_pc_next_logic._1599_/Y (sky130_fd_sc_hd__xnor2_1)
     2    0.01                           u_pc_next_logic._0052_ (net)
                  0.12    0.00    2.54 ^ u_pc_next_logic._1600_/B1 (sky130_fd_sc_hd__a21oi_1)
                  0.11    0.14    2.67 v u_pc_next_logic._1600_/Y (sky130_fd_sc_hd__a21oi_1)
     1    0.01                           u_pc_next_logic._0053_ (net)
                  0.11    0.00    2.68 v u_pc_next_logic._1602_/A1 (sky130_fd_sc_hd__o21ai_4)
                  0.23    0.49    3.16 ^ u_pc_next_logic._1602_/Y (sky130_fd_sc_hd__o21ai_4)
     1    0.04                           u_pc_next_logic._0055_ (net)
                  0.23    0.01    3.17 ^ u_pc_next_logic._1603_/B2 (sky130_fd_sc_hd__o32a_1)
                  0.07    0.30    3.47 ^ u_pc_next_logic._1603_/X (sky130_fd_sc_hd__o32a_1)
     1    0.00                           u_pc_next_logic.pc_next[31] (net)
                  0.07    0.00    3.47 ^ u_pc_reg._132_/B (sky130_fd_sc_hd__and2_1)
                  0.08    0.23    3.70 ^ u_pc_reg._132_/X (sky130_fd_sc_hd__and2_1)
     1    0.00                           u_pc_reg._048_ (net)
                  0.08    0.00    3.70 ^ u_pc_reg._133_/A (sky130_fd_sc_hd__clkbuf_1)
                  0.07    0.15    3.85 ^ u_pc_reg._133_/X (sky130_fd_sc_hd__clkbuf_1)
     1    0.00                           u_pc_reg._031_ (net)
                  0.07    0.00    3.85 ^ u_pc_reg._165_/D (sky130_fd_sc_hd__dfxtp_4)
                                  3.85   data arrival time

                          0.00    0.00   clock clk (rise edge)
                          0.00    0.00   clock source latency
                  0.00    0.00    0.00 ^ clk (in)
     3    0.19                           clk (net)
                  0.05    0.02    0.02 ^ clkbuf_0_clk/A (sky130_fd_sc_hd__clkbuf_16)
                  0.18    0.30    0.33 ^ clkbuf_0_clk/X (sky130_fd_sc_hd__clkbuf_16)
     6    0.10                           clknet_0_clk (net)
                  0.18    0.01    0.33 ^ clkbuf_2_3_0_clk/A (sky130_fd_sc_hd__clkbuf_8)
                  0.67    0.60    0.93 ^ clkbuf_2_3_0_clk/X (sky130_fd_sc_hd__clkbuf_8)
     7    0.26                           clknet_2_3_0_clk (net)
                  0.69    0.09    1.02 ^ u_pc_reg._165_/CLK (sky130_fd_sc_hd__dfxtp_4)
                          0.20    1.22   clock uncertainty
                          0.00    1.22   clock reconvergence pessimism
                          0.03    1.25   library hold time
                                  1.25   data required time
-----------------------------------------------------------------------------
                                  1.25   data required time
                                 -3.85   data arrival time
-----------------------------------------------------------------------------
                                  2.60   slack (MET)


Startpoint: u_pc_reg._161_ (rising edge-triggered flip-flop clocked by clk)
Endpoint: u_pc_reg._161_ (rising edge-triggered flip-flop clocked by clk)
Path Group: clk
Path Type: min
Corner: Slowest

Fanout     Cap    Slew   Delay    Time   Description
-----------------------------------------------------------------------------
                          0.00    0.00   clock clk (rise edge)
                          0.00    0.00   clock source latency
                  0.00    0.00    0.00 ^ clk (in)
     3    0.19                           clk (net)
                  0.05    0.02    0.02 ^ clkbuf_0_clk/A (sky130_fd_sc_hd__clkbuf_16)
                  0.18    0.30    0.33 ^ clkbuf_0_clk/X (sky130_fd_sc_hd__clkbuf_16)
     6    0.10                           clknet_0_clk (net)
                  0.18    0.01    0.33 ^ clkbuf_2_2_0_clk/A (sky130_fd_sc_hd__clkbuf_8)
                  0.34    0.46    0.80 ^ clkbuf_2_2_0_clk/X (sky130_fd_sc_hd__clkbuf_8)
    13    0.12                           clknet_2_2_0_clk (net)
                  0.34    0.02    0.82 ^ u_pc_reg._161_/CLK (sky130_fd_sc_hd__dfxtp_4)
                  0.42    1.06    1.88 v u_pc_reg._161_/Q (sky130_fd_sc_hd__dfxtp_4)
    13    0.19                           u_imem.addr[27] (net)
                  0.42    0.01    1.89 v u_pc_next_logic._1508_/A (sky130_fd_sc_hd__and2_1)
                  0.12    0.50    2.39 v u_pc_next_logic._1508_/X (sky130_fd_sc_hd__and2_1)
     3    0.01                           u_pc_next_logic._0736_ (net)
                  0.12    0.00    2.39 v u_pc_next_logic._1511_/A1 (sky130_fd_sc_hd__o21ai_1)
                  0.15    0.26    2.65 ^ u_pc_next_logic._1511_/Y (sky130_fd_sc_hd__o21ai_1)
     1    0.00                           u_pc_next_logic._0739_ (net)
                  0.15    0.00    2.65 ^ u_pc_next_logic._1513_/A2 (sky130_fd_sc_hd__a31o_1)
                  0.11    0.35    3.00 ^ u_pc_next_logic._1513_/X (sky130_fd_sc_hd__a31o_1)
     1    0.01                           u_pc_next_logic._0741_ (net)
                  0.11    0.00    3.00 ^ u_pc_next_logic._1514_/B2 (sky130_fd_sc_hd__o22a_1)
                  0.07    0.23    3.23 ^ u_pc_next_logic._1514_/X (sky130_fd_sc_hd__o22a_1)
     1    0.00                           u_pc_next_logic.pc_next[27] (net)
                  0.07    0.00    3.23 ^ u_pc_reg._124_/B (sky130_fd_sc_hd__and2_1)
                  0.08    0.23    3.46 ^ u_pc_reg._124_/X (sky130_fd_sc_hd__and2_1)
     1    0.00                           u_pc_reg._044_ (net)
                  0.08    0.00    3.46 ^ u_pc_reg._125_/A (sky130_fd_sc_hd__clkbuf_1)
                  0.06    0.15    3.61 ^ u_pc_reg._125_/X (sky130_fd_sc_hd__clkbuf_1)
     1    0.00                           u_pc_reg._027_ (net)
                  0.06    0.00    3.61 ^ u_pc_reg._161_/D (sky130_fd_sc_hd__dfxtp_4)
                                  3.61   data arrival time

                          0.00    0.00   clock clk (rise edge)
                          0.00    0.00   clock source latency
                  0.00    0.00    0.00 ^ clk (in)
     3    0.19                           clk (net)
                  0.05    0.02    0.02 ^ clkbuf_0_clk/A (sky130_fd_sc_hd__clkbuf_16)
                  0.18    0.30    0.33 ^ clkbuf_0_clk/X (sky130_fd_sc_hd__clkbuf_16)
     6    0.10                           clknet_0_clk (net)
                  0.18    0.01    0.33 ^ clkbuf_2_2_0_clk/A (sky130_fd_sc_hd__clkbuf_8)
                  0.34    0.46    0.80 ^ clkbuf_2_2_0_clk/X (sky130_fd_sc_hd__clkbuf_8)
    13    0.12                           clknet_2_2_0_clk (net)
                  0.34    0.02    0.82 ^ u_pc_reg._161_/CLK (sky130_fd_sc_hd__dfxtp_4)
                          0.20    1.02   clock uncertainty
                          0.00    1.02   clock reconvergence pessimism
                         -0.03    0.99   library hold time
                                  0.99   data required time
-----------------------------------------------------------------------------
                                  0.99   data required time
                                 -3.61   data arrival time
-----------------------------------------------------------------------------
                                  2.61   slack (MET)


Startpoint: u_pc_reg._146_ (rising edge-triggered flip-flop clocked by clk)
Endpoint: u_pc_reg._146_ (rising edge-triggered flip-flop clocked by clk)
Path Group: clk
Path Type: min
Corner: Slowest

Fanout     Cap    Slew   Delay    Time   Description
-----------------------------------------------------------------------------
                          0.00    0.00   clock clk (rise edge)
                          0.00    0.00   clock source latency
                  0.00    0.00    0.00 ^ clk (in)
     3    0.19                           clk (net)
                  0.05    0.02    0.02 ^ clkbuf_0_clk/A (sky130_fd_sc_hd__clkbuf_16)
                  0.18    0.30    0.33 ^ clkbuf_0_clk/X (sky130_fd_sc_hd__clkbuf_16)
     6    0.10                           clknet_0_clk (net)
                  0.18    0.01    0.33 ^ clkbuf_2_3_0_clk/A (sky130_fd_sc_hd__clkbuf_8)
                  0.67    0.60    0.93 ^ clkbuf_2_3_0_clk/X (sky130_fd_sc_hd__clkbuf_8)
     7    0.26                           clknet_2_3_0_clk (net)
                  0.67    0.05    0.98 ^ u_pc_reg._146_/CLK (sky130_fd_sc_hd__dfxtp_4)
                  0.24    1.08    2.06 v u_pc_reg._146_/Q (sky130_fd_sc_hd__dfxtp_4)
    12    0.10                           u_imem.addr[12] (net)
                  0.24    0.01    2.07 v u_pc_next_logic._1138_/A (sky130_fd_sc_hd__nor2_1)
                  0.14    0.25    2.31 ^ u_pc_next_logic._1138_/Y (sky130_fd_sc_hd__nor2_1)
     1    0.00                           u_pc_next_logic._0381_ (net)
                  0.14    0.00    2.31 ^ u_pc_next_logic._1139_/B (sky130_fd_sc_hd__nor2_1)
                  0.12    0.16    2.48 v u_pc_next_logic._1139_/Y (sky130_fd_sc_hd__nor2_1)
     3    0.01                           u_pc_next_logic._0382_ (net)
                  0.12    0.00    2.48 v u_pc_next_logic._1145_/A (sky130_fd_sc_hd__xor2_1)
                  0.19    0.28    2.76 ^ u_pc_next_logic._1145_/X (sky130_fd_sc_hd__xor2_1)
     1    0.00                           u_pc_next_logic._0388_ (net)
                  0.19    0.00    2.76 ^ u_pc_next_logic._1146_/A1 (sky130_fd_sc_hd__mux2_1)
                  0.16    0.36    3.12 ^ u_pc_next_logic._1146_/X (sky130_fd_sc_hd__mux2_1)
     1    0.01                           u_pc_next_logic._0389_ (net)
                  0.16    0.00    3.12 ^ u_pc_next_logic._1147_/A1 (sky130_fd_sc_hd__mux2_1)
                  0.07    0.27    3.38 ^ u_pc_next_logic._1147_/X (sky130_fd_sc_hd__mux2_1)
     1    0.00                           u_pc_next_logic._0390_ (net)
                  0.07    0.00    3.39 ^ u_pc_next_logic._1148_/A (sky130_fd_sc_hd__clkbuf_1)
                  0.07    0.15    3.54 ^ u_pc_next_logic._1148_/X (sky130_fd_sc_hd__clkbuf_1)
     1    0.00                           u_pc_next_logic.pc_next[12] (net)
                  0.07    0.00    3.54 ^ u_pc_reg._093_/B (sky130_fd_sc_hd__and2_1)
                  0.08    0.23    3.76 ^ u_pc_reg._093_/X (sky130_fd_sc_hd__and2_1)
     1    0.00                           u_pc_reg._063_ (net)
                  0.08    0.00    3.76 ^ u_pc_reg._094_/A (sky130_fd_sc_hd__clkbuf_1)
                  0.07    0.16    3.92 ^ u_pc_reg._094_/X (sky130_fd_sc_hd__clkbuf_1)
     1    0.00                           u_pc_reg._012_ (net)
                  0.07    0.00    3.92 ^ u_pc_reg._146_/D (sky130_fd_sc_hd__dfxtp_4)
                                  3.92   data arrival time

                          0.00    0.00   clock clk (rise edge)
                          0.00    0.00   clock source latency
                  0.00    0.00    0.00 ^ clk (in)
     3    0.19                           clk (net)
                  0.05    0.02    0.02 ^ clkbuf_0_clk/A (sky130_fd_sc_hd__clkbuf_16)
                  0.18    0.30    0.33 ^ clkbuf_0_clk/X (sky130_fd_sc_hd__clkbuf_16)
     6    0.10                           clknet_0_clk (net)
                  0.18    0.01    0.33 ^ clkbuf_2_3_0_clk/A (sky130_fd_sc_hd__clkbuf_8)
                  0.67    0.60    0.93 ^ clkbuf_2_3_0_clk/X (sky130_fd_sc_hd__clkbuf_8)
     7    0.26                           clknet_2_3_0_clk (net)
                  0.67    0.05    0.98 ^ u_pc_reg._146_/CLK (sky130_fd_sc_hd__dfxtp_4)
                          0.20    1.18   clock uncertainty
                          0.00    1.18   clock reconvergence pessimism
                          0.02    1.21   library hold time
                                  1.21   data required time
-----------------------------------------------------------------------------
                                  1.21   data required time
                                 -3.92   data arrival time
-----------------------------------------------------------------------------
                                  2.71   slack (MET)


Startpoint: u_pc_reg._143_ (rising edge-triggered flip-flop clocked by clk)
Endpoint: u_pc_reg._143_ (rising edge-triggered flip-flop clocked by clk)
Path Group: clk
Path Type: min
Corner: Slowest

Fanout     Cap    Slew   Delay    Time   Description
-----------------------------------------------------------------------------
                          0.00    0.00   clock clk (rise edge)
                          0.00    0.00   clock source latency
                  0.00    0.00    0.00 ^ clk (in)
     3    0.19                           clk (net)
                  0.05    0.02    0.02 ^ clkbuf_0_clk/A (sky130_fd_sc_hd__clkbuf_16)
                  0.18    0.30    0.33 ^ clkbuf_0_clk/X (sky130_fd_sc_hd__clkbuf_16)
     6    0.10                           clknet_0_clk (net)
                  0.18    0.01    0.33 ^ clkbuf_2_0_0_clk/A (sky130_fd_sc_hd__clkbuf_8)
                  0.59    0.57    0.91 ^ clkbuf_2_0_0_clk/X (sky130_fd_sc_hd__clkbuf_8)
     8    0.22                           clknet_2_0_0_clk (net)
                  0.59    0.05    0.96 ^ u_pc_reg._143_/CLK (sky130_fd_sc_hd__dfxtp_4)
                  0.26    1.06    2.01 v u_pc_reg._143_/Q (sky130_fd_sc_hd__dfxtp_4)
    14    0.11                           u_imem.addr[9] (net)
                  0.26    0.02    2.03 v u_pc_next_logic._1059_/A (sky130_fd_sc_hd__nand2_1)
                  0.11    0.21    2.24 ^ u_pc_next_logic._1059_/Y (sky130_fd_sc_hd__nand2_1)
     2    0.01                           u_pc_next_logic._0305_ (net)
                  0.11    0.00    2.24 ^ u_pc_next_logic._1061_/A (sky130_fd_sc_hd__nand2_1)
                  0.14    0.17    2.41 v u_pc_next_logic._1061_/Y (sky130_fd_sc_hd__nand2_1)
     2    0.01                           u_pc_next_logic._0307_ (net)
                  0.14    0.00    2.41 v u_pc_next_logic._1063_/A (sky130_fd_sc_hd__xnor2_1)
                  0.10    0.32    2.73 ^ u_pc_next_logic._1063_/Y (sky130_fd_sc_hd__xnor2_1)
     1    0.00                           u_pc_next_logic._0309_ (net)
                  0.10    0.00    2.73 ^ u_pc_next_logic._1070_/A0 (sky130_fd_sc_hd__mux2_1)
                  0.36    0.46    3.19 ^ u_pc_next_logic._1070_/X (sky130_fd_sc_hd__mux2_1)
     1    0.02                           u_pc_next_logic._0316_ (net)
                  0.36    0.00    3.19 ^ u_pc_next_logic._1071_/B1 (sky130_fd_sc_hd__o22a_1)
                  0.07    0.36    3.55 ^ u_pc_next_logic._1071_/X (sky130_fd_sc_hd__o22a_1)
     1    0.00                           u_pc_next_logic.pc_next[9] (net)
                  0.07    0.00    3.55 ^ u_pc_reg._086_/B (sky130_fd_sc_hd__and2_1)
                  0.08    0.22    3.77 ^ u_pc_reg._086_/X (sky130_fd_sc_hd__and2_1)
     1    0.00                           u_pc_reg._059_ (net)
                  0.08    0.00    3.77 ^ u_pc_reg._087_/A (sky130_fd_sc_hd__clkbuf_1)
                  0.07    0.15    3.92 ^ u_pc_reg._087_/X (sky130_fd_sc_hd__clkbuf_1)
     1    0.00                           u_pc_reg._009_ (net)
                  0.07    0.00    3.92 ^ u_pc_reg._143_/D (sky130_fd_sc_hd__dfxtp_4)
                                  3.92   data arrival time

                          0.00    0.00   clock clk (rise edge)
                          0.00    0.00   clock source latency
                  0.00    0.00    0.00 ^ clk (in)
     3    0.19                           clk (net)
                  0.05    0.02    0.02 ^ clkbuf_0_clk/A (sky130_fd_sc_hd__clkbuf_16)
                  0.18    0.30    0.33 ^ clkbuf_0_clk/X (sky130_fd_sc_hd__clkbuf_16)
     6    0.10                           clknet_0_clk (net)
                  0.18    0.01    0.33 ^ clkbuf_2_0_0_clk/A (sky130_fd_sc_hd__clkbuf_8)
                  0.59    0.57    0.91 ^ clkbuf_2_0_0_clk/X (sky130_fd_sc_hd__clkbuf_8)
     8    0.22                           clknet_2_0_0_clk (net)
                  0.59    0.05    0.96 ^ u_pc_reg._143_/CLK (sky130_fd_sc_hd__dfxtp_4)
                          0.20    1.16   clock uncertainty
                          0.00    1.16   clock reconvergence pessimism
                          0.01    1.17   library hold time
                                  1.17   data required time
-----------------------------------------------------------------------------
                                  1.17   data required time
                                 -3.92   data arrival time
-----------------------------------------------------------------------------
                                  2.75   slack (MET)


Startpoint: u_pc_reg._137_ (rising edge-triggered flip-flop clocked by clk)
Endpoint: u_pc_reg._137_ (rising edge-triggered flip-flop clocked by clk)
Path Group: clk
Path Type: min
Corner: Slowest

Fanout     Cap    Slew   Delay    Time   Description
-----------------------------------------------------------------------------
                          0.00    0.00   clock clk (rise edge)
                          0.00    0.00   clock source latency
                  0.00    0.00    0.00 ^ clk (in)
     3    0.19                           clk (net)
                  0.05    0.02    0.02 ^ clkbuf_0_clk/A (sky130_fd_sc_hd__clkbuf_16)
                  0.18    0.30    0.33 ^ clkbuf_0_clk/X (sky130_fd_sc_hd__clkbuf_16)
     6    0.10                           clknet_0_clk (net)
                  0.18    0.01    0.33 ^ clkbuf_2_0_0_clk/A (sky130_fd_sc_hd__clkbuf_8)
                  0.59    0.57    0.91 ^ clkbuf_2_0_0_clk/X (sky130_fd_sc_hd__clkbuf_8)
     8    0.22                           clknet_2_0_0_clk (net)
                  0.59    0.06    0.96 ^ u_pc_reg._137_/CLK (sky130_fd_sc_hd__dfxtp_4)
                  0.17    0.98    1.95 v u_pc_reg._137_/Q (sky130_fd_sc_hd__dfxtp_4)
    10    0.06                           u_imem.addr[3] (net)
                  0.17    0.01    1.96 v u_pc_next_logic._0772_/B (sky130_fd_sc_hd__xor2_1)
                  0.40    0.44    2.39 ^ u_pc_next_logic._0772_/X (sky130_fd_sc_hd__xor2_1)
     2    0.01                           u_pc_next_logic.pc_plus4[3] (net)
                  0.40    0.00    2.39 ^ u_pc_next_logic._0922_/A0 (sky130_fd_sc_hd__mux2_1)
                  0.17    0.44    2.83 ^ u_pc_next_logic._0922_/X (sky130_fd_sc_hd__mux2_1)
     1    0.01                           u_pc_next_logic._0174_ (net)
                  0.17    0.00    2.83 ^ u_pc_next_logic._0928_/A0 (sky130_fd_sc_hd__mux2_1)
                  0.14    0.33    3.16 ^ u_pc_next_logic._0928_/X (sky130_fd_sc_hd__mux2_1)
     1    0.01                           u_pc_next_logic._0180_ (net)
                  0.14    0.00    3.16 ^ u_pc_next_logic._0929_/A1 (sky130_fd_sc_hd__mux2_1)
                  0.07    0.26    3.42 ^ u_pc_next_logic._0929_/X (sky130_fd_sc_hd__mux2_1)
     1    0.00                           u_pc_next_logic._0181_ (net)
                  0.07    0.00    3.42 ^ u_pc_next_logic._0930_/A (sky130_fd_sc_hd__clkbuf_1)
                  0.07    0.15    3.57 ^ u_pc_next_logic._0930_/X (sky130_fd_sc_hd__clkbuf_1)
     1    0.00                           u_pc_next_logic.pc_next[3] (net)
                  0.07    0.00    3.57 ^ u_pc_reg._074_/B (sky130_fd_sc_hd__and2_1)
                  0.07    0.22    3.79 ^ u_pc_reg._074_/X (sky130_fd_sc_hd__and2_1)
     1    0.00                           u_pc_reg._053_ (net)
                  0.07    0.00    3.79 ^ u_pc_reg._075_/A (sky130_fd_sc_hd__clkbuf_1)
                  0.07    0.15    3.94 ^ u_pc_reg._075_/X (sky130_fd_sc_hd__clkbuf_1)
     1    0.00                           u_pc_reg._003_ (net)
                  0.07    0.00    3.94 ^ u_pc_reg._137_/D (sky130_fd_sc_hd__dfxtp_4)
                                  3.94   data arrival time

                          0.00    0.00   clock clk (rise edge)
                          0.00    0.00   clock source latency
                  0.00    0.00    0.00 ^ clk (in)
     3    0.19                           clk (net)
                  0.05    0.02    0.02 ^ clkbuf_0_clk/A (sky130_fd_sc_hd__clkbuf_16)
                  0.18    0.30    0.33 ^ clkbuf_0_clk/X (sky130_fd_sc_hd__clkbuf_16)
     6    0.10                           clknet_0_clk (net)
                  0.18    0.01    0.33 ^ clkbuf_2_0_0_clk/A (sky130_fd_sc_hd__clkbuf_8)
                  0.59    0.57    0.91 ^ clkbuf_2_0_0_clk/X (sky130_fd_sc_hd__clkbuf_8)
     8    0.22                           clknet_2_0_0_clk (net)
                  0.59    0.06    0.96 ^ u_pc_reg._137_/CLK (sky130_fd_sc_hd__dfxtp_4)
                          0.20    1.16   clock uncertainty
                          0.00    1.16   clock reconvergence pessimism
                          0.01    1.18   library hold time
                                  1.18   data required time
-----------------------------------------------------------------------------
                                  1.18   data required time
                                 -3.94   data arrival time
-----------------------------------------------------------------------------
                                  2.76   slack (MET)


Startpoint: u_pc_reg._158_ (rising edge-triggered flip-flop clocked by clk)
Endpoint: u_pc_reg._158_ (rising edge-triggered flip-flop clocked by clk)
Path Group: clk
Path Type: min
Corner: Slowest

Fanout     Cap    Slew   Delay    Time   Description
-----------------------------------------------------------------------------
                          0.00    0.00   clock clk (rise edge)
                          0.00    0.00   clock source latency
                  0.00    0.00    0.00 ^ clk (in)
     3    0.19                           clk (net)
                  0.05    0.02    0.02 ^ clkbuf_0_clk/A (sky130_fd_sc_hd__clkbuf_16)
                  0.18    0.30    0.33 ^ clkbuf_0_clk/X (sky130_fd_sc_hd__clkbuf_16)
     6    0.10                           clknet_0_clk (net)
                  0.18    0.01    0.33 ^ clkbuf_2_2_0_clk/A (sky130_fd_sc_hd__clkbuf_8)
                  0.34    0.46    0.80 ^ clkbuf_2_2_0_clk/X (sky130_fd_sc_hd__clkbuf_8)
    13    0.12                           clknet_2_2_0_clk (net)
                  0.34    0.02    0.82 ^ u_pc_reg._158_/CLK (sky130_fd_sc_hd__dfxtp_4)
                  0.42    1.06    1.88 v u_pc_reg._158_/Q (sky130_fd_sc_hd__dfxtp_4)
    12    0.19                           u_imem.addr[24] (net)
                  0.43    0.02    1.91 v u_pc_next_logic._0832_/A (sky130_fd_sc_hd__xor2_2)
                  0.38    0.57    2.47 ^ u_pc_next_logic._0832_/X (sky130_fd_sc_hd__xor2_2)
     2    0.02                           u_pc_next_logic.pc_plus4[24] (net)
                  0.38    0.00    2.48 ^ u_pc_next_logic._1438_/A1 (sky130_fd_sc_hd__a211o_1)
                  0.24    0.48    2.96 ^ u_pc_next_logic._1438_/X (sky130_fd_sc_hd__a211o_1)
     1    0.02                           u_pc_next_logic._0669_ (net)
                  0.24    0.00    2.96 ^ u_pc_next_logic._1452_/A3 (sky130_fd_sc_hd__a31o_1)
                  0.10    0.37    3.33 ^ u_pc_next_logic._1452_/X (sky130_fd_sc_hd__a31o_1)
     1    0.00                           u_pc_next_logic.pc_next[24] (net)
                  0.10    0.00    3.33 ^ u_pc_reg._118_/B (sky130_fd_sc_hd__and2_1)
                  0.11    0.26    3.59 ^ u_pc_reg._118_/X (sky130_fd_sc_hd__and2_1)
     1    0.01                           u_pc_reg._041_ (net)
                  0.11    0.00    3.60 ^ u_pc_reg._119_/A (sky130_fd_sc_hd__clkbuf_1)
                  0.07    0.16    3.76 ^ u_pc_reg._119_/X (sky130_fd_sc_hd__clkbuf_1)
     1    0.00                           u_pc_reg._024_ (net)
                  0.07    0.00    3.76 ^ u_pc_reg._158_/D (sky130_fd_sc_hd__dfxtp_4)
                                  3.76   data arrival time

                          0.00    0.00   clock clk (rise edge)
                          0.00    0.00   clock source latency
                  0.00    0.00    0.00 ^ clk (in)
     3    0.19                           clk (net)
                  0.05    0.02    0.02 ^ clkbuf_0_clk/A (sky130_fd_sc_hd__clkbuf_16)
                  0.18    0.30    0.33 ^ clkbuf_0_clk/X (sky130_fd_sc_hd__clkbuf_16)
     6    0.10                           clknet_0_clk (net)
                  0.18    0.01    0.33 ^ clkbuf_2_2_0_clk/A (sky130_fd_sc_hd__clkbuf_8)
                  0.34    0.46    0.80 ^ clkbuf_2_2_0_clk/X (sky130_fd_sc_hd__clkbuf_8)
    13    0.12                           clknet_2_2_0_clk (net)
                  0.34    0.02    0.82 ^ u_pc_reg._158_/CLK (sky130_fd_sc_hd__dfxtp_4)
                          0.20    1.02   clock uncertainty
                          0.00    1.02   clock reconvergence pessimism
                         -0.03    0.99   library hold time
                                  0.99   data required time
-----------------------------------------------------------------------------
                                  0.99   data required time
                                 -3.76   data arrival time
-----------------------------------------------------------------------------
                                  2.77   slack (MET)


Startpoint: u_pc_reg._150_ (rising edge-triggered flip-flop clocked by clk)
Endpoint: u_pc_reg._151_ (rising edge-triggered flip-flop clocked by clk)
Path Group: clk
Path Type: min
Corner: Slowest

Fanout     Cap    Slew   Delay    Time   Description
-----------------------------------------------------------------------------
                          0.00    0.00   clock clk (rise edge)
                          0.00    0.00   clock source latency
                  0.00    0.00    0.00 ^ clk (in)
     3    0.19                           clk (net)
                  0.05    0.02    0.02 ^ clkbuf_0_clk/A (sky130_fd_sc_hd__clkbuf_16)
                  0.18    0.30    0.33 ^ clkbuf_0_clk/X (sky130_fd_sc_hd__clkbuf_16)
     6    0.10                           clknet_0_clk (net)
                  0.18    0.01    0.33 ^ clkbuf_2_2_0_clk/A (sky130_fd_sc_hd__clkbuf_8)
                  0.34    0.46    0.80 ^ clkbuf_2_2_0_clk/X (sky130_fd_sc_hd__clkbuf_8)
    13    0.12                           clknet_2_2_0_clk (net)
                  0.34    0.02    0.82 ^ u_pc_reg._150_/CLK (sky130_fd_sc_hd__dfxtp_4)
                  0.40    1.05    1.87 v u_pc_reg._150_/Q (sky130_fd_sc_hd__dfxtp_4)
    13    0.18                           u_imem.addr[16] (net)
                  0.40    0.01    1.88 v u_pc_next_logic._1248_/A (sky130_fd_sc_hd__nand2_1)
                  0.18    0.32    2.20 ^ u_pc_next_logic._1248_/Y (sky130_fd_sc_hd__nand2_1)
     3    0.01                           u_pc_next_logic._0487_ (net)
                  0.18    0.00    2.20 ^ u_pc_next_logic._1260_/B1 (sky130_fd_sc_hd__o21ai_1)
                  0.11    0.20    2.39 v u_pc_next_logic._1260_/Y (sky130_fd_sc_hd__o21ai_1)
     1    0.01                           u_pc_next_logic._0498_ (net)
                  0.11    0.00    2.39 v u_pc_next_logic._1261_/B (sky130_fd_sc_hd__xnor2_1)
                  0.12    0.32    2.71 ^ u_pc_next_logic._1261_/Y (sky130_fd_sc_hd__xnor2_1)
     1    0.01                           u_pc_next_logic._0499_ (net)
                  0.12    0.00    2.71 ^ u_pc_next_logic._1267_/A2 (sky130_fd_sc_hd__a211o_2)
                  0.39    0.53    3.24 ^ u_pc_next_logic._1267_/X (sky130_fd_sc_hd__a211o_2)
     1    0.05                           u_pc_next_logic._0505_ (net)
                  0.39    0.02    3.25 ^ u_pc_next_logic._1268_/B1 (sky130_fd_sc_hd__o21a_1)
                  0.06    0.33    3.58 ^ u_pc_next_logic._1268_/X (sky130_fd_sc_hd__o21a_1)
     1    0.00                           u_pc_next_logic.pc_next[17] (net)
                  0.06    0.00    3.58 ^ u_pc_reg._103_/B (sky130_fd_sc_hd__and2_1)
                  0.07    0.22    3.80 ^ u_pc_reg._103_/X (sky130_fd_sc_hd__and2_1)
     1    0.00                           u_pc_reg._033_ (net)
                  0.07    0.00    3.80 ^ u_pc_reg._104_/A (sky130_fd_sc_hd__clkbuf_1)
                  0.06    0.14    3.94 ^ u_pc_reg._104_/X (sky130_fd_sc_hd__clkbuf_1)
     1    0.00                           u_pc_reg._017_ (net)
                  0.06    0.00    3.94 ^ u_pc_reg._151_/D (sky130_fd_sc_hd__dfxtp_4)
                                  3.94   data arrival time

                          0.00    0.00   clock clk (rise edge)
                          0.00    0.00   clock source latency
                  0.00    0.00    0.00 ^ clk (in)
     3    0.19                           clk (net)
                  0.05    0.02    0.02 ^ clkbuf_0_clk/A (sky130_fd_sc_hd__clkbuf_16)
                  0.18    0.30    0.33 ^ clkbuf_0_clk/X (sky130_fd_sc_hd__clkbuf_16)
     6    0.10                           clknet_0_clk (net)
                  0.18    0.01    0.33 ^ clkbuf_2_0_0_clk/A (sky130_fd_sc_hd__clkbuf_8)
                  0.59    0.57    0.91 ^ clkbuf_2_0_0_clk/X (sky130_fd_sc_hd__clkbuf_8)
     8    0.22                           clknet_2_0_0_clk (net)
                  0.59    0.05    0.96 ^ u_pc_reg._151_/CLK (sky130_fd_sc_hd__dfxtp_4)
                          0.20    1.16   clock uncertainty
                          0.00    1.16   clock reconvergence pessimism
                          0.01    1.17   library hold time
                                  1.17   data required time
-----------------------------------------------------------------------------
                                  1.17   data required time
                                 -3.94   data arrival time
-----------------------------------------------------------------------------
                                  2.77   slack (MET)


Startpoint: u_pc_reg._149_ (rising edge-triggered flip-flop clocked by clk)
Endpoint: u_pc_reg._149_ (rising edge-triggered flip-flop clocked by clk)
Path Group: clk
Path Type: min
Corner: Slowest

Fanout     Cap    Slew   Delay    Time   Description
-----------------------------------------------------------------------------
                          0.00    0.00   clock clk (rise edge)
                          0.00    0.00   clock source latency
                  0.00    0.00    0.00 ^ clk (in)
     3    0.19                           clk (net)
                  0.05    0.02    0.02 ^ clkbuf_0_clk/A (sky130_fd_sc_hd__clkbuf_16)
                  0.18    0.30    0.33 ^ clkbuf_0_clk/X (sky130_fd_sc_hd__clkbuf_16)
     6    0.10                           clknet_0_clk (net)
                  0.18    0.01    0.33 ^ clkbuf_2_0_0_clk/A (sky130_fd_sc_hd__clkbuf_8)
                  0.59    0.57    0.91 ^ clkbuf_2_0_0_clk/X (sky130_fd_sc_hd__clkbuf_8)
     8    0.22                           clknet_2_0_0_clk (net)
                  0.59    0.05    0.96 ^ u_pc_reg._149_/CLK (sky130_fd_sc_hd__dfxtp_4)
                  0.30    1.09    2.05 v u_pc_reg._149_/Q (sky130_fd_sc_hd__dfxtp_4)
    12    0.13                           u_imem.addr[15] (net)
                  0.31    0.02    2.07 v u_pc_next_logic._1198_/A (sky130_fd_sc_hd__nand2_1)
                  0.10    0.21    2.28 ^ u_pc_next_logic._1198_/Y (sky130_fd_sc_hd__nand2_1)
     2    0.01                           u_pc_next_logic._0438_ (net)
                  0.10    0.00    2.28 ^ u_pc_next_logic._1200_/A (sky130_fd_sc_hd__nand2_1)
                  0.19    0.20    2.48 v u_pc_next_logic._1200_/Y (sky130_fd_sc_hd__nand2_1)
     2    0.01                           u_pc_next_logic._0440_ (net)
                  0.19    0.00    2.49 v u_pc_next_logic._1203_/A (sky130_fd_sc_hd__xnor2_1)
                  0.10    0.33    2.82 ^ u_pc_next_logic._1203_/Y (sky130_fd_sc_hd__xnor2_1)
     1    0.00                           u_pc_next_logic._0443_ (net)
                  0.10    0.00    2.82 ^ u_pc_next_logic._1211_/A2 (sky130_fd_sc_hd__a211o_2)
                  0.28    0.45    3.27 ^ u_pc_next_logic._1211_/X (sky130_fd_sc_hd__a211o_2)
     1    0.04                           u_pc_next_logic._0451_ (net)
                  0.28    0.01    3.27 ^ u_pc_next_logic._1212_/B1 (sky130_fd_sc_hd__o21a_1)
                  0.07    0.30    3.57 ^ u_pc_next_logic._1212_/X (sky130_fd_sc_hd__o21a_1)
     1    0.00                           u_pc_next_logic.pc_next[15] (net)
                  0.07    0.00    3.57 ^ u_pc_reg._099_/B (sky130_fd_sc_hd__and2_1)
                  0.08    0.23    3.80 ^ u_pc_reg._099_/X (sky130_fd_sc_hd__and2_1)
     1    0.00                           u_pc_reg._066_ (net)
                  0.08    0.00    3.80 ^ u_pc_reg._100_/A (sky130_fd_sc_hd__clkbuf_1)
                  0.06    0.14    3.95 ^ u_pc_reg._100_/X (sky130_fd_sc_hd__clkbuf_1)
     1    0.00                           u_pc_reg._015_ (net)
                  0.06    0.00    3.95 ^ u_pc_reg._149_/D (sky130_fd_sc_hd__dfxtp_4)
                                  3.95   data arrival time

                          0.00    0.00   clock clk (rise edge)
                          0.00    0.00   clock source latency
                  0.00    0.00    0.00 ^ clk (in)
     3    0.19                           clk (net)
                  0.05    0.02    0.02 ^ clkbuf_0_clk/A (sky130_fd_sc_hd__clkbuf_16)
                  0.18    0.30    0.33 ^ clkbuf_0_clk/X (sky130_fd_sc_hd__clkbuf_16)
     6    0.10                           clknet_0_clk (net)
                  0.18    0.01    0.33 ^ clkbuf_2_0_0_clk/A (sky130_fd_sc_hd__clkbuf_8)
                  0.59    0.57    0.91 ^ clkbuf_2_0_0_clk/X (sky130_fd_sc_hd__clkbuf_8)
     8    0.22                           clknet_2_0_0_clk (net)
                  0.59    0.05    0.96 ^ u_pc_reg._149_/CLK (sky130_fd_sc_hd__dfxtp_4)
                          0.20    1.16   clock uncertainty
                          0.00    1.16   clock reconvergence pessimism
                          0.01    1.17   library hold time
                                  1.17   data required time
-----------------------------------------------------------------------------
                                  1.17   data required time
                                 -3.95   data arrival time
-----------------------------------------------------------------------------
                                  2.78   slack (MET)


Startpoint: u_pc_reg._143_ (rising edge-triggered flip-flop clocked by clk)
Endpoint: u_pc_reg._144_ (rising edge-triggered flip-flop clocked by clk)
Path Group: clk
Path Type: min
Corner: Slowest

Fanout     Cap    Slew   Delay    Time   Description
-----------------------------------------------------------------------------
                          0.00    0.00   clock clk (rise edge)
                          0.00    0.00   clock source latency
                  0.00    0.00    0.00 ^ clk (in)
     3    0.19                           clk (net)
                  0.05    0.02    0.02 ^ clkbuf_0_clk/A (sky130_fd_sc_hd__clkbuf_16)
                  0.18    0.30    0.33 ^ clkbuf_0_clk/X (sky130_fd_sc_hd__clkbuf_16)
     6    0.10                           clknet_0_clk (net)
                  0.18    0.01    0.33 ^ clkbuf_2_0_0_clk/A (sky130_fd_sc_hd__clkbuf_8)
                  0.59    0.57    0.91 ^ clkbuf_2_0_0_clk/X (sky130_fd_sc_hd__clkbuf_8)
     8    0.22                           clknet_2_0_0_clk (net)
                  0.59    0.05    0.96 ^ u_pc_reg._143_/CLK (sky130_fd_sc_hd__dfxtp_4)
                  0.26    1.06    2.01 v u_pc_reg._143_/Q (sky130_fd_sc_hd__dfxtp_4)
    14    0.11                           u_imem.addr[9] (net)
                  0.27    0.03    2.04 v u_pc_next_logic._0789_/A1 (sky130_fd_sc_hd__a21oi_1)
                  0.15    0.28    2.32 ^ u_pc_next_logic._0789_/Y (sky130_fd_sc_hd__a21oi_1)
     1    0.00                           u_pc_next_logic._0066_ (net)
                  0.15    0.00    2.32 ^ u_pc_next_logic._0790_/B (sky130_fd_sc_hd__nor2_1)
                  0.14    0.18    2.51 v u_pc_next_logic._0790_/Y (sky130_fd_sc_hd__nor2_1)
     2    0.01                           u_pc_next_logic.pc_plus4[10] (net)
                  0.14    0.00    2.51 v u_pc_next_logic._1085_/A1 (sky130_fd_sc_hd__a21oi_1)
                  0.23    0.30    2.81 ^ u_pc_next_logic._1085_/Y (sky130_fd_sc_hd__a21oi_1)
     1    0.01                           u_pc_next_logic._0330_ (net)
                  0.23    0.00    2.81 ^ u_pc_next_logic._1093_/A2 (sky130_fd_sc_hd__a221o_2)
                  0.24    0.52    3.33 ^ u_pc_next_logic._1093_/X (sky130_fd_sc_hd__a221o_2)
     1    0.03                           u_pc_next_logic._0338_ (net)
                  0.24    0.00    3.33 ^ u_pc_next_logic._1094_/B1 (sky130_fd_sc_hd__o31ai_1)
                  0.07    0.19    3.53 v u_pc_next_logic._1094_/Y (sky130_fd_sc_hd__o31ai_1)
     1    0.00                           u_pc_next_logic.pc_next[10] (net)
                  0.07    0.00    3.53 v u_pc_reg._088_/B (sky130_fd_sc_hd__and2_1)
                  0.07    0.31    3.84 v u_pc_reg._088_/X (sky130_fd_sc_hd__and2_1)
     1    0.00                           u_pc_reg._060_ (net)
                  0.07    0.00    3.84 v u_pc_reg._089_/A (sky130_fd_sc_hd__clkbuf_1)
                  0.04    0.15    3.99 v u_pc_reg._089_/X (sky130_fd_sc_hd__clkbuf_1)
     1    0.00                           u_pc_reg._010_ (net)
                  0.04    0.00    3.99 v u_pc_reg._144_/D (sky130_fd_sc_hd__dfxtp_4)
                                  3.99   data arrival time

                          0.00    0.00   clock clk (rise edge)
                          0.00    0.00   clock source latency
                  0.00    0.00    0.00 ^ clk (in)
     3    0.19                           clk (net)
                  0.05    0.02    0.02 ^ clkbuf_0_clk/A (sky130_fd_sc_hd__clkbuf_16)
                  0.18    0.30    0.33 ^ clkbuf_0_clk/X (sky130_fd_sc_hd__clkbuf_16)
     6    0.10                           clknet_0_clk (net)
                  0.18    0.01    0.33 ^ clkbuf_2_0_0_clk/A (sky130_fd_sc_hd__clkbuf_8)
                  0.59    0.57    0.91 ^ clkbuf_2_0_0_clk/X (sky130_fd_sc_hd__clkbuf_8)
     8    0.22                           clknet_2_0_0_clk (net)
                  0.59    0.05    0.96 ^ u_pc_reg._144_/CLK (sky130_fd_sc_hd__dfxtp_4)
                          0.20    1.16   clock uncertainty
                          0.00    1.16   clock reconvergence pessimism
                          0.04    1.19   library hold time
                                  1.19   data required time
-----------------------------------------------------------------------------
                                  1.19   data required time
                                 -3.99   data arrival time
-----------------------------------------------------------------------------
                                  2.80   slack (MET)


Startpoint: u_pc_reg._163_ (rising edge-triggered flip-flop clocked by clk)
Endpoint: u_pc_reg._164_ (rising edge-triggered flip-flop clocked by clk)
Path Group: clk
Path Type: min
Corner: Slowest

Fanout     Cap    Slew   Delay    Time   Description
-----------------------------------------------------------------------------
                          0.00    0.00   clock clk (rise edge)
                          0.00    0.00   clock source latency
                  0.00    0.00    0.00 ^ clk (in)
     3    0.19                           clk (net)
                  0.05    0.02    0.02 ^ clkbuf_0_clk/A (sky130_fd_sc_hd__clkbuf_16)
                  0.18    0.30    0.33 ^ clkbuf_0_clk/X (sky130_fd_sc_hd__clkbuf_16)
     6    0.10                           clknet_0_clk (net)
                  0.18    0.01    0.33 ^ clkbuf_2_2_0_clk/A (sky130_fd_sc_hd__clkbuf_8)
                  0.34    0.46    0.80 ^ clkbuf_2_2_0_clk/X (sky130_fd_sc_hd__clkbuf_8)
    13    0.12                           clknet_2_2_0_clk (net)
                  0.34    0.02    0.81 ^ u_pc_reg._163_/CLK (sky130_fd_sc_hd__dfxtp_4)
                  0.35    1.02    1.83 v u_pc_reg._163_/Q (sky130_fd_sc_hd__dfxtp_4)
    11    0.15                           u_imem.addr[29] (net)
                  0.35    0.01    1.85 v u_pc_next_logic._1554_/A (sky130_fd_sc_hd__or2_1)
                  0.21    0.75    2.59 v u_pc_next_logic._1554_/X (sky130_fd_sc_hd__or2_1)
     3    0.02                           u_pc_next_logic._0009_ (net)
                  0.21    0.00    2.59 v u_pc_next_logic._1587_/D1 (sky130_fd_sc_hd__o2111ai_4)
                  0.13    0.19    2.79 ^ u_pc_next_logic._1587_/Y (sky130_fd_sc_hd__o2111ai_4)
     3    0.01                           u_pc_next_logic._0041_ (net)
                  0.13    0.00    2.79 ^ u_pc_next_logic._1588_/B2 (sky130_fd_sc_hd__a22o_2)
                  0.43    0.57    3.36 ^ u_pc_next_logic._1588_/X (sky130_fd_sc_hd__a22o_2)
     1    0.05                           u_pc_next_logic._0042_ (net)
                  0.43    0.01    3.38 ^ u_pc_next_logic._1589_/B1 (sky130_fd_sc_hd__a2bb2o_1)
                  0.07    0.37    3.74 ^ u_pc_next_logic._1589_/X (sky130_fd_sc_hd__a2bb2o_1)
     1    0.00                           u_pc_next_logic.pc_next[30] (net)
                  0.07    0.00    3.74 ^ u_pc_reg._130_/B (sky130_fd_sc_hd__and2_1)
                  0.08    0.22    3.97 ^ u_pc_reg._130_/X (sky130_fd_sc_hd__and2_1)
     1    0.00                           u_pc_reg._047_ (net)
                  0.08    0.00    3.97 ^ u_pc_reg._131_/A (sky130_fd_sc_hd__clkbuf_1)
                  0.07    0.15    4.12 ^ u_pc_reg._131_/X (sky130_fd_sc_hd__clkbuf_1)
     1    0.00                           u_pc_reg._030_ (net)
                  0.07    0.00    4.12 ^ u_pc_reg._164_/D (sky130_fd_sc_hd__dfxtp_4)
                                  4.12   data arrival time

                          0.00    0.00   clock clk (rise edge)
                          0.00    0.00   clock source latency
                  0.00    0.00    0.00 ^ clk (in)
     3    0.19                           clk (net)
                  0.05    0.02    0.02 ^ clkbuf_0_clk/A (sky130_fd_sc_hd__clkbuf_16)
                  0.18    0.30    0.33 ^ clkbuf_0_clk/X (sky130_fd_sc_hd__clkbuf_16)
     6    0.10                           clknet_0_clk (net)
                  0.18    0.01    0.33 ^ clkbuf_2_3_0_clk/A (sky130_fd_sc_hd__clkbuf_8)
                  0.67    0.60    0.93 ^ clkbuf_2_3_0_clk/X (sky130_fd_sc_hd__clkbuf_8)
     7    0.26                           clknet_2_3_0_clk (net)
                  0.69    0.09    1.03 ^ u_pc_reg._164_/CLK (sky130_fd_sc_hd__dfxtp_4)
                          0.20    1.23   clock uncertainty
                          0.00    1.23   clock reconvergence pessimism
                          0.03    1.25   library hold time
                                  1.25   data required time
-----------------------------------------------------------------------------
                                  1.25   data required time
                                 -4.12   data arrival time
-----------------------------------------------------------------------------
                                  2.87   slack (MET)


Startpoint: u_pc_reg._162_ (rising edge-triggered flip-flop clocked by clk)
Endpoint: u_pc_reg._162_ (rising edge-triggered flip-flop clocked by clk)
Path Group: clk
Path Type: min
Corner: Slowest

Fanout     Cap    Slew   Delay    Time   Description
-----------------------------------------------------------------------------
                          0.00    0.00   clock clk (rise edge)
                          0.00    0.00   clock source latency
                  0.00    0.00    0.00 ^ clk (in)
     3    0.19                           clk (net)
                  0.05    0.02    0.02 ^ clkbuf_0_clk/A (sky130_fd_sc_hd__clkbuf_16)
                  0.18    0.30    0.33 ^ clkbuf_0_clk/X (sky130_fd_sc_hd__clkbuf_16)
     6    0.10                           clknet_0_clk (net)
                  0.18    0.01    0.33 ^ clkbuf_2_2_0_clk/A (sky130_fd_sc_hd__clkbuf_8)
                  0.34    0.46    0.80 ^ clkbuf_2_2_0_clk/X (sky130_fd_sc_hd__clkbuf_8)
    13    0.12                           clknet_2_2_0_clk (net)
                  0.34    0.02    0.82 ^ u_pc_reg._162_/CLK (sky130_fd_sc_hd__dfxtp_4)
                  0.47    1.09    1.91 v u_pc_reg._162_/Q (sky130_fd_sc_hd__dfxtp_4)
    11    0.21                           u_imem.addr[28] (net)
                  0.47    0.01    1.93 v u_pc_next_logic._1530_/A (sky130_fd_sc_hd__xnor2_2)
                  0.13    0.52    2.45 ^ u_pc_next_logic._1530_/Y (sky130_fd_sc_hd__xnor2_2)
     2    0.01                           u_pc_next_logic._0757_ (net)
                  0.13    0.00    2.45 ^ u_pc_next_logic._1531_/B1 (sky130_fd_sc_hd__a21oi_4)
                  0.08    0.12    2.56 v u_pc_next_logic._1531_/Y (sky130_fd_sc_hd__a21oi_4)
     4    0.03                           u_pc_next_logic._0758_ (net)
                  0.08    0.00    2.57 v u_pc_next_logic._1533_/A (sky130_fd_sc_hd__nor2_1)
                  0.15    0.19    2.75 ^ u_pc_next_logic._1533_/Y (sky130_fd_sc_hd__nor2_1)
     1    0.00                           u_pc_next_logic._0760_ (net)
                  0.15    0.00    2.75 ^ u_pc_next_logic._1545_/A2 (sky130_fd_sc_hd__o21a_1)
                  0.16    0.31    3.06 ^ u_pc_next_logic._1545_/X (sky130_fd_sc_hd__o21a_1)
     1    0.01                           u_pc_next_logic._0001_ (net)
                  0.16    0.00    3.06 ^ u_pc_next_logic._1546_/A1 (sky130_fd_sc_hd__mux2_1)
                  0.08    0.28    3.34 ^ u_pc_next_logic._1546_/X (sky130_fd_sc_hd__mux2_1)
     1    0.00                           u_pc_next_logic._0002_ (net)
                  0.08    0.00    3.34 ^ u_pc_next_logic._1547_/A (sky130_fd_sc_hd__clkbuf_1)
                  0.08    0.16    3.50 ^ u_pc_next_logic._1547_/X (sky130_fd_sc_hd__clkbuf_1)
     1    0.00                           u_pc_next_logic.pc_next[28] (net)
                  0.08    0.00    3.50 ^ u_pc_reg._126_/B (sky130_fd_sc_hd__and2_1)
                  0.09    0.24    3.74 ^ u_pc_reg._126_/X (sky130_fd_sc_hd__and2_1)
     1    0.00                           u_pc_reg._045_ (net)
                  0.09    0.00    3.74 ^ u_pc_reg._127_/A (sky130_fd_sc_hd__clkbuf_1)
                  0.10    0.18    3.92 ^ u_pc_reg._127_/X (sky130_fd_sc_hd__clkbuf_1)
     1    0.00                           u_pc_reg._028_ (net)
                  0.10    0.00    3.92 ^ u_pc_reg._162_/D (sky130_fd_sc_hd__dfxtp_4)
                                  3.92   data arrival time

                          0.00    0.00   clock clk (rise edge)
                          0.00    0.00   clock source latency
                  0.00    0.00    0.00 ^ clk (in)
     3    0.19                           clk (net)
                  0.05    0.02    0.02 ^ clkbuf_0_clk/A (sky130_fd_sc_hd__clkbuf_16)
                  0.18    0.30    0.33 ^ clkbuf_0_clk/X (sky130_fd_sc_hd__clkbuf_16)
     6    0.10                           clknet_0_clk (net)
                  0.18    0.01    0.33 ^ clkbuf_2_2_0_clk/A (sky130_fd_sc_hd__clkbuf_8)
                  0.34    0.46    0.80 ^ clkbuf_2_2_0_clk/X (sky130_fd_sc_hd__clkbuf_8)
    13    0.12                           clknet_2_2_0_clk (net)
                  0.34    0.02    0.82 ^ u_pc_reg._162_/CLK (sky130_fd_sc_hd__dfxtp_4)
                          0.20    1.02   clock uncertainty
                          0.00    1.02   clock reconvergence pessimism
                         -0.04    0.98   library hold time
                                  0.98   data required time
-----------------------------------------------------------------------------
                                  0.98   data required time
                                 -3.92   data arrival time
-----------------------------------------------------------------------------
                                  2.94   slack (MET)


Startpoint: u_pc_reg._152_ (rising edge-triggered flip-flop clocked by clk)
Endpoint: u_pc_reg._152_ (rising edge-triggered flip-flop clocked by clk)
Path Group: clk
Path Type: min
Corner: Slowest

Fanout     Cap    Slew   Delay    Time   Description
-----------------------------------------------------------------------------
                          0.00    0.00   clock clk (rise edge)
                          0.00    0.00   clock source latency
                  0.00    0.00    0.00 ^ clk (in)
     3    0.19                           clk (net)
                  0.05    0.02    0.02 ^ clkbuf_0_clk/A (sky130_fd_sc_hd__clkbuf_16)
                  0.18    0.30    0.33 ^ clkbuf_0_clk/X (sky130_fd_sc_hd__clkbuf_16)
     6    0.10                           clknet_0_clk (net)
                  0.18    0.01    0.33 ^ clkbuf_2_2_0_clk/A (sky130_fd_sc_hd__clkbuf_8)
                  0.34    0.46    0.80 ^ clkbuf_2_2_0_clk/X (sky130_fd_sc_hd__clkbuf_8)
    13    0.12                           clknet_2_2_0_clk (net)
                  0.34    0.02    0.82 ^ u_pc_reg._152_/CLK (sky130_fd_sc_hd__dfxtp_4)
                  0.47    1.10    1.92 v u_pc_reg._152_/Q (sky130_fd_sc_hd__dfxtp_4)
    14    0.21                           u_imem.addr[18] (net)
                  0.47    0.02    1.94 v u_pc_next_logic._0811_/A (sky130_fd_sc_hd__xnor2_2)
                  0.31    0.59    2.53 v u_pc_next_logic._0811_/Y (sky130_fd_sc_hd__xnor2_2)
     2    0.03                           u_pc_next_logic.pc_plus4[18] (net)
                  0.31    0.00    2.54 v u_pc_next_logic._1287_/A1 (sky130_fd_sc_hd__a21oi_1)
                  0.19    0.33    2.86 ^ u_pc_next_logic._1287_/Y (sky130_fd_sc_hd__a21oi_1)
     1    0.00                           u_pc_next_logic._0524_ (net)
                  0.19    0.00    2.86 ^ u_pc_next_logic._1295_/A2 (sky130_fd_sc_hd__a221o_1)
                  0.21    0.44    3.31 ^ u_pc_next_logic._1295_/X (sky130_fd_sc_hd__a221o_1)
     1    0.01                           u_pc_next_logic._0532_ (net)
                  0.21    0.00    3.31 ^ u_pc_next_logic._1296_/B1 (sky130_fd_sc_hd__o21ai_1)
                  0.08    0.16    3.47 v u_pc_next_logic._1296_/Y (sky130_fd_sc_hd__o21ai_1)
     1    0.00                           u_pc_next_logic.pc_next[18] (net)
                  0.08    0.00    3.47 v u_pc_reg._105_/B (sky130_fd_sc_hd__and2_1)
                  0.06    0.31    3.78 v u_pc_reg._105_/X (sky130_fd_sc_hd__and2_1)
     1    0.00                           u_pc_reg._034_ (net)
                  0.06    0.00    3.78 v u_pc_reg._106_/A (sky130_fd_sc_hd__clkbuf_1)
                  0.05    0.16    3.94 v u_pc_reg._106_/X (sky130_fd_sc_hd__clkbuf_1)
     1    0.00                           u_pc_reg._018_ (net)
                  0.05    0.00    3.94 v u_pc_reg._152_/D (sky130_fd_sc_hd__dfxtp_4)
                                  3.94   data arrival time

                          0.00    0.00   clock clk (rise edge)
                          0.00    0.00   clock source latency
                  0.00    0.00    0.00 ^ clk (in)
     3    0.19                           clk (net)
                  0.05    0.02    0.02 ^ clkbuf_0_clk/A (sky130_fd_sc_hd__clkbuf_16)
                  0.18    0.30    0.33 ^ clkbuf_0_clk/X (sky130_fd_sc_hd__clkbuf_16)
     6    0.10                           clknet_0_clk (net)
                  0.18    0.01    0.33 ^ clkbuf_2_2_0_clk/A (sky130_fd_sc_hd__clkbuf_8)
                  0.34    0.46    0.80 ^ clkbuf_2_2_0_clk/X (sky130_fd_sc_hd__clkbuf_8)
    13    0.12                           clknet_2_2_0_clk (net)
                  0.34    0.02    0.82 ^ u_pc_reg._152_/CLK (sky130_fd_sc_hd__dfxtp_4)
                          0.20    1.02   clock uncertainty
                          0.00    1.02   clock reconvergence pessimism
                         -0.02    1.00   library hold time
                                  1.00   data required time
-----------------------------------------------------------------------------
                                  1.00   data required time
                                 -3.94   data arrival time
-----------------------------------------------------------------------------
                                  2.95   slack (MET)


Startpoint: u_pc_reg._158_ (rising edge-triggered flip-flop clocked by clk)
Endpoint: u_pc_reg._159_ (rising edge-triggered flip-flop clocked by clk)
Path Group: clk
Path Type: min
Corner: Slowest

Fanout     Cap    Slew   Delay    Time   Description
-----------------------------------------------------------------------------
                          0.00    0.00   clock clk (rise edge)
                          0.00    0.00   clock source latency
                  0.00    0.00    0.00 ^ clk (in)
     3    0.19                           clk (net)
                  0.05    0.02    0.02 ^ clkbuf_0_clk/A (sky130_fd_sc_hd__clkbuf_16)
                  0.18    0.30    0.33 ^ clkbuf_0_clk/X (sky130_fd_sc_hd__clkbuf_16)
     6    0.10                           clknet_0_clk (net)
                  0.18    0.01    0.33 ^ clkbuf_2_2_0_clk/A (sky130_fd_sc_hd__clkbuf_8)
                  0.34    0.46    0.80 ^ clkbuf_2_2_0_clk/X (sky130_fd_sc_hd__clkbuf_8)
    13    0.12                           clknet_2_2_0_clk (net)
                  0.34    0.02    0.82 ^ u_pc_reg._158_/CLK (sky130_fd_sc_hd__dfxtp_4)
                  0.42    1.06    1.88 v u_pc_reg._158_/Q (sky130_fd_sc_hd__dfxtp_4)
    12    0.19                           u_imem.addr[24] (net)
                  0.42    0.01    1.89 v u_pc_next_logic._1420_/A (sky130_fd_sc_hd__nand2_1)
                  0.26    0.40    2.29 ^ u_pc_next_logic._1420_/Y (sky130_fd_sc_hd__nand2_1)
     4    0.02                           u_pc_next_logic._0651_ (net)
                  0.26    0.00    2.29 ^ u_pc_next_logic._1462_/A (sky130_fd_sc_hd__nand2_1)
                  0.14    0.23    2.52 v u_pc_next_logic._1462_/Y (sky130_fd_sc_hd__nand2_1)
     2    0.01                           u_pc_next_logic._0692_ (net)
                  0.14    0.00    2.52 v u_pc_next_logic._1463_/B (sky130_fd_sc_hd__nor2_1)
                  0.15    0.18    2.70 ^ u_pc_next_logic._1463_/Y (sky130_fd_sc_hd__nor2_1)
     1    0.00                           u_pc_next_logic._0693_ (net)
                  0.15    0.00    2.70 ^ u_pc_next_logic._1472_/A1 (sky130_fd_sc_hd__o22a_2)
                  0.53    0.68    3.38 ^ u_pc_next_logic._1472_/X (sky130_fd_sc_hd__o22a_2)
     1    0.06                           u_pc_next_logic._0702_ (net)
                  0.53    0.02    3.40 ^ u_pc_next_logic._1473_/B2 (sky130_fd_sc_hd__a2bb2o_1)
                  0.07    0.40    3.80 ^ u_pc_next_logic._1473_/X (sky130_fd_sc_hd__a2bb2o_1)
     1    0.00                           u_pc_next_logic.pc_next[25] (net)
                  0.07    0.00    3.80 ^ u_pc_reg._120_/B (sky130_fd_sc_hd__and2_1)
                  0.09    0.24    4.04 ^ u_pc_reg._120_/X (sky130_fd_sc_hd__and2_1)
     1    0.00                           u_pc_reg._042_ (net)
                  0.09    0.00    4.04 ^ u_pc_reg._121_/A (sky130_fd_sc_hd__clkbuf_1)
                  0.07    0.16    4.20 ^ u_pc_reg._121_/X (sky130_fd_sc_hd__clkbuf_1)
     1    0.00                           u_pc_reg._025_ (net)
                  0.07    0.00    4.20 ^ u_pc_reg._159_/D (sky130_fd_sc_hd__dfxtp_4)
                                  4.20   data arrival time

                          0.00    0.00   clock clk (rise edge)
                          0.00    0.00   clock source latency
                  0.00    0.00    0.00 ^ clk (in)
     3    0.19                           clk (net)
                  0.05    0.02    0.02 ^ clkbuf_0_clk/A (sky130_fd_sc_hd__clkbuf_16)
                  0.18    0.30    0.33 ^ clkbuf_0_clk/X (sky130_fd_sc_hd__clkbuf_16)
     6    0.10                           clknet_0_clk (net)
                  0.18    0.01    0.33 ^ clkbuf_2_3_0_clk/A (sky130_fd_sc_hd__clkbuf_8)
                  0.67    0.60    0.93 ^ clkbuf_2_3_0_clk/X (sky130_fd_sc_hd__clkbuf_8)
     7    0.26                           clknet_2_3_0_clk (net)
                  0.69    0.09    1.03 ^ u_pc_reg._159_/CLK (sky130_fd_sc_hd__dfxtp_4)
                          0.20    1.23   clock uncertainty
                          0.00    1.23   clock reconvergence pessimism
                          0.03    1.25   library hold time
                                  1.25   data required time
-----------------------------------------------------------------------------
                                  1.25   data required time
                                 -4.20   data arrival time
-----------------------------------------------------------------------------
                                  2.95   slack (MET)


Startpoint: u_pc_reg._152_ (rising edge-triggered flip-flop clocked by clk)
Endpoint: u_pc_reg._153_ (rising edge-triggered flip-flop clocked by clk)
Path Group: clk
Path Type: min
Corner: Slowest

Fanout     Cap    Slew   Delay    Time   Description
-----------------------------------------------------------------------------
                          0.00    0.00   clock clk (rise edge)
                          0.00    0.00   clock source latency
                  0.00    0.00    0.00 ^ clk (in)
     3    0.19                           clk (net)
                  0.05    0.02    0.02 ^ clkbuf_0_clk/A (sky130_fd_sc_hd__clkbuf_16)
                  0.18    0.30    0.33 ^ clkbuf_0_clk/X (sky130_fd_sc_hd__clkbuf_16)
     6    0.10                           clknet_0_clk (net)
                  0.18    0.01    0.33 ^ clkbuf_2_2_0_clk/A (sky130_fd_sc_hd__clkbuf_8)
                  0.34    0.46    0.80 ^ clkbuf_2_2_0_clk/X (sky130_fd_sc_hd__clkbuf_8)
    13    0.12                           clknet_2_2_0_clk (net)
                  0.34    0.02    0.82 ^ u_pc_reg._152_/CLK (sky130_fd_sc_hd__dfxtp_4)
                  0.47    1.10    1.92 v u_pc_reg._152_/Q (sky130_fd_sc_hd__dfxtp_4)
    14    0.21                           u_imem.addr[18] (net)
                  0.47    0.02    1.95 v u_pc_next_logic._1311_/A1 (sky130_fd_sc_hd__a21o_1)
                  0.08    0.47    2.42 v u_pc_next_logic._1311_/X (sky130_fd_sc_hd__a21o_1)
     1    0.01                           u_pc_next_logic._0547_ (net)
                  0.08    0.00    2.42 v u_pc_next_logic._1312_/B (sky130_fd_sc_hd__xnor2_1)
                  0.11    0.28    2.70 ^ u_pc_next_logic._1312_/Y (sky130_fd_sc_hd__xnor2_1)
     1    0.01                           u_pc_next_logic._0548_ (net)
                  0.11    0.00    2.70 ^ u_pc_next_logic._1313_/A1 (sky130_fd_sc_hd__mux2_1)
                  0.28    0.41    3.11 ^ u_pc_next_logic._1313_/X (sky130_fd_sc_hd__mux2_1)
     1    0.02                           u_pc_next_logic._0549_ (net)
                  0.28    0.00    3.11 ^ u_pc_next_logic._1314_/A1 (sky130_fd_sc_hd__mux2_1)
                  0.07    0.31    3.43 ^ u_pc_next_logic._1314_/X (sky130_fd_sc_hd__mux2_1)
     1    0.00                           u_pc_next_logic._0550_ (net)
                  0.07    0.00    3.43 ^ u_pc_next_logic._1315_/A (sky130_fd_sc_hd__clkbuf_1)
                  0.06    0.15    3.57 ^ u_pc_next_logic._1315_/X (sky130_fd_sc_hd__clkbuf_1)
     1    0.00                           u_pc_next_logic.pc_next[19] (net)
                  0.06    0.00    3.57 ^ u_pc_reg._107_/B (sky130_fd_sc_hd__and2_1)
                  0.09    0.23    3.81 ^ u_pc_reg._107_/X (sky130_fd_sc_hd__and2_1)
     1    0.00                           u_pc_reg._035_ (net)
                  0.09    0.00    3.81 ^ u_pc_reg._108_/A (sky130_fd_sc_hd__clkbuf_1)
                  0.08    0.16    3.97 ^ u_pc_reg._108_/X (sky130_fd_sc_hd__clkbuf_1)
     1    0.00                           u_pc_reg._019_ (net)
                  0.08    0.00    3.97 ^ u_pc_reg._153_/D (sky130_fd_sc_hd__dfxtp_4)
                                  3.97   data arrival time

                          0.00    0.00   clock clk (rise edge)
                          0.00    0.00   clock source latency
                  0.00    0.00    0.00 ^ clk (in)
     3    0.19                           clk (net)
                  0.05    0.02    0.02 ^ clkbuf_0_clk/A (sky130_fd_sc_hd__clkbuf_16)
                  0.18    0.30    0.33 ^ clkbuf_0_clk/X (sky130_fd_sc_hd__clkbuf_16)
     6    0.10                           clknet_0_clk (net)
                  0.18    0.01    0.33 ^ clkbuf_2_2_0_clk/A (sky130_fd_sc_hd__clkbuf_8)
                  0.34    0.46    0.80 ^ clkbuf_2_2_0_clk/X (sky130_fd_sc_hd__clkbuf_8)
    13    0.12                           clknet_2_2_0_clk (net)
                  0.34    0.02    0.82 ^ u_pc_reg._153_/CLK (sky130_fd_sc_hd__dfxtp_4)
                          0.20    1.02   clock uncertainty
                          0.00    1.02   clock reconvergence pessimism
                         -0.03    0.99   library hold time
                                  0.99   data required time
-----------------------------------------------------------------------------
                                  0.99   data required time
                                 -3.97   data arrival time
-----------------------------------------------------------------------------
                                  2.99   slack (MET)


Startpoint: u_pc_reg._139_ (rising edge-triggered flip-flop clocked by clk)
Endpoint: u_pc_reg._140_ (rising edge-triggered flip-flop clocked by clk)
Path Group: clk
Path Type: min
Corner: Slowest

Fanout     Cap    Slew   Delay    Time   Description
-----------------------------------------------------------------------------
                          0.00    0.00   clock clk (rise edge)
                          0.00    0.00   clock source latency
                  0.00    0.00    0.00 ^ clk (in)
     3    0.19                           clk (net)
                  0.05    0.02    0.02 ^ clkbuf_0_clk/A (sky130_fd_sc_hd__clkbuf_16)
                  0.18    0.30    0.33 ^ clkbuf_0_clk/X (sky130_fd_sc_hd__clkbuf_16)
     6    0.10                           clknet_0_clk (net)
                  0.18    0.01    0.33 ^ clkbuf_2_1_0_clk/A (sky130_fd_sc_hd__clkbuf_8)
                  0.55    0.60    0.94 ^ clkbuf_2_1_0_clk/X (sky130_fd_sc_hd__clkbuf_8)
     4    0.21                           clknet_2_1_0_clk (net)
                  0.55    0.03    0.97 ^ u_pc_reg._139_/CLK (sky130_fd_sc_hd__dfxtp_1)
                  0.09    0.81    1.78 v u_pc_reg._139_/Q (sky130_fd_sc_hd__dfxtp_1)
     1    0.01                           u_imem.addr[5] (net)
                  0.09    0.00    1.78 v wire131/A (sky130_fd_sc_hd__clkbuf_8)
                  0.21    0.37    2.15 v wire131/X (sky130_fd_sc_hd__clkbuf_8)
    13    0.11                           net131 (net)
                  0.22    0.03    2.18 v u_pc_next_logic._0981_/A (sky130_fd_sc_hd__nand2_1)
                  0.13    0.21    2.39 ^ u_pc_next_logic._0981_/Y (sky130_fd_sc_hd__nand2_1)
     2    0.01                           u_pc_next_logic._0230_ (net)
                  0.13    0.00    2.39 ^ u_pc_next_logic._0982_/A1 (sky130_fd_sc_hd__a21oi_1)
                  0.14    0.23    2.61 v u_pc_next_logic._0982_/Y (sky130_fd_sc_hd__a21oi_1)
     2    0.01                           u_pc_next_logic._0231_ (net)
                  0.14    0.00    2.61 v u_pc_next_logic._0983_/B (sky130_fd_sc_hd__xnor2_1)
                  0.09    0.26    2.88 ^ u_pc_next_logic._0983_/Y (sky130_fd_sc_hd__xnor2_1)
     1    0.00                           u_pc_next_logic._0232_ (net)
                  0.09    0.00    2.88 ^ u_pc_next_logic._0989_/A2 (sky130_fd_sc_hd__o21a_2)
                  0.38    0.48    3.35 ^ u_pc_next_logic._0989_/X (sky130_fd_sc_hd__o21a_2)
     1    0.05                           u_pc_next_logic._0238_ (net)
                  0.38    0.01    3.36 ^ u_pc_next_logic._0996_/A0 (sky130_fd_sc_hd__mux2_1)
                  0.09    0.36    3.73 ^ u_pc_next_logic._0996_/X (sky130_fd_sc_hd__mux2_1)
     1    0.00                           u_pc_next_logic._0245_ (net)
                  0.09    0.00    3.73 ^ u_pc_next_logic._0997_/A (sky130_fd_sc_hd__clkbuf_1)
                  0.08    0.16    3.89 ^ u_pc_next_logic._0997_/X (sky130_fd_sc_hd__clkbuf_1)
     1    0.00                           u_pc_next_logic.pc_next[6] (net)
                  0.08    0.00    3.89 ^ u_pc_reg._080_/B (sky130_fd_sc_hd__and2_1)
                  0.09    0.24    4.13 ^ u_pc_reg._080_/X (sky130_fd_sc_hd__and2_1)
     1    0.00                           u_pc_reg._056_ (net)
                  0.09    0.00    4.13 ^ u_pc_reg._081_/A (sky130_fd_sc_hd__clkbuf_1)
                  0.06    0.15    4.29 ^ u_pc_reg._081_/X (sky130_fd_sc_hd__clkbuf_1)
     1    0.00                           u_pc_reg._006_ (net)
                  0.06    0.00    4.29 ^ u_pc_reg._140_/D (sky130_fd_sc_hd__dfxtp_1)
                                  4.29   data arrival time

                          0.00    0.00   clock clk (rise edge)
                          0.00    0.00   clock source latency
                  0.00    0.00    0.00 ^ clk (in)
     3    0.19                           clk (net)
                  0.05    0.02    0.02 ^ clkbuf_0_clk/A (sky130_fd_sc_hd__clkbuf_16)
                  0.18    0.30    0.33 ^ clkbuf_0_clk/X (sky130_fd_sc_hd__clkbuf_16)
     6    0.10                           clknet_0_clk (net)
                  0.18    0.01    0.33 ^ clkbuf_2_1_0_clk/A (sky130_fd_sc_hd__clkbuf_8)
                  0.55    0.60    0.94 ^ clkbuf_2_1_0_clk/X (sky130_fd_sc_hd__clkbuf_8)
     4    0.21                           clknet_2_1_0_clk (net)
                  0.55    0.02    0.96 ^ u_pc_reg._140_/CLK (sky130_fd_sc_hd__dfxtp_1)
                          0.20    1.16   clock uncertainty
                          0.00    1.16   clock reconvergence pessimism
                          0.01    1.17   library hold time
                                  1.17   data required time
-----------------------------------------------------------------------------
                                  1.17   data required time
                                 -4.29   data arrival time
-----------------------------------------------------------------------------
                                  3.12   slack (MET)


Startpoint: u_pc_reg._156_ (rising edge-triggered flip-flop clocked by clk)
Endpoint: u_pc_reg._157_ (rising edge-triggered flip-flop clocked by clk)
Path Group: clk
Path Type: min
Corner: Slowest

Fanout     Cap    Slew   Delay    Time   Description
-----------------------------------------------------------------------------
                          0.00    0.00   clock clk (rise edge)
                          0.00    0.00   clock source latency
                  0.00    0.00    0.00 ^ clk (in)
     3    0.19                           clk (net)
                  0.05    0.02    0.02 ^ clkbuf_0_clk/A (sky130_fd_sc_hd__clkbuf_16)
                  0.18    0.30    0.33 ^ clkbuf_0_clk/X (sky130_fd_sc_hd__clkbuf_16)
     6    0.10                           clknet_0_clk (net)
                  0.18    0.01    0.33 ^ clkbuf_2_2_0_clk/A (sky130_fd_sc_hd__clkbuf_8)
                  0.34    0.46    0.80 ^ clkbuf_2_2_0_clk/X (sky130_fd_sc_hd__clkbuf_8)
    13    0.12                           clknet_2_2_0_clk (net)
                  0.34    0.03    0.83 ^ u_pc_reg._156_/CLK (sky130_fd_sc_hd__dfxtp_4)
                  0.33    0.99    1.82 v u_pc_reg._156_/Q (sky130_fd_sc_hd__dfxtp_4)
    11    0.14                           u_imem.addr[22] (net)
                  0.33    0.01    1.83 v u_pc_next_logic._1377_/A (sky130_fd_sc_hd__nand2_1)
                  0.16    0.27    2.10 ^ u_pc_next_logic._1377_/Y (sky130_fd_sc_hd__nand2_1)
     3    0.01                           u_pc_next_logic._0610_ (net)
                  0.16    0.00    2.10 ^ u_pc_next_logic._1402_/B1 (sky130_fd_sc_hd__o21ai_1)
                  0.15    0.22    2.32 v u_pc_next_logic._1402_/Y (sky130_fd_sc_hd__o21ai_1)
     2    0.01                           u_pc_next_logic._0634_ (net)
                  0.15    0.00    2.32 v u_pc_next_logic._1404_/A2 (sky130_fd_sc_hd__o21ai_1)
                  0.28    0.38    2.70 ^ u_pc_next_logic._1404_/Y (sky130_fd_sc_hd__o21ai_1)
     1    0.01                           u_pc_next_logic._0636_ (net)
                  0.28    0.00    2.70 ^ u_pc_next_logic._1412_/A1 (sky130_fd_sc_hd__a22o_1)
                  0.31    0.53    3.23 ^ u_pc_next_logic._1412_/X (sky130_fd_sc_hd__a22o_1)
     1    0.02                           u_pc_next_logic._0644_ (net)
                  0.31    0.00    3.23 ^ u_pc_next_logic._1413_/A1 (sky130_fd_sc_hd__mux2_1)
                  0.08    0.33    3.56 ^ u_pc_next_logic._1413_/X (sky130_fd_sc_hd__mux2_1)
     1    0.00                           u_pc_next_logic._0645_ (net)
                  0.08    0.00    3.56 ^ u_pc_next_logic._1414_/A (sky130_fd_sc_hd__clkbuf_1)
                  0.08    0.16    3.72 ^ u_pc_next_logic._1414_/X (sky130_fd_sc_hd__clkbuf_1)
     1    0.00                           u_pc_next_logic.pc_next[23] (net)
                  0.08    0.00    3.72 ^ u_pc_reg._116_/B (sky130_fd_sc_hd__and2_1)
                  0.09    0.24    3.96 ^ u_pc_reg._116_/X (sky130_fd_sc_hd__and2_1)
     1    0.00                           u_pc_reg._040_ (net)
                  0.09    0.00    3.96 ^ u_pc_reg._117_/A (sky130_fd_sc_hd__clkbuf_1)
                  0.07    0.16    4.12 ^ u_pc_reg._117_/X (sky130_fd_sc_hd__clkbuf_1)
     1    0.00                           u_pc_reg._023_ (net)
                  0.07    0.00    4.12 ^ u_pc_reg._157_/D (sky130_fd_sc_hd__dfxtp_4)
                                  4.12   data arrival time

                          0.00    0.00   clock clk (rise edge)
                          0.00    0.00   clock source latency
                  0.00    0.00    0.00 ^ clk (in)
     3    0.19                           clk (net)
                  0.05    0.02    0.02 ^ clkbuf_0_clk/A (sky130_fd_sc_hd__clkbuf_16)
                  0.18    0.30    0.33 ^ clkbuf_0_clk/X (sky130_fd_sc_hd__clkbuf_16)
     6    0.10                           clknet_0_clk (net)
                  0.18    0.01    0.33 ^ clkbuf_2_2_0_clk/A (sky130_fd_sc_hd__clkbuf_8)
                  0.34    0.46    0.80 ^ clkbuf_2_2_0_clk/X (sky130_fd_sc_hd__clkbuf_8)
    13    0.12                           clknet_2_2_0_clk (net)
                  0.34    0.02    0.82 ^ u_pc_reg._157_/CLK (sky130_fd_sc_hd__dfxtp_4)
                          0.20    1.02   clock uncertainty
                          0.00    1.02   clock reconvergence pessimism
                         -0.03    0.99   library hold time
                                  0.99   data required time
-----------------------------------------------------------------------------
                                  0.99   data required time
                                 -4.12   data arrival time
-----------------------------------------------------------------------------
                                  3.13   slack (MET)


Startpoint: u_pc_reg._136_ (rising edge-triggered flip-flop clocked by clk)
Endpoint: u_pc_reg._136_ (rising edge-triggered flip-flop clocked by clk)
Path Group: clk
Path Type: min
Corner: Slowest

Fanout     Cap    Slew   Delay    Time   Description
-----------------------------------------------------------------------------
                          0.00    0.00   clock clk (rise edge)
                          0.00    0.00   clock source latency
                  0.00    0.00    0.00 ^ clk (in)
     3    0.19                           clk (net)
                  0.05    0.02    0.02 ^ clkbuf_0_clk/A (sky130_fd_sc_hd__clkbuf_16)
                  0.18    0.30    0.33 ^ clkbuf_0_clk/X (sky130_fd_sc_hd__clkbuf_16)
     6    0.10                           clknet_0_clk (net)
                  0.18    0.01    0.33 ^ clkbuf_2_1_0_clk/A (sky130_fd_sc_hd__clkbuf_8)
                  0.55    0.60    0.94 ^ clkbuf_2_1_0_clk/X (sky130_fd_sc_hd__clkbuf_8)
     4    0.21                           clknet_2_1_0_clk (net)
                  0.55    0.02    0.96 ^ u_pc_reg._136_/CLK (sky130_fd_sc_hd__dfxtp_1)
                  0.11    0.87    1.83 ^ u_pc_reg._136_/Q (sky130_fd_sc_hd__dfxtp_1)
     1    0.01                           u_imem.addr[2] (net)
                  0.11    0.00    1.83 ^ wire139/A (sky130_fd_sc_hd__clkbuf_8)
                  0.33    0.42    2.25 ^ wire139/X (sky130_fd_sc_hd__clkbuf_8)
    15    0.12                           net139 (net)
                  0.34    0.04    2.28 ^ u_pc_next_logic._0908_/A1 (sky130_fd_sc_hd__o221a_1)
                  0.15    0.54    2.82 ^ u_pc_next_logic._0908_/X (sky130_fd_sc_hd__o221a_1)
     1    0.01                           u_pc_next_logic._0161_ (net)
                  0.15    0.00    2.82 ^ u_pc_next_logic._0910_/B1 (sky130_fd_sc_hd__a211o_1)
                  0.50    0.52    3.34 ^ u_pc_next_logic._0910_/X (sky130_fd_sc_hd__a211o_1)
     1    0.04                           u_pc_next_logic._0163_ (net)
                  0.50    0.01    3.35 ^ u_pc_next_logic._0911_/B1 (sky130_fd_sc_hd__o21ai_1)
                  0.22    0.42    3.77 v u_pc_next_logic._0911_/Y (sky130_fd_sc_hd__o21ai_1)
     1    0.01                           u_pc_next_logic.pc_next[2] (net)
                  0.22    0.00    3.77 v u_pc_reg._072_/B (sky130_fd_sc_hd__and2_1)
                  0.07    0.39    4.17 v u_pc_reg._072_/X (sky130_fd_sc_hd__and2_1)
     1    0.00                           u_pc_reg._052_ (net)
                  0.07    0.00    4.17 v u_pc_reg._073_/A (sky130_fd_sc_hd__clkbuf_1)
                  0.05    0.16    4.33 v u_pc_reg._073_/X (sky130_fd_sc_hd__clkbuf_1)
     1    0.00                           u_pc_reg._002_ (net)
                  0.05    0.00    4.33 v u_pc_reg._136_/D (sky130_fd_sc_hd__dfxtp_1)
                                  4.33   data arrival time

                          0.00    0.00   clock clk (rise edge)
                          0.00    0.00   clock source latency
                  0.00    0.00    0.00 ^ clk (in)
     3    0.19                           clk (net)
                  0.05    0.02    0.02 ^ clkbuf_0_clk/A (sky130_fd_sc_hd__clkbuf_16)
                  0.18    0.30    0.33 ^ clkbuf_0_clk/X (sky130_fd_sc_hd__clkbuf_16)
     6    0.10                           clknet_0_clk (net)
                  0.18    0.01    0.33 ^ clkbuf_2_1_0_clk/A (sky130_fd_sc_hd__clkbuf_8)
                  0.55    0.60    0.94 ^ clkbuf_2_1_0_clk/X (sky130_fd_sc_hd__clkbuf_8)
     4    0.21                           clknet_2_1_0_clk (net)
                  0.55    0.02    0.96 ^ u_pc_reg._136_/CLK (sky130_fd_sc_hd__dfxtp_1)
                          0.20    1.16   clock uncertainty
                          0.00    1.16   clock reconvergence pessimism
                          0.02    1.18   library hold time
                                  1.18   data required time
-----------------------------------------------------------------------------
                                  1.18   data required time
                                 -4.33   data arrival time
-----------------------------------------------------------------------------
                                  3.16   slack (MET)


Startpoint: u_pc_reg._140_ (rising edge-triggered flip-flop clocked by clk)
Endpoint: u_pc_reg._141_ (rising edge-triggered flip-flop clocked by clk)
Path Group: clk
Path Type: min
Corner: Slowest

Fanout     Cap    Slew   Delay    Time   Description
-----------------------------------------------------------------------------
                          0.00    0.00   clock clk (rise edge)
                          0.00    0.00   clock source latency
                  0.00    0.00    0.00 ^ clk (in)
     3    0.19                           clk (net)
                  0.05    0.02    0.02 ^ clkbuf_0_clk/A (sky130_fd_sc_hd__clkbuf_16)
                  0.18    0.30    0.33 ^ clkbuf_0_clk/X (sky130_fd_sc_hd__clkbuf_16)
     6    0.10                           clknet_0_clk (net)
                  0.18    0.01    0.33 ^ clkbuf_2_1_0_clk/A (sky130_fd_sc_hd__clkbuf_8)
                  0.55    0.60    0.94 ^ clkbuf_2_1_0_clk/X (sky130_fd_sc_hd__clkbuf_8)
     4    0.21                           clknet_2_1_0_clk (net)
                  0.55    0.02    0.96 ^ u_pc_reg._140_/CLK (sky130_fd_sc_hd__dfxtp_1)
                  0.14    0.86    1.82 v u_pc_reg._140_/Q (sky130_fd_sc_hd__dfxtp_1)
     1    0.01                           u_imem.addr[6] (net)
                  0.14    0.00    1.82 v wire128/A (sky130_fd_sc_hd__buf_8)
                  0.18    0.34    2.16 v wire128/X (sky130_fd_sc_hd__buf_8)
    12    0.13                           net128 (net)
                  0.19    0.03    2.19 v u_pc_next_logic._0978_/A (sky130_fd_sc_hd__nand2_2)
                  0.18    0.23    2.42 ^ u_pc_next_logic._0978_/Y (sky130_fd_sc_hd__nand2_2)
     5    0.02                           u_pc_next_logic._0227_ (net)
                  0.18    0.00    2.42 ^ u_pc_next_logic._1009_/A1 (sky130_fd_sc_hd__a21oi_1)
                  0.08    0.17    2.60 v u_pc_next_logic._1009_/Y (sky130_fd_sc_hd__a21oi_1)
     1    0.00                           u_pc_next_logic._0257_ (net)
                  0.08    0.00    2.60 v u_pc_next_logic._1017_/A2_N (sky130_fd_sc_hd__a2bb2o_2)
                  0.46    0.72    3.32 ^ u_pc_next_logic._1017_/X (sky130_fd_sc_hd__a2bb2o_2)
     1    0.06                           u_pc_next_logic._0265_ (net)
                  0.46    0.01    3.33 ^ u_pc_next_logic._1018_/A1 (sky130_fd_sc_hd__mux2_1)
                  0.09    0.40    3.73 ^ u_pc_next_logic._1018_/X (sky130_fd_sc_hd__mux2_1)
     1    0.00                           u_pc_next_logic._0266_ (net)
                  0.09    0.00    3.73 ^ u_pc_next_logic._1019_/A (sky130_fd_sc_hd__clkbuf_1)
                  0.08    0.17    3.90 ^ u_pc_next_logic._1019_/X (sky130_fd_sc_hd__clkbuf_1)
     1    0.00                           u_pc_next_logic.pc_next[7] (net)
                  0.08    0.00    3.90 ^ u_pc_reg._082_/B (sky130_fd_sc_hd__and2_1)
                  0.10    0.25    4.15 ^ u_pc_reg._082_/X (sky130_fd_sc_hd__and2_1)
     1    0.00                           u_pc_reg._057_ (net)
                  0.10    0.00    4.15 ^ u_pc_reg._083_/A (sky130_fd_sc_hd__clkbuf_1)
                  0.08    0.17    4.32 ^ u_pc_reg._083_/X (sky130_fd_sc_hd__clkbuf_1)
     1    0.00                           u_pc_reg._007_ (net)
                  0.08    0.00    4.32 ^ u_pc_reg._141_/D (sky130_fd_sc_hd__dfxtp_4)
                                  4.32   data arrival time

                          0.00    0.00   clock clk (rise edge)
                          0.00    0.00   clock source latency
                  0.00    0.00    0.00 ^ clk (in)
     3    0.19                           clk (net)
                  0.05    0.02    0.02 ^ clkbuf_0_clk/A (sky130_fd_sc_hd__clkbuf_16)
                  0.18    0.30    0.33 ^ clkbuf_0_clk/X (sky130_fd_sc_hd__clkbuf_16)
     6    0.10                           clknet_0_clk (net)
                  0.18    0.01    0.33 ^ clkbuf_2_1_0_clk/A (sky130_fd_sc_hd__clkbuf_8)
                  0.55    0.60    0.94 ^ clkbuf_2_1_0_clk/X (sky130_fd_sc_hd__clkbuf_8)
     4    0.21                           clknet_2_1_0_clk (net)
                  0.55    0.01    0.95 ^ u_pc_reg._141_/CLK (sky130_fd_sc_hd__dfxtp_4)
                          0.20    1.15   clock uncertainty
                          0.00    1.15   clock reconvergence pessimism
                          0.00    1.16   library hold time
                                  1.16   data required time
-----------------------------------------------------------------------------
                                  1.16   data required time
                                 -4.32   data arrival time
-----------------------------------------------------------------------------
                                  3.17   slack (MET)


Startpoint: u_pc_reg._142_ (rising edge-triggered flip-flop clocked by clk)
Endpoint: u_pc_reg._142_ (rising edge-triggered flip-flop clocked by clk)
Path Group: clk
Path Type: min
Corner: Slowest

Fanout     Cap    Slew   Delay    Time   Description
-----------------------------------------------------------------------------
                          0.00    0.00   clock clk (rise edge)
                          0.00    0.00   clock source latency
                  0.00    0.00    0.00 ^ clk (in)
     3    0.19                           clk (net)
                  0.05    0.02    0.02 ^ clkbuf_0_clk/A (sky130_fd_sc_hd__clkbuf_16)
                  0.18    0.30    0.33 ^ clkbuf_0_clk/X (sky130_fd_sc_hd__clkbuf_16)
     6    0.10                           clknet_0_clk (net)
                  0.18    0.01    0.33 ^ clkbuf_2_0_0_clk/A (sky130_fd_sc_hd__clkbuf_8)
                  0.59    0.57    0.91 ^ clkbuf_2_0_0_clk/X (sky130_fd_sc_hd__clkbuf_8)
     8    0.22                           clknet_2_0_0_clk (net)
                  0.59    0.05    0.96 ^ u_pc_reg._142_/CLK (sky130_fd_sc_hd__dfxtp_1)
                  0.05    0.79    1.75 v u_pc_reg._142_/Q (sky130_fd_sc_hd__dfxtp_1)
     1    0.00                           u_imem.addr[8] (net)
                  0.05    0.00    1.75 v wire122/A (sky130_fd_sc_hd__buf_4)
                  0.24    0.40    2.15 v wire122/X (sky130_fd_sc_hd__buf_4)
    11    0.10                           net122 (net)
                  0.24    0.01    2.16 v u_pc_next_logic._1025_/A (sky130_fd_sc_hd__nand2_1)
                  0.16    0.23    2.40 ^ u_pc_next_logic._1025_/Y (sky130_fd_sc_hd__nand2_1)
     3    0.01                           u_pc_next_logic._0272_ (net)
                  0.16    0.00    2.40 ^ u_pc_next_logic._1027_/A (sky130_fd_sc_hd__nand2_1)
                  0.22    0.25    2.65 v u_pc_next_logic._1027_/Y (sky130_fd_sc_hd__nand2_1)
     3    0.01                           u_pc_next_logic._0274_ (net)
                  0.22    0.00    2.65 v u_pc_next_logic._1028_/B (sky130_fd_sc_hd__xnor2_1)
                  0.14    0.32    2.97 v u_pc_next_logic._1028_/Y (sky130_fd_sc_hd__xnor2_1)
     1    0.01                           u_pc_next_logic._0275_ (net)
                  0.14    0.00    2.97 v u_pc_next_logic._1042_/A2 (sky130_fd_sc_hd__a21boi_2)
                  0.54    0.55    3.52 ^ u_pc_next_logic._1042_/Y (sky130_fd_sc_hd__a21boi_2)
     1    0.03                           u_pc_next_logic._0289_ (net)
                  0.54    0.00    3.53 ^ u_pc_next_logic._1053_/A0 (sky130_fd_sc_hd__mux2_1)
                  0.08    0.40    3.93 ^ u_pc_next_logic._1053_/X (sky130_fd_sc_hd__mux2_1)
     1    0.00                           u_pc_next_logic._0300_ (net)
                  0.08    0.00    3.93 ^ u_pc_next_logic._1054_/A (sky130_fd_sc_hd__clkbuf_1)
                  0.06    0.14    4.08 ^ u_pc_next_logic._1054_/X (sky130_fd_sc_hd__clkbuf_1)
     1    0.00                           u_pc_next_logic.pc_next[8] (net)
                  0.06    0.00    4.08 ^ u_pc_reg._084_/B (sky130_fd_sc_hd__and2_1)
                  0.09    0.23    4.31 ^ u_pc_reg._084_/X (sky130_fd_sc_hd__and2_1)
     1    0.00                           u_pc_reg._058_ (net)
                  0.09    0.00    4.31 ^ u_pc_reg._085_/A (sky130_fd_sc_hd__clkbuf_1)
                  0.06    0.15    4.46 ^ u_pc_reg._085_/X (sky130_fd_sc_hd__clkbuf_1)
     1    0.00                           u_pc_reg._008_ (net)
                  0.06    0.00    4.46 ^ u_pc_reg._142_/D (sky130_fd_sc_hd__dfxtp_1)
                                  4.46   data arrival time

                          0.00    0.00   clock clk (rise edge)
                          0.00    0.00   clock source latency
                  0.00    0.00    0.00 ^ clk (in)
     3    0.19                           clk (net)
                  0.05    0.02    0.02 ^ clkbuf_0_clk/A (sky130_fd_sc_hd__clkbuf_16)
                  0.18    0.30    0.33 ^ clkbuf_0_clk/X (sky130_fd_sc_hd__clkbuf_16)
     6    0.10                           clknet_0_clk (net)
                  0.18    0.01    0.33 ^ clkbuf_2_0_0_clk/A (sky130_fd_sc_hd__clkbuf_8)
                  0.59    0.57    0.91 ^ clkbuf_2_0_0_clk/X (sky130_fd_sc_hd__clkbuf_8)
     8    0.22                           clknet_2_0_0_clk (net)
                  0.59    0.05    0.96 ^ u_pc_reg._142_/CLK (sky130_fd_sc_hd__dfxtp_1)
                          0.20    1.16   clock uncertainty
                          0.00    1.16   clock reconvergence pessimism
                          0.01    1.17   library hold time
                                  1.17   data required time
-----------------------------------------------------------------------------
                                  1.17   data required time
                                 -4.46   data arrival time
-----------------------------------------------------------------------------
                                  3.29   slack (MET)


Startpoint: u_pc_reg._158_ (rising edge-triggered flip-flop clocked by clk)
Endpoint: u_pc_reg._160_ (rising edge-triggered flip-flop clocked by clk)
Path Group: clk
Path Type: min
Corner: Slowest

Fanout     Cap    Slew   Delay    Time   Description
-----------------------------------------------------------------------------
                          0.00    0.00   clock clk (rise edge)
                          0.00    0.00   clock source latency
                  0.00    0.00    0.00 ^ clk (in)
     3    0.19                           clk (net)
                  0.05    0.02    0.02 ^ clkbuf_0_clk/A (sky130_fd_sc_hd__clkbuf_16)
                  0.18    0.30    0.33 ^ clkbuf_0_clk/X (sky130_fd_sc_hd__clkbuf_16)
     6    0.10                           clknet_0_clk (net)
                  0.18    0.01    0.33 ^ clkbuf_2_2_0_clk/A (sky130_fd_sc_hd__clkbuf_8)
                  0.34    0.46    0.80 ^ clkbuf_2_2_0_clk/X (sky130_fd_sc_hd__clkbuf_8)
    13    0.12                           clknet_2_2_0_clk (net)
                  0.34    0.02    0.82 ^ u_pc_reg._158_/CLK (sky130_fd_sc_hd__dfxtp_4)
                  0.42    1.06    1.88 v u_pc_reg._158_/Q (sky130_fd_sc_hd__dfxtp_4)
    12    0.19                           u_imem.addr[24] (net)
                  0.42    0.01    1.89 v u_pc_next_logic._1420_/A (sky130_fd_sc_hd__nand2_1)
                  0.26    0.40    2.29 ^ u_pc_next_logic._1420_/Y (sky130_fd_sc_hd__nand2_1)
     4    0.02                           u_pc_next_logic._0651_ (net)
                  0.26    0.00    2.29 ^ u_pc_next_logic._1486_/A1 (sky130_fd_sc_hd__a31o_1)
                  0.21    0.46    2.75 ^ u_pc_next_logic._1486_/X (sky130_fd_sc_hd__a31o_1)
     2    0.01                           u_pc_next_logic._0715_ (net)
                  0.21    0.00    2.75 ^ u_pc_next_logic._1487_/B (sky130_fd_sc_hd__xor2_1)
                  0.24    0.36    3.11 ^ u_pc_next_logic._1487_/X (sky130_fd_sc_hd__xor2_1)
     1    0.01                           u_pc_next_logic._0716_ (net)
                  0.24    0.00    3.11 ^ u_pc_next_logic._1488_/A1 (sky130_fd_sc_hd__mux2_2)
                  0.37    0.60    3.71 ^ u_pc_next_logic._1488_/X (sky130_fd_sc_hd__mux2_2)
     1    0.04                           u_pc_next_logic._0717_ (net)
                  0.37    0.01    3.72 ^ u_pc_next_logic._1494_/A0 (sky130_fd_sc_hd__mux2_1)
                  0.07    0.33    4.05 ^ u_pc_next_logic._1494_/X (sky130_fd_sc_hd__mux2_1)
     1    0.00                           u_pc_next_logic._0723_ (net)
                  0.07    0.00    4.05 ^ u_pc_next_logic._1495_/A (sky130_fd_sc_hd__clkbuf_1)
                  0.07    0.14    4.20 ^ u_pc_next_logic._1495_/X (sky130_fd_sc_hd__clkbuf_1)
     1    0.00                           u_pc_next_logic.pc_next[26] (net)
                  0.07    0.00    4.20 ^ u_pc_reg._122_/B (sky130_fd_sc_hd__and2_1)
                  0.09    0.23    4.43 ^ u_pc_reg._122_/X (sky130_fd_sc_hd__and2_1)
     1    0.00                           u_pc_reg._043_ (net)
                  0.09    0.00    4.43 ^ u_pc_reg._123_/A (sky130_fd_sc_hd__clkbuf_1)
                  0.06    0.15    4.58 ^ u_pc_reg._123_/X (sky130_fd_sc_hd__clkbuf_1)
     1    0.00                           u_pc_reg._026_ (net)
                  0.06    0.00    4.58 ^ u_pc_reg._160_/D (sky130_fd_sc_hd__dfxtp_4)
                                  4.58   data arrival time

                          0.00    0.00   clock clk (rise edge)
                          0.00    0.00   clock source latency
                  0.00    0.00    0.00 ^ clk (in)
     3    0.19                           clk (net)
                  0.05    0.02    0.02 ^ clkbuf_0_clk/A (sky130_fd_sc_hd__clkbuf_16)
                  0.18    0.30    0.33 ^ clkbuf_0_clk/X (sky130_fd_sc_hd__clkbuf_16)
     6    0.10                           clknet_0_clk (net)
                  0.18    0.01    0.33 ^ clkbuf_2_3_0_clk/A (sky130_fd_sc_hd__clkbuf_8)
                  0.67    0.60    0.93 ^ clkbuf_2_3_0_clk/X (sky130_fd_sc_hd__clkbuf_8)
     7    0.26                           clknet_2_3_0_clk (net)
                  0.69    0.09    1.02 ^ u_pc_reg._160_/CLK (sky130_fd_sc_hd__dfxtp_4)
                          0.20    1.22   clock uncertainty
                          0.00    1.22   clock reconvergence pessimism
                          0.03    1.25   library hold time
                                  1.25   data required time
-----------------------------------------------------------------------------
                                  1.25   data required time
                                 -4.58   data arrival time
-----------------------------------------------------------------------------
                                  3.33   slack (MET)


Startpoint: u_pc_reg._138_ (rising edge-triggered flip-flop clocked by clk)
Endpoint: u_pc_reg._139_ (rising edge-triggered flip-flop clocked by clk)
Path Group: clk
Path Type: min
Corner: Slowest

Fanout     Cap    Slew   Delay    Time   Description
-----------------------------------------------------------------------------
                          0.00    0.00   clock clk (rise edge)
                          0.00    0.00   clock source latency
                  0.00    0.00    0.00 ^ clk (in)
     3    0.19                           clk (net)
                  0.05    0.02    0.02 ^ clkbuf_0_clk/A (sky130_fd_sc_hd__clkbuf_16)
                  0.18    0.30    0.33 ^ clkbuf_0_clk/X (sky130_fd_sc_hd__clkbuf_16)
     6    0.10                           clknet_0_clk (net)
                  0.18    0.01    0.33 ^ clkbuf_2_0_0_clk/A (sky130_fd_sc_hd__clkbuf_8)
                  0.59    0.57    0.91 ^ clkbuf_2_0_0_clk/X (sky130_fd_sc_hd__clkbuf_8)
     8    0.22                           clknet_2_0_0_clk (net)
                  0.59    0.06    0.97 ^ u_pc_reg._138_/CLK (sky130_fd_sc_hd__dfxtp_4)
                  0.24    1.05    2.02 v u_pc_reg._138_/Q (sky130_fd_sc_hd__dfxtp_4)
    12    0.10                           u_imem.addr[4] (net)
                  0.24    0.01    2.03 v u_pc_next_logic._0940_/A (sky130_fd_sc_hd__nand2_1)
                  0.21    0.27    2.30 ^ u_pc_next_logic._0940_/Y (sky130_fd_sc_hd__nand2_1)
     3    0.01                           u_pc_next_logic._0191_ (net)
                  0.21    0.00    2.30 ^ u_pc_next_logic._0965_/B1 (sky130_fd_sc_hd__o21a_1)
                  0.23    0.40    2.70 ^ u_pc_next_logic._0965_/X (sky130_fd_sc_hd__o21a_1)
     3    0.01                           u_pc_next_logic._0215_ (net)
                  0.23    0.00    2.70 ^ u_pc_next_logic._0966_/B (sky130_fd_sc_hd__nand2_1)
                  0.09    0.18    2.88 v u_pc_next_logic._0966_/Y (sky130_fd_sc_hd__nand2_1)
     1    0.00                           u_pc_next_logic._0216_ (net)
                  0.09    0.00    2.88 v u_pc_next_logic._0975_/A1_N (sky130_fd_sc_hd__o2bb2a_2)
                  0.38    0.74    3.61 ^ u_pc_next_logic._0975_/X (sky130_fd_sc_hd__o2bb2a_2)
     1    0.04                           u_pc_next_logic._0225_ (net)
                  0.38    0.01    3.62 ^ u_pc_next_logic._0976_/A1 (sky130_fd_sc_hd__mux2_1)
                  0.08    0.36    3.98 ^ u_pc_next_logic._0976_/X (sky130_fd_sc_hd__mux2_1)
     1    0.00                           u_pc_next_logic._0226_ (net)
                  0.08    0.00    3.98 ^ u_pc_next_logic._0977_/A (sky130_fd_sc_hd__clkbuf_1)
                  0.07    0.15    4.13 ^ u_pc_next_logic._0977_/X (sky130_fd_sc_hd__clkbuf_1)
     1    0.00                           u_pc_next_logic.pc_next[5] (net)
                  0.07    0.00    4.14 ^ u_pc_reg._078_/B (sky130_fd_sc_hd__and2_1)
                  0.09    0.24    4.37 ^ u_pc_reg._078_/X (sky130_fd_sc_hd__and2_1)
     1    0.00                           u_pc_reg._055_ (net)
                  0.09    0.00    4.37 ^ u_pc_reg._079_/A (sky130_fd_sc_hd__clkbuf_1)
                  0.06    0.15    4.53 ^ u_pc_reg._079_/X (sky130_fd_sc_hd__clkbuf_1)
     1    0.00                           u_pc_reg._005_ (net)
                  0.06    0.00    4.53 ^ u_pc_reg._139_/D (sky130_fd_sc_hd__dfxtp_1)
                                  4.53   data arrival time

                          0.00    0.00   clock clk (rise edge)
                          0.00    0.00   clock source latency
                  0.00    0.00    0.00 ^ clk (in)
     3    0.19                           clk (net)
                  0.05    0.02    0.02 ^ clkbuf_0_clk/A (sky130_fd_sc_hd__clkbuf_16)
                  0.18    0.30    0.33 ^ clkbuf_0_clk/X (sky130_fd_sc_hd__clkbuf_16)
     6    0.10                           clknet_0_clk (net)
                  0.18    0.01    0.33 ^ clkbuf_2_1_0_clk/A (sky130_fd_sc_hd__clkbuf_8)
                  0.55    0.60    0.94 ^ clkbuf_2_1_0_clk/X (sky130_fd_sc_hd__clkbuf_8)
     4    0.21                           clknet_2_1_0_clk (net)
                  0.55    0.03    0.97 ^ u_pc_reg._139_/CLK (sky130_fd_sc_hd__dfxtp_1)
                          0.20    1.17   clock uncertainty
                          0.00    1.17   clock reconvergence pessimism
                          0.01    1.17   library hold time
                                  1.17   data required time
-----------------------------------------------------------------------------
                                  1.17   data required time
                                 -4.53   data arrival time
-----------------------------------------------------------------------------
                                  3.35   slack (MET)


Startpoint: u_pc_reg._154_ (rising edge-triggered flip-flop clocked by clk)
Endpoint: u_pc_reg._154_ (rising edge-triggered flip-flop clocked by clk)
Path Group: clk
Path Type: min
Corner: Slowest

Fanout     Cap    Slew   Delay    Time   Description
-----------------------------------------------------------------------------
                          0.00    0.00   clock clk (rise edge)
                          0.00    0.00   clock source latency
                  0.00    0.00    0.00 ^ clk (in)
     3    0.19                           clk (net)
                  0.05    0.02    0.02 ^ clkbuf_0_clk/A (sky130_fd_sc_hd__clkbuf_16)
                  0.18    0.30    0.33 ^ clkbuf_0_clk/X (sky130_fd_sc_hd__clkbuf_16)
     6    0.10                           clknet_0_clk (net)
                  0.18    0.01    0.33 ^ clkbuf_2_2_0_clk/A (sky130_fd_sc_hd__clkbuf_8)
                  0.34    0.46    0.80 ^ clkbuf_2_2_0_clk/X (sky130_fd_sc_hd__clkbuf_8)
    13    0.12                           clknet_2_2_0_clk (net)
                  0.34    0.02    0.82 ^ u_pc_reg._154_/CLK (sky130_fd_sc_hd__dfxtp_4)
                  0.36    1.01    1.83 v u_pc_reg._154_/Q (sky130_fd_sc_hd__dfxtp_4)
    13    0.16                           u_imem.addr[20] (net)
                  0.37    0.04    1.88 v u_pc_next_logic._1328_/A (sky130_fd_sc_hd__nor2_1)
                  0.14    0.28    2.16 ^ u_pc_next_logic._1328_/Y (sky130_fd_sc_hd__nor2_1)
     1    0.00                           u_pc_next_logic._0563_ (net)
                  0.14    0.00    2.16 ^ u_pc_next_logic._1329_/B (sky130_fd_sc_hd__nor2_1)
                  0.12    0.16    2.32 v u_pc_next_logic._1329_/Y (sky130_fd_sc_hd__nor2_1)
     3    0.01                           u_pc_next_logic._0564_ (net)
                  0.12    0.00    2.32 v u_pc_next_logic._1336_/A (sky130_fd_sc_hd__xor2_1)
                  0.37    0.43    2.75 ^ u_pc_next_logic._1336_/X (sky130_fd_sc_hd__xor2_1)
     1    0.01                           u_pc_next_logic._0571_ (net)
                  0.37    0.00    2.75 ^ u_pc_next_logic._1337_/A1 (sky130_fd_sc_hd__mux2_1)
                  0.41    0.61    3.36 ^ u_pc_next_logic._1337_/X (sky130_fd_sc_hd__mux2_1)
     1    0.03                           u_pc_next_logic._0572_ (net)
                  0.41    0.00    3.36 ^ u_pc_next_logic._1349_/A0 (sky130_fd_sc_hd__mux2_1)
                  0.09    0.38    3.74 ^ u_pc_next_logic._1349_/X (sky130_fd_sc_hd__mux2_1)
     1    0.00                           u_pc_next_logic._0584_ (net)
                  0.09    0.00    3.74 ^ u_pc_next_logic._1350_/A (sky130_fd_sc_hd__clkbuf_1)
                  0.09    0.17    3.92 ^ u_pc_next_logic._1350_/X (sky130_fd_sc_hd__clkbuf_1)
     1    0.00                           u_pc_next_logic.pc_next[20] (net)
                  0.09    0.00    3.92 ^ u_pc_reg._109_/B (sky130_fd_sc_hd__and2_1)
                  0.10    0.25    4.17 ^ u_pc_reg._109_/X (sky130_fd_sc_hd__and2_1)
     1    0.00                           u_pc_reg._036_ (net)
                  0.10    0.00    4.17 ^ u_pc_reg._110_/A (sky130_fd_sc_hd__clkbuf_1)
                  0.08    0.17    4.34 ^ u_pc_reg._110_/X (sky130_fd_sc_hd__clkbuf_1)
     1    0.00                           u_pc_reg._020_ (net)
                  0.08    0.00    4.34 ^ u_pc_reg._154_/D (sky130_fd_sc_hd__dfxtp_4)
                                  4.34   data arrival time

                          0.00    0.00   clock clk (rise edge)
                          0.00    0.00   clock source latency
                  0.00    0.00    0.00 ^ clk (in)
     3    0.19                           clk (net)
                  0.05    0.02    0.02 ^ clkbuf_0_clk/A (sky130_fd_sc_hd__clkbuf_16)
                  0.18    0.30    0.33 ^ clkbuf_0_clk/X (sky130_fd_sc_hd__clkbuf_16)
     6    0.10                           clknet_0_clk (net)
                  0.18    0.01    0.33 ^ clkbuf_2_2_0_clk/A (sky130_fd_sc_hd__clkbuf_8)
                  0.34    0.46    0.80 ^ clkbuf_2_2_0_clk/X (sky130_fd_sc_hd__clkbuf_8)
    13    0.12                           clknet_2_2_0_clk (net)
                  0.34    0.02    0.82 ^ u_pc_reg._154_/CLK (sky130_fd_sc_hd__dfxtp_4)
                          0.20    1.02   clock uncertainty
                          0.00    1.02   clock reconvergence pessimism
                         -0.03    0.99   library hold time
                                  0.99   data required time
-----------------------------------------------------------------------------
                                  0.99   data required time
                                 -4.34   data arrival time
-----------------------------------------------------------------------------
                                  3.36   slack (MET)



======================= Typical Corner ===================================

Startpoint: u_pc_reg._134_ (rising edge-triggered flip-flop clocked by clk)
Endpoint: u_pc_reg._134_ (rising edge-triggered flip-flop clocked by clk)
Path Group: clk
Path Type: min
Corner: Typical

Fanout     Cap    Slew   Delay    Time   Description
-----------------------------------------------------------------------------
                          0.00    0.00   clock clk (rise edge)
                          0.00    0.00   clock source latency
                  0.00    0.00    0.00 ^ clk (in)
     3    0.19                           clk (net)
                  0.05    0.02    0.02 ^ clkbuf_0_clk/A (sky130_fd_sc_hd__clkbuf_16)
                  0.12    0.18    0.21 ^ clkbuf_0_clk/X (sky130_fd_sc_hd__clkbuf_16)
     6    0.10                           clknet_0_clk (net)
                  0.12    0.01    0.22 ^ clkbuf_2_3_0_clk/A (sky130_fd_sc_hd__clkbuf_8)
                  0.42    0.32    0.54 ^ clkbuf_2_3_0_clk/X (sky130_fd_sc_hd__clkbuf_8)
     7    0.26                           clknet_2_3_0_clk (net)
                  0.45    0.08    0.61 ^ u_pc_reg._134_/CLK (sky130_fd_sc_hd__dfxtp_4)
                  0.16    0.54    1.16 v u_pc_reg._134_/Q (sky130_fd_sc_hd__dfxtp_4)
    11    0.12                           u_imem.addr[0] (net)
                  0.16    0.01    1.16 v u_pc_next_logic._0862_/A1 (sky130_fd_sc_hd__a21oi_1)
                  0.09    0.16    1.32 ^ u_pc_next_logic._0862_/Y (sky130_fd_sc_hd__a21oi_1)
     1    0.00                           u_pc_next_logic.pc_next[0] (net)
                  0.09    0.00    1.32 ^ u_pc_reg._067_/A (sky130_fd_sc_hd__and2_1)
                  0.05    0.12    1.45 ^ u_pc_reg._067_/X (sky130_fd_sc_hd__and2_1)
     1    0.00                           u_pc_reg._049_ (net)
                  0.05    0.00    1.45 ^ u_pc_reg._068_/A (sky130_fd_sc_hd__clkbuf_1)
                  0.04    0.08    1.52 ^ u_pc_reg._068_/X (sky130_fd_sc_hd__clkbuf_1)
     1    0.00                           u_pc_reg._000_ (net)
                  0.04    0.00    1.52 ^ u_pc_reg._134_/D (sky130_fd_sc_hd__dfxtp_4)
                                  1.52   data arrival time

                          0.00    0.00   clock clk (rise edge)
                          0.00    0.00   clock source latency
                  0.00    0.00    0.00 ^ clk (in)
     3    0.19                           clk (net)
                  0.05    0.02    0.02 ^ clkbuf_0_clk/A (sky130_fd_sc_hd__clkbuf_16)
                  0.12    0.18    0.21 ^ clkbuf_0_clk/X (sky130_fd_sc_hd__clkbuf_16)
     6    0.10                           clknet_0_clk (net)
                  0.12    0.01    0.22 ^ clkbuf_2_3_0_clk/A (sky130_fd_sc_hd__clkbuf_8)
                  0.42    0.32    0.54 ^ clkbuf_2_3_0_clk/X (sky130_fd_sc_hd__clkbuf_8)
     7    0.26                           clknet_2_3_0_clk (net)
                  0.45    0.08    0.61 ^ u_pc_reg._134_/CLK (sky130_fd_sc_hd__dfxtp_4)
                          0.20    0.81   clock uncertainty
                          0.00    0.81   clock reconvergence pessimism
                          0.02    0.84   library hold time
                                  0.84   data required time
-----------------------------------------------------------------------------
                                  0.84   data required time
                                 -1.52   data arrival time
-----------------------------------------------------------------------------
                                  0.69   slack (MET)


Startpoint: u_pc_reg._135_ (rising edge-triggered flip-flop clocked by clk)
Endpoint: u_pc_reg._135_ (rising edge-triggered flip-flop clocked by clk)
Path Group: clk
Path Type: min
Corner: Typical

Fanout     Cap    Slew   Delay    Time   Description
-----------------------------------------------------------------------------
                          0.00    0.00   clock clk (rise edge)
                          0.00    0.00   clock source latency
                  0.00    0.00    0.00 ^ clk (in)
     3    0.19                           clk (net)
                  0.05    0.02    0.02 ^ clkbuf_0_clk/A (sky130_fd_sc_hd__clkbuf_16)
                  0.12    0.18    0.21 ^ clkbuf_0_clk/X (sky130_fd_sc_hd__clkbuf_16)
     6    0.10                           clknet_0_clk (net)
                  0.12    0.01    0.22 ^ clkbuf_2_0_0_clk/A (sky130_fd_sc_hd__clkbuf_8)
                  0.37    0.31    0.53 ^ clkbuf_2_0_0_clk/X (sky130_fd_sc_hd__clkbuf_8)
     8    0.22                           clknet_2_0_0_clk (net)
                  0.38    0.05    0.58 ^ u_pc_reg._135_/CLK (sky130_fd_sc_hd__dfxtp_4)
                  0.16    0.54    1.12 v u_pc_reg._135_/Q (sky130_fd_sc_hd__dfxtp_4)
    11    0.12                           u_imem.addr[1] (net)
                  0.16    0.00    1.12 v u_pc_next_logic._0877_/A1_N (sky130_fd_sc_hd__o2bb2a_1)
                  0.07    0.31    1.43 ^ u_pc_next_logic._0877_/X (sky130_fd_sc_hd__o2bb2a_1)
     1    0.01                           u_pc_next_logic._0131_ (net)
                  0.07    0.00    1.43 ^ u_pc_next_logic._0878_/B1 (sky130_fd_sc_hd__o22a_1)
                  0.09    0.17    1.60 ^ u_pc_next_logic._0878_/X (sky130_fd_sc_hd__o22a_1)
     1    0.01                           u_pc_next_logic._0132_ (net)
                  0.09    0.00    1.60 ^ u_pc_next_logic._0885_/A2 (sky130_fd_sc_hd__o21ai_1)
                  0.03    0.06    1.65 v u_pc_next_logic._0885_/Y (sky130_fd_sc_hd__o21ai_1)
     1    0.00                           u_pc_next_logic.pc_next[1] (net)
                  0.03    0.00    1.65 v u_pc_reg._070_/B (sky130_fd_sc_hd__and2_1)
                  0.04    0.14    1.80 v u_pc_reg._070_/X (sky130_fd_sc_hd__and2_1)
     1    0.00                           u_pc_reg._051_ (net)
                  0.04    0.00    1.80 v u_pc_reg._071_/A (sky130_fd_sc_hd__clkbuf_1)
                  0.02    0.08    1.88 v u_pc_reg._071_/X (sky130_fd_sc_hd__clkbuf_1)
     1    0.00                           u_pc_reg._001_ (net)
                  0.02    0.00    1.88 v u_pc_reg._135_/D (sky130_fd_sc_hd__dfxtp_4)
                                  1.88   data arrival time

                          0.00    0.00   clock clk (rise edge)
                          0.00    0.00   clock source latency
                  0.00    0.00    0.00 ^ clk (in)
     3    0.19                           clk (net)
                  0.05    0.02    0.02 ^ clkbuf_0_clk/A (sky130_fd_sc_hd__clkbuf_16)
                  0.12    0.18    0.21 ^ clkbuf_0_clk/X (sky130_fd_sc_hd__clkbuf_16)
     6    0.10                           clknet_0_clk (net)
                  0.12    0.01    0.22 ^ clkbuf_2_0_0_clk/A (sky130_fd_sc_hd__clkbuf_8)
                  0.37    0.31    0.53 ^ clkbuf_2_0_0_clk/X (sky130_fd_sc_hd__clkbuf_8)
     8    0.22                           clknet_2_0_0_clk (net)
                  0.38    0.05    0.58 ^ u_pc_reg._135_/CLK (sky130_fd_sc_hd__dfxtp_4)
                          0.20    0.78   clock uncertainty
                          0.00    0.78   clock reconvergence pessimism
                          0.03    0.81   library hold time
                                  0.81   data required time
-----------------------------------------------------------------------------
                                  0.81   data required time
                                 -1.88   data arrival time
-----------------------------------------------------------------------------
                                  1.07   slack (MET)


Startpoint: u_pc_reg._147_ (rising edge-triggered flip-flop clocked by clk)
Endpoint: u_pc_reg._147_ (rising edge-triggered flip-flop clocked by clk)
Path Group: clk
Path Type: min
Corner: Typical

Fanout     Cap    Slew   Delay    Time   Description
-----------------------------------------------------------------------------
                          0.00    0.00   clock clk (rise edge)
                          0.00    0.00   clock source latency
                  0.00    0.00    0.00 ^ clk (in)
     3    0.19                           clk (net)
                  0.05    0.02    0.02 ^ clkbuf_0_clk/A (sky130_fd_sc_hd__clkbuf_16)
                  0.12    0.18    0.21 ^ clkbuf_0_clk/X (sky130_fd_sc_hd__clkbuf_16)
     6    0.10                           clknet_0_clk (net)
                  0.12    0.01    0.22 ^ clkbuf_2_2_0_clk/A (sky130_fd_sc_hd__clkbuf_8)
                  0.22    0.27    0.48 ^ clkbuf_2_2_0_clk/X (sky130_fd_sc_hd__clkbuf_8)
    13    0.12                           clknet_2_2_0_clk (net)
                  0.22    0.02    0.50 ^ u_pc_reg._147_/CLK (sky130_fd_sc_hd__dfxtp_4)
                  0.16    0.50    1.00 v u_pc_reg._147_/Q (sky130_fd_sc_hd__dfxtp_4)
    13    0.12                           u_imem.addr[13] (net)
                  0.16    0.01    1.02 v u_pc_next_logic._1149_/A (sky130_fd_sc_hd__xor2_1)
                  0.07    0.23    1.25 v u_pc_next_logic._1149_/X (sky130_fd_sc_hd__xor2_1)
     3    0.01                           u_pc_next_logic._0391_ (net)
                  0.07    0.00    1.25 v u_pc_next_logic._1152_/A1 (sky130_fd_sc_hd__a21o_1)
                  0.03    0.16    1.41 v u_pc_next_logic._1152_/X (sky130_fd_sc_hd__a21o_1)
     1    0.00                           u_pc_next_logic._0394_ (net)
                  0.03    0.00    1.41 v u_pc_next_logic._1166_/A1_N (sky130_fd_sc_hd__o2bb2a_1)
                  0.05    0.23    1.64 ^ u_pc_next_logic._1166_/X (sky130_fd_sc_hd__o2bb2a_1)
     1    0.00                           u_pc_next_logic.pc_next[13] (net)
                  0.05    0.00    1.64 ^ u_pc_reg._095_/B (sky130_fd_sc_hd__and2_1)
                  0.06    0.13    1.77 ^ u_pc_reg._095_/X (sky130_fd_sc_hd__and2_1)
     1    0.00                           u_pc_reg._064_ (net)
                  0.06    0.00    1.77 ^ u_pc_reg._096_/A (sky130_fd_sc_hd__clkbuf_1)
                  0.05    0.09    1.85 ^ u_pc_reg._096_/X (sky130_fd_sc_hd__clkbuf_1)
     1    0.00                           u_pc_reg._013_ (net)
                  0.05    0.00    1.85 ^ u_pc_reg._147_/D (sky130_fd_sc_hd__dfxtp_4)
                                  1.85   data arrival time

                          0.00    0.00   clock clk (rise edge)
                          0.00    0.00   clock source latency
                  0.00    0.00    0.00 ^ clk (in)
     3    0.19                           clk (net)
                  0.05    0.02    0.02 ^ clkbuf_0_clk/A (sky130_fd_sc_hd__clkbuf_16)
                  0.12    0.18    0.21 ^ clkbuf_0_clk/X (sky130_fd_sc_hd__clkbuf_16)
     6    0.10                           clknet_0_clk (net)
                  0.12    0.01    0.22 ^ clkbuf_2_2_0_clk/A (sky130_fd_sc_hd__clkbuf_8)
                  0.22    0.27    0.48 ^ clkbuf_2_2_0_clk/X (sky130_fd_sc_hd__clkbuf_8)
    13    0.12                           clknet_2_2_0_clk (net)
                  0.22    0.02    0.50 ^ u_pc_reg._147_/CLK (sky130_fd_sc_hd__dfxtp_4)
                          0.20    0.70   clock uncertainty
                          0.00    0.70   clock reconvergence pessimism
                         -0.01    0.69   library hold time
                                  0.69   data required time
-----------------------------------------------------------------------------
                                  0.69   data required time
                                 -1.85   data arrival time
-----------------------------------------------------------------------------
                                  1.16   slack (MET)


Startpoint: u_pc_reg._138_ (rising edge-triggered flip-flop clocked by clk)
Endpoint: u_pc_reg._138_ (rising edge-triggered flip-flop clocked by clk)
Path Group: clk
Path Type: min
Corner: Typical

Fanout     Cap    Slew   Delay    Time   Description
-----------------------------------------------------------------------------
                          0.00    0.00   clock clk (rise edge)
                          0.00    0.00   clock source latency
                  0.00    0.00    0.00 ^ clk (in)
     3    0.19                           clk (net)
                  0.05    0.02    0.02 ^ clkbuf_0_clk/A (sky130_fd_sc_hd__clkbuf_16)
                  0.12    0.18    0.21 ^ clkbuf_0_clk/X (sky130_fd_sc_hd__clkbuf_16)
     6    0.10                           clknet_0_clk (net)
                  0.12    0.01    0.22 ^ clkbuf_2_0_0_clk/A (sky130_fd_sc_hd__clkbuf_8)
                  0.37    0.31    0.53 ^ clkbuf_2_0_0_clk/X (sky130_fd_sc_hd__clkbuf_8)
     8    0.22                           clknet_2_0_0_clk (net)
                  0.39    0.06    0.59 ^ u_pc_reg._138_/CLK (sky130_fd_sc_hd__dfxtp_4)
                  0.14    0.53    1.12 v u_pc_reg._138_/Q (sky130_fd_sc_hd__dfxtp_4)
    12    0.10                           u_imem.addr[4] (net)
                  0.14    0.01    1.12 v u_pc_next_logic._0940_/A (sky130_fd_sc_hd__nand2_1)
                  0.13    0.16    1.28 ^ u_pc_next_logic._0940_/Y (sky130_fd_sc_hd__nand2_1)
     3    0.01                           u_pc_next_logic._0191_ (net)
                  0.13    0.00    1.28 ^ u_pc_next_logic._0942_/A (sky130_fd_sc_hd__nand2_1)
                  0.09    0.12    1.40 v u_pc_next_logic._0942_/Y (sky130_fd_sc_hd__nand2_1)
     3    0.01                           u_pc_next_logic._0193_ (net)
                  0.09    0.00    1.40 v u_pc_next_logic._0947_/A (sky130_fd_sc_hd__nand2_1)
                  0.05    0.08    1.48 ^ u_pc_next_logic._0947_/Y (sky130_fd_sc_hd__nand2_1)
     1    0.00                           u_pc_next_logic._0198_ (net)
                  0.05    0.00    1.48 ^ u_pc_next_logic._0948_/A2 (sky130_fd_sc_hd__a21o_1)
                  0.06    0.13    1.61 ^ u_pc_next_logic._0948_/X (sky130_fd_sc_hd__a21o_1)
     1    0.01                           u_pc_next_logic._0199_ (net)
                  0.06    0.00    1.61 ^ u_pc_next_logic._0956_/A3 (sky130_fd_sc_hd__a31o_1)
                  0.06    0.15    1.77 ^ u_pc_next_logic._0956_/X (sky130_fd_sc_hd__a31o_1)
     1    0.01                           u_pc_next_logic.pc_next[4] (net)
                  0.06    0.00    1.77 ^ u_pc_reg._076_/B (sky130_fd_sc_hd__and2_1)
                  0.05    0.12    1.89 ^ u_pc_reg._076_/X (sky130_fd_sc_hd__and2_1)
     1    0.00                           u_pc_reg._054_ (net)
                  0.05    0.00    1.89 ^ u_pc_reg._077_/A (sky130_fd_sc_hd__clkbuf_1)
                  0.04    0.08    1.97 ^ u_pc_reg._077_/X (sky130_fd_sc_hd__clkbuf_1)
     1    0.00                           u_pc_reg._004_ (net)
                  0.04    0.00    1.97 ^ u_pc_reg._138_/D (sky130_fd_sc_hd__dfxtp_4)
                                  1.97   data arrival time

                          0.00    0.00   clock clk (rise edge)
                          0.00    0.00   clock source latency
                  0.00    0.00    0.00 ^ clk (in)
     3    0.19                           clk (net)
                  0.05    0.02    0.02 ^ clkbuf_0_clk/A (sky130_fd_sc_hd__clkbuf_16)
                  0.12    0.18    0.21 ^ clkbuf_0_clk/X (sky130_fd_sc_hd__clkbuf_16)
     6    0.10                           clknet_0_clk (net)
                  0.12    0.01    0.22 ^ clkbuf_2_0_0_clk/A (sky130_fd_sc_hd__clkbuf_8)
                  0.37    0.31    0.53 ^ clkbuf_2_0_0_clk/X (sky130_fd_sc_hd__clkbuf_8)
     8    0.22                           clknet_2_0_0_clk (net)
                  0.39    0.06    0.59 ^ u_pc_reg._138_/CLK (sky130_fd_sc_hd__dfxtp_4)
                          0.20    0.79   clock uncertainty
                          0.00    0.79   clock reconvergence pessimism
                          0.01    0.80   library hold time
                                  0.80   data required time
-----------------------------------------------------------------------------
                                  0.80   data required time
                                 -1.97   data arrival time
-----------------------------------------------------------------------------
                                  1.17   slack (MET)


Startpoint: u_pc_reg._156_ (rising edge-triggered flip-flop clocked by clk)
Endpoint: u_pc_reg._156_ (rising edge-triggered flip-flop clocked by clk)
Path Group: clk
Path Type: min
Corner: Typical

Fanout     Cap    Slew   Delay    Time   Description
-----------------------------------------------------------------------------
                          0.00    0.00   clock clk (rise edge)
                          0.00    0.00   clock source latency
                  0.00    0.00    0.00 ^ clk (in)
     3    0.19                           clk (net)
                  0.05    0.02    0.02 ^ clkbuf_0_clk/A (sky130_fd_sc_hd__clkbuf_16)
                  0.12    0.18    0.21 ^ clkbuf_0_clk/X (sky130_fd_sc_hd__clkbuf_16)
     6    0.10                           clknet_0_clk (net)
                  0.12    0.01    0.22 ^ clkbuf_2_2_0_clk/A (sky130_fd_sc_hd__clkbuf_8)
                  0.22    0.27    0.48 ^ clkbuf_2_2_0_clk/X (sky130_fd_sc_hd__clkbuf_8)
    13    0.12                           clknet_2_2_0_clk (net)
                  0.23    0.03    0.51 ^ u_pc_reg._156_/CLK (sky130_fd_sc_hd__dfxtp_4)
                  0.19    0.51    1.02 v u_pc_reg._156_/Q (sky130_fd_sc_hd__dfxtp_4)
    11    0.14                           u_imem.addr[22] (net)
                  0.19    0.01    1.03 v u_pc_next_logic._1384_/A (sky130_fd_sc_hd__nand2_1)
                  0.10    0.16    1.19 ^ u_pc_next_logic._1384_/Y (sky130_fd_sc_hd__nand2_1)
     3    0.01                           u_pc_next_logic._0617_ (net)
                  0.10    0.00    1.19 ^ u_pc_next_logic._1386_/A (sky130_fd_sc_hd__nand2_1)
                  0.08    0.10    1.29 v u_pc_next_logic._1386_/Y (sky130_fd_sc_hd__nand2_1)
     2    0.01                           u_pc_next_logic._0619_ (net)
                  0.08    0.00    1.29 v u_pc_next_logic._1391_/A (sky130_fd_sc_hd__xnor2_1)
                  0.06    0.16    1.44 v u_pc_next_logic._1391_/Y (sky130_fd_sc_hd__xnor2_1)
     1    0.01                           u_pc_next_logic._0624_ (net)
                  0.06    0.00    1.44 v u_pc_next_logic._1392_/B (sky130_fd_sc_hd__nand2_1)
                  0.09    0.10    1.54 ^ u_pc_next_logic._1392_/Y (sky130_fd_sc_hd__nand2_1)
     1    0.01                           u_pc_next_logic._0625_ (net)
                  0.09    0.00    1.54 ^ u_pc_next_logic._1393_/B2 (sky130_fd_sc_hd__a22o_1)
                  0.06    0.14    1.68 ^ u_pc_next_logic._1393_/X (sky130_fd_sc_hd__a22o_1)
     1    0.00                           u_pc_next_logic.pc_next[22] (net)
                  0.06    0.00    1.68 ^ u_pc_reg._114_/B (sky130_fd_sc_hd__and2_1)
                  0.06    0.13    1.81 ^ u_pc_reg._114_/X (sky130_fd_sc_hd__and2_1)
     1    0.00                           u_pc_reg._039_ (net)
                  0.06    0.00    1.81 ^ u_pc_reg._115_/A (sky130_fd_sc_hd__clkbuf_1)
                  0.06    0.10    1.91 ^ u_pc_reg._115_/X (sky130_fd_sc_hd__clkbuf_1)
     1    0.00                           u_pc_reg._022_ (net)
                  0.06    0.00    1.91 ^ u_pc_reg._156_/D (sky130_fd_sc_hd__dfxtp_4)
                                  1.91   data arrival time

                          0.00    0.00   clock clk (rise edge)
                          0.00    0.00   clock source latency
                  0.00    0.00    0.00 ^ clk (in)
     3    0.19                           clk (net)
                  0.05    0.02    0.02 ^ clkbuf_0_clk/A (sky130_fd_sc_hd__clkbuf_16)
                  0.12    0.18    0.21 ^ clkbuf_0_clk/X (sky130_fd_sc_hd__clkbuf_16)
     6    0.10                           clknet_0_clk (net)
                  0.12    0.01    0.22 ^ clkbuf_2_2_0_clk/A (sky130_fd_sc_hd__clkbuf_8)
                  0.22    0.27    0.48 ^ clkbuf_2_2_0_clk/X (sky130_fd_sc_hd__clkbuf_8)
    13    0.12                           clknet_2_2_0_clk (net)
                  0.23    0.03    0.51 ^ u_pc_reg._156_/CLK (sky130_fd_sc_hd__dfxtp_4)
                          0.20    0.71   clock uncertainty
                          0.00    0.71   clock reconvergence pessimism
                         -0.01    0.70   library hold time
                                  0.70   data required time
-----------------------------------------------------------------------------
                                  0.70   data required time
                                 -1.91   data arrival time
-----------------------------------------------------------------------------
                                  1.21   slack (MET)


Startpoint: u_pc_reg._163_ (rising edge-triggered flip-flop clocked by clk)
Endpoint: u_pc_reg._163_ (rising edge-triggered flip-flop clocked by clk)
Path Group: clk
Path Type: min
Corner: Typical

Fanout     Cap    Slew   Delay    Time   Description
-----------------------------------------------------------------------------
                          0.00    0.00   clock clk (rise edge)
                          0.00    0.00   clock source latency
                  0.00    0.00    0.00 ^ clk (in)
     3    0.19                           clk (net)
                  0.05    0.02    0.02 ^ clkbuf_0_clk/A (sky130_fd_sc_hd__clkbuf_16)
                  0.12    0.18    0.21 ^ clkbuf_0_clk/X (sky130_fd_sc_hd__clkbuf_16)
     6    0.10                           clknet_0_clk (net)
                  0.12    0.01    0.22 ^ clkbuf_2_2_0_clk/A (sky130_fd_sc_hd__clkbuf_8)
                  0.22    0.27    0.48 ^ clkbuf_2_2_0_clk/X (sky130_fd_sc_hd__clkbuf_8)
    13    0.12                           clknet_2_2_0_clk (net)
                  0.22    0.02    0.50 ^ u_pc_reg._163_/CLK (sky130_fd_sc_hd__dfxtp_4)
                  0.20    0.53    1.03 v u_pc_reg._163_/Q (sky130_fd_sc_hd__dfxtp_4)
    11    0.15                           u_imem.addr[29] (net)
                  0.20    0.01    1.04 v u_pc_next_logic._1555_/A (sky130_fd_sc_hd__nand2_1)
                  0.04    0.11    1.15 ^ u_pc_next_logic._1555_/Y (sky130_fd_sc_hd__nand2_1)
     1    0.00                           u_pc_next_logic._0010_ (net)
                  0.04    0.00    1.15 ^ u_pc_next_logic._1556_/B (sky130_fd_sc_hd__nand2_1)
                  0.06    0.07    1.22 v u_pc_next_logic._1556_/Y (sky130_fd_sc_hd__nand2_1)
     1    0.01                           u_pc_next_logic._0011_ (net)
                  0.06    0.00    1.22 v u_pc_next_logic._1558_/A (sky130_fd_sc_hd__xnor2_1)
                  0.06    0.16    1.38 ^ u_pc_next_logic._1558_/Y (sky130_fd_sc_hd__xnor2_1)
     1    0.00                           u_pc_next_logic._0013_ (net)
                  0.06    0.00    1.38 ^ u_pc_next_logic._1566_/A2 (sky130_fd_sc_hd__a211o_1)
                  0.16    0.21    1.59 ^ u_pc_next_logic._1566_/X (sky130_fd_sc_hd__a211o_1)
     1    0.02                           u_pc_next_logic._0021_ (net)
                  0.16    0.00    1.60 ^ u_pc_next_logic._1567_/B1 (sky130_fd_sc_hd__o21ai_1)
                  0.04    0.08    1.68 v u_pc_next_logic._1567_/Y (sky130_fd_sc_hd__o21ai_1)
     1    0.00                           u_pc_next_logic.pc_next[29] (net)
                  0.04    0.00    1.68 v u_pc_reg._128_/B (sky130_fd_sc_hd__and2_1)
                  0.04    0.15    1.83 v u_pc_reg._128_/X (sky130_fd_sc_hd__and2_1)
     1    0.00                           u_pc_reg._046_ (net)
                  0.04    0.00    1.83 v u_pc_reg._129_/A (sky130_fd_sc_hd__clkbuf_1)
                  0.02    0.08    1.91 v u_pc_reg._129_/X (sky130_fd_sc_hd__clkbuf_1)
     1    0.00                           u_pc_reg._029_ (net)
                  0.02    0.00    1.91 v u_pc_reg._163_/D (sky130_fd_sc_hd__dfxtp_4)
                                  1.91   data arrival time

                          0.00    0.00   clock clk (rise edge)
                          0.00    0.00   clock source latency
                  0.00    0.00    0.00 ^ clk (in)
     3    0.19                           clk (net)
                  0.05    0.02    0.02 ^ clkbuf_0_clk/A (sky130_fd_sc_hd__clkbuf_16)
                  0.12    0.18    0.21 ^ clkbuf_0_clk/X (sky130_fd_sc_hd__clkbuf_16)
     6    0.10                           clknet_0_clk (net)
                  0.12    0.01    0.22 ^ clkbuf_2_2_0_clk/A (sky130_fd_sc_hd__clkbuf_8)
                  0.22    0.27    0.48 ^ clkbuf_2_2_0_clk/X (sky130_fd_sc_hd__clkbuf_8)
    13    0.12                           clknet_2_2_0_clk (net)
                  0.22    0.02    0.50 ^ u_pc_reg._163_/CLK (sky130_fd_sc_hd__dfxtp_4)
                          0.20    0.70   clock uncertainty
                          0.00    0.70   clock reconvergence pessimism
                          0.00    0.70   library hold time
                                  0.70   data required time
-----------------------------------------------------------------------------
                                  0.70   data required time
                                 -1.91   data arrival time
-----------------------------------------------------------------------------
                                  1.21   slack (MET)


Startpoint: u_pc_reg._164_ (rising edge-triggered flip-flop clocked by clk)
Endpoint: u_pc_reg._165_ (rising edge-triggered flip-flop clocked by clk)
Path Group: clk
Path Type: min
Corner: Typical

Fanout     Cap    Slew   Delay    Time   Description
-----------------------------------------------------------------------------
                          0.00    0.00   clock clk (rise edge)
                          0.00    0.00   clock source latency
                  0.00    0.00    0.00 ^ clk (in)
     3    0.19                           clk (net)
                  0.05    0.02    0.02 ^ clkbuf_0_clk/A (sky130_fd_sc_hd__clkbuf_16)
                  0.12    0.18    0.21 ^ clkbuf_0_clk/X (sky130_fd_sc_hd__clkbuf_16)
     6    0.10                           clknet_0_clk (net)
                  0.12    0.01    0.22 ^ clkbuf_2_3_0_clk/A (sky130_fd_sc_hd__clkbuf_8)
                  0.42    0.32    0.54 ^ clkbuf_2_3_0_clk/X (sky130_fd_sc_hd__clkbuf_8)
     7    0.26                           clknet_2_3_0_clk (net)
                  0.46    0.09    0.63 ^ u_pc_reg._164_/CLK (sky130_fd_sc_hd__dfxtp_4)
                  0.16    0.54    1.16 v u_pc_reg._164_/Q (sky130_fd_sc_hd__dfxtp_4)
    10    0.12                           u_imem.addr[30] (net)
                  0.17    0.03    1.20 v u_pc_next_logic._1581_/A (sky130_fd_sc_hd__nand2_2)
                  0.13    0.17    1.37 ^ u_pc_next_logic._1581_/Y (sky130_fd_sc_hd__nand2_2)
     4    0.02                           u_pc_next_logic._0035_ (net)
                  0.13    0.00    1.37 ^ u_pc_next_logic._1601_/A1 (sky130_fd_sc_hd__a31o_1)
                  0.11    0.20    1.57 ^ u_pc_next_logic._1601_/X (sky130_fd_sc_hd__a31o_1)
     1    0.01                           u_pc_next_logic._0054_ (net)
                  0.11    0.00    1.57 ^ u_pc_next_logic._1602_/A2 (sky130_fd_sc_hd__o21ai_4)
                  0.10    0.11    1.69 v u_pc_next_logic._1602_/Y (sky130_fd_sc_hd__o21ai_4)
     1    0.04                           u_pc_next_logic._0055_ (net)
                  0.10    0.01    1.69 v u_pc_next_logic._1603_/B2 (sky130_fd_sc_hd__o32a_1)
                  0.04    0.17    1.86 v u_pc_next_logic._1603_/X (sky130_fd_sc_hd__o32a_1)
     1    0.00                           u_pc_next_logic.pc_next[31] (net)
                  0.04    0.00    1.86 v u_pc_reg._132_/B (sky130_fd_sc_hd__and2_1)
                  0.04    0.15    2.01 v u_pc_reg._132_/X (sky130_fd_sc_hd__and2_1)
     1    0.00                           u_pc_reg._048_ (net)
                  0.04    0.00    2.01 v u_pc_reg._133_/A (sky130_fd_sc_hd__clkbuf_1)
                  0.03    0.08    2.09 v u_pc_reg._133_/X (sky130_fd_sc_hd__clkbuf_1)
     1    0.00                           u_pc_reg._031_ (net)
                  0.03    0.00    2.09 v u_pc_reg._165_/D (sky130_fd_sc_hd__dfxtp_4)
                                  2.09   data arrival time

                          0.00    0.00   clock clk (rise edge)
                          0.00    0.00   clock source latency
                  0.00    0.00    0.00 ^ clk (in)
     3    0.19                           clk (net)
                  0.05    0.02    0.02 ^ clkbuf_0_clk/A (sky130_fd_sc_hd__clkbuf_16)
                  0.12    0.18    0.21 ^ clkbuf_0_clk/X (sky130_fd_sc_hd__clkbuf_16)
     6    0.10                           clknet_0_clk (net)
                  0.12    0.01    0.22 ^ clkbuf_2_3_0_clk/A (sky130_fd_sc_hd__clkbuf_8)
                  0.42    0.32    0.54 ^ clkbuf_2_3_0_clk/X (sky130_fd_sc_hd__clkbuf_8)
     7    0.26                           clknet_2_3_0_clk (net)
                  0.45    0.09    0.62 ^ u_pc_reg._165_/CLK (sky130_fd_sc_hd__dfxtp_4)
                          0.20    0.82   clock uncertainty
                          0.00    0.82   clock reconvergence pessimism
                          0.05    0.87   library hold time
                                  0.87   data required time
-----------------------------------------------------------------------------
                                  0.87   data required time
                                 -2.09   data arrival time
-----------------------------------------------------------------------------
                                  1.22   slack (MET)


Startpoint: u_pc_reg._155_ (rising edge-triggered flip-flop clocked by clk)
Endpoint: u_pc_reg._155_ (rising edge-triggered flip-flop clocked by clk)
Path Group: clk
Path Type: min
Corner: Typical

Fanout     Cap    Slew   Delay    Time   Description
-----------------------------------------------------------------------------
                          0.00    0.00   clock clk (rise edge)
                          0.00    0.00   clock source latency
                  0.00    0.00    0.00 ^ clk (in)
     3    0.19                           clk (net)
                  0.05    0.02    0.02 ^ clkbuf_0_clk/A (sky130_fd_sc_hd__clkbuf_16)
                  0.12    0.18    0.21 ^ clkbuf_0_clk/X (sky130_fd_sc_hd__clkbuf_16)
     6    0.10                           clknet_0_clk (net)
                  0.12    0.01    0.22 ^ clkbuf_2_2_0_clk/A (sky130_fd_sc_hd__clkbuf_8)
                  0.22    0.27    0.48 ^ clkbuf_2_2_0_clk/X (sky130_fd_sc_hd__clkbuf_8)
    13    0.12                           clknet_2_2_0_clk (net)
                  0.23    0.03    0.51 ^ u_pc_reg._155_/CLK (sky130_fd_sc_hd__dfxtp_4)
                  0.18    0.51    1.02 v u_pc_reg._155_/Q (sky130_fd_sc_hd__dfxtp_4)
    12    0.13                           u_imem.addr[21] (net)
                  0.18    0.01    1.03 v u_pc_next_logic._1357_/A (sky130_fd_sc_hd__nand2_1)
                  0.10    0.16    1.19 ^ u_pc_next_logic._1357_/Y (sky130_fd_sc_hd__nand2_1)
     3    0.01                           u_pc_next_logic._0591_ (net)
                  0.10    0.00    1.19 ^ u_pc_next_logic._1360_/A (sky130_fd_sc_hd__nand2_1)
                  0.09    0.11    1.30 v u_pc_next_logic._1360_/Y (sky130_fd_sc_hd__nand2_1)
     3    0.01                           u_pc_next_logic._0594_ (net)
                  0.09    0.00    1.30 v u_pc_next_logic._1362_/C (sky130_fd_sc_hd__nand3_1)
                  0.08    0.11    1.41 ^ u_pc_next_logic._1362_/Y (sky130_fd_sc_hd__nand3_1)
     1    0.01                           u_pc_next_logic._0596_ (net)
                  0.08    0.00    1.41 ^ u_pc_next_logic._1364_/A3 (sky130_fd_sc_hd__a31o_1)
                  0.06    0.16    1.57 ^ u_pc_next_logic._1364_/X (sky130_fd_sc_hd__a31o_1)
     1    0.01                           u_pc_next_logic._0598_ (net)
                  0.06    0.00    1.57 ^ u_pc_next_logic._1371_/B1 (sky130_fd_sc_hd__a22o_1)
                  0.05    0.12    1.69 ^ u_pc_next_logic._1371_/X (sky130_fd_sc_hd__a22o_1)
     1    0.00                           u_pc_next_logic.pc_next[21] (net)
                  0.05    0.00    1.69 ^ u_pc_reg._112_/B (sky130_fd_sc_hd__and2_1)
                  0.06    0.13    1.82 ^ u_pc_reg._112_/X (sky130_fd_sc_hd__and2_1)
     1    0.00                           u_pc_reg._038_ (net)
                  0.06    0.00    1.82 ^ u_pc_reg._113_/A (sky130_fd_sc_hd__clkbuf_1)
                  0.06    0.10    1.92 ^ u_pc_reg._113_/X (sky130_fd_sc_hd__clkbuf_1)
     1    0.00                           u_pc_reg._021_ (net)
                  0.06    0.00    1.92 ^ u_pc_reg._155_/D (sky130_fd_sc_hd__dfxtp_4)
                                  1.92   data arrival time

                          0.00    0.00   clock clk (rise edge)
                          0.00    0.00   clock source latency
                  0.00    0.00    0.00 ^ clk (in)
     3    0.19                           clk (net)
                  0.05    0.02    0.02 ^ clkbuf_0_clk/A (sky130_fd_sc_hd__clkbuf_16)
                  0.12    0.18    0.21 ^ clkbuf_0_clk/X (sky130_fd_sc_hd__clkbuf_16)
     6    0.10                           clknet_0_clk (net)
                  0.12    0.01    0.22 ^ clkbuf_2_2_0_clk/A (sky130_fd_sc_hd__clkbuf_8)
                  0.22    0.27    0.48 ^ clkbuf_2_2_0_clk/X (sky130_fd_sc_hd__clkbuf_8)
    13    0.12                           clknet_2_2_0_clk (net)
                  0.23    0.03    0.51 ^ u_pc_reg._155_/CLK (sky130_fd_sc_hd__dfxtp_4)
                          0.20    0.71   clock uncertainty
                          0.00    0.71   clock reconvergence pessimism
                         -0.01    0.70   library hold time
                                  0.70   data required time
-----------------------------------------------------------------------------
                                  0.70   data required time
                                 -1.92   data arrival time
-----------------------------------------------------------------------------
                                  1.22   slack (MET)


Startpoint: u_pc_reg._145_ (rising edge-triggered flip-flop clocked by clk)
Endpoint: u_pc_reg._145_ (rising edge-triggered flip-flop clocked by clk)
Path Group: clk
Path Type: min
Corner: Typical

Fanout     Cap    Slew   Delay    Time   Description
-----------------------------------------------------------------------------
                          0.00    0.00   clock clk (rise edge)
                          0.00    0.00   clock source latency
                  0.00    0.00    0.00 ^ clk (in)
     3    0.19                           clk (net)
                  0.05    0.02    0.02 ^ clkbuf_0_clk/A (sky130_fd_sc_hd__clkbuf_16)
                  0.12    0.18    0.21 ^ clkbuf_0_clk/X (sky130_fd_sc_hd__clkbuf_16)
     6    0.10                           clknet_0_clk (net)
                  0.12    0.01    0.22 ^ clkbuf_2_2_0_clk/A (sky130_fd_sc_hd__clkbuf_8)
                  0.22    0.27    0.48 ^ clkbuf_2_2_0_clk/X (sky130_fd_sc_hd__clkbuf_8)
    13    0.12                           clknet_2_2_0_clk (net)
                  0.22    0.01    0.49 ^ u_pc_reg._145_/CLK (sky130_fd_sc_hd__dfxtp_4)
                  0.14    0.49    0.98 v u_pc_reg._145_/Q (sky130_fd_sc_hd__dfxtp_4)
    12    0.10                           u_imem.addr[11] (net)
                  0.14    0.01    0.99 v u_pc_next_logic._1101_/A (sky130_fd_sc_hd__nor2_1)
                  0.12    0.17    1.15 ^ u_pc_next_logic._1101_/Y (sky130_fd_sc_hd__nor2_1)
     2    0.01                           u_pc_next_logic._0345_ (net)
                  0.12    0.00    1.16 ^ u_pc_next_logic._1102_/B (sky130_fd_sc_hd__nor2_1)
                  0.05    0.07    1.23 v u_pc_next_logic._1102_/Y (sky130_fd_sc_hd__nor2_1)
     1    0.01                           u_pc_next_logic._0346_ (net)
                  0.05    0.00    1.23 v u_pc_next_logic._1104_/A (sky130_fd_sc_hd__xnor2_1)
                  0.05    0.15    1.37 ^ u_pc_next_logic._1104_/Y (sky130_fd_sc_hd__xnor2_1)
     1    0.00                           u_pc_next_logic._0348_ (net)
                  0.05    0.00    1.37 ^ u_pc_next_logic._1112_/A0 (sky130_fd_sc_hd__mux2_1)
                  0.04    0.12    1.49 ^ u_pc_next_logic._1112_/X (sky130_fd_sc_hd__mux2_1)
     1    0.00                           u_pc_next_logic._0356_ (net)
                  0.04    0.00    1.49 ^ u_pc_next_logic._1113_/A1 (sky130_fd_sc_hd__mux2_1)
                  0.04    0.12    1.61 ^ u_pc_next_logic._1113_/X (sky130_fd_sc_hd__mux2_1)
     1    0.00                           u_pc_next_logic._0357_ (net)
                  0.04    0.00    1.61 ^ u_pc_next_logic._1114_/A (sky130_fd_sc_hd__clkbuf_1)
                  0.05    0.08    1.69 ^ u_pc_next_logic._1114_/X (sky130_fd_sc_hd__clkbuf_1)
     1    0.00                           u_pc_next_logic.pc_next[11] (net)
                  0.05    0.00    1.69 ^ u_pc_reg._091_/B (sky130_fd_sc_hd__and2_1)
                  0.06    0.12    1.82 ^ u_pc_reg._091_/X (sky130_fd_sc_hd__and2_1)
     1    0.00                           u_pc_reg._062_ (net)
                  0.06    0.00    1.82 ^ u_pc_reg._092_/A (sky130_fd_sc_hd__clkbuf_1)
                  0.05    0.09    1.90 ^ u_pc_reg._092_/X (sky130_fd_sc_hd__clkbuf_1)
     1    0.00                           u_pc_reg._011_ (net)
                  0.05    0.00    1.90 ^ u_pc_reg._145_/D (sky130_fd_sc_hd__dfxtp_4)
                                  1.90   data arrival time

                          0.00    0.00   clock clk (rise edge)
                          0.00    0.00   clock source latency
                  0.00    0.00    0.00 ^ clk (in)
     3    0.19                           clk (net)
                  0.05    0.02    0.02 ^ clkbuf_0_clk/A (sky130_fd_sc_hd__clkbuf_16)
                  0.12    0.18    0.21 ^ clkbuf_0_clk/X (sky130_fd_sc_hd__clkbuf_16)
     6    0.10                           clknet_0_clk (net)
                  0.12    0.01    0.22 ^ clkbuf_2_2_0_clk/A (sky130_fd_sc_hd__clkbuf_8)
                  0.22    0.27    0.48 ^ clkbuf_2_2_0_clk/X (sky130_fd_sc_hd__clkbuf_8)
    13    0.12                           clknet_2_2_0_clk (net)
                  0.22    0.01    0.49 ^ u_pc_reg._145_/CLK (sky130_fd_sc_hd__dfxtp_4)
                          0.20    0.69   clock uncertainty
                          0.00    0.69   clock reconvergence pessimism
                         -0.01    0.68   library hold time
                                  0.68   data required time
-----------------------------------------------------------------------------
                                  0.68   data required time
                                 -1.90   data arrival time
-----------------------------------------------------------------------------
                                  1.22   slack (MET)


Startpoint: u_pc_reg._161_ (rising edge-triggered flip-flop clocked by clk)
Endpoint: u_pc_reg._161_ (rising edge-triggered flip-flop clocked by clk)
Path Group: clk
Path Type: min
Corner: Typical

Fanout     Cap    Slew   Delay    Time   Description
-----------------------------------------------------------------------------
                          0.00    0.00   clock clk (rise edge)
                          0.00    0.00   clock source latency
                  0.00    0.00    0.00 ^ clk (in)
     3    0.19                           clk (net)
                  0.05    0.02    0.02 ^ clkbuf_0_clk/A (sky130_fd_sc_hd__clkbuf_16)
                  0.12    0.18    0.21 ^ clkbuf_0_clk/X (sky130_fd_sc_hd__clkbuf_16)
     6    0.10                           clknet_0_clk (net)
                  0.12    0.01    0.22 ^ clkbuf_2_2_0_clk/A (sky130_fd_sc_hd__clkbuf_8)
                  0.22    0.27    0.48 ^ clkbuf_2_2_0_clk/X (sky130_fd_sc_hd__clkbuf_8)
    13    0.12                           clknet_2_2_0_clk (net)
                  0.22    0.02    0.50 ^ u_pc_reg._161_/CLK (sky130_fd_sc_hd__dfxtp_4)
                  0.23    0.55    1.05 v u_pc_reg._161_/Q (sky130_fd_sc_hd__dfxtp_4)
    13    0.19                           u_imem.addr[27] (net)
                  0.23    0.01    1.06 v u_pc_next_logic._1508_/A (sky130_fd_sc_hd__and2_1)
                  0.06    0.25    1.31 v u_pc_next_logic._1508_/X (sky130_fd_sc_hd__and2_1)
     3    0.01                           u_pc_next_logic._0736_ (net)
                  0.06    0.00    1.31 v u_pc_next_logic._1511_/A1 (sky130_fd_sc_hd__o21ai_1)
                  0.09    0.14    1.46 ^ u_pc_next_logic._1511_/Y (sky130_fd_sc_hd__o21ai_1)
     1    0.00                           u_pc_next_logic._0739_ (net)
                  0.09    0.00    1.46 ^ u_pc_next_logic._1513_/A2 (sky130_fd_sc_hd__a31o_1)
                  0.06    0.16    1.61 ^ u_pc_next_logic._1513_/X (sky130_fd_sc_hd__a31o_1)
     1    0.01                           u_pc_next_logic._0741_ (net)
                  0.06    0.00    1.61 ^ u_pc_next_logic._1514_/B2 (sky130_fd_sc_hd__o22a_1)
                  0.04    0.11    1.73 ^ u_pc_next_logic._1514_/X (sky130_fd_sc_hd__o22a_1)
     1    0.00                           u_pc_next_logic.pc_next[27] (net)
                  0.04    0.00    1.73 ^ u_pc_reg._124_/B (sky130_fd_sc_hd__and2_1)
                  0.05    0.11    1.84 ^ u_pc_reg._124_/X (sky130_fd_sc_hd__and2_1)
     1    0.00                           u_pc_reg._044_ (net)
                  0.05    0.00    1.84 ^ u_pc_reg._125_/A (sky130_fd_sc_hd__clkbuf_1)
                  0.04    0.08    1.92 ^ u_pc_reg._125_/X (sky130_fd_sc_hd__clkbuf_1)
     1    0.00                           u_pc_reg._027_ (net)
                  0.04    0.00    1.92 ^ u_pc_reg._161_/D (sky130_fd_sc_hd__dfxtp_4)
                                  1.92   data arrival time

                          0.00    0.00   clock clk (rise edge)
                          0.00    0.00   clock source latency
                  0.00    0.00    0.00 ^ clk (in)
     3    0.19                           clk (net)
                  0.05    0.02    0.02 ^ clkbuf_0_clk/A (sky130_fd_sc_hd__clkbuf_16)
                  0.12    0.18    0.21 ^ clkbuf_0_clk/X (sky130_fd_sc_hd__clkbuf_16)
     6    0.10                           clknet_0_clk (net)
                  0.12    0.01    0.22 ^ clkbuf_2_2_0_clk/A (sky130_fd_sc_hd__clkbuf_8)
                  0.22    0.27    0.48 ^ clkbuf_2_2_0_clk/X (sky130_fd_sc_hd__clkbuf_8)
    13    0.12                           clknet_2_2_0_clk (net)
                  0.22    0.02    0.50 ^ u_pc_reg._161_/CLK (sky130_fd_sc_hd__dfxtp_4)
                          0.20    0.70   clock uncertainty
                          0.00    0.70   clock reconvergence pessimism
                         -0.01    0.70   library hold time
                                  0.70   data required time
-----------------------------------------------------------------------------
                                  0.70   data required time
                                 -1.92   data arrival time
-----------------------------------------------------------------------------
                                  1.23   slack (MET)


Startpoint: u_pc_reg._147_ (rising edge-triggered flip-flop clocked by clk)
Endpoint: u_pc_reg._148_ (rising edge-triggered flip-flop clocked by clk)
Path Group: clk
Path Type: min
Corner: Typical

Fanout     Cap    Slew   Delay    Time   Description
-----------------------------------------------------------------------------
                          0.00    0.00   clock clk (rise edge)
                          0.00    0.00   clock source latency
                  0.00    0.00    0.00 ^ clk (in)
     3    0.19                           clk (net)
                  0.05    0.02    0.02 ^ clkbuf_0_clk/A (sky130_fd_sc_hd__clkbuf_16)
                  0.12    0.18    0.21 ^ clkbuf_0_clk/X (sky130_fd_sc_hd__clkbuf_16)
     6    0.10                           clknet_0_clk (net)
                  0.12    0.01    0.22 ^ clkbuf_2_2_0_clk/A (sky130_fd_sc_hd__clkbuf_8)
                  0.22    0.27    0.48 ^ clkbuf_2_2_0_clk/X (sky130_fd_sc_hd__clkbuf_8)
    13    0.12                           clknet_2_2_0_clk (net)
                  0.22    0.02    0.50 ^ u_pc_reg._147_/CLK (sky130_fd_sc_hd__dfxtp_4)
                  0.33    0.60    1.11 ^ u_pc_reg._147_/Q (sky130_fd_sc_hd__dfxtp_4)
    13    0.12                           u_imem.addr[13] (net)
                  0.33    0.01    1.12 ^ u_pc_next_logic._1173_/A1 (sky130_fd_sc_hd__a21oi_1)
                  0.04    0.14    1.26 v u_pc_next_logic._1173_/Y (sky130_fd_sc_hd__a21oi_1)
     2    0.01                           u_pc_next_logic._0414_ (net)
                  0.04    0.00    1.26 v u_pc_next_logic._1174_/B (sky130_fd_sc_hd__nand2_1)
                  0.11    0.11    1.37 ^ u_pc_next_logic._1174_/Y (sky130_fd_sc_hd__nand2_1)
     2    0.01                           u_pc_next_logic._0415_ (net)
                  0.11    0.00    1.37 ^ u_pc_next_logic._1175_/B (sky130_fd_sc_hd__xnor2_1)
                  0.08    0.15    1.52 ^ u_pc_next_logic._1175_/Y (sky130_fd_sc_hd__xnor2_1)
     1    0.01                           u_pc_next_logic._0416_ (net)
                  0.08    0.00    1.52 ^ u_pc_next_logic._1184_/A2 (sky130_fd_sc_hd__o21a_1)
                  0.05    0.12    1.64 ^ u_pc_next_logic._1184_/X (sky130_fd_sc_hd__o21a_1)
     1    0.00                           u_pc_next_logic._0425_ (net)
                  0.05    0.00    1.64 ^ u_pc_next_logic._1190_/A0 (sky130_fd_sc_hd__mux2_1)
                  0.04    0.12    1.76 ^ u_pc_next_logic._1190_/X (sky130_fd_sc_hd__mux2_1)
     1    0.00                           u_pc_next_logic._0431_ (net)
                  0.04    0.00    1.76 ^ u_pc_next_logic._1191_/A (sky130_fd_sc_hd__clkbuf_1)
                  0.04    0.08    1.84 ^ u_pc_next_logic._1191_/X (sky130_fd_sc_hd__clkbuf_1)
     1    0.00                           u_pc_next_logic.pc_next[14] (net)
                  0.04    0.00    1.84 ^ u_pc_reg._097_/B (sky130_fd_sc_hd__and2_1)
                  0.05    0.11    1.95 ^ u_pc_reg._097_/X (sky130_fd_sc_hd__and2_1)
     1    0.00                           u_pc_reg._065_ (net)
                  0.05    0.00    1.95 ^ u_pc_reg._098_/A (sky130_fd_sc_hd__clkbuf_1)
                  0.04    0.08    2.03 ^ u_pc_reg._098_/X (sky130_fd_sc_hd__clkbuf_1)
     1    0.00                           u_pc_reg._014_ (net)
                  0.04    0.00    2.03 ^ u_pc_reg._148_/D (sky130_fd_sc_hd__dfxtp_4)
                                  2.03   data arrival time

                          0.00    0.00   clock clk (rise edge)
                          0.00    0.00   clock source latency
                  0.00    0.00    0.00 ^ clk (in)
     3    0.19                           clk (net)
                  0.05    0.02    0.02 ^ clkbuf_0_clk/A (sky130_fd_sc_hd__clkbuf_16)
                  0.12    0.18    0.21 ^ clkbuf_0_clk/X (sky130_fd_sc_hd__clkbuf_16)
     6    0.10                           clknet_0_clk (net)
                  0.12    0.01    0.22 ^ clkbuf_2_3_0_clk/A (sky130_fd_sc_hd__clkbuf_8)
                  0.42    0.32    0.54 ^ clkbuf_2_3_0_clk/X (sky130_fd_sc_hd__clkbuf_8)
     7    0.26                           clknet_2_3_0_clk (net)
                  0.43    0.04    0.57 ^ u_pc_reg._148_/CLK (sky130_fd_sc_hd__dfxtp_4)
                          0.20    0.77   clock uncertainty
                          0.00    0.77   clock reconvergence pessimism
                          0.02    0.79   library hold time
                                  0.79   data required time
-----------------------------------------------------------------------------
                                  0.79   data required time
                                 -2.03   data arrival time
-----------------------------------------------------------------------------
                                  1.23   slack (MET)


Startpoint: u_pc_reg._150_ (rising edge-triggered flip-flop clocked by clk)
Endpoint: u_pc_reg._150_ (rising edge-triggered flip-flop clocked by clk)
Path Group: clk
Path Type: min
Corner: Typical

Fanout     Cap    Slew   Delay    Time   Description
-----------------------------------------------------------------------------
                          0.00    0.00   clock clk (rise edge)
                          0.00    0.00   clock source latency
                  0.00    0.00    0.00 ^ clk (in)
     3    0.19                           clk (net)
                  0.05    0.02    0.02 ^ clkbuf_0_clk/A (sky130_fd_sc_hd__clkbuf_16)
                  0.12    0.18    0.21 ^ clkbuf_0_clk/X (sky130_fd_sc_hd__clkbuf_16)
     6    0.10                           clknet_0_clk (net)
                  0.12    0.01    0.22 ^ clkbuf_2_2_0_clk/A (sky130_fd_sc_hd__clkbuf_8)
                  0.22    0.27    0.48 ^ clkbuf_2_2_0_clk/X (sky130_fd_sc_hd__clkbuf_8)
    13    0.12                           clknet_2_2_0_clk (net)
                  0.22    0.02    0.50 ^ u_pc_reg._150_/CLK (sky130_fd_sc_hd__dfxtp_4)
                  0.22    0.55    1.05 v u_pc_reg._150_/Q (sky130_fd_sc_hd__dfxtp_4)
    13    0.18                           u_imem.addr[16] (net)
                  0.22    0.01    1.06 v u_pc_next_logic._0805_/A (sky130_fd_sc_hd__nor2_1)
                  0.08    0.16    1.22 ^ u_pc_next_logic._0805_/Y (sky130_fd_sc_hd__nor2_1)
     1    0.00                           u_pc_next_logic._0076_ (net)
                  0.08    0.00    1.22 ^ u_pc_next_logic._0807_/A (sky130_fd_sc_hd__nor2_1)
                  0.06    0.08    1.30 v u_pc_next_logic._0807_/Y (sky130_fd_sc_hd__nor2_1)
     2    0.01                           u_pc_next_logic.pc_plus4[16] (net)
                  0.06    0.00    1.30 v u_pc_next_logic._1238_/A1 (sky130_fd_sc_hd__a21oi_1)
                  0.10    0.13    1.43 ^ u_pc_next_logic._1238_/Y (sky130_fd_sc_hd__a21oi_1)
     1    0.00                           u_pc_next_logic._0477_ (net)
                  0.10    0.00    1.43 ^ u_pc_next_logic._1239_/A2 (sky130_fd_sc_hd__a21oi_1)
                  0.06    0.09    1.52 v u_pc_next_logic._1239_/Y (sky130_fd_sc_hd__a21oi_1)
     1    0.01                           u_pc_next_logic._0478_ (net)
                  0.06    0.00    1.52 v u_pc_next_logic._1253_/B1 (sky130_fd_sc_hd__a32o_1)
                  0.03    0.20    1.72 v u_pc_next_logic._1253_/X (sky130_fd_sc_hd__a32o_1)
     1    0.00                           u_pc_next_logic.pc_next[16] (net)
                  0.03    0.00    1.72 v u_pc_reg._101_/B (sky130_fd_sc_hd__and2_1)
                  0.03    0.14    1.86 v u_pc_reg._101_/X (sky130_fd_sc_hd__and2_1)
     1    0.00                           u_pc_reg._032_ (net)
                  0.03    0.00    1.86 v u_pc_reg._102_/A (sky130_fd_sc_hd__clkbuf_1)
                  0.02    0.08    1.94 v u_pc_reg._102_/X (sky130_fd_sc_hd__clkbuf_1)
     1    0.00                           u_pc_reg._016_ (net)
                  0.02    0.00    1.94 v u_pc_reg._150_/D (sky130_fd_sc_hd__dfxtp_4)
                                  1.94   data arrival time

                          0.00    0.00   clock clk (rise edge)
                          0.00    0.00   clock source latency
                  0.00    0.00    0.00 ^ clk (in)
     3    0.19                           clk (net)
                  0.05    0.02    0.02 ^ clkbuf_0_clk/A (sky130_fd_sc_hd__clkbuf_16)
                  0.12    0.18    0.21 ^ clkbuf_0_clk/X (sky130_fd_sc_hd__clkbuf_16)
     6    0.10                           clknet_0_clk (net)
                  0.12    0.01    0.22 ^ clkbuf_2_2_0_clk/A (sky130_fd_sc_hd__clkbuf_8)
                  0.22    0.27    0.48 ^ clkbuf_2_2_0_clk/X (sky130_fd_sc_hd__clkbuf_8)
    13    0.12                           clknet_2_2_0_clk (net)
                  0.22    0.02    0.50 ^ u_pc_reg._150_/CLK (sky130_fd_sc_hd__dfxtp_4)
                          0.20    0.70   clock uncertainty
                          0.00    0.70   clock reconvergence pessimism
                          0.00    0.70   library hold time
                                  0.70   data required time
-----------------------------------------------------------------------------
                                  0.70   data required time
                                 -1.94   data arrival time
-----------------------------------------------------------------------------
                                  1.24   slack (MET)


Startpoint: u_pc_reg._146_ (rising edge-triggered flip-flop clocked by clk)
Endpoint: u_pc_reg._146_ (rising edge-triggered flip-flop clocked by clk)
Path Group: clk
Path Type: min
Corner: Typical

Fanout     Cap    Slew   Delay    Time   Description
-----------------------------------------------------------------------------
                          0.00    0.00   clock clk (rise edge)
                          0.00    0.00   clock source latency
                  0.00    0.00    0.00 ^ clk (in)
     3    0.19                           clk (net)
                  0.05    0.02    0.02 ^ clkbuf_0_clk/A (sky130_fd_sc_hd__clkbuf_16)
                  0.12    0.18    0.21 ^ clkbuf_0_clk/X (sky130_fd_sc_hd__clkbuf_16)
     6    0.10                           clknet_0_clk (net)
                  0.12    0.01    0.22 ^ clkbuf_2_3_0_clk/A (sky130_fd_sc_hd__clkbuf_8)
                  0.42    0.32    0.54 ^ clkbuf_2_3_0_clk/X (sky130_fd_sc_hd__clkbuf_8)
     7    0.26                           clknet_2_3_0_clk (net)
                  0.43    0.05    0.58 ^ u_pc_reg._146_/CLK (sky130_fd_sc_hd__dfxtp_4)
                  0.14    0.53    1.12 v u_pc_reg._146_/Q (sky130_fd_sc_hd__dfxtp_4)
    12    0.10                           u_imem.addr[12] (net)
                  0.14    0.01    1.12 v u_pc_next_logic._1138_/A (sky130_fd_sc_hd__nor2_1)
                  0.09    0.14    1.26 ^ u_pc_next_logic._1138_/Y (sky130_fd_sc_hd__nor2_1)
     1    0.00                           u_pc_next_logic._0381_ (net)
                  0.09    0.00    1.26 ^ u_pc_next_logic._1139_/B (sky130_fd_sc_hd__nor2_1)
                  0.06    0.08    1.35 v u_pc_next_logic._1139_/Y (sky130_fd_sc_hd__nor2_1)
     3    0.01                           u_pc_next_logic._0382_ (net)
                  0.06    0.00    1.35 v u_pc_next_logic._1145_/A (sky130_fd_sc_hd__xor2_1)
                  0.11    0.16    1.51 ^ u_pc_next_logic._1145_/X (sky130_fd_sc_hd__xor2_1)
     1    0.00                           u_pc_next_logic._0388_ (net)
                  0.11    0.00    1.51 ^ u_pc_next_logic._1146_/A1 (sky130_fd_sc_hd__mux2_1)
                  0.10    0.19    1.70 ^ u_pc_next_logic._1146_/X (sky130_fd_sc_hd__mux2_1)
     1    0.01                           u_pc_next_logic._0389_ (net)
                  0.10    0.00    1.70 ^ u_pc_next_logic._1147_/A1 (sky130_fd_sc_hd__mux2_1)
                  0.04    0.14    1.83 ^ u_pc_next_logic._1147_/X (sky130_fd_sc_hd__mux2_1)
     1    0.00                           u_pc_next_logic._0390_ (net)
                  0.04    0.00    1.83 ^ u_pc_next_logic._1148_/A (sky130_fd_sc_hd__clkbuf_1)
                  0.04    0.08    1.91 ^ u_pc_next_logic._1148_/X (sky130_fd_sc_hd__clkbuf_1)
     1    0.00                           u_pc_next_logic.pc_next[12] (net)
                  0.04    0.00    1.91 ^ u_pc_reg._093_/B (sky130_fd_sc_hd__and2_1)
                  0.05    0.11    2.03 ^ u_pc_reg._093_/X (sky130_fd_sc_hd__and2_1)
     1    0.00                           u_pc_reg._063_ (net)
                  0.05    0.00    2.03 ^ u_pc_reg._094_/A (sky130_fd_sc_hd__clkbuf_1)
                  0.05    0.08    2.11 ^ u_pc_reg._094_/X (sky130_fd_sc_hd__clkbuf_1)
     1    0.00                           u_pc_reg._012_ (net)
                  0.05    0.00    2.11 ^ u_pc_reg._146_/D (sky130_fd_sc_hd__dfxtp_4)
                                  2.11   data arrival time

                          0.00    0.00   clock clk (rise edge)
                          0.00    0.00   clock source latency
                  0.00    0.00    0.00 ^ clk (in)
     3    0.19                           clk (net)
                  0.05    0.02    0.02 ^ clkbuf_0_clk/A (sky130_fd_sc_hd__clkbuf_16)
                  0.12    0.18    0.21 ^ clkbuf_0_clk/X (sky130_fd_sc_hd__clkbuf_16)
     6    0.10                           clknet_0_clk (net)
                  0.12    0.01    0.22 ^ clkbuf_2_3_0_clk/A (sky130_fd_sc_hd__clkbuf_8)
                  0.42    0.32    0.54 ^ clkbuf_2_3_0_clk/X (sky130_fd_sc_hd__clkbuf_8)
     7    0.26                           clknet_2_3_0_clk (net)
                  0.43    0.05    0.58 ^ u_pc_reg._146_/CLK (sky130_fd_sc_hd__dfxtp_4)
                          0.20    0.78   clock uncertainty
                          0.00    0.78   clock reconvergence pessimism
                          0.02    0.80   library hold time
                                  0.80   data required time
-----------------------------------------------------------------------------
                                  0.80   data required time
                                 -2.11   data arrival time
-----------------------------------------------------------------------------
                                  1.31   slack (MET)


Startpoint: u_pc_reg._143_ (rising edge-triggered flip-flop clocked by clk)
Endpoint: u_pc_reg._144_ (rising edge-triggered flip-flop clocked by clk)
Path Group: clk
Path Type: min
Corner: Typical

Fanout     Cap    Slew   Delay    Time   Description
-----------------------------------------------------------------------------
                          0.00    0.00   clock clk (rise edge)
                          0.00    0.00   clock source latency
                  0.00    0.00    0.00 ^ clk (in)
     3    0.19                           clk (net)
                  0.05    0.02    0.02 ^ clkbuf_0_clk/A (sky130_fd_sc_hd__clkbuf_16)
                  0.12    0.18    0.21 ^ clkbuf_0_clk/X (sky130_fd_sc_hd__clkbuf_16)
     6    0.10                           clknet_0_clk (net)
                  0.12    0.01    0.22 ^ clkbuf_2_0_0_clk/A (sky130_fd_sc_hd__clkbuf_8)
                  0.37    0.31    0.53 ^ clkbuf_2_0_0_clk/X (sky130_fd_sc_hd__clkbuf_8)
     8    0.22                           clknet_2_0_0_clk (net)
                  0.38    0.05    0.58 ^ u_pc_reg._143_/CLK (sky130_fd_sc_hd__dfxtp_4)
                  0.15    0.53    1.10 v u_pc_reg._143_/Q (sky130_fd_sc_hd__dfxtp_4)
    14    0.11                           u_imem.addr[9] (net)
                  0.16    0.03    1.13 v u_pc_next_logic._0789_/A1 (sky130_fd_sc_hd__a21oi_1)
                  0.09    0.16    1.29 ^ u_pc_next_logic._0789_/Y (sky130_fd_sc_hd__a21oi_1)
     1    0.00                           u_pc_next_logic._0066_ (net)
                  0.09    0.00    1.29 ^ u_pc_next_logic._0790_/B (sky130_fd_sc_hd__nor2_1)
                  0.07    0.09    1.39 v u_pc_next_logic._0790_/Y (sky130_fd_sc_hd__nor2_1)
     2    0.01                           u_pc_next_logic.pc_plus4[10] (net)
                  0.07    0.00    1.39 v u_pc_next_logic._1085_/A1 (sky130_fd_sc_hd__a21oi_1)
                  0.14    0.17    1.56 ^ u_pc_next_logic._1085_/Y (sky130_fd_sc_hd__a21oi_1)
     1    0.01                           u_pc_next_logic._0330_ (net)
                  0.14    0.00    1.56 ^ u_pc_next_logic._1093_/A2 (sky130_fd_sc_hd__a221o_2)
                  0.15    0.26    1.82 ^ u_pc_next_logic._1093_/X (sky130_fd_sc_hd__a221o_2)
     1    0.03                           u_pc_next_logic._0338_ (net)
                  0.15    0.00    1.82 ^ u_pc_next_logic._1094_/B1 (sky130_fd_sc_hd__o31ai_1)
                  0.03    0.09    1.91 v u_pc_next_logic._1094_/Y (sky130_fd_sc_hd__o31ai_1)
     1    0.00                           u_pc_next_logic.pc_next[10] (net)
                  0.03    0.00    1.91 v u_pc_reg._088_/B (sky130_fd_sc_hd__and2_1)
                  0.03    0.15    2.06 v u_pc_reg._088_/X (sky130_fd_sc_hd__and2_1)
     1    0.00                           u_pc_reg._060_ (net)
                  0.03    0.00    2.06 v u_pc_reg._089_/A (sky130_fd_sc_hd__clkbuf_1)
                  0.02    0.08    2.14 v u_pc_reg._089_/X (sky130_fd_sc_hd__clkbuf_1)
     1    0.00                           u_pc_reg._010_ (net)
                  0.02    0.00    2.14 v u_pc_reg._144_/D (sky130_fd_sc_hd__dfxtp_4)
                                  2.14   data arrival time

                          0.00    0.00   clock clk (rise edge)
                          0.00    0.00   clock source latency
                  0.00    0.00    0.00 ^ clk (in)
     3    0.19                           clk (net)
                  0.05    0.02    0.02 ^ clkbuf_0_clk/A (sky130_fd_sc_hd__clkbuf_16)
                  0.12    0.18    0.21 ^ clkbuf_0_clk/X (sky130_fd_sc_hd__clkbuf_16)
     6    0.10                           clknet_0_clk (net)
                  0.12    0.01    0.22 ^ clkbuf_2_0_0_clk/A (sky130_fd_sc_hd__clkbuf_8)
                  0.37    0.31    0.53 ^ clkbuf_2_0_0_clk/X (sky130_fd_sc_hd__clkbuf_8)
     8    0.22                           clknet_2_0_0_clk (net)
                  0.38    0.05    0.58 ^ u_pc_reg._144_/CLK (sky130_fd_sc_hd__dfxtp_4)
                          0.20    0.78   clock uncertainty
                          0.00    0.78   clock reconvergence pessimism
                          0.03    0.81   library hold time
                                  0.81   data required time
-----------------------------------------------------------------------------
                                  0.81   data required time
                                 -2.14   data arrival time
-----------------------------------------------------------------------------
                                  1.33   slack (MET)


Startpoint: u_pc_reg._149_ (rising edge-triggered flip-flop clocked by clk)
Endpoint: u_pc_reg._149_ (rising edge-triggered flip-flop clocked by clk)
Path Group: clk
Path Type: min
Corner: Typical

Fanout     Cap    Slew   Delay    Time   Description
-----------------------------------------------------------------------------
                          0.00    0.00   clock clk (rise edge)
                          0.00    0.00   clock source latency
                  0.00    0.00    0.00 ^ clk (in)
     3    0.19                           clk (net)
                  0.05    0.02    0.02 ^ clkbuf_0_clk/A (sky130_fd_sc_hd__clkbuf_16)
                  0.12    0.18    0.21 ^ clkbuf_0_clk/X (sky130_fd_sc_hd__clkbuf_16)
     6    0.10                           clknet_0_clk (net)
                  0.12    0.01    0.22 ^ clkbuf_2_0_0_clk/A (sky130_fd_sc_hd__clkbuf_8)
                  0.37    0.31    0.53 ^ clkbuf_2_0_0_clk/X (sky130_fd_sc_hd__clkbuf_8)
     8    0.22                           clknet_2_0_0_clk (net)
                  0.38    0.05    0.58 ^ u_pc_reg._149_/CLK (sky130_fd_sc_hd__dfxtp_4)
                  0.17    0.55    1.12 v u_pc_reg._149_/Q (sky130_fd_sc_hd__dfxtp_4)
    12    0.13                           u_imem.addr[15] (net)
                  0.18    0.02    1.14 v u_pc_next_logic._1198_/A (sky130_fd_sc_hd__nand2_1)
                  0.06    0.12    1.27 ^ u_pc_next_logic._1198_/Y (sky130_fd_sc_hd__nand2_1)
     2    0.01                           u_pc_next_logic._0438_ (net)
                  0.06    0.00    1.27 ^ u_pc_next_logic._1200_/A (sky130_fd_sc_hd__nand2_1)
                  0.08    0.09    1.36 v u_pc_next_logic._1200_/Y (sky130_fd_sc_hd__nand2_1)
     2    0.01                           u_pc_next_logic._0440_ (net)
                  0.08    0.00    1.36 v u_pc_next_logic._1203_/A (sky130_fd_sc_hd__xnor2_1)
                  0.07    0.18    1.54 ^ u_pc_next_logic._1203_/Y (sky130_fd_sc_hd__xnor2_1)
     1    0.00                           u_pc_next_logic._0443_ (net)
                  0.07    0.00    1.54 ^ u_pc_next_logic._1211_/A2 (sky130_fd_sc_hd__a211o_2)
                  0.18    0.23    1.78 ^ u_pc_next_logic._1211_/X (sky130_fd_sc_hd__a211o_2)
     1    0.04                           u_pc_next_logic._0451_ (net)
                  0.18    0.01    1.79 ^ u_pc_next_logic._1212_/B1 (sky130_fd_sc_hd__o21a_1)
                  0.04    0.14    1.93 ^ u_pc_next_logic._1212_/X (sky130_fd_sc_hd__o21a_1)
     1    0.00                           u_pc_next_logic.pc_next[15] (net)
                  0.04    0.00    1.93 ^ u_pc_reg._099_/B (sky130_fd_sc_hd__and2_1)
                  0.05    0.12    2.05 ^ u_pc_reg._099_/X (sky130_fd_sc_hd__and2_1)
     1    0.00                           u_pc_reg._066_ (net)
                  0.05    0.00    2.05 ^ u_pc_reg._100_/A (sky130_fd_sc_hd__clkbuf_1)
                  0.04    0.08    2.12 ^ u_pc_reg._100_/X (sky130_fd_sc_hd__clkbuf_1)
     1    0.00                           u_pc_reg._015_ (net)
                  0.04    0.00    2.12 ^ u_pc_reg._149_/D (sky130_fd_sc_hd__dfxtp_4)
                                  2.12   data arrival time

                          0.00    0.00   clock clk (rise edge)
                          0.00    0.00   clock source latency
                  0.00    0.00    0.00 ^ clk (in)
     3    0.19                           clk (net)
                  0.05    0.02    0.02 ^ clkbuf_0_clk/A (sky130_fd_sc_hd__clkbuf_16)
                  0.12    0.18    0.21 ^ clkbuf_0_clk/X (sky130_fd_sc_hd__clkbuf_16)
     6    0.10                           clknet_0_clk (net)
                  0.12    0.01    0.22 ^ clkbuf_2_0_0_clk/A (sky130_fd_sc_hd__clkbuf_8)
                  0.37    0.31    0.53 ^ clkbuf_2_0_0_clk/X (sky130_fd_sc_hd__clkbuf_8)
     8    0.22                           clknet_2_0_0_clk (net)
                  0.38    0.05    0.58 ^ u_pc_reg._149_/CLK (sky130_fd_sc_hd__dfxtp_4)
                          0.20    0.78   clock uncertainty
                          0.00    0.78   clock reconvergence pessimism
                          0.01    0.79   library hold time
                                  0.79   data required time
-----------------------------------------------------------------------------
                                  0.79   data required time
                                 -2.12   data arrival time
-----------------------------------------------------------------------------
                                  1.33   slack (MET)


Startpoint: u_pc_reg._143_ (rising edge-triggered flip-flop clocked by clk)
Endpoint: u_pc_reg._143_ (rising edge-triggered flip-flop clocked by clk)
Path Group: clk
Path Type: min
Corner: Typical

Fanout     Cap    Slew   Delay    Time   Description
-----------------------------------------------------------------------------
                          0.00    0.00   clock clk (rise edge)
                          0.00    0.00   clock source latency
                  0.00    0.00    0.00 ^ clk (in)
     3    0.19                           clk (net)
                  0.05    0.02    0.02 ^ clkbuf_0_clk/A (sky130_fd_sc_hd__clkbuf_16)
                  0.12    0.18    0.21 ^ clkbuf_0_clk/X (sky130_fd_sc_hd__clkbuf_16)
     6    0.10                           clknet_0_clk (net)
                  0.12    0.01    0.22 ^ clkbuf_2_0_0_clk/A (sky130_fd_sc_hd__clkbuf_8)
                  0.37    0.31    0.53 ^ clkbuf_2_0_0_clk/X (sky130_fd_sc_hd__clkbuf_8)
     8    0.22                           clknet_2_0_0_clk (net)
                  0.38    0.05    0.58 ^ u_pc_reg._143_/CLK (sky130_fd_sc_hd__dfxtp_4)
                  0.15    0.53    1.10 v u_pc_reg._143_/Q (sky130_fd_sc_hd__dfxtp_4)
    14    0.11                           u_imem.addr[9] (net)
                  0.15    0.02    1.12 v u_pc_next_logic._1059_/A (sky130_fd_sc_hd__nand2_1)
                  0.07    0.12    1.24 ^ u_pc_next_logic._1059_/Y (sky130_fd_sc_hd__nand2_1)
     2    0.01                           u_pc_next_logic._0305_ (net)
                  0.07    0.00    1.24 ^ u_pc_next_logic._1061_/A (sky130_fd_sc_hd__nand2_1)
                  0.06    0.08    1.32 v u_pc_next_logic._1061_/Y (sky130_fd_sc_hd__nand2_1)
     2    0.01                           u_pc_next_logic._0307_ (net)
                  0.06    0.00    1.32 v u_pc_next_logic._1063_/A (sky130_fd_sc_hd__xnor2_1)
                  0.07    0.18    1.50 ^ u_pc_next_logic._1063_/Y (sky130_fd_sc_hd__xnor2_1)
     1    0.00                           u_pc_next_logic._0309_ (net)
                  0.07    0.00    1.50 ^ u_pc_next_logic._1070_/A0 (sky130_fd_sc_hd__mux2_1)
                  0.22    0.26    1.76 ^ u_pc_next_logic._1070_/X (sky130_fd_sc_hd__mux2_1)
     1    0.02                           u_pc_next_logic._0316_ (net)
                  0.22    0.00    1.76 ^ u_pc_next_logic._1071_/B1 (sky130_fd_sc_hd__o22a_1)
                  0.04    0.17    1.93 ^ u_pc_next_logic._1071_/X (sky130_fd_sc_hd__o22a_1)
     1    0.00                           u_pc_next_logic.pc_next[9] (net)
                  0.04    0.00    1.93 ^ u_pc_reg._086_/B (sky130_fd_sc_hd__and2_1)
                  0.04    0.11    2.04 ^ u_pc_reg._086_/X (sky130_fd_sc_hd__and2_1)
     1    0.00                           u_pc_reg._059_ (net)
                  0.04    0.00    2.04 ^ u_pc_reg._087_/A (sky130_fd_sc_hd__clkbuf_1)
                  0.04    0.08    2.12 ^ u_pc_reg._087_/X (sky130_fd_sc_hd__clkbuf_1)
     1    0.00                           u_pc_reg._009_ (net)
                  0.04    0.00    2.12 ^ u_pc_reg._143_/D (sky130_fd_sc_hd__dfxtp_4)
                                  2.12   data arrival time

                          0.00    0.00   clock clk (rise edge)
                          0.00    0.00   clock source latency
                  0.00    0.00    0.00 ^ clk (in)
     3    0.19                           clk (net)
                  0.05    0.02    0.02 ^ clkbuf_0_clk/A (sky130_fd_sc_hd__clkbuf_16)
                  0.12    0.18    0.21 ^ clkbuf_0_clk/X (sky130_fd_sc_hd__clkbuf_16)
     6    0.10                           clknet_0_clk (net)
                  0.12    0.01    0.22 ^ clkbuf_2_0_0_clk/A (sky130_fd_sc_hd__clkbuf_8)
                  0.37    0.31    0.53 ^ clkbuf_2_0_0_clk/X (sky130_fd_sc_hd__clkbuf_8)
     8    0.22                           clknet_2_0_0_clk (net)
                  0.38    0.05    0.58 ^ u_pc_reg._143_/CLK (sky130_fd_sc_hd__dfxtp_4)
                          0.20    0.78   clock uncertainty
                          0.00    0.78   clock reconvergence pessimism
                          0.01    0.79   library hold time
                                  0.79   data required time
-----------------------------------------------------------------------------
                                  0.79   data required time
                                 -2.12   data arrival time
-----------------------------------------------------------------------------
                                  1.34   slack (MET)


Startpoint: u_pc_reg._163_ (rising edge-triggered flip-flop clocked by clk)
Endpoint: u_pc_reg._164_ (rising edge-triggered flip-flop clocked by clk)
Path Group: clk
Path Type: min
Corner: Typical

Fanout     Cap    Slew   Delay    Time   Description
-----------------------------------------------------------------------------
                          0.00    0.00   clock clk (rise edge)
                          0.00    0.00   clock source latency
                  0.00    0.00    0.00 ^ clk (in)
     3    0.19                           clk (net)
                  0.05    0.02    0.02 ^ clkbuf_0_clk/A (sky130_fd_sc_hd__clkbuf_16)
                  0.12    0.18    0.21 ^ clkbuf_0_clk/X (sky130_fd_sc_hd__clkbuf_16)
     6    0.10                           clknet_0_clk (net)
                  0.12    0.01    0.22 ^ clkbuf_2_2_0_clk/A (sky130_fd_sc_hd__clkbuf_8)
                  0.22    0.27    0.48 ^ clkbuf_2_2_0_clk/X (sky130_fd_sc_hd__clkbuf_8)
    13    0.12                           clknet_2_2_0_clk (net)
                  0.22    0.02    0.50 ^ u_pc_reg._163_/CLK (sky130_fd_sc_hd__dfxtp_4)
                  0.20    0.53    1.03 v u_pc_reg._163_/Q (sky130_fd_sc_hd__dfxtp_4)
    11    0.15                           u_imem.addr[29] (net)
                  0.20    0.01    1.04 v u_pc_next_logic._1554_/A (sky130_fd_sc_hd__or2_1)
                  0.11    0.35    1.39 v u_pc_next_logic._1554_/X (sky130_fd_sc_hd__or2_1)
     3    0.02                           u_pc_next_logic._0009_ (net)
                  0.11    0.00    1.39 v u_pc_next_logic._1587_/D1 (sky130_fd_sc_hd__o2111ai_4)
                  0.08    0.11    1.49 ^ u_pc_next_logic._1587_/Y (sky130_fd_sc_hd__o2111ai_4)
     3    0.01                           u_pc_next_logic._0041_ (net)
                  0.08    0.00    1.49 ^ u_pc_next_logic._1588_/B2 (sky130_fd_sc_hd__a22o_2)
                  0.27    0.30    1.80 ^ u_pc_next_logic._1588_/X (sky130_fd_sc_hd__a22o_2)
     1    0.05                           u_pc_next_logic._0042_ (net)
                  0.27    0.01    1.81 ^ u_pc_next_logic._1589_/B1 (sky130_fd_sc_hd__a2bb2o_1)
                  0.04    0.18    1.99 ^ u_pc_next_logic._1589_/X (sky130_fd_sc_hd__a2bb2o_1)
     1    0.00                           u_pc_next_logic.pc_next[30] (net)
                  0.04    0.00    1.99 ^ u_pc_reg._130_/B (sky130_fd_sc_hd__and2_1)
                  0.04    0.11    2.10 ^ u_pc_reg._130_/X (sky130_fd_sc_hd__and2_1)
     1    0.00                           u_pc_reg._047_ (net)
                  0.04    0.00    2.10 ^ u_pc_reg._131_/A (sky130_fd_sc_hd__clkbuf_1)
                  0.05    0.08    2.19 ^ u_pc_reg._131_/X (sky130_fd_sc_hd__clkbuf_1)
     1    0.00                           u_pc_reg._030_ (net)
                  0.05    0.00    2.19 ^ u_pc_reg._164_/D (sky130_fd_sc_hd__dfxtp_4)
                                  2.19   data arrival time

                          0.00    0.00   clock clk (rise edge)
                          0.00    0.00   clock source latency
                  0.00    0.00    0.00 ^ clk (in)
     3    0.19                           clk (net)
                  0.05    0.02    0.02 ^ clkbuf_0_clk/A (sky130_fd_sc_hd__clkbuf_16)
                  0.12    0.18    0.21 ^ clkbuf_0_clk/X (sky130_fd_sc_hd__clkbuf_16)
     6    0.10                           clknet_0_clk (net)
                  0.12    0.01    0.22 ^ clkbuf_2_3_0_clk/A (sky130_fd_sc_hd__clkbuf_8)
                  0.42    0.32    0.54 ^ clkbuf_2_3_0_clk/X (sky130_fd_sc_hd__clkbuf_8)
     7    0.26                           clknet_2_3_0_clk (net)
                  0.46    0.09    0.63 ^ u_pc_reg._164_/CLK (sky130_fd_sc_hd__dfxtp_4)
                          0.20    0.83   clock uncertainty
                          0.00    0.83   clock reconvergence pessimism
                          0.02    0.85   library hold time
                                  0.85   data required time
-----------------------------------------------------------------------------
                                  0.85   data required time
                                 -2.19   data arrival time
-----------------------------------------------------------------------------
                                  1.34   slack (MET)


Startpoint: u_pc_reg._137_ (rising edge-triggered flip-flop clocked by clk)
Endpoint: u_pc_reg._137_ (rising edge-triggered flip-flop clocked by clk)
Path Group: clk
Path Type: min
Corner: Typical

Fanout     Cap    Slew   Delay    Time   Description
-----------------------------------------------------------------------------
                          0.00    0.00   clock clk (rise edge)
                          0.00    0.00   clock source latency
                  0.00    0.00    0.00 ^ clk (in)
     3    0.19                           clk (net)
                  0.05    0.02    0.02 ^ clkbuf_0_clk/A (sky130_fd_sc_hd__clkbuf_16)
                  0.12    0.18    0.21 ^ clkbuf_0_clk/X (sky130_fd_sc_hd__clkbuf_16)
     6    0.10                           clknet_0_clk (net)
                  0.12    0.01    0.22 ^ clkbuf_2_0_0_clk/A (sky130_fd_sc_hd__clkbuf_8)
                  0.37    0.31    0.53 ^ clkbuf_2_0_0_clk/X (sky130_fd_sc_hd__clkbuf_8)
     8    0.22                           clknet_2_0_0_clk (net)
                  0.39    0.06    0.58 ^ u_pc_reg._137_/CLK (sky130_fd_sc_hd__dfxtp_4)
                  0.10    0.49    1.08 v u_pc_reg._137_/Q (sky130_fd_sc_hd__dfxtp_4)
    10    0.06                           u_imem.addr[3] (net)
                  0.10    0.01    1.09 v u_pc_next_logic._0772_/B (sky130_fd_sc_hd__xor2_1)
                  0.25    0.26    1.34 ^ u_pc_next_logic._0772_/X (sky130_fd_sc_hd__xor2_1)
     2    0.01                           u_pc_next_logic.pc_plus4[3] (net)
                  0.25    0.00    1.35 ^ u_pc_next_logic._0922_/A0 (sky130_fd_sc_hd__mux2_1)
                  0.10    0.22    1.57 ^ u_pc_next_logic._0922_/X (sky130_fd_sc_hd__mux2_1)
     1    0.01                           u_pc_next_logic._0174_ (net)
                  0.10    0.00    1.57 ^ u_pc_next_logic._0928_/A0 (sky130_fd_sc_hd__mux2_1)
                  0.09    0.17    1.74 ^ u_pc_next_logic._0928_/X (sky130_fd_sc_hd__mux2_1)
     1    0.01                           u_pc_next_logic._0180_ (net)
                  0.09    0.00    1.74 ^ u_pc_next_logic._0929_/A1 (sky130_fd_sc_hd__mux2_1)
                  0.04    0.13    1.87 ^ u_pc_next_logic._0929_/X (sky130_fd_sc_hd__mux2_1)
     1    0.00                           u_pc_next_logic._0181_ (net)
                  0.04    0.00    1.87 ^ u_pc_next_logic._0930_/A (sky130_fd_sc_hd__clkbuf_1)
                  0.04    0.08    1.95 ^ u_pc_next_logic._0930_/X (sky130_fd_sc_hd__clkbuf_1)
     1    0.00                           u_pc_next_logic.pc_next[3] (net)
                  0.04    0.00    1.95 ^ u_pc_reg._074_/B (sky130_fd_sc_hd__and2_1)
                  0.04    0.11    2.06 ^ u_pc_reg._074_/X (sky130_fd_sc_hd__and2_1)
     1    0.00                           u_pc_reg._053_ (net)
                  0.04    0.00    2.06 ^ u_pc_reg._075_/A (sky130_fd_sc_hd__clkbuf_1)
                  0.04    0.08    2.14 ^ u_pc_reg._075_/X (sky130_fd_sc_hd__clkbuf_1)
     1    0.00                           u_pc_reg._003_ (net)
                  0.04    0.00    2.14 ^ u_pc_reg._137_/D (sky130_fd_sc_hd__dfxtp_4)
                                  2.14   data arrival time

                          0.00    0.00   clock clk (rise edge)
                          0.00    0.00   clock source latency
                  0.00    0.00    0.00 ^ clk (in)
     3    0.19                           clk (net)
                  0.05    0.02    0.02 ^ clkbuf_0_clk/A (sky130_fd_sc_hd__clkbuf_16)
                  0.12    0.18    0.21 ^ clkbuf_0_clk/X (sky130_fd_sc_hd__clkbuf_16)
     6    0.10                           clknet_0_clk (net)
                  0.12    0.01    0.22 ^ clkbuf_2_0_0_clk/A (sky130_fd_sc_hd__clkbuf_8)
                  0.37    0.31    0.53 ^ clkbuf_2_0_0_clk/X (sky130_fd_sc_hd__clkbuf_8)
     8    0.22                           clknet_2_0_0_clk (net)
                  0.39    0.06    0.58 ^ u_pc_reg._137_/CLK (sky130_fd_sc_hd__dfxtp_4)
                          0.20    0.78   clock uncertainty
                          0.00    0.78   clock reconvergence pessimism
                          0.01    0.80   library hold time
                                  0.80   data required time
-----------------------------------------------------------------------------
                                  0.80   data required time
                                 -2.14   data arrival time
-----------------------------------------------------------------------------
                                  1.34   slack (MET)


Startpoint: u_pc_reg._158_ (rising edge-triggered flip-flop clocked by clk)
Endpoint: u_pc_reg._158_ (rising edge-triggered flip-flop clocked by clk)
Path Group: clk
Path Type: min
Corner: Typical

Fanout     Cap    Slew   Delay    Time   Description
-----------------------------------------------------------------------------
                          0.00    0.00   clock clk (rise edge)
                          0.00    0.00   clock source latency
                  0.00    0.00    0.00 ^ clk (in)
     3    0.19                           clk (net)
                  0.05    0.02    0.02 ^ clkbuf_0_clk/A (sky130_fd_sc_hd__clkbuf_16)
                  0.12    0.18    0.21 ^ clkbuf_0_clk/X (sky130_fd_sc_hd__clkbuf_16)
     6    0.10                           clknet_0_clk (net)
                  0.12    0.01    0.22 ^ clkbuf_2_2_0_clk/A (sky130_fd_sc_hd__clkbuf_8)
                  0.22    0.27    0.48 ^ clkbuf_2_2_0_clk/X (sky130_fd_sc_hd__clkbuf_8)
    13    0.12                           clknet_2_2_0_clk (net)
                  0.22    0.02    0.50 ^ u_pc_reg._158_/CLK (sky130_fd_sc_hd__dfxtp_4)
                  0.23    0.55    1.05 v u_pc_reg._158_/Q (sky130_fd_sc_hd__dfxtp_4)
    12    0.19                           u_imem.addr[24] (net)
                  0.24    0.02    1.08 v u_pc_next_logic._0832_/A (sky130_fd_sc_hd__xor2_2)
                  0.24    0.34    1.41 ^ u_pc_next_logic._0832_/X (sky130_fd_sc_hd__xor2_2)
     2    0.02                           u_pc_next_logic.pc_plus4[24] (net)
                  0.24    0.00    1.42 ^ u_pc_next_logic._1438_/A1 (sky130_fd_sc_hd__a211o_1)
                  0.15    0.25    1.66 ^ u_pc_next_logic._1438_/X (sky130_fd_sc_hd__a211o_1)
     1    0.02                           u_pc_next_logic._0669_ (net)
                  0.15    0.00    1.66 ^ u_pc_next_logic._1452_/A3 (sky130_fd_sc_hd__a31o_1)
                  0.06    0.17    1.83 ^ u_pc_next_logic._1452_/X (sky130_fd_sc_hd__a31o_1)
     1    0.00                           u_pc_next_logic.pc_next[24] (net)
                  0.06    0.00    1.83 ^ u_pc_reg._118_/B (sky130_fd_sc_hd__and2_1)
                  0.07    0.13    1.97 ^ u_pc_reg._118_/X (sky130_fd_sc_hd__and2_1)
     1    0.01                           u_pc_reg._041_ (net)
                  0.07    0.00    1.97 ^ u_pc_reg._119_/A (sky130_fd_sc_hd__clkbuf_1)
                  0.04    0.09    2.05 ^ u_pc_reg._119_/X (sky130_fd_sc_hd__clkbuf_1)
     1    0.00                           u_pc_reg._024_ (net)
                  0.04    0.00    2.05 ^ u_pc_reg._158_/D (sky130_fd_sc_hd__dfxtp_4)
                                  2.05   data arrival time

                          0.00    0.00   clock clk (rise edge)
                          0.00    0.00   clock source latency
                  0.00    0.00    0.00 ^ clk (in)
     3    0.19                           clk (net)
                  0.05    0.02    0.02 ^ clkbuf_0_clk/A (sky130_fd_sc_hd__clkbuf_16)
                  0.12    0.18    0.21 ^ clkbuf_0_clk/X (sky130_fd_sc_hd__clkbuf_16)
     6    0.10                           clknet_0_clk (net)
                  0.12    0.01    0.22 ^ clkbuf_2_2_0_clk/A (sky130_fd_sc_hd__clkbuf_8)
                  0.22    0.27    0.48 ^ clkbuf_2_2_0_clk/X (sky130_fd_sc_hd__clkbuf_8)
    13    0.12                           clknet_2_2_0_clk (net)
                  0.22    0.02    0.50 ^ u_pc_reg._158_/CLK (sky130_fd_sc_hd__dfxtp_4)
                          0.20    0.70   clock uncertainty
                          0.00    0.70   clock reconvergence pessimism
                         -0.01    0.70   library hold time
                                  0.70   data required time
-----------------------------------------------------------------------------
                                  0.70   data required time
                                 -2.05   data arrival time
-----------------------------------------------------------------------------
                                  1.36   slack (MET)


Startpoint: u_pc_reg._150_ (rising edge-triggered flip-flop clocked by clk)
Endpoint: u_pc_reg._151_ (rising edge-triggered flip-flop clocked by clk)
Path Group: clk
Path Type: min
Corner: Typical

Fanout     Cap    Slew   Delay    Time   Description
-----------------------------------------------------------------------------
                          0.00    0.00   clock clk (rise edge)
                          0.00    0.00   clock source latency
                  0.00    0.00    0.00 ^ clk (in)
     3    0.19                           clk (net)
                  0.05    0.02    0.02 ^ clkbuf_0_clk/A (sky130_fd_sc_hd__clkbuf_16)
                  0.12    0.18    0.21 ^ clkbuf_0_clk/X (sky130_fd_sc_hd__clkbuf_16)
     6    0.10                           clknet_0_clk (net)
                  0.12    0.01    0.22 ^ clkbuf_2_2_0_clk/A (sky130_fd_sc_hd__clkbuf_8)
                  0.22    0.27    0.48 ^ clkbuf_2_2_0_clk/X (sky130_fd_sc_hd__clkbuf_8)
    13    0.12                           clknet_2_2_0_clk (net)
                  0.22    0.02    0.50 ^ u_pc_reg._150_/CLK (sky130_fd_sc_hd__dfxtp_4)
                  0.22    0.55    1.05 v u_pc_reg._150_/Q (sky130_fd_sc_hd__dfxtp_4)
    13    0.18                           u_imem.addr[16] (net)
                  0.22    0.01    1.05 v u_pc_next_logic._1248_/A (sky130_fd_sc_hd__nand2_1)
                  0.11    0.18    1.24 ^ u_pc_next_logic._1248_/Y (sky130_fd_sc_hd__nand2_1)
     3    0.01                           u_pc_next_logic._0487_ (net)
                  0.11    0.00    1.24 ^ u_pc_next_logic._1260_/B1 (sky130_fd_sc_hd__o21ai_1)
                  0.05    0.09    1.33 v u_pc_next_logic._1260_/Y (sky130_fd_sc_hd__o21ai_1)
     1    0.01                           u_pc_next_logic._0498_ (net)
                  0.05    0.00    1.33 v u_pc_next_logic._1261_/B (sky130_fd_sc_hd__xnor2_1)
                  0.09    0.18    1.52 ^ u_pc_next_logic._1261_/Y (sky130_fd_sc_hd__xnor2_1)
     1    0.01                           u_pc_next_logic._0499_ (net)
                  0.09    0.00    1.52 ^ u_pc_next_logic._1267_/A2 (sky130_fd_sc_hd__a211o_2)
                  0.25    0.28    1.80 ^ u_pc_next_logic._1267_/X (sky130_fd_sc_hd__a211o_2)
     1    0.05                           u_pc_next_logic._0505_ (net)
                  0.25    0.01    1.81 ^ u_pc_next_logic._1268_/B1 (sky130_fd_sc_hd__o21a_1)
                  0.03    0.15    1.97 ^ u_pc_next_logic._1268_/X (sky130_fd_sc_hd__o21a_1)
     1    0.00                           u_pc_next_logic.pc_next[17] (net)
                  0.03    0.00    1.97 ^ u_pc_reg._103_/B (sky130_fd_sc_hd__and2_1)
                  0.04    0.11    2.07 ^ u_pc_reg._103_/X (sky130_fd_sc_hd__and2_1)
     1    0.00                           u_pc_reg._033_ (net)
                  0.04    0.00    2.07 ^ u_pc_reg._104_/A (sky130_fd_sc_hd__clkbuf_1)
                  0.04    0.08    2.15 ^ u_pc_reg._104_/X (sky130_fd_sc_hd__clkbuf_1)
     1    0.00                           u_pc_reg._017_ (net)
                  0.04    0.00    2.15 ^ u_pc_reg._151_/D (sky130_fd_sc_hd__dfxtp_4)
                                  2.15   data arrival time

                          0.00    0.00   clock clk (rise edge)
                          0.00    0.00   clock source latency
                  0.00    0.00    0.00 ^ clk (in)
     3    0.19                           clk (net)
                  0.05    0.02    0.02 ^ clkbuf_0_clk/A (sky130_fd_sc_hd__clkbuf_16)
                  0.12    0.18    0.21 ^ clkbuf_0_clk/X (sky130_fd_sc_hd__clkbuf_16)
     6    0.10                           clknet_0_clk (net)
                  0.12    0.01    0.22 ^ clkbuf_2_0_0_clk/A (sky130_fd_sc_hd__clkbuf_8)
                  0.37    0.31    0.53 ^ clkbuf_2_0_0_clk/X (sky130_fd_sc_hd__clkbuf_8)
     8    0.22                           clknet_2_0_0_clk (net)
                  0.38    0.05    0.58 ^ u_pc_reg._151_/CLK (sky130_fd_sc_hd__dfxtp_4)
                          0.20    0.78   clock uncertainty
                          0.00    0.78   clock reconvergence pessimism
                          0.01    0.79   library hold time
                                  0.79   data required time
-----------------------------------------------------------------------------
                                  0.79   data required time
                                 -2.15   data arrival time
-----------------------------------------------------------------------------
                                  1.36   slack (MET)


Startpoint: u_pc_reg._152_ (rising edge-triggered flip-flop clocked by clk)
Endpoint: u_pc_reg._152_ (rising edge-triggered flip-flop clocked by clk)
Path Group: clk
Path Type: min
Corner: Typical

Fanout     Cap    Slew   Delay    Time   Description
-----------------------------------------------------------------------------
                          0.00    0.00   clock clk (rise edge)
                          0.00    0.00   clock source latency
                  0.00    0.00    0.00 ^ clk (in)
     3    0.19                           clk (net)
                  0.05    0.02    0.02 ^ clkbuf_0_clk/A (sky130_fd_sc_hd__clkbuf_16)
                  0.12    0.18    0.21 ^ clkbuf_0_clk/X (sky130_fd_sc_hd__clkbuf_16)
     6    0.10                           clknet_0_clk (net)
                  0.12    0.01    0.22 ^ clkbuf_2_2_0_clk/A (sky130_fd_sc_hd__clkbuf_8)
                  0.22    0.27    0.48 ^ clkbuf_2_2_0_clk/X (sky130_fd_sc_hd__clkbuf_8)
    13    0.12                           clknet_2_2_0_clk (net)
                  0.22    0.02    0.50 ^ u_pc_reg._152_/CLK (sky130_fd_sc_hd__dfxtp_4)
                  0.26    0.57    1.08 v u_pc_reg._152_/Q (sky130_fd_sc_hd__dfxtp_4)
    14    0.21                           u_imem.addr[18] (net)
                  0.26    0.02    1.10 v u_pc_next_logic._0811_/A (sky130_fd_sc_hd__xnor2_2)
                  0.15    0.31    1.41 v u_pc_next_logic._0811_/Y (sky130_fd_sc_hd__xnor2_2)
     2    0.03                           u_pc_next_logic.pc_plus4[18] (net)
                  0.15    0.00    1.41 v u_pc_next_logic._1287_/A1 (sky130_fd_sc_hd__a21oi_1)
                  0.11    0.17    1.59 ^ u_pc_next_logic._1287_/Y (sky130_fd_sc_hd__a21oi_1)
     1    0.00                           u_pc_next_logic._0524_ (net)
                  0.11    0.00    1.59 ^ u_pc_next_logic._1295_/A2 (sky130_fd_sc_hd__a221o_1)
                  0.13    0.22    1.81 ^ u_pc_next_logic._1295_/X (sky130_fd_sc_hd__a221o_1)
     1    0.01                           u_pc_next_logic._0532_ (net)
                  0.13    0.00    1.81 ^ u_pc_next_logic._1296_/B1 (sky130_fd_sc_hd__o21ai_1)
                  0.05    0.07    1.88 v u_pc_next_logic._1296_/Y (sky130_fd_sc_hd__o21ai_1)
     1    0.00                           u_pc_next_logic.pc_next[18] (net)
                  0.05    0.00    1.88 v u_pc_reg._105_/B (sky130_fd_sc_hd__and2_1)
                  0.03    0.15    2.03 v u_pc_reg._105_/X (sky130_fd_sc_hd__and2_1)
     1    0.00                           u_pc_reg._034_ (net)
                  0.03    0.00    2.03 v u_pc_reg._106_/A (sky130_fd_sc_hd__clkbuf_1)
                  0.03    0.08    2.11 v u_pc_reg._106_/X (sky130_fd_sc_hd__clkbuf_1)
     1    0.00                           u_pc_reg._018_ (net)
                  0.03    0.00    2.11 v u_pc_reg._152_/D (sky130_fd_sc_hd__dfxtp_4)
                                  2.11   data arrival time

                          0.00    0.00   clock clk (rise edge)
                          0.00    0.00   clock source latency
                  0.00    0.00    0.00 ^ clk (in)
     3    0.19                           clk (net)
                  0.05    0.02    0.02 ^ clkbuf_0_clk/A (sky130_fd_sc_hd__clkbuf_16)
                  0.12    0.18    0.21 ^ clkbuf_0_clk/X (sky130_fd_sc_hd__clkbuf_16)
     6    0.10                           clknet_0_clk (net)
                  0.12    0.01    0.22 ^ clkbuf_2_2_0_clk/A (sky130_fd_sc_hd__clkbuf_8)
                  0.22    0.27    0.48 ^ clkbuf_2_2_0_clk/X (sky130_fd_sc_hd__clkbuf_8)
    13    0.12                           clknet_2_2_0_clk (net)
                  0.22    0.02    0.50 ^ u_pc_reg._152_/CLK (sky130_fd_sc_hd__dfxtp_4)
                          0.20    0.70   clock uncertainty
                          0.00    0.70   clock reconvergence pessimism
                          0.00    0.70   library hold time
                                  0.70   data required time
-----------------------------------------------------------------------------
                                  0.70   data required time
                                 -2.11   data arrival time
-----------------------------------------------------------------------------
                                  1.41   slack (MET)


Startpoint: u_pc_reg._158_ (rising edge-triggered flip-flop clocked by clk)
Endpoint: u_pc_reg._159_ (rising edge-triggered flip-flop clocked by clk)
Path Group: clk
Path Type: min
Corner: Typical

Fanout     Cap    Slew   Delay    Time   Description
-----------------------------------------------------------------------------
                          0.00    0.00   clock clk (rise edge)
                          0.00    0.00   clock source latency
                  0.00    0.00    0.00 ^ clk (in)
     3    0.19                           clk (net)
                  0.05    0.02    0.02 ^ clkbuf_0_clk/A (sky130_fd_sc_hd__clkbuf_16)
                  0.12    0.18    0.21 ^ clkbuf_0_clk/X (sky130_fd_sc_hd__clkbuf_16)
     6    0.10                           clknet_0_clk (net)
                  0.12    0.01    0.22 ^ clkbuf_2_2_0_clk/A (sky130_fd_sc_hd__clkbuf_8)
                  0.22    0.27    0.48 ^ clkbuf_2_2_0_clk/X (sky130_fd_sc_hd__clkbuf_8)
    13    0.12                           clknet_2_2_0_clk (net)
                  0.22    0.02    0.50 ^ u_pc_reg._158_/CLK (sky130_fd_sc_hd__dfxtp_4)
                  0.23    0.55    1.05 v u_pc_reg._158_/Q (sky130_fd_sc_hd__dfxtp_4)
    12    0.19                           u_imem.addr[24] (net)
                  0.23    0.01    1.06 v u_pc_next_logic._1420_/A (sky130_fd_sc_hd__nand2_1)
                  0.17    0.23    1.29 ^ u_pc_next_logic._1420_/Y (sky130_fd_sc_hd__nand2_1)
     4    0.02                           u_pc_next_logic._0651_ (net)
                  0.17    0.00    1.29 ^ u_pc_next_logic._1462_/A (sky130_fd_sc_hd__nand2_1)
                  0.06    0.10    1.39 v u_pc_next_logic._1462_/Y (sky130_fd_sc_hd__nand2_1)
     2    0.01                           u_pc_next_logic._0692_ (net)
                  0.06    0.00    1.39 v u_pc_next_logic._1463_/B (sky130_fd_sc_hd__nor2_1)
                  0.09    0.10    1.49 ^ u_pc_next_logic._1463_/Y (sky130_fd_sc_hd__nor2_1)
     1    0.00                           u_pc_next_logic._0693_ (net)
                  0.09    0.00    1.49 ^ u_pc_next_logic._1472_/A1 (sky130_fd_sc_hd__o22a_2)
                  0.33    0.36    1.85 ^ u_pc_next_logic._1472_/X (sky130_fd_sc_hd__o22a_2)
     1    0.06                           u_pc_next_logic._0702_ (net)
                  0.33    0.02    1.87 ^ u_pc_next_logic._1473_/B2 (sky130_fd_sc_hd__a2bb2o_1)
                  0.05    0.19    2.06 ^ u_pc_next_logic._1473_/X (sky130_fd_sc_hd__a2bb2o_1)
     1    0.00                           u_pc_next_logic.pc_next[25] (net)
                  0.05    0.00    2.06 ^ u_pc_reg._120_/B (sky130_fd_sc_hd__and2_1)
                  0.05    0.12    2.18 ^ u_pc_reg._120_/X (sky130_fd_sc_hd__and2_1)
     1    0.00                           u_pc_reg._042_ (net)
                  0.05    0.00    2.19 ^ u_pc_reg._121_/A (sky130_fd_sc_hd__clkbuf_1)
                  0.05    0.09    2.27 ^ u_pc_reg._121_/X (sky130_fd_sc_hd__clkbuf_1)
     1    0.00                           u_pc_reg._025_ (net)
                  0.05    0.00    2.27 ^ u_pc_reg._159_/D (sky130_fd_sc_hd__dfxtp_4)
                                  2.27   data arrival time

                          0.00    0.00   clock clk (rise edge)
                          0.00    0.00   clock source latency
                  0.00    0.00    0.00 ^ clk (in)
     3    0.19                           clk (net)
                  0.05    0.02    0.02 ^ clkbuf_0_clk/A (sky130_fd_sc_hd__clkbuf_16)
                  0.12    0.18    0.21 ^ clkbuf_0_clk/X (sky130_fd_sc_hd__clkbuf_16)
     6    0.10                           clknet_0_clk (net)
                  0.12    0.01    0.22 ^ clkbuf_2_3_0_clk/A (sky130_fd_sc_hd__clkbuf_8)
                  0.42    0.32    0.54 ^ clkbuf_2_3_0_clk/X (sky130_fd_sc_hd__clkbuf_8)
     7    0.26                           clknet_2_3_0_clk (net)
                  0.46    0.09    0.63 ^ u_pc_reg._159_/CLK (sky130_fd_sc_hd__dfxtp_4)
                          0.20    0.83   clock uncertainty
                          0.00    0.83   clock reconvergence pessimism
                          0.02    0.85   library hold time
                                  0.85   data required time
-----------------------------------------------------------------------------
                                  0.85   data required time
                                 -2.27   data arrival time
-----------------------------------------------------------------------------
                                  1.42   slack (MET)


Startpoint: u_pc_reg._162_ (rising edge-triggered flip-flop clocked by clk)
Endpoint: u_pc_reg._162_ (rising edge-triggered flip-flop clocked by clk)
Path Group: clk
Path Type: min
Corner: Typical

Fanout     Cap    Slew   Delay    Time   Description
-----------------------------------------------------------------------------
                          0.00    0.00   clock clk (rise edge)
                          0.00    0.00   clock source latency
                  0.00    0.00    0.00 ^ clk (in)
     3    0.19                           clk (net)
                  0.05    0.02    0.02 ^ clkbuf_0_clk/A (sky130_fd_sc_hd__clkbuf_16)
                  0.12    0.18    0.21 ^ clkbuf_0_clk/X (sky130_fd_sc_hd__clkbuf_16)
     6    0.10                           clknet_0_clk (net)
                  0.12    0.01    0.22 ^ clkbuf_2_2_0_clk/A (sky130_fd_sc_hd__clkbuf_8)
                  0.22    0.27    0.48 ^ clkbuf_2_2_0_clk/X (sky130_fd_sc_hd__clkbuf_8)
    13    0.12                           clknet_2_2_0_clk (net)
                  0.22    0.02    0.50 ^ u_pc_reg._162_/CLK (sky130_fd_sc_hd__dfxtp_4)
                  0.26    0.56    1.07 v u_pc_reg._162_/Q (sky130_fd_sc_hd__dfxtp_4)
    11    0.21                           u_imem.addr[28] (net)
                  0.26    0.01    1.08 v u_pc_next_logic._1530_/A (sky130_fd_sc_hd__xnor2_2)
                  0.08    0.30    1.39 ^ u_pc_next_logic._1530_/Y (sky130_fd_sc_hd__xnor2_2)
     2    0.01                           u_pc_next_logic._0757_ (net)
                  0.08    0.00    1.39 ^ u_pc_next_logic._1531_/B1 (sky130_fd_sc_hd__a21oi_4)
                  0.05    0.06    1.45 v u_pc_next_logic._1531_/Y (sky130_fd_sc_hd__a21oi_4)
     4    0.03                           u_pc_next_logic._0758_ (net)
                  0.05    0.00    1.45 v u_pc_next_logic._1533_/A (sky130_fd_sc_hd__nor2_1)
                  0.09    0.11    1.56 ^ u_pc_next_logic._1533_/Y (sky130_fd_sc_hd__nor2_1)
     1    0.00                           u_pc_next_logic._0760_ (net)
                  0.09    0.00    1.56 ^ u_pc_next_logic._1545_/A2 (sky130_fd_sc_hd__o21a_1)
                  0.10    0.16    1.71 ^ u_pc_next_logic._1545_/X (sky130_fd_sc_hd__o21a_1)
     1    0.01                           u_pc_next_logic._0001_ (net)
                  0.10    0.00    1.72 ^ u_pc_next_logic._1546_/A1 (sky130_fd_sc_hd__mux2_1)
                  0.05    0.14    1.86 ^ u_pc_next_logic._1546_/X (sky130_fd_sc_hd__mux2_1)
     1    0.00                           u_pc_next_logic._0002_ (net)
                  0.05    0.00    1.86 ^ u_pc_next_logic._1547_/A (sky130_fd_sc_hd__clkbuf_1)
                  0.05    0.09    1.94 ^ u_pc_next_logic._1547_/X (sky130_fd_sc_hd__clkbuf_1)
     1    0.00                           u_pc_next_logic.pc_next[28] (net)
                  0.05    0.00    1.94 ^ u_pc_reg._126_/B (sky130_fd_sc_hd__and2_1)
                  0.05    0.12    2.06 ^ u_pc_reg._126_/X (sky130_fd_sc_hd__and2_1)
     1    0.00                           u_pc_reg._045_ (net)
                  0.05    0.00    2.07 ^ u_pc_reg._127_/A (sky130_fd_sc_hd__clkbuf_1)
                  0.07    0.10    2.16 ^ u_pc_reg._127_/X (sky130_fd_sc_hd__clkbuf_1)
     1    0.00                           u_pc_reg._028_ (net)
                  0.07    0.00    2.16 ^ u_pc_reg._162_/D (sky130_fd_sc_hd__dfxtp_4)
                                  2.16   data arrival time

                          0.00    0.00   clock clk (rise edge)
                          0.00    0.00   clock source latency
                  0.00    0.00    0.00 ^ clk (in)
     3    0.19                           clk (net)
                  0.05    0.02    0.02 ^ clkbuf_0_clk/A (sky130_fd_sc_hd__clkbuf_16)
                  0.12    0.18    0.21 ^ clkbuf_0_clk/X (sky130_fd_sc_hd__clkbuf_16)
     6    0.10                           clknet_0_clk (net)
                  0.12    0.01    0.22 ^ clkbuf_2_2_0_clk/A (sky130_fd_sc_hd__clkbuf_8)
                  0.22    0.27    0.48 ^ clkbuf_2_2_0_clk/X (sky130_fd_sc_hd__clkbuf_8)
    13    0.12                           clknet_2_2_0_clk (net)
                  0.22    0.02    0.50 ^ u_pc_reg._162_/CLK (sky130_fd_sc_hd__dfxtp_4)
                          0.20    0.70   clock uncertainty
                          0.00    0.70   clock reconvergence pessimism
                         -0.01    0.69   library hold time
                                  0.69   data required time
-----------------------------------------------------------------------------
                                  0.69   data required time
                                 -2.16   data arrival time
-----------------------------------------------------------------------------
                                  1.47   slack (MET)


Startpoint: u_pc_reg._136_ (rising edge-triggered flip-flop clocked by clk)
Endpoint: u_pc_reg._136_ (rising edge-triggered flip-flop clocked by clk)
Path Group: clk
Path Type: min
Corner: Typical

Fanout     Cap    Slew   Delay    Time   Description
-----------------------------------------------------------------------------
                          0.00    0.00   clock clk (rise edge)
                          0.00    0.00   clock source latency
                  0.00    0.00    0.00 ^ clk (in)
     3    0.19                           clk (net)
                  0.05    0.02    0.02 ^ clkbuf_0_clk/A (sky130_fd_sc_hd__clkbuf_16)
                  0.12    0.18    0.21 ^ clkbuf_0_clk/X (sky130_fd_sc_hd__clkbuf_16)
     6    0.10                           clknet_0_clk (net)
                  0.12    0.01    0.22 ^ clkbuf_2_1_0_clk/A (sky130_fd_sc_hd__clkbuf_8)
                  0.36    0.35    0.57 ^ clkbuf_2_1_0_clk/X (sky130_fd_sc_hd__clkbuf_8)
     4    0.21                           clknet_2_1_0_clk (net)
                  0.36    0.02    0.59 ^ u_pc_reg._136_/CLK (sky130_fd_sc_hd__dfxtp_1)
                  0.07    0.41    1.00 ^ u_pc_reg._136_/Q (sky130_fd_sc_hd__dfxtp_1)
     1    0.01                           u_imem.addr[2] (net)
                  0.07    0.00    1.00 ^ wire139/A (sky130_fd_sc_hd__clkbuf_8)
                  0.21    0.24    1.24 ^ wire139/X (sky130_fd_sc_hd__clkbuf_8)
    15    0.12                           net139 (net)
                  0.22    0.04    1.27 ^ u_pc_next_logic._0908_/A1 (sky130_fd_sc_hd__o221a_1)
                  0.09    0.25    1.52 ^ u_pc_next_logic._0908_/X (sky130_fd_sc_hd__o221a_1)
     1    0.01                           u_pc_next_logic._0161_ (net)
                  0.09    0.00    1.52 ^ u_pc_next_logic._0910_/B1 (sky130_fd_sc_hd__a211o_1)
                  0.32    0.31    1.83 ^ u_pc_next_logic._0910_/X (sky130_fd_sc_hd__a211o_1)
     1    0.04                           u_pc_next_logic._0163_ (net)
                  0.32    0.01    1.83 ^ u_pc_next_logic._0911_/B1 (sky130_fd_sc_hd__o21ai_1)
                  0.10    0.20    2.03 v u_pc_next_logic._0911_/Y (sky130_fd_sc_hd__o21ai_1)
     1    0.01                           u_pc_next_logic.pc_next[2] (net)
                  0.10    0.00    2.04 v u_pc_reg._072_/B (sky130_fd_sc_hd__and2_1)
                  0.04    0.18    2.22 v u_pc_reg._072_/X (sky130_fd_sc_hd__and2_1)
     1    0.00                           u_pc_reg._052_ (net)
                  0.04    0.00    2.22 v u_pc_reg._073_/A (sky130_fd_sc_hd__clkbuf_1)
                  0.03    0.09    2.30 v u_pc_reg._073_/X (sky130_fd_sc_hd__clkbuf_1)
     1    0.00                           u_pc_reg._002_ (net)
                  0.03    0.00    2.30 v u_pc_reg._136_/D (sky130_fd_sc_hd__dfxtp_1)
                                  2.30   data arrival time

                          0.00    0.00   clock clk (rise edge)
                          0.00    0.00   clock source latency
                  0.00    0.00    0.00 ^ clk (in)
     3    0.19                           clk (net)
                  0.05    0.02    0.02 ^ clkbuf_0_clk/A (sky130_fd_sc_hd__clkbuf_16)
                  0.12    0.18    0.21 ^ clkbuf_0_clk/X (sky130_fd_sc_hd__clkbuf_16)
     6    0.10                           clknet_0_clk (net)
                  0.12    0.01    0.22 ^ clkbuf_2_1_0_clk/A (sky130_fd_sc_hd__clkbuf_8)
                  0.36    0.35    0.57 ^ clkbuf_2_1_0_clk/X (sky130_fd_sc_hd__clkbuf_8)
     4    0.21                           clknet_2_1_0_clk (net)
                  0.36    0.02    0.59 ^ u_pc_reg._136_/CLK (sky130_fd_sc_hd__dfxtp_1)
                          0.20    0.79   clock uncertainty
                          0.00    0.79   clock reconvergence pessimism
                          0.02    0.81   library hold time
                                  0.81   data required time
-----------------------------------------------------------------------------
                                  0.81   data required time
                                 -2.30   data arrival time
-----------------------------------------------------------------------------
                                  1.49   slack (MET)


Startpoint: u_pc_reg._152_ (rising edge-triggered flip-flop clocked by clk)
Endpoint: u_pc_reg._153_ (rising edge-triggered flip-flop clocked by clk)
Path Group: clk
Path Type: min
Corner: Typical

Fanout     Cap    Slew   Delay    Time   Description
-----------------------------------------------------------------------------
                          0.00    0.00   clock clk (rise edge)
                          0.00    0.00   clock source latency
                  0.00    0.00    0.00 ^ clk (in)
     3    0.19                           clk (net)
                  0.05    0.02    0.02 ^ clkbuf_0_clk/A (sky130_fd_sc_hd__clkbuf_16)
                  0.12    0.18    0.21 ^ clkbuf_0_clk/X (sky130_fd_sc_hd__clkbuf_16)
     6    0.10                           clknet_0_clk (net)
                  0.12    0.01    0.22 ^ clkbuf_2_2_0_clk/A (sky130_fd_sc_hd__clkbuf_8)
                  0.22    0.27    0.48 ^ clkbuf_2_2_0_clk/X (sky130_fd_sc_hd__clkbuf_8)
    13    0.12                           clknet_2_2_0_clk (net)
                  0.22    0.02    0.50 ^ u_pc_reg._152_/CLK (sky130_fd_sc_hd__dfxtp_4)
                  0.26    0.57    1.08 v u_pc_reg._152_/Q (sky130_fd_sc_hd__dfxtp_4)
    14    0.21                           u_imem.addr[18] (net)
                  0.26    0.02    1.10 v u_pc_next_logic._1311_/A1 (sky130_fd_sc_hd__a21o_1)
                  0.05    0.25    1.35 v u_pc_next_logic._1311_/X (sky130_fd_sc_hd__a21o_1)
     1    0.01                           u_pc_next_logic._0547_ (net)
                  0.05    0.00    1.35 v u_pc_next_logic._1312_/B (sky130_fd_sc_hd__xnor2_1)
                  0.07    0.17    1.52 ^ u_pc_next_logic._1312_/Y (sky130_fd_sc_hd__xnor2_1)
     1    0.01                           u_pc_next_logic._0548_ (net)
                  0.07    0.00    1.52 ^ u_pc_next_logic._1313_/A1 (sky130_fd_sc_hd__mux2_1)
                  0.17    0.23    1.74 ^ u_pc_next_logic._1313_/X (sky130_fd_sc_hd__mux2_1)
     1    0.02                           u_pc_next_logic._0549_ (net)
                  0.17    0.00    1.75 ^ u_pc_next_logic._1314_/A1 (sky130_fd_sc_hd__mux2_1)
                  0.04    0.16    1.90 ^ u_pc_next_logic._1314_/X (sky130_fd_sc_hd__mux2_1)
     1    0.00                           u_pc_next_logic._0550_ (net)
                  0.04    0.00    1.90 ^ u_pc_next_logic._1315_/A (sky130_fd_sc_hd__clkbuf_1)
                  0.04    0.08    1.98 ^ u_pc_next_logic._1315_/X (sky130_fd_sc_hd__clkbuf_1)
     1    0.00                           u_pc_next_logic.pc_next[19] (net)
                  0.04    0.00    1.98 ^ u_pc_reg._107_/B (sky130_fd_sc_hd__and2_1)
                  0.05    0.12    2.10 ^ u_pc_reg._107_/X (sky130_fd_sc_hd__and2_1)
     1    0.00                           u_pc_reg._035_ (net)
                  0.05    0.00    2.10 ^ u_pc_reg._108_/A (sky130_fd_sc_hd__clkbuf_1)
                  0.05    0.09    2.19 ^ u_pc_reg._108_/X (sky130_fd_sc_hd__clkbuf_1)
     1    0.00                           u_pc_reg._019_ (net)
                  0.05    0.00    2.19 ^ u_pc_reg._153_/D (sky130_fd_sc_hd__dfxtp_4)
                                  2.19   data arrival time

                          0.00    0.00   clock clk (rise edge)
                          0.00    0.00   clock source latency
                  0.00    0.00    0.00 ^ clk (in)
     3    0.19                           clk (net)
                  0.05    0.02    0.02 ^ clkbuf_0_clk/A (sky130_fd_sc_hd__clkbuf_16)
                  0.12    0.18    0.21 ^ clkbuf_0_clk/X (sky130_fd_sc_hd__clkbuf_16)
     6    0.10                           clknet_0_clk (net)
                  0.12    0.01    0.22 ^ clkbuf_2_2_0_clk/A (sky130_fd_sc_hd__clkbuf_8)
                  0.22    0.27    0.48 ^ clkbuf_2_2_0_clk/X (sky130_fd_sc_hd__clkbuf_8)
    13    0.12                           clknet_2_2_0_clk (net)
                  0.22    0.02    0.50 ^ u_pc_reg._153_/CLK (sky130_fd_sc_hd__dfxtp_4)
                          0.20    0.70   clock uncertainty
                          0.00    0.70   clock reconvergence pessimism
                         -0.01    0.69   library hold time
                                  0.69   data required time
-----------------------------------------------------------------------------
                                  0.69   data required time
                                 -2.19   data arrival time
-----------------------------------------------------------------------------
                                  1.49   slack (MET)


Startpoint: u_pc_reg._156_ (rising edge-triggered flip-flop clocked by clk)
Endpoint: u_pc_reg._157_ (rising edge-triggered flip-flop clocked by clk)
Path Group: clk
Path Type: min
Corner: Typical

Fanout     Cap    Slew   Delay    Time   Description
-----------------------------------------------------------------------------
                          0.00    0.00   clock clk (rise edge)
                          0.00    0.00   clock source latency
                  0.00    0.00    0.00 ^ clk (in)
     3    0.19                           clk (net)
                  0.05    0.02    0.02 ^ clkbuf_0_clk/A (sky130_fd_sc_hd__clkbuf_16)
                  0.12    0.18    0.21 ^ clkbuf_0_clk/X (sky130_fd_sc_hd__clkbuf_16)
     6    0.10                           clknet_0_clk (net)
                  0.12    0.01    0.22 ^ clkbuf_2_2_0_clk/A (sky130_fd_sc_hd__clkbuf_8)
                  0.22    0.27    0.48 ^ clkbuf_2_2_0_clk/X (sky130_fd_sc_hd__clkbuf_8)
    13    0.12                           clknet_2_2_0_clk (net)
                  0.23    0.03    0.51 ^ u_pc_reg._156_/CLK (sky130_fd_sc_hd__dfxtp_4)
                  0.19    0.51    1.02 v u_pc_reg._156_/Q (sky130_fd_sc_hd__dfxtp_4)
    11    0.14                           u_imem.addr[22] (net)
                  0.19    0.01    1.03 v u_pc_next_logic._1377_/A (sky130_fd_sc_hd__nand2_1)
                  0.10    0.16    1.19 ^ u_pc_next_logic._1377_/Y (sky130_fd_sc_hd__nand2_1)
     3    0.01                           u_pc_next_logic._0610_ (net)
                  0.10    0.00    1.19 ^ u_pc_next_logic._1402_/B1 (sky130_fd_sc_hd__o21ai_1)
                  0.07    0.11    1.29 v u_pc_next_logic._1402_/Y (sky130_fd_sc_hd__o21ai_1)
     2    0.01                           u_pc_next_logic._0634_ (net)
                  0.07    0.00    1.30 v u_pc_next_logic._1404_/A2 (sky130_fd_sc_hd__o21ai_1)
                  0.16    0.21    1.51 ^ u_pc_next_logic._1404_/Y (sky130_fd_sc_hd__o21ai_1)
     1    0.01                           u_pc_next_logic._0636_ (net)
                  0.16    0.00    1.51 ^ u_pc_next_logic._1412_/A1 (sky130_fd_sc_hd__a22o_1)
                  0.19    0.27    1.78 ^ u_pc_next_logic._1412_/X (sky130_fd_sc_hd__a22o_1)
     1    0.02                           u_pc_next_logic._0644_ (net)
                  0.19    0.00    1.78 ^ u_pc_next_logic._1413_/A1 (sky130_fd_sc_hd__mux2_1)
                  0.05    0.17    1.94 ^ u_pc_next_logic._1413_/X (sky130_fd_sc_hd__mux2_1)
     1    0.00                           u_pc_next_logic._0645_ (net)
                  0.05    0.00    1.94 ^ u_pc_next_logic._1414_/A (sky130_fd_sc_hd__clkbuf_1)
                  0.05    0.08    2.03 ^ u_pc_next_logic._1414_/X (sky130_fd_sc_hd__clkbuf_1)
     1    0.00                           u_pc_next_logic.pc_next[23] (net)
                  0.05    0.00    2.03 ^ u_pc_reg._116_/B (sky130_fd_sc_hd__and2_1)
                  0.05    0.12    2.15 ^ u_pc_reg._116_/X (sky130_fd_sc_hd__and2_1)
     1    0.00                           u_pc_reg._040_ (net)
                  0.05    0.00    2.15 ^ u_pc_reg._117_/A (sky130_fd_sc_hd__clkbuf_1)
                  0.04    0.08    2.24 ^ u_pc_reg._117_/X (sky130_fd_sc_hd__clkbuf_1)
     1    0.00                           u_pc_reg._023_ (net)
                  0.04    0.00    2.24 ^ u_pc_reg._157_/D (sky130_fd_sc_hd__dfxtp_4)
                                  2.24   data arrival time

                          0.00    0.00   clock clk (rise edge)
                          0.00    0.00   clock source latency
                  0.00    0.00    0.00 ^ clk (in)
     3    0.19                           clk (net)
                  0.05    0.02    0.02 ^ clkbuf_0_clk/A (sky130_fd_sc_hd__clkbuf_16)
                  0.12    0.18    0.21 ^ clkbuf_0_clk/X (sky130_fd_sc_hd__clkbuf_16)
     6    0.10                           clknet_0_clk (net)
                  0.12    0.01    0.22 ^ clkbuf_2_2_0_clk/A (sky130_fd_sc_hd__clkbuf_8)
                  0.22    0.27    0.48 ^ clkbuf_2_2_0_clk/X (sky130_fd_sc_hd__clkbuf_8)
    13    0.12                           clknet_2_2_0_clk (net)
                  0.22    0.02    0.50 ^ u_pc_reg._157_/CLK (sky130_fd_sc_hd__dfxtp_4)
                          0.20    0.70   clock uncertainty
                          0.00    0.70   clock reconvergence pessimism
                         -0.01    0.70   library hold time
                                  0.70   data required time
-----------------------------------------------------------------------------
                                  0.70   data required time
                                 -2.24   data arrival time
-----------------------------------------------------------------------------
                                  1.54   slack (MET)


Startpoint: u_pc_reg._139_ (rising edge-triggered flip-flop clocked by clk)
Endpoint: u_pc_reg._140_ (rising edge-triggered flip-flop clocked by clk)
Path Group: clk
Path Type: min
Corner: Typical

Fanout     Cap    Slew   Delay    Time   Description
-----------------------------------------------------------------------------
                          0.00    0.00   clock clk (rise edge)
                          0.00    0.00   clock source latency
                  0.00    0.00    0.00 ^ clk (in)
     3    0.19                           clk (net)
                  0.05    0.02    0.02 ^ clkbuf_0_clk/A (sky130_fd_sc_hd__clkbuf_16)
                  0.12    0.18    0.21 ^ clkbuf_0_clk/X (sky130_fd_sc_hd__clkbuf_16)
     6    0.10                           clknet_0_clk (net)
                  0.12    0.01    0.22 ^ clkbuf_2_1_0_clk/A (sky130_fd_sc_hd__clkbuf_8)
                  0.36    0.35    0.57 ^ clkbuf_2_1_0_clk/X (sky130_fd_sc_hd__clkbuf_8)
     4    0.21                           clknet_2_1_0_clk (net)
                  0.36    0.03    0.60 ^ u_pc_reg._139_/CLK (sky130_fd_sc_hd__dfxtp_1)
                  0.05    0.40    1.00 v u_pc_reg._139_/Q (sky130_fd_sc_hd__dfxtp_1)
     1    0.01                           u_imem.addr[5] (net)
                  0.05    0.00    1.00 v wire131/A (sky130_fd_sc_hd__clkbuf_8)
                  0.12    0.20    1.20 v wire131/X (sky130_fd_sc_hd__clkbuf_8)
    13    0.11                           net131 (net)
                  0.13    0.03    1.22 v u_pc_next_logic._0981_/A (sky130_fd_sc_hd__nand2_1)
                  0.08    0.12    1.35 ^ u_pc_next_logic._0981_/Y (sky130_fd_sc_hd__nand2_1)
     2    0.01                           u_pc_next_logic._0230_ (net)
                  0.08    0.00    1.35 ^ u_pc_next_logic._0982_/A1 (sky130_fd_sc_hd__a21oi_1)
                  0.09    0.10    1.45 v u_pc_next_logic._0982_/Y (sky130_fd_sc_hd__a21oi_1)
     2    0.01                           u_pc_next_logic._0231_ (net)
                  0.09    0.00    1.45 v u_pc_next_logic._0983_/B (sky130_fd_sc_hd__xnor2_1)
                  0.06    0.15    1.61 ^ u_pc_next_logic._0983_/Y (sky130_fd_sc_hd__xnor2_1)
     1    0.00                           u_pc_next_logic._0232_ (net)
                  0.06    0.00    1.61 ^ u_pc_next_logic._0989_/A2 (sky130_fd_sc_hd__o21a_2)
                  0.24    0.26    1.87 ^ u_pc_next_logic._0989_/X (sky130_fd_sc_hd__o21a_2)
     1    0.05                           u_pc_next_logic._0238_ (net)
                  0.24    0.01    1.87 ^ u_pc_next_logic._0996_/A0 (sky130_fd_sc_hd__mux2_1)
                  0.05    0.18    2.06 ^ u_pc_next_logic._0996_/X (sky130_fd_sc_hd__mux2_1)
     1    0.00                           u_pc_next_logic._0245_ (net)
                  0.05    0.00    2.06 ^ u_pc_next_logic._0997_/A (sky130_fd_sc_hd__clkbuf_1)
                  0.05    0.09    2.14 ^ u_pc_next_logic._0997_/X (sky130_fd_sc_hd__clkbuf_1)
     1    0.00                           u_pc_next_logic.pc_next[6] (net)
                  0.05    0.00    2.14 ^ u_pc_reg._080_/B (sky130_fd_sc_hd__and2_1)
                  0.06    0.12    2.27 ^ u_pc_reg._080_/X (sky130_fd_sc_hd__and2_1)
     1    0.00                           u_pc_reg._056_ (net)
                  0.06    0.00    2.27 ^ u_pc_reg._081_/A (sky130_fd_sc_hd__clkbuf_1)
                  0.04    0.08    2.35 ^ u_pc_reg._081_/X (sky130_fd_sc_hd__clkbuf_1)
     1    0.00                           u_pc_reg._006_ (net)
                  0.04    0.00    2.35 ^ u_pc_reg._140_/D (sky130_fd_sc_hd__dfxtp_1)
                                  2.35   data arrival time

                          0.00    0.00   clock clk (rise edge)
                          0.00    0.00   clock source latency
                  0.00    0.00    0.00 ^ clk (in)
     3    0.19                           clk (net)
                  0.05    0.02    0.02 ^ clkbuf_0_clk/A (sky130_fd_sc_hd__clkbuf_16)
                  0.12    0.18    0.21 ^ clkbuf_0_clk/X (sky130_fd_sc_hd__clkbuf_16)
     6    0.10                           clknet_0_clk (net)
                  0.12    0.01    0.22 ^ clkbuf_2_1_0_clk/A (sky130_fd_sc_hd__clkbuf_8)
                  0.36    0.35    0.57 ^ clkbuf_2_1_0_clk/X (sky130_fd_sc_hd__clkbuf_8)
     4    0.21                           clknet_2_1_0_clk (net)
                  0.36    0.02    0.59 ^ u_pc_reg._140_/CLK (sky130_fd_sc_hd__dfxtp_1)
                          0.20    0.79   clock uncertainty
                          0.00    0.79   clock reconvergence pessimism
                          0.01    0.80   library hold time
                                  0.80   data required time
-----------------------------------------------------------------------------
                                  0.80   data required time
                                 -2.35   data arrival time
-----------------------------------------------------------------------------
                                  1.55   slack (MET)


Startpoint: u_pc_reg._140_ (rising edge-triggered flip-flop clocked by clk)
Endpoint: u_pc_reg._141_ (rising edge-triggered flip-flop clocked by clk)
Path Group: clk
Path Type: min
Corner: Typical

Fanout     Cap    Slew   Delay    Time   Description
-----------------------------------------------------------------------------
                          0.00    0.00   clock clk (rise edge)
                          0.00    0.00   clock source latency
                  0.00    0.00    0.00 ^ clk (in)
     3    0.19                           clk (net)
                  0.05    0.02    0.02 ^ clkbuf_0_clk/A (sky130_fd_sc_hd__clkbuf_16)
                  0.12    0.18    0.21 ^ clkbuf_0_clk/X (sky130_fd_sc_hd__clkbuf_16)
     6    0.10                           clknet_0_clk (net)
                  0.12    0.01    0.22 ^ clkbuf_2_1_0_clk/A (sky130_fd_sc_hd__clkbuf_8)
                  0.36    0.35    0.57 ^ clkbuf_2_1_0_clk/X (sky130_fd_sc_hd__clkbuf_8)
     4    0.21                           clknet_2_1_0_clk (net)
                  0.36    0.02    0.59 ^ u_pc_reg._140_/CLK (sky130_fd_sc_hd__dfxtp_1)
                  0.07    0.42    1.01 v u_pc_reg._140_/Q (sky130_fd_sc_hd__dfxtp_1)
     1    0.01                           u_imem.addr[6] (net)
                  0.07    0.00    1.01 v wire128/A (sky130_fd_sc_hd__buf_8)
                  0.10    0.18    1.19 v wire128/X (sky130_fd_sc_hd__buf_8)
    12    0.13                           net128 (net)
                  0.12    0.03    1.22 v u_pc_next_logic._0978_/A (sky130_fd_sc_hd__nand2_2)
                  0.11    0.14    1.37 ^ u_pc_next_logic._0978_/Y (sky130_fd_sc_hd__nand2_2)
     5    0.02                           u_pc_next_logic._0227_ (net)
                  0.11    0.00    1.37 ^ u_pc_next_logic._1009_/A1 (sky130_fd_sc_hd__a21oi_1)
                  0.05    0.08    1.45 v u_pc_next_logic._1009_/Y (sky130_fd_sc_hd__a21oi_1)
     1    0.00                           u_pc_next_logic._0257_ (net)
                  0.05    0.00    1.45 v u_pc_next_logic._1017_/A2_N (sky130_fd_sc_hd__a2bb2o_2)
                  0.29    0.40    1.85 ^ u_pc_next_logic._1017_/X (sky130_fd_sc_hd__a2bb2o_2)
     1    0.06                           u_pc_next_logic._0265_ (net)
                  0.29    0.01    1.86 ^ u_pc_next_logic._1018_/A1 (sky130_fd_sc_hd__mux2_1)
                  0.05    0.20    2.06 ^ u_pc_next_logic._1018_/X (sky130_fd_sc_hd__mux2_1)
     1    0.00                           u_pc_next_logic._0266_ (net)
                  0.05    0.00    2.06 ^ u_pc_next_logic._1019_/A (sky130_fd_sc_hd__clkbuf_1)
                  0.05    0.09    2.15 ^ u_pc_next_logic._1019_/X (sky130_fd_sc_hd__clkbuf_1)
     1    0.00                           u_pc_next_logic.pc_next[7] (net)
                  0.05    0.00    2.15 ^ u_pc_reg._082_/B (sky130_fd_sc_hd__and2_1)
                  0.06    0.13    2.28 ^ u_pc_reg._082_/X (sky130_fd_sc_hd__and2_1)
     1    0.00                           u_pc_reg._057_ (net)
                  0.06    0.00    2.28 ^ u_pc_reg._083_/A (sky130_fd_sc_hd__clkbuf_1)
                  0.05    0.09    2.37 ^ u_pc_reg._083_/X (sky130_fd_sc_hd__clkbuf_1)
     1    0.00                           u_pc_reg._007_ (net)
                  0.05    0.00    2.37 ^ u_pc_reg._141_/D (sky130_fd_sc_hd__dfxtp_4)
                                  2.37   data arrival time

                          0.00    0.00   clock clk (rise edge)
                          0.00    0.00   clock source latency
                  0.00    0.00    0.00 ^ clk (in)
     3    0.19                           clk (net)
                  0.05    0.02    0.02 ^ clkbuf_0_clk/A (sky130_fd_sc_hd__clkbuf_16)
                  0.12    0.18    0.21 ^ clkbuf_0_clk/X (sky130_fd_sc_hd__clkbuf_16)
     6    0.10                           clknet_0_clk (net)
                  0.12    0.01    0.22 ^ clkbuf_2_1_0_clk/A (sky130_fd_sc_hd__clkbuf_8)
                  0.36    0.35    0.57 ^ clkbuf_2_1_0_clk/X (sky130_fd_sc_hd__clkbuf_8)
     4    0.21                           clknet_2_1_0_clk (net)
                  0.36    0.01    0.58 ^ u_pc_reg._141_/CLK (sky130_fd_sc_hd__dfxtp_4)
                          0.20    0.78   clock uncertainty
                          0.00    0.78   clock reconvergence pessimism
                          0.01    0.79   library hold time
                                  0.79   data required time
-----------------------------------------------------------------------------
                                  0.79   data required time
                                 -2.37   data arrival time
-----------------------------------------------------------------------------
                                  1.58   slack (MET)


Startpoint: u_pc_reg._142_ (rising edge-triggered flip-flop clocked by clk)
Endpoint: u_pc_reg._142_ (rising edge-triggered flip-flop clocked by clk)
Path Group: clk
Path Type: min
Corner: Typical

Fanout     Cap    Slew   Delay    Time   Description
-----------------------------------------------------------------------------
                          0.00    0.00   clock clk (rise edge)
                          0.00    0.00   clock source latency
                  0.00    0.00    0.00 ^ clk (in)
     3    0.19                           clk (net)
                  0.05    0.02    0.02 ^ clkbuf_0_clk/A (sky130_fd_sc_hd__clkbuf_16)
                  0.12    0.18    0.21 ^ clkbuf_0_clk/X (sky130_fd_sc_hd__clkbuf_16)
     6    0.10                           clknet_0_clk (net)
                  0.12    0.01    0.22 ^ clkbuf_2_0_0_clk/A (sky130_fd_sc_hd__clkbuf_8)
                  0.37    0.31    0.53 ^ clkbuf_2_0_0_clk/X (sky130_fd_sc_hd__clkbuf_8)
     8    0.22                           clknet_2_0_0_clk (net)
                  0.39    0.05    0.58 ^ u_pc_reg._142_/CLK (sky130_fd_sc_hd__dfxtp_1)
                  0.03    0.38    0.96 v u_pc_reg._142_/Q (sky130_fd_sc_hd__dfxtp_1)
     1    0.00                           u_imem.addr[8] (net)
                  0.03    0.00    0.96 v wire122/A (sky130_fd_sc_hd__buf_4)
                  0.13    0.22    1.18 v wire122/X (sky130_fd_sc_hd__buf_4)
    11    0.10                           net122 (net)
                  0.14    0.01    1.19 v u_pc_next_logic._1025_/A (sky130_fd_sc_hd__nand2_1)
                  0.10    0.14    1.33 ^ u_pc_next_logic._1025_/Y (sky130_fd_sc_hd__nand2_1)
     3    0.01                           u_pc_next_logic._0272_ (net)
                  0.10    0.00    1.33 ^ u_pc_next_logic._1027_/A (sky130_fd_sc_hd__nand2_1)
                  0.10    0.11    1.44 v u_pc_next_logic._1027_/Y (sky130_fd_sc_hd__nand2_1)
     3    0.01                           u_pc_next_logic._0274_ (net)
                  0.10    0.00    1.44 v u_pc_next_logic._1028_/B (sky130_fd_sc_hd__xnor2_1)
                  0.10    0.22    1.66 ^ u_pc_next_logic._1028_/Y (sky130_fd_sc_hd__xnor2_1)
     1    0.01                           u_pc_next_logic._0275_ (net)
                  0.10    0.00    1.66 ^ u_pc_next_logic._1042_/A2 (sky130_fd_sc_hd__a21boi_2)
                  0.09    0.12    1.78 v u_pc_next_logic._1042_/Y (sky130_fd_sc_hd__a21boi_2)
     1    0.03                           u_pc_next_logic._0289_ (net)
                  0.09    0.00    1.79 v u_pc_next_logic._1053_/A0 (sky130_fd_sc_hd__mux2_1)
                  0.06    0.29    2.08 v u_pc_next_logic._1053_/X (sky130_fd_sc_hd__mux2_1)
     1    0.00                           u_pc_next_logic._0300_ (net)
                  0.06    0.00    2.08 v u_pc_next_logic._1054_/A (sky130_fd_sc_hd__clkbuf_1)
                  0.02    0.09    2.17 v u_pc_next_logic._1054_/X (sky130_fd_sc_hd__clkbuf_1)
     1    0.00                           u_pc_next_logic.pc_next[8] (net)
                  0.02    0.00    2.17 v u_pc_reg._084_/B (sky130_fd_sc_hd__and2_1)
                  0.04    0.14    2.31 v u_pc_reg._084_/X (sky130_fd_sc_hd__and2_1)
     1    0.00                           u_pc_reg._058_ (net)
                  0.04    0.00    2.31 v u_pc_reg._085_/A (sky130_fd_sc_hd__clkbuf_1)
                  0.02    0.08    2.39 v u_pc_reg._085_/X (sky130_fd_sc_hd__clkbuf_1)
     1    0.00                           u_pc_reg._008_ (net)
                  0.02    0.00    2.39 v u_pc_reg._142_/D (sky130_fd_sc_hd__dfxtp_1)
                                  2.39   data arrival time

                          0.00    0.00   clock clk (rise edge)
                          0.00    0.00   clock source latency
                  0.00    0.00    0.00 ^ clk (in)
     3    0.19                           clk (net)
                  0.05    0.02    0.02 ^ clkbuf_0_clk/A (sky130_fd_sc_hd__clkbuf_16)
                  0.12    0.18    0.21 ^ clkbuf_0_clk/X (sky130_fd_sc_hd__clkbuf_16)
     6    0.10                           clknet_0_clk (net)
                  0.12    0.01    0.22 ^ clkbuf_2_0_0_clk/A (sky130_fd_sc_hd__clkbuf_8)
                  0.37    0.31    0.53 ^ clkbuf_2_0_0_clk/X (sky130_fd_sc_hd__clkbuf_8)
     8    0.22                           clknet_2_0_0_clk (net)
                  0.39    0.05    0.58 ^ u_pc_reg._142_/CLK (sky130_fd_sc_hd__dfxtp_1)
                          0.20    0.78   clock uncertainty
                          0.00    0.78   clock reconvergence pessimism
                          0.03    0.81   library hold time
                                  0.81   data required time
-----------------------------------------------------------------------------
                                  0.81   data required time
                                 -2.39   data arrival time
-----------------------------------------------------------------------------
                                  1.58   slack (MET)


Startpoint: u_pc_reg._138_ (rising edge-triggered flip-flop clocked by clk)
Endpoint: u_pc_reg._139_ (rising edge-triggered flip-flop clocked by clk)
Path Group: clk
Path Type: min
Corner: Typical

Fanout     Cap    Slew   Delay    Time   Description
-----------------------------------------------------------------------------
                          0.00    0.00   clock clk (rise edge)
                          0.00    0.00   clock source latency
                  0.00    0.00    0.00 ^ clk (in)
     3    0.19                           clk (net)
                  0.05    0.02    0.02 ^ clkbuf_0_clk/A (sky130_fd_sc_hd__clkbuf_16)
                  0.12    0.18    0.21 ^ clkbuf_0_clk/X (sky130_fd_sc_hd__clkbuf_16)
     6    0.10                           clknet_0_clk (net)
                  0.12    0.01    0.22 ^ clkbuf_2_0_0_clk/A (sky130_fd_sc_hd__clkbuf_8)
                  0.37    0.31    0.53 ^ clkbuf_2_0_0_clk/X (sky130_fd_sc_hd__clkbuf_8)
     8    0.22                           clknet_2_0_0_clk (net)
                  0.39    0.06    0.59 ^ u_pc_reg._138_/CLK (sky130_fd_sc_hd__dfxtp_4)
                  0.14    0.53    1.12 v u_pc_reg._138_/Q (sky130_fd_sc_hd__dfxtp_4)
    12    0.10                           u_imem.addr[4] (net)
                  0.14    0.01    1.12 v u_pc_next_logic._0940_/A (sky130_fd_sc_hd__nand2_1)
                  0.13    0.16    1.28 ^ u_pc_next_logic._0940_/Y (sky130_fd_sc_hd__nand2_1)
     3    0.01                           u_pc_next_logic._0191_ (net)
                  0.13    0.00    1.28 ^ u_pc_next_logic._0965_/B1 (sky130_fd_sc_hd__o21a_1)
                  0.14    0.21    1.49 ^ u_pc_next_logic._0965_/X (sky130_fd_sc_hd__o21a_1)
     3    0.01                           u_pc_next_logic._0215_ (net)
                  0.14    0.00    1.49 ^ u_pc_next_logic._0966_/B (sky130_fd_sc_hd__nand2_1)
                  0.05    0.08    1.57 v u_pc_next_logic._0966_/Y (sky130_fd_sc_hd__nand2_1)
     1    0.00                           u_pc_next_logic._0216_ (net)
                  0.05    0.00    1.57 v u_pc_next_logic._0975_/A1_N (sky130_fd_sc_hd__o2bb2a_2)
                  0.24    0.39    1.96 ^ u_pc_next_logic._0975_/X (sky130_fd_sc_hd__o2bb2a_2)
     1    0.04                           u_pc_next_logic._0225_ (net)
                  0.24    0.01    1.97 ^ u_pc_next_logic._0976_/A1 (sky130_fd_sc_hd__mux2_1)
                  0.05    0.18    2.15 ^ u_pc_next_logic._0976_/X (sky130_fd_sc_hd__mux2_1)
     1    0.00                           u_pc_next_logic._0226_ (net)
                  0.05    0.00    2.15 ^ u_pc_next_logic._0977_/A (sky130_fd_sc_hd__clkbuf_1)
                  0.04    0.08    2.23 ^ u_pc_next_logic._0977_/X (sky130_fd_sc_hd__clkbuf_1)
     1    0.00                           u_pc_next_logic.pc_next[5] (net)
                  0.04    0.00    2.23 ^ u_pc_reg._078_/B (sky130_fd_sc_hd__and2_1)
                  0.05    0.12    2.35 ^ u_pc_reg._078_/X (sky130_fd_sc_hd__and2_1)
     1    0.00                           u_pc_reg._055_ (net)
                  0.05    0.00    2.35 ^ u_pc_reg._079_/A (sky130_fd_sc_hd__clkbuf_1)
                  0.04    0.08    2.43 ^ u_pc_reg._079_/X (sky130_fd_sc_hd__clkbuf_1)
     1    0.00                           u_pc_reg._005_ (net)
                  0.04    0.00    2.43 ^ u_pc_reg._139_/D (sky130_fd_sc_hd__dfxtp_1)
                                  2.43   data arrival time

                          0.00    0.00   clock clk (rise edge)
                          0.00    0.00   clock source latency
                  0.00    0.00    0.00 ^ clk (in)
     3    0.19                           clk (net)
                  0.05    0.02    0.02 ^ clkbuf_0_clk/A (sky130_fd_sc_hd__clkbuf_16)
                  0.12    0.18    0.21 ^ clkbuf_0_clk/X (sky130_fd_sc_hd__clkbuf_16)
     6    0.10                           clknet_0_clk (net)
                  0.12    0.01    0.22 ^ clkbuf_2_1_0_clk/A (sky130_fd_sc_hd__clkbuf_8)
                  0.36    0.35    0.57 ^ clkbuf_2_1_0_clk/X (sky130_fd_sc_hd__clkbuf_8)
     4    0.21                           clknet_2_1_0_clk (net)
                  0.36    0.03    0.60 ^ u_pc_reg._139_/CLK (sky130_fd_sc_hd__dfxtp_1)
                          0.20    0.80   clock uncertainty
                          0.00    0.80   clock reconvergence pessimism
                          0.01    0.81   library hold time
                                  0.81   data required time
-----------------------------------------------------------------------------
                                  0.81   data required time
                                 -2.43   data arrival time
-----------------------------------------------------------------------------
                                  1.63   slack (MET)


Startpoint: u_pc_reg._158_ (rising edge-triggered flip-flop clocked by clk)
Endpoint: u_pc_reg._160_ (rising edge-triggered flip-flop clocked by clk)
Path Group: clk
Path Type: min
Corner: Typical

Fanout     Cap    Slew   Delay    Time   Description
-----------------------------------------------------------------------------
                          0.00    0.00   clock clk (rise edge)
                          0.00    0.00   clock source latency
                  0.00    0.00    0.00 ^ clk (in)
     3    0.19                           clk (net)
                  0.05    0.02    0.02 ^ clkbuf_0_clk/A (sky130_fd_sc_hd__clkbuf_16)
                  0.12    0.18    0.21 ^ clkbuf_0_clk/X (sky130_fd_sc_hd__clkbuf_16)
     6    0.10                           clknet_0_clk (net)
                  0.12    0.01    0.22 ^ clkbuf_2_2_0_clk/A (sky130_fd_sc_hd__clkbuf_8)
                  0.22    0.27    0.48 ^ clkbuf_2_2_0_clk/X (sky130_fd_sc_hd__clkbuf_8)
    13    0.12                           clknet_2_2_0_clk (net)
                  0.22    0.02    0.50 ^ u_pc_reg._158_/CLK (sky130_fd_sc_hd__dfxtp_4)
                  0.23    0.55    1.05 v u_pc_reg._158_/Q (sky130_fd_sc_hd__dfxtp_4)
    12    0.19                           u_imem.addr[24] (net)
                  0.23    0.01    1.06 v u_pc_next_logic._1420_/A (sky130_fd_sc_hd__nand2_1)
                  0.17    0.23    1.29 ^ u_pc_next_logic._1420_/Y (sky130_fd_sc_hd__nand2_1)
     4    0.02                           u_pc_next_logic._0651_ (net)
                  0.17    0.00    1.29 ^ u_pc_next_logic._1486_/A1 (sky130_fd_sc_hd__a31o_1)
                  0.13    0.23    1.52 ^ u_pc_next_logic._1486_/X (sky130_fd_sc_hd__a31o_1)
     2    0.01                           u_pc_next_logic._0715_ (net)
                  0.13    0.00    1.52 ^ u_pc_next_logic._1487_/B (sky130_fd_sc_hd__xor2_1)
                  0.15    0.19    1.71 ^ u_pc_next_logic._1487_/X (sky130_fd_sc_hd__xor2_1)
     1    0.01                           u_pc_next_logic._0716_ (net)
                  0.15    0.00    1.71 ^ u_pc_next_logic._1488_/A1 (sky130_fd_sc_hd__mux2_2)
                  0.23    0.32    2.03 ^ u_pc_next_logic._1488_/X (sky130_fd_sc_hd__mux2_2)
     1    0.04                           u_pc_next_logic._0717_ (net)
                  0.23    0.01    2.04 ^ u_pc_next_logic._1494_/A0 (sky130_fd_sc_hd__mux2_1)
                  0.04    0.16    2.21 ^ u_pc_next_logic._1494_/X (sky130_fd_sc_hd__mux2_1)
     1    0.00                           u_pc_next_logic._0723_ (net)
                  0.04    0.00    2.21 ^ u_pc_next_logic._1495_/A (sky130_fd_sc_hd__clkbuf_1)
                  0.04    0.08    2.28 ^ u_pc_next_logic._1495_/X (sky130_fd_sc_hd__clkbuf_1)
     1    0.00                           u_pc_next_logic.pc_next[26] (net)
                  0.04    0.00    2.28 ^ u_pc_reg._122_/B (sky130_fd_sc_hd__and2_1)
                  0.05    0.12    2.40 ^ u_pc_reg._122_/X (sky130_fd_sc_hd__and2_1)
     1    0.00                           u_pc_reg._043_ (net)
                  0.05    0.00    2.40 ^ u_pc_reg._123_/A (sky130_fd_sc_hd__clkbuf_1)
                  0.04    0.08    2.48 ^ u_pc_reg._123_/X (sky130_fd_sc_hd__clkbuf_1)
     1    0.00                           u_pc_reg._026_ (net)
                  0.04    0.00    2.48 ^ u_pc_reg._160_/D (sky130_fd_sc_hd__dfxtp_4)
                                  2.48   data arrival time

                          0.00    0.00   clock clk (rise edge)
                          0.00    0.00   clock source latency
                  0.00    0.00    0.00 ^ clk (in)
     3    0.19                           clk (net)
                  0.05    0.02    0.02 ^ clkbuf_0_clk/A (sky130_fd_sc_hd__clkbuf_16)
                  0.12    0.18    0.21 ^ clkbuf_0_clk/X (sky130_fd_sc_hd__clkbuf_16)
     6    0.10                           clknet_0_clk (net)
                  0.12    0.01    0.22 ^ clkbuf_2_3_0_clk/A (sky130_fd_sc_hd__clkbuf_8)
                  0.42    0.32    0.54 ^ clkbuf_2_3_0_clk/X (sky130_fd_sc_hd__clkbuf_8)
     7    0.26                           clknet_2_3_0_clk (net)
                  0.45    0.09    0.62 ^ u_pc_reg._160_/CLK (sky130_fd_sc_hd__dfxtp_4)
                          0.20    0.82   clock uncertainty
                          0.00    0.82   clock reconvergence pessimism
                          0.02    0.85   library hold time
                                  0.85   data required time
-----------------------------------------------------------------------------
                                  0.85   data required time
                                 -2.48   data arrival time
-----------------------------------------------------------------------------
                                  1.63   slack (MET)


Startpoint: u_pc_reg._154_ (rising edge-triggered flip-flop clocked by clk)
Endpoint: u_pc_reg._154_ (rising edge-triggered flip-flop clocked by clk)
Path Group: clk
Path Type: min
Corner: Typical

Fanout     Cap    Slew   Delay    Time   Description
-----------------------------------------------------------------------------
                          0.00    0.00   clock clk (rise edge)
                          0.00    0.00   clock source latency
                  0.00    0.00    0.00 ^ clk (in)
     3    0.19                           clk (net)
                  0.05    0.02    0.02 ^ clkbuf_0_clk/A (sky130_fd_sc_hd__clkbuf_16)
                  0.12    0.18    0.21 ^ clkbuf_0_clk/X (sky130_fd_sc_hd__clkbuf_16)
     6    0.10                           clknet_0_clk (net)
                  0.12    0.01    0.22 ^ clkbuf_2_2_0_clk/A (sky130_fd_sc_hd__clkbuf_8)
                  0.22    0.27    0.48 ^ clkbuf_2_2_0_clk/X (sky130_fd_sc_hd__clkbuf_8)
    13    0.12                           clknet_2_2_0_clk (net)
                  0.22    0.02    0.50 ^ u_pc_reg._154_/CLK (sky130_fd_sc_hd__dfxtp_4)
                  0.21    0.52    1.02 v u_pc_reg._154_/Q (sky130_fd_sc_hd__dfxtp_4)
    13    0.16                           u_imem.addr[20] (net)
                  0.22    0.04    1.07 v u_pc_next_logic._1328_/A (sky130_fd_sc_hd__nor2_1)
                  0.08    0.16    1.23 ^ u_pc_next_logic._1328_/Y (sky130_fd_sc_hd__nor2_1)
     1    0.00                           u_pc_next_logic._0563_ (net)
                  0.08    0.00    1.23 ^ u_pc_next_logic._1329_/B (sky130_fd_sc_hd__nor2_1)
                  0.07    0.08    1.31 v u_pc_next_logic._1329_/Y (sky130_fd_sc_hd__nor2_1)
     3    0.01                           u_pc_next_logic._0564_ (net)
                  0.07    0.00    1.31 v u_pc_next_logic._1336_/A (sky130_fd_sc_hd__xor2_1)
                  0.23    0.25    1.56 ^ u_pc_next_logic._1336_/X (sky130_fd_sc_hd__xor2_1)
     1    0.01                           u_pc_next_logic._0571_ (net)
                  0.23    0.00    1.56 ^ u_pc_next_logic._1337_/A1 (sky130_fd_sc_hd__mux2_1)
                  0.26    0.33    1.89 ^ u_pc_next_logic._1337_/X (sky130_fd_sc_hd__mux2_1)
     1    0.03                           u_pc_next_logic._0572_ (net)
                  0.26    0.00    1.90 ^ u_pc_next_logic._1349_/A0 (sky130_fd_sc_hd__mux2_1)
                  0.06    0.19    2.08 ^ u_pc_next_logic._1349_/X (sky130_fd_sc_hd__mux2_1)
     1    0.00                           u_pc_next_logic._0584_ (net)
                  0.06    0.00    2.09 ^ u_pc_next_logic._1350_/A (sky130_fd_sc_hd__clkbuf_1)
                  0.06    0.09    2.18 ^ u_pc_next_logic._1350_/X (sky130_fd_sc_hd__clkbuf_1)
     1    0.00                           u_pc_next_logic.pc_next[20] (net)
                  0.06    0.00    2.18 ^ u_pc_reg._109_/B (sky130_fd_sc_hd__and2_1)
                  0.06    0.13    2.31 ^ u_pc_reg._109_/X (sky130_fd_sc_hd__and2_1)
     1    0.00                           u_pc_reg._036_ (net)
                  0.06    0.00    2.31 ^ u_pc_reg._110_/A (sky130_fd_sc_hd__clkbuf_1)
                  0.05    0.09    2.40 ^ u_pc_reg._110_/X (sky130_fd_sc_hd__clkbuf_1)
     1    0.00                           u_pc_reg._020_ (net)
                  0.05    0.00    2.40 ^ u_pc_reg._154_/D (sky130_fd_sc_hd__dfxtp_4)
                                  2.40   data arrival time

                          0.00    0.00   clock clk (rise edge)
                          0.00    0.00   clock source latency
                  0.00    0.00    0.00 ^ clk (in)
     3    0.19                           clk (net)
                  0.05    0.02    0.02 ^ clkbuf_0_clk/A (sky130_fd_sc_hd__clkbuf_16)
                  0.12    0.18    0.21 ^ clkbuf_0_clk/X (sky130_fd_sc_hd__clkbuf_16)
     6    0.10                           clknet_0_clk (net)
                  0.12    0.01    0.22 ^ clkbuf_2_2_0_clk/A (sky130_fd_sc_hd__clkbuf_8)
                  0.22    0.27    0.48 ^ clkbuf_2_2_0_clk/X (sky130_fd_sc_hd__clkbuf_8)
    13    0.12                           clknet_2_2_0_clk (net)
                  0.22    0.02    0.50 ^ u_pc_reg._154_/CLK (sky130_fd_sc_hd__dfxtp_4)
                          0.20    0.70   clock uncertainty
                          0.00    0.70   clock reconvergence pessimism
                         -0.01    0.69   library hold time
                                  0.69   data required time
-----------------------------------------------------------------------------
                                  0.69   data required time
                                 -2.40   data arrival time
-----------------------------------------------------------------------------
                                  1.70   slack (MET)



