
 /----------------------------------------------------------------------------\
 |                                                                            |
 |  yosys -- Yosys Open SYnthesis Suite                                       |
 |                                                                            |
 |  Copyright (C) 2012 - 2020  Claire Xenia Wolf <claire@yosyshq.com>         |
 |                                                                            |
 |  Permission to use, copy, modify, and/or distribute this software for any  |
 |  purpose with or without fee is hereby granted, provided that the above    |
 |  copyright notice and this permission notice appear in all copies.         |
 |                                                                            |
 |  THE SOFTWARE IS PROVIDED "AS IS" AND THE AUTHOR DISCLAIMS ALL WARRANTIES  |
 |  WITH REGARD TO THIS SOFTWARE INCLUDING ALL IMPLIED WARRANTIES OF          |
 |  MERCHANTABILITY AND FITNESS. IN NO EVENT SHALL THE AUTHOR BE LIABLE FOR   |
 |  ANY SPECIAL, DIRECT, INDIRECT, OR CONSEQUENTIAL DAMAGES OR ANY DAMAGES    |
 |  WHATSOEVER RESULTING FROM LOSS OF USE, DATA OR PROFITS, WHETHER IN AN     |
 |  ACTION OF CONTRACT, NEGLIGENCE OR OTHER TORTIOUS ACTION, ARISING OUT OF   |
 |  OR IN CONNECTION WITH THE USE OR PERFORMANCE OF THIS SOFTWARE.            |
 |                                                                            |
 \----------------------------------------------------------------------------/

 Yosys 0.30+48 (git sha1 14d50a176d5, gcc 8.3.1 -fPIC -Os)

[TCL: yosys -import] Command name collision: found pre-existing command `cd' -> skip.
[TCL: yosys -import] Command name collision: found pre-existing command `eval' -> skip.
[TCL: yosys -import] Command name collision: found pre-existing command `exec' -> skip.
[TCL: yosys -import] Command name collision: found pre-existing command `read' -> skip.
[TCL: yosys -import] Command name collision: found pre-existing command `trace' -> skip.
Defining USE_SRAM_MACROS

1. Executing Liberty frontend: /home/prabhat/.ciel/sky130A/libs.ref/sky130_sram_macros/lib/sky130_sram_1kbyte_1rw1r_32x256_8_TT_1p8V_25C.lib
Imported 1 cell types from liberty file.

2. Executing Verilog-2005 frontend: /home/prabhat/Work_Ubuntu/RV32I_Single-Cycle_32-bit_RISC-V_Processor/openlane/riscv32_singlecycle_top/../../src/sky130_sram_1kbyte_1rw1r_32x256_8.bb.v
Parsing SystemVerilog input from `/home/prabhat/Work_Ubuntu/RV32I_Single-Cycle_32-bit_RISC-V_Processor/openlane/riscv32_singlecycle_top/../../src/sky130_sram_1kbyte_1rw1r_32x256_8.bb.v' to AST representation.
Replacing existing blackbox module `\sky130_sram_1kbyte_1rw1r_32x256_8' at /home/prabhat/Work_Ubuntu/RV32I_Single-Cycle_32-bit_RISC-V_Processor/openlane/riscv32_singlecycle_top/../../src/sky130_sram_1kbyte_1rw1r_32x256_8.bb.v:1.1-18.10.
Generating RTLIL representation for module `\sky130_sram_1kbyte_1rw1r_32x256_8'.
Successfully finished Verilog frontend.

3. Executing Verilog-2005 frontend: /home/prabhat/Work_Ubuntu/RV32I_Single-Cycle_32-bit_RISC-V_Processor/openlane/riscv32_singlecycle_top/../../src/riscv32_singlecycle_top.v
Parsing SystemVerilog input from `/home/prabhat/Work_Ubuntu/RV32I_Single-Cycle_32-bit_RISC-V_Processor/openlane/riscv32_singlecycle_top/../../src/riscv32_singlecycle_top.v' to AST representation.
Generating RTLIL representation for module `\riscv32_singlecycle_top'.
Successfully finished Verilog frontend.

4. Executing Verilog-2005 frontend: /home/prabhat/Work_Ubuntu/RV32I_Single-Cycle_32-bit_RISC-V_Processor/openlane/riscv32_singlecycle_top/../../src/pc_reg.v
Parsing SystemVerilog input from `/home/prabhat/Work_Ubuntu/RV32I_Single-Cycle_32-bit_RISC-V_Processor/openlane/riscv32_singlecycle_top/../../src/pc_reg.v' to AST representation.
Generating RTLIL representation for module `\pc_reg'.
Successfully finished Verilog frontend.

5. Executing Verilog-2005 frontend: /home/prabhat/Work_Ubuntu/RV32I_Single-Cycle_32-bit_RISC-V_Processor/openlane/riscv32_singlecycle_top/../../src/imem.v
Parsing SystemVerilog input from `/home/prabhat/Work_Ubuntu/RV32I_Single-Cycle_32-bit_RISC-V_Processor/openlane/riscv32_singlecycle_top/../../src/imem.v' to AST representation.
Generating RTLIL representation for module `\imem'.
Successfully finished Verilog frontend.

6. Executing Verilog-2005 frontend: /home/prabhat/Work_Ubuntu/RV32I_Single-Cycle_32-bit_RISC-V_Processor/openlane/riscv32_singlecycle_top/../../src/decoder_controller.v
Parsing SystemVerilog input from `/home/prabhat/Work_Ubuntu/RV32I_Single-Cycle_32-bit_RISC-V_Processor/openlane/riscv32_singlecycle_top/../../src/decoder_controller.v' to AST representation.
Generating RTLIL representation for module `\decoder_controller'.
Successfully finished Verilog frontend.

7. Executing Verilog-2005 frontend: /home/prabhat/Work_Ubuntu/RV32I_Single-Cycle_32-bit_RISC-V_Processor/openlane/riscv32_singlecycle_top/../../src/regfile.v
Parsing SystemVerilog input from `/home/prabhat/Work_Ubuntu/RV32I_Single-Cycle_32-bit_RISC-V_Processor/openlane/riscv32_singlecycle_top/../../src/regfile.v' to AST representation.
Generating RTLIL representation for module `\regfile'.
Successfully finished Verilog frontend.

8. Executing Verilog-2005 frontend: /home/prabhat/Work_Ubuntu/RV32I_Single-Cycle_32-bit_RISC-V_Processor/openlane/riscv32_singlecycle_top/../../src/imm_gen.v
Parsing SystemVerilog input from `/home/prabhat/Work_Ubuntu/RV32I_Single-Cycle_32-bit_RISC-V_Processor/openlane/riscv32_singlecycle_top/../../src/imm_gen.v' to AST representation.
Generating RTLIL representation for module `\imm_gen'.
Successfully finished Verilog frontend.

9. Executing Verilog-2005 frontend: /home/prabhat/Work_Ubuntu/RV32I_Single-Cycle_32-bit_RISC-V_Processor/openlane/riscv32_singlecycle_top/../../src/alu_control.v
Parsing SystemVerilog input from `/home/prabhat/Work_Ubuntu/RV32I_Single-Cycle_32-bit_RISC-V_Processor/openlane/riscv32_singlecycle_top/../../src/alu_control.v' to AST representation.
Generating RTLIL representation for module `\alu_control'.
Successfully finished Verilog frontend.

10. Executing Verilog-2005 frontend: /home/prabhat/Work_Ubuntu/RV32I_Single-Cycle_32-bit_RISC-V_Processor/openlane/riscv32_singlecycle_top/../../src/alu.v
Parsing SystemVerilog input from `/home/prabhat/Work_Ubuntu/RV32I_Single-Cycle_32-bit_RISC-V_Processor/openlane/riscv32_singlecycle_top/../../src/alu.v' to AST representation.
Generating RTLIL representation for module `\alu'.
Successfully finished Verilog frontend.

11. Executing Verilog-2005 frontend: /home/prabhat/Work_Ubuntu/RV32I_Single-Cycle_32-bit_RISC-V_Processor/openlane/riscv32_singlecycle_top/../../src/branch_unit.v
Parsing SystemVerilog input from `/home/prabhat/Work_Ubuntu/RV32I_Single-Cycle_32-bit_RISC-V_Processor/openlane/riscv32_singlecycle_top/../../src/branch_unit.v' to AST representation.
Generating RTLIL representation for module `\branch_unit'.
Successfully finished Verilog frontend.

12. Executing Verilog-2005 frontend: /home/prabhat/Work_Ubuntu/RV32I_Single-Cycle_32-bit_RISC-V_Processor/openlane/riscv32_singlecycle_top/../../src/dmem.v
Parsing SystemVerilog input from `/home/prabhat/Work_Ubuntu/RV32I_Single-Cycle_32-bit_RISC-V_Processor/openlane/riscv32_singlecycle_top/../../src/dmem.v' to AST representation.
Generating RTLIL representation for module `\dmem'.
Successfully finished Verilog frontend.

13. Executing Verilog-2005 frontend: /home/prabhat/Work_Ubuntu/RV32I_Single-Cycle_32-bit_RISC-V_Processor/openlane/riscv32_singlecycle_top/../../src/pc_next_logic.v
Parsing SystemVerilog input from `/home/prabhat/Work_Ubuntu/RV32I_Single-Cycle_32-bit_RISC-V_Processor/openlane/riscv32_singlecycle_top/../../src/pc_next_logic.v' to AST representation.
Generating RTLIL representation for module `\pc_next_logic'.
Successfully finished Verilog frontend.

14. Executing Verilog-2005 frontend: /home/prabhat/Work_Ubuntu/RV32I_Single-Cycle_32-bit_RISC-V_Processor/openlane/riscv32_singlecycle_top/../../src/wb_mux.v
Parsing SystemVerilog input from `/home/prabhat/Work_Ubuntu/RV32I_Single-Cycle_32-bit_RISC-V_Processor/openlane/riscv32_singlecycle_top/../../src/wb_mux.v' to AST representation.
Generating RTLIL representation for module `\wb_mux'.
Successfully finished Verilog frontend.

15. Generating Graphviz representation of design.
Writing dot description to `/home/prabhat/Work_Ubuntu/RV32I_Single-Cycle_32-bit_RISC-V_Processor/openlane/riscv32_singlecycle_top/runs/rv32i_macro_GDS_flow/tmp/synthesis/hierarchy.dot'.
Dumping module riscv32_singlecycle_top to page 1.

16. Executing HIERARCHY pass (managing design hierarchy).

16.1. Analyzing design hierarchy..
Top module:  \riscv32_singlecycle_top
Used module:     \wb_mux
Used module:     \pc_next_logic
Used module:     \dmem
Used module:     \branch_unit
Used module:     \alu
Used module:     \alu_control
Used module:     \imm_gen
Used module:     \regfile
Used module:     \decoder_controller
Used module:     \imem
Used module:     \pc_reg
Parameter \DEPTH = 256

16.2. Executing AST frontend in derive mode using pre-parsed AST for module `\dmem'.
Parameter \DEPTH = 256
Generating RTLIL representation for module `$paramod\dmem\DEPTH=s32'00000000000000000000000100000000'.
Parameter \MEM_DEPTH_WORDS = 256

16.3. Executing AST frontend in derive mode using pre-parsed AST for module `\imem'.
Parameter \MEM_DEPTH_WORDS = 256
Generating RTLIL representation for module `$paramod\imem\MEM_DEPTH_WORDS=s32'00000000000000000000000100000000'.

16.4. Analyzing design hierarchy..
Top module:  \riscv32_singlecycle_top
Used module:     \wb_mux
Used module:     \pc_next_logic
Used module:     $paramod\dmem\DEPTH=s32'00000000000000000000000100000000
Used module:     \branch_unit
Used module:     \alu
Used module:     \alu_control
Used module:     \imm_gen
Used module:     \regfile
Used module:     \decoder_controller
Used module:     $paramod\imem\MEM_DEPTH_WORDS=s32'00000000000000000000000100000000
Used module:     \pc_reg

16.5. Analyzing design hierarchy..
Top module:  \riscv32_singlecycle_top
Used module:     \wb_mux
Used module:     \pc_next_logic
Used module:     $paramod\dmem\DEPTH=s32'00000000000000000000000100000000
Used module:     \branch_unit
Used module:     \alu
Used module:     \alu_control
Used module:     \imm_gen
Used module:     \regfile
Used module:     \decoder_controller
Used module:     $paramod\imem\MEM_DEPTH_WORDS=s32'00000000000000000000000100000000
Used module:     \pc_reg
Removing unused module `\dmem'.
Removing unused module `\imem'.
Removed 2 unused modules.

17. Executing TRIBUF pass.

18. Executing HIERARCHY pass (managing design hierarchy).

18.1. Analyzing design hierarchy..
Top module:  \riscv32_singlecycle_top
Used module:     \wb_mux
Used module:     \pc_next_logic
Used module:     $paramod\dmem\DEPTH=s32'00000000000000000000000100000000
Used module:     \branch_unit
Used module:     \alu
Used module:     \alu_control
Used module:     \imm_gen
Used module:     \regfile
Used module:     \decoder_controller
Used module:     $paramod\imem\MEM_DEPTH_WORDS=s32'00000000000000000000000100000000
Used module:     \pc_reg

18.2. Analyzing design hierarchy..
Top module:  \riscv32_singlecycle_top
Used module:     \wb_mux
Used module:     \pc_next_logic
Used module:     $paramod\dmem\DEPTH=s32'00000000000000000000000100000000
Used module:     \branch_unit
Used module:     \alu
Used module:     \alu_control
Used module:     \imm_gen
Used module:     \regfile
Used module:     \decoder_controller
Used module:     $paramod\imem\MEM_DEPTH_WORDS=s32'00000000000000000000000100000000
Used module:     \pc_reg
Removed 0 unused modules.

19. Executing PROC_CLEAN pass (remove empty switches from decision trees).
Cleaned up 0 empty switches.

20. Executing PROC_RMDEAD pass (remove dead branches from decision trees).
Marked 1 switch rules as full_case in process $proc$/home/prabhat/Work_Ubuntu/RV32I_Single-Cycle_32-bit_RISC-V_Processor/openlane/riscv32_singlecycle_top/../../src/wb_mux.v:54$65 in module wb_mux.
Marked 3 switch rules as full_case in process $proc$/home/prabhat/Work_Ubuntu/RV32I_Single-Cycle_32-bit_RISC-V_Processor/openlane/riscv32_singlecycle_top/../../src/pc_next_logic.v:66$59 in module pc_next_logic.
Marked 1 switch rules as full_case in process $proc$/home/prabhat/Work_Ubuntu/RV32I_Single-Cycle_32-bit_RISC-V_Processor/openlane/riscv32_singlecycle_top/../../src/branch_unit.v:60$50 in module branch_unit.
Marked 1 switch rules as full_case in process $proc$/home/prabhat/Work_Ubuntu/RV32I_Single-Cycle_32-bit_RISC-V_Processor/openlane/riscv32_singlecycle_top/../../src/alu.v:82$26 in module alu.
Removed 3 dead cases from process $proc$/home/prabhat/Work_Ubuntu/RV32I_Single-Cycle_32-bit_RISC-V_Processor/openlane/riscv32_singlecycle_top/../../src/alu_control.v:61$20 in module alu_control.
Marked 6 switch rules as full_case in process $proc$/home/prabhat/Work_Ubuntu/RV32I_Single-Cycle_32-bit_RISC-V_Processor/openlane/riscv32_singlecycle_top/../../src/alu_control.v:61$20 in module alu_control.
Marked 1 switch rules as full_case in process $proc$/home/prabhat/Work_Ubuntu/RV32I_Single-Cycle_32-bit_RISC-V_Processor/openlane/riscv32_singlecycle_top/../../src/decoder_controller.v:99$8 in module decoder_controller.
Marked 1 switch rules as full_case in process $proc$/home/prabhat/Work_Ubuntu/RV32I_Single-Cycle_32-bit_RISC-V_Processor/openlane/riscv32_singlecycle_top/../../src/dmem.v:92$69 in module $paramod\dmem\DEPTH=s32'00000000000000000000000100000000.
Marked 1 switch rules as full_case in process $proc$/home/prabhat/Work_Ubuntu/RV32I_Single-Cycle_32-bit_RISC-V_Processor/openlane/riscv32_singlecycle_top/../../src/pc_reg.v:50$6 in module pc_reg.
Removed a total of 3 dead cases.

21. Executing PROC_PRUNE pass (remove redundant assignments in processes).
Removed 1 redundant assignment.
Promoted 19 assignments to connections.

22. Executing PROC_INIT pass (extract init attributes).

23. Executing PROC_ARST pass (detect async resets in processes).

24. Executing PROC_ROM pass (convert switches to ROMs).
Converted 0 switches.
<suppressed ~15 debug messages>

25. Executing PROC_MUX pass (convert decision trees to multiplexers).
Creating decoders for process `\wb_mux.$proc$/home/prabhat/Work_Ubuntu/RV32I_Single-Cycle_32-bit_RISC-V_Processor/openlane/riscv32_singlecycle_top/../../src/wb_mux.v:54$65'.
     1/1: $1\wb_data[31:0]
Creating decoders for process `\pc_next_logic.$proc$/home/prabhat/Work_Ubuntu/RV32I_Single-Cycle_32-bit_RISC-V_Processor/openlane/riscv32_singlecycle_top/../../src/pc_next_logic.v:66$59'.
     1/3: $3\pc_next[31:0]
     2/3: $2\pc_next[31:0]
     3/3: $1\pc_next[31:0]
Creating decoders for process `\branch_unit.$proc$/home/prabhat/Work_Ubuntu/RV32I_Single-Cycle_32-bit_RISC-V_Processor/openlane/riscv32_singlecycle_top/../../src/branch_unit.v:60$50'.
     1/1: $1\take_branch[0:0]
Creating decoders for process `\alu.$proc$/home/prabhat/Work_Ubuntu/RV32I_Single-Cycle_32-bit_RISC-V_Processor/openlane/riscv32_singlecycle_top/../../src/alu.v:82$26'.
     1/4: $1\OverFlow[0:0]
     2/4: $1\Carry[0:0]
     3/4: $1\Result[31:0]
     4/4: $1\sum_ext[32:0]
Creating decoders for process `\alu_control.$proc$/home/prabhat/Work_Ubuntu/RV32I_Single-Cycle_32-bit_RISC-V_Processor/openlane/riscv32_singlecycle_top/../../src/alu_control.v:61$20'.
     1/6: $6\alu_ctrl[3:0]
     2/6: $5\alu_ctrl[3:0]
     3/6: $4\alu_ctrl[3:0]
     4/6: $3\alu_ctrl[3:0]
     5/6: $2\alu_ctrl[3:0]
     6/6: $1\alu_ctrl[3:0]
Creating decoders for process `\decoder_controller.$proc$/home/prabhat/Work_Ubuntu/RV32I_Single-Cycle_32-bit_RISC-V_Processor/openlane/riscv32_singlecycle_top/../../src/decoder_controller.v:99$8'.
     1/10: $1\jalr[0:0]
     2/10: $1\jump[0:0]
     3/10: $1\branch[0:0]
     4/10: $1\mem_write[0:0]
     5/10: $1\mem_read[0:0]
     6/10: $1\use_pc_as_alu_a[0:0]
     7/10: $1\alu_op[1:0]
     8/10: $1\alu_src[0:0]
     9/10: $1\wb_sel[2:0]
    10/10: $1\reg_write[0:0]
Creating decoders for process `$paramod\dmem\DEPTH=s32'00000000000000000000000100000000.$proc$/home/prabhat/Work_Ubuntu/RV32I_Single-Cycle_32-bit_RISC-V_Processor/openlane/riscv32_singlecycle_top/../../src/dmem.v:92$69'.
     1/1: $1\read_data[31:0]
Creating decoders for process `\pc_reg.$proc$/home/prabhat/Work_Ubuntu/RV32I_Single-Cycle_32-bit_RISC-V_Processor/openlane/riscv32_singlecycle_top/../../src/pc_reg.v:50$6'.
     1/1: $0\pc_current[31:0]

26. Executing PROC_DLATCH pass (convert process syncs to latches).
No latch inferred for signal `\wb_mux.\wb_data' from process `\wb_mux.$proc$/home/prabhat/Work_Ubuntu/RV32I_Single-Cycle_32-bit_RISC-V_Processor/openlane/riscv32_singlecycle_top/../../src/wb_mux.v:54$65'.
No latch inferred for signal `\pc_next_logic.\pc_next' from process `\pc_next_logic.$proc$/home/prabhat/Work_Ubuntu/RV32I_Single-Cycle_32-bit_RISC-V_Processor/openlane/riscv32_singlecycle_top/../../src/pc_next_logic.v:66$59'.
No latch inferred for signal `\branch_unit.\take_branch' from process `\branch_unit.$proc$/home/prabhat/Work_Ubuntu/RV32I_Single-Cycle_32-bit_RISC-V_Processor/openlane/riscv32_singlecycle_top/../../src/branch_unit.v:60$50'.
No latch inferred for signal `\alu.\Result' from process `\alu.$proc$/home/prabhat/Work_Ubuntu/RV32I_Single-Cycle_32-bit_RISC-V_Processor/openlane/riscv32_singlecycle_top/../../src/alu.v:82$26'.
No latch inferred for signal `\alu.\Carry' from process `\alu.$proc$/home/prabhat/Work_Ubuntu/RV32I_Single-Cycle_32-bit_RISC-V_Processor/openlane/riscv32_singlecycle_top/../../src/alu.v:82$26'.
No latch inferred for signal `\alu.\OverFlow' from process `\alu.$proc$/home/prabhat/Work_Ubuntu/RV32I_Single-Cycle_32-bit_RISC-V_Processor/openlane/riscv32_singlecycle_top/../../src/alu.v:82$26'.
No latch inferred for signal `\alu.\sum_ext' from process `\alu.$proc$/home/prabhat/Work_Ubuntu/RV32I_Single-Cycle_32-bit_RISC-V_Processor/openlane/riscv32_singlecycle_top/../../src/alu.v:82$26'.
No latch inferred for signal `\alu_control.\alu_ctrl' from process `\alu_control.$proc$/home/prabhat/Work_Ubuntu/RV32I_Single-Cycle_32-bit_RISC-V_Processor/openlane/riscv32_singlecycle_top/../../src/alu_control.v:61$20'.
No latch inferred for signal `\decoder_controller.\reg_write' from process `\decoder_controller.$proc$/home/prabhat/Work_Ubuntu/RV32I_Single-Cycle_32-bit_RISC-V_Processor/openlane/riscv32_singlecycle_top/../../src/decoder_controller.v:99$8'.
No latch inferred for signal `\decoder_controller.\wb_sel' from process `\decoder_controller.$proc$/home/prabhat/Work_Ubuntu/RV32I_Single-Cycle_32-bit_RISC-V_Processor/openlane/riscv32_singlecycle_top/../../src/decoder_controller.v:99$8'.
No latch inferred for signal `\decoder_controller.\alu_src' from process `\decoder_controller.$proc$/home/prabhat/Work_Ubuntu/RV32I_Single-Cycle_32-bit_RISC-V_Processor/openlane/riscv32_singlecycle_top/../../src/decoder_controller.v:99$8'.
No latch inferred for signal `\decoder_controller.\alu_op' from process `\decoder_controller.$proc$/home/prabhat/Work_Ubuntu/RV32I_Single-Cycle_32-bit_RISC-V_Processor/openlane/riscv32_singlecycle_top/../../src/decoder_controller.v:99$8'.
No latch inferred for signal `\decoder_controller.\use_pc_as_alu_a' from process `\decoder_controller.$proc$/home/prabhat/Work_Ubuntu/RV32I_Single-Cycle_32-bit_RISC-V_Processor/openlane/riscv32_singlecycle_top/../../src/decoder_controller.v:99$8'.
No latch inferred for signal `\decoder_controller.\mem_read' from process `\decoder_controller.$proc$/home/prabhat/Work_Ubuntu/RV32I_Single-Cycle_32-bit_RISC-V_Processor/openlane/riscv32_singlecycle_top/../../src/decoder_controller.v:99$8'.
No latch inferred for signal `\decoder_controller.\mem_write' from process `\decoder_controller.$proc$/home/prabhat/Work_Ubuntu/RV32I_Single-Cycle_32-bit_RISC-V_Processor/openlane/riscv32_singlecycle_top/../../src/decoder_controller.v:99$8'.
No latch inferred for signal `\decoder_controller.\branch' from process `\decoder_controller.$proc$/home/prabhat/Work_Ubuntu/RV32I_Single-Cycle_32-bit_RISC-V_Processor/openlane/riscv32_singlecycle_top/../../src/decoder_controller.v:99$8'.
No latch inferred for signal `\decoder_controller.\jump' from process `\decoder_controller.$proc$/home/prabhat/Work_Ubuntu/RV32I_Single-Cycle_32-bit_RISC-V_Processor/openlane/riscv32_singlecycle_top/../../src/decoder_controller.v:99$8'.
No latch inferred for signal `\decoder_controller.\jalr' from process `\decoder_controller.$proc$/home/prabhat/Work_Ubuntu/RV32I_Single-Cycle_32-bit_RISC-V_Processor/openlane/riscv32_singlecycle_top/../../src/decoder_controller.v:99$8'.
No latch inferred for signal `$paramod\dmem\DEPTH=s32'00000000000000000000000100000000.\read_data' from process `$paramod\dmem\DEPTH=s32'00000000000000000000000100000000.$proc$/home/prabhat/Work_Ubuntu/RV32I_Single-Cycle_32-bit_RISC-V_Processor/openlane/riscv32_singlecycle_top/../../src/dmem.v:92$69'.

27. Executing PROC_DFF pass (convert process syncs to FFs).
Creating register for signal `\pc_reg.\pc_current' using process `\pc_reg.$proc$/home/prabhat/Work_Ubuntu/RV32I_Single-Cycle_32-bit_RISC-V_Processor/openlane/riscv32_singlecycle_top/../../src/pc_reg.v:50$6'.
  created $dff cell `$procdff$285' with positive edge clock.

28. Executing PROC_MEMWR pass (convert process memory writes to cells).

29. Executing PROC_CLEAN pass (remove empty switches from decision trees).
Found and cleaned up 1 empty switch in `\wb_mux.$proc$/home/prabhat/Work_Ubuntu/RV32I_Single-Cycle_32-bit_RISC-V_Processor/openlane/riscv32_singlecycle_top/../../src/wb_mux.v:54$65'.
Removing empty process `wb_mux.$proc$/home/prabhat/Work_Ubuntu/RV32I_Single-Cycle_32-bit_RISC-V_Processor/openlane/riscv32_singlecycle_top/../../src/wb_mux.v:54$65'.
Found and cleaned up 3 empty switches in `\pc_next_logic.$proc$/home/prabhat/Work_Ubuntu/RV32I_Single-Cycle_32-bit_RISC-V_Processor/openlane/riscv32_singlecycle_top/../../src/pc_next_logic.v:66$59'.
Removing empty process `pc_next_logic.$proc$/home/prabhat/Work_Ubuntu/RV32I_Single-Cycle_32-bit_RISC-V_Processor/openlane/riscv32_singlecycle_top/../../src/pc_next_logic.v:66$59'.
Found and cleaned up 1 empty switch in `\branch_unit.$proc$/home/prabhat/Work_Ubuntu/RV32I_Single-Cycle_32-bit_RISC-V_Processor/openlane/riscv32_singlecycle_top/../../src/branch_unit.v:60$50'.
Removing empty process `branch_unit.$proc$/home/prabhat/Work_Ubuntu/RV32I_Single-Cycle_32-bit_RISC-V_Processor/openlane/riscv32_singlecycle_top/../../src/branch_unit.v:60$50'.
Found and cleaned up 1 empty switch in `\alu.$proc$/home/prabhat/Work_Ubuntu/RV32I_Single-Cycle_32-bit_RISC-V_Processor/openlane/riscv32_singlecycle_top/../../src/alu.v:82$26'.
Removing empty process `alu.$proc$/home/prabhat/Work_Ubuntu/RV32I_Single-Cycle_32-bit_RISC-V_Processor/openlane/riscv32_singlecycle_top/../../src/alu.v:82$26'.
Found and cleaned up 6 empty switches in `\alu_control.$proc$/home/prabhat/Work_Ubuntu/RV32I_Single-Cycle_32-bit_RISC-V_Processor/openlane/riscv32_singlecycle_top/../../src/alu_control.v:61$20'.
Removing empty process `alu_control.$proc$/home/prabhat/Work_Ubuntu/RV32I_Single-Cycle_32-bit_RISC-V_Processor/openlane/riscv32_singlecycle_top/../../src/alu_control.v:61$20'.
Found and cleaned up 1 empty switch in `\decoder_controller.$proc$/home/prabhat/Work_Ubuntu/RV32I_Single-Cycle_32-bit_RISC-V_Processor/openlane/riscv32_singlecycle_top/../../src/decoder_controller.v:99$8'.
Removing empty process `decoder_controller.$proc$/home/prabhat/Work_Ubuntu/RV32I_Single-Cycle_32-bit_RISC-V_Processor/openlane/riscv32_singlecycle_top/../../src/decoder_controller.v:99$8'.
Found and cleaned up 1 empty switch in `$paramod\dmem\DEPTH=s32'00000000000000000000000100000000.$proc$/home/prabhat/Work_Ubuntu/RV32I_Single-Cycle_32-bit_RISC-V_Processor/openlane/riscv32_singlecycle_top/../../src/dmem.v:92$69'.
Removing empty process `$paramod\dmem\DEPTH=s32'00000000000000000000000100000000.$proc$/home/prabhat/Work_Ubuntu/RV32I_Single-Cycle_32-bit_RISC-V_Processor/openlane/riscv32_singlecycle_top/../../src/dmem.v:92$69'.
Found and cleaned up 1 empty switch in `\pc_reg.$proc$/home/prabhat/Work_Ubuntu/RV32I_Single-Cycle_32-bit_RISC-V_Processor/openlane/riscv32_singlecycle_top/../../src/pc_reg.v:50$6'.
Removing empty process `pc_reg.$proc$/home/prabhat/Work_Ubuntu/RV32I_Single-Cycle_32-bit_RISC-V_Processor/openlane/riscv32_singlecycle_top/../../src/pc_reg.v:50$6'.
Cleaned up 15 empty switches.

30. Executing CHECK pass (checking for obvious problems).
Checking module wb_mux...
Checking module pc_next_logic...
Checking module $paramod\imem\MEM_DEPTH_WORDS=s32'00000000000000000000000100000000...
Checking module branch_unit...
Checking module alu...
Checking module alu_control...
Checking module imm_gen...
Checking module regfile...
Checking module decoder_controller...
Checking module $paramod\dmem\DEPTH=s32'00000000000000000000000100000000...
Checking module pc_reg...
Checking module riscv32_singlecycle_top...
Found and reported 0 problems.

31. Executing OPT_EXPR pass (perform const folding).
Optimizing module wb_mux.
<suppressed ~1 debug messages>
Optimizing module pc_next_logic.
<suppressed ~1 debug messages>
Optimizing module $paramod\imem\MEM_DEPTH_WORDS=s32'00000000000000000000000100000000.
Optimizing module branch_unit.
<suppressed ~1 debug messages>
Optimizing module alu.
<suppressed ~5 debug messages>
Optimizing module alu_control.
<suppressed ~7 debug messages>
Optimizing module imm_gen.
Optimizing module regfile.
<suppressed ~3 debug messages>
Optimizing module decoder_controller.
Optimizing module $paramod\dmem\DEPTH=s32'00000000000000000000000100000000.
Optimizing module pc_reg.
<suppressed ~1 debug messages>
Optimizing module riscv32_singlecycle_top.

32. Executing OPT_EXPR pass (perform const folding).
Optimizing module wb_mux.
Optimizing module pc_next_logic.
Optimizing module $paramod\imem\MEM_DEPTH_WORDS=s32'00000000000000000000000100000000.
Optimizing module branch_unit.
Optimizing module alu.
Optimizing module alu_control.
Optimizing module imm_gen.
Optimizing module regfile.
Optimizing module decoder_controller.
Optimizing module $paramod\dmem\DEPTH=s32'00000000000000000000000100000000.
Optimizing module pc_reg.
Optimizing module riscv32_singlecycle_top.

33. Executing OPT_CLEAN pass (remove unused cells and wires).
Finding unused cells or wires in module \wb_mux..
Finding unused cells or wires in module \pc_next_logic..
Finding unused cells or wires in module $paramod\imem\MEM_DEPTH_WORDS=s32'00000000000000000000000100000000..
Finding unused cells or wires in module \branch_unit..
Finding unused cells or wires in module \alu..
Finding unused cells or wires in module \alu_control..
Finding unused cells or wires in module \imm_gen..
Finding unused cells or wires in module \regfile..
Finding unused cells or wires in module \decoder_controller..
Finding unused cells or wires in module $paramod\dmem\DEPTH=s32'00000000000000000000000100000000..
Finding unused cells or wires in module \pc_reg..
Finding unused cells or wires in module \riscv32_singlecycle_top..
Removed 4 unused cells and 99 unused wires.
<suppressed ~15 debug messages>

34. Executing OPT pass (performing simple optimizations).

34.1. Executing OPT_EXPR pass (perform const folding).
Optimizing module $paramod\dmem\DEPTH=s32'00000000000000000000000100000000.
Optimizing module $paramod\imem\MEM_DEPTH_WORDS=s32'00000000000000000000000100000000.
Optimizing module alu.
Optimizing module alu_control.
Optimizing module branch_unit.
Optimizing module decoder_controller.
Optimizing module imm_gen.
Optimizing module pc_next_logic.
Optimizing module pc_reg.
Optimizing module regfile.
Optimizing module riscv32_singlecycle_top.
Optimizing module wb_mux.

34.2. Executing OPT_MERGE pass (detect identical cells).
Finding identical cells in module `$paramod\dmem\DEPTH=s32'00000000000000000000000100000000'.
Finding identical cells in module `$paramod\imem\MEM_DEPTH_WORDS=s32'00000000000000000000000100000000'.
Finding identical cells in module `\alu'.
<suppressed ~15 debug messages>
Finding identical cells in module `\alu_control'.
<suppressed ~48 debug messages>
Finding identical cells in module `\branch_unit'.
Finding identical cells in module `\decoder_controller'.
<suppressed ~51 debug messages>
Finding identical cells in module `\imm_gen'.
Finding identical cells in module `\pc_next_logic'.
Finding identical cells in module `\pc_reg'.
Finding identical cells in module `\regfile'.
<suppressed ~9 debug messages>
Finding identical cells in module `\riscv32_singlecycle_top'.
Finding identical cells in module `\wb_mux'.
Removed a total of 41 cells.

34.3. Executing OPT_MUXTREE pass (detect dead branches in mux trees).
Running muxtree optimizer on module $paramod\dmem\DEPTH=s32'00000000000000000000000100000000..
  Creating internal representation of mux trees.
  Evaluating internal representation of mux trees.
  Analyzing evaluation results.
Running muxtree optimizer on module $paramod\imem\MEM_DEPTH_WORDS=s32'00000000000000000000000100000000..
  Creating internal representation of mux trees.
  No muxes found in this module.
Running muxtree optimizer on module \alu..
  Creating internal representation of mux trees.
  Evaluating internal representation of mux trees.
  Analyzing evaluation results.
Running muxtree optimizer on module \alu_control..
  Creating internal representation of mux trees.
  Evaluating internal representation of mux trees.
  Analyzing evaluation results.
    dead port 2/2 on $mux $procmux$173.
    dead port 2/2 on $mux $procmux$175.
    dead port 2/2 on $mux $procmux$188.
    dead port 2/2 on $mux $procmux$156.
    dead port 2/2 on $mux $procmux$190.
    dead port 2/2 on $mux $procmux$202.
    dead port 2/2 on $mux $procmux$167.
    dead port 2/2 on $mux $procmux$154.
Running muxtree optimizer on module \branch_unit..
  Creating internal representation of mux trees.
  Evaluating internal representation of mux trees.
  Analyzing evaluation results.
Running muxtree optimizer on module \decoder_controller..
  Creating internal representation of mux trees.
  Evaluating internal representation of mux trees.
  Analyzing evaluation results.
Running muxtree optimizer on module \imm_gen..
  Creating internal representation of mux trees.
  No muxes found in this module.
Running muxtree optimizer on module \pc_next_logic..
  Creating internal representation of mux trees.
  Evaluating internal representation of mux trees.
  Analyzing evaluation results.
    dead port 1/2 on $mux $procmux$81.
    dead port 1/2 on $mux $procmux$84.
    dead port 1/2 on $mux $procmux$90.
Running muxtree optimizer on module \pc_reg..
  Creating internal representation of mux trees.
  Evaluating internal representation of mux trees.
  Analyzing evaluation results.
Running muxtree optimizer on module \regfile..
  Creating internal representation of mux trees.
  Evaluating internal representation of mux trees.
  Analyzing evaluation results.
Running muxtree optimizer on module \riscv32_singlecycle_top..
  Creating internal representation of mux trees.
  Evaluating internal representation of mux trees.
  Analyzing evaluation results.
Running muxtree optimizer on module \wb_mux..
  Creating internal representation of mux trees.
  Evaluating internal representation of mux trees.
  Analyzing evaluation results.
Removed 11 multiplexer ports.
<suppressed ~23 debug messages>

34.4. Executing OPT_REDUCE pass (consolidate $*mux and $reduce_* inputs).
  Optimizing cells in module $paramod\dmem\DEPTH=s32'00000000000000000000000100000000.
  Optimizing cells in module $paramod\imem\MEM_DEPTH_WORDS=s32'00000000000000000000000100000000.
  Optimizing cells in module \alu.
  Optimizing cells in module \alu_control.
  Optimizing cells in module \branch_unit.
  Optimizing cells in module \decoder_controller.
    New ctrl vector for $pmux cell $procmux$264: { $procmux$243_CMP $auto$opt_reduce.cc:134:opt_pmux$287 $procmux$266_CMP $procmux$246_CMP }
    New ctrl vector for $pmux cell $procmux$271: $auto$opt_reduce.cc:134:opt_pmux$289
    New ctrl vector for $pmux cell $procmux$257: $auto$opt_reduce.cc:134:opt_pmux$291
  Optimizing cells in module \decoder_controller.
  Optimizing cells in module \imm_gen.
  Optimizing cells in module \pc_next_logic.
  Optimizing cells in module \pc_reg.
  Optimizing cells in module \regfile.
  Optimizing cells in module \riscv32_singlecycle_top.
  Optimizing cells in module \wb_mux.
Performed a total of 3 changes.

34.5. Executing OPT_MERGE pass (detect identical cells).
Finding identical cells in module `$paramod\dmem\DEPTH=s32'00000000000000000000000100000000'.
Finding identical cells in module `$paramod\imem\MEM_DEPTH_WORDS=s32'00000000000000000000000100000000'.
Finding identical cells in module `\alu'.
Finding identical cells in module `\alu_control'.
<suppressed ~3 debug messages>
Finding identical cells in module `\branch_unit'.
Finding identical cells in module `\decoder_controller'.
Finding identical cells in module `\imm_gen'.
Finding identical cells in module `\pc_next_logic'.
Finding identical cells in module `\pc_reg'.
Finding identical cells in module `\regfile'.
Finding identical cells in module `\riscv32_singlecycle_top'.
Finding identical cells in module `\wb_mux'.
Removed a total of 1 cells.

34.6. Executing OPT_DFF pass (perform DFF optimizations).

34.7. Executing OPT_CLEAN pass (remove unused cells and wires).
Finding unused cells or wires in module $paramod\dmem\DEPTH=s32'00000000000000000000000100000000..
Finding unused cells or wires in module $paramod\imem\MEM_DEPTH_WORDS=s32'00000000000000000000000100000000..
Finding unused cells or wires in module \alu..
Finding unused cells or wires in module \alu_control..
Finding unused cells or wires in module \branch_unit..
Finding unused cells or wires in module \decoder_controller..
Finding unused cells or wires in module \imm_gen..
Finding unused cells or wires in module \pc_next_logic..
Finding unused cells or wires in module \pc_reg..
Finding unused cells or wires in module \regfile..
Finding unused cells or wires in module \riscv32_singlecycle_top..
Finding unused cells or wires in module \wb_mux..
Removed 0 unused cells and 53 unused wires.
<suppressed ~5 debug messages>

34.8. Executing OPT_EXPR pass (perform const folding).
Optimizing module $paramod\dmem\DEPTH=s32'00000000000000000000000100000000.
Optimizing module $paramod\imem\MEM_DEPTH_WORDS=s32'00000000000000000000000100000000.
Optimizing module alu.
Optimizing module alu_control.
Optimizing module branch_unit.
Optimizing module decoder_controller.
Optimizing module imm_gen.
Optimizing module pc_next_logic.
Optimizing module pc_reg.
Optimizing module regfile.
Optimizing module riscv32_singlecycle_top.
Optimizing module wb_mux.

34.9. Rerunning OPT passes. (Maybe there is more to do..)

34.10. Executing OPT_MUXTREE pass (detect dead branches in mux trees).
Running muxtree optimizer on module $paramod\dmem\DEPTH=s32'00000000000000000000000100000000..
  Creating internal representation of mux trees.
  Evaluating internal representation of mux trees.
  Analyzing evaluation results.
Running muxtree optimizer on module $paramod\imem\MEM_DEPTH_WORDS=s32'00000000000000000000000100000000..
  Creating internal representation of mux trees.
  No muxes found in this module.
Running muxtree optimizer on module \alu..
  Creating internal representation of mux trees.
  Evaluating internal representation of mux trees.
  Analyzing evaluation results.
Running muxtree optimizer on module \alu_control..
  Creating internal representation of mux trees.
  Evaluating internal representation of mux trees.
  Analyzing evaluation results.
Running muxtree optimizer on module \branch_unit..
  Creating internal representation of mux trees.
  Evaluating internal representation of mux trees.
  Analyzing evaluation results.
Running muxtree optimizer on module \decoder_controller..
  Creating internal representation of mux trees.
  Evaluating internal representation of mux trees.
  Analyzing evaluation results.
Running muxtree optimizer on module \imm_gen..
  Creating internal representation of mux trees.
  No muxes found in this module.
Running muxtree optimizer on module \pc_next_logic..
  Creating internal representation of mux trees.
  Evaluating internal representation of mux trees.
  Analyzing evaluation results.
Running muxtree optimizer on module \pc_reg..
  Creating internal representation of mux trees.
  Evaluating internal representation of mux trees.
  Analyzing evaluation results.
Running muxtree optimizer on module \regfile..
  Creating internal representation of mux trees.
  Evaluating internal representation of mux trees.
  Analyzing evaluation results.
Running muxtree optimizer on module \riscv32_singlecycle_top..
  Creating internal representation of mux trees.
  Evaluating internal representation of mux trees.
  Analyzing evaluation results.
Running muxtree optimizer on module \wb_mux..
  Creating internal representation of mux trees.
  Evaluating internal representation of mux trees.
  Analyzing evaluation results.
Removed 0 multiplexer ports.
<suppressed ~24 debug messages>

34.11. Executing OPT_REDUCE pass (consolidate $*mux and $reduce_* inputs).
  Optimizing cells in module $paramod\dmem\DEPTH=s32'00000000000000000000000100000000.
  Optimizing cells in module $paramod\imem\MEM_DEPTH_WORDS=s32'00000000000000000000000100000000.
  Optimizing cells in module \alu.
  Optimizing cells in module \alu_control.
  Optimizing cells in module \branch_unit.
  Optimizing cells in module \decoder_controller.
  Optimizing cells in module \imm_gen.
  Optimizing cells in module \pc_next_logic.
  Optimizing cells in module \pc_reg.
  Optimizing cells in module \regfile.
  Optimizing cells in module \riscv32_singlecycle_top.
  Optimizing cells in module \wb_mux.
Performed a total of 0 changes.

34.12. Executing OPT_MERGE pass (detect identical cells).
Finding identical cells in module `$paramod\dmem\DEPTH=s32'00000000000000000000000100000000'.
Finding identical cells in module `$paramod\imem\MEM_DEPTH_WORDS=s32'00000000000000000000000100000000'.
Finding identical cells in module `\alu'.
Finding identical cells in module `\alu_control'.
Finding identical cells in module `\branch_unit'.
Finding identical cells in module `\decoder_controller'.
Finding identical cells in module `\imm_gen'.
Finding identical cells in module `\pc_next_logic'.
Finding identical cells in module `\pc_reg'.
Finding identical cells in module `\regfile'.
Finding identical cells in module `\riscv32_singlecycle_top'.
Finding identical cells in module `\wb_mux'.
Removed a total of 0 cells.

34.13. Executing OPT_DFF pass (perform DFF optimizations).

34.14. Executing OPT_CLEAN pass (remove unused cells and wires).
Finding unused cells or wires in module $paramod\dmem\DEPTH=s32'00000000000000000000000100000000..
Finding unused cells or wires in module $paramod\imem\MEM_DEPTH_WORDS=s32'00000000000000000000000100000000..
Finding unused cells or wires in module \alu..
Finding unused cells or wires in module \alu_control..
Finding unused cells or wires in module \branch_unit..
Finding unused cells or wires in module \decoder_controller..
Finding unused cells or wires in module \imm_gen..
Finding unused cells or wires in module \pc_next_logic..
Finding unused cells or wires in module \pc_reg..
Finding unused cells or wires in module \regfile..
Finding unused cells or wires in module \riscv32_singlecycle_top..
Finding unused cells or wires in module \wb_mux..

34.15. Executing OPT_EXPR pass (perform const folding).
Optimizing module $paramod\dmem\DEPTH=s32'00000000000000000000000100000000.
Optimizing module $paramod\imem\MEM_DEPTH_WORDS=s32'00000000000000000000000100000000.
Optimizing module alu.
Optimizing module alu_control.
Optimizing module branch_unit.
Optimizing module decoder_controller.
Optimizing module imm_gen.
Optimizing module pc_next_logic.
Optimizing module pc_reg.
Optimizing module regfile.
Optimizing module riscv32_singlecycle_top.
Optimizing module wb_mux.

34.16. Finished OPT passes. (There is nothing left to do.)

35. Executing FSM pass (extract and optimize FSM).

35.1. Executing FSM_DETECT pass (finding FSMs in design).

35.2. Executing FSM_EXTRACT pass (extracting FSM from design).

35.3. Executing FSM_OPT pass (simple optimizations of FSMs).

35.4. Executing OPT_CLEAN pass (remove unused cells and wires).
Finding unused cells or wires in module $paramod\dmem\DEPTH=s32'00000000000000000000000100000000..
Finding unused cells or wires in module $paramod\imem\MEM_DEPTH_WORDS=s32'00000000000000000000000100000000..
Finding unused cells or wires in module \alu..
Finding unused cells or wires in module \alu_control..
Finding unused cells or wires in module \branch_unit..
Finding unused cells or wires in module \decoder_controller..
Finding unused cells or wires in module \imm_gen..
Finding unused cells or wires in module \pc_next_logic..
Finding unused cells or wires in module \pc_reg..
Finding unused cells or wires in module \regfile..
Finding unused cells or wires in module \riscv32_singlecycle_top..
Finding unused cells or wires in module \wb_mux..

35.5. Executing FSM_OPT pass (simple optimizations of FSMs).

35.6. Executing FSM_RECODE pass (re-assigning FSM state encoding).

35.7. Executing FSM_INFO pass (dumping all available information on FSM cells).

35.8. Executing FSM_MAP pass (mapping FSMs to basic logic).

36. Executing OPT pass (performing simple optimizations).

36.1. Executing OPT_EXPR pass (perform const folding).
Optimizing module $paramod\dmem\DEPTH=s32'00000000000000000000000100000000.
Optimizing module $paramod\imem\MEM_DEPTH_WORDS=s32'00000000000000000000000100000000.
Optimizing module alu.
Optimizing module alu_control.
Optimizing module branch_unit.
Optimizing module decoder_controller.
Optimizing module imm_gen.
Optimizing module pc_next_logic.
Optimizing module pc_reg.
Optimizing module regfile.
Optimizing module riscv32_singlecycle_top.
Optimizing module wb_mux.

36.2. Executing OPT_MERGE pass (detect identical cells).
Finding identical cells in module `$paramod\dmem\DEPTH=s32'00000000000000000000000100000000'.
Finding identical cells in module `$paramod\imem\MEM_DEPTH_WORDS=s32'00000000000000000000000100000000'.
Finding identical cells in module `\alu'.
Finding identical cells in module `\alu_control'.
Finding identical cells in module `\branch_unit'.
Finding identical cells in module `\decoder_controller'.
Finding identical cells in module `\imm_gen'.
Finding identical cells in module `\pc_next_logic'.
Finding identical cells in module `\pc_reg'.
Finding identical cells in module `\regfile'.
Finding identical cells in module `\riscv32_singlecycle_top'.
Finding identical cells in module `\wb_mux'.
Removed a total of 0 cells.

36.3. Executing OPT_MUXTREE pass (detect dead branches in mux trees).
Running muxtree optimizer on module $paramod\dmem\DEPTH=s32'00000000000000000000000100000000..
  Creating internal representation of mux trees.
  Evaluating internal representation of mux trees.
  Analyzing evaluation results.
Running muxtree optimizer on module $paramod\imem\MEM_DEPTH_WORDS=s32'00000000000000000000000100000000..
  Creating internal representation of mux trees.
  No muxes found in this module.
Running muxtree optimizer on module \alu..
  Creating internal representation of mux trees.
  Evaluating internal representation of mux trees.
  Analyzing evaluation results.
Running muxtree optimizer on module \alu_control..
  Creating internal representation of mux trees.
  Evaluating internal representation of mux trees.
  Analyzing evaluation results.
Running muxtree optimizer on module \branch_unit..
  Creating internal representation of mux trees.
  Evaluating internal representation of mux trees.
  Analyzing evaluation results.
Running muxtree optimizer on module \decoder_controller..
  Creating internal representation of mux trees.
  Evaluating internal representation of mux trees.
  Analyzing evaluation results.
Running muxtree optimizer on module \imm_gen..
  Creating internal representation of mux trees.
  No muxes found in this module.
Running muxtree optimizer on module \pc_next_logic..
  Creating internal representation of mux trees.
  Evaluating internal representation of mux trees.
  Analyzing evaluation results.
Running muxtree optimizer on module \pc_reg..
  Creating internal representation of mux trees.
  Evaluating internal representation of mux trees.
  Analyzing evaluation results.
Running muxtree optimizer on module \regfile..
  Creating internal representation of mux trees.
  Evaluating internal representation of mux trees.
  Analyzing evaluation results.
Running muxtree optimizer on module \riscv32_singlecycle_top..
  Creating internal representation of mux trees.
  Evaluating internal representation of mux trees.
  Analyzing evaluation results.
Running muxtree optimizer on module \wb_mux..
  Creating internal representation of mux trees.
  Evaluating internal representation of mux trees.
  Analyzing evaluation results.
Removed 0 multiplexer ports.
<suppressed ~24 debug messages>

36.4. Executing OPT_REDUCE pass (consolidate $*mux and $reduce_* inputs).
  Optimizing cells in module $paramod\dmem\DEPTH=s32'00000000000000000000000100000000.
  Optimizing cells in module $paramod\imem\MEM_DEPTH_WORDS=s32'00000000000000000000000100000000.
  Optimizing cells in module \alu.
  Optimizing cells in module \alu_control.
  Optimizing cells in module \branch_unit.
  Optimizing cells in module \decoder_controller.
  Optimizing cells in module \imm_gen.
  Optimizing cells in module \pc_next_logic.
  Optimizing cells in module \pc_reg.
  Optimizing cells in module \regfile.
  Optimizing cells in module \riscv32_singlecycle_top.
  Optimizing cells in module \wb_mux.
Performed a total of 0 changes.

36.5. Executing OPT_MERGE pass (detect identical cells).
Finding identical cells in module `$paramod\dmem\DEPTH=s32'00000000000000000000000100000000'.
Finding identical cells in module `$paramod\imem\MEM_DEPTH_WORDS=s32'00000000000000000000000100000000'.
Finding identical cells in module `\alu'.
Finding identical cells in module `\alu_control'.
Finding identical cells in module `\branch_unit'.
Finding identical cells in module `\decoder_controller'.
Finding identical cells in module `\imm_gen'.
Finding identical cells in module `\pc_next_logic'.
Finding identical cells in module `\pc_reg'.
Finding identical cells in module `\regfile'.
Finding identical cells in module `\riscv32_singlecycle_top'.
Finding identical cells in module `\wb_mux'.
Removed a total of 0 cells.

36.6. Executing OPT_DFF pass (perform DFF optimizations).
Adding SRST signal on $procdff$285 ($dff) from module pc_reg (D = \pc_next, Q = \pc_current, rval = 0).

36.7. Executing OPT_CLEAN pass (remove unused cells and wires).
Finding unused cells or wires in module $paramod\dmem\DEPTH=s32'00000000000000000000000100000000..
Finding unused cells or wires in module $paramod\imem\MEM_DEPTH_WORDS=s32'00000000000000000000000100000000..
Finding unused cells or wires in module \alu..
Finding unused cells or wires in module \alu_control..
Finding unused cells or wires in module \branch_unit..
Finding unused cells or wires in module \decoder_controller..
Finding unused cells or wires in module \imm_gen..
Finding unused cells or wires in module \pc_next_logic..
Finding unused cells or wires in module \pc_reg..
Finding unused cells or wires in module \regfile..
Finding unused cells or wires in module \riscv32_singlecycle_top..
Finding unused cells or wires in module \wb_mux..
Removed 1 unused cells and 1 unused wires.
<suppressed ~2 debug messages>

36.8. Executing OPT_EXPR pass (perform const folding).
Optimizing module $paramod\dmem\DEPTH=s32'00000000000000000000000100000000.
Optimizing module $paramod\imem\MEM_DEPTH_WORDS=s32'00000000000000000000000100000000.
Optimizing module alu.
Optimizing module alu_control.
Optimizing module branch_unit.
Optimizing module decoder_controller.
Optimizing module imm_gen.
Optimizing module pc_next_logic.
Optimizing module pc_reg.
Optimizing module regfile.
Optimizing module riscv32_singlecycle_top.
Optimizing module wb_mux.

36.9. Rerunning OPT passes. (Maybe there is more to do..)

36.10. Executing OPT_MUXTREE pass (detect dead branches in mux trees).
Running muxtree optimizer on module $paramod\dmem\DEPTH=s32'00000000000000000000000100000000..
  Creating internal representation of mux trees.
  Evaluating internal representation of mux trees.
  Analyzing evaluation results.
Running muxtree optimizer on module $paramod\imem\MEM_DEPTH_WORDS=s32'00000000000000000000000100000000..
  Creating internal representation of mux trees.
  No muxes found in this module.
Running muxtree optimizer on module \alu..
  Creating internal representation of mux trees.
  Evaluating internal representation of mux trees.
  Analyzing evaluation results.
Running muxtree optimizer on module \alu_control..
  Creating internal representation of mux trees.
  Evaluating internal representation of mux trees.
  Analyzing evaluation results.
Running muxtree optimizer on module \branch_unit..
  Creating internal representation of mux trees.
  Evaluating internal representation of mux trees.
  Analyzing evaluation results.
Running muxtree optimizer on module \decoder_controller..
  Creating internal representation of mux trees.
  Evaluating internal representation of mux trees.
  Analyzing evaluation results.
Running muxtree optimizer on module \imm_gen..
  Creating internal representation of mux trees.
  No muxes found in this module.
Running muxtree optimizer on module \pc_next_logic..
  Creating internal representation of mux trees.
  Evaluating internal representation of mux trees.
  Analyzing evaluation results.
Running muxtree optimizer on module \pc_reg..
  Creating internal representation of mux trees.
  No muxes found in this module.
Running muxtree optimizer on module \regfile..
  Creating internal representation of mux trees.
  Evaluating internal representation of mux trees.
  Analyzing evaluation results.
Running muxtree optimizer on module \riscv32_singlecycle_top..
  Creating internal representation of mux trees.
  Evaluating internal representation of mux trees.
  Analyzing evaluation results.
Running muxtree optimizer on module \wb_mux..
  Creating internal representation of mux trees.
  Evaluating internal representation of mux trees.
  Analyzing evaluation results.
Removed 0 multiplexer ports.
<suppressed ~23 debug messages>

36.11. Executing OPT_REDUCE pass (consolidate $*mux and $reduce_* inputs).
  Optimizing cells in module $paramod\dmem\DEPTH=s32'00000000000000000000000100000000.
  Optimizing cells in module $paramod\imem\MEM_DEPTH_WORDS=s32'00000000000000000000000100000000.
  Optimizing cells in module \alu.
  Optimizing cells in module \alu_control.
  Optimizing cells in module \branch_unit.
  Optimizing cells in module \decoder_controller.
  Optimizing cells in module \imm_gen.
  Optimizing cells in module \pc_next_logic.
  Optimizing cells in module \pc_reg.
  Optimizing cells in module \regfile.
  Optimizing cells in module \riscv32_singlecycle_top.
  Optimizing cells in module \wb_mux.
Performed a total of 0 changes.

36.12. Executing OPT_MERGE pass (detect identical cells).
Finding identical cells in module `$paramod\dmem\DEPTH=s32'00000000000000000000000100000000'.
Finding identical cells in module `$paramod\imem\MEM_DEPTH_WORDS=s32'00000000000000000000000100000000'.
Finding identical cells in module `\alu'.
Finding identical cells in module `\alu_control'.
Finding identical cells in module `\branch_unit'.
Finding identical cells in module `\decoder_controller'.
Finding identical cells in module `\imm_gen'.
Finding identical cells in module `\pc_next_logic'.
Finding identical cells in module `\pc_reg'.
Finding identical cells in module `\regfile'.
Finding identical cells in module `\riscv32_singlecycle_top'.
Finding identical cells in module `\wb_mux'.
Removed a total of 0 cells.

36.13. Executing OPT_DFF pass (perform DFF optimizations).

36.14. Executing OPT_CLEAN pass (remove unused cells and wires).
Finding unused cells or wires in module $paramod\dmem\DEPTH=s32'00000000000000000000000100000000..
Finding unused cells or wires in module $paramod\imem\MEM_DEPTH_WORDS=s32'00000000000000000000000100000000..
Finding unused cells or wires in module \alu..
Finding unused cells or wires in module \alu_control..
Finding unused cells or wires in module \branch_unit..
Finding unused cells or wires in module \decoder_controller..
Finding unused cells or wires in module \imm_gen..
Finding unused cells or wires in module \pc_next_logic..
Finding unused cells or wires in module \pc_reg..
Finding unused cells or wires in module \regfile..
Finding unused cells or wires in module \riscv32_singlecycle_top..
Finding unused cells or wires in module \wb_mux..

36.15. Executing OPT_EXPR pass (perform const folding).
Optimizing module $paramod\dmem\DEPTH=s32'00000000000000000000000100000000.
Optimizing module $paramod\imem\MEM_DEPTH_WORDS=s32'00000000000000000000000100000000.
Optimizing module alu.
Optimizing module alu_control.
Optimizing module branch_unit.
Optimizing module decoder_controller.
Optimizing module imm_gen.
Optimizing module pc_next_logic.
Optimizing module pc_reg.
Optimizing module regfile.
Optimizing module riscv32_singlecycle_top.
Optimizing module wb_mux.

36.16. Finished OPT passes. (There is nothing left to do.)

37. Executing WREDUCE pass (reducing word size of cells).
Removed top 31 bits (of 32) from port B of cell alu.$add$/home/prabhat/Work_Ubuntu/RV32I_Single-Cycle_32-bit_RISC-V_Processor/openlane/riscv32_singlecycle_top/../../src/alu.v:77$25 ($add).
Removed top 1 bits (of 33) from port A of cell alu.$add$/home/prabhat/Work_Ubuntu/RV32I_Single-Cycle_32-bit_RISC-V_Processor/openlane/riscv32_singlecycle_top/../../src/alu.v:96$27 ($add).
Removed top 1 bits (of 33) from port B of cell alu.$add$/home/prabhat/Work_Ubuntu/RV32I_Single-Cycle_32-bit_RISC-V_Processor/openlane/riscv32_singlecycle_top/../../src/alu.v:96$27 ($add).
Removed top 1 bits (of 33) from port A of cell alu.$add$/home/prabhat/Work_Ubuntu/RV32I_Single-Cycle_32-bit_RISC-V_Processor/openlane/riscv32_singlecycle_top/../../src/alu.v:109$32 ($add).
Removed top 1 bits (of 33) from port B of cell alu.$add$/home/prabhat/Work_Ubuntu/RV32I_Single-Cycle_32-bit_RISC-V_Processor/openlane/riscv32_singlecycle_top/../../src/alu.v:109$32 ($add).
Removed top 31 bits (of 32) from mux cell alu.$ternary$/home/prabhat/Work_Ubuntu/RV32I_Single-Cycle_32-bit_RISC-V_Processor/openlane/riscv32_singlecycle_top/../../src/alu.v:143$40 ($mux).
Removed top 31 bits (of 32) from mux cell alu.$ternary$/home/prabhat/Work_Ubuntu/RV32I_Single-Cycle_32-bit_RISC-V_Processor/openlane/riscv32_singlecycle_top/../../src/alu.v:150$42 ($mux).
Removed top 3 bits (of 4) from port B of cell alu.$procmux$113_CMP0 ($eq).
Removed top 1 bits (of 4) from port B of cell alu.$procmux$131_CMP0 ($eq).
Removed top 1 bits (of 4) from port B of cell alu.$procmux$132_CMP0 ($eq).
Removed top 1 bits (of 4) from port B of cell alu.$procmux$133_CMP0 ($eq).
Removed top 1 bits (of 4) from port B of cell alu.$procmux$134_CMP0 ($eq).
Removed top 2 bits (of 4) from port B of cell alu.$procmux$135_CMP0 ($eq).
Removed top 2 bits (of 4) from port B of cell alu.$procmux$136_CMP0 ($eq).
Removed top 31 bits (of 32) from wire alu.$ternary$/home/prabhat/Work_Ubuntu/RV32I_Single-Cycle_32-bit_RISC-V_Processor/openlane/riscv32_singlecycle_top/../../src/alu.v:143$40_Y.
Removed top 31 bits (of 32) from wire alu.$ternary$/home/prabhat/Work_Ubuntu/RV32I_Single-Cycle_32-bit_RISC-V_Processor/openlane/riscv32_singlecycle_top/../../src/alu.v:150$42_Y.
Removed top 3 bits (of 4) from mux cell alu_control.$procmux$152 ($mux).
Removed top 2 bits (of 3) from port B of cell alu_control.$procmux$160_CMP0 ($eq).
Removed top 1 bits (of 3) from port B of cell alu_control.$procmux$161_CMP0 ($eq).
Removed top 1 bits (of 3) from port B of cell alu_control.$procmux$162_CMP0 ($eq).
Removed top 3 bits (of 4) from mux cell alu_control.$procmux$186 ($mux).
Removed top 1 bits (of 2) from port B of cell alu_control.$procmux$207_CMP0 ($eq).
Removed top 3 bits (of 4) from wire alu_control.$3\alu_ctrl[3:0].
Removed top 2 bits (of 3) from port B of cell branch_unit.$procmux$101_CMP0 ($eq).
Removed top 1 bits (of 7) from port B of cell decoder_controller.$procmux$234_CMP0 ($eq).
Removed top 5 bits (of 7) from port B of cell decoder_controller.$procmux$243_CMP0 ($eq).
Removed top 2 bits (of 7) from port B of cell decoder_controller.$procmux$246_CMP0 ($eq).
Removed top 2 bits (of 7) from port B of cell decoder_controller.$procmux$254_CMP0 ($eq).
Removed top 1 bits (of 7) from port B of cell decoder_controller.$procmux$255_CMP0 ($eq).
Removed top 1 bits (of 7) from port B of cell decoder_controller.$procmux$266_CMP0 ($eq).
Removed top 29 bits (of 32) from port B of cell pc_next_logic.$add$/home/prabhat/Work_Ubuntu/RV32I_Single-Cycle_32-bit_RISC-V_Processor/openlane/riscv32_singlecycle_top/../../src/pc_next_logic.v:61$58 ($add).
Removed top 1 bits (of 7) from port B of cell riscv32_singlecycle_top.$eq$/home/prabhat/Work_Ubuntu/RV32I_Single-Cycle_32-bit_RISC-V_Processor/openlane/riscv32_singlecycle_top/../../src/riscv32_singlecycle_top.v:206$2 ($eq).
Removed top 1 bits (of 3) from port B of cell wb_mux.$procmux$74_CMP0 ($eq).
Removed top 1 bits (of 3) from port B of cell wb_mux.$procmux$73_CMP0 ($eq).
Removed top 2 bits (of 3) from port B of cell wb_mux.$procmux$75_CMP0 ($eq).

38. Executing PEEPOPT pass (run peephole optimizers).

39. Executing OPT_CLEAN pass (remove unused cells and wires).
Finding unused cells or wires in module $paramod\dmem\DEPTH=s32'00000000000000000000000100000000..
Finding unused cells or wires in module $paramod\imem\MEM_DEPTH_WORDS=s32'00000000000000000000000100000000..
Finding unused cells or wires in module \alu..
Finding unused cells or wires in module \alu_control..
Finding unused cells or wires in module \branch_unit..
Finding unused cells or wires in module \decoder_controller..
Finding unused cells or wires in module \imm_gen..
Finding unused cells or wires in module \pc_next_logic..
Finding unused cells or wires in module \pc_reg..
Finding unused cells or wires in module \regfile..
Finding unused cells or wires in module \riscv32_singlecycle_top..
Finding unused cells or wires in module \wb_mux..
Removed 0 unused cells and 3 unused wires.
<suppressed ~2 debug messages>

40. Executing ALUMACC pass (create $alu and $macc cells).
Extracting $alu and $macc cells in module $paramod\dmem\DEPTH=s32'00000000000000000000000100000000:
  created 0 $alu and 0 $macc cells.
Extracting $alu and $macc cells in module $paramod\imem\MEM_DEPTH_WORDS=s32'00000000000000000000000100000000:
  created 0 $alu and 0 $macc cells.
Extracting $alu and $macc cells in module alu:
  creating $macc model for $add$/home/prabhat/Work_Ubuntu/RV32I_Single-Cycle_32-bit_RISC-V_Processor/openlane/riscv32_singlecycle_top/../../src/alu.v:109$32 ($add).
  creating $macc model for $add$/home/prabhat/Work_Ubuntu/RV32I_Single-Cycle_32-bit_RISC-V_Processor/openlane/riscv32_singlecycle_top/../../src/alu.v:77$25 ($add).
  creating $macc model for $add$/home/prabhat/Work_Ubuntu/RV32I_Single-Cycle_32-bit_RISC-V_Processor/openlane/riscv32_singlecycle_top/../../src/alu.v:96$27 ($add).
  creating $alu model for $macc $add$/home/prabhat/Work_Ubuntu/RV32I_Single-Cycle_32-bit_RISC-V_Processor/openlane/riscv32_singlecycle_top/../../src/alu.v:96$27.
  creating $alu model for $macc $add$/home/prabhat/Work_Ubuntu/RV32I_Single-Cycle_32-bit_RISC-V_Processor/openlane/riscv32_singlecycle_top/../../src/alu.v:77$25.
  creating $alu model for $macc $add$/home/prabhat/Work_Ubuntu/RV32I_Single-Cycle_32-bit_RISC-V_Processor/openlane/riscv32_singlecycle_top/../../src/alu.v:109$32.
  creating $alu model for $lt$/home/prabhat/Work_Ubuntu/RV32I_Single-Cycle_32-bit_RISC-V_Processor/openlane/riscv32_singlecycle_top/../../src/alu.v:143$39 ($lt): new $alu
  creating $alu model for $lt$/home/prabhat/Work_Ubuntu/RV32I_Single-Cycle_32-bit_RISC-V_Processor/openlane/riscv32_singlecycle_top/../../src/alu.v:150$41 ($lt): new $alu
  creating $alu cell for $add$/home/prabhat/Work_Ubuntu/RV32I_Single-Cycle_32-bit_RISC-V_Processor/openlane/riscv32_singlecycle_top/../../src/alu.v:109$32: $auto$alumacc.cc:485:replace_alu$298
  creating $alu cell for $add$/home/prabhat/Work_Ubuntu/RV32I_Single-Cycle_32-bit_RISC-V_Processor/openlane/riscv32_singlecycle_top/../../src/alu.v:77$25: $auto$alumacc.cc:485:replace_alu$301
  creating $alu cell for $lt$/home/prabhat/Work_Ubuntu/RV32I_Single-Cycle_32-bit_RISC-V_Processor/openlane/riscv32_singlecycle_top/../../src/alu.v:150$41: $auto$alumacc.cc:485:replace_alu$304
  creating $alu cell for $lt$/home/prabhat/Work_Ubuntu/RV32I_Single-Cycle_32-bit_RISC-V_Processor/openlane/riscv32_singlecycle_top/../../src/alu.v:143$39: $auto$alumacc.cc:485:replace_alu$309
  creating $alu cell for $add$/home/prabhat/Work_Ubuntu/RV32I_Single-Cycle_32-bit_RISC-V_Processor/openlane/riscv32_singlecycle_top/../../src/alu.v:96$27: $auto$alumacc.cc:485:replace_alu$316
  created 5 $alu and 0 $macc cells.
Extracting $alu and $macc cells in module alu_control:
  created 0 $alu and 0 $macc cells.
Extracting $alu and $macc cells in module branch_unit:
  creating $alu model for $lt$/home/prabhat/Work_Ubuntu/RV32I_Single-Cycle_32-bit_RISC-V_Processor/openlane/riscv32_singlecycle_top/../../src/branch_unit.v:54$48 ($lt): new $alu
  creating $alu model for $lt$/home/prabhat/Work_Ubuntu/RV32I_Single-Cycle_32-bit_RISC-V_Processor/openlane/riscv32_singlecycle_top/../../src/branch_unit.v:55$49 ($lt): new $alu
  creating $alu model for $eq$/home/prabhat/Work_Ubuntu/RV32I_Single-Cycle_32-bit_RISC-V_Processor/openlane/riscv32_singlecycle_top/../../src/branch_unit.v:53$47 ($eq): merged with $lt$/home/prabhat/Work_Ubuntu/RV32I_Single-Cycle_32-bit_RISC-V_Processor/openlane/riscv32_singlecycle_top/../../src/branch_unit.v:55$49.
  creating $alu cell for $lt$/home/prabhat/Work_Ubuntu/RV32I_Single-Cycle_32-bit_RISC-V_Processor/openlane/riscv32_singlecycle_top/../../src/branch_unit.v:55$49, $eq$/home/prabhat/Work_Ubuntu/RV32I_Single-Cycle_32-bit_RISC-V_Processor/openlane/riscv32_singlecycle_top/../../src/branch_unit.v:53$47: $auto$alumacc.cc:485:replace_alu$321
  creating $alu cell for $lt$/home/prabhat/Work_Ubuntu/RV32I_Single-Cycle_32-bit_RISC-V_Processor/openlane/riscv32_singlecycle_top/../../src/branch_unit.v:54$48: $auto$alumacc.cc:485:replace_alu$332
  created 2 $alu and 0 $macc cells.
Extracting $alu and $macc cells in module decoder_controller:
  created 0 $alu and 0 $macc cells.
Extracting $alu and $macc cells in module imm_gen:
  created 0 $alu and 0 $macc cells.
Extracting $alu and $macc cells in module pc_next_logic:
  creating $macc model for $add$/home/prabhat/Work_Ubuntu/RV32I_Single-Cycle_32-bit_RISC-V_Processor/openlane/riscv32_singlecycle_top/../../src/pc_next_logic.v:61$58 ($add).
  creating $macc model for $add$/home/prabhat/Work_Ubuntu/RV32I_Single-Cycle_32-bit_RISC-V_Processor/openlane/riscv32_singlecycle_top/../../src/pc_next_logic.v:74$60 ($add).
  creating $macc model for $add$/home/prabhat/Work_Ubuntu/RV32I_Single-Cycle_32-bit_RISC-V_Processor/openlane/riscv32_singlecycle_top/../../src/pc_next_logic.v:79$62 ($add).
  creating $macc model for $add$/home/prabhat/Work_Ubuntu/RV32I_Single-Cycle_32-bit_RISC-V_Processor/openlane/riscv32_singlecycle_top/../../src/pc_next_logic.v:84$64 ($add).
  creating $alu model for $macc $add$/home/prabhat/Work_Ubuntu/RV32I_Single-Cycle_32-bit_RISC-V_Processor/openlane/riscv32_singlecycle_top/../../src/pc_next_logic.v:84$64.
  creating $alu model for $macc $add$/home/prabhat/Work_Ubuntu/RV32I_Single-Cycle_32-bit_RISC-V_Processor/openlane/riscv32_singlecycle_top/../../src/pc_next_logic.v:79$62.
  creating $alu model for $macc $add$/home/prabhat/Work_Ubuntu/RV32I_Single-Cycle_32-bit_RISC-V_Processor/openlane/riscv32_singlecycle_top/../../src/pc_next_logic.v:74$60.
  creating $alu model for $macc $add$/home/prabhat/Work_Ubuntu/RV32I_Single-Cycle_32-bit_RISC-V_Processor/openlane/riscv32_singlecycle_top/../../src/pc_next_logic.v:61$58.
  creating $alu cell for $add$/home/prabhat/Work_Ubuntu/RV32I_Single-Cycle_32-bit_RISC-V_Processor/openlane/riscv32_singlecycle_top/../../src/pc_next_logic.v:61$58: $auto$alumacc.cc:485:replace_alu$345
  creating $alu cell for $add$/home/prabhat/Work_Ubuntu/RV32I_Single-Cycle_32-bit_RISC-V_Processor/openlane/riscv32_singlecycle_top/../../src/pc_next_logic.v:74$60: $auto$alumacc.cc:485:replace_alu$348
  creating $alu cell for $add$/home/prabhat/Work_Ubuntu/RV32I_Single-Cycle_32-bit_RISC-V_Processor/openlane/riscv32_singlecycle_top/../../src/pc_next_logic.v:79$62: $auto$alumacc.cc:485:replace_alu$351
  creating $alu cell for $add$/home/prabhat/Work_Ubuntu/RV32I_Single-Cycle_32-bit_RISC-V_Processor/openlane/riscv32_singlecycle_top/../../src/pc_next_logic.v:84$64: $auto$alumacc.cc:485:replace_alu$354
  created 4 $alu and 0 $macc cells.
Extracting $alu and $macc cells in module pc_reg:
  created 0 $alu and 0 $macc cells.
Extracting $alu and $macc cells in module regfile:
  created 0 $alu and 0 $macc cells.
Extracting $alu and $macc cells in module riscv32_singlecycle_top:
  creating $macc model for $add$/home/prabhat/Work_Ubuntu/RV32I_Single-Cycle_32-bit_RISC-V_Processor/openlane/riscv32_singlecycle_top/../../src/riscv32_singlecycle_top.v:283$5 ($add).
  creating $alu model for $macc $add$/home/prabhat/Work_Ubuntu/RV32I_Single-Cycle_32-bit_RISC-V_Processor/openlane/riscv32_singlecycle_top/../../src/riscv32_singlecycle_top.v:283$5.
  creating $alu cell for $add$/home/prabhat/Work_Ubuntu/RV32I_Single-Cycle_32-bit_RISC-V_Processor/openlane/riscv32_singlecycle_top/../../src/riscv32_singlecycle_top.v:283$5: $auto$alumacc.cc:485:replace_alu$357
  created 1 $alu and 0 $macc cells.
Extracting $alu and $macc cells in module wb_mux:
  created 0 $alu and 0 $macc cells.

41. Executing SHARE pass (SAT-based resource sharing).
Found 3 cells in module alu that may be considered for resource sharing.
  Analyzing resource sharing options for $sshr$/home/prabhat/Work_Ubuntu/RV32I_Single-Cycle_32-bit_RISC-V_Processor/openlane/riscv32_singlecycle_top/../../src/alu.v:172$45 ($sshr):
    Found 1 activation_patterns using ctrl signal $procmux$129_CMP.
    No candidates found.
  Analyzing resource sharing options for $shr$/home/prabhat/Work_Ubuntu/RV32I_Single-Cycle_32-bit_RISC-V_Processor/openlane/riscv32_singlecycle_top/../../src/alu.v:165$44 ($shr):
    Found 1 activation_patterns using ctrl signal $procmux$130_CMP.
    No candidates found.
  Analyzing resource sharing options for $shl$/home/prabhat/Work_Ubuntu/RV32I_Single-Cycle_32-bit_RISC-V_Processor/openlane/riscv32_singlecycle_top/../../src/alu.v:158$43 ($shl):
    Found 1 activation_patterns using ctrl signal $procmux$131_CMP.
    No candidates found.

42. Executing OPT pass (performing simple optimizations).

42.1. Executing OPT_EXPR pass (perform const folding).
Optimizing module $paramod\dmem\DEPTH=s32'00000000000000000000000100000000.
Optimizing module $paramod\imem\MEM_DEPTH_WORDS=s32'00000000000000000000000100000000.
Optimizing module alu.
<suppressed ~1 debug messages>
Optimizing module alu_control.
Optimizing module branch_unit.
<suppressed ~2 debug messages>
Optimizing module decoder_controller.
Optimizing module imm_gen.
Optimizing module pc_next_logic.
Optimizing module pc_reg.
Optimizing module regfile.
Optimizing module riscv32_singlecycle_top.
Optimizing module wb_mux.

42.2. Executing OPT_MERGE pass (detect identical cells).
Finding identical cells in module `$paramod\dmem\DEPTH=s32'00000000000000000000000100000000'.
Finding identical cells in module `$paramod\imem\MEM_DEPTH_WORDS=s32'00000000000000000000000100000000'.
Finding identical cells in module `\alu'.
Finding identical cells in module `\alu_control'.
Finding identical cells in module `\branch_unit'.
Finding identical cells in module `\decoder_controller'.
Finding identical cells in module `\imm_gen'.
Finding identical cells in module `\pc_next_logic'.
Finding identical cells in module `\pc_reg'.
Finding identical cells in module `\regfile'.
Finding identical cells in module `\riscv32_singlecycle_top'.
Finding identical cells in module `\wb_mux'.
Removed a total of 0 cells.

42.3. Executing OPT_MUXTREE pass (detect dead branches in mux trees).
Running muxtree optimizer on module $paramod\dmem\DEPTH=s32'00000000000000000000000100000000..
  Creating internal representation of mux trees.
  Evaluating internal representation of mux trees.
  Analyzing evaluation results.
Running muxtree optimizer on module $paramod\imem\MEM_DEPTH_WORDS=s32'00000000000000000000000100000000..
  Creating internal representation of mux trees.
  No muxes found in this module.
Running muxtree optimizer on module \alu..
  Creating internal representation of mux trees.
  Evaluating internal representation of mux trees.
  Analyzing evaluation results.
Running muxtree optimizer on module \alu_control..
  Creating internal representation of mux trees.
  Evaluating internal representation of mux trees.
  Analyzing evaluation results.
Running muxtree optimizer on module \branch_unit..
  Creating internal representation of mux trees.
  Evaluating internal representation of mux trees.
  Analyzing evaluation results.
Running muxtree optimizer on module \decoder_controller..
  Creating internal representation of mux trees.
  Evaluating internal representation of mux trees.
  Analyzing evaluation results.
Running muxtree optimizer on module \imm_gen..
  Creating internal representation of mux trees.
  No muxes found in this module.
Running muxtree optimizer on module \pc_next_logic..
  Creating internal representation of mux trees.
  Evaluating internal representation of mux trees.
  Analyzing evaluation results.
Running muxtree optimizer on module \pc_reg..
  Creating internal representation of mux trees.
  No muxes found in this module.
Running muxtree optimizer on module \regfile..
  Creating internal representation of mux trees.
  Evaluating internal representation of mux trees.
  Analyzing evaluation results.
Running muxtree optimizer on module \riscv32_singlecycle_top..
  Creating internal representation of mux trees.
  Evaluating internal representation of mux trees.
  Analyzing evaluation results.
Running muxtree optimizer on module \wb_mux..
  Creating internal representation of mux trees.
  Evaluating internal representation of mux trees.
  Analyzing evaluation results.
Removed 0 multiplexer ports.
<suppressed ~23 debug messages>

42.4. Executing OPT_REDUCE pass (consolidate $*mux and $reduce_* inputs).
  Optimizing cells in module $paramod\dmem\DEPTH=s32'00000000000000000000000100000000.
  Optimizing cells in module $paramod\imem\MEM_DEPTH_WORDS=s32'00000000000000000000000100000000.
  Optimizing cells in module \alu.
  Optimizing cells in module \alu_control.
  Optimizing cells in module \branch_unit.
  Optimizing cells in module \decoder_controller.
  Optimizing cells in module \imm_gen.
  Optimizing cells in module \pc_next_logic.
  Optimizing cells in module \pc_reg.
  Optimizing cells in module \regfile.
  Optimizing cells in module \riscv32_singlecycle_top.
  Optimizing cells in module \wb_mux.
Performed a total of 0 changes.

42.5. Executing OPT_MERGE pass (detect identical cells).
Finding identical cells in module `$paramod\dmem\DEPTH=s32'00000000000000000000000100000000'.
Finding identical cells in module `$paramod\imem\MEM_DEPTH_WORDS=s32'00000000000000000000000100000000'.
Finding identical cells in module `\alu'.
Finding identical cells in module `\alu_control'.
<suppressed ~3 debug messages>
Finding identical cells in module `\branch_unit'.
Finding identical cells in module `\decoder_controller'.
Finding identical cells in module `\imm_gen'.
Finding identical cells in module `\pc_next_logic'.
Finding identical cells in module `\pc_reg'.
Finding identical cells in module `\regfile'.
Finding identical cells in module `\riscv32_singlecycle_top'.
Finding identical cells in module `\wb_mux'.
Removed a total of 1 cells.

42.6. Executing OPT_DFF pass (perform DFF optimizations).

42.7. Executing OPT_CLEAN pass (remove unused cells and wires).
Finding unused cells or wires in module $paramod\dmem\DEPTH=s32'00000000000000000000000100000000..
Finding unused cells or wires in module $paramod\imem\MEM_DEPTH_WORDS=s32'00000000000000000000000100000000..
Finding unused cells or wires in module \alu..
Finding unused cells or wires in module \alu_control..
Finding unused cells or wires in module \branch_unit..
Finding unused cells or wires in module \decoder_controller..
Finding unused cells or wires in module \imm_gen..
Finding unused cells or wires in module \pc_next_logic..
Finding unused cells or wires in module \pc_reg..
Finding unused cells or wires in module \regfile..
Finding unused cells or wires in module \riscv32_singlecycle_top..
Finding unused cells or wires in module \wb_mux..
Removed 1 unused cells and 9 unused wires.
<suppressed ~4 debug messages>

42.8. Executing OPT_EXPR pass (perform const folding).
Optimizing module $paramod\dmem\DEPTH=s32'00000000000000000000000100000000.
Optimizing module $paramod\imem\MEM_DEPTH_WORDS=s32'00000000000000000000000100000000.
Optimizing module alu.
Optimizing module alu_control.
Optimizing module branch_unit.
Optimizing module decoder_controller.
Optimizing module imm_gen.
Optimizing module pc_next_logic.
Optimizing module pc_reg.
Optimizing module regfile.
Optimizing module riscv32_singlecycle_top.
Optimizing module wb_mux.

42.9. Rerunning OPT passes. (Maybe there is more to do..)

42.10. Executing OPT_MUXTREE pass (detect dead branches in mux trees).
Running muxtree optimizer on module $paramod\dmem\DEPTH=s32'00000000000000000000000100000000..
  Creating internal representation of mux trees.
  Evaluating internal representation of mux trees.
  Analyzing evaluation results.
Running muxtree optimizer on module $paramod\imem\MEM_DEPTH_WORDS=s32'00000000000000000000000100000000..
  Creating internal representation of mux trees.
  No muxes found in this module.
Running muxtree optimizer on module \alu..
  Creating internal representation of mux trees.
  Evaluating internal representation of mux trees.
  Analyzing evaluation results.
Running muxtree optimizer on module \alu_control..
  Creating internal representation of mux trees.
  Evaluating internal representation of mux trees.
  Analyzing evaluation results.
Running muxtree optimizer on module \branch_unit..
  Creating internal representation of mux trees.
  Evaluating internal representation of mux trees.
  Analyzing evaluation results.
Running muxtree optimizer on module \decoder_controller..
  Creating internal representation of mux trees.
  Evaluating internal representation of mux trees.
  Analyzing evaluation results.
Running muxtree optimizer on module \imm_gen..
  Creating internal representation of mux trees.
  No muxes found in this module.
Running muxtree optimizer on module \pc_next_logic..
  Creating internal representation of mux trees.
  Evaluating internal representation of mux trees.
  Analyzing evaluation results.
Running muxtree optimizer on module \pc_reg..
  Creating internal representation of mux trees.
  No muxes found in this module.
Running muxtree optimizer on module \regfile..
  Creating internal representation of mux trees.
  Evaluating internal representation of mux trees.
  Analyzing evaluation results.
Running muxtree optimizer on module \riscv32_singlecycle_top..
  Creating internal representation of mux trees.
  Evaluating internal representation of mux trees.
  Analyzing evaluation results.
Running muxtree optimizer on module \wb_mux..
  Creating internal representation of mux trees.
  Evaluating internal representation of mux trees.
  Analyzing evaluation results.
Removed 0 multiplexer ports.
<suppressed ~23 debug messages>

42.11. Executing OPT_REDUCE pass (consolidate $*mux and $reduce_* inputs).
  Optimizing cells in module $paramod\dmem\DEPTH=s32'00000000000000000000000100000000.
  Optimizing cells in module $paramod\imem\MEM_DEPTH_WORDS=s32'00000000000000000000000100000000.
  Optimizing cells in module \alu.
  Optimizing cells in module \alu_control.
  Optimizing cells in module \branch_unit.
  Optimizing cells in module \decoder_controller.
  Optimizing cells in module \imm_gen.
  Optimizing cells in module \pc_next_logic.
  Optimizing cells in module \pc_reg.
  Optimizing cells in module \regfile.
  Optimizing cells in module \riscv32_singlecycle_top.
  Optimizing cells in module \wb_mux.
Performed a total of 0 changes.

42.12. Executing OPT_MERGE pass (detect identical cells).
Finding identical cells in module `$paramod\dmem\DEPTH=s32'00000000000000000000000100000000'.
Finding identical cells in module `$paramod\imem\MEM_DEPTH_WORDS=s32'00000000000000000000000100000000'.
Finding identical cells in module `\alu'.
Finding identical cells in module `\alu_control'.
Finding identical cells in module `\branch_unit'.
Finding identical cells in module `\decoder_controller'.
Finding identical cells in module `\imm_gen'.
Finding identical cells in module `\pc_next_logic'.
Finding identical cells in module `\pc_reg'.
Finding identical cells in module `\regfile'.
Finding identical cells in module `\riscv32_singlecycle_top'.
Finding identical cells in module `\wb_mux'.
Removed a total of 0 cells.

42.13. Executing OPT_DFF pass (perform DFF optimizations).

42.14. Executing OPT_CLEAN pass (remove unused cells and wires).
Finding unused cells or wires in module $paramod\dmem\DEPTH=s32'00000000000000000000000100000000..
Finding unused cells or wires in module $paramod\imem\MEM_DEPTH_WORDS=s32'00000000000000000000000100000000..
Finding unused cells or wires in module \alu..
Finding unused cells or wires in module \alu_control..
Finding unused cells or wires in module \branch_unit..
Finding unused cells or wires in module \decoder_controller..
Finding unused cells or wires in module \imm_gen..
Finding unused cells or wires in module \pc_next_logic..
Finding unused cells or wires in module \pc_reg..
Finding unused cells or wires in module \regfile..
Finding unused cells or wires in module \riscv32_singlecycle_top..
Finding unused cells or wires in module \wb_mux..

42.15. Executing OPT_EXPR pass (perform const folding).
Optimizing module $paramod\dmem\DEPTH=s32'00000000000000000000000100000000.
Optimizing module $paramod\imem\MEM_DEPTH_WORDS=s32'00000000000000000000000100000000.
Optimizing module alu.
Optimizing module alu_control.
Optimizing module branch_unit.
Optimizing module decoder_controller.
Optimizing module imm_gen.
Optimizing module pc_next_logic.
Optimizing module pc_reg.
Optimizing module regfile.
Optimizing module riscv32_singlecycle_top.
Optimizing module wb_mux.

42.16. Finished OPT passes. (There is nothing left to do.)

43. Executing MEMORY pass.

43.1. Executing OPT_MEM pass (optimize memories).
Performed a total of 0 transformations.

43.2. Executing OPT_MEM_PRIORITY pass (removing unnecessary memory write priority relations).
Performed a total of 0 transformations.

43.3. Executing OPT_MEM_FEEDBACK pass (finding memory read-to-write feedback paths).

43.4. Executing MEMORY_BMUX2ROM pass (converting muxes to ROMs).

43.5. Executing MEMORY_DFF pass (merging $dff cells to $memrd).

43.6. Executing OPT_CLEAN pass (remove unused cells and wires).
Finding unused cells or wires in module $paramod\dmem\DEPTH=s32'00000000000000000000000100000000..
Finding unused cells or wires in module $paramod\imem\MEM_DEPTH_WORDS=s32'00000000000000000000000100000000..
Finding unused cells or wires in module \alu..
Finding unused cells or wires in module \alu_control..
Finding unused cells or wires in module \branch_unit..
Finding unused cells or wires in module \decoder_controller..
Finding unused cells or wires in module \imm_gen..
Finding unused cells or wires in module \pc_next_logic..
Finding unused cells or wires in module \pc_reg..
Finding unused cells or wires in module \regfile..
Finding unused cells or wires in module \riscv32_singlecycle_top..
Finding unused cells or wires in module \wb_mux..

43.7. Executing MEMORY_SHARE pass (consolidating $memrd/$memwr cells).

43.8. Executing OPT_MEM_WIDEN pass (optimize memories where all ports are wide).
Performed a total of 0 transformations.

43.9. Executing OPT_CLEAN pass (remove unused cells and wires).
Finding unused cells or wires in module $paramod\dmem\DEPTH=s32'00000000000000000000000100000000..
Finding unused cells or wires in module $paramod\imem\MEM_DEPTH_WORDS=s32'00000000000000000000000100000000..
Finding unused cells or wires in module \alu..
Finding unused cells or wires in module \alu_control..
Finding unused cells or wires in module \branch_unit..
Finding unused cells or wires in module \decoder_controller..
Finding unused cells or wires in module \imm_gen..
Finding unused cells or wires in module \pc_next_logic..
Finding unused cells or wires in module \pc_reg..
Finding unused cells or wires in module \regfile..
Finding unused cells or wires in module \riscv32_singlecycle_top..
Finding unused cells or wires in module \wb_mux..

43.10. Executing MEMORY_COLLECT pass (generating $mem cells).

44. Executing OPT_CLEAN pass (remove unused cells and wires).
Finding unused cells or wires in module $paramod\dmem\DEPTH=s32'00000000000000000000000100000000..
Finding unused cells or wires in module $paramod\imem\MEM_DEPTH_WORDS=s32'00000000000000000000000100000000..
Finding unused cells or wires in module \alu..
Finding unused cells or wires in module \alu_control..
Finding unused cells or wires in module \branch_unit..
Finding unused cells or wires in module \decoder_controller..
Finding unused cells or wires in module \imm_gen..
Finding unused cells or wires in module \pc_next_logic..
Finding unused cells or wires in module \pc_reg..
Finding unused cells or wires in module \regfile..
Finding unused cells or wires in module \riscv32_singlecycle_top..
Finding unused cells or wires in module \wb_mux..

45. Executing OPT pass (performing simple optimizations).

45.1. Executing OPT_EXPR pass (perform const folding).
Optimizing module $paramod\dmem\DEPTH=s32'00000000000000000000000100000000.
Optimizing module $paramod\imem\MEM_DEPTH_WORDS=s32'00000000000000000000000100000000.
Optimizing module alu.
<suppressed ~2 debug messages>
Optimizing module alu_control.
<suppressed ~4 debug messages>
Optimizing module branch_unit.
Optimizing module decoder_controller.
<suppressed ~8 debug messages>
Optimizing module imm_gen.
Optimizing module pc_next_logic.
<suppressed ~1 debug messages>
Optimizing module pc_reg.
Optimizing module regfile.
Optimizing module riscv32_singlecycle_top.
Optimizing module wb_mux.

45.2. Executing OPT_MERGE pass (detect identical cells).
Finding identical cells in module `$paramod\dmem\DEPTH=s32'00000000000000000000000100000000'.
Finding identical cells in module `$paramod\imem\MEM_DEPTH_WORDS=s32'00000000000000000000000100000000'.
Finding identical cells in module `\alu'.
Finding identical cells in module `\alu_control'.
Finding identical cells in module `\branch_unit'.
Finding identical cells in module `\decoder_controller'.
Finding identical cells in module `\imm_gen'.
Finding identical cells in module `\pc_next_logic'.
Finding identical cells in module `\pc_reg'.
Finding identical cells in module `\regfile'.
Finding identical cells in module `\riscv32_singlecycle_top'.
Finding identical cells in module `\wb_mux'.
Removed a total of 0 cells.

45.3. Executing OPT_DFF pass (perform DFF optimizations).

45.4. Executing OPT_CLEAN pass (remove unused cells and wires).
Finding unused cells or wires in module $paramod\dmem\DEPTH=s32'00000000000000000000000100000000..
Finding unused cells or wires in module $paramod\imem\MEM_DEPTH_WORDS=s32'00000000000000000000000100000000..
Finding unused cells or wires in module \alu..
Finding unused cells or wires in module \alu_control..
Finding unused cells or wires in module \branch_unit..
Finding unused cells or wires in module \decoder_controller..
Finding unused cells or wires in module \imm_gen..
Finding unused cells or wires in module \pc_next_logic..
Finding unused cells or wires in module \pc_reg..
Finding unused cells or wires in module \regfile..
Finding unused cells or wires in module \riscv32_singlecycle_top..
Finding unused cells or wires in module \wb_mux..
Removed 2 unused cells and 12 unused wires.
<suppressed ~5 debug messages>

45.5. Finished fast OPT passes.

46. Executing MEMORY_MAP pass (converting memories to logic and flip-flops).

47. Executing OPT pass (performing simple optimizations).

47.1. Executing OPT_EXPR pass (perform const folding).
Optimizing module $paramod\dmem\DEPTH=s32'00000000000000000000000100000000.
Optimizing module $paramod\imem\MEM_DEPTH_WORDS=s32'00000000000000000000000100000000.
Optimizing module alu.
Optimizing module alu_control.
Optimizing module branch_unit.
Optimizing module decoder_controller.
Optimizing module imm_gen.
Optimizing module pc_next_logic.
Optimizing module pc_reg.
Optimizing module regfile.
Optimizing module riscv32_singlecycle_top.
Optimizing module wb_mux.

47.2. Executing OPT_MERGE pass (detect identical cells).
Finding identical cells in module `$paramod\dmem\DEPTH=s32'00000000000000000000000100000000'.
Finding identical cells in module `$paramod\imem\MEM_DEPTH_WORDS=s32'00000000000000000000000100000000'.
Finding identical cells in module `\alu'.
Finding identical cells in module `\alu_control'.
Finding identical cells in module `\branch_unit'.
Finding identical cells in module `\decoder_controller'.
Finding identical cells in module `\imm_gen'.
Finding identical cells in module `\pc_next_logic'.
Finding identical cells in module `\pc_reg'.
Finding identical cells in module `\regfile'.
Finding identical cells in module `\riscv32_singlecycle_top'.
Finding identical cells in module `\wb_mux'.
Removed a total of 0 cells.

47.3. Executing OPT_MUXTREE pass (detect dead branches in mux trees).
Running muxtree optimizer on module $paramod\dmem\DEPTH=s32'00000000000000000000000100000000..
  Creating internal representation of mux trees.
  Evaluating internal representation of mux trees.
  Analyzing evaluation results.
Running muxtree optimizer on module $paramod\imem\MEM_DEPTH_WORDS=s32'00000000000000000000000100000000..
  Creating internal representation of mux trees.
  No muxes found in this module.
Running muxtree optimizer on module \alu..
  Creating internal representation of mux trees.
  Evaluating internal representation of mux trees.
  Analyzing evaluation results.
Running muxtree optimizer on module \alu_control..
  Creating internal representation of mux trees.
  Evaluating internal representation of mux trees.
  Analyzing evaluation results.
Running muxtree optimizer on module \branch_unit..
  Creating internal representation of mux trees.
  Evaluating internal representation of mux trees.
  Analyzing evaluation results.
Running muxtree optimizer on module \decoder_controller..
  Creating internal representation of mux trees.
  Evaluating internal representation of mux trees.
  Analyzing evaluation results.
Running muxtree optimizer on module \imm_gen..
  Creating internal representation of mux trees.
  No muxes found in this module.
Running muxtree optimizer on module \pc_next_logic..
  Creating internal representation of mux trees.
  Evaluating internal representation of mux trees.
  Analyzing evaluation results.
Running muxtree optimizer on module \pc_reg..
  Creating internal representation of mux trees.
  No muxes found in this module.
Running muxtree optimizer on module \regfile..
  Creating internal representation of mux trees.
  Evaluating internal representation of mux trees.
  Analyzing evaluation results.
Running muxtree optimizer on module \riscv32_singlecycle_top..
  Creating internal representation of mux trees.
  Evaluating internal representation of mux trees.
  Analyzing evaluation results.
Running muxtree optimizer on module \wb_mux..
  Creating internal representation of mux trees.
  Evaluating internal representation of mux trees.
  Analyzing evaluation results.
Removed 0 multiplexer ports.
<suppressed ~14 debug messages>

47.4. Executing OPT_REDUCE pass (consolidate $*mux and $reduce_* inputs).
  Optimizing cells in module $paramod\dmem\DEPTH=s32'00000000000000000000000100000000.
  Optimizing cells in module $paramod\imem\MEM_DEPTH_WORDS=s32'00000000000000000000000100000000.
  Optimizing cells in module \alu.
  Optimizing cells in module \alu_control.
  Optimizing cells in module \branch_unit.
  Optimizing cells in module \decoder_controller.
  Optimizing cells in module \imm_gen.
  Optimizing cells in module \pc_next_logic.
  Optimizing cells in module \pc_reg.
  Optimizing cells in module \regfile.
  Optimizing cells in module \riscv32_singlecycle_top.
  Optimizing cells in module \wb_mux.
Performed a total of 0 changes.

47.5. Executing OPT_MERGE pass (detect identical cells).
Finding identical cells in module `$paramod\dmem\DEPTH=s32'00000000000000000000000100000000'.
Finding identical cells in module `$paramod\imem\MEM_DEPTH_WORDS=s32'00000000000000000000000100000000'.
Finding identical cells in module `\alu'.
Finding identical cells in module `\alu_control'.
Finding identical cells in module `\branch_unit'.
Finding identical cells in module `\decoder_controller'.
Finding identical cells in module `\imm_gen'.
Finding identical cells in module `\pc_next_logic'.
Finding identical cells in module `\pc_reg'.
Finding identical cells in module `\regfile'.
Finding identical cells in module `\riscv32_singlecycle_top'.
Finding identical cells in module `\wb_mux'.
Removed a total of 0 cells.

47.6. Executing OPT_SHARE pass.

47.7. Executing OPT_DFF pass (perform DFF optimizations).

47.8. Executing OPT_CLEAN pass (remove unused cells and wires).
Finding unused cells or wires in module $paramod\dmem\DEPTH=s32'00000000000000000000000100000000..
Finding unused cells or wires in module $paramod\imem\MEM_DEPTH_WORDS=s32'00000000000000000000000100000000..
Finding unused cells or wires in module \alu..
Finding unused cells or wires in module \alu_control..
Finding unused cells or wires in module \branch_unit..
Finding unused cells or wires in module \decoder_controller..
Finding unused cells or wires in module \imm_gen..
Finding unused cells or wires in module \pc_next_logic..
Finding unused cells or wires in module \pc_reg..
Finding unused cells or wires in module \regfile..
Finding unused cells or wires in module \riscv32_singlecycle_top..
Finding unused cells or wires in module \wb_mux..

47.9. Executing OPT_EXPR pass (perform const folding).
Optimizing module $paramod\dmem\DEPTH=s32'00000000000000000000000100000000.
Optimizing module $paramod\imem\MEM_DEPTH_WORDS=s32'00000000000000000000000100000000.
Optimizing module alu.
Optimizing module alu_control.
Optimizing module branch_unit.
Optimizing module decoder_controller.
Optimizing module imm_gen.
Optimizing module pc_next_logic.
Optimizing module pc_reg.
Optimizing module regfile.
Optimizing module riscv32_singlecycle_top.
Optimizing module wb_mux.

47.10. Finished OPT passes. (There is nothing left to do.)

48. Executing TECHMAP pass (map to technology primitives).

48.1. Executing Verilog-2005 frontend: /build/bin/../share/yosys/techmap.v
Parsing Verilog input from `/build/bin/../share/yosys/techmap.v' to AST representation.
Generating RTLIL representation for module `\_90_simplemap_bool_ops'.
Generating RTLIL representation for module `\_90_simplemap_reduce_ops'.
Generating RTLIL representation for module `\_90_simplemap_logic_ops'.
Generating RTLIL representation for module `\_90_simplemap_compare_ops'.
Generating RTLIL representation for module `\_90_simplemap_various'.
Generating RTLIL representation for module `\_90_simplemap_registers'.
Generating RTLIL representation for module `\_90_shift_ops_shr_shl_sshl_sshr'.
Generating RTLIL representation for module `\_90_shift_shiftx'.
Generating RTLIL representation for module `\_90_fa'.
Generating RTLIL representation for module `\_90_lcu'.
Generating RTLIL representation for module `\_90_alu'.
Generating RTLIL representation for module `\_90_macc'.
Generating RTLIL representation for module `\_90_alumacc'.
Generating RTLIL representation for module `\$__div_mod_u'.
Generating RTLIL representation for module `\$__div_mod_trunc'.
Generating RTLIL representation for module `\_90_div'.
Generating RTLIL representation for module `\_90_mod'.
Generating RTLIL representation for module `\$__div_mod_floor'.
Generating RTLIL representation for module `\_90_divfloor'.
Generating RTLIL representation for module `\_90_modfloor'.
Generating RTLIL representation for module `\_90_pow'.
Generating RTLIL representation for module `\_90_pmux'.
Generating RTLIL representation for module `\_90_demux'.
Generating RTLIL representation for module `\_90_lut'.
Successfully finished Verilog frontend.

48.2. Continuing TECHMAP pass.
Using extmapper simplemap for cells of type $eq.
Using template $paramod$59b03ae2620a41577de8da5f5c97b2919e82362b\_90_pmux for cells of type $pmux.
Using extmapper simplemap for cells of type $logic_not.
Using extmapper simplemap for cells of type $reduce_or.
Using extmapper simplemap for cells of type $and.
Using extmapper simplemap for cells of type $mux.
Using template $paramod$fbc7873bff55778c0b3173955b7e4bce1d9d6834\_90_alu for cells of type $alu.
Using extmapper simplemap for cells of type $xor.
Using template $paramod\_90_lcu\WIDTH=32'00000000000000000000000000100000 for cells of type $lcu.
Using extmapper simplemap for cells of type $pos.
Using extmapper simplemap for cells of type $not.
Using extmapper simplemap for cells of type $or.
Using extmapper simplemap for cells of type $logic_and.
Using extmapper simplemap for cells of type $reduce_bool.
Using extmapper simplemap for cells of type $sdff.
Using template $paramod$44a13d10af618e7fbe7b9aad2f6151ffcee1e2fa\_90_alu for cells of type $alu.
Using template $paramod\_90_lcu\WIDTH=32'00000000000000000000000000011110 for cells of type $lcu.
Using template $paramod$97565c3687be688407d1272a293bd9d0ae6852dc\_90_pmux for cells of type $pmux.
Using template $paramod$d31bf4d7d72e59528d18fbd4f322e9d608532043\_90_pmux for cells of type $pmux.
Using extmapper simplemap for cells of type $reduce_and.
Using template $paramod$2653f68ddb8eab7b1907b4a20767b72a824a7a36\_90_alu for cells of type $alu.
Using template $paramod$eaeb96106163dbf82031649d189817109fe07c69\_90_pmux for cells of type $pmux.
Using template $paramod$33afdd83bf3811dac2de7a968d39eea5718691bc\_90_pmux for cells of type $pmux.
Using template $paramod$c2e415ef15bc3ccd2723772353a6b450d3d76206\_90_pmux for cells of type $pmux.
Using template $paramod$6a42b6fefed750f8a1c58eab59479d960557103c\_90_alu for cells of type $alu.
Using template $paramod$857150d3a9b7fb38b73bbaa31ff652415e553f98\_90_alu for cells of type $alu.
Using template $paramod$constmap:4621fcf06a436d1e2a4080e2ed9866a7d07a6e07$paramod$335cfd09f1afa8139c4aafcbbe5f361887b79c5e\_90_shift_ops_shr_shl_sshl_sshr for cells of type $shl.
Using template $paramod$constmap:4621fcf06a436d1e2a4080e2ed9866a7d07a6e07$paramod$feecc7a0dbd012970970f2858f15e786e251f677\_90_shift_ops_shr_shl_sshl_sshr for cells of type $shr.
Using template $paramod$constmap:4621fcf06a436d1e2a4080e2ed9866a7d07a6e07$paramod$e765c459d3029c22a22a27989e94858fd9ebfa9c\_90_shift_ops_shr_shl_sshl_sshr for cells of type $sshr.
Using template $paramod$c5c783b17ab1d780abfad8cfe6563a0a7b47a3b0\_90_pmux for cells of type $pmux.
Using template $paramod$104d3d1e82b09b030a785dad8a5e608a6d4401f7\_90_pmux for cells of type $pmux.
Using template $paramod\_90_lcu\WIDTH=32'00000000000000000000000000100001 for cells of type $lcu.
No more expansions possible.
<suppressed ~3951 debug messages>

49. Executing OPT pass (performing simple optimizations).

49.1. Executing OPT_EXPR pass (perform const folding).
Optimizing module $paramod\dmem\DEPTH=s32'00000000000000000000000100000000.
Optimizing module $paramod\imem\MEM_DEPTH_WORDS=s32'00000000000000000000000100000000.
Optimizing module alu.
<suppressed ~532 debug messages>
Optimizing module alu_control.
<suppressed ~118 debug messages>
Optimizing module branch_unit.
<suppressed ~85 debug messages>
Optimizing module decoder_controller.
<suppressed ~90 debug messages>
Optimizing module imm_gen.
Optimizing module pc_next_logic.
<suppressed ~275 debug messages>
Optimizing module pc_reg.
Optimizing module regfile.
<suppressed ~64 debug messages>
Optimizing module riscv32_singlecycle_top.
<suppressed ~75 debug messages>
Optimizing module wb_mux.
<suppressed ~12 debug messages>

49.2. Executing OPT_MERGE pass (detect identical cells).
Finding identical cells in module `$paramod\dmem\DEPTH=s32'00000000000000000000000100000000'.
Finding identical cells in module `$paramod\imem\MEM_DEPTH_WORDS=s32'00000000000000000000000100000000'.
Finding identical cells in module `\alu'.
<suppressed ~1590 debug messages>
Finding identical cells in module `\alu_control'.
<suppressed ~102 debug messages>
Finding identical cells in module `\branch_unit'.
<suppressed ~1002 debug messages>
Finding identical cells in module `\decoder_controller'.
<suppressed ~186 debug messages>
Finding identical cells in module `\imm_gen'.
Finding identical cells in module `\pc_next_logic'.
<suppressed ~189 debug messages>
Finding identical cells in module `\pc_reg'.
Finding identical cells in module `\regfile'.
Finding identical cells in module `\riscv32_singlecycle_top'.
Finding identical cells in module `\wb_mux'.
<suppressed ~9 debug messages>
Removed a total of 1026 cells.

49.3. Executing OPT_DFF pass (perform DFF optimizations).

49.4. Executing OPT_CLEAN pass (remove unused cells and wires).
Finding unused cells or wires in module $paramod\dmem\DEPTH=s32'00000000000000000000000100000000..
Finding unused cells or wires in module $paramod\imem\MEM_DEPTH_WORDS=s32'00000000000000000000000100000000..
Finding unused cells or wires in module \alu..
Finding unused cells or wires in module \alu_control..
Finding unused cells or wires in module \branch_unit..
Finding unused cells or wires in module \decoder_controller..
Finding unused cells or wires in module \imm_gen..
Finding unused cells or wires in module \pc_next_logic..
Finding unused cells or wires in module \pc_reg..
Finding unused cells or wires in module \regfile..
Finding unused cells or wires in module \riscv32_singlecycle_top..
Finding unused cells or wires in module \wb_mux..
Removed 347 unused cells and 1431 unused wires.
<suppressed ~355 debug messages>

49.5. Finished fast OPT passes.

50. Executing ABC pass (technology mapping using ABC).

50.1. Extracting gate netlist of module `$paramod\dmem\DEPTH=s32'00000000000000000000000100000000' to `<abc-temp-dir>/input.blif'..
Extracted 35 gates and 70 wires to a netlist network with 34 inputs and 34 outputs.

50.1.1. Executing ABC.
Running ABC command: "<yosys-exe-dir>/yosys-abc" -s -f <abc-temp-dir>/abc.script 2>&1
ABC: ABC command line: "source <abc-temp-dir>/abc.script".
ABC: 
ABC: + read_blif <abc-temp-dir>/input.blif 
ABC: + read_library <abc-temp-dir>/stdcells.genlib 
ABC: Entered genlib library with 13 gates from file "<abc-temp-dir>/stdcells.genlib".
ABC: + strash 
ABC: + dretime 
ABC: + map 
ABC: + write_blif <abc-temp-dir>/output.blif 

50.1.2. Re-integrating ABC results.
ABC RESULTS:               AND cells:       32
ABC RESULTS:               NOR cells:        1
ABC RESULTS:               NOT cells:        1
ABC RESULTS:        internal signals:        2
ABC RESULTS:           input signals:       34
ABC RESULTS:          output signals:       34
Removing temp directory.

50.2. Extracting gate netlist of module `$paramod\imem\MEM_DEPTH_WORDS=s32'00000000000000000000000100000000' to `<abc-temp-dir>/input.blif'..
Extracted 0 gates and 0 wires to a netlist network with 0 inputs and 0 outputs.
Don't call ABC as there is nothing to map.
Removing temp directory.

50.3. Extracting gate netlist of module `\alu' to `<abc-temp-dir>/input.blif'..
Extracted 1753 gates and 1822 wires to a netlist network with 68 inputs and 35 outputs.

50.3.1. Executing ABC.
Running ABC command: "<yosys-exe-dir>/yosys-abc" -s -f <abc-temp-dir>/abc.script 2>&1
ABC: ABC command line: "source <abc-temp-dir>/abc.script".
ABC: 
ABC: + read_blif <abc-temp-dir>/input.blif 
ABC: + read_library <abc-temp-dir>/stdcells.genlib 
ABC: Entered genlib library with 13 gates from file "<abc-temp-dir>/stdcells.genlib".
ABC: + strash 
ABC: + dretime 
ABC: + map 
ABC: + write_blif <abc-temp-dir>/output.blif 

50.3.2. Re-integrating ABC results.
ABC RESULTS:               AND cells:       60
ABC RESULTS:              NAND cells:       76
ABC RESULTS:               MUX cells:      310
ABC RESULTS:              XNOR cells:       48
ABC RESULTS:               NOT cells:       35
ABC RESULTS:               XOR cells:      111
ABC RESULTS:             ORNOT cells:       76
ABC RESULTS:               NOR cells:       43
ABC RESULTS:                OR cells:      305
ABC RESULTS:            ANDNOT cells:      667
ABC RESULTS:        internal signals:     1719
ABC RESULTS:           input signals:       68
ABC RESULTS:          output signals:       35
Removing temp directory.

50.4. Extracting gate netlist of module `\alu_control' to `<abc-temp-dir>/input.blif'..
Extracted 68 gates and 75 wires to a netlist network with 6 inputs and 4 outputs.

50.4.1. Executing ABC.
Running ABC command: "<yosys-exe-dir>/yosys-abc" -s -f <abc-temp-dir>/abc.script 2>&1
ABC: ABC command line: "source <abc-temp-dir>/abc.script".
ABC: 
ABC: + read_blif <abc-temp-dir>/input.blif 
ABC: + read_library <abc-temp-dir>/stdcells.genlib 
ABC: Entered genlib library with 13 gates from file "<abc-temp-dir>/stdcells.genlib".
ABC: + strash 
ABC: + dretime 
ABC: + map 
ABC: + write_blif <abc-temp-dir>/output.blif 

50.4.2. Re-integrating ABC results.
ABC RESULTS:             ORNOT cells:        2
ABC RESULTS:               NOR cells:        1
ABC RESULTS:               NOT cells:        2
ABC RESULTS:               MUX cells:        4
ABC RESULTS:              NAND cells:        2
ABC RESULTS:               AND cells:        3
ABC RESULTS:                OR cells:       14
ABC RESULTS:            ANDNOT cells:       20
ABC RESULTS:        internal signals:       65
ABC RESULTS:           input signals:        6
ABC RESULTS:          output signals:        4
Removing temp directory.

50.5. Extracting gate netlist of module `\branch_unit' to `<abc-temp-dir>/input.blif'..
Extracted 243 gates and 311 wires to a netlist network with 67 inputs and 1 outputs.

50.5.1. Executing ABC.
Running ABC command: "<yosys-exe-dir>/yosys-abc" -s -f <abc-temp-dir>/abc.script 2>&1
ABC: ABC command line: "source <abc-temp-dir>/abc.script".
ABC: 
ABC: + read_blif <abc-temp-dir>/input.blif 
ABC: + read_library <abc-temp-dir>/stdcells.genlib 
ABC: Entered genlib library with 13 gates from file "<abc-temp-dir>/stdcells.genlib".
ABC: + strash 
ABC: + dretime 
ABC: + map 
ABC: + write_blif <abc-temp-dir>/output.blif 

50.5.2. Re-integrating ABC results.
ABC RESULTS:               XOR cells:       21
ABC RESULTS:               AND cells:        3
ABC RESULTS:              NAND cells:        2
ABC RESULTS:              XNOR cells:       12
ABC RESULTS:             ORNOT cells:       34
ABC RESULTS:               NOT cells:        1
ABC RESULTS:               MUX cells:        3
ABC RESULTS:               NOR cells:        1
ABC RESULTS:                OR cells:       15
ABC RESULTS:            ANDNOT cells:       90
ABC RESULTS:        internal signals:      243
ABC RESULTS:           input signals:       67
ABC RESULTS:          output signals:        1
Removing temp directory.

50.6. Extracting gate netlist of module `\decoder_controller' to `<abc-temp-dir>/input.blif'..
Extracted 62 gates and 70 wires to a netlist network with 7 inputs and 13 outputs.

50.6.1. Executing ABC.
Running ABC command: "<yosys-exe-dir>/yosys-abc" -s -f <abc-temp-dir>/abc.script 2>&1
ABC: ABC command line: "source <abc-temp-dir>/abc.script".
ABC: 
ABC: + read_blif <abc-temp-dir>/input.blif 
ABC: + read_library <abc-temp-dir>/stdcells.genlib 
ABC: Entered genlib library with 13 gates from file "<abc-temp-dir>/stdcells.genlib".
ABC: + strash 
ABC: + dretime 
ABC: + map 
ABC: + write_blif <abc-temp-dir>/output.blif 

50.6.2. Re-integrating ABC results.
ABC RESULTS:               AND cells:        1
ABC RESULTS:             ORNOT cells:        4
ABC RESULTS:              NAND cells:        2
ABC RESULTS:               NOR cells:        2
ABC RESULTS:                OR cells:       20
ABC RESULTS:            ANDNOT cells:       17
ABC RESULTS:        internal signals:       50
ABC RESULTS:           input signals:        7
ABC RESULTS:          output signals:       13
Removing temp directory.

50.7. Extracting gate netlist of module `\imm_gen' to `<abc-temp-dir>/input.blif'..
Extracted 0 gates and 0 wires to a netlist network with 0 inputs and 0 outputs.
Don't call ABC as there is nothing to map.
Removing temp directory.

50.8. Extracting gate netlist of module `\pc_next_logic' to `<abc-temp-dir>/input.blif'..
Extracted 835 gates and 1000 wires to a netlist network with 164 inputs and 62 outputs.

50.8.1. Executing ABC.
Running ABC command: "<yosys-exe-dir>/yosys-abc" -s -f <abc-temp-dir>/abc.script 2>&1
ABC: ABC command line: "source <abc-temp-dir>/abc.script".
ABC: 
ABC: + read_blif <abc-temp-dir>/input.blif 
ABC: + read_library <abc-temp-dir>/stdcells.genlib 
ABC: Entered genlib library with 13 gates from file "<abc-temp-dir>/stdcells.genlib".
ABC: + strash 
ABC: + dretime 
ABC: + map 
ABC: + write_blif <abc-temp-dir>/output.blif 

50.8.2. Re-integrating ABC results.
ABC RESULTS:               NOT cells:        4
ABC RESULTS:             ORNOT cells:       21
ABC RESULTS:               AND cells:       54
ABC RESULTS:                OR cells:      130
ABC RESULTS:              XNOR cells:      105
ABC RESULTS:              NAND cells:       68
ABC RESULTS:               NOR cells:       93
ABC RESULTS:            ANDNOT cells:      156
ABC RESULTS:               XOR cells:      112
ABC RESULTS:               MUX cells:       95
ABC RESULTS:        internal signals:      774
ABC RESULTS:           input signals:      164
ABC RESULTS:          output signals:       62
Removing temp directory.

50.9. Extracting gate netlist of module `\pc_reg' to `<abc-temp-dir>/input.blif'..
Extracted 0 gates and 0 wires to a netlist network with 0 inputs and 0 outputs.
Don't call ABC as there is nothing to map.
Removing temp directory.

50.10. Extracting gate netlist of module `\regfile' to `<abc-temp-dir>/input.blif'..
Extracted 79 gates and 161 wires to a netlist network with 81 inputs and 65 outputs.

50.10.1. Executing ABC.
Running ABC command: "<yosys-exe-dir>/yosys-abc" -s -f <abc-temp-dir>/abc.script 2>&1
ABC: ABC command line: "source <abc-temp-dir>/abc.script".
ABC: 
ABC: + read_blif <abc-temp-dir>/input.blif 
ABC: + read_library <abc-temp-dir>/stdcells.genlib 
ABC: Entered genlib library with 13 gates from file "<abc-temp-dir>/stdcells.genlib".
ABC: + strash 
ABC: + dretime 
ABC: + map 
ABC: + write_blif <abc-temp-dir>/output.blif 

50.10.2. Re-integrating ABC results.
ABC RESULTS:              NAND cells:        1
ABC RESULTS:               NOR cells:        3
ABC RESULTS:            ANDNOT cells:       67
ABC RESULTS:                OR cells:        7
ABC RESULTS:        internal signals:       15
ABC RESULTS:           input signals:       81
ABC RESULTS:          output signals:       65
Removing temp directory.

50.11. Extracting gate netlist of module `\riscv32_singlecycle_top' to `<abc-temp-dir>/input.blif'..
Extracted 325 gates and 526 wires to a netlist network with 201 inputs and 96 outputs.

50.11.1. Executing ABC.
Running ABC command: "<yosys-exe-dir>/yosys-abc" -s -f <abc-temp-dir>/abc.script 2>&1
ABC: ABC command line: "source <abc-temp-dir>/abc.script".
ABC: 
ABC: + read_blif <abc-temp-dir>/input.blif 
ABC: + read_library <abc-temp-dir>/stdcells.genlib 
ABC: Entered genlib library with 13 gates from file "<abc-temp-dir>/stdcells.genlib".
ABC: + strash 
ABC: + dretime 
ABC: + map 
ABC: + write_blif <abc-temp-dir>/output.blif 

50.11.2. Re-integrating ABC results.
ABC RESULTS:               NOT cells:        1
ABC RESULTS:               MUX cells:       96
ABC RESULTS:             ORNOT cells:        9
ABC RESULTS:               AND cells:       14
ABC RESULTS:                OR cells:       45
ABC RESULTS:              XNOR cells:       34
ABC RESULTS:              NAND cells:       18
ABC RESULTS:               NOR cells:       28
ABC RESULTS:            ANDNOT cells:       49
ABC RESULTS:               XOR cells:       29
ABC RESULTS:        internal signals:      229
ABC RESULTS:           input signals:      201
ABC RESULTS:          output signals:       96
Removing temp directory.

50.12. Extracting gate netlist of module `\wb_mux' to `<abc-temp-dir>/input.blif'..
Extracted 341 gates and 505 wires to a netlist network with 163 inputs and 32 outputs.

50.12.1. Executing ABC.
Running ABC command: "<yosys-exe-dir>/yosys-abc" -s -f <abc-temp-dir>/abc.script 2>&1
ABC: ABC command line: "source <abc-temp-dir>/abc.script".
ABC: 
ABC: + read_blif <abc-temp-dir>/input.blif 
ABC: + read_library <abc-temp-dir>/stdcells.genlib 
ABC: Entered genlib library with 13 gates from file "<abc-temp-dir>/stdcells.genlib".
ABC: + strash 
ABC: + dretime 
ABC: + map 
ABC: + write_blif <abc-temp-dir>/output.blif 

50.12.2. Re-integrating ABC results.
ABC RESULTS:              NAND cells:        3
ABC RESULTS:               AND cells:        1
ABC RESULTS:             ORNOT cells:       35
ABC RESULTS:                OR cells:       41
ABC RESULTS:            ANDNOT cells:      253
ABC RESULTS:        internal signals:      310
ABC RESULTS:           input signals:      163
ABC RESULTS:          output signals:       32
Removing temp directory.

51. Executing OPT pass (performing simple optimizations).

51.1. Executing OPT_EXPR pass (perform const folding).
Optimizing module $paramod\dmem\DEPTH=s32'00000000000000000000000100000000.
Optimizing module $paramod\imem\MEM_DEPTH_WORDS=s32'00000000000000000000000100000000.
Optimizing module alu.
<suppressed ~120 debug messages>
Optimizing module alu_control.
Optimizing module branch_unit.
Optimizing module decoder_controller.
Optimizing module imm_gen.
Optimizing module pc_next_logic.
<suppressed ~63 debug messages>
Optimizing module pc_reg.
Optimizing module regfile.
Optimizing module riscv32_singlecycle_top.
<suppressed ~32 debug messages>
Optimizing module wb_mux.

51.2. Executing OPT_MERGE pass (detect identical cells).
Finding identical cells in module `$paramod\dmem\DEPTH=s32'00000000000000000000000100000000'.
Finding identical cells in module `$paramod\imem\MEM_DEPTH_WORDS=s32'00000000000000000000000100000000'.
Finding identical cells in module `\alu'.
Finding identical cells in module `\alu_control'.
<suppressed ~3 debug messages>
Finding identical cells in module `\branch_unit'.
Finding identical cells in module `\decoder_controller'.
<suppressed ~3 debug messages>
Finding identical cells in module `\imm_gen'.
Finding identical cells in module `\pc_next_logic'.
Finding identical cells in module `\pc_reg'.
Finding identical cells in module `\regfile'.
Finding identical cells in module `\riscv32_singlecycle_top'.
Finding identical cells in module `\wb_mux'.
Removed a total of 2 cells.

51.3. Executing OPT_DFF pass (perform DFF optimizations).

51.4. Executing OPT_CLEAN pass (remove unused cells and wires).
Finding unused cells or wires in module $paramod\dmem\DEPTH=s32'00000000000000000000000100000000..
Finding unused cells or wires in module $paramod\imem\MEM_DEPTH_WORDS=s32'00000000000000000000000100000000..
Finding unused cells or wires in module \alu..
Finding unused cells or wires in module \alu_control..
Finding unused cells or wires in module \branch_unit..
Finding unused cells or wires in module \decoder_controller..
Finding unused cells or wires in module \imm_gen..
Finding unused cells or wires in module \pc_next_logic..
Finding unused cells or wires in module \pc_reg..
Finding unused cells or wires in module \regfile..
Finding unused cells or wires in module \riscv32_singlecycle_top..
Finding unused cells or wires in module \wb_mux..
Removed 4 unused cells and 2331 unused wires.
<suppressed ~18 debug messages>

51.5. Finished fast OPT passes.

52. Executing HIERARCHY pass (managing design hierarchy).

52.1. Analyzing design hierarchy..
Top module:  \riscv32_singlecycle_top
Used module:     \alu
Used module:     \alu_control
Used module:     \branch_unit
Used module:     \decoder_controller
Used module:     $paramod\dmem\DEPTH=s32'00000000000000000000000100000000
Used module:     $paramod\imem\MEM_DEPTH_WORDS=s32'00000000000000000000000100000000
Used module:     \imm_gen
Used module:     \pc_next_logic
Used module:     \pc_reg
Used module:     \regfile
Used module:     \wb_mux

52.2. Analyzing design hierarchy..
Top module:  \riscv32_singlecycle_top
Used module:     \alu
Used module:     \alu_control
Used module:     \branch_unit
Used module:     \decoder_controller
Used module:     $paramod\dmem\DEPTH=s32'00000000000000000000000100000000
Used module:     $paramod\imem\MEM_DEPTH_WORDS=s32'00000000000000000000000100000000
Used module:     \imm_gen
Used module:     \pc_next_logic
Used module:     \pc_reg
Used module:     \regfile
Used module:     \wb_mux
Removed 0 unused modules.

53. Printing statistics.

=== $paramod\dmem\DEPTH=s32'00000000000000000000000100000000 ===

   Number of wires:                  9
   Number of wire bits:            133
   Number of public wires:           9
   Number of public wire bits:     133
   Number of memories:               0
   Number of memory bits:            0
   Number of processes:              0
   Number of cells:                 35
     $_AND_                         32
     $_NOR_                          1
     $_NOT_                          1
     sky130_sram_1kbyte_1rw1r_32x256_8      1

=== $paramod\imem\MEM_DEPTH_WORDS=s32'00000000000000000000000100000000 ===

   Number of wires:                  4
   Number of wire bits:             97
   Number of public wires:           4
   Number of public wire bits:      97
   Number of memories:               0
   Number of memory bits:            0
   Number of processes:              0
   Number of cells:                  1
     sky130_sram_1kbyte_1rw1r_32x256_8      1

=== alu ===

   Number of wires:               1703
   Number of wire bits:           1830
   Number of public wires:           9
   Number of public wire bits:     136
   Number of memories:               0
   Number of memory bits:            0
   Number of processes:              0
   Number of cells:               1729
     $_ANDNOT_                     667
     $_AND_                         60
     $_MUX_                        310
     $_NAND_                        76
     $_NOR_                         43
     $_NOT_                         33
     $_ORNOT_                       76
     $_OR_                         305
     $_XNOR_                        48
     $_XOR_                        111

=== alu_control ===

   Number of wires:                 47
   Number of wire bits:             59
   Number of public wires:           4
   Number of public wire bits:      16
   Number of memories:               0
   Number of memory bits:            0
   Number of processes:              0
   Number of cells:                 47
     $_ANDNOT_                      20
     $_AND_                          3
     $_MUX_                          4
     $_NAND_                         2
     $_NOR_                          1
     $_NOT_                          2
     $_ORNOT_                        2
     $_OR_                          13

=== branch_unit ===

   Number of wires:                185
   Number of wire bits:            249
   Number of public wires:           4
   Number of public wire bits:      68
   Number of memories:               0
   Number of memory bits:            0
   Number of processes:              0
   Number of cells:                182
     $_ANDNOT_                      90
     $_AND_                          3
     $_MUX_                          3
     $_NAND_                         2
     $_NOR_                          1
     $_NOT_                          1
     $_ORNOT_                       34
     $_OR_                          15
     $_XNOR_                        12
     $_XOR_                         21

=== decoder_controller ===

   Number of wires:                 45
   Number of wire bits:             62
   Number of public wires:          13
   Number of public wire bits:      30
   Number of memories:               0
   Number of memory bits:            0
   Number of processes:              0
   Number of cells:                 45
     $_ANDNOT_                      17
     $_AND_                          1
     $_NAND_                         2
     $_NOR_                          2
     $_ORNOT_                        4
     $_OR_                          19

=== imm_gen ===

   Number of wires:                  6
   Number of wire bits:            192
   Number of public wires:           6
   Number of public wire bits:     192
   Number of memories:               0
   Number of memory bits:            0
   Number of processes:              0
   Number of cells:                  0

=== pc_next_logic ===

   Number of wires:                786
   Number of wire bits:           1003
   Number of public wires:          11
   Number of public wire bits:     228
   Number of memories:               0
   Number of memory bits:            0
   Number of processes:              0
   Number of cells:                837
     $_ANDNOT_                     156
     $_AND_                         54
     $_MUX_                         95
     $_NAND_                        68
     $_NOR_                         93
     $_NOT_                          3
     $_ORNOT_                       21
     $_OR_                         130
     $_XNOR_                       105
     $_XOR_                        112

=== pc_reg ===

   Number of wires:                  4
   Number of wire bits:             66
   Number of public wires:           4
   Number of public wire bits:      66
   Number of memories:               0
   Number of memory bits:            0
   Number of processes:              0
   Number of cells:                 32
     $_SDFF_PN0_                    32

=== regfile ===

   Number of wires:                 28
   Number of wire bits:            216
   Number of public wires:          14
   Number of public wire bits:     202
   Number of memories:               0
   Number of memory bits:            0
   Number of processes:              0
   Number of cells:                 80
     $_ANDNOT_                      67
     $_NAND_                         1
     $_NOR_                          3
     $_OR_                           7
     sky130_sram_1kbyte_1rw1r_32x256_8      2

=== riscv32_singlecycle_top ===

   Number of wires:                270
   Number of wire bits:            922
   Number of public wires:          44
   Number of public wire bits:     696
   Number of memories:               0
   Number of memory bits:            0
   Number of processes:              0
   Number of cells:                333
     $_ANDNOT_                      49
     $_AND_                         14
     $_MUX_                         96
     $_NAND_                        18
     $_NOR_                         28
     $_ORNOT_                        9
     $_OR_                          45
     $_XNOR_                        34
     $_XOR_                         29
     $paramod\dmem\DEPTH=s32'00000000000000000000000100000000      1
     $paramod\imem\MEM_DEPTH_WORDS=s32'00000000000000000000000100000000      1
     alu                             1
     alu_control                     1
     branch_unit                     1
     decoder_controller              1
     imm_gen                         1
     pc_next_logic                   1
     pc_reg                          1
     regfile                         1
     wb_mux                          1

=== wb_mux ===

   Number of wires:                308
   Number of wire bits:            496
   Number of public wires:           7
   Number of public wire bits:     195
   Number of memories:               0
   Number of memory bits:            0
   Number of processes:              0
   Number of cells:                333
     $_ANDNOT_                     253
     $_AND_                          1
     $_NAND_                         3
     $_ORNOT_                       35
     $_OR_                          41

=== design hierarchy ===

   riscv32_singlecycle_top           1
     $paramod\dmem\DEPTH=s32'00000000000000000000000100000000      1
     $paramod\imem\MEM_DEPTH_WORDS=s32'00000000000000000000000100000000      1
     alu                             1
     alu_control                     1
     branch_unit                     1
     decoder_controller              1
     imm_gen                         1
     pc_next_logic                   1
     pc_reg                          1
     regfile                         1
     wb_mux                          1

   Number of wires:               3395
   Number of wire bits:           5325
   Number of public wires:         129
   Number of public wire bits:    2059
   Number of memories:               0
   Number of memory bits:            0
   Number of processes:              0
   Number of cells:               3643
     $_ANDNOT_                    1319
     $_AND_                        168
     $_MUX_                        508
     $_NAND_                       172
     $_NOR_                        172
     $_NOT_                         40
     $_ORNOT_                      181
     $_OR_                         575
     $_SDFF_PN0_                    32
     $_XNOR_                       199
     $_XOR_                        273
     sky130_sram_1kbyte_1rw1r_32x256_8      4

54. Executing CHECK pass (checking for obvious problems).
Checking module $paramod\dmem\DEPTH=s32'00000000000000000000000100000000...
Checking module $paramod\imem\MEM_DEPTH_WORDS=s32'00000000000000000000000100000000...
Checking module alu...
Checking module alu_control...
Checking module branch_unit...
Checking module decoder_controller...
Checking module imm_gen...
Checking module pc_next_logic...
Checking module pc_reg...
Checking module regfile...
Checking module riscv32_singlecycle_top...
Checking module wb_mux...
Found and reported 0 problems.

55. Generating Graphviz representation of design.
Writing dot description to `/home/prabhat/Work_Ubuntu/RV32I_Single-Cycle_32-bit_RISC-V_Processor/openlane/riscv32_singlecycle_top/runs/rv32i_macro_GDS_flow/tmp/synthesis/post_techmap.dot'.
Dumping module $paramod\dmem\DEPTH=s32'00000000000000000000000100000000 to page 1.
Dumping module $paramod\imem\MEM_DEPTH_WORDS=s32'00000000000000000000000100000000 to page 2.
Dumping module alu to page 3.
Dumping module alu_control to page 4.
Dumping module branch_unit to page 5.
Dumping module decoder_controller to page 6.
Dumping module imm_gen to page 7.
Dumping module pc_next_logic to page 8.
Dumping module pc_reg to page 9.
Dumping module regfile to page 10.
Dumping module riscv32_singlecycle_top to page 11.
Dumping module wb_mux to page 12.

56. Executing SHARE pass (SAT-based resource sharing).

57. Executing OPT pass (performing simple optimizations).

57.1. Executing OPT_EXPR pass (perform const folding).
Optimizing module $paramod\dmem\DEPTH=s32'00000000000000000000000100000000.
Optimizing module $paramod\imem\MEM_DEPTH_WORDS=s32'00000000000000000000000100000000.
Optimizing module alu.
Optimizing module alu_control.
Optimizing module branch_unit.
Optimizing module decoder_controller.
Optimizing module imm_gen.
Optimizing module pc_next_logic.
Optimizing module pc_reg.
Optimizing module regfile.
Optimizing module riscv32_singlecycle_top.
Optimizing module wb_mux.

57.2. Executing OPT_MERGE pass (detect identical cells).
Finding identical cells in module `$paramod\dmem\DEPTH=s32'00000000000000000000000100000000'.
Finding identical cells in module `$paramod\imem\MEM_DEPTH_WORDS=s32'00000000000000000000000100000000'.
Finding identical cells in module `\alu'.
Finding identical cells in module `\alu_control'.
Finding identical cells in module `\branch_unit'.
Finding identical cells in module `\decoder_controller'.
Finding identical cells in module `\imm_gen'.
Finding identical cells in module `\pc_next_logic'.
Finding identical cells in module `\pc_reg'.
Finding identical cells in module `\regfile'.
Finding identical cells in module `\riscv32_singlecycle_top'.
Finding identical cells in module `\wb_mux'.
Removed a total of 0 cells.

57.3. Executing OPT_MUXTREE pass (detect dead branches in mux trees).
Running muxtree optimizer on module $paramod\dmem\DEPTH=s32'00000000000000000000000100000000..
  Creating internal representation of mux trees.
  No muxes found in this module.
Running muxtree optimizer on module $paramod\imem\MEM_DEPTH_WORDS=s32'00000000000000000000000100000000..
  Creating internal representation of mux trees.
  No muxes found in this module.
Running muxtree optimizer on module \alu..
  Creating internal representation of mux trees.
  No muxes found in this module.
Running muxtree optimizer on module \alu_control..
  Creating internal representation of mux trees.
  No muxes found in this module.
Running muxtree optimizer on module \branch_unit..
  Creating internal representation of mux trees.
  No muxes found in this module.
Running muxtree optimizer on module \decoder_controller..
  Creating internal representation of mux trees.
  No muxes found in this module.
Running muxtree optimizer on module \imm_gen..
  Creating internal representation of mux trees.
  No muxes found in this module.
Running muxtree optimizer on module \pc_next_logic..
  Creating internal representation of mux trees.
  No muxes found in this module.
Running muxtree optimizer on module \pc_reg..
  Creating internal representation of mux trees.
  No muxes found in this module.
Running muxtree optimizer on module \regfile..
  Creating internal representation of mux trees.
  No muxes found in this module.
Running muxtree optimizer on module \riscv32_singlecycle_top..
  Creating internal representation of mux trees.
  No muxes found in this module.
Running muxtree optimizer on module \wb_mux..
  Creating internal representation of mux trees.
  No muxes found in this module.
Removed 0 multiplexer ports.

57.4. Executing OPT_REDUCE pass (consolidate $*mux and $reduce_* inputs).
  Optimizing cells in module $paramod\dmem\DEPTH=s32'00000000000000000000000100000000.
  Optimizing cells in module $paramod\imem\MEM_DEPTH_WORDS=s32'00000000000000000000000100000000.
  Optimizing cells in module \alu.
  Optimizing cells in module \alu_control.
  Optimizing cells in module \branch_unit.
  Optimizing cells in module \decoder_controller.
  Optimizing cells in module \imm_gen.
  Optimizing cells in module \pc_next_logic.
  Optimizing cells in module \pc_reg.
  Optimizing cells in module \regfile.
  Optimizing cells in module \riscv32_singlecycle_top.
  Optimizing cells in module \wb_mux.
Performed a total of 0 changes.

57.5. Executing OPT_MERGE pass (detect identical cells).
Finding identical cells in module `$paramod\dmem\DEPTH=s32'00000000000000000000000100000000'.
Finding identical cells in module `$paramod\imem\MEM_DEPTH_WORDS=s32'00000000000000000000000100000000'.
Finding identical cells in module `\alu'.
Finding identical cells in module `\alu_control'.
Finding identical cells in module `\branch_unit'.
Finding identical cells in module `\decoder_controller'.
Finding identical cells in module `\imm_gen'.
Finding identical cells in module `\pc_next_logic'.
Finding identical cells in module `\pc_reg'.
Finding identical cells in module `\regfile'.
Finding identical cells in module `\riscv32_singlecycle_top'.
Finding identical cells in module `\wb_mux'.
Removed a total of 0 cells.

57.6. Executing OPT_DFF pass (perform DFF optimizations).

57.7. Executing OPT_CLEAN pass (remove unused cells and wires).
Finding unused cells or wires in module $paramod\dmem\DEPTH=s32'00000000000000000000000100000000..
Finding unused cells or wires in module $paramod\imem\MEM_DEPTH_WORDS=s32'00000000000000000000000100000000..
Finding unused cells or wires in module \alu..
Finding unused cells or wires in module \alu_control..
Finding unused cells or wires in module \branch_unit..
Finding unused cells or wires in module \decoder_controller..
Finding unused cells or wires in module \imm_gen..
Finding unused cells or wires in module \pc_next_logic..
Finding unused cells or wires in module \pc_reg..
Finding unused cells or wires in module \regfile..
Finding unused cells or wires in module \riscv32_singlecycle_top..
Finding unused cells or wires in module \wb_mux..

57.8. Executing OPT_EXPR pass (perform const folding).
Optimizing module $paramod\dmem\DEPTH=s32'00000000000000000000000100000000.
Optimizing module $paramod\imem\MEM_DEPTH_WORDS=s32'00000000000000000000000100000000.
Optimizing module alu.
Optimizing module alu_control.
Optimizing module branch_unit.
Optimizing module decoder_controller.
Optimizing module imm_gen.
Optimizing module pc_next_logic.
Optimizing module pc_reg.
Optimizing module regfile.
Optimizing module riscv32_singlecycle_top.
Optimizing module wb_mux.

57.9. Finished OPT passes. (There is nothing left to do.)

58. Executing OPT_CLEAN pass (remove unused cells and wires).
Finding unused cells or wires in module $paramod\dmem\DEPTH=s32'00000000000000000000000100000000..
Finding unused cells or wires in module $paramod\imem\MEM_DEPTH_WORDS=s32'00000000000000000000000100000000..
Finding unused cells or wires in module \alu..
Finding unused cells or wires in module \alu_control..
Finding unused cells or wires in module \branch_unit..
Finding unused cells or wires in module \decoder_controller..
Finding unused cells or wires in module \imm_gen..
Finding unused cells or wires in module \pc_next_logic..
Finding unused cells or wires in module \pc_reg..
Finding unused cells or wires in module \regfile..
Finding unused cells or wires in module \riscv32_singlecycle_top..
Finding unused cells or wires in module \wb_mux..
Removed 0 unused cells and 14 unused wires.
<suppressed ~14 debug messages>

59. Printing statistics.

=== $paramod\dmem\DEPTH=s32'00000000000000000000000100000000 ===

   Number of wires:                  9
   Number of wire bits:            133
   Number of public wires:           9
   Number of public wire bits:     133
   Number of memories:               0
   Number of memory bits:            0
   Number of processes:              0
   Number of cells:                 35
     $_AND_                         32
     $_NOR_                          1
     $_NOT_                          1
     sky130_sram_1kbyte_1rw1r_32x256_8      1

=== $paramod\imem\MEM_DEPTH_WORDS=s32'00000000000000000000000100000000 ===

   Number of wires:                  3
   Number of wire bits:             65
   Number of public wires:           3
   Number of public wire bits:      65
   Number of memories:               0
   Number of memory bits:            0
   Number of processes:              0
   Number of cells:                  1
     sky130_sram_1kbyte_1rw1r_32x256_8      1

=== alu ===

   Number of wires:               1702
   Number of wire bits:           1798
   Number of public wires:           8
   Number of public wire bits:     104
   Number of memories:               0
   Number of memory bits:            0
   Number of processes:              0
   Number of cells:               1729
     $_ANDNOT_                     667
     $_AND_                         60
     $_MUX_                        310
     $_NAND_                        76
     $_NOR_                         43
     $_NOT_                         33
     $_ORNOT_                       76
     $_OR_                         305
     $_XNOR_                        48
     $_XOR_                        111

=== alu_control ===

   Number of wires:                 47
   Number of wire bits:             59
   Number of public wires:           4
   Number of public wire bits:      16
   Number of memories:               0
   Number of memory bits:            0
   Number of processes:              0
   Number of cells:                 47
     $_ANDNOT_                      20
     $_AND_                          3
     $_MUX_                          4
     $_NAND_                         2
     $_NOR_                          1
     $_NOT_                          2
     $_ORNOT_                        2
     $_OR_                          13

=== branch_unit ===

   Number of wires:                185
   Number of wire bits:            249
   Number of public wires:           4
   Number of public wire bits:      68
   Number of memories:               0
   Number of memory bits:            0
   Number of processes:              0
   Number of cells:                182
     $_ANDNOT_                      90
     $_AND_                          3
     $_MUX_                          3
     $_NAND_                         2
     $_NOR_                          1
     $_NOT_                          1
     $_ORNOT_                       34
     $_OR_                          15
     $_XNOR_                        12
     $_XOR_                         21

=== decoder_controller ===

   Number of wires:                 45
   Number of wire bits:             62
   Number of public wires:          13
   Number of public wire bits:      30
   Number of memories:               0
   Number of memory bits:            0
   Number of processes:              0
   Number of cells:                 45
     $_ANDNOT_                      17
     $_AND_                          1
     $_NAND_                         2
     $_NOR_                          2
     $_ORNOT_                        4
     $_OR_                          19

=== imm_gen ===

   Number of wires:                  6
   Number of wire bits:            192
   Number of public wires:           6
   Number of public wire bits:     192
   Number of memories:               0
   Number of memory bits:            0
   Number of processes:              0
   Number of cells:                  0

=== pc_next_logic ===

   Number of wires:                786
   Number of wire bits:           1003
   Number of public wires:          11
   Number of public wire bits:     228
   Number of memories:               0
   Number of memory bits:            0
   Number of processes:              0
   Number of cells:                837
     $_ANDNOT_                     156
     $_AND_                         54
     $_MUX_                         95
     $_NAND_                        68
     $_NOR_                         93
     $_NOT_                          3
     $_ORNOT_                       21
     $_OR_                         130
     $_XNOR_                       105
     $_XOR_                        112

=== pc_reg ===

   Number of wires:                  4
   Number of wire bits:             66
   Number of public wires:           4
   Number of public wire bits:      66
   Number of memories:               0
   Number of memory bits:            0
   Number of processes:              0
   Number of cells:                 32
     $_SDFF_PN0_                    32

=== regfile ===

   Number of wires:                 25
   Number of wire bits:            192
   Number of public wires:          11
   Number of public wire bits:     178
   Number of memories:               0
   Number of memory bits:            0
   Number of processes:              0
   Number of cells:                 80
     $_ANDNOT_                      67
     $_NAND_                         1
     $_NOR_                          3
     $_OR_                           7
     sky130_sram_1kbyte_1rw1r_32x256_8      2

=== riscv32_singlecycle_top ===

   Number of wires:                261
   Number of wire bits:            794
   Number of public wires:          35
   Number of public wire bits:     568
   Number of memories:               0
   Number of memory bits:            0
   Number of processes:              0
   Number of cells:                333
     $_ANDNOT_                      49
     $_AND_                         14
     $_MUX_                         96
     $_NAND_                        18
     $_NOR_                         28
     $_ORNOT_                        9
     $_OR_                          45
     $_XNOR_                        34
     $_XOR_                         29
     $paramod\dmem\DEPTH=s32'00000000000000000000000100000000      1
     $paramod\imem\MEM_DEPTH_WORDS=s32'00000000000000000000000100000000      1
     alu                             1
     alu_control                     1
     branch_unit                     1
     decoder_controller              1
     imm_gen                         1
     pc_next_logic                   1
     pc_reg                          1
     regfile                         1
     wb_mux                          1

=== wb_mux ===

   Number of wires:                308
   Number of wire bits:            496
   Number of public wires:           7
   Number of public wire bits:     195
   Number of memories:               0
   Number of memory bits:            0
   Number of processes:              0
   Number of cells:                333
     $_ANDNOT_                     253
     $_AND_                          1
     $_NAND_                         3
     $_ORNOT_                       35
     $_OR_                          41

=== design hierarchy ===

   riscv32_singlecycle_top           1
     $paramod\dmem\DEPTH=s32'00000000000000000000000100000000      1
     $paramod\imem\MEM_DEPTH_WORDS=s32'00000000000000000000000100000000      1
     alu                             1
     alu_control                     1
     branch_unit                     1
     decoder_controller              1
     imm_gen                         1
     pc_next_logic                   1
     pc_reg                          1
     regfile                         1
     wb_mux                          1

   Number of wires:               3381
   Number of wire bits:           5109
   Number of public wires:         115
   Number of public wire bits:    1843
   Number of memories:               0
   Number of memory bits:            0
   Number of processes:              0
   Number of cells:               3643
     $_ANDNOT_                    1319
     $_AND_                        168
     $_MUX_                        508
     $_NAND_                       172
     $_NOR_                        172
     $_NOT_                         40
     $_ORNOT_                      181
     $_OR_                         575
     $_SDFF_PN0_                    32
     $_XNOR_                       199
     $_XOR_                        273
     sky130_sram_1kbyte_1rw1r_32x256_8      4

mapping tbuf

60. Executing TECHMAP pass (map to technology primitives).

60.1. Executing Verilog-2005 frontend: /home/prabhat/.ciel/sky130A/libs.tech/openlane/sky130_fd_sc_hd/tribuff_map.v
Parsing Verilog input from `/home/prabhat/.ciel/sky130A/libs.tech/openlane/sky130_fd_sc_hd/tribuff_map.v' to AST representation.
Generating RTLIL representation for module `\$_TBUF_'.
Successfully finished Verilog frontend.

60.2. Continuing TECHMAP pass.
No more expansions possible.
<suppressed ~3 debug messages>

61. Executing SIMPLEMAP pass (map simple cells to gate primitives).

62. Executing TECHMAP pass (map to technology primitives).

62.1. Executing Verilog-2005 frontend: /home/prabhat/.ciel/sky130A/libs.tech/openlane/sky130_fd_sc_hd/latch_map.v
Parsing Verilog input from `/home/prabhat/.ciel/sky130A/libs.tech/openlane/sky130_fd_sc_hd/latch_map.v' to AST representation.
Generating RTLIL representation for module `\$_DLATCH_P_'.
Generating RTLIL representation for module `\$_DLATCH_N_'.
Successfully finished Verilog frontend.

62.2. Continuing TECHMAP pass.
No more expansions possible.
<suppressed ~4 debug messages>

63. Executing SIMPLEMAP pass (map simple cells to gate primitives).

64. Executing DFFLIBMAP pass (mapping DFF cells to sequential cells from liberty file).
  cell sky130_fd_sc_hd__dfxtp_2 (noninv, pins=3, area=21.27) is a direct match for cell type $_DFF_P_.
  cell sky130_fd_sc_hd__dfrtp_2 (noninv, pins=4, area=26.28) is a direct match for cell type $_DFF_PN0_.
  cell sky130_fd_sc_hd__dfstp_2 (noninv, pins=4, area=26.28) is a direct match for cell type $_DFF_PN1_.
  cell sky130_fd_sc_hd__dfbbn_2 (noninv, pins=6, area=35.03) is a direct match for cell type $_DFFSR_NNN_.
  final dff cell mappings:
    unmapped dff cell: $_DFF_N_
    \sky130_fd_sc_hd__dfxtp_2 _DFF_P_ (.CLK( C), .D( D), .Q( Q));
    unmapped dff cell: $_DFF_NN0_
    unmapped dff cell: $_DFF_NN1_
    unmapped dff cell: $_DFF_NP0_
    unmapped dff cell: $_DFF_NP1_
    \sky130_fd_sc_hd__dfrtp_2 _DFF_PN0_ (.CLK( C), .D( D), .Q( Q), .RESET_B( R));
    \sky130_fd_sc_hd__dfstp_2 _DFF_PN1_ (.CLK( C), .D( D), .Q( Q), .SET_B( R));
    unmapped dff cell: $_DFF_PP0_
    unmapped dff cell: $_DFF_PP1_
    \sky130_fd_sc_hd__dfbbn_2 _DFFSR_NNN_ (.CLK_N( C), .D( D), .Q( Q), .Q_N(~Q), .RESET_B( R), .SET_B( S));
    unmapped dff cell: $_DFFSR_NNP_
    unmapped dff cell: $_DFFSR_NPN_
    unmapped dff cell: $_DFFSR_NPP_
    unmapped dff cell: $_DFFSR_PNN_
    unmapped dff cell: $_DFFSR_PNP_
    unmapped dff cell: $_DFFSR_PPN_
    unmapped dff cell: $_DFFSR_PPP_

64.1. Executing DFFLEGALIZE pass (convert FFs to types supported by the target).
Mapping DFF cells in module `$paramod\dmem\DEPTH=s32'00000000000000000000000100000000':
Mapping DFF cells in module `$paramod\imem\MEM_DEPTH_WORDS=s32'00000000000000000000000100000000':
Mapping DFF cells in module `\alu':
Mapping DFF cells in module `\alu_control':
Mapping DFF cells in module `\branch_unit':
Mapping DFF cells in module `\decoder_controller':
Mapping DFF cells in module `\imm_gen':
Mapping DFF cells in module `\pc_next_logic':
Mapping DFF cells in module `\pc_reg':
  mapped 32 $_DFF_P_ cells to \sky130_fd_sc_hd__dfxtp_2 cells.
Mapping DFF cells in module `\regfile':
Mapping DFF cells in module `\riscv32_singlecycle_top':
Mapping DFF cells in module `\wb_mux':

65. Printing statistics.

=== $paramod\dmem\DEPTH=s32'00000000000000000000000100000000 ===

   Number of wires:                  9
   Number of wire bits:            133
   Number of public wires:           9
   Number of public wire bits:     133
   Number of memories:               0
   Number of memory bits:            0
   Number of processes:              0
   Number of cells:                 35
     $_AND_                         32
     $_NOR_                          1
     $_NOT_                          1
     sky130_sram_1kbyte_1rw1r_32x256_8      1

=== $paramod\imem\MEM_DEPTH_WORDS=s32'00000000000000000000000100000000 ===

   Number of wires:                  3
   Number of wire bits:             65
   Number of public wires:           3
   Number of public wire bits:      65
   Number of memories:               0
   Number of memory bits:            0
   Number of processes:              0
   Number of cells:                  1
     sky130_sram_1kbyte_1rw1r_32x256_8      1

=== alu ===

   Number of wires:               1702
   Number of wire bits:           1798
   Number of public wires:           8
   Number of public wire bits:     104
   Number of memories:               0
   Number of memory bits:            0
   Number of processes:              0
   Number of cells:               1729
     $_ANDNOT_                     667
     $_AND_                         60
     $_MUX_                        310
     $_NAND_                        76
     $_NOR_                         43
     $_NOT_                         33
     $_ORNOT_                       76
     $_OR_                         305
     $_XNOR_                        48
     $_XOR_                        111

=== alu_control ===

   Number of wires:                 47
   Number of wire bits:             59
   Number of public wires:           4
   Number of public wire bits:      16
   Number of memories:               0
   Number of memory bits:            0
   Number of processes:              0
   Number of cells:                 47
     $_ANDNOT_                      20
     $_AND_                          3
     $_MUX_                          4
     $_NAND_                         2
     $_NOR_                          1
     $_NOT_                          2
     $_ORNOT_                        2
     $_OR_                          13

=== branch_unit ===

   Number of wires:                185
   Number of wire bits:            249
   Number of public wires:           4
   Number of public wire bits:      68
   Number of memories:               0
   Number of memory bits:            0
   Number of processes:              0
   Number of cells:                182
     $_ANDNOT_                      90
     $_AND_                          3
     $_MUX_                          3
     $_NAND_                         2
     $_NOR_                          1
     $_NOT_                          1
     $_ORNOT_                       34
     $_OR_                          15
     $_XNOR_                        12
     $_XOR_                         21

=== decoder_controller ===

   Number of wires:                 45
   Number of wire bits:             62
   Number of public wires:          13
   Number of public wire bits:      30
   Number of memories:               0
   Number of memory bits:            0
   Number of processes:              0
   Number of cells:                 45
     $_ANDNOT_                      17
     $_AND_                          1
     $_NAND_                         2
     $_NOR_                          2
     $_ORNOT_                        4
     $_OR_                          19

=== imm_gen ===

   Number of wires:                  6
   Number of wire bits:            192
   Number of public wires:           6
   Number of public wire bits:     192
   Number of memories:               0
   Number of memory bits:            0
   Number of processes:              0
   Number of cells:                  0

=== pc_next_logic ===

   Number of wires:                786
   Number of wire bits:           1003
   Number of public wires:          11
   Number of public wire bits:     228
   Number of memories:               0
   Number of memory bits:            0
   Number of processes:              0
   Number of cells:                837
     $_ANDNOT_                     156
     $_AND_                         54
     $_MUX_                         95
     $_NAND_                        68
     $_NOR_                         93
     $_NOT_                          3
     $_ORNOT_                       21
     $_OR_                         130
     $_XNOR_                       105
     $_XOR_                        112

=== pc_reg ===

   Number of wires:                 36
   Number of wire bits:             98
   Number of public wires:           4
   Number of public wire bits:      66
   Number of memories:               0
   Number of memory bits:            0
   Number of processes:              0
   Number of cells:                 64
     $_MUX_                         32
     sky130_fd_sc_hd__dfxtp_2       32

=== regfile ===

   Number of wires:                 25
   Number of wire bits:            192
   Number of public wires:          11
   Number of public wire bits:     178
   Number of memories:               0
   Number of memory bits:            0
   Number of processes:              0
   Number of cells:                 80
     $_ANDNOT_                      67
     $_NAND_                         1
     $_NOR_                          3
     $_OR_                           7
     sky130_sram_1kbyte_1rw1r_32x256_8      2

=== riscv32_singlecycle_top ===

   Number of wires:                261
   Number of wire bits:            794
   Number of public wires:          35
   Number of public wire bits:     568
   Number of memories:               0
   Number of memory bits:            0
   Number of processes:              0
   Number of cells:                333
     $_ANDNOT_                      49
     $_AND_                         14
     $_MUX_                         96
     $_NAND_                        18
     $_NOR_                         28
     $_ORNOT_                        9
     $_OR_                          45
     $_XNOR_                        34
     $_XOR_                         29
     $paramod\dmem\DEPTH=s32'00000000000000000000000100000000      1
     $paramod\imem\MEM_DEPTH_WORDS=s32'00000000000000000000000100000000      1
     alu                             1
     alu_control                     1
     branch_unit                     1
     decoder_controller              1
     imm_gen                         1
     pc_next_logic                   1
     pc_reg                          1
     regfile                         1
     wb_mux                          1

=== wb_mux ===

   Number of wires:                308
   Number of wire bits:            496
   Number of public wires:           7
   Number of public wire bits:     195
   Number of memories:               0
   Number of memory bits:            0
   Number of processes:              0
   Number of cells:                333
     $_ANDNOT_                     253
     $_AND_                          1
     $_NAND_                         3
     $_ORNOT_                       35
     $_OR_                          41

=== design hierarchy ===

   riscv32_singlecycle_top           1
     $paramod\dmem\DEPTH=s32'00000000000000000000000100000000      1
     $paramod\imem\MEM_DEPTH_WORDS=s32'00000000000000000000000100000000      1
     alu                             1
     alu_control                     1
     branch_unit                     1
     decoder_controller              1
     imm_gen                         1
     pc_next_logic                   1
     pc_reg                          1
     regfile                         1
     wb_mux                          1

   Number of wires:               3413
   Number of wire bits:           5141
   Number of public wires:         115
   Number of public wire bits:    1843
   Number of memories:               0
   Number of memory bits:            0
   Number of processes:              0
   Number of cells:               3675
     $_ANDNOT_                    1319
     $_AND_                        168
     $_MUX_                        540
     $_NAND_                       172
     $_NOR_                        172
     $_NOT_                         40
     $_ORNOT_                      181
     $_OR_                         575
     $_XNOR_                       199
     $_XOR_                        273
     sky130_fd_sc_hd__dfxtp_2       32
     sky130_sram_1kbyte_1rw1r_32x256_8      4

[INFO]: USING STRATEGY AREA 0

66. Executing ABC pass (technology mapping using ABC).

66.1. Extracting gate netlist of module `$paramod\dmem\DEPTH=s32'00000000000000000000000100000000' to `/tmp/yosys-abc-lD3M74/input.blif'..
Extracted 34 gates and 68 wires to a netlist network with 34 inputs and 34 outputs.

66.1.1. Executing ABC.
Running ABC command: "/build/bin/yosys-abc" -s -f /tmp/yosys-abc-lD3M74/abc.script 2>&1
ABC: ABC command line: "source /tmp/yosys-abc-lD3M74/abc.script".
ABC: 
ABC: + read_blif /tmp/yosys-abc-lD3M74/input.blif 
ABC: + read_lib -w /home/prabhat/Work_Ubuntu/RV32I_Single-Cycle_32-bit_RISC-V_Processor/openlane/riscv32_singlecycle_top/runs/rv32i_macro_GDS_flow/tmp/synthesis/trimmed.lib 
ABC: Parsing finished successfully.  Parsing time =     0.04 sec
ABC: Scl_LibertyReadGenlib() skipped sequential cell "sky130_fd_sc_hd__dfbbn_2".
ABC: Scl_LibertyReadGenlib() skipped sequential cell "sky130_fd_sc_hd__dfrbp_2".
ABC: Scl_LibertyReadGenlib() skipped sequential cell "sky130_fd_sc_hd__dfrtp_2".
ABC: Scl_LibertyReadGenlib() skipped sequential cell "sky130_fd_sc_hd__dfrtp_4".
ABC: Scl_LibertyReadGenlib() skipped sequential cell "sky130_fd_sc_hd__dfsbp_2".
ABC: Scl_LibertyReadGenlib() skipped sequential cell "sky130_fd_sc_hd__dfstp_2".
ABC: Scl_LibertyReadGenlib() skipped sequential cell "sky130_fd_sc_hd__dfstp_4".
ABC: Scl_LibertyReadGenlib() skipped sequential cell "sky130_fd_sc_hd__dfxbp_2".
ABC: Scl_LibertyReadGenlib() skipped sequential cell "sky130_fd_sc_hd__dfxtp_2".
ABC: Scl_LibertyReadGenlib() skipped sequential cell "sky130_fd_sc_hd__dfxtp_4".
ABC: Scl_LibertyReadGenlib() skipped sequential cell "sky130_fd_sc_hd__dlxtn_1".
ABC: Scl_LibertyReadGenlib() skipped sequential cell "sky130_fd_sc_hd__dlxtn_2".
ABC: Scl_LibertyReadGenlib() skipped sequential cell "sky130_fd_sc_hd__dlxtn_4".
ABC: Scl_LibertyReadGenlib() skipped sequential cell "sky130_fd_sc_hd__dlxtp_1".
ABC: Scl_LibertyReadGenlib() skipped three-state cell "sky130_fd_sc_hd__ebufn_2".
ABC: Scl_LibertyReadGenlib() skipped three-state cell "sky130_fd_sc_hd__ebufn_4".
ABC: Scl_LibertyReadGenlib() skipped three-state cell "sky130_fd_sc_hd__ebufn_8".
ABC: Library "sky130A_merged" from "/home/prabhat/Work_Ubuntu/RV32I_Single-Cycle_32-bit_RISC-V_Processor/openlane/riscv32_singlecycle_top/runs/rv32i_macro_GDS_flow/tmp/synthesis/trimmed.lib" has 175 cells (17 skipped: 14 seq; 3 tri-state; 0 no func; 0 dont_use).  Time =     0.06 sec
ABC: Memory =    9.54 MB. Time =     0.06 sec
ABC: Warning: Detected 2 multi-output gates (for example, "sky130_fd_sc_hd__fa_1").
ABC: + read_constr -v /home/prabhat/Work_Ubuntu/RV32I_Single-Cycle_32-bit_RISC-V_Processor/openlane/riscv32_singlecycle_top/runs/rv32i_macro_GDS_flow/tmp/synthesis/synthesis.sdc 
ABC: Setting driving cell to be "sky130_fd_sc_hd__inv_2".
ABC: Setting output load to be 33.442001.
ABC: + read_constr /home/prabhat/Work_Ubuntu/RV32I_Single-Cycle_32-bit_RISC-V_Processor/openlane/riscv32_singlecycle_top/runs/rv32i_macro_GDS_flow/tmp/synthesis/synthesis.sdc 
ABC: + fx 
ABC: + mfs 
ABC: + strash 
ABC: + refactor 
ABC: + balance 
ABC: + rewrite 
ABC: + refactor 
ABC: + balance 
ABC: + rewrite 
ABC: + rewrite -z 
ABC: + balance 
ABC: + refactor -z 
ABC: + rewrite -z 
ABC: + balance 
ABC: + retime -D -D 20000.0 -M 5 
ABC: + scleanup 
ABC: Error: The network is combinational.
ABC: + fraig_store 
ABC: + balance 
ABC: + fraig_store 
ABC: + balance 
ABC: + rewrite 
ABC: + refactor 
ABC: + balance 
ABC: + rewrite 
ABC: + rewrite -z 
ABC: + balance 
ABC: + refactor -z 
ABC: + rewrite -z 
ABC: + balance 
ABC: + fraig_store 
ABC: + balance 
ABC: + rewrite 
ABC: + refactor 
ABC: + balance 
ABC: + rewrite 
ABC: + rewrite -z 
ABC: + balance 
ABC: + refactor -z 
ABC: + rewrite -z 
ABC: + balance 
ABC: + fraig_store 
ABC: + balance 
ABC: + rewrite 
ABC: + refactor 
ABC: + balance 
ABC: + rewrite 
ABC: + rewrite -z 
ABC: + balance 
ABC: + refactor -z 
ABC: + rewrite -z 
ABC: + balance 
ABC: + fraig_store 
ABC: + fraig_restore 
ABC: + amap -m -Q 0.1 -F 20 -A 20 -C 5000 
ABC: + retime -D -D 20000.0 
ABC: + &get -n 
ABC: + &st 
ABC: + &dch 
ABC: + &nf 
ABC: + &put 
ABC: + buffer -N 10 -S 750.0 
ABC: + upsize -D 20000.0 
ABC: Current delay (554.69 ps) does not exceed the target delay (20000.00 ps). Upsizing is not performed.
ABC: + dnsize -D 20000.0 
ABC: + stime -p 
ABC: WireLoad = "none"  Gates =     69 ( 52.2 %)   Cap = 12.8 ff ( 12.9 %)   Area =      381.62 ( 47.8 %)   Delay =   738.98 ps  ( 88.4 %)               
ABC: Path  0 --       1 : 0    6 pi                      A =   0.00  Df =  37.3  -20.6 ps  S =  57.3 ps  Cin =  0.0 ff  Cout =  11.0 ff  Cmax =   0.0 ff  G =    0  
ABC: Path  1 --      69 : 1   10 sky130_fd_sc_hd__buf_1  A =   3.75  Df = 242.7  -84.9 ps  S = 219.2 ps  Cin =  2.1 ff  Cout =  18.0 ff  Cmax = 130.0 ff  G =  830  
ABC: Path  2 --      70 : 2    1 sky130_fd_sc_hd__and2_2 A =   7.51  Df = 418.6  -76.4 ps  S =  37.4 ps  Cin =  1.5 ff  Cout =   2.2 ff  Cmax = 303.0 ff  G =  143  
ABC: Path  3 --      71 : 1    1 sky130_fd_sc_hd__buf_1  A =   3.75  Df = 739.0 -182.6 ps  S = 396.4 ps  Cin =  2.1 ff  Cout =  33.4 ff  Cmax = 130.0 ff  G = 1590  
ABC: Start-point = pi0 (\mem_read).  End-point = po0 (\read_data [0]).
ABC: + print_stats -m 
ABC: netlist                       : i/o =   34/   34  lat =    0  nd =    69  edge =    102  area =381.58  delay = 3.00  lev = 3
ABC: + write_blif /tmp/yosys-abc-lD3M74/output.blif 

66.1.2. Re-integrating ABC results.
ABC RESULTS:   sky130_fd_sc_hd__and2_2 cells:       32
ABC RESULTS:   sky130_fd_sc_hd__buf_1 cells:       35
ABC RESULTS:   sky130_fd_sc_hd__nor2_2 cells:        1
ABC RESULTS:   sky130_fd_sc_hd__inv_2 cells:        1
ABC RESULTS:        internal signals:        0
ABC RESULTS:           input signals:       34
ABC RESULTS:          output signals:       34
Removing temp directory.

66.2. Extracting gate netlist of module `$paramod\imem\MEM_DEPTH_WORDS=s32'00000000000000000000000100000000' to `/tmp/yosys-abc-vnkNSF/input.blif'..
Extracted 0 gates and 0 wires to a netlist network with 0 inputs and 0 outputs.
Don't call ABC as there is nothing to map.
Removing temp directory.

66.3. Extracting gate netlist of module `\alu' to `/tmp/yosys-abc-JVrUDg/input.blif'..
Extracted 1729 gates and 1797 wires to a netlist network with 68 inputs and 35 outputs.

66.3.1. Executing ABC.
Running ABC command: "/build/bin/yosys-abc" -s -f /tmp/yosys-abc-JVrUDg/abc.script 2>&1
ABC: ABC command line: "source /tmp/yosys-abc-JVrUDg/abc.script".
ABC: 
ABC: + read_blif /tmp/yosys-abc-JVrUDg/input.blif 
ABC: + read_lib -w /home/prabhat/Work_Ubuntu/RV32I_Single-Cycle_32-bit_RISC-V_Processor/openlane/riscv32_singlecycle_top/runs/rv32i_macro_GDS_flow/tmp/synthesis/trimmed.lib 
ABC: Parsing finished successfully.  Parsing time =     0.04 sec
ABC: Scl_LibertyReadGenlib() skipped sequential cell "sky130_fd_sc_hd__dfbbn_2".
ABC: Scl_LibertyReadGenlib() skipped sequential cell "sky130_fd_sc_hd__dfrbp_2".
ABC: Scl_LibertyReadGenlib() skipped sequential cell "sky130_fd_sc_hd__dfrtp_2".
ABC: Scl_LibertyReadGenlib() skipped sequential cell "sky130_fd_sc_hd__dfrtp_4".
ABC: Scl_LibertyReadGenlib() skipped sequential cell "sky130_fd_sc_hd__dfsbp_2".
ABC: Scl_LibertyReadGenlib() skipped sequential cell "sky130_fd_sc_hd__dfstp_2".
ABC: Scl_LibertyReadGenlib() skipped sequential cell "sky130_fd_sc_hd__dfstp_4".
ABC: Scl_LibertyReadGenlib() skipped sequential cell "sky130_fd_sc_hd__dfxbp_2".
ABC: Scl_LibertyReadGenlib() skipped sequential cell "sky130_fd_sc_hd__dfxtp_2".
ABC: Scl_LibertyReadGenlib() skipped sequential cell "sky130_fd_sc_hd__dfxtp_4".
ABC: Scl_LibertyReadGenlib() skipped sequential cell "sky130_fd_sc_hd__dlxtn_1".
ABC: Scl_LibertyReadGenlib() skipped sequential cell "sky130_fd_sc_hd__dlxtn_2".
ABC: Scl_LibertyReadGenlib() skipped sequential cell "sky130_fd_sc_hd__dlxtn_4".
ABC: Scl_LibertyReadGenlib() skipped sequential cell "sky130_fd_sc_hd__dlxtp_1".
ABC: Scl_LibertyReadGenlib() skipped three-state cell "sky130_fd_sc_hd__ebufn_2".
ABC: Scl_LibertyReadGenlib() skipped three-state cell "sky130_fd_sc_hd__ebufn_4".
ABC: Scl_LibertyReadGenlib() skipped three-state cell "sky130_fd_sc_hd__ebufn_8".
ABC: Library "sky130A_merged" from "/home/prabhat/Work_Ubuntu/RV32I_Single-Cycle_32-bit_RISC-V_Processor/openlane/riscv32_singlecycle_top/runs/rv32i_macro_GDS_flow/tmp/synthesis/trimmed.lib" has 175 cells (17 skipped: 14 seq; 3 tri-state; 0 no func; 0 dont_use).  Time =     0.06 sec
ABC: Memory =    9.54 MB. Time =     0.06 sec
ABC: Warning: Detected 2 multi-output gates (for example, "sky130_fd_sc_hd__fa_1").
ABC: + read_constr -v /home/prabhat/Work_Ubuntu/RV32I_Single-Cycle_32-bit_RISC-V_Processor/openlane/riscv32_singlecycle_top/runs/rv32i_macro_GDS_flow/tmp/synthesis/synthesis.sdc 
ABC: Setting driving cell to be "sky130_fd_sc_hd__inv_2".
ABC: Setting output load to be 33.442001.
ABC: + read_constr /home/prabhat/Work_Ubuntu/RV32I_Single-Cycle_32-bit_RISC-V_Processor/openlane/riscv32_singlecycle_top/runs/rv32i_macro_GDS_flow/tmp/synthesis/synthesis.sdc 
ABC: + fx 
ABC: + mfs 
ABC: + strash 
ABC: + refactor 
ABC: + balance 
ABC: + rewrite 
ABC: + refactor 
ABC: + balance 
ABC: + rewrite 
ABC: + rewrite -z 
ABC: + balance 
ABC: + refactor -z 
ABC: + rewrite -z 
ABC: + balance 
ABC: + retime -D -D 20000.0 -M 5 
ABC: + scleanup 
ABC: Error: The network is combinational.
ABC: + fraig_store 
ABC: + balance 
ABC: + fraig_store 
ABC: + balance 
ABC: + rewrite 
ABC: + refactor 
ABC: + balance 
ABC: + rewrite 
ABC: + rewrite -z 
ABC: + balance 
ABC: + refactor -z 
ABC: + rewrite -z 
ABC: + balance 
ABC: + fraig_store 
ABC: + balance 
ABC: + rewrite 
ABC: + refactor 
ABC: + balance 
ABC: + rewrite 
ABC: + rewrite -z 
ABC: + balance 
ABC: + refactor -z 
ABC: + rewrite -z 
ABC: + balance 
ABC: + fraig_store 
ABC: + balance 
ABC: + rewrite 
ABC: + refactor 
ABC: + balance 
ABC: + rewrite 
ABC: + rewrite -z 
ABC: + balance 
ABC: + refactor -z 
ABC: + rewrite -z 
ABC: + balance 
ABC: + fraig_store 
ABC: + fraig_restore 
ABC: + amap -m -Q 0.1 -F 20 -A 20 -C 5000 
ABC: + retime -D -D 20000.0 
ABC: + &get -n 
ABC: + &st 
ABC: + &dch 
ABC: + &nf 
ABC: + &put 
ABC: + buffer -N 10 -S 750.0 
ABC: + upsize -D 20000.0 
ABC: Current delay (6374.17 ps) does not exceed the target delay (20000.00 ps). Upsizing is not performed.
ABC: + dnsize -D 20000.0 
ABC: + stime -p 
ABC: WireLoad = "none"  Gates =   1152 ( 11.2 %)   Cap =  9.0 ff (  6.1 %)   Area =    10732.79 ( 81.6 %)   Delay =  6960.62 ps  (  7.1 %)               
ABC: Path  0 --      11 : 0    2 pi                        A =   0.00  Df =  13.8   -8.3 ps  S =  24.9 ps  Cin =  0.0 ff  Cout =   3.8 ff  Cmax =   0.0 ff  G =    0  
ABC: Path  1 --     150 : 1   10 sky130_fd_sc_hd__buf_1    A =   3.75  Df = 392.7 -163.8 ps  S = 487.8 ps  Cin =  2.1 ff  Cout =  41.5 ff  Cmax = 130.0 ff  G = 1894  
ABC: Path  2 --     173 : 1   10 sky130_fd_sc_hd__buf_1    A =   3.75  Df = 750.4 -258.9 ps  S = 360.7 ps  Cin =  2.1 ff  Cout =  30.4 ff  Cmax = 130.0 ff  G = 1377  
ABC: Path  3 --     250 : 1   10 sky130_fd_sc_hd__buf_1    A =   3.75  Df =1121.4 -374.8 ps  S = 392.3 ps  Cin =  2.1 ff  Cout =  33.2 ff  Cmax = 130.0 ff  G = 1517  
ABC: Path  4 --     260 : 1   10 sky130_fd_sc_hd__buf_1    A =   3.75  Df =1502.3 -489.5 ps  S = 403.3 ps  Cin =  2.1 ff  Cout =  34.1 ff  Cmax = 130.0 ff  G = 1570  
ABC: Path  5 --     961 : 2    1 sky130_fd_sc_hd__nand2_2  A =   6.26  Df =1571.0 -460.9 ps  S =  77.2 ps  Cin =  4.4 ff  Cout =   3.4 ff  Cmax = 295.7 ff  G =   72  
ABC: Path  6 --     962 : 3    1 sky130_fd_sc_hd__mux2_2   A =  11.26  Df =1896.3 -569.3 ps  S =  46.4 ps  Cin =  2.3 ff  Cout =   2.6 ff  Cmax = 297.6 ff  G =  106  
ABC: Path  7 --     963 : 3    1 sky130_fd_sc_hd__o21a_2   A =   8.76  Df =2079.5 -650.9 ps  S =  33.9 ps  Cin =  2.4 ff  Cout =   2.5 ff  Cmax = 294.8 ff  G =   97  
ABC: Path  8 --     969 : 5    1 sky130_fd_sc_hd__a2111o_2 A =  12.51  Df =2498.4 -551.4 ps  S =  57.9 ps  Cin =  2.4 ff  Cout =   2.4 ff  Cmax = 324.1 ff  G =   93  
ABC: Path  9 --     970 : 5    2 sky130_fd_sc_hd__a221o_2  A =  11.26  Df =2903.0 -442.0 ps  S = 189.7 ps  Cin =  2.3 ff  Cout =  34.9 ff  Cmax = 299.4 ff  G = 1498  
ABC: Path 10 --    1234 : 4    1 sky130_fd_sc_hd__or4_2    A =   8.76  Df =3565.4 -920.6 ps  S =  90.0 ps  Cin =  1.5 ff  Cout =   1.4 ff  Cmax = 310.4 ff  G =   89  
ABC: Path 11 --    1235 : 4    1 sky130_fd_sc_hd__or4_2    A =   8.76  Df =4091.8-1124.6 ps  S =  90.0 ps  Cin =  1.5 ff  Cout =   1.4 ff  Cmax = 310.4 ff  G =   89  
ABC: Path 12 --    1236 : 4    1 sky130_fd_sc_hd__or4_2    A =   8.76  Df =4618.2-1365.6 ps  S =  90.0 ps  Cin =  1.5 ff  Cout =   1.4 ff  Cmax = 310.4 ff  G =   89  
ABC: Path 13 --    1237 : 4    1 sky130_fd_sc_hd__or4_2    A =   8.76  Df =5146.4-1352.0 ps  S =  91.0 ps  Cin =  1.5 ff  Cout =   1.6 ff  Cmax = 310.4 ff  G =  100  
ABC: Path 14 --    1239 : 4    1 sky130_fd_sc_hd__or4_2    A =   8.76  Df =5744.6-1779.6 ps  S =  91.0 ps  Cin =  1.5 ff  Cout =   1.6 ff  Cmax = 310.4 ff  G =  100  
ABC: Path 15 --    1241 : 4    1 sky130_fd_sc_hd__or4_2    A =   8.76  Df =6343.1-1881.2 ps  S =  91.2 ps  Cin =  1.5 ff  Cout =   1.6 ff  Cmax = 310.4 ff  G =   99  
ABC: Path 16 --    1244 : 4    1 sky130_fd_sc_hd__and4bb_2 A =  12.51  Df =6635.7 -930.8 ps  S =  48.3 ps  Cin =  1.5 ff  Cout =   2.2 ff  Cmax = 270.1 ff  G =  139  
ABC: Path 17 --    1245 : 1    1 sky130_fd_sc_hd__buf_1    A =   3.75  Df =6960.6-1040.2 ps  S = 397.1 ps  Cin =  2.1 ff  Cout =  33.4 ff  Cmax = 130.0 ff  G = 1590  
ABC: Start-point = pi10 (\B [1]).  End-point = po32 (\Zero).
ABC: + print_stats -m 
ABC: netlist                       : i/o =   68/   35  lat =    0  nd =  1152  edge =   3361  area =10733.94  delay =18.00  lev = 18
ABC: + write_blif /tmp/yosys-abc-JVrUDg/output.blif 

66.3.2. Re-integrating ABC results.
ABC RESULTS:   sky130_fd_sc_hd__nor4_2 cells:        1
ABC RESULTS:   sky130_fd_sc_hd__a221oi_2 cells:        1
ABC RESULTS:   sky130_fd_sc_hd__nand4b_2 cells:        1
ABC RESULTS:   sky130_fd_sc_hd__nor4b_2 cells:        1
ABC RESULTS:   sky130_fd_sc_hd__and4b_2 cells:        2
ABC RESULTS:   sky130_fd_sc_hd__nand2b_2 cells:        3
ABC RESULTS:   sky130_fd_sc_hd__nor3_2 cells:        6
ABC RESULTS:   sky130_fd_sc_hd__nor2b_2 cells:        1
ABC RESULTS:   sky130_fd_sc_hd__o32a_2 cells:        2
ABC RESULTS:   sky130_fd_sc_hd__a22oi_2 cells:        2
ABC RESULTS:   sky130_fd_sc_hd__a21boi_2 cells:        3
ABC RESULTS:   sky130_fd_sc_hd__and4_2 cells:        2
ABC RESULTS:   sky130_fd_sc_hd__a32o_2 cells:        2
ABC RESULTS:   sky130_fd_sc_hd__o21ba_2 cells:        5
ABC RESULTS:   sky130_fd_sc_hd__o31a_2 cells:        6
ABC RESULTS:   sky130_fd_sc_hd__a311o_2 cells:        7
ABC RESULTS:   sky130_fd_sc_hd__a211oi_2 cells:        4
ABC RESULTS:   sky130_fd_sc_hd__o221ai_2 cells:        2
ABC RESULTS:   sky130_fd_sc_hd__a2111o_2 cells:        1
ABC RESULTS:   sky130_fd_sc_hd__or4b_2 cells:        8
ABC RESULTS:   sky130_fd_sc_hd__o22ai_2 cells:        1
ABC RESULTS:   sky130_fd_sc_hd__and3b_2 cells:        4
ABC RESULTS:   sky130_fd_sc_hd__and2_2 cells:       36
ABC RESULTS:   sky130_fd_sc_hd__a21bo_2 cells:        4
ABC RESULTS:   sky130_fd_sc_hd__o2111ai_2 cells:        3
ABC RESULTS:   sky130_fd_sc_hd__and2b_2 cells:       15
ABC RESULTS:   sky130_fd_sc_hd__o41a_2 cells:        5
ABC RESULTS:   sky130_fd_sc_hd__a2bb2o_2 cells:        6
ABC RESULTS:   sky130_fd_sc_hd__xor2_2 cells:       13
ABC RESULTS:   sky130_fd_sc_hd__nand4_2 cells:        2
ABC RESULTS:   sky130_fd_sc_hd__or4bb_2 cells:        4
ABC RESULTS:   sky130_fd_sc_hd__o21bai_2 cells:        4
ABC RESULTS:   sky130_fd_sc_hd__o311a_2 cells:        2
ABC RESULTS:   sky130_fd_sc_hd__o31ai_2 cells:        5
ABC RESULTS:   sky130_fd_sc_hd__or3b_2 cells:        9
ABC RESULTS:   sky130_fd_sc_hd__a31oi_2 cells:        2
ABC RESULTS:   sky130_fd_sc_hd__a311oi_2 cells:        1
ABC RESULTS:   sky130_fd_sc_hd__o2bb2a_2 cells:        7
ABC RESULTS:   sky130_fd_sc_hd__o211ai_2 cells:        5
ABC RESULTS:   sky130_fd_sc_hd__o22a_2 cells:        5
ABC RESULTS:   sky130_fd_sc_hd__inv_2 cells:       26
ABC RESULTS:   sky130_fd_sc_hd__and3_2 cells:       16
ABC RESULTS:   sky130_fd_sc_hd__o221a_2 cells:       14
ABC RESULTS:   sky130_fd_sc_hd__or2b_2 cells:       14
ABC RESULTS:   sky130_fd_sc_hd__a21oi_2 cells:       62
ABC RESULTS:   sky130_fd_sc_hd__nand3_2 cells:       15
ABC RESULTS:   sky130_fd_sc_hd__or3_2 cells:       19
ABC RESULTS:   sky130_fd_sc_hd__mux4_2 cells:       79
ABC RESULTS:   sky130_fd_sc_hd__a221o_2 cells:        8
ABC RESULTS:   sky130_fd_sc_hd__o21a_2 cells:       26
ABC RESULTS:   sky130_fd_sc_hd__a21o_2 cells:       53
ABC RESULTS:   sky130_fd_sc_hd__a31o_2 cells:       47
ABC RESULTS:   sky130_fd_sc_hd__or2_2 cells:       74
ABC RESULTS:   sky130_fd_sc_hd__o2111a_2 cells:        1
ABC RESULTS:   sky130_fd_sc_hd__and4bb_2 cells:        3
ABC RESULTS:   sky130_fd_sc_hd__buf_1 cells:      103
ABC RESULTS:   sky130_fd_sc_hd__nor2_2 cells:       92
ABC RESULTS:   sky130_fd_sc_hd__xnor2_2 cells:       29
ABC RESULTS:   sky130_fd_sc_hd__mux2_2 cells:       59
ABC RESULTS:   sky130_fd_sc_hd__a22o_2 cells:       19
ABC RESULTS:   sky130_fd_sc_hd__or4_2 cells:       24
ABC RESULTS:   sky130_fd_sc_hd__nand2_2 cells:       95
ABC RESULTS:   sky130_fd_sc_hd__o211a_2 cells:       18
ABC RESULTS:   sky130_fd_sc_hd__a211o_2 cells:       25
ABC RESULTS:   sky130_fd_sc_hd__o21ai_2 cells:       38
ABC RESULTS:        internal signals:     1694
ABC RESULTS:           input signals:       68
ABC RESULTS:          output signals:       35
Removing temp directory.

66.4. Extracting gate netlist of module `\alu_control' to `/tmp/yosys-abc-LBkgIZ/input.blif'..
Extracted 47 gates and 53 wires to a netlist network with 6 inputs and 4 outputs.

66.4.1. Executing ABC.
Running ABC command: "/build/bin/yosys-abc" -s -f /tmp/yosys-abc-LBkgIZ/abc.script 2>&1
ABC: ABC command line: "source /tmp/yosys-abc-LBkgIZ/abc.script".
ABC: 
ABC: + read_blif /tmp/yosys-abc-LBkgIZ/input.blif 
ABC: + read_lib -w /home/prabhat/Work_Ubuntu/RV32I_Single-Cycle_32-bit_RISC-V_Processor/openlane/riscv32_singlecycle_top/runs/rv32i_macro_GDS_flow/tmp/synthesis/trimmed.lib 
ABC: Parsing finished successfully.  Parsing time =     0.04 sec
ABC: Scl_LibertyReadGenlib() skipped sequential cell "sky130_fd_sc_hd__dfbbn_2".
ABC: Scl_LibertyReadGenlib() skipped sequential cell "sky130_fd_sc_hd__dfrbp_2".
ABC: Scl_LibertyReadGenlib() skipped sequential cell "sky130_fd_sc_hd__dfrtp_2".
ABC: Scl_LibertyReadGenlib() skipped sequential cell "sky130_fd_sc_hd__dfrtp_4".
ABC: Scl_LibertyReadGenlib() skipped sequential cell "sky130_fd_sc_hd__dfsbp_2".
ABC: Scl_LibertyReadGenlib() skipped sequential cell "sky130_fd_sc_hd__dfstp_2".
ABC: Scl_LibertyReadGenlib() skipped sequential cell "sky130_fd_sc_hd__dfstp_4".
ABC: Scl_LibertyReadGenlib() skipped sequential cell "sky130_fd_sc_hd__dfxbp_2".
ABC: Scl_LibertyReadGenlib() skipped sequential cell "sky130_fd_sc_hd__dfxtp_2".
ABC: Scl_LibertyReadGenlib() skipped sequential cell "sky130_fd_sc_hd__dfxtp_4".
ABC: Scl_LibertyReadGenlib() skipped sequential cell "sky130_fd_sc_hd__dlxtn_1".
ABC: Scl_LibertyReadGenlib() skipped sequential cell "sky130_fd_sc_hd__dlxtn_2".
ABC: Scl_LibertyReadGenlib() skipped sequential cell "sky130_fd_sc_hd__dlxtn_4".
ABC: Scl_LibertyReadGenlib() skipped sequential cell "sky130_fd_sc_hd__dlxtp_1".
ABC: Scl_LibertyReadGenlib() skipped three-state cell "sky130_fd_sc_hd__ebufn_2".
ABC: Scl_LibertyReadGenlib() skipped three-state cell "sky130_fd_sc_hd__ebufn_4".
ABC: Scl_LibertyReadGenlib() skipped three-state cell "sky130_fd_sc_hd__ebufn_8".
ABC: Library "sky130A_merged" from "/home/prabhat/Work_Ubuntu/RV32I_Single-Cycle_32-bit_RISC-V_Processor/openlane/riscv32_singlecycle_top/runs/rv32i_macro_GDS_flow/tmp/synthesis/trimmed.lib" has 175 cells (17 skipped: 14 seq; 3 tri-state; 0 no func; 0 dont_use).  Time =     0.06 sec
ABC: Memory =    9.54 MB. Time =     0.06 sec
ABC: Warning: Detected 2 multi-output gates (for example, "sky130_fd_sc_hd__fa_1").
ABC: + read_constr -v /home/prabhat/Work_Ubuntu/RV32I_Single-Cycle_32-bit_RISC-V_Processor/openlane/riscv32_singlecycle_top/runs/rv32i_macro_GDS_flow/tmp/synthesis/synthesis.sdc 
ABC: Setting driving cell to be "sky130_fd_sc_hd__inv_2".
ABC: Setting output load to be 33.442001.
ABC: + read_constr /home/prabhat/Work_Ubuntu/RV32I_Single-Cycle_32-bit_RISC-V_Processor/openlane/riscv32_singlecycle_top/runs/rv32i_macro_GDS_flow/tmp/synthesis/synthesis.sdc 
ABC: + fx 
ABC: + mfs 
ABC: + strash 
ABC: + refactor 
ABC: + balance 
ABC: + rewrite 
ABC: + refactor 
ABC: + balance 
ABC: + rewrite 
ABC: + rewrite -z 
ABC: + balance 
ABC: + refactor -z 
ABC: + rewrite -z 
ABC: + balance 
ABC: + retime -D -D 20000.0 -M 5 
ABC: + scleanup 
ABC: Error: The network is combinational.
ABC: + fraig_store 
ABC: + balance 
ABC: + fraig_store 
ABC: + balance 
ABC: + rewrite 
ABC: + refactor 
ABC: + balance 
ABC: + rewrite 
ABC: + rewrite -z 
ABC: + balance 
ABC: + refactor -z 
ABC: + rewrite -z 
ABC: + balance 
ABC: + fraig_store 
ABC: + balance 
ABC: + rewrite 
ABC: + refactor 
ABC: + balance 
ABC: + rewrite 
ABC: + rewrite -z 
ABC: + balance 
ABC: + refactor -z 
ABC: + rewrite -z 
ABC: + balance 
ABC: + fraig_store 
ABC: + balance 
ABC: + rewrite 
ABC: + refactor 
ABC: + balance 
ABC: + rewrite 
ABC: + rewrite -z 
ABC: + balance 
ABC: + refactor -z 
ABC: + rewrite -z 
ABC: + balance 
ABC: + fraig_store 
ABC: + fraig_restore 
ABC: + amap -m -Q 0.1 -F 20 -A 20 -C 5000 
ABC: + retime -D -D 20000.0 
ABC: + &get -n 
ABC: + &st 
ABC: + &dch 
ABC: + &nf 
ABC: + &put 
ABC: + buffer -N 10 -S 750.0 
ABC: + upsize -D 20000.0 
ABC: Current delay (903.53 ps) does not exceed the target delay (20000.00 ps). Upsizing is not performed.
ABC: + dnsize -D 20000.0 
ABC: + stime -p 
ABC: WireLoad = "none"  Gates =     15 ( 20.0 %)   Cap = 10.3 ff (  5.0 %)   Area =      117.61 ( 80.0 %)   Delay =   919.35 ps  ( 40.0 %)               
ABC: Path  0 --       4 : 0    2 pi                      A =   0.00  Df =  11.6   -7.0 ps  S =  22.2 ps  Cin =  0.0 ff  Cout =   3.2 ff  Cmax =   0.0 ff  G =    0  
ABC: Path  1 --      13 : 3    1 sky130_fd_sc_hd__or3b_2 A =   8.76  Df = 460.7 -294.5 ps  S =  69.4 ps  Cin =  1.5 ff  Cout =   1.6 ff  Cmax = 269.2 ff  G =  100  
ABC: Path  2 --      14 : 3    1 sky130_fd_sc_hd__or3b_2 A =   8.76  Df = 652.1  -65.2 ps  S =  73.4 ps  Cin =  1.5 ff  Cout =   2.5 ff  Cmax = 269.2 ff  G =  157  
ABC: Path  3 --      16 : 4    1 sky130_fd_sc_hd__a31o_2 A =   8.76  Df = 919.4   -3.2 ps  S = 198.7 ps  Cin =  2.4 ff  Cout =  33.4 ff  Cmax = 271.9 ff  G = 1420  
ABC: Start-point = pi3 (\funct7 [5]).  End-point = po0 (\alu_ctrl [0]).
ABC: + print_stats -m 
ABC: netlist                       : i/o =    6/    4  lat =    0  nd =    15  edge =     38  area =117.62  delay = 3.00  lev = 3
ABC: + write_blif /tmp/yosys-abc-LBkgIZ/output.blif 

66.4.2. Re-integrating ABC results.
ABC RESULTS:   sky130_fd_sc_hd__or3b_2 cells:        2
ABC RESULTS:   sky130_fd_sc_hd__and2b_2 cells:        2
ABC RESULTS:   sky130_fd_sc_hd__a31o_2 cells:        1
ABC RESULTS:   sky130_fd_sc_hd__mux2_2 cells:        1
ABC RESULTS:   sky130_fd_sc_hd__and2_2 cells:        1
ABC RESULTS:   sky130_fd_sc_hd__or3_2 cells:        1
ABC RESULTS:   sky130_fd_sc_hd__o21ai_2 cells:        2
ABC RESULTS:   sky130_fd_sc_hd__and3_2 cells:        1
ABC RESULTS:   sky130_fd_sc_hd__and4b_2 cells:        1
ABC RESULTS:   sky130_fd_sc_hd__buf_1 cells:        3
ABC RESULTS:        internal signals:       43
ABC RESULTS:           input signals:        6
ABC RESULTS:          output signals:        4
Removing temp directory.

66.5. Extracting gate netlist of module `\branch_unit' to `/tmp/yosys-abc-pfu0jJ/input.blif'..
Extracted 182 gates and 249 wires to a netlist network with 67 inputs and 1 outputs.

66.5.1. Executing ABC.
Running ABC command: "/build/bin/yosys-abc" -s -f /tmp/yosys-abc-pfu0jJ/abc.script 2>&1
ABC: ABC command line: "source /tmp/yosys-abc-pfu0jJ/abc.script".
ABC: 
ABC: + read_blif /tmp/yosys-abc-pfu0jJ/input.blif 
ABC: + read_lib -w /home/prabhat/Work_Ubuntu/RV32I_Single-Cycle_32-bit_RISC-V_Processor/openlane/riscv32_singlecycle_top/runs/rv32i_macro_GDS_flow/tmp/synthesis/trimmed.lib 
ABC: Parsing finished successfully.  Parsing time =     0.04 sec
ABC: Scl_LibertyReadGenlib() skipped sequential cell "sky130_fd_sc_hd__dfbbn_2".
ABC: Scl_LibertyReadGenlib() skipped sequential cell "sky130_fd_sc_hd__dfrbp_2".
ABC: Scl_LibertyReadGenlib() skipped sequential cell "sky130_fd_sc_hd__dfrtp_2".
ABC: Scl_LibertyReadGenlib() skipped sequential cell "sky130_fd_sc_hd__dfrtp_4".
ABC: Scl_LibertyReadGenlib() skipped sequential cell "sky130_fd_sc_hd__dfsbp_2".
ABC: Scl_LibertyReadGenlib() skipped sequential cell "sky130_fd_sc_hd__dfstp_2".
ABC: Scl_LibertyReadGenlib() skipped sequential cell "sky130_fd_sc_hd__dfstp_4".
ABC: Scl_LibertyReadGenlib() skipped sequential cell "sky130_fd_sc_hd__dfxbp_2".
ABC: Scl_LibertyReadGenlib() skipped sequential cell "sky130_fd_sc_hd__dfxtp_2".
ABC: Scl_LibertyReadGenlib() skipped sequential cell "sky130_fd_sc_hd__dfxtp_4".
ABC: Scl_LibertyReadGenlib() skipped sequential cell "sky130_fd_sc_hd__dlxtn_1".
ABC: Scl_LibertyReadGenlib() skipped sequential cell "sky130_fd_sc_hd__dlxtn_2".
ABC: Scl_LibertyReadGenlib() skipped sequential cell "sky130_fd_sc_hd__dlxtn_4".
ABC: Scl_LibertyReadGenlib() skipped sequential cell "sky130_fd_sc_hd__dlxtp_1".
ABC: Scl_LibertyReadGenlib() skipped three-state cell "sky130_fd_sc_hd__ebufn_2".
ABC: Scl_LibertyReadGenlib() skipped three-state cell "sky130_fd_sc_hd__ebufn_4".
ABC: Scl_LibertyReadGenlib() skipped three-state cell "sky130_fd_sc_hd__ebufn_8".
ABC: Library "sky130A_merged" from "/home/prabhat/Work_Ubuntu/RV32I_Single-Cycle_32-bit_RISC-V_Processor/openlane/riscv32_singlecycle_top/runs/rv32i_macro_GDS_flow/tmp/synthesis/trimmed.lib" has 175 cells (17 skipped: 14 seq; 3 tri-state; 0 no func; 0 dont_use).  Time =     0.06 sec
ABC: Memory =    9.54 MB. Time =     0.06 sec
ABC: Warning: Detected 2 multi-output gates (for example, "sky130_fd_sc_hd__fa_1").
ABC: + read_constr -v /home/prabhat/Work_Ubuntu/RV32I_Single-Cycle_32-bit_RISC-V_Processor/openlane/riscv32_singlecycle_top/runs/rv32i_macro_GDS_flow/tmp/synthesis/synthesis.sdc 
ABC: Setting driving cell to be "sky130_fd_sc_hd__inv_2".
ABC: Setting output load to be 33.442001.
ABC: + read_constr /home/prabhat/Work_Ubuntu/RV32I_Single-Cycle_32-bit_RISC-V_Processor/openlane/riscv32_singlecycle_top/runs/rv32i_macro_GDS_flow/tmp/synthesis/synthesis.sdc 
ABC: + fx 
ABC: + mfs 
ABC: + strash 
ABC: + refactor 
ABC: + balance 
ABC: + rewrite 
ABC: + refactor 
ABC: + balance 
ABC: + rewrite 
ABC: + rewrite -z 
ABC: + balance 
ABC: + refactor -z 
ABC: + rewrite -z 
ABC: + balance 
ABC: + retime -D -D 20000.0 -M 5 
ABC: + scleanup 
ABC: Error: The network is combinational.
ABC: + fraig_store 
ABC: + balance 
ABC: + fraig_store 
ABC: + balance 
ABC: + rewrite 
ABC: + refactor 
ABC: + balance 
ABC: + rewrite 
ABC: + rewrite -z 
ABC: + balance 
ABC: + refactor -z 
ABC: + rewrite -z 
ABC: + balance 
ABC: + fraig_store 
ABC: + balance 
ABC: + rewrite 
ABC: + refactor 
ABC: + balance 
ABC: + rewrite 
ABC: + rewrite -z 
ABC: + balance 
ABC: + refactor -z 
ABC: + rewrite -z 
ABC: + balance 
ABC: + fraig_store 
ABC: + balance 
ABC: + rewrite 
ABC: + refactor 
ABC: + balance 
ABC: + rewrite 
ABC: + rewrite -z 
ABC: + balance 
ABC: + refactor -z 
ABC: + rewrite -z 
ABC: + balance 
ABC: + fraig_store 
ABC: + fraig_restore 
ABC: + amap -m -Q 0.1 -F 20 -A 20 -C 5000 
ABC: + retime -D -D 20000.0 
ABC: + &get -n 
ABC: + &st 
ABC: + &dch 
ABC: + &nf 
ABC: + &put 
ABC: + buffer -N 10 -S 750.0 
ABC: + upsize -D 20000.0 
ABC: Current delay (2241.93 ps) does not exceed the target delay (20000.00 ps). Upsizing is not performed.
ABC: + dnsize -D 20000.0 
ABC: + stime -p 
ABC: WireLoad = "none"  Gates =    118 ( 22.9 %)   Cap =  4.8 ff (  2.9 %)   Area =      970.93 ( 77.1 %)   Delay =  2271.35 ps  ( 11.9 %)               
ABC: Path  0 --      53 : 0    2 pi                        A =   0.00  Df =  14.2   -8.5 ps  S =  25.5 ps  Cin =  0.0 ff  Cout =   3.9 ff  Cmax =   0.0 ff  G =    0  
ABC: Path  1 --     135 : 2    2 sky130_fd_sc_hd__or2b_2   A =   8.76  Df = 309.3 -149.8 ps  S =  64.1 ps  Cin =  1.6 ff  Cout =   6.9 ff  Cmax = 312.2 ff  G =  428  
ABC: Path  2 --     138 : 5    1 sky130_fd_sc_hd__o2111a_2 A =  12.51  Df = 459.9 -123.2 ps  S =  37.1 ps  Cin =  2.4 ff  Cout =   1.6 ff  Cmax = 299.4 ff  G =   63  
ABC: Path  3 --     139 : 3    2 sky130_fd_sc_hd__and3_2   A =   7.51  Df = 671.4 -150.3 ps  S =  62.3 ps  Cin =  1.5 ff  Cout =   6.8 ff  Cmax = 309.5 ff  G =  444  
ABC: Path  4 --     157 : 5    1 sky130_fd_sc_hd__a32o_2   A =  11.26  Df = 902.0 -233.9 ps  S =  43.1 ps  Cin =  2.3 ff  Cout =   2.4 ff  Cmax = 264.6 ff  G =   99  
ABC: Path  5 --     162 : 3    1 sky130_fd_sc_hd__a21o_2   A =   8.76  Df =1098.8 -251.7 ps  S =  32.4 ps  Cin =  2.4 ff  Cout =   2.5 ff  Cmax = 309.5 ff  G =  101  
ABC: Path  6 --     173 : 4    3 sky130_fd_sc_hd__a211o_2  A =  10.01  Df =1439.6 -458.3 ps  S =  64.0 ps  Cin =  2.4 ff  Cout =   9.0 ff  Cmax = 325.0 ff  G =  366  
ABC: Path  7 --     177 : 4    2 sky130_fd_sc_hd__a2bb2o_2 A =  11.26  Df =1691.2 -545.6 ps  S =  59.0 ps  Cin =  1.7 ff  Cout =   7.5 ff  Cmax = 300.3 ff  G =  417  
ABC: Path  8 --     185 : 4    1 sky130_fd_sc_hd__a31o_2   A =   8.76  Df =1915.3 -402.9 ps  S =  37.0 ps  Cin =  2.4 ff  Cout =   2.5 ff  Cmax = 271.9 ff  G =   98  
ABC: Path  9 --     186 : 4    1 sky130_fd_sc_hd__a211o_2  A =  10.01  Df =2271.3 -255.1 ps  S = 166.3 ps  Cin =  2.4 ff  Cout =  33.4 ff  Cmax = 325.0 ff  G = 1421  
ABC: Start-point = pi52 (\rs1_val [5]).  End-point = po0 (\take_branch).
ABC: + print_stats -m 
ABC: netlist                       : i/o =   67/    1  lat =    0  nd =   118  edge =    316  area =970.92  delay = 9.00  lev = 9
ABC: + write_blif /tmp/yosys-abc-pfu0jJ/output.blif 

66.5.2. Re-integrating ABC results.
ABC RESULTS:   sky130_fd_sc_hd__xnor2_2 cells:        1
ABC RESULTS:   sky130_fd_sc_hd__nor3b_2 cells:        1
ABC RESULTS:   sky130_fd_sc_hd__or2_2 cells:        1
ABC RESULTS:   sky130_fd_sc_hd__o221ai_2 cells:        1
ABC RESULTS:   sky130_fd_sc_hd__nor4b_2 cells:        1
ABC RESULTS:   sky130_fd_sc_hd__o221a_2 cells:        1
ABC RESULTS:   sky130_fd_sc_hd__a22oi_2 cells:        1
ABC RESULTS:   sky130_fd_sc_hd__and4bb_2 cells:        3
ABC RESULTS:   sky130_fd_sc_hd__o2bb2a_2 cells:        3
ABC RESULTS:   sky130_fd_sc_hd__o2111a_2 cells:        2
ABC RESULTS:   sky130_fd_sc_hd__or2b_2 cells:       13
ABC RESULTS:   sky130_fd_sc_hd__and4_2 cells:        4
ABC RESULTS:   sky130_fd_sc_hd__o22a_2 cells:        6
ABC RESULTS:   sky130_fd_sc_hd__nand4_2 cells:        1
ABC RESULTS:   sky130_fd_sc_hd__a21bo_2 cells:        1
ABC RESULTS:   sky130_fd_sc_hd__a32o_2 cells:        1
ABC RESULTS:   sky130_fd_sc_hd__a21boi_2 cells:        1
ABC RESULTS:   sky130_fd_sc_hd__inv_2 cells:       27
ABC RESULTS:   sky130_fd_sc_hd__o21ba_2 cells:        1
ABC RESULTS:   sky130_fd_sc_hd__a221o_2 cells:        1
ABC RESULTS:   sky130_fd_sc_hd__o21ai_2 cells:        5
ABC RESULTS:   sky130_fd_sc_hd__a22o_2 cells:       10
ABC RESULTS:   sky130_fd_sc_hd__nand3_2 cells:        1
ABC RESULTS:   sky130_fd_sc_hd__a21o_2 cells:        5
ABC RESULTS:   sky130_fd_sc_hd__and3_2 cells:        4
ABC RESULTS:   sky130_fd_sc_hd__a2bb2o_2 cells:        1
ABC RESULTS:   sky130_fd_sc_hd__nand2_2 cells:        3
ABC RESULTS:   sky130_fd_sc_hd__a21oi_2 cells:        1
ABC RESULTS:   sky130_fd_sc_hd__nor2_2 cells:        6
ABC RESULTS:   sky130_fd_sc_hd__and2_2 cells:        1
ABC RESULTS:   sky130_fd_sc_hd__mux2_2 cells:        1
ABC RESULTS:   sky130_fd_sc_hd__and2b_2 cells:        5
ABC RESULTS:   sky130_fd_sc_hd__a31o_2 cells:        2
ABC RESULTS:   sky130_fd_sc_hd__a211o_2 cells:        2
ABC RESULTS:        internal signals:      181
ABC RESULTS:           input signals:       67
ABC RESULTS:          output signals:        1
Removing temp directory.

66.6. Extracting gate netlist of module `\decoder_controller' to `/tmp/yosys-abc-5PD53t/input.blif'..
Extracted 45 gates and 52 wires to a netlist network with 7 inputs and 13 outputs.

66.6.1. Executing ABC.
Running ABC command: "/build/bin/yosys-abc" -s -f /tmp/yosys-abc-5PD53t/abc.script 2>&1
ABC: ABC command line: "source /tmp/yosys-abc-5PD53t/abc.script".
ABC: 
ABC: + read_blif /tmp/yosys-abc-5PD53t/input.blif 
ABC: + read_lib -w /home/prabhat/Work_Ubuntu/RV32I_Single-Cycle_32-bit_RISC-V_Processor/openlane/riscv32_singlecycle_top/runs/rv32i_macro_GDS_flow/tmp/synthesis/trimmed.lib 
ABC: Parsing finished successfully.  Parsing time =     0.04 sec
ABC: Scl_LibertyReadGenlib() skipped sequential cell "sky130_fd_sc_hd__dfbbn_2".
ABC: Scl_LibertyReadGenlib() skipped sequential cell "sky130_fd_sc_hd__dfrbp_2".
ABC: Scl_LibertyReadGenlib() skipped sequential cell "sky130_fd_sc_hd__dfrtp_2".
ABC: Scl_LibertyReadGenlib() skipped sequential cell "sky130_fd_sc_hd__dfrtp_4".
ABC: Scl_LibertyReadGenlib() skipped sequential cell "sky130_fd_sc_hd__dfsbp_2".
ABC: Scl_LibertyReadGenlib() skipped sequential cell "sky130_fd_sc_hd__dfstp_2".
ABC: Scl_LibertyReadGenlib() skipped sequential cell "sky130_fd_sc_hd__dfstp_4".
ABC: Scl_LibertyReadGenlib() skipped sequential cell "sky130_fd_sc_hd__dfxbp_2".
ABC: Scl_LibertyReadGenlib() skipped sequential cell "sky130_fd_sc_hd__dfxtp_2".
ABC: Scl_LibertyReadGenlib() skipped sequential cell "sky130_fd_sc_hd__dfxtp_4".
ABC: Scl_LibertyReadGenlib() skipped sequential cell "sky130_fd_sc_hd__dlxtn_1".
ABC: Scl_LibertyReadGenlib() skipped sequential cell "sky130_fd_sc_hd__dlxtn_2".
ABC: Scl_LibertyReadGenlib() skipped sequential cell "sky130_fd_sc_hd__dlxtn_4".
ABC: Scl_LibertyReadGenlib() skipped sequential cell "sky130_fd_sc_hd__dlxtp_1".
ABC: Scl_LibertyReadGenlib() skipped three-state cell "sky130_fd_sc_hd__ebufn_2".
ABC: Scl_LibertyReadGenlib() skipped three-state cell "sky130_fd_sc_hd__ebufn_4".
ABC: Scl_LibertyReadGenlib() skipped three-state cell "sky130_fd_sc_hd__ebufn_8".
ABC: Library "sky130A_merged" from "/home/prabhat/Work_Ubuntu/RV32I_Single-Cycle_32-bit_RISC-V_Processor/openlane/riscv32_singlecycle_top/runs/rv32i_macro_GDS_flow/tmp/synthesis/trimmed.lib" has 175 cells (17 skipped: 14 seq; 3 tri-state; 0 no func; 0 dont_use).  Time =     0.06 sec
ABC: Memory =    9.54 MB. Time =     0.06 sec
ABC: Warning: Detected 2 multi-output gates (for example, "sky130_fd_sc_hd__fa_1").
ABC: + read_constr -v /home/prabhat/Work_Ubuntu/RV32I_Single-Cycle_32-bit_RISC-V_Processor/openlane/riscv32_singlecycle_top/runs/rv32i_macro_GDS_flow/tmp/synthesis/synthesis.sdc 
ABC: Setting driving cell to be "sky130_fd_sc_hd__inv_2".
ABC: Setting output load to be 33.442001.
ABC: + read_constr /home/prabhat/Work_Ubuntu/RV32I_Single-Cycle_32-bit_RISC-V_Processor/openlane/riscv32_singlecycle_top/runs/rv32i_macro_GDS_flow/tmp/synthesis/synthesis.sdc 
ABC: + fx 
ABC: + mfs 
ABC: + strash 
ABC: + refactor 
ABC: + balance 
ABC: + rewrite 
ABC: + refactor 
ABC: + balance 
ABC: + rewrite 
ABC: + rewrite -z 
ABC: + balance 
ABC: + refactor -z 
ABC: + rewrite -z 
ABC: + balance 
ABC: + retime -D -D 20000.0 -M 5 
ABC: + scleanup 
ABC: Error: The network is combinational.
ABC: + fraig_store 
ABC: + balance 
ABC: + fraig_store 
ABC: + balance 
ABC: + rewrite 
ABC: + refactor 
ABC: + balance 
ABC: + rewrite 
ABC: + rewrite -z 
ABC: + balance 
ABC: + refactor -z 
ABC: + rewrite -z 
ABC: + balance 
ABC: + fraig_store 
ABC: + balance 
ABC: + rewrite 
ABC: + refactor 
ABC: + balance 
ABC: + rewrite 
ABC: + rewrite -z 
ABC: + balance 
ABC: + refactor -z 
ABC: + rewrite -z 
ABC: + balance 
ABC: + fraig_store 
ABC: + balance 
ABC: + rewrite 
ABC: + refactor 
ABC: + balance 
ABC: + rewrite 
ABC: + rewrite -z 
ABC: + balance 
ABC: + refactor -z 
ABC: + rewrite -z 
ABC: + balance 
ABC: + fraig_store 
ABC: + fraig_restore 
ABC: + amap -m -Q 0.1 -F 20 -A 20 -C 5000 
ABC: + retime -D -D 20000.0 
ABC: + &get -n 
ABC: + &st 
ABC: + &dch 
ABC: + &nf 
ABC: + &put 
ABC: + buffer -N 10 -S 750.0 
ABC: + upsize -D 20000.0 
ABC: Current delay (1529.61 ps) does not exceed the target delay (20000.00 ps). Upsizing is not performed.
ABC: + dnsize -D 20000.0 
ABC: + stime -p 
ABC: WireLoad = "none"  Gates =     25 ( 12.0 %)   Cap = 20.5 ff (  3.0 %)   Area =      212.70 ( 88.0 %)   Delay =  1916.14 ps  ( 20.0 %)               
ABC: Path  0 --       1 : 0    3 pi                       A =   0.00  Df =  35.7  -19.6 ps  S =  55.1 ps  Cin =  0.0 ff  Cout =  10.5 ff  Cmax =   0.0 ff  G =    0  
ABC: Path  1 --      28 : 4    1 sky130_fd_sc_hd__or4bb_2 A =  12.51  Df = 624.5 -443.4 ps  S =  89.1 ps  Cin =  1.5 ff  Cout =   2.2 ff  Cmax = 312.2 ff  G =  141  
ABC: Path  2 --      29 : 1    6 sky130_fd_sc_hd__buf_1   A =   3.75  Df = 826.5 -371.5 ps  S = 334.2 ps  Cin =  2.1 ff  Cout =  28.0 ff  Cmax = 130.0 ff  G = 1255  
ABC: Path  3 --      32 : 3    2 sky130_fd_sc_hd__nor3b_2 A =  12.51  Df =1366.0 -727.2 ps  S = 603.2 ps  Cin =  3.4 ff  Cout =  35.2 ff  Cmax =  93.4 ff  G = 1039  
ABC: Path  4 --      36 : 4    1 sky130_fd_sc_hd__or4_2   A =   8.76  Df =1593.4 -233.2 ps  S =  94.5 ps  Cin =  1.5 ff  Cout =   2.2 ff  Cmax = 310.4 ff  G =  140  
ABC: Path  5 --      37 : 1    1 sky130_fd_sc_hd__buf_1   A =   3.75  Df =1916.1 -315.4 ps  S = 396.7 ps  Cin =  2.1 ff  Cout =  33.4 ff  Cmax = 130.0 ff  G = 1590  
ABC: Start-point = pi0 (\opcode [1]).  End-point = po5 (\reg_write).
ABC: + print_stats -m 
ABC: netlist                       : i/o =    7/   13  lat =    0  nd =    25  edge =     68  area =212.73  delay = 5.00  lev = 5
ABC: + write_blif /tmp/yosys-abc-5PD53t/output.blif 

66.6.2. Re-integrating ABC results.
ABC RESULTS:   sky130_fd_sc_hd__nand3b_2 cells:        1
ABC RESULTS:   sky130_fd_sc_hd__nand4_2 cells:        1
ABC RESULTS:   sky130_fd_sc_hd__nand4b_2 cells:        1
ABC RESULTS:   sky130_fd_sc_hd__or3b_2 cells:        1
ABC RESULTS:   sky130_fd_sc_hd__or4bb_2 cells:        1
ABC RESULTS:   sky130_fd_sc_hd__or3_2 cells:        1
ABC RESULTS:   sky130_fd_sc_hd__nor3b_2 cells:        1
ABC RESULTS:   sky130_fd_sc_hd__nand2_2 cells:        1
ABC RESULTS:   sky130_fd_sc_hd__o32ai_2 cells:        1
ABC RESULTS:   sky130_fd_sc_hd__or4_2 cells:        1
ABC RESULTS:   sky130_fd_sc_hd__and3b_2 cells:        1
ABC RESULTS:   sky130_fd_sc_hd__buf_1 cells:        3
ABC RESULTS:   sky130_fd_sc_hd__a21o_2 cells:        1
ABC RESULTS:   sky130_fd_sc_hd__a21oi_2 cells:        2
ABC RESULTS:   sky130_fd_sc_hd__o31a_2 cells:        1
ABC RESULTS:   sky130_fd_sc_hd__nor2_2 cells:        7
ABC RESULTS:        internal signals:       32
ABC RESULTS:           input signals:        7
ABC RESULTS:          output signals:       13
Removing temp directory.

66.7. Extracting gate netlist of module `\imm_gen' to `/tmp/yosys-abc-JrOSmf/input.blif'..
Extracted 0 gates and 0 wires to a netlist network with 0 inputs and 0 outputs.
Don't call ABC as there is nothing to map.
Removing temp directory.

66.8. Extracting gate netlist of module `\pc_next_logic' to `/tmp/yosys-abc-XtfMF0/input.blif'..
Extracted 837 gates and 1001 wires to a netlist network with 164 inputs and 62 outputs.

66.8.1. Executing ABC.
Running ABC command: "/build/bin/yosys-abc" -s -f /tmp/yosys-abc-XtfMF0/abc.script 2>&1
ABC: ABC command line: "source /tmp/yosys-abc-XtfMF0/abc.script".
ABC: 
ABC: + read_blif /tmp/yosys-abc-XtfMF0/input.blif 
ABC: + read_lib -w /home/prabhat/Work_Ubuntu/RV32I_Single-Cycle_32-bit_RISC-V_Processor/openlane/riscv32_singlecycle_top/runs/rv32i_macro_GDS_flow/tmp/synthesis/trimmed.lib 
ABC: Parsing finished successfully.  Parsing time =     0.04 sec
ABC: Scl_LibertyReadGenlib() skipped sequential cell "sky130_fd_sc_hd__dfbbn_2".
ABC: Scl_LibertyReadGenlib() skipped sequential cell "sky130_fd_sc_hd__dfrbp_2".
ABC: Scl_LibertyReadGenlib() skipped sequential cell "sky130_fd_sc_hd__dfrtp_2".
ABC: Scl_LibertyReadGenlib() skipped sequential cell "sky130_fd_sc_hd__dfrtp_4".
ABC: Scl_LibertyReadGenlib() skipped sequential cell "sky130_fd_sc_hd__dfsbp_2".
ABC: Scl_LibertyReadGenlib() skipped sequential cell "sky130_fd_sc_hd__dfstp_2".
ABC: Scl_LibertyReadGenlib() skipped sequential cell "sky130_fd_sc_hd__dfstp_4".
ABC: Scl_LibertyReadGenlib() skipped sequential cell "sky130_fd_sc_hd__dfxbp_2".
ABC: Scl_LibertyReadGenlib() skipped sequential cell "sky130_fd_sc_hd__dfxtp_2".
ABC: Scl_LibertyReadGenlib() skipped sequential cell "sky130_fd_sc_hd__dfxtp_4".
ABC: Scl_LibertyReadGenlib() skipped sequential cell "sky130_fd_sc_hd__dlxtn_1".
ABC: Scl_LibertyReadGenlib() skipped sequential cell "sky130_fd_sc_hd__dlxtn_2".
ABC: Scl_LibertyReadGenlib() skipped sequential cell "sky130_fd_sc_hd__dlxtn_4".
ABC: Scl_LibertyReadGenlib() skipped sequential cell "sky130_fd_sc_hd__dlxtp_1".
ABC: Scl_LibertyReadGenlib() skipped three-state cell "sky130_fd_sc_hd__ebufn_2".
ABC: Scl_LibertyReadGenlib() skipped three-state cell "sky130_fd_sc_hd__ebufn_4".
ABC: Scl_LibertyReadGenlib() skipped three-state cell "sky130_fd_sc_hd__ebufn_8".
ABC: Library "sky130A_merged" from "/home/prabhat/Work_Ubuntu/RV32I_Single-Cycle_32-bit_RISC-V_Processor/openlane/riscv32_singlecycle_top/runs/rv32i_macro_GDS_flow/tmp/synthesis/trimmed.lib" has 175 cells (17 skipped: 14 seq; 3 tri-state; 0 no func; 0 dont_use).  Time =     0.06 sec
ABC: Memory =    9.54 MB. Time =     0.06 sec
ABC: Warning: Detected 2 multi-output gates (for example, "sky130_fd_sc_hd__fa_1").
ABC: + read_constr -v /home/prabhat/Work_Ubuntu/RV32I_Single-Cycle_32-bit_RISC-V_Processor/openlane/riscv32_singlecycle_top/runs/rv32i_macro_GDS_flow/tmp/synthesis/synthesis.sdc 
ABC: Setting driving cell to be "sky130_fd_sc_hd__inv_2".
ABC: Setting output load to be 33.442001.
ABC: + read_constr /home/prabhat/Work_Ubuntu/RV32I_Single-Cycle_32-bit_RISC-V_Processor/openlane/riscv32_singlecycle_top/runs/rv32i_macro_GDS_flow/tmp/synthesis/synthesis.sdc 
ABC: + fx 
ABC: + mfs 
ABC: + strash 
ABC: + refactor 
ABC: + balance 
ABC: + rewrite 
ABC: + refactor 
ABC: + balance 
ABC: + rewrite 
ABC: + rewrite -z 
ABC: + balance 
ABC: + refactor -z 
ABC: + rewrite -z 
ABC: + balance 
ABC: + retime -D -D 20000.0 -M 5 
ABC: + scleanup 
ABC: Error: The network is combinational.
ABC: + fraig_store 
ABC: + balance 
ABC: + fraig_store 
ABC: + balance 
ABC: + rewrite 
ABC: + refactor 
ABC: + balance 
ABC: + rewrite 
ABC: + rewrite -z 
ABC: + balance 
ABC: + refactor -z 
ABC: + rewrite -z 
ABC: + balance 
ABC: + fraig_store 
ABC: + balance 
ABC: + rewrite 
ABC: + refactor 
ABC: + balance 
ABC: + rewrite 
ABC: + rewrite -z 
ABC: + balance 
ABC: + refactor -z 
ABC: + rewrite -z 
ABC: + balance 
ABC: + fraig_store 
ABC: + balance 
ABC: + rewrite 
ABC: + refactor 
ABC: + balance 
ABC: + rewrite 
ABC: + rewrite -z 
ABC: + balance 
ABC: + refactor -z 
ABC: + rewrite -z 
ABC: + balance 
ABC: + fraig_store 
ABC: + fraig_restore 
ABC: + amap -m -Q 0.1 -F 20 -A 20 -C 5000 
ABC: + retime -D -D 20000.0 
ABC: + &get -n 
ABC: + &st 
ABC: + &dch 
ABC: + &nf 
ABC: + &put 
ABC: + buffer -N 10 -S 750.0 
ABC: + upsize -D 20000.0 
ABC: Current delay (4058.02 ps) does not exceed the target delay (20000.00 ps). Upsizing is not performed.
ABC: + dnsize -D 20000.0 
ABC: + stime -p 
ABC: WireLoad = "none"  Gates =    833 (  6.2 %)   Cap =  9.1 ff (  1.3 %)   Area =     7039.25 ( 93.8 %)   Delay =  4070.54 ps  (  2.3 %)               
ABC: Path  0 --       9 : 0    8 pi                        A =   0.00  Df = 119.7  -64.6 ps  S = 175.4 ps  Cin =  0.0 ff  Cout =  37.4 ff  Cmax =   0.0 ff  G =    0  
ABC: Path  1 --     535 : 2    3 sky130_fd_sc_hd__xnor2_2  A =  16.27  Df = 311.0  -76.7 ps  S = 145.0 ps  Cin =  8.5 ff  Cout =   6.7 ff  Cmax = 121.8 ff  G =   74  
ABC: Path  2 --     585 : 3    2 sky130_fd_sc_hd__or3_2    A =   7.51  Df = 786.7 -409.7 ps  S =  80.4 ps  Cin =  1.5 ff  Cout =   4.2 ff  Cmax = 310.4 ff  G =  257  
ABC: Path  3 --     586 : 4    2 sky130_fd_sc_hd__or4bb_2  A =  12.51  Df =1418.7 -734.4 ps  S = 111.1 ps  Cin =  1.5 ff  Cout =   7.2 ff  Cmax = 312.2 ff  G =  458  
ABC: Path  4 --     687 : 4    3 sky130_fd_sc_hd__a211o_2  A =  10.01  Df =1754.2 -748.7 ps  S =  57.6 ps  Cin =  2.4 ff  Cout =   6.5 ff  Cmax = 325.0 ff  G =  261  
ABC: Path  5 --     887 : 4    3 sky130_fd_sc_hd__a211o_2  A =  10.01  Df =2108.5 -959.5 ps  S =  66.6 ps  Cin =  2.4 ff  Cout =  10.0 ff  Cmax = 325.0 ff  G =  406  
ABC: Path  6 --     991 : 5    2 sky130_fd_sc_hd__a2111o_2 A =  12.51  Df =2590.7-1298.0 ps  S =  75.4 ps  Cin =  2.4 ff  Cout =   7.0 ff  Cmax = 324.1 ff  G =  282  
ABC: Path  7 --     998 : 3    4 sky130_fd_sc_hd__a21o_2   A =   8.76  Df =2812.8-1374.3 ps  S =  74.4 ps  Cin =  2.4 ff  Cout =  12.4 ff  Cmax = 309.5 ff  G =  504  
ABC: Path  8 --    1034 : 4    2 sky130_fd_sc_hd__a31o_2   A =   8.76  Df =3064.7-1445.6 ps  S =  75.5 ps  Cin =  2.4 ff  Cout =  10.0 ff  Cmax = 271.9 ff  G =  406  
ABC: Path  9 --    1050 : 2    2 sky130_fd_sc_hd__or2_2    A =   6.26  Df =3354.5-1612.0 ps  S =  68.2 ps  Cin =  1.5 ff  Cout =   7.5 ff  Cmax = 299.4 ff  G =  494  
ABC: Path 10 --    1053 : 4    1 sky130_fd_sc_hd__a31o_2   A =   8.76  Df =3584.1-1703.3 ps  S =  42.8 ps  Cin =  2.4 ff  Cout =   2.5 ff  Cmax = 271.9 ff  G =   99  
ABC: Path 11 --    1054 : 5    1 sky130_fd_sc_hd__o221a_2  A =  11.26  Df =3797.0 -136.5 ps  S =  42.5 ps  Cin =  2.3 ff  Cout =   2.3 ff  Cmax = 281.1 ff  G =   96  
ABC: Path 12 --    1059 : 5    1 sky130_fd_sc_hd__o32a_2   A =  11.26  Df =4070.5 -166.7 ps  S = 181.3 ps  Cin =  2.3 ff  Cout =  33.4 ff  Cmax = 300.3 ff  G = 1451  
ABC: Start-point = pi8 (\pc_current [10]).  End-point = po61 (\pc_next [31]).
ABC: + print_stats -m 
ABC: netlist                       : i/o =  164/   62  lat =    0  nd =   833  edge =   2103  area =7041.03  delay =15.00  lev = 15
ABC: + write_blif /tmp/yosys-abc-XtfMF0/output.blif 

66.8.2. Re-integrating ABC results.
ABC RESULTS:   sky130_fd_sc_hd__nand4_2 cells:        1
ABC RESULTS:   sky130_fd_sc_hd__and4_2 cells:        8
ABC RESULTS:   sky130_fd_sc_hd__a22oi_2 cells:        1
ABC RESULTS:   sky130_fd_sc_hd__a41o_2 cells:        1
ABC RESULTS:   sky130_fd_sc_hd__and4bb_2 cells:        1
ABC RESULTS:   sky130_fd_sc_hd__a2111oi_2 cells:        1
ABC RESULTS:   sky130_fd_sc_hd__a311o_2 cells:        1
ABC RESULTS:   sky130_fd_sc_hd__or3b_2 cells:        1
ABC RESULTS:   sky130_fd_sc_hd__or4bb_2 cells:        1
ABC RESULTS:   sky130_fd_sc_hd__o31ai_2 cells:        2
ABC RESULTS:   sky130_fd_sc_hd__o2bb2a_2 cells:        3
ABC RESULTS:   sky130_fd_sc_hd__o311a_2 cells:        1
ABC RESULTS:   sky130_fd_sc_hd__nor3_2 cells:        2
ABC RESULTS:   sky130_fd_sc_hd__o211ai_2 cells:        1
ABC RESULTS:   sky130_fd_sc_hd__a32o_2 cells:        1
ABC RESULTS:   sky130_fd_sc_hd__o21ba_2 cells:        5
ABC RESULTS:   sky130_fd_sc_hd__a21boi_2 cells:        8
ABC RESULTS:   sky130_fd_sc_hd__a21bo_2 cells:        5
ABC RESULTS:   sky130_fd_sc_hd__o21bai_2 cells:        1
ABC RESULTS:   sky130_fd_sc_hd__nand3_2 cells:        5
ABC RESULTS:   sky130_fd_sc_hd__or4_2 cells:        3
ABC RESULTS:   sky130_fd_sc_hd__and3b_2 cells:        3
ABC RESULTS:   sky130_fd_sc_hd__inv_2 cells:       18
ABC RESULTS:   sky130_fd_sc_hd__o31a_2 cells:        1
ABC RESULTS:   sky130_fd_sc_hd__or2b_2 cells:       14
ABC RESULTS:   sky130_fd_sc_hd__or3_2 cells:       11
ABC RESULTS:   sky130_fd_sc_hd__and3_2 cells:       15
ABC RESULTS:   sky130_fd_sc_hd__a2111o_2 cells:        3
ABC RESULTS:   sky130_fd_sc_hd__a31oi_2 cells:        2
ABC RESULTS:   sky130_fd_sc_hd__a221o_2 cells:        6
ABC RESULTS:   sky130_fd_sc_hd__o21a_2 cells:       30
ABC RESULTS:   sky130_fd_sc_hd__buf_1 cells:       34
ABC RESULTS:   sky130_fd_sc_hd__and2b_2 cells:        7
ABC RESULTS:   sky130_fd_sc_hd__o211a_2 cells:       14
ABC RESULTS:   sky130_fd_sc_hd__a211o_2 cells:       11
ABC RESULTS:   sky130_fd_sc_hd__a21o_2 cells:       37
ABC RESULTS:   sky130_fd_sc_hd__mux2_2 cells:       29
ABC RESULTS:   sky130_fd_sc_hd__nand2_2 cells:      147
ABC RESULTS:   sky130_fd_sc_hd__o2111ai_2 cells:        2
ABC RESULTS:   sky130_fd_sc_hd__a22o_2 cells:       11
ABC RESULTS:   sky130_fd_sc_hd__a2bb2o_2 cells:        3
ABC RESULTS:   sky130_fd_sc_hd__nor2_2 cells:       74
ABC RESULTS:   sky130_fd_sc_hd__and2_2 cells:       39
ABC RESULTS:   sky130_fd_sc_hd__o22a_2 cells:        7
ABC RESULTS:   sky130_fd_sc_hd__nor4_2 cells:        1
ABC RESULTS:   sky130_fd_sc_hd__or2_2 cells:       84
ABC RESULTS:   sky130_fd_sc_hd__xor2_2 cells:       32
ABC RESULTS:   sky130_fd_sc_hd__o221a_2 cells:        5
ABC RESULTS:   sky130_fd_sc_hd__xnor2_2 cells:       40
ABC RESULTS:   sky130_fd_sc_hd__a21oi_2 cells:       43
ABC RESULTS:   sky130_fd_sc_hd__a31o_2 cells:       30
ABC RESULTS:   sky130_fd_sc_hd__o21ai_2 cells:       26
ABC RESULTS:   sky130_fd_sc_hd__o32a_2 cells:        1
ABC RESULTS:        internal signals:      775
ABC RESULTS:           input signals:      164
ABC RESULTS:          output signals:       62
Removing temp directory.

66.9. Extracting gate netlist of module `\pc_reg' to `/tmp/yosys-abc-rSDO7P/input.blif'..
Extracted 32 gates and 66 wires to a netlist network with 33 inputs and 32 outputs.

66.9.1. Executing ABC.
Running ABC command: "/build/bin/yosys-abc" -s -f /tmp/yosys-abc-rSDO7P/abc.script 2>&1
ABC: ABC command line: "source /tmp/yosys-abc-rSDO7P/abc.script".
ABC: 
ABC: + read_blif /tmp/yosys-abc-rSDO7P/input.blif 
ABC: + read_lib -w /home/prabhat/Work_Ubuntu/RV32I_Single-Cycle_32-bit_RISC-V_Processor/openlane/riscv32_singlecycle_top/runs/rv32i_macro_GDS_flow/tmp/synthesis/trimmed.lib 
ABC: Parsing finished successfully.  Parsing time =     0.04 sec
ABC: Scl_LibertyReadGenlib() skipped sequential cell "sky130_fd_sc_hd__dfbbn_2".
ABC: Scl_LibertyReadGenlib() skipped sequential cell "sky130_fd_sc_hd__dfrbp_2".
ABC: Scl_LibertyReadGenlib() skipped sequential cell "sky130_fd_sc_hd__dfrtp_2".
ABC: Scl_LibertyReadGenlib() skipped sequential cell "sky130_fd_sc_hd__dfrtp_4".
ABC: Scl_LibertyReadGenlib() skipped sequential cell "sky130_fd_sc_hd__dfsbp_2".
ABC: Scl_LibertyReadGenlib() skipped sequential cell "sky130_fd_sc_hd__dfstp_2".
ABC: Scl_LibertyReadGenlib() skipped sequential cell "sky130_fd_sc_hd__dfstp_4".
ABC: Scl_LibertyReadGenlib() skipped sequential cell "sky130_fd_sc_hd__dfxbp_2".
ABC: Scl_LibertyReadGenlib() skipped sequential cell "sky130_fd_sc_hd__dfxtp_2".
ABC: Scl_LibertyReadGenlib() skipped sequential cell "sky130_fd_sc_hd__dfxtp_4".
ABC: Scl_LibertyReadGenlib() skipped sequential cell "sky130_fd_sc_hd__dlxtn_1".
ABC: Scl_LibertyReadGenlib() skipped sequential cell "sky130_fd_sc_hd__dlxtn_2".
ABC: Scl_LibertyReadGenlib() skipped sequential cell "sky130_fd_sc_hd__dlxtn_4".
ABC: Scl_LibertyReadGenlib() skipped sequential cell "sky130_fd_sc_hd__dlxtp_1".
ABC: Scl_LibertyReadGenlib() skipped three-state cell "sky130_fd_sc_hd__ebufn_2".
ABC: Scl_LibertyReadGenlib() skipped three-state cell "sky130_fd_sc_hd__ebufn_4".
ABC: Scl_LibertyReadGenlib() skipped three-state cell "sky130_fd_sc_hd__ebufn_8".
ABC: Library "sky130A_merged" from "/home/prabhat/Work_Ubuntu/RV32I_Single-Cycle_32-bit_RISC-V_Processor/openlane/riscv32_singlecycle_top/runs/rv32i_macro_GDS_flow/tmp/synthesis/trimmed.lib" has 175 cells (17 skipped: 14 seq; 3 tri-state; 0 no func; 0 dont_use).  Time =     0.06 sec
ABC: Memory =    9.54 MB. Time =     0.06 sec
ABC: Warning: Detected 2 multi-output gates (for example, "sky130_fd_sc_hd__fa_1").
ABC: + read_constr -v /home/prabhat/Work_Ubuntu/RV32I_Single-Cycle_32-bit_RISC-V_Processor/openlane/riscv32_singlecycle_top/runs/rv32i_macro_GDS_flow/tmp/synthesis/synthesis.sdc 
ABC: Setting driving cell to be "sky130_fd_sc_hd__inv_2".
ABC: Setting output load to be 33.442001.
ABC: + read_constr /home/prabhat/Work_Ubuntu/RV32I_Single-Cycle_32-bit_RISC-V_Processor/openlane/riscv32_singlecycle_top/runs/rv32i_macro_GDS_flow/tmp/synthesis/synthesis.sdc 
ABC: + fx 
ABC: + mfs 
ABC: + strash 
ABC: + refactor 
ABC: + balance 
ABC: + rewrite 
ABC: + refactor 
ABC: + balance 
ABC: + rewrite 
ABC: + rewrite -z 
ABC: + balance 
ABC: + refactor -z 
ABC: + rewrite -z 
ABC: + balance 
ABC: + retime -D -D 20000.0 -M 5 
ABC: + scleanup 
ABC: Error: The network is combinational.
ABC: + fraig_store 
ABC: + balance 
ABC: + fraig_store 
ABC: + balance 
ABC: + rewrite 
ABC: + refactor 
ABC: + balance 
ABC: + rewrite 
ABC: + rewrite -z 
ABC: + balance 
ABC: + refactor -z 
ABC: + rewrite -z 
ABC: + balance 
ABC: + fraig_store 
ABC: + balance 
ABC: + rewrite 
ABC: + refactor 
ABC: + balance 
ABC: + rewrite 
ABC: + rewrite -z 
ABC: + balance 
ABC: + refactor -z 
ABC: + rewrite -z 
ABC: + balance 
ABC: + fraig_store 
ABC: + balance 
ABC: + rewrite 
ABC: + refactor 
ABC: + balance 
ABC: + rewrite 
ABC: + rewrite -z 
ABC: + balance 
ABC: + refactor -z 
ABC: + rewrite -z 
ABC: + balance 
ABC: + fraig_store 
ABC: + fraig_restore 
ABC: + amap -m -Q 0.1 -F 20 -A 20 -C 5000 
ABC: + retime -D -D 20000.0 
ABC: + &get -n 
ABC: + &st 
ABC: + &dch 
ABC: + &nf 
ABC: + &put 
ABC: + buffer -N 10 -S 750.0 
ABC: + upsize -D 20000.0 
ABC: Current delay (450.51 ps) does not exceed the target delay (20000.00 ps). Upsizing is not performed.
ABC: + dnsize -D 20000.0 
ABC: + stime -p 
ABC: WireLoad = "none"  Gates =     67 ( 52.2 %)   Cap = 12.4 ff ( 13.1 %)   Area =      371.61 ( 47.8 %)   Delay =   696.58 ps  ( 94.0 %)               
ABC: Path  0 --       2 : 0    5 pi                      A =   0.00  Df =  32.7  -18.3 ps  S =  50.9 ps  Cin =  0.0 ff  Cout =   9.6 ff  Cmax =   0.0 ff  G =    0  
ABC: Path  1 --      68 : 1   10 sky130_fd_sc_hd__buf_1  A =   3.75  Df = 211.2  -68.8 ps  S = 183.2 ps  Cin =  2.1 ff  Cout =  14.8 ff  Cmax = 130.0 ff  G =  689  
ABC: Path  2 --      69 : 2    1 sky130_fd_sc_hd__and2_2 A =   7.51  Df = 376.6  -56.5 ps  S =  36.4 ps  Cin =  1.5 ff  Cout =   2.2 ff  Cmax = 303.0 ff  G =  143  
ABC: Path  3 --      70 : 1    1 sky130_fd_sc_hd__buf_1  A =   3.75  Df = 696.6 -162.3 ps  S = 396.3 ps  Cin =  2.1 ff  Cout =  33.4 ff  Cmax = 130.0 ff  G = 1590  
ABC: Start-point = pi1 (\rst_n).  End-point = po1 ($auto$rtlil.cc:2607:MuxGate$12663).
ABC: + print_stats -m 
ABC: netlist                       : i/o =   33/   32  lat =    0  nd =    67  edge =     99  area =371.57  delay = 3.00  lev = 3
ABC: + write_blif /tmp/yosys-abc-rSDO7P/output.blif 

66.9.2. Re-integrating ABC results.
ABC RESULTS:   sky130_fd_sc_hd__and2_2 cells:       32
ABC RESULTS:   sky130_fd_sc_hd__buf_1 cells:       35
ABC RESULTS:        internal signals:        1
ABC RESULTS:           input signals:       33
ABC RESULTS:          output signals:       32
Removing temp directory.

66.10. Extracting gate netlist of module `\regfile' to `/tmp/yosys-abc-nhXl7F/input.blif'..
Extracted 78 gates and 159 wires to a netlist network with 81 inputs and 65 outputs.

66.10.1. Executing ABC.
Running ABC command: "/build/bin/yosys-abc" -s -f /tmp/yosys-abc-nhXl7F/abc.script 2>&1
ABC: ABC command line: "source /tmp/yosys-abc-nhXl7F/abc.script".
ABC: 
ABC: + read_blif /tmp/yosys-abc-nhXl7F/input.blif 
ABC: + read_lib -w /home/prabhat/Work_Ubuntu/RV32I_Single-Cycle_32-bit_RISC-V_Processor/openlane/riscv32_singlecycle_top/runs/rv32i_macro_GDS_flow/tmp/synthesis/trimmed.lib 
ABC: Parsing finished successfully.  Parsing time =     0.04 sec
ABC: Scl_LibertyReadGenlib() skipped sequential cell "sky130_fd_sc_hd__dfbbn_2".
ABC: Scl_LibertyReadGenlib() skipped sequential cell "sky130_fd_sc_hd__dfrbp_2".
ABC: Scl_LibertyReadGenlib() skipped sequential cell "sky130_fd_sc_hd__dfrtp_2".
ABC: Scl_LibertyReadGenlib() skipped sequential cell "sky130_fd_sc_hd__dfrtp_4".
ABC: Scl_LibertyReadGenlib() skipped sequential cell "sky130_fd_sc_hd__dfsbp_2".
ABC: Scl_LibertyReadGenlib() skipped sequential cell "sky130_fd_sc_hd__dfstp_2".
ABC: Scl_LibertyReadGenlib() skipped sequential cell "sky130_fd_sc_hd__dfstp_4".
ABC: Scl_LibertyReadGenlib() skipped sequential cell "sky130_fd_sc_hd__dfxbp_2".
ABC: Scl_LibertyReadGenlib() skipped sequential cell "sky130_fd_sc_hd__dfxtp_2".
ABC: Scl_LibertyReadGenlib() skipped sequential cell "sky130_fd_sc_hd__dfxtp_4".
ABC: Scl_LibertyReadGenlib() skipped sequential cell "sky130_fd_sc_hd__dlxtn_1".
ABC: Scl_LibertyReadGenlib() skipped sequential cell "sky130_fd_sc_hd__dlxtn_2".
ABC: Scl_LibertyReadGenlib() skipped sequential cell "sky130_fd_sc_hd__dlxtn_4".
ABC: Scl_LibertyReadGenlib() skipped sequential cell "sky130_fd_sc_hd__dlxtp_1".
ABC: Scl_LibertyReadGenlib() skipped three-state cell "sky130_fd_sc_hd__ebufn_2".
ABC: Scl_LibertyReadGenlib() skipped three-state cell "sky130_fd_sc_hd__ebufn_4".
ABC: Scl_LibertyReadGenlib() skipped three-state cell "sky130_fd_sc_hd__ebufn_8".
ABC: Library "sky130A_merged" from "/home/prabhat/Work_Ubuntu/RV32I_Single-Cycle_32-bit_RISC-V_Processor/openlane/riscv32_singlecycle_top/runs/rv32i_macro_GDS_flow/tmp/synthesis/trimmed.lib" has 175 cells (17 skipped: 14 seq; 3 tri-state; 0 no func; 0 dont_use).  Time =     0.06 sec
ABC: Memory =    9.54 MB. Time =     0.06 sec
ABC: Warning: Detected 2 multi-output gates (for example, "sky130_fd_sc_hd__fa_1").
ABC: + read_constr -v /home/prabhat/Work_Ubuntu/RV32I_Single-Cycle_32-bit_RISC-V_Processor/openlane/riscv32_singlecycle_top/runs/rv32i_macro_GDS_flow/tmp/synthesis/synthesis.sdc 
ABC: Setting driving cell to be "sky130_fd_sc_hd__inv_2".
ABC: Setting output load to be 33.442001.
ABC: + read_constr /home/prabhat/Work_Ubuntu/RV32I_Single-Cycle_32-bit_RISC-V_Processor/openlane/riscv32_singlecycle_top/runs/rv32i_macro_GDS_flow/tmp/synthesis/synthesis.sdc 
ABC: + fx 
ABC: + mfs 
ABC: + strash 
ABC: + refactor 
ABC: + balance 
ABC: + rewrite 
ABC: + refactor 
ABC: + balance 
ABC: + rewrite 
ABC: + rewrite -z 
ABC: + balance 
ABC: + refactor -z 
ABC: + rewrite -z 
ABC: + balance 
ABC: + retime -D -D 20000.0 -M 5 
ABC: + scleanup 
ABC: Error: The network is combinational.
ABC: + fraig_store 
ABC: + balance 
ABC: + fraig_store 
ABC: + balance 
ABC: + rewrite 
ABC: + refactor 
ABC: + balance 
ABC: + rewrite 
ABC: + rewrite -z 
ABC: + balance 
ABC: + refactor -z 
ABC: + rewrite -z 
ABC: + balance 
ABC: + fraig_store 
ABC: + balance 
ABC: + rewrite 
ABC: + refactor 
ABC: + balance 
ABC: + rewrite 
ABC: + rewrite -z 
ABC: + balance 
ABC: + refactor -z 
ABC: + rewrite -z 
ABC: + balance 
ABC: + fraig_store 
ABC: + balance 
ABC: + rewrite 
ABC: + refactor 
ABC: + balance 
ABC: + rewrite 
ABC: + rewrite -z 
ABC: + balance 
ABC: + refactor -z 
ABC: + rewrite -z 
ABC: + balance 
ABC: + fraig_store 
ABC: + fraig_restore 
ABC: + amap -m -Q 0.1 -F 20 -A 20 -C 5000 
ABC: + retime -D -D 20000.0 
ABC: + &get -n 
ABC: + &st 
ABC: + &dch 
ABC: + &nf 
ABC: + &put 
ABC: + buffer -N 10 -S 750.0 
ABC: + upsize -D 20000.0 
ABC: Current delay (1039.97 ps) does not exceed the target delay (20000.00 ps). Upsizing is not performed.
ABC: + dnsize -D 20000.0 
ABC: + stime -p 
ABC: WireLoad = "none"  Gates =     82 ( 14.6 %)   Cap = 18.1 ff (  3.7 %)   Area =      819.54 ( 85.4 %)   Delay =  1192.48 ps  ( 75.6 %)               
ABC: Path  0 --       3 : 0    1 pi                        A =   0.00  Df =  16.5   -9.8 ps  S =  28.6 ps  Cin =  0.0 ff  Cout =   4.6 ff  Cmax =   0.0 ff  G =    0  
ABC: Path  1 --     149 : 3    8 sky130_fd_sc_hd__nor3_2   A =  10.01  Df = 474.4 -381.1 ps  S = 550.0 ps  Cin =  4.4 ff  Cout =  31.7 ff  Cmax =  92.5 ff  G =  693  
ABC: Path  2 --     150 : 1    9 sky130_fd_sc_hd__buf_1    A =   3.75  Df = 952.6 -592.3 ps  S = 528.2 ps  Cin =  2.1 ff  Cout =  45.2 ff  Cmax = 130.0 ff  G = 2052  
ABC: Path  3 --     151 : 3    1 sky130_fd_sc_hd__a21boi_2 A =  11.26  Df =1192.5 -401.4 ps  S = 413.5 ps  Cin =  3.6 ff  Cout =  33.4 ff  Cmax = 129.1 ff  G =  930  
ABC: Start-point = pi2 (\rs1 [3]).  End-point = po0 (\rd1 [0]).
ABC: + print_stats -m 
ABC: netlist                       : i/o =   81/   65  lat =    0  nd =    82  edge =    222  area =819.45  delay = 3.00  lev = 3
ABC: + write_blif /tmp/yosys-abc-nhXl7F/output.blif 

66.10.2. Re-integrating ABC results.
ABC RESULTS:   sky130_fd_sc_hd__nor2_2 cells:        2
ABC RESULTS:   sky130_fd_sc_hd__nor3_2 cells:        2
ABC RESULTS:   sky130_fd_sc_hd__buf_1 cells:       12
ABC RESULTS:   sky130_fd_sc_hd__a21boi_2 cells:       64
ABC RESULTS:   sky130_fd_sc_hd__or4_2 cells:        1
ABC RESULTS:   sky130_fd_sc_hd__o211ai_2 cells:        1
ABC RESULTS:        internal signals:       13
ABC RESULTS:           input signals:       81
ABC RESULTS:          output signals:       65
Removing temp directory.

66.11. Extracting gate netlist of module `\riscv32_singlecycle_top' to `/tmp/yosys-abc-bIByHw/input.blif'..
Extracted 322 gates and 523 wires to a netlist network with 201 inputs and 96 outputs.

66.11.1. Executing ABC.
Running ABC command: "/build/bin/yosys-abc" -s -f /tmp/yosys-abc-bIByHw/abc.script 2>&1
ABC: ABC command line: "source /tmp/yosys-abc-bIByHw/abc.script".
ABC: 
ABC: + read_blif /tmp/yosys-abc-bIByHw/input.blif 
ABC: + read_lib -w /home/prabhat/Work_Ubuntu/RV32I_Single-Cycle_32-bit_RISC-V_Processor/openlane/riscv32_singlecycle_top/runs/rv32i_macro_GDS_flow/tmp/synthesis/trimmed.lib 
ABC: Parsing finished successfully.  Parsing time =     0.04 sec
ABC: Scl_LibertyReadGenlib() skipped sequential cell "sky130_fd_sc_hd__dfbbn_2".
ABC: Scl_LibertyReadGenlib() skipped sequential cell "sky130_fd_sc_hd__dfrbp_2".
ABC: Scl_LibertyReadGenlib() skipped sequential cell "sky130_fd_sc_hd__dfrtp_2".
ABC: Scl_LibertyReadGenlib() skipped sequential cell "sky130_fd_sc_hd__dfrtp_4".
ABC: Scl_LibertyReadGenlib() skipped sequential cell "sky130_fd_sc_hd__dfsbp_2".
ABC: Scl_LibertyReadGenlib() skipped sequential cell "sky130_fd_sc_hd__dfstp_2".
ABC: Scl_LibertyReadGenlib() skipped sequential cell "sky130_fd_sc_hd__dfstp_4".
ABC: Scl_LibertyReadGenlib() skipped sequential cell "sky130_fd_sc_hd__dfxbp_2".
ABC: Scl_LibertyReadGenlib() skipped sequential cell "sky130_fd_sc_hd__dfxtp_2".
ABC: Scl_LibertyReadGenlib() skipped sequential cell "sky130_fd_sc_hd__dfxtp_4".
ABC: Scl_LibertyReadGenlib() skipped sequential cell "sky130_fd_sc_hd__dlxtn_1".
ABC: Scl_LibertyReadGenlib() skipped sequential cell "sky130_fd_sc_hd__dlxtn_2".
ABC: Scl_LibertyReadGenlib() skipped sequential cell "sky130_fd_sc_hd__dlxtn_4".
ABC: Scl_LibertyReadGenlib() skipped sequential cell "sky130_fd_sc_hd__dlxtp_1".
ABC: Scl_LibertyReadGenlib() skipped three-state cell "sky130_fd_sc_hd__ebufn_2".
ABC: Scl_LibertyReadGenlib() skipped three-state cell "sky130_fd_sc_hd__ebufn_4".
ABC: Scl_LibertyReadGenlib() skipped three-state cell "sky130_fd_sc_hd__ebufn_8".
ABC: Library "sky130A_merged" from "/home/prabhat/Work_Ubuntu/RV32I_Single-Cycle_32-bit_RISC-V_Processor/openlane/riscv32_singlecycle_top/runs/rv32i_macro_GDS_flow/tmp/synthesis/trimmed.lib" has 175 cells (17 skipped: 14 seq; 3 tri-state; 0 no func; 0 dont_use).  Time =     0.06 sec
ABC: Memory =    9.54 MB. Time =     0.06 sec
ABC: Warning: Detected 2 multi-output gates (for example, "sky130_fd_sc_hd__fa_1").
ABC: + read_constr -v /home/prabhat/Work_Ubuntu/RV32I_Single-Cycle_32-bit_RISC-V_Processor/openlane/riscv32_singlecycle_top/runs/rv32i_macro_GDS_flow/tmp/synthesis/synthesis.sdc 
ABC: Setting driving cell to be "sky130_fd_sc_hd__inv_2".
ABC: Setting output load to be 33.442001.
ABC: + read_constr /home/prabhat/Work_Ubuntu/RV32I_Single-Cycle_32-bit_RISC-V_Processor/openlane/riscv32_singlecycle_top/runs/rv32i_macro_GDS_flow/tmp/synthesis/synthesis.sdc 
ABC: + fx 
ABC: + mfs 
ABC: + strash 
ABC: + refactor 
ABC: + balance 
ABC: + rewrite 
ABC: + refactor 
ABC: + balance 
ABC: + rewrite 
ABC: + rewrite -z 
ABC: + balance 
ABC: + refactor -z 
ABC: + rewrite -z 
ABC: + balance 
ABC: + retime -D -D 20000.0 -M 5 
ABC: + scleanup 
ABC: Error: The network is combinational.
ABC: + fraig_store 
ABC: + balance 
ABC: + fraig_store 
ABC: + balance 
ABC: + rewrite 
ABC: + refactor 
ABC: + balance 
ABC: + rewrite 
ABC: + rewrite -z 
ABC: + balance 
ABC: + refactor -z 
ABC: + rewrite -z 
ABC: + balance 
ABC: + fraig_store 
ABC: + balance 
ABC: + rewrite 
ABC: + refactor 
ABC: + balance 
ABC: + rewrite 
ABC: + rewrite -z 
ABC: + balance 
ABC: + refactor -z 
ABC: + rewrite -z 
ABC: + balance 
ABC: + fraig_store 
ABC: + balance 
ABC: + rewrite 
ABC: + refactor 
ABC: + balance 
ABC: + rewrite 
ABC: + rewrite -z 
ABC: + balance 
ABC: + refactor -z 
ABC: + rewrite -z 
ABC: + balance 
ABC: + fraig_store 
ABC: + fraig_restore 
ABC: + amap -m -Q 0.1 -F 20 -A 20 -C 5000 
ABC: + retime -D -D 20000.0 
ABC: + &get -n 
ABC: + &st 
ABC: + &dch 
ABC: + &nf 
ABC: + &put 
ABC: + buffer -N 10 -S 750.0 
ABC: + upsize -D 20000.0 
ABC: Current delay (2882.78 ps) does not exceed the target delay (20000.00 ps). Upsizing is not performed.
ABC: + dnsize -D 20000.0 
ABC: + stime -p 
ABC: WireLoad = "none"  Gates =    363 ( 20.7 %)   Cap = 10.4 ff (  5.2 %)   Area =     3215.58 ( 79.3 %)   Delay =  2882.78 ps  (  5.5 %)               
ABC: Path  0 --     135 : 0    4 pi                        A =   0.00  Df =  52.2  -28.7 ps  S =  78.3 ps  Cin =  0.0 ff  Cout =  15.7 ff  Cmax =   0.0 ff  G =    0  
ABC: Path  1 --     544 : 2    3 sky130_fd_sc_hd__xnor2_2  A =  16.27  Df = 209.4   -6.9 ps  S = 167.9 ps  Cin =  8.5 ff  Cout =   8.7 ff  Cmax = 121.8 ff  G =   97  
ABC: Path  2 --     553 : 2    2 sky130_fd_sc_hd__or2_2    A =   6.26  Df = 506.4 -138.2 ps  S =  57.3 ps  Cin =  1.5 ff  Cout =   4.0 ff  Cmax = 299.4 ff  G =  253  
ABC: Path  3 --     554 : 4    2 sky130_fd_sc_hd__or4_2    A =   8.76  Df =1053.2 -555.1 ps  S = 107.6 ps  Cin =  1.5 ff  Cout =   5.0 ff  Cmax = 310.4 ff  G =  309  
ABC: Path  4 --     559 : 4    4 sky130_fd_sc_hd__o31a_2   A =  10.01  Df =1447.4 -221.9 ps  S = 117.4 ps  Cin =  2.3 ff  Cout =  19.0 ff  Cmax = 285.7 ff  G =  774  
ABC: Path  5 --     613 : 4    3 sky130_fd_sc_hd__o31ai_2  A =  12.51  Df =1858.4 -508.4 ps  S = 395.0 ps  Cin =  4.4 ff  Cout =  16.4 ff  Cmax =  80.6 ff  G =  359  
ABC: Path  6 --     640 : 3    3 sky130_fd_sc_hd__a21o_2   A =   8.76  Df =2103.6 -510.0 ps  S = 105.5 ps  Cin =  2.4 ff  Cout =  18.5 ff  Cmax = 309.5 ff  G =  756  
ABC: Path  7 --     653 : 4    2 sky130_fd_sc_hd__a211oi_2 A =  12.51  Df =2177.6 -396.6 ps  S = 162.4 ps  Cin =  4.4 ff  Cout =   4.0 ff  Cmax =  88.8 ff  G =   85  
ABC: Path  8 --     656 : 4    1 sky130_fd_sc_hd__o31a_2   A =  10.01  Df =2484.3 -534.5 ps  S =  67.5 ps  Cin =  2.3 ff  Cout =   9.0 ff  Cmax = 285.7 ff  G =  369  
ABC: Path  9 --     658 : 2    1 sky130_fd_sc_hd__xnor2_2  A =  16.27  Df =2882.8 -700.0 ps  S = 453.7 ps  Cin =  8.5 ff  Cout =  33.4 ff  Cmax = 121.8 ff  G =  394  
ABC: Start-point = pi134 (\dbg_pc_current [14]).  End-point = po94 (\pc_plus_imm_u [31]).
ABC: + print_stats -m 
ABC: netlist                       : i/o =  201/   96  lat =    0  nd =   363  edge =    843  area =3215.77  delay =11.00  lev = 11
ABC: + write_blif /tmp/yosys-abc-bIByHw/output.blif 

66.11.2. Re-integrating ABC results.
ABC RESULTS:   sky130_fd_sc_hd__mux2_2 cells:       96
ABC RESULTS:   sky130_fd_sc_hd__a31oi_2 cells:        1
ABC RESULTS:   sky130_fd_sc_hd__nand4b_2 cells:        1
ABC RESULTS:   sky130_fd_sc_hd__and4b_2 cells:        1
ABC RESULTS:   sky130_fd_sc_hd__o21ba_2 cells:        1
ABC RESULTS:   sky130_fd_sc_hd__a22o_2 cells:        2
ABC RESULTS:   sky130_fd_sc_hd__and4bb_2 cells:        3
ABC RESULTS:   sky130_fd_sc_hd__nand3_2 cells:        1
ABC RESULTS:   sky130_fd_sc_hd__buf_1 cells:       75
ABC RESULTS:   sky130_fd_sc_hd__a21bo_2 cells:        2
ABC RESULTS:   sky130_fd_sc_hd__or4_2 cells:        2
ABC RESULTS:   sky130_fd_sc_hd__a22oi_2 cells:        1
ABC RESULTS:   sky130_fd_sc_hd__o41a_2 cells:        1
ABC RESULTS:   sky130_fd_sc_hd__o211ai_2 cells:        1
ABC RESULTS:   sky130_fd_sc_hd__or2b_2 cells:        2
ABC RESULTS:   sky130_fd_sc_hd__a211o_2 cells:        4
ABC RESULTS:   sky130_fd_sc_hd__or3b_2 cells:        1
ABC RESULTS:   sky130_fd_sc_hd__or3_2 cells:        1
ABC RESULTS:   sky130_fd_sc_hd__a31o_2 cells:        3
ABC RESULTS:   sky130_fd_sc_hd__o31ai_2 cells:        1
ABC RESULTS:   sky130_fd_sc_hd__o21a_2 cells:        6
ABC RESULTS:   sky130_fd_sc_hd__and3_2 cells:        3
ABC RESULTS:   sky130_fd_sc_hd__o211a_2 cells:        5
ABC RESULTS:   sky130_fd_sc_hd__a311o_2 cells:        1
ABC RESULTS:   sky130_fd_sc_hd__a21o_2 cells:        7
ABC RESULTS:   sky130_fd_sc_hd__and2_2 cells:       17
ABC RESULTS:   sky130_fd_sc_hd__a21oi_2 cells:       10
ABC RESULTS:   sky130_fd_sc_hd__nand2_2 cells:       24
ABC RESULTS:   sky130_fd_sc_hd__and2b_2 cells:        5
ABC RESULTS:   sky130_fd_sc_hd__a211oi_2 cells:        2
ABC RESULTS:   sky130_fd_sc_hd__or2_2 cells:       13
ABC RESULTS:   sky130_fd_sc_hd__o31a_2 cells:        2
ABC RESULTS:   sky130_fd_sc_hd__xor2_2 cells:       15
ABC RESULTS:   sky130_fd_sc_hd__xnor2_2 cells:       24
ABC RESULTS:   sky130_fd_sc_hd__nor2_2 cells:       29
ABC RESULTS:        internal signals:      226
ABC RESULTS:           input signals:      201
ABC RESULTS:          output signals:       96
Removing temp directory.

66.12. Extracting gate netlist of module `\wb_mux' to `/tmp/yosys-abc-BI6dZo/input.blif'..
Extracted 333 gates and 496 wires to a netlist network with 163 inputs and 32 outputs.

66.12.1. Executing ABC.
Running ABC command: "/build/bin/yosys-abc" -s -f /tmp/yosys-abc-BI6dZo/abc.script 2>&1
ABC: ABC command line: "source /tmp/yosys-abc-BI6dZo/abc.script".
ABC: 
ABC: + read_blif /tmp/yosys-abc-BI6dZo/input.blif 
ABC: + read_lib -w /home/prabhat/Work_Ubuntu/RV32I_Single-Cycle_32-bit_RISC-V_Processor/openlane/riscv32_singlecycle_top/runs/rv32i_macro_GDS_flow/tmp/synthesis/trimmed.lib 
ABC: Parsing finished successfully.  Parsing time =     0.04 sec
ABC: Scl_LibertyReadGenlib() skipped sequential cell "sky130_fd_sc_hd__dfbbn_2".
ABC: Scl_LibertyReadGenlib() skipped sequential cell "sky130_fd_sc_hd__dfrbp_2".
ABC: Scl_LibertyReadGenlib() skipped sequential cell "sky130_fd_sc_hd__dfrtp_2".
ABC: Scl_LibertyReadGenlib() skipped sequential cell "sky130_fd_sc_hd__dfrtp_4".
ABC: Scl_LibertyReadGenlib() skipped sequential cell "sky130_fd_sc_hd__dfsbp_2".
ABC: Scl_LibertyReadGenlib() skipped sequential cell "sky130_fd_sc_hd__dfstp_2".
ABC: Scl_LibertyReadGenlib() skipped sequential cell "sky130_fd_sc_hd__dfstp_4".
ABC: Scl_LibertyReadGenlib() skipped sequential cell "sky130_fd_sc_hd__dfxbp_2".
ABC: Scl_LibertyReadGenlib() skipped sequential cell "sky130_fd_sc_hd__dfxtp_2".
ABC: Scl_LibertyReadGenlib() skipped sequential cell "sky130_fd_sc_hd__dfxtp_4".
ABC: Scl_LibertyReadGenlib() skipped sequential cell "sky130_fd_sc_hd__dlxtn_1".
ABC: Scl_LibertyReadGenlib() skipped sequential cell "sky130_fd_sc_hd__dlxtn_2".
ABC: Scl_LibertyReadGenlib() skipped sequential cell "sky130_fd_sc_hd__dlxtn_4".
ABC: Scl_LibertyReadGenlib() skipped sequential cell "sky130_fd_sc_hd__dlxtp_1".
ABC: Scl_LibertyReadGenlib() skipped three-state cell "sky130_fd_sc_hd__ebufn_2".
ABC: Scl_LibertyReadGenlib() skipped three-state cell "sky130_fd_sc_hd__ebufn_4".
ABC: Scl_LibertyReadGenlib() skipped three-state cell "sky130_fd_sc_hd__ebufn_8".
ABC: Library "sky130A_merged" from "/home/prabhat/Work_Ubuntu/RV32I_Single-Cycle_32-bit_RISC-V_Processor/openlane/riscv32_singlecycle_top/runs/rv32i_macro_GDS_flow/tmp/synthesis/trimmed.lib" has 175 cells (17 skipped: 14 seq; 3 tri-state; 0 no func; 0 dont_use).  Time =     0.06 sec
ABC: Memory =    9.54 MB. Time =     0.06 sec
ABC: Warning: Detected 2 multi-output gates (for example, "sky130_fd_sc_hd__fa_1").
ABC: + read_constr -v /home/prabhat/Work_Ubuntu/RV32I_Single-Cycle_32-bit_RISC-V_Processor/openlane/riscv32_singlecycle_top/runs/rv32i_macro_GDS_flow/tmp/synthesis/synthesis.sdc 
ABC: Setting driving cell to be "sky130_fd_sc_hd__inv_2".
ABC: Setting output load to be 33.442001.
ABC: + read_constr /home/prabhat/Work_Ubuntu/RV32I_Single-Cycle_32-bit_RISC-V_Processor/openlane/riscv32_singlecycle_top/runs/rv32i_macro_GDS_flow/tmp/synthesis/synthesis.sdc 
ABC: + fx 
ABC: + mfs 
ABC: + strash 
ABC: + refactor 
ABC: + balance 
ABC: + rewrite 
ABC: + refactor 
ABC: + balance 
ABC: + rewrite 
ABC: + rewrite -z 
ABC: + balance 
ABC: + refactor -z 
ABC: + rewrite -z 
ABC: + balance 
ABC: + retime -D -D 20000.0 -M 5 
ABC: + scleanup 
ABC: Error: The network is combinational.
ABC: + fraig_store 
ABC: + balance 
ABC: + fraig_store 
ABC: + balance 
ABC: + rewrite 
ABC: + refactor 
ABC: + balance 
ABC: + rewrite 
ABC: + rewrite -z 
ABC: + balance 
ABC: + refactor -z 
ABC: + rewrite -z 
ABC: + balance 
ABC: + fraig_store 
ABC: + balance 
ABC: + rewrite 
ABC: + refactor 
ABC: + balance 
ABC: + rewrite 
ABC: + rewrite -z 
ABC: + balance 
ABC: + refactor -z 
ABC: + rewrite -z 
ABC: + balance 
ABC: + fraig_store 
ABC: + balance 
ABC: + rewrite 
ABC: + refactor 
ABC: + balance 
ABC: + rewrite 
ABC: + rewrite -z 
ABC: + balance 
ABC: + refactor -z 
ABC: + rewrite -z 
ABC: + balance 
ABC: + fraig_store 
ABC: + fraig_restore 
ABC: + amap -m -Q 0.1 -F 20 -A 20 -C 5000 
ABC: + retime -D -D 20000.0 
ABC: + &get -n 
ABC: + &st 
ABC: + &dch 
ABC: + &nf 
ABC: + &put 
ABC: + buffer -N 10 -S 750.0 
ABC: + upsize -D 20000.0 
ABC: Current delay (969.44 ps) does not exceed the target delay (20000.00 ps). Upsizing is not performed.
ABC: + dnsize -D 20000.0 
ABC: + stime -p 
ABC: WireLoad = "none"  Gates =    117 ( 13.7 %)   Cap =  7.3 ff (  3.4 %)   Area =     1078.53 ( 86.3 %)   Delay =  1041.11 ps  ( 94.0 %)               
ABC: Path  0 --       2 : 0    5 pi                       A =   0.00  Df =  55.9  -31.5 ps  S =  83.7 ps  Cin =  0.0 ff  Cout =  16.9 ff  Cmax =   0.0 ff  G =    0  
ABC: Path  1 --     198 : 3    5 sky130_fd_sc_hd__nor3b_2 A =  12.51  Df = 310.2 -119.9 ps  S = 248.0 ps  Cin =  3.4 ff  Cout =  11.6 ff  Cmax =  93.4 ff  G =  326  
ABC: Path  2 --     199 : 1   10 sky130_fd_sc_hd__buf_1   A =   3.75  Df = 607.9 -242.0 ps  S = 301.2 ps  Cin =  2.1 ff  Cout =  25.2 ff  Cmax = 130.0 ff  G = 1128  
ABC: Path  3 --     202 : 4    1 sky130_fd_sc_hd__a22o_2  A =  10.01  Df = 804.8 -158.1 ps  S =  39.0 ps  Cin =  2.3 ff  Cout =   2.5 ff  Cmax = 301.2 ff  G =  100  
ABC: Path  4 --     208 : 4    1 sky130_fd_sc_hd__a211o_2 A =  10.01  Df =1041.1  -48.4 ps  S = 166.3 ps  Cin =  2.4 ff  Cout =  33.4 ff  Cmax = 325.0 ff  G = 1421  
ABC: Start-point = pi1 (\wb_sel [1]).  End-point = po0 (\wb_data [0]).
ABC: + print_stats -m 
ABC: netlist                       : i/o =  163/   32  lat =    0  nd =   117  edge =    415  area =1078.51  delay = 4.00  lev = 4
ABC: + write_blif /tmp/yosys-abc-BI6dZo/output.blif 

66.12.2. Re-integrating ABC results.
ABC RESULTS:   sky130_fd_sc_hd__nor3b_2 cells:        3
ABC RESULTS:   sky130_fd_sc_hd__and3b_2 cells:        1
ABC RESULTS:   sky130_fd_sc_hd__nor3_2 cells:        1
ABC RESULTS:   sky130_fd_sc_hd__buf_1 cells:       16
ABC RESULTS:   sky130_fd_sc_hd__a22o_2 cells:       64
ABC RESULTS:   sky130_fd_sc_hd__a211o_2 cells:       32
ABC RESULTS:        internal signals:      301
ABC RESULTS:           input signals:      163
ABC RESULTS:          output signals:       32
Removing temp directory.

67. Executing SETUNDEF pass (replace undef values with defined constants).

68. Executing HILOMAP pass (mapping to constant drivers).

69. Executing SPLITNETS pass (splitting up multi-bit signals).

70. Executing OPT_CLEAN pass (remove unused cells and wires).
Finding unused cells or wires in module $paramod\dmem\DEPTH=s32'00000000000000000000000100000000..
Finding unused cells or wires in module $paramod\imem\MEM_DEPTH_WORDS=s32'00000000000000000000000100000000..
Finding unused cells or wires in module \alu..
Finding unused cells or wires in module \alu_control..
Finding unused cells or wires in module \branch_unit..
Finding unused cells or wires in module \decoder_controller..
Finding unused cells or wires in module \imm_gen..
Finding unused cells or wires in module \pc_next_logic..
Finding unused cells or wires in module \pc_reg..
Finding unused cells or wires in module \regfile..
Finding unused cells or wires in module \riscv32_singlecycle_top..
Finding unused cells or wires in module \wb_mux..
Removed 0 unused cells and 4477 unused wires.
<suppressed ~11 debug messages>

71. Executing INSBUF pass (insert buffer cells for connected wires).
Add alu/$auto$insbuf.cc:97:execute$15769: \Negative -> \Result [31]
Add imm_gen/$auto$insbuf.cc:97:execute$15770: \instr [8] -> \imm_b [1]
Add imm_gen/$auto$insbuf.cc:97:execute$15771: \instr [9] -> \imm_b [2]
Add imm_gen/$auto$insbuf.cc:97:execute$15772: \instr [10] -> \imm_b [3]
Add imm_gen/$auto$insbuf.cc:97:execute$15773: \instr [11] -> \imm_b [4]
Add imm_gen/$auto$insbuf.cc:97:execute$15774: \instr [25] -> \imm_b [5]
Add imm_gen/$auto$insbuf.cc:97:execute$15775: \instr [26] -> \imm_b [6]
Add imm_gen/$auto$insbuf.cc:97:execute$15776: \instr [27] -> \imm_b [7]
Add imm_gen/$auto$insbuf.cc:97:execute$15777: \instr [28] -> \imm_b [8]
Add imm_gen/$auto$insbuf.cc:97:execute$15778: \instr [29] -> \imm_b [9]
Add imm_gen/$auto$insbuf.cc:97:execute$15779: \instr [30] -> \imm_b [10]
Add imm_gen/$auto$insbuf.cc:97:execute$15780: \instr [7] -> \imm_b [11]
Add imm_gen/$auto$insbuf.cc:97:execute$15781: \instr [31] -> \imm_b [12]
Add imm_gen/$auto$insbuf.cc:97:execute$15782: \instr [31] -> \imm_b [13]
Add imm_gen/$auto$insbuf.cc:97:execute$15783: \instr [31] -> \imm_b [14]
Add imm_gen/$auto$insbuf.cc:97:execute$15784: \instr [31] -> \imm_b [15]
Add imm_gen/$auto$insbuf.cc:97:execute$15785: \instr [31] -> \imm_b [16]
Add imm_gen/$auto$insbuf.cc:97:execute$15786: \instr [31] -> \imm_b [17]
Add imm_gen/$auto$insbuf.cc:97:execute$15787: \instr [31] -> \imm_b [18]
Add imm_gen/$auto$insbuf.cc:97:execute$15788: \instr [31] -> \imm_b [19]
Add imm_gen/$auto$insbuf.cc:97:execute$15789: \instr [31] -> \imm_b [20]
Add imm_gen/$auto$insbuf.cc:97:execute$15790: \instr [31] -> \imm_b [21]
Add imm_gen/$auto$insbuf.cc:97:execute$15791: \instr [31] -> \imm_b [22]
Add imm_gen/$auto$insbuf.cc:97:execute$15792: \instr [31] -> \imm_b [23]
Add imm_gen/$auto$insbuf.cc:97:execute$15793: \instr [31] -> \imm_b [24]
Add imm_gen/$auto$insbuf.cc:97:execute$15794: \instr [31] -> \imm_b [25]
Add imm_gen/$auto$insbuf.cc:97:execute$15795: \instr [31] -> \imm_b [26]
Add imm_gen/$auto$insbuf.cc:97:execute$15796: \instr [31] -> \imm_b [27]
Add imm_gen/$auto$insbuf.cc:97:execute$15797: \instr [31] -> \imm_b [28]
Add imm_gen/$auto$insbuf.cc:97:execute$15798: \instr [31] -> \imm_b [29]
Add imm_gen/$auto$insbuf.cc:97:execute$15799: \instr [31] -> \imm_b [30]
Add imm_gen/$auto$insbuf.cc:97:execute$15800: \instr [31] -> \imm_b [31]
Add imm_gen/$auto$insbuf.cc:97:execute$15801: \instr [20] -> \imm_i [0]
Add imm_gen/$auto$insbuf.cc:97:execute$15802: \instr [21] -> \imm_i [1]
Add imm_gen/$auto$insbuf.cc:97:execute$15803: \instr [22] -> \imm_i [2]
Add imm_gen/$auto$insbuf.cc:97:execute$15804: \instr [23] -> \imm_i [3]
Add imm_gen/$auto$insbuf.cc:97:execute$15805: \instr [24] -> \imm_i [4]
Add imm_gen/$auto$insbuf.cc:97:execute$15806: \instr [25] -> \imm_i [5]
Add imm_gen/$auto$insbuf.cc:97:execute$15807: \instr [26] -> \imm_i [6]
Add imm_gen/$auto$insbuf.cc:97:execute$15808: \instr [27] -> \imm_i [7]
Add imm_gen/$auto$insbuf.cc:97:execute$15809: \instr [28] -> \imm_i [8]
Add imm_gen/$auto$insbuf.cc:97:execute$15810: \instr [29] -> \imm_i [9]
Add imm_gen/$auto$insbuf.cc:97:execute$15811: \instr [30] -> \imm_i [10]
Add imm_gen/$auto$insbuf.cc:97:execute$15812: \instr [31] -> \imm_i [11]
Add imm_gen/$auto$insbuf.cc:97:execute$15813: \instr [31] -> \imm_i [12]
Add imm_gen/$auto$insbuf.cc:97:execute$15814: \instr [31] -> \imm_i [13]
Add imm_gen/$auto$insbuf.cc:97:execute$15815: \instr [31] -> \imm_i [14]
Add imm_gen/$auto$insbuf.cc:97:execute$15816: \instr [31] -> \imm_i [15]
Add imm_gen/$auto$insbuf.cc:97:execute$15817: \instr [31] -> \imm_i [16]
Add imm_gen/$auto$insbuf.cc:97:execute$15818: \instr [31] -> \imm_i [17]
Add imm_gen/$auto$insbuf.cc:97:execute$15819: \instr [31] -> \imm_i [18]
Add imm_gen/$auto$insbuf.cc:97:execute$15820: \instr [31] -> \imm_i [19]
Add imm_gen/$auto$insbuf.cc:97:execute$15821: \instr [31] -> \imm_i [20]
Add imm_gen/$auto$insbuf.cc:97:execute$15822: \instr [31] -> \imm_i [21]
Add imm_gen/$auto$insbuf.cc:97:execute$15823: \instr [31] -> \imm_i [22]
Add imm_gen/$auto$insbuf.cc:97:execute$15824: \instr [31] -> \imm_i [23]
Add imm_gen/$auto$insbuf.cc:97:execute$15825: \instr [31] -> \imm_i [24]
Add imm_gen/$auto$insbuf.cc:97:execute$15826: \instr [31] -> \imm_i [25]
Add imm_gen/$auto$insbuf.cc:97:execute$15827: \instr [31] -> \imm_i [26]
Add imm_gen/$auto$insbuf.cc:97:execute$15828: \instr [31] -> \imm_i [27]
Add imm_gen/$auto$insbuf.cc:97:execute$15829: \instr [31] -> \imm_i [28]
Add imm_gen/$auto$insbuf.cc:97:execute$15830: \instr [31] -> \imm_i [29]
Add imm_gen/$auto$insbuf.cc:97:execute$15831: \instr [31] -> \imm_i [30]
Add imm_gen/$auto$insbuf.cc:97:execute$15832: \instr [31] -> \imm_i [31]
Add imm_gen/$auto$insbuf.cc:97:execute$15833: \instr [21] -> \imm_j [1]
Add imm_gen/$auto$insbuf.cc:97:execute$15834: \instr [22] -> \imm_j [2]
Add imm_gen/$auto$insbuf.cc:97:execute$15835: \instr [23] -> \imm_j [3]
Add imm_gen/$auto$insbuf.cc:97:execute$15836: \instr [24] -> \imm_j [4]
Add imm_gen/$auto$insbuf.cc:97:execute$15837: \instr [25] -> \imm_j [5]
Add imm_gen/$auto$insbuf.cc:97:execute$15838: \instr [26] -> \imm_j [6]
Add imm_gen/$auto$insbuf.cc:97:execute$15839: \instr [27] -> \imm_j [7]
Add imm_gen/$auto$insbuf.cc:97:execute$15840: \instr [28] -> \imm_j [8]
Add imm_gen/$auto$insbuf.cc:97:execute$15841: \instr [29] -> \imm_j [9]
Add imm_gen/$auto$insbuf.cc:97:execute$15842: \instr [30] -> \imm_j [10]
Add imm_gen/$auto$insbuf.cc:97:execute$15843: \instr [20] -> \imm_j [11]
Add imm_gen/$auto$insbuf.cc:97:execute$15844: \instr [12] -> \imm_j [12]
Add imm_gen/$auto$insbuf.cc:97:execute$15845: \instr [13] -> \imm_j [13]
Add imm_gen/$auto$insbuf.cc:97:execute$15846: \instr [14] -> \imm_j [14]
Add imm_gen/$auto$insbuf.cc:97:execute$15847: \instr [15] -> \imm_j [15]
Add imm_gen/$auto$insbuf.cc:97:execute$15848: \instr [16] -> \imm_j [16]
Add imm_gen/$auto$insbuf.cc:97:execute$15849: \instr [17] -> \imm_j [17]
Add imm_gen/$auto$insbuf.cc:97:execute$15850: \instr [18] -> \imm_j [18]
Add imm_gen/$auto$insbuf.cc:97:execute$15851: \instr [19] -> \imm_j [19]
Add imm_gen/$auto$insbuf.cc:97:execute$15852: \instr [31] -> \imm_j [20]
Add imm_gen/$auto$insbuf.cc:97:execute$15853: \instr [31] -> \imm_j [21]
Add imm_gen/$auto$insbuf.cc:97:execute$15854: \instr [31] -> \imm_j [22]
Add imm_gen/$auto$insbuf.cc:97:execute$15855: \instr [31] -> \imm_j [23]
Add imm_gen/$auto$insbuf.cc:97:execute$15856: \instr [31] -> \imm_j [24]
Add imm_gen/$auto$insbuf.cc:97:execute$15857: \instr [31] -> \imm_j [25]
Add imm_gen/$auto$insbuf.cc:97:execute$15858: \instr [31] -> \imm_j [26]
Add imm_gen/$auto$insbuf.cc:97:execute$15859: \instr [31] -> \imm_j [27]
Add imm_gen/$auto$insbuf.cc:97:execute$15860: \instr [31] -> \imm_j [28]
Add imm_gen/$auto$insbuf.cc:97:execute$15861: \instr [31] -> \imm_j [29]
Add imm_gen/$auto$insbuf.cc:97:execute$15862: \instr [31] -> \imm_j [30]
Add imm_gen/$auto$insbuf.cc:97:execute$15863: \instr [31] -> \imm_j [31]
Add imm_gen/$auto$insbuf.cc:97:execute$15864: \instr [7] -> \imm_s [0]
Add imm_gen/$auto$insbuf.cc:97:execute$15865: \instr [8] -> \imm_s [1]
Add imm_gen/$auto$insbuf.cc:97:execute$15866: \instr [9] -> \imm_s [2]
Add imm_gen/$auto$insbuf.cc:97:execute$15867: \instr [10] -> \imm_s [3]
Add imm_gen/$auto$insbuf.cc:97:execute$15868: \instr [11] -> \imm_s [4]
Add imm_gen/$auto$insbuf.cc:97:execute$15869: \instr [25] -> \imm_s [5]
Add imm_gen/$auto$insbuf.cc:97:execute$15870: \instr [26] -> \imm_s [6]
Add imm_gen/$auto$insbuf.cc:97:execute$15871: \instr [27] -> \imm_s [7]
Add imm_gen/$auto$insbuf.cc:97:execute$15872: \instr [28] -> \imm_s [8]
Add imm_gen/$auto$insbuf.cc:97:execute$15873: \instr [29] -> \imm_s [9]
Add imm_gen/$auto$insbuf.cc:97:execute$15874: \instr [30] -> \imm_s [10]
Add imm_gen/$auto$insbuf.cc:97:execute$15875: \instr [31] -> \imm_s [11]
Add imm_gen/$auto$insbuf.cc:97:execute$15876: \instr [31] -> \imm_s [12]
Add imm_gen/$auto$insbuf.cc:97:execute$15877: \instr [31] -> \imm_s [13]
Add imm_gen/$auto$insbuf.cc:97:execute$15878: \instr [31] -> \imm_s [14]
Add imm_gen/$auto$insbuf.cc:97:execute$15879: \instr [31] -> \imm_s [15]
Add imm_gen/$auto$insbuf.cc:97:execute$15880: \instr [31] -> \imm_s [16]
Add imm_gen/$auto$insbuf.cc:97:execute$15881: \instr [31] -> \imm_s [17]
Add imm_gen/$auto$insbuf.cc:97:execute$15882: \instr [31] -> \imm_s [18]
Add imm_gen/$auto$insbuf.cc:97:execute$15883: \instr [31] -> \imm_s [19]
Add imm_gen/$auto$insbuf.cc:97:execute$15884: \instr [31] -> \imm_s [20]
Add imm_gen/$auto$insbuf.cc:97:execute$15885: \instr [31] -> \imm_s [21]
Add imm_gen/$auto$insbuf.cc:97:execute$15886: \instr [31] -> \imm_s [22]
Add imm_gen/$auto$insbuf.cc:97:execute$15887: \instr [31] -> \imm_s [23]
Add imm_gen/$auto$insbuf.cc:97:execute$15888: \instr [31] -> \imm_s [24]
Add imm_gen/$auto$insbuf.cc:97:execute$15889: \instr [31] -> \imm_s [25]
Add imm_gen/$auto$insbuf.cc:97:execute$15890: \instr [31] -> \imm_s [26]
Add imm_gen/$auto$insbuf.cc:97:execute$15891: \instr [31] -> \imm_s [27]
Add imm_gen/$auto$insbuf.cc:97:execute$15892: \instr [31] -> \imm_s [28]
Add imm_gen/$auto$insbuf.cc:97:execute$15893: \instr [31] -> \imm_s [29]
Add imm_gen/$auto$insbuf.cc:97:execute$15894: \instr [31] -> \imm_s [30]
Add imm_gen/$auto$insbuf.cc:97:execute$15895: \instr [31] -> \imm_s [31]
Add imm_gen/$auto$insbuf.cc:97:execute$15896: \instr [12] -> \imm_u [12]
Add imm_gen/$auto$insbuf.cc:97:execute$15897: \instr [13] -> \imm_u [13]
Add imm_gen/$auto$insbuf.cc:97:execute$15898: \instr [14] -> \imm_u [14]
Add imm_gen/$auto$insbuf.cc:97:execute$15899: \instr [15] -> \imm_u [15]
Add imm_gen/$auto$insbuf.cc:97:execute$15900: \instr [16] -> \imm_u [16]
Add imm_gen/$auto$insbuf.cc:97:execute$15901: \instr [17] -> \imm_u [17]
Add imm_gen/$auto$insbuf.cc:97:execute$15902: \instr [18] -> \imm_u [18]
Add imm_gen/$auto$insbuf.cc:97:execute$15903: \instr [19] -> \imm_u [19]
Add imm_gen/$auto$insbuf.cc:97:execute$15904: \instr [20] -> \imm_u [20]
Add imm_gen/$auto$insbuf.cc:97:execute$15905: \instr [21] -> \imm_u [21]
Add imm_gen/$auto$insbuf.cc:97:execute$15906: \instr [22] -> \imm_u [22]
Add imm_gen/$auto$insbuf.cc:97:execute$15907: \instr [23] -> \imm_u [23]
Add imm_gen/$auto$insbuf.cc:97:execute$15908: \instr [24] -> \imm_u [24]
Add imm_gen/$auto$insbuf.cc:97:execute$15909: \instr [25] -> \imm_u [25]
Add imm_gen/$auto$insbuf.cc:97:execute$15910: \instr [26] -> \imm_u [26]
Add imm_gen/$auto$insbuf.cc:97:execute$15911: \instr [27] -> \imm_u [27]
Add imm_gen/$auto$insbuf.cc:97:execute$15912: \instr [28] -> \imm_u [28]
Add imm_gen/$auto$insbuf.cc:97:execute$15913: \instr [29] -> \imm_u [29]
Add imm_gen/$auto$insbuf.cc:97:execute$15914: \instr [30] -> \imm_u [30]
Add imm_gen/$auto$insbuf.cc:97:execute$15915: \instr [31] -> \imm_u [31]
Add pc_next_logic/$auto$insbuf.cc:97:execute$15916: \pc_current [0] -> \pc_plus4 [0]
Add pc_next_logic/$auto$insbuf.cc:97:execute$15917: \pc_current [1] -> \pc_plus4 [1]

72. Executing CHECK pass (checking for obvious problems).
Checking module $paramod\dmem\DEPTH=s32'00000000000000000000000100000000...
Warning: Wire $paramod\dmem\DEPTH=s32'00000000000000000000000100000000.\read_data [31] is used but has no driver.
Warning: Wire $paramod\dmem\DEPTH=s32'00000000000000000000000100000000.\read_data [30] is used but has no driver.
Warning: Wire $paramod\dmem\DEPTH=s32'00000000000000000000000100000000.\read_data [29] is used but has no driver.
Warning: Wire $paramod\dmem\DEPTH=s32'00000000000000000000000100000000.\read_data [28] is used but has no driver.
Warning: Wire $paramod\dmem\DEPTH=s32'00000000000000000000000100000000.\read_data [27] is used but has no driver.
Warning: Wire $paramod\dmem\DEPTH=s32'00000000000000000000000100000000.\read_data [26] is used but has no driver.
Warning: Wire $paramod\dmem\DEPTH=s32'00000000000000000000000100000000.\read_data [25] is used but has no driver.
Warning: Wire $paramod\dmem\DEPTH=s32'00000000000000000000000100000000.\read_data [24] is used but has no driver.
Warning: Wire $paramod\dmem\DEPTH=s32'00000000000000000000000100000000.\read_data [23] is used but has no driver.
Warning: Wire $paramod\dmem\DEPTH=s32'00000000000000000000000100000000.\read_data [22] is used but has no driver.
Warning: Wire $paramod\dmem\DEPTH=s32'00000000000000000000000100000000.\read_data [21] is used but has no driver.
Warning: Wire $paramod\dmem\DEPTH=s32'00000000000000000000000100000000.\read_data [20] is used but has no driver.
Warning: Wire $paramod\dmem\DEPTH=s32'00000000000000000000000100000000.\read_data [19] is used but has no driver.
Warning: Wire $paramod\dmem\DEPTH=s32'00000000000000000000000100000000.\read_data [18] is used but has no driver.
Warning: Wire $paramod\dmem\DEPTH=s32'00000000000000000000000100000000.\read_data [17] is used but has no driver.
Warning: Wire $paramod\dmem\DEPTH=s32'00000000000000000000000100000000.\read_data [16] is used but has no driver.
Warning: Wire $paramod\dmem\DEPTH=s32'00000000000000000000000100000000.\read_data [15] is used but has no driver.
Warning: Wire $paramod\dmem\DEPTH=s32'00000000000000000000000100000000.\read_data [14] is used but has no driver.
Warning: Wire $paramod\dmem\DEPTH=s32'00000000000000000000000100000000.\read_data [13] is used but has no driver.
Warning: Wire $paramod\dmem\DEPTH=s32'00000000000000000000000100000000.\read_data [12] is used but has no driver.
Warning: Wire $paramod\dmem\DEPTH=s32'00000000000000000000000100000000.\read_data [11] is used but has no driver.
Warning: Wire $paramod\dmem\DEPTH=s32'00000000000000000000000100000000.\read_data [10] is used but has no driver.
Warning: Wire $paramod\dmem\DEPTH=s32'00000000000000000000000100000000.\read_data [9] is used but has no driver.
Warning: Wire $paramod\dmem\DEPTH=s32'00000000000000000000000100000000.\read_data [8] is used but has no driver.
Warning: Wire $paramod\dmem\DEPTH=s32'00000000000000000000000100000000.\read_data [7] is used but has no driver.
Warning: Wire $paramod\dmem\DEPTH=s32'00000000000000000000000100000000.\read_data [6] is used but has no driver.
Warning: Wire $paramod\dmem\DEPTH=s32'00000000000000000000000100000000.\read_data [5] is used but has no driver.
Warning: Wire $paramod\dmem\DEPTH=s32'00000000000000000000000100000000.\read_data [4] is used but has no driver.
Warning: Wire $paramod\dmem\DEPTH=s32'00000000000000000000000100000000.\read_data [3] is used but has no driver.
Warning: Wire $paramod\dmem\DEPTH=s32'00000000000000000000000100000000.\read_data [2] is used but has no driver.
Warning: Wire $paramod\dmem\DEPTH=s32'00000000000000000000000100000000.\read_data [1] is used but has no driver.
Warning: Wire $paramod\dmem\DEPTH=s32'00000000000000000000000100000000.\read_data [0] is used but has no driver.
Warning: Wire $paramod\dmem\DEPTH=s32'00000000000000000000000100000000.$auto$hilomap.cc:39:hilomap_worker$15601 is used but has no driver.
Warning: Wire $paramod\dmem\DEPTH=s32'00000000000000000000000100000000.$auto$hilomap.cc:39:hilomap_worker$15599 is used but has no driver.
Warning: Wire $paramod\dmem\DEPTH=s32'00000000000000000000000100000000.$auto$hilomap.cc:39:hilomap_worker$15597 is used but has no driver.
Warning: Wire $paramod\dmem\DEPTH=s32'00000000000000000000000100000000.$auto$hilomap.cc:39:hilomap_worker$15595 is used but has no driver.
Warning: Wire $paramod\dmem\DEPTH=s32'00000000000000000000000100000000.\web0_sram is used but has no driver.
Warning: Wire $paramod\dmem\DEPTH=s32'00000000000000000000000100000000.$auto$hilomap.cc:39:hilomap_worker$15593 is used but has no driver.
Warning: Wire $paramod\dmem\DEPTH=s32'00000000000000000000000100000000.\csb0_sram is used but has no driver.
Warning: Wire $paramod\dmem\DEPTH=s32'00000000000000000000000100000000.$auto$hilomap.cc:47:hilomap_worker$15591 is used but has no driver.
Warning: Wire $paramod\dmem\DEPTH=s32'00000000000000000000000100000000.$auto$hilomap.cc:47:hilomap_worker$15589 is used but has no driver.
Warning: Wire $paramod\dmem\DEPTH=s32'00000000000000000000000100000000.$auto$hilomap.cc:47:hilomap_worker$15587 is used but has no driver.
Warning: Wire $paramod\dmem\DEPTH=s32'00000000000000000000000100000000.$auto$hilomap.cc:47:hilomap_worker$15585 is used but has no driver.
Warning: Wire $paramod\dmem\DEPTH=s32'00000000000000000000000100000000.$auto$hilomap.cc:47:hilomap_worker$15583 is used but has no driver.
Warning: Wire $paramod\dmem\DEPTH=s32'00000000000000000000000100000000.$auto$hilomap.cc:47:hilomap_worker$15581 is used but has no driver.
Warning: Wire $paramod\dmem\DEPTH=s32'00000000000000000000000100000000.$auto$hilomap.cc:47:hilomap_worker$15579 is used but has no driver.
Warning: Wire $paramod\dmem\DEPTH=s32'00000000000000000000000100000000.$auto$hilomap.cc:47:hilomap_worker$15577 is used but has no driver.
Checking module $paramod\imem\MEM_DEPTH_WORDS=s32'00000000000000000000000100000000...
Warning: Wire $paramod\imem\MEM_DEPTH_WORDS=s32'00000000000000000000000100000000.$auto$hilomap.cc:47:hilomap_worker$15695 is used but has no driver.
Warning: Wire $paramod\imem\MEM_DEPTH_WORDS=s32'00000000000000000000000100000000.$auto$hilomap.cc:47:hilomap_worker$15693 is used but has no driver.
Warning: Wire $paramod\imem\MEM_DEPTH_WORDS=s32'00000000000000000000000100000000.$auto$hilomap.cc:47:hilomap_worker$15691 is used but has no driver.
Warning: Wire $paramod\imem\MEM_DEPTH_WORDS=s32'00000000000000000000000100000000.$auto$hilomap.cc:47:hilomap_worker$15689 is used but has no driver.
Warning: Wire $paramod\imem\MEM_DEPTH_WORDS=s32'00000000000000000000000100000000.$auto$hilomap.cc:39:hilomap_worker$15687 is used but has no driver.
Warning: Wire $paramod\imem\MEM_DEPTH_WORDS=s32'00000000000000000000000100000000.$auto$hilomap.cc:47:hilomap_worker$15685 is used but has no driver.
Warning: Wire $paramod\imem\MEM_DEPTH_WORDS=s32'00000000000000000000000100000000.$auto$hilomap.cc:47:hilomap_worker$15683 is used but has no driver.
Warning: Wire $paramod\imem\MEM_DEPTH_WORDS=s32'00000000000000000000000100000000.$auto$hilomap.cc:47:hilomap_worker$15681 is used but has no driver.
Warning: Wire $paramod\imem\MEM_DEPTH_WORDS=s32'00000000000000000000000100000000.$auto$hilomap.cc:47:hilomap_worker$15679 is used but has no driver.
Warning: Wire $paramod\imem\MEM_DEPTH_WORDS=s32'00000000000000000000000100000000.$auto$hilomap.cc:47:hilomap_worker$15677 is used but has no driver.
Warning: Wire $paramod\imem\MEM_DEPTH_WORDS=s32'00000000000000000000000100000000.$auto$hilomap.cc:47:hilomap_worker$15675 is used but has no driver.
Warning: Wire $paramod\imem\MEM_DEPTH_WORDS=s32'00000000000000000000000100000000.$auto$hilomap.cc:47:hilomap_worker$15673 is used but has no driver.
Warning: Wire $paramod\imem\MEM_DEPTH_WORDS=s32'00000000000000000000000100000000.$auto$hilomap.cc:47:hilomap_worker$15671 is used but has no driver.
Warning: Wire $paramod\imem\MEM_DEPTH_WORDS=s32'00000000000000000000000100000000.$auto$hilomap.cc:47:hilomap_worker$15669 is used but has no driver.
Warning: Wire $paramod\imem\MEM_DEPTH_WORDS=s32'00000000000000000000000100000000.$auto$hilomap.cc:47:hilomap_worker$15667 is used but has no driver.
Warning: Wire $paramod\imem\MEM_DEPTH_WORDS=s32'00000000000000000000000100000000.$auto$hilomap.cc:47:hilomap_worker$15665 is used but has no driver.
Warning: Wire $paramod\imem\MEM_DEPTH_WORDS=s32'00000000000000000000000100000000.$auto$hilomap.cc:47:hilomap_worker$15663 is used but has no driver.
Warning: Wire $paramod\imem\MEM_DEPTH_WORDS=s32'00000000000000000000000100000000.$auto$hilomap.cc:47:hilomap_worker$15661 is used but has no driver.
Warning: Wire $paramod\imem\MEM_DEPTH_WORDS=s32'00000000000000000000000100000000.$auto$hilomap.cc:47:hilomap_worker$15659 is used but has no driver.
Warning: Wire $paramod\imem\MEM_DEPTH_WORDS=s32'00000000000000000000000100000000.$auto$hilomap.cc:47:hilomap_worker$15657 is used but has no driver.
Warning: Wire $paramod\imem\MEM_DEPTH_WORDS=s32'00000000000000000000000100000000.$auto$hilomap.cc:47:hilomap_worker$15655 is used but has no driver.
Warning: Wire $paramod\imem\MEM_DEPTH_WORDS=s32'00000000000000000000000100000000.$auto$hilomap.cc:47:hilomap_worker$15653 is used but has no driver.
Warning: Wire $paramod\imem\MEM_DEPTH_WORDS=s32'00000000000000000000000100000000.$auto$hilomap.cc:47:hilomap_worker$15651 is used but has no driver.
Warning: Wire $paramod\imem\MEM_DEPTH_WORDS=s32'00000000000000000000000100000000.$auto$hilomap.cc:47:hilomap_worker$15649 is used but has no driver.
Warning: Wire $paramod\imem\MEM_DEPTH_WORDS=s32'00000000000000000000000100000000.$auto$hilomap.cc:47:hilomap_worker$15647 is used but has no driver.
Warning: Wire $paramod\imem\MEM_DEPTH_WORDS=s32'00000000000000000000000100000000.$auto$hilomap.cc:47:hilomap_worker$15645 is used but has no driver.
Warning: Wire $paramod\imem\MEM_DEPTH_WORDS=s32'00000000000000000000000100000000.$auto$hilomap.cc:47:hilomap_worker$15643 is used but has no driver.
Warning: Wire $paramod\imem\MEM_DEPTH_WORDS=s32'00000000000000000000000100000000.$auto$hilomap.cc:47:hilomap_worker$15641 is used but has no driver.
Warning: Wire $paramod\imem\MEM_DEPTH_WORDS=s32'00000000000000000000000100000000.$auto$hilomap.cc:47:hilomap_worker$15639 is used but has no driver.
Warning: Wire $paramod\imem\MEM_DEPTH_WORDS=s32'00000000000000000000000100000000.$auto$hilomap.cc:47:hilomap_worker$15637 is used but has no driver.
Warning: Wire $paramod\imem\MEM_DEPTH_WORDS=s32'00000000000000000000000100000000.$auto$hilomap.cc:47:hilomap_worker$15635 is used but has no driver.
Warning: Wire $paramod\imem\MEM_DEPTH_WORDS=s32'00000000000000000000000100000000.$auto$hilomap.cc:47:hilomap_worker$15633 is used but has no driver.
Warning: Wire $paramod\imem\MEM_DEPTH_WORDS=s32'00000000000000000000000100000000.$auto$hilomap.cc:47:hilomap_worker$15631 is used but has no driver.
Warning: Wire $paramod\imem\MEM_DEPTH_WORDS=s32'00000000000000000000000100000000.$auto$hilomap.cc:47:hilomap_worker$15629 is used but has no driver.
Warning: Wire $paramod\imem\MEM_DEPTH_WORDS=s32'00000000000000000000000100000000.$auto$hilomap.cc:47:hilomap_worker$15627 is used but has no driver.
Warning: Wire $paramod\imem\MEM_DEPTH_WORDS=s32'00000000000000000000000100000000.$auto$hilomap.cc:47:hilomap_worker$15625 is used but has no driver.
Warning: Wire $paramod\imem\MEM_DEPTH_WORDS=s32'00000000000000000000000100000000.$auto$hilomap.cc:47:hilomap_worker$15623 is used but has no driver.
Warning: Wire $paramod\imem\MEM_DEPTH_WORDS=s32'00000000000000000000000100000000.$auto$hilomap.cc:47:hilomap_worker$15621 is used but has no driver.
Warning: Wire $paramod\imem\MEM_DEPTH_WORDS=s32'00000000000000000000000100000000.$auto$hilomap.cc:39:hilomap_worker$15619 is used but has no driver.
Warning: Wire $paramod\imem\MEM_DEPTH_WORDS=s32'00000000000000000000000100000000.$auto$hilomap.cc:47:hilomap_worker$15617 is used but has no driver.
Warning: Wire $paramod\imem\MEM_DEPTH_WORDS=s32'00000000000000000000000100000000.$auto$hilomap.cc:47:hilomap_worker$15615 is used but has no driver.
Warning: Wire $paramod\imem\MEM_DEPTH_WORDS=s32'00000000000000000000000100000000.$auto$hilomap.cc:47:hilomap_worker$15613 is used but has no driver.
Warning: Wire $paramod\imem\MEM_DEPTH_WORDS=s32'00000000000000000000000100000000.$auto$hilomap.cc:47:hilomap_worker$15611 is used but has no driver.
Warning: Wire $paramod\imem\MEM_DEPTH_WORDS=s32'00000000000000000000000100000000.$auto$hilomap.cc:47:hilomap_worker$15609 is used but has no driver.
Warning: Wire $paramod\imem\MEM_DEPTH_WORDS=s32'00000000000000000000000100000000.$auto$hilomap.cc:47:hilomap_worker$15607 is used but has no driver.
Warning: Wire $paramod\imem\MEM_DEPTH_WORDS=s32'00000000000000000000000100000000.$auto$hilomap.cc:47:hilomap_worker$15605 is used but has no driver.
Warning: Wire $paramod\imem\MEM_DEPTH_WORDS=s32'00000000000000000000000100000000.$auto$hilomap.cc:47:hilomap_worker$15603 is used but has no driver.
Checking module alu...
Warning: Wire alu.\Zero is used but has no driver.
Warning: Wire alu.\Result [31] is used but has no driver.
Warning: Wire alu.\Result [30] is used but has no driver.
Warning: Wire alu.\Result [29] is used but has no driver.
Warning: Wire alu.\Result [28] is used but has no driver.
Warning: Wire alu.\Result [27] is used but has no driver.
Warning: Wire alu.\Result [26] is used but has no driver.
Warning: Wire alu.\Result [25] is used but has no driver.
Warning: Wire alu.\Result [24] is used but has no driver.
Warning: Wire alu.\Result [23] is used but has no driver.
Warning: Wire alu.\Result [22] is used but has no driver.
Warning: Wire alu.\Result [21] is used but has no driver.
Warning: Wire alu.\Result [20] is used but has no driver.
Warning: Wire alu.\Result [19] is used but has no driver.
Warning: Wire alu.\Result [18] is used but has no driver.
Warning: Wire alu.\Result [17] is used but has no driver.
Warning: Wire alu.\Result [16] is used but has no driver.
Warning: Wire alu.\Result [15] is used but has no driver.
Warning: Wire alu.\Result [14] is used but has no driver.
Warning: Wire alu.\Result [13] is used but has no driver.
Warning: Wire alu.\Result [12] is used but has no driver.
Warning: Wire alu.\Result [11] is used but has no driver.
Warning: Wire alu.\Result [10] is used but has no driver.
Warning: Wire alu.\Result [9] is used but has no driver.
Warning: Wire alu.\Result [8] is used but has no driver.
Warning: Wire alu.\Result [7] is used but has no driver.
Warning: Wire alu.\Result [6] is used but has no driver.
Warning: Wire alu.\Result [5] is used but has no driver.
Warning: Wire alu.\Result [4] is used but has no driver.
Warning: Wire alu.\Result [3] is used but has no driver.
Warning: Wire alu.\Result [2] is used but has no driver.
Warning: Wire alu.\Result [1] is used but has no driver.
Warning: Wire alu.\Result [0] is used but has no driver.
Warning: Wire alu.\OverFlow is used but has no driver.
Warning: Wire alu.\Negative is used but has no driver.
Warning: Wire alu.\Carry is used but has no driver.
Checking module alu_control...
Warning: Wire alu_control.\alu_ctrl [3] is used but has no driver.
Warning: Wire alu_control.\alu_ctrl [2] is used but has no driver.
Warning: Wire alu_control.\alu_ctrl [1] is used but has no driver.
Warning: Wire alu_control.\alu_ctrl [0] is used but has no driver.
Checking module branch_unit...
Warning: Wire branch_unit.\take_branch is used but has no driver.
Checking module decoder_controller...
Warning: Wire decoder_controller.\wb_sel [2] is used but has no driver.
Warning: Wire decoder_controller.\wb_sel [1] is used but has no driver.
Warning: Wire decoder_controller.\wb_sel [0] is used but has no driver.
Warning: Wire decoder_controller.\use_pc_as_alu_a is used but has no driver.
Warning: Wire decoder_controller.\reg_write is used but has no driver.
Warning: Wire decoder_controller.\mem_write is used but has no driver.
Warning: Wire decoder_controller.\mem_read is used but has no driver.
Warning: Wire decoder_controller.\jump is used but has no driver.
Warning: Wire decoder_controller.\jalr is used but has no driver.
Warning: Wire decoder_controller.\branch is used but has no driver.
Warning: Wire decoder_controller.\alu_src is used but has no driver.
Warning: Wire decoder_controller.\alu_op [1] is used but has no driver.
Warning: Wire decoder_controller.\alu_op [0] is used but has no driver.
Checking module imm_gen...
Warning: Wire imm_gen.\imm_u [31] is used but has no driver.
Warning: Wire imm_gen.\imm_u [30] is used but has no driver.
Warning: Wire imm_gen.\imm_u [29] is used but has no driver.
Warning: Wire imm_gen.\imm_u [28] is used but has no driver.
Warning: Wire imm_gen.\imm_u [27] is used but has no driver.
Warning: Wire imm_gen.\imm_u [26] is used but has no driver.
Warning: Wire imm_gen.\imm_u [25] is used but has no driver.
Warning: Wire imm_gen.\imm_u [24] is used but has no driver.
Warning: Wire imm_gen.\imm_u [23] is used but has no driver.
Warning: Wire imm_gen.\imm_u [22] is used but has no driver.
Warning: Wire imm_gen.\imm_u [21] is used but has no driver.
Warning: Wire imm_gen.\imm_u [20] is used but has no driver.
Warning: Wire imm_gen.\imm_u [19] is used but has no driver.
Warning: Wire imm_gen.\imm_u [18] is used but has no driver.
Warning: Wire imm_gen.\imm_u [17] is used but has no driver.
Warning: Wire imm_gen.\imm_u [16] is used but has no driver.
Warning: Wire imm_gen.\imm_u [15] is used but has no driver.
Warning: Wire imm_gen.\imm_u [14] is used but has no driver.
Warning: Wire imm_gen.\imm_u [13] is used but has no driver.
Warning: Wire imm_gen.\imm_u [12] is used but has no driver.
Warning: Wire imm_gen.\imm_u [11] is used but has no driver.
Warning: Wire imm_gen.\imm_u [10] is used but has no driver.
Warning: Wire imm_gen.\imm_u [9] is used but has no driver.
Warning: Wire imm_gen.\imm_u [8] is used but has no driver.
Warning: Wire imm_gen.\imm_u [7] is used but has no driver.
Warning: Wire imm_gen.\imm_u [6] is used but has no driver.
Warning: Wire imm_gen.\imm_u [5] is used but has no driver.
Warning: Wire imm_gen.\imm_u [4] is used but has no driver.
Warning: Wire imm_gen.\imm_u [3] is used but has no driver.
Warning: Wire imm_gen.\imm_u [2] is used but has no driver.
Warning: Wire imm_gen.\imm_u [1] is used but has no driver.
Warning: Wire imm_gen.\imm_u [0] is used but has no driver.
Warning: Wire imm_gen.\imm_s [31] is used but has no driver.
Warning: Wire imm_gen.\imm_s [30] is used but has no driver.
Warning: Wire imm_gen.\imm_s [29] is used but has no driver.
Warning: Wire imm_gen.\imm_s [28] is used but has no driver.
Warning: Wire imm_gen.\imm_s [27] is used but has no driver.
Warning: Wire imm_gen.\imm_s [26] is used but has no driver.
Warning: Wire imm_gen.\imm_s [25] is used but has no driver.
Warning: Wire imm_gen.\imm_s [24] is used but has no driver.
Warning: Wire imm_gen.\imm_s [23] is used but has no driver.
Warning: Wire imm_gen.\imm_s [22] is used but has no driver.
Warning: Wire imm_gen.\imm_s [21] is used but has no driver.
Warning: Wire imm_gen.\imm_s [20] is used but has no driver.
Warning: Wire imm_gen.\imm_s [19] is used but has no driver.
Warning: Wire imm_gen.\imm_s [18] is used but has no driver.
Warning: Wire imm_gen.\imm_s [17] is used but has no driver.
Warning: Wire imm_gen.\imm_s [16] is used but has no driver.
Warning: Wire imm_gen.\imm_s [15] is used but has no driver.
Warning: Wire imm_gen.\imm_s [14] is used but has no driver.
Warning: Wire imm_gen.\imm_s [13] is used but has no driver.
Warning: Wire imm_gen.\imm_s [12] is used but has no driver.
Warning: Wire imm_gen.\imm_s [11] is used but has no driver.
Warning: Wire imm_gen.\imm_s [10] is used but has no driver.
Warning: Wire imm_gen.\imm_s [9] is used but has no driver.
Warning: Wire imm_gen.\imm_s [8] is used but has no driver.
Warning: Wire imm_gen.\imm_s [7] is used but has no driver.
Warning: Wire imm_gen.\imm_s [6] is used but has no driver.
Warning: Wire imm_gen.\imm_s [5] is used but has no driver.
Warning: Wire imm_gen.\imm_s [4] is used but has no driver.
Warning: Wire imm_gen.\imm_s [3] is used but has no driver.
Warning: Wire imm_gen.\imm_s [2] is used but has no driver.
Warning: Wire imm_gen.\imm_s [1] is used but has no driver.
Warning: Wire imm_gen.\imm_s [0] is used but has no driver.
Warning: Wire imm_gen.\imm_j [31] is used but has no driver.
Warning: Wire imm_gen.\imm_j [30] is used but has no driver.
Warning: Wire imm_gen.\imm_j [29] is used but has no driver.
Warning: Wire imm_gen.\imm_j [28] is used but has no driver.
Warning: Wire imm_gen.\imm_j [27] is used but has no driver.
Warning: Wire imm_gen.\imm_j [26] is used but has no driver.
Warning: Wire imm_gen.\imm_j [25] is used but has no driver.
Warning: Wire imm_gen.\imm_j [24] is used but has no driver.
Warning: Wire imm_gen.\imm_j [23] is used but has no driver.
Warning: Wire imm_gen.\imm_j [22] is used but has no driver.
Warning: Wire imm_gen.\imm_j [21] is used but has no driver.
Warning: Wire imm_gen.\imm_j [20] is used but has no driver.
Warning: Wire imm_gen.\imm_j [19] is used but has no driver.
Warning: Wire imm_gen.\imm_j [18] is used but has no driver.
Warning: Wire imm_gen.\imm_j [17] is used but has no driver.
Warning: Wire imm_gen.\imm_j [16] is used but has no driver.
Warning: Wire imm_gen.\imm_j [15] is used but has no driver.
Warning: Wire imm_gen.\imm_j [14] is used but has no driver.
Warning: Wire imm_gen.\imm_j [13] is used but has no driver.
Warning: Wire imm_gen.\imm_j [12] is used but has no driver.
Warning: Wire imm_gen.\imm_j [11] is used but has no driver.
Warning: Wire imm_gen.\imm_j [10] is used but has no driver.
Warning: Wire imm_gen.\imm_j [9] is used but has no driver.
Warning: Wire imm_gen.\imm_j [8] is used but has no driver.
Warning: Wire imm_gen.\imm_j [7] is used but has no driver.
Warning: Wire imm_gen.\imm_j [6] is used but has no driver.
Warning: Wire imm_gen.\imm_j [5] is used but has no driver.
Warning: Wire imm_gen.\imm_j [4] is used but has no driver.
Warning: Wire imm_gen.\imm_j [3] is used but has no driver.
Warning: Wire imm_gen.\imm_j [2] is used but has no driver.
Warning: Wire imm_gen.\imm_j [1] is used but has no driver.
Warning: Wire imm_gen.\imm_j [0] is used but has no driver.
Warning: Wire imm_gen.\imm_i [31] is used but has no driver.
Warning: Wire imm_gen.\imm_i [30] is used but has no driver.
Warning: Wire imm_gen.\imm_i [29] is used but has no driver.
Warning: Wire imm_gen.\imm_i [28] is used but has no driver.
Warning: Wire imm_gen.\imm_i [27] is used but has no driver.
Warning: Wire imm_gen.\imm_i [26] is used but has no driver.
Warning: Wire imm_gen.\imm_i [25] is used but has no driver.
Warning: Wire imm_gen.\imm_i [24] is used but has no driver.
Warning: Wire imm_gen.\imm_i [23] is used but has no driver.
Warning: Wire imm_gen.\imm_i [22] is used but has no driver.
Warning: Wire imm_gen.\imm_i [21] is used but has no driver.
Warning: Wire imm_gen.\imm_i [20] is used but has no driver.
Warning: Wire imm_gen.\imm_i [19] is used but has no driver.
Warning: Wire imm_gen.\imm_i [18] is used but has no driver.
Warning: Wire imm_gen.\imm_i [17] is used but has no driver.
Warning: Wire imm_gen.\imm_i [16] is used but has no driver.
Warning: Wire imm_gen.\imm_i [15] is used but has no driver.
Warning: Wire imm_gen.\imm_i [14] is used but has no driver.
Warning: Wire imm_gen.\imm_i [13] is used but has no driver.
Warning: Wire imm_gen.\imm_i [12] is used but has no driver.
Warning: Wire imm_gen.\imm_i [11] is used but has no driver.
Warning: Wire imm_gen.\imm_i [10] is used but has no driver.
Warning: Wire imm_gen.\imm_i [9] is used but has no driver.
Warning: Wire imm_gen.\imm_i [8] is used but has no driver.
Warning: Wire imm_gen.\imm_i [7] is used but has no driver.
Warning: Wire imm_gen.\imm_i [6] is used but has no driver.
Warning: Wire imm_gen.\imm_i [5] is used but has no driver.
Warning: Wire imm_gen.\imm_i [4] is used but has no driver.
Warning: Wire imm_gen.\imm_i [3] is used but has no driver.
Warning: Wire imm_gen.\imm_i [2] is used but has no driver.
Warning: Wire imm_gen.\imm_i [1] is used but has no driver.
Warning: Wire imm_gen.\imm_i [0] is used but has no driver.
Warning: Wire imm_gen.\imm_b [31] is used but has no driver.
Warning: Wire imm_gen.\imm_b [30] is used but has no driver.
Warning: Wire imm_gen.\imm_b [29] is used but has no driver.
Warning: Wire imm_gen.\imm_b [28] is used but has no driver.
Warning: Wire imm_gen.\imm_b [27] is used but has no driver.
Warning: Wire imm_gen.\imm_b [26] is used but has no driver.
Warning: Wire imm_gen.\imm_b [25] is used but has no driver.
Warning: Wire imm_gen.\imm_b [24] is used but has no driver.
Warning: Wire imm_gen.\imm_b [23] is used but has no driver.
Warning: Wire imm_gen.\imm_b [22] is used but has no driver.
Warning: Wire imm_gen.\imm_b [21] is used but has no driver.
Warning: Wire imm_gen.\imm_b [20] is used but has no driver.
Warning: Wire imm_gen.\imm_b [19] is used but has no driver.
Warning: Wire imm_gen.\imm_b [18] is used but has no driver.
Warning: Wire imm_gen.\imm_b [17] is used but has no driver.
Warning: Wire imm_gen.\imm_b [16] is used but has no driver.
Warning: Wire imm_gen.\imm_b [15] is used but has no driver.
Warning: Wire imm_gen.\imm_b [14] is used but has no driver.
Warning: Wire imm_gen.\imm_b [13] is used but has no driver.
Warning: Wire imm_gen.\imm_b [12] is used but has no driver.
Warning: Wire imm_gen.\imm_b [11] is used but has no driver.
Warning: Wire imm_gen.\imm_b [10] is used but has no driver.
Warning: Wire imm_gen.\imm_b [9] is used but has no driver.
Warning: Wire imm_gen.\imm_b [8] is used but has no driver.
Warning: Wire imm_gen.\imm_b [7] is used but has no driver.
Warning: Wire imm_gen.\imm_b [6] is used but has no driver.
Warning: Wire imm_gen.\imm_b [5] is used but has no driver.
Warning: Wire imm_gen.\imm_b [4] is used but has no driver.
Warning: Wire imm_gen.\imm_b [3] is used but has no driver.
Warning: Wire imm_gen.\imm_b [2] is used but has no driver.
Warning: Wire imm_gen.\imm_b [1] is used but has no driver.
Warning: Wire imm_gen.\imm_b [0] is used but has no driver.
Checking module pc_next_logic...
Warning: Wire pc_next_logic.\pc_plus4 [31] is used but has no driver.
Warning: Wire pc_next_logic.\pc_plus4 [30] is used but has no driver.
Warning: Wire pc_next_logic.\pc_plus4 [29] is used but has no driver.
Warning: Wire pc_next_logic.\pc_plus4 [28] is used but has no driver.
Warning: Wire pc_next_logic.\pc_plus4 [27] is used but has no driver.
Warning: Wire pc_next_logic.\pc_plus4 [26] is used but has no driver.
Warning: Wire pc_next_logic.\pc_plus4 [25] is used but has no driver.
Warning: Wire pc_next_logic.\pc_plus4 [24] is used but has no driver.
Warning: Wire pc_next_logic.\pc_plus4 [23] is used but has no driver.
Warning: Wire pc_next_logic.\pc_plus4 [22] is used but has no driver.
Warning: Wire pc_next_logic.\pc_plus4 [21] is used but has no driver.
Warning: Wire pc_next_logic.\pc_plus4 [20] is used but has no driver.
Warning: Wire pc_next_logic.\pc_plus4 [19] is used but has no driver.
Warning: Wire pc_next_logic.\pc_plus4 [18] is used but has no driver.
Warning: Wire pc_next_logic.\pc_plus4 [17] is used but has no driver.
Warning: Wire pc_next_logic.\pc_plus4 [16] is used but has no driver.
Warning: Wire pc_next_logic.\pc_plus4 [15] is used but has no driver.
Warning: Wire pc_next_logic.\pc_plus4 [14] is used but has no driver.
Warning: Wire pc_next_logic.\pc_plus4 [13] is used but has no driver.
Warning: Wire pc_next_logic.\pc_plus4 [12] is used but has no driver.
Warning: Wire pc_next_logic.\pc_plus4 [11] is used but has no driver.
Warning: Wire pc_next_logic.\pc_plus4 [10] is used but has no driver.
Warning: Wire pc_next_logic.\pc_plus4 [9] is used but has no driver.
Warning: Wire pc_next_logic.\pc_plus4 [8] is used but has no driver.
Warning: Wire pc_next_logic.\pc_plus4 [7] is used but has no driver.
Warning: Wire pc_next_logic.\pc_plus4 [6] is used but has no driver.
Warning: Wire pc_next_logic.\pc_plus4 [5] is used but has no driver.
Warning: Wire pc_next_logic.\pc_plus4 [4] is used but has no driver.
Warning: Wire pc_next_logic.\pc_plus4 [3] is used but has no driver.
Warning: Wire pc_next_logic.\pc_plus4 [2] is used but has no driver.
Warning: Wire pc_next_logic.\pc_plus4 [1] is used but has no driver.
Warning: Wire pc_next_logic.\pc_plus4 [0] is used but has no driver.
Warning: Wire pc_next_logic.\pc_next [31] is used but has no driver.
Warning: Wire pc_next_logic.\pc_next [30] is used but has no driver.
Warning: Wire pc_next_logic.\pc_next [29] is used but has no driver.
Warning: Wire pc_next_logic.\pc_next [28] is used but has no driver.
Warning: Wire pc_next_logic.\pc_next [27] is used but has no driver.
Warning: Wire pc_next_logic.\pc_next [26] is used but has no driver.
Warning: Wire pc_next_logic.\pc_next [25] is used but has no driver.
Warning: Wire pc_next_logic.\pc_next [24] is used but has no driver.
Warning: Wire pc_next_logic.\pc_next [23] is used but has no driver.
Warning: Wire pc_next_logic.\pc_next [22] is used but has no driver.
Warning: Wire pc_next_logic.\pc_next [21] is used but has no driver.
Warning: Wire pc_next_logic.\pc_next [20] is used but has no driver.
Warning: Wire pc_next_logic.\pc_next [19] is used but has no driver.
Warning: Wire pc_next_logic.\pc_next [18] is used but has no driver.
Warning: Wire pc_next_logic.\pc_next [17] is used but has no driver.
Warning: Wire pc_next_logic.\pc_next [16] is used but has no driver.
Warning: Wire pc_next_logic.\pc_next [15] is used but has no driver.
Warning: Wire pc_next_logic.\pc_next [14] is used but has no driver.
Warning: Wire pc_next_logic.\pc_next [13] is used but has no driver.
Warning: Wire pc_next_logic.\pc_next [12] is used but has no driver.
Warning: Wire pc_next_logic.\pc_next [11] is used but has no driver.
Warning: Wire pc_next_logic.\pc_next [10] is used but has no driver.
Warning: Wire pc_next_logic.\pc_next [9] is used but has no driver.
Warning: Wire pc_next_logic.\pc_next [8] is used but has no driver.
Warning: Wire pc_next_logic.\pc_next [7] is used but has no driver.
Warning: Wire pc_next_logic.\pc_next [6] is used but has no driver.
Warning: Wire pc_next_logic.\pc_next [5] is used but has no driver.
Warning: Wire pc_next_logic.\pc_next [4] is used but has no driver.
Warning: Wire pc_next_logic.\pc_next [3] is used but has no driver.
Warning: Wire pc_next_logic.\pc_next [2] is used but has no driver.
Warning: Wire pc_next_logic.\pc_next [1] is used but has no driver.
Warning: Wire pc_next_logic.\pc_next [0] is used but has no driver.
Checking module pc_reg...
Warning: Wire pc_reg.\pc_current [31] is used but has no driver.
Warning: Wire pc_reg.\pc_current [30] is used but has no driver.
Warning: Wire pc_reg.\pc_current [29] is used but has no driver.
Warning: Wire pc_reg.\pc_current [28] is used but has no driver.
Warning: Wire pc_reg.\pc_current [27] is used but has no driver.
Warning: Wire pc_reg.\pc_current [26] is used but has no driver.
Warning: Wire pc_reg.\pc_current [25] is used but has no driver.
Warning: Wire pc_reg.\pc_current [24] is used but has no driver.
Warning: Wire pc_reg.\pc_current [23] is used but has no driver.
Warning: Wire pc_reg.\pc_current [22] is used but has no driver.
Warning: Wire pc_reg.\pc_current [21] is used but has no driver.
Warning: Wire pc_reg.\pc_current [20] is used but has no driver.
Warning: Wire pc_reg.\pc_current [19] is used but has no driver.
Warning: Wire pc_reg.\pc_current [18] is used but has no driver.
Warning: Wire pc_reg.\pc_current [17] is used but has no driver.
Warning: Wire pc_reg.\pc_current [16] is used but has no driver.
Warning: Wire pc_reg.\pc_current [15] is used but has no driver.
Warning: Wire pc_reg.\pc_current [14] is used but has no driver.
Warning: Wire pc_reg.\pc_current [13] is used but has no driver.
Warning: Wire pc_reg.\pc_current [12] is used but has no driver.
Warning: Wire pc_reg.\pc_current [11] is used but has no driver.
Warning: Wire pc_reg.\pc_current [10] is used but has no driver.
Warning: Wire pc_reg.\pc_current [9] is used but has no driver.
Warning: Wire pc_reg.\pc_current [8] is used but has no driver.
Warning: Wire pc_reg.\pc_current [7] is used but has no driver.
Warning: Wire pc_reg.\pc_current [6] is used but has no driver.
Warning: Wire pc_reg.\pc_current [5] is used but has no driver.
Warning: Wire pc_reg.\pc_current [4] is used but has no driver.
Warning: Wire pc_reg.\pc_current [3] is used but has no driver.
Warning: Wire pc_reg.\pc_current [2] is used but has no driver.
Warning: Wire pc_reg.\pc_current [1] is used but has no driver.
Warning: Wire pc_reg.\pc_current [0] is used but has no driver.
Checking module regfile...
Warning: Wire regfile.\rd2 [31] is used but has no driver.
Warning: Wire regfile.\rd2 [30] is used but has no driver.
Warning: Wire regfile.\rd2 [29] is used but has no driver.
Warning: Wire regfile.\rd2 [28] is used but has no driver.
Warning: Wire regfile.\rd2 [27] is used but has no driver.
Warning: Wire regfile.\rd2 [26] is used but has no driver.
Warning: Wire regfile.\rd2 [25] is used but has no driver.
Warning: Wire regfile.\rd2 [24] is used but has no driver.
Warning: Wire regfile.\rd2 [23] is used but has no driver.
Warning: Wire regfile.\rd2 [22] is used but has no driver.
Warning: Wire regfile.\rd2 [21] is used but has no driver.
Warning: Wire regfile.\rd2 [20] is used but has no driver.
Warning: Wire regfile.\rd2 [19] is used but has no driver.
Warning: Wire regfile.\rd2 [18] is used but has no driver.
Warning: Wire regfile.\rd2 [17] is used but has no driver.
Warning: Wire regfile.\rd2 [16] is used but has no driver.
Warning: Wire regfile.\rd2 [15] is used but has no driver.
Warning: Wire regfile.\rd2 [14] is used but has no driver.
Warning: Wire regfile.\rd2 [13] is used but has no driver.
Warning: Wire regfile.\rd2 [12] is used but has no driver.
Warning: Wire regfile.\rd2 [11] is used but has no driver.
Warning: Wire regfile.\rd2 [10] is used but has no driver.
Warning: Wire regfile.\rd2 [9] is used but has no driver.
Warning: Wire regfile.\rd2 [8] is used but has no driver.
Warning: Wire regfile.\rd2 [7] is used but has no driver.
Warning: Wire regfile.\rd2 [6] is used but has no driver.
Warning: Wire regfile.\rd2 [5] is used but has no driver.
Warning: Wire regfile.\rd2 [4] is used but has no driver.
Warning: Wire regfile.\rd2 [3] is used but has no driver.
Warning: Wire regfile.\rd2 [2] is used but has no driver.
Warning: Wire regfile.\rd2 [1] is used but has no driver.
Warning: Wire regfile.\rd2 [0] is used but has no driver.
Warning: Wire regfile.\rd1 [31] is used but has no driver.
Warning: Wire regfile.\rd1 [30] is used but has no driver.
Warning: Wire regfile.\rd1 [29] is used but has no driver.
Warning: Wire regfile.\rd1 [28] is used but has no driver.
Warning: Wire regfile.\rd1 [27] is used but has no driver.
Warning: Wire regfile.\rd1 [26] is used but has no driver.
Warning: Wire regfile.\rd1 [25] is used but has no driver.
Warning: Wire regfile.\rd1 [24] is used but has no driver.
Warning: Wire regfile.\rd1 [23] is used but has no driver.
Warning: Wire regfile.\rd1 [22] is used but has no driver.
Warning: Wire regfile.\rd1 [21] is used but has no driver.
Warning: Wire regfile.\rd1 [20] is used but has no driver.
Warning: Wire regfile.\rd1 [19] is used but has no driver.
Warning: Wire regfile.\rd1 [18] is used but has no driver.
Warning: Wire regfile.\rd1 [17] is used but has no driver.
Warning: Wire regfile.\rd1 [16] is used but has no driver.
Warning: Wire regfile.\rd1 [15] is used but has no driver.
Warning: Wire regfile.\rd1 [14] is used but has no driver.
Warning: Wire regfile.\rd1 [13] is used but has no driver.
Warning: Wire regfile.\rd1 [12] is used but has no driver.
Warning: Wire regfile.\rd1 [11] is used but has no driver.
Warning: Wire regfile.\rd1 [10] is used but has no driver.
Warning: Wire regfile.\rd1 [9] is used but has no driver.
Warning: Wire regfile.\rd1 [8] is used but has no driver.
Warning: Wire regfile.\rd1 [7] is used but has no driver.
Warning: Wire regfile.\rd1 [6] is used but has no driver.
Warning: Wire regfile.\rd1 [5] is used but has no driver.
Warning: Wire regfile.\rd1 [4] is used but has no driver.
Warning: Wire regfile.\rd1 [3] is used but has no driver.
Warning: Wire regfile.\rd1 [2] is used but has no driver.
Warning: Wire regfile.\rd1 [1] is used but has no driver.
Warning: Wire regfile.\rd1 [0] is used but has no driver.
Warning: Wire regfile.$auto$hilomap.cc:39:hilomap_worker$15767 is used but has no driver.
Warning: Wire regfile.$auto$hilomap.cc:39:hilomap_worker$15765 is used but has no driver.
Warning: Wire regfile.$auto$hilomap.cc:39:hilomap_worker$15763 is used but has no driver.
Warning: Wire regfile.$auto$hilomap.cc:39:hilomap_worker$15761 is used but has no driver.
Warning: Wire regfile.$auto$hilomap.cc:47:hilomap_worker$15759 is used but has no driver.
Warning: Wire regfile.$auto$hilomap.cc:47:hilomap_worker$15757 is used but has no driver.
Warning: Wire regfile.$auto$hilomap.cc:47:hilomap_worker$15755 is used but has no driver.
Warning: Wire regfile.$auto$hilomap.cc:47:hilomap_worker$15753 is used but has no driver.
Warning: Wire regfile.$auto$hilomap.cc:47:hilomap_worker$15751 is used but has no driver.
Warning: Wire regfile.$auto$hilomap.cc:47:hilomap_worker$15749 is used but has no driver.
Warning: Wire regfile.$auto$hilomap.cc:47:hilomap_worker$15747 is used but has no driver.
Warning: Wire regfile.$auto$hilomap.cc:39:hilomap_worker$15745 is used but has no driver.
Warning: Wire regfile.$auto$hilomap.cc:39:hilomap_worker$15743 is used but has no driver.
Warning: Wire regfile.$auto$hilomap.cc:39:hilomap_worker$15741 is used but has no driver.
Warning: Wire regfile.$auto$hilomap.cc:39:hilomap_worker$15739 is used but has no driver.
Warning: Wire regfile.$auto$hilomap.cc:47:hilomap_worker$15737 is used but has no driver.
Warning: Wire regfile.$abc$11922$not$/home/prabhat/Work_Ubuntu/RV32I_Single-Cycle_32-bit_RISC-V_Processor/openlane/riscv32_singlecycle_top/../../src/regfile.v:105$14_Y is used but has no driver.
Warning: Wire regfile.$auto$hilomap.cc:47:hilomap_worker$15735 is used but has no driver.
Warning: Wire regfile.$auto$hilomap.cc:47:hilomap_worker$15733 is used but has no driver.
Warning: Wire regfile.$auto$hilomap.cc:47:hilomap_worker$15731 is used but has no driver.
Warning: Wire regfile.$auto$hilomap.cc:47:hilomap_worker$15729 is used but has no driver.
Warning: Wire regfile.$auto$hilomap.cc:47:hilomap_worker$15727 is used but has no driver.
Warning: Wire regfile.$auto$hilomap.cc:47:hilomap_worker$15725 is used but has no driver.
Checking module riscv32_singlecycle_top...
Warning: Wire riscv32_singlecycle_top.\pc_plus_imm_u[31] is used but has no driver.
Warning: Wire riscv32_singlecycle_top.\pc_plus_imm_u[30] is used but has no driver.
Warning: Wire riscv32_singlecycle_top.\pc_plus_imm_u[29] is used but has no driver.
Warning: Wire riscv32_singlecycle_top.\pc_plus_imm_u[28] is used but has no driver.
Warning: Wire riscv32_singlecycle_top.\pc_plus_imm_u[27] is used but has no driver.
Warning: Wire riscv32_singlecycle_top.\pc_plus_imm_u[26] is used but has no driver.
Warning: Wire riscv32_singlecycle_top.\pc_plus_imm_u[25] is used but has no driver.
Warning: Wire riscv32_singlecycle_top.\pc_plus_imm_u[24] is used but has no driver.
Warning: Wire riscv32_singlecycle_top.\pc_plus_imm_u[23] is used but has no driver.
Warning: Wire riscv32_singlecycle_top.\pc_plus_imm_u[22] is used but has no driver.
Warning: Wire riscv32_singlecycle_top.\pc_plus_imm_u[21] is used but has no driver.
Warning: Wire riscv32_singlecycle_top.\pc_plus_imm_u[20] is used but has no driver.
Warning: Wire riscv32_singlecycle_top.\pc_plus_imm_u[19] is used but has no driver.
Warning: Wire riscv32_singlecycle_top.\pc_plus_imm_u[18] is used but has no driver.
Warning: Wire riscv32_singlecycle_top.\pc_plus_imm_u[17] is used but has no driver.
Warning: Wire riscv32_singlecycle_top.\pc_plus_imm_u[16] is used but has no driver.
Warning: Wire riscv32_singlecycle_top.\pc_plus_imm_u[15] is used but has no driver.
Warning: Wire riscv32_singlecycle_top.\pc_plus_imm_u[14] is used but has no driver.
Warning: Wire riscv32_singlecycle_top.\pc_plus_imm_u[13] is used but has no driver.
Warning: Wire riscv32_singlecycle_top.\pc_plus_imm_u[12] is used but has no driver.
Warning: Wire riscv32_singlecycle_top.\pc_plus_imm_u[11] is used but has no driver.
Warning: Wire riscv32_singlecycle_top.\pc_plus_imm_u[10] is used but has no driver.
Warning: Wire riscv32_singlecycle_top.\pc_plus_imm_u[9] is used but has no driver.
Warning: Wire riscv32_singlecycle_top.\pc_plus_imm_u[8] is used but has no driver.
Warning: Wire riscv32_singlecycle_top.\pc_plus_imm_u[7] is used but has no driver.
Warning: Wire riscv32_singlecycle_top.\pc_plus_imm_u[6] is used but has no driver.
Warning: Wire riscv32_singlecycle_top.\pc_plus_imm_u[5] is used but has no driver.
Warning: Wire riscv32_singlecycle_top.\pc_plus_imm_u[4] is used but has no driver.
Warning: Wire riscv32_singlecycle_top.\pc_plus_imm_u[3] is used but has no driver.
Warning: Wire riscv32_singlecycle_top.\pc_plus_imm_u[2] is used but has no driver.
Warning: Wire riscv32_singlecycle_top.\pc_plus_imm_u[1] is used but has no driver.
Warning: Wire riscv32_singlecycle_top.\pc_plus_imm_u[0] is used but has no driver.
Warning: Wire riscv32_singlecycle_top.\alu_in_b[31] is used but has no driver.
Warning: Wire riscv32_singlecycle_top.\alu_in_b[30] is used but has no driver.
Warning: Wire riscv32_singlecycle_top.\alu_in_b[29] is used but has no driver.
Warning: Wire riscv32_singlecycle_top.\alu_in_b[28] is used but has no driver.
Warning: Wire riscv32_singlecycle_top.\alu_in_b[27] is used but has no driver.
Warning: Wire riscv32_singlecycle_top.\alu_in_b[26] is used but has no driver.
Warning: Wire riscv32_singlecycle_top.\alu_in_b[25] is used but has no driver.
Warning: Wire riscv32_singlecycle_top.\alu_in_b[24] is used but has no driver.
Warning: Wire riscv32_singlecycle_top.\alu_in_b[23] is used but has no driver.
Warning: Wire riscv32_singlecycle_top.\alu_in_b[22] is used but has no driver.
Warning: Wire riscv32_singlecycle_top.\alu_in_b[21] is used but has no driver.
Warning: Wire riscv32_singlecycle_top.\alu_in_b[20] is used but has no driver.
Warning: Wire riscv32_singlecycle_top.\alu_in_b[19] is used but has no driver.
Warning: Wire riscv32_singlecycle_top.\alu_in_b[18] is used but has no driver.
Warning: Wire riscv32_singlecycle_top.\alu_in_b[17] is used but has no driver.
Warning: Wire riscv32_singlecycle_top.\alu_in_b[16] is used but has no driver.
Warning: Wire riscv32_singlecycle_top.\alu_in_b[15] is used but has no driver.
Warning: Wire riscv32_singlecycle_top.\alu_in_b[14] is used but has no driver.
Warning: Wire riscv32_singlecycle_top.\alu_in_b[13] is used but has no driver.
Warning: Wire riscv32_singlecycle_top.\alu_in_b[12] is used but has no driver.
Warning: Wire riscv32_singlecycle_top.\alu_in_b[11] is used but has no driver.
Warning: Wire riscv32_singlecycle_top.\alu_in_b[10] is used but has no driver.
Warning: Wire riscv32_singlecycle_top.\alu_in_b[9] is used but has no driver.
Warning: Wire riscv32_singlecycle_top.\alu_in_b[8] is used but has no driver.
Warning: Wire riscv32_singlecycle_top.\alu_in_b[7] is used but has no driver.
Warning: Wire riscv32_singlecycle_top.\alu_in_b[6] is used but has no driver.
Warning: Wire riscv32_singlecycle_top.\alu_in_b[5] is used but has no driver.
Warning: Wire riscv32_singlecycle_top.\alu_in_b[4] is used but has no driver.
Warning: Wire riscv32_singlecycle_top.\alu_in_b[3] is used but has no driver.
Warning: Wire riscv32_singlecycle_top.\alu_in_b[2] is used but has no driver.
Warning: Wire riscv32_singlecycle_top.\alu_in_b[1] is used but has no driver.
Warning: Wire riscv32_singlecycle_top.\alu_in_b[0] is used but has no driver.
Warning: Wire riscv32_singlecycle_top.\alu_in_a[31] is used but has no driver.
Warning: Wire riscv32_singlecycle_top.\alu_in_a[30] is used but has no driver.
Warning: Wire riscv32_singlecycle_top.\alu_in_a[29] is used but has no driver.
Warning: Wire riscv32_singlecycle_top.\alu_in_a[28] is used but has no driver.
Warning: Wire riscv32_singlecycle_top.\alu_in_a[27] is used but has no driver.
Warning: Wire riscv32_singlecycle_top.\alu_in_a[26] is used but has no driver.
Warning: Wire riscv32_singlecycle_top.\alu_in_a[25] is used but has no driver.
Warning: Wire riscv32_singlecycle_top.\alu_in_a[24] is used but has no driver.
Warning: Wire riscv32_singlecycle_top.\alu_in_a[23] is used but has no driver.
Warning: Wire riscv32_singlecycle_top.\alu_in_a[22] is used but has no driver.
Warning: Wire riscv32_singlecycle_top.\alu_in_a[21] is used but has no driver.
Warning: Wire riscv32_singlecycle_top.\alu_in_a[20] is used but has no driver.
Warning: Wire riscv32_singlecycle_top.\alu_in_a[19] is used but has no driver.
Warning: Wire riscv32_singlecycle_top.\alu_in_a[18] is used but has no driver.
Warning: Wire riscv32_singlecycle_top.\alu_in_a[17] is used but has no driver.
Warning: Wire riscv32_singlecycle_top.\alu_in_a[16] is used but has no driver.
Warning: Wire riscv32_singlecycle_top.\alu_in_a[15] is used but has no driver.
Warning: Wire riscv32_singlecycle_top.\alu_in_a[14] is used but has no driver.
Warning: Wire riscv32_singlecycle_top.\alu_in_a[13] is used but has no driver.
Warning: Wire riscv32_singlecycle_top.\alu_in_a[12] is used but has no driver.
Warning: Wire riscv32_singlecycle_top.\alu_in_a[11] is used but has no driver.
Warning: Wire riscv32_singlecycle_top.\alu_in_a[10] is used but has no driver.
Warning: Wire riscv32_singlecycle_top.\alu_in_a[9] is used but has no driver.
Warning: Wire riscv32_singlecycle_top.\alu_in_a[8] is used but has no driver.
Warning: Wire riscv32_singlecycle_top.\alu_in_a[7] is used but has no driver.
Warning: Wire riscv32_singlecycle_top.\alu_in_a[6] is used but has no driver.
Warning: Wire riscv32_singlecycle_top.\alu_in_a[5] is used but has no driver.
Warning: Wire riscv32_singlecycle_top.\alu_in_a[4] is used but has no driver.
Warning: Wire riscv32_singlecycle_top.\alu_in_a[3] is used but has no driver.
Warning: Wire riscv32_singlecycle_top.\alu_in_a[2] is used but has no driver.
Warning: Wire riscv32_singlecycle_top.\alu_in_a[1] is used but has no driver.
Warning: Wire riscv32_singlecycle_top.\alu_in_a[0] is used but has no driver.
Checking module wb_mux...
Warning: Wire wb_mux.\wb_data [31] is used but has no driver.
Warning: Wire wb_mux.\wb_data [30] is used but has no driver.
Warning: Wire wb_mux.\wb_data [29] is used but has no driver.
Warning: Wire wb_mux.\wb_data [28] is used but has no driver.
Warning: Wire wb_mux.\wb_data [27] is used but has no driver.
Warning: Wire wb_mux.\wb_data [26] is used but has no driver.
Warning: Wire wb_mux.\wb_data [25] is used but has no driver.
Warning: Wire wb_mux.\wb_data [24] is used but has no driver.
Warning: Wire wb_mux.\wb_data [23] is used but has no driver.
Warning: Wire wb_mux.\wb_data [22] is used but has no driver.
Warning: Wire wb_mux.\wb_data [21] is used but has no driver.
Warning: Wire wb_mux.\wb_data [20] is used but has no driver.
Warning: Wire wb_mux.\wb_data [19] is used but has no driver.
Warning: Wire wb_mux.\wb_data [18] is used but has no driver.
Warning: Wire wb_mux.\wb_data [17] is used but has no driver.
Warning: Wire wb_mux.\wb_data [16] is used but has no driver.
Warning: Wire wb_mux.\wb_data [15] is used but has no driver.
Warning: Wire wb_mux.\wb_data [14] is used but has no driver.
Warning: Wire wb_mux.\wb_data [13] is used but has no driver.
Warning: Wire wb_mux.\wb_data [12] is used but has no driver.
Warning: Wire wb_mux.\wb_data [11] is used but has no driver.
Warning: Wire wb_mux.\wb_data [10] is used but has no driver.
Warning: Wire wb_mux.\wb_data [9] is used but has no driver.
Warning: Wire wb_mux.\wb_data [8] is used but has no driver.
Warning: Wire wb_mux.\wb_data [7] is used but has no driver.
Warning: Wire wb_mux.\wb_data [6] is used but has no driver.
Warning: Wire wb_mux.\wb_data [5] is used but has no driver.
Warning: Wire wb_mux.\wb_data [4] is used but has no driver.
Warning: Wire wb_mux.\wb_data [3] is used but has no driver.
Warning: Wire wb_mux.\wb_data [2] is used but has no driver.
Warning: Wire wb_mux.\wb_data [1] is used but has no driver.
Warning: Wire wb_mux.\wb_data [0] is used but has no driver.
Found and reported 619 problems.

73. Printing statistics.

=== $paramod\dmem\DEPTH=s32'00000000000000000000000100000000 ===

   Number of wires:                 88
   Number of wire bits:            181
   Number of public wires:          40
   Number of public wire bits:     133
   Number of memories:               0
   Number of memory bits:            0
   Number of processes:              0
   Number of cells:                 83
     sky130_fd_sc_hd__and2_2        32
     sky130_fd_sc_hd__buf_1         35
     sky130_fd_sc_hd__conb_1        13
     sky130_fd_sc_hd__inv_2          1
     sky130_fd_sc_hd__nor2_2         1
     sky130_sram_1kbyte_1rw1r_32x256_8      1

   Chip area for module '$paramod\dmem\DEPTH=s32'00000000000000000000000100000000': 191142.962800

=== $paramod\imem\MEM_DEPTH_WORDS=s32'00000000000000000000000100000000 ===

   Number of wires:                 50
   Number of wire bits:            112
   Number of public wires:           3
   Number of public wire bits:      65
   Number of memories:               0
   Number of memory bits:            0
   Number of processes:              0
   Number of cells:                 48
     sky130_fd_sc_hd__conb_1        47
     sky130_sram_1kbyte_1rw1r_32x256_8      1

   Chip area for module '$paramod\imem\MEM_DEPTH_WORDS=s32'00000000000000000000000100000000': 190888.969200

=== alu ===

   Number of wires:               1125
   Number of wire bits:           1221
   Number of public wires:           8
   Number of public wire bits:     104
   Number of memories:               0
   Number of memory bits:            0
   Number of processes:              0
   Number of cells:               1153
     sky130_fd_sc_hd__a2111o_2       1
     sky130_fd_sc_hd__a211o_2       25
     sky130_fd_sc_hd__a211oi_2       4
     sky130_fd_sc_hd__a21bo_2        4
     sky130_fd_sc_hd__a21boi_2       3
     sky130_fd_sc_hd__a21o_2        53
     sky130_fd_sc_hd__a21oi_2       62
     sky130_fd_sc_hd__a221o_2        8
     sky130_fd_sc_hd__a221oi_2       1
     sky130_fd_sc_hd__a22o_2        19
     sky130_fd_sc_hd__a22oi_2        2
     sky130_fd_sc_hd__a2bb2o_2       6
     sky130_fd_sc_hd__a311o_2        7
     sky130_fd_sc_hd__a311oi_2       1
     sky130_fd_sc_hd__a31o_2        47
     sky130_fd_sc_hd__a31oi_2        2
     sky130_fd_sc_hd__a32o_2         2
     sky130_fd_sc_hd__and2_2        36
     sky130_fd_sc_hd__and2b_2       15
     sky130_fd_sc_hd__and3_2        16
     sky130_fd_sc_hd__and3b_2        4
     sky130_fd_sc_hd__and4_2         2
     sky130_fd_sc_hd__and4b_2        2
     sky130_fd_sc_hd__and4bb_2       3
     sky130_fd_sc_hd__buf_1        103
     sky130_fd_sc_hd__buf_2          1
     sky130_fd_sc_hd__inv_2         26
     sky130_fd_sc_hd__mux2_2        59
     sky130_fd_sc_hd__mux4_2        79
     sky130_fd_sc_hd__nand2_2       95
     sky130_fd_sc_hd__nand2b_2       3
     sky130_fd_sc_hd__nand3_2       15
     sky130_fd_sc_hd__nand4_2        2
     sky130_fd_sc_hd__nand4b_2       1
     sky130_fd_sc_hd__nor2_2        92
     sky130_fd_sc_hd__nor2b_2        1
     sky130_fd_sc_hd__nor3_2         6
     sky130_fd_sc_hd__nor4_2         1
     sky130_fd_sc_hd__nor4b_2        1
     sky130_fd_sc_hd__o2111a_2       1
     sky130_fd_sc_hd__o2111ai_2      3
     sky130_fd_sc_hd__o211a_2       18
     sky130_fd_sc_hd__o211ai_2       5
     sky130_fd_sc_hd__o21a_2        26
     sky130_fd_sc_hd__o21ai_2       38
     sky130_fd_sc_hd__o21ba_2        5
     sky130_fd_sc_hd__o21bai_2       4
     sky130_fd_sc_hd__o221a_2       14
     sky130_fd_sc_hd__o221ai_2       2
     sky130_fd_sc_hd__o22a_2         5
     sky130_fd_sc_hd__o22ai_2        1
     sky130_fd_sc_hd__o2bb2a_2       7
     sky130_fd_sc_hd__o311a_2        2
     sky130_fd_sc_hd__o31a_2         6
     sky130_fd_sc_hd__o31ai_2        5
     sky130_fd_sc_hd__o32a_2         2
     sky130_fd_sc_hd__o41a_2         5
     sky130_fd_sc_hd__or2_2         74
     sky130_fd_sc_hd__or2b_2        14
     sky130_fd_sc_hd__or3_2         19
     sky130_fd_sc_hd__or3b_2         9
     sky130_fd_sc_hd__or4_2         24
     sky130_fd_sc_hd__or4b_2         8
     sky130_fd_sc_hd__or4bb_2        4
     sky130_fd_sc_hd__xnor2_2       29
     sky130_fd_sc_hd__xor2_2        13

   Chip area for module '\alu': 10737.798400

=== alu_control ===

   Number of wires:                 15
   Number of wire bits:             27
   Number of public wires:           4
   Number of public wire bits:      16
   Number of memories:               0
   Number of memory bits:            0
   Number of processes:              0
   Number of cells:                 15
     sky130_fd_sc_hd__a31o_2         1
     sky130_fd_sc_hd__and2_2         1
     sky130_fd_sc_hd__and2b_2        2
     sky130_fd_sc_hd__and3_2         1
     sky130_fd_sc_hd__and4b_2        1
     sky130_fd_sc_hd__buf_1          3
     sky130_fd_sc_hd__mux2_2         1
     sky130_fd_sc_hd__o21ai_2        2
     sky130_fd_sc_hd__or3_2          1
     sky130_fd_sc_hd__or3b_2         2

   Chip area for module '\alu_control': 117.612800

=== branch_unit ===

   Number of wires:                121
   Number of wire bits:            185
   Number of public wires:           4
   Number of public wire bits:      68
   Number of memories:               0
   Number of memory bits:            0
   Number of processes:              0
   Number of cells:                118
     sky130_fd_sc_hd__a211o_2        2
     sky130_fd_sc_hd__a21bo_2        1
     sky130_fd_sc_hd__a21boi_2       1
     sky130_fd_sc_hd__a21o_2         5
     sky130_fd_sc_hd__a21oi_2        1
     sky130_fd_sc_hd__a221o_2        1
     sky130_fd_sc_hd__a22o_2        10
     sky130_fd_sc_hd__a22oi_2        1
     sky130_fd_sc_hd__a2bb2o_2       1
     sky130_fd_sc_hd__a31o_2         2
     sky130_fd_sc_hd__a32o_2         1
     sky130_fd_sc_hd__and2_2         1
     sky130_fd_sc_hd__and2b_2        5
     sky130_fd_sc_hd__and3_2         4
     sky130_fd_sc_hd__and4_2         4
     sky130_fd_sc_hd__and4bb_2       3
     sky130_fd_sc_hd__inv_2         27
     sky130_fd_sc_hd__mux2_2         1
     sky130_fd_sc_hd__nand2_2        3
     sky130_fd_sc_hd__nand3_2        1
     sky130_fd_sc_hd__nand4_2        1
     sky130_fd_sc_hd__nor2_2         6
     sky130_fd_sc_hd__nor3b_2        1
     sky130_fd_sc_hd__nor4b_2        1
     sky130_fd_sc_hd__o2111a_2       2
     sky130_fd_sc_hd__o21ai_2        5
     sky130_fd_sc_hd__o21ba_2        1
     sky130_fd_sc_hd__o221a_2        1
     sky130_fd_sc_hd__o221ai_2       1
     sky130_fd_sc_hd__o22a_2         6
     sky130_fd_sc_hd__o2bb2a_2       3
     sky130_fd_sc_hd__or2_2          1
     sky130_fd_sc_hd__or2b_2        13
     sky130_fd_sc_hd__xnor2_2        1

   Chip area for module '\branch_unit': 970.931200

=== decoder_controller ===

   Number of wires:                 25
   Number of wire bits:             42
   Number of public wires:          13
   Number of public wire bits:      30
   Number of memories:               0
   Number of memory bits:            0
   Number of processes:              0
   Number of cells:                 25
     sky130_fd_sc_hd__a21o_2         1
     sky130_fd_sc_hd__a21oi_2        2
     sky130_fd_sc_hd__and3b_2        1
     sky130_fd_sc_hd__buf_1          3
     sky130_fd_sc_hd__nand2_2        1
     sky130_fd_sc_hd__nand3b_2       1
     sky130_fd_sc_hd__nand4_2        1
     sky130_fd_sc_hd__nand4b_2       1
     sky130_fd_sc_hd__nor2_2         7
     sky130_fd_sc_hd__nor3b_2        1
     sky130_fd_sc_hd__o31a_2         1
     sky130_fd_sc_hd__o32ai_2        1
     sky130_fd_sc_hd__or3_2          1
     sky130_fd_sc_hd__or3b_2         1
     sky130_fd_sc_hd__or4_2          1
     sky130_fd_sc_hd__or4bb_2        1

   Chip area for module '\decoder_controller': 212.704000

=== imm_gen ===

   Number of wires:                  6
   Number of wire bits:            192
   Number of public wires:           6
   Number of public wire bits:     192
   Number of memories:               0
   Number of memory bits:            0
   Number of processes:              0
   Number of cells:                160
     sky130_fd_sc_hd__buf_2        146
     sky130_fd_sc_hd__conb_1        14

   Chip area for module '\imm_gen': 783.251200

=== pc_next_logic ===

   Number of wires:                782
   Number of wire bits:            999
   Number of public wires:          11
   Number of public wire bits:     228
   Number of memories:               0
   Number of memory bits:            0
   Number of processes:              0
   Number of cells:                835
     sky130_fd_sc_hd__a2111o_2       3
     sky130_fd_sc_hd__a2111oi_2      1
     sky130_fd_sc_hd__a211o_2       11
     sky130_fd_sc_hd__a21bo_2        5
     sky130_fd_sc_hd__a21boi_2       8
     sky130_fd_sc_hd__a21o_2        37
     sky130_fd_sc_hd__a21oi_2       43
     sky130_fd_sc_hd__a221o_2        6
     sky130_fd_sc_hd__a22o_2        11
     sky130_fd_sc_hd__a22oi_2        1
     sky130_fd_sc_hd__a2bb2o_2       3
     sky130_fd_sc_hd__a311o_2        1
     sky130_fd_sc_hd__a31o_2        30
     sky130_fd_sc_hd__a31oi_2        2
     sky130_fd_sc_hd__a32o_2         1
     sky130_fd_sc_hd__a41o_2         1
     sky130_fd_sc_hd__and2_2        39
     sky130_fd_sc_hd__and2b_2        7
     sky130_fd_sc_hd__and3_2        15
     sky130_fd_sc_hd__and3b_2        3
     sky130_fd_sc_hd__and4_2         8
     sky130_fd_sc_hd__and4bb_2       1
     sky130_fd_sc_hd__buf_1         34
     sky130_fd_sc_hd__buf_2          2
     sky130_fd_sc_hd__inv_2         18
     sky130_fd_sc_hd__mux2_2        29
     sky130_fd_sc_hd__nand2_2      147
     sky130_fd_sc_hd__nand3_2        5
     sky130_fd_sc_hd__nand4_2        1
     sky130_fd_sc_hd__nor2_2        74
     sky130_fd_sc_hd__nor3_2         2
     sky130_fd_sc_hd__nor4_2         1
     sky130_fd_sc_hd__o2111ai_2      2
     sky130_fd_sc_hd__o211a_2       14
     sky130_fd_sc_hd__o211ai_2       1
     sky130_fd_sc_hd__o21a_2        30
     sky130_fd_sc_hd__o21ai_2       26
     sky130_fd_sc_hd__o21ba_2        5
     sky130_fd_sc_hd__o21bai_2       1
     sky130_fd_sc_hd__o221a_2        5
     sky130_fd_sc_hd__o22a_2         7
     sky130_fd_sc_hd__o2bb2a_2       3
     sky130_fd_sc_hd__o311a_2        1
     sky130_fd_sc_hd__o31a_2         1
     sky130_fd_sc_hd__o31ai_2        2
     sky130_fd_sc_hd__o32a_2         1
     sky130_fd_sc_hd__or2_2         84
     sky130_fd_sc_hd__or2b_2        14
     sky130_fd_sc_hd__or3_2         11
     sky130_fd_sc_hd__or3b_2         1
     sky130_fd_sc_hd__or4_2          3
     sky130_fd_sc_hd__or4bb_2        1
     sky130_fd_sc_hd__xnor2_2       40
     sky130_fd_sc_hd__xor2_2        32

   Chip area for module '\pc_next_logic': 7049.260800

=== pc_reg ===

   Number of wires:                 71
   Number of wire bits:            133
   Number of public wires:           4
   Number of public wire bits:      66
   Number of memories:               0
   Number of memory bits:            0
   Number of processes:              0
   Number of cells:                 99
     sky130_fd_sc_hd__and2_2        32
     sky130_fd_sc_hd__buf_1         35
     sky130_fd_sc_hd__dfxtp_2       32

   Chip area for module '\pc_reg': 1052.259200

=== regfile ===

   Number of wires:                113
   Number of wire bits:            218
   Number of public wires:          73
   Number of public wire bits:     178
   Number of memories:               0
   Number of memory bits:            0
   Number of processes:              0
   Number of cells:                106
     sky130_fd_sc_hd__a21boi_2      64
     sky130_fd_sc_hd__buf_1         12
     sky130_fd_sc_hd__conb_1        22
     sky130_fd_sc_hd__nor2_2         2
     sky130_fd_sc_hd__nor3_2         2
     sky130_fd_sc_hd__o211ai_2       1
     sky130_fd_sc_hd__or4_2          1
     sky130_sram_1kbyte_1rw1r_32x256_8      2

   Chip area for module '\regfile': 382327.215200

=== riscv32_singlecycle_top ===

   Number of wires:                742
   Number of wire bits:            835
   Number of public wires:         475
   Number of public wire bits:     568
   Number of memories:               0
   Number of memory bits:            0
   Number of processes:              0
   Number of cells:                374
     $paramod\dmem\DEPTH=s32'00000000000000000000000100000000      1
     $paramod\imem\MEM_DEPTH_WORDS=s32'00000000000000000000000100000000      1
     alu                             1
     alu_control                     1
     branch_unit                     1
     decoder_controller              1
     imm_gen                         1
     pc_next_logic                   1
     pc_reg                          1
     regfile                         1
     sky130_fd_sc_hd__a211o_2        4
     sky130_fd_sc_hd__a211oi_2       2
     sky130_fd_sc_hd__a21bo_2        2
     sky130_fd_sc_hd__a21o_2         7
     sky130_fd_sc_hd__a21oi_2       10
     sky130_fd_sc_hd__a22o_2         2
     sky130_fd_sc_hd__a22oi_2        1
     sky130_fd_sc_hd__a311o_2        1
     sky130_fd_sc_hd__a31o_2         3
     sky130_fd_sc_hd__a31oi_2        1
     sky130_fd_sc_hd__and2_2        17
     sky130_fd_sc_hd__and2b_2        5
     sky130_fd_sc_hd__and3_2         3
     sky130_fd_sc_hd__and4b_2        1
     sky130_fd_sc_hd__and4bb_2       3
     sky130_fd_sc_hd__buf_1         75
     sky130_fd_sc_hd__mux2_2        96
     sky130_fd_sc_hd__nand2_2       24
     sky130_fd_sc_hd__nand3_2        1
     sky130_fd_sc_hd__nand4b_2       1
     sky130_fd_sc_hd__nor2_2        29
     sky130_fd_sc_hd__o211a_2        5
     sky130_fd_sc_hd__o211ai_2       1
     sky130_fd_sc_hd__o21a_2         6
     sky130_fd_sc_hd__o21ba_2        1
     sky130_fd_sc_hd__o31a_2         2
     sky130_fd_sc_hd__o31ai_2        1
     sky130_fd_sc_hd__o41a_2         1
     sky130_fd_sc_hd__or2_2         13
     sky130_fd_sc_hd__or2b_2         2
     sky130_fd_sc_hd__or3_2          1
     sky130_fd_sc_hd__or3b_2         1
     sky130_fd_sc_hd__or4_2          2
     sky130_fd_sc_hd__xnor2_2       24
     sky130_fd_sc_hd__xor2_2        15
     wb_mux                          1

   Area for cell type \pc_reg is unknown!
   Area for cell type \decoder_controller is unknown!
   Area for cell type \regfile is unknown!
   Area for cell type \imm_gen is unknown!
   Area for cell type \alu_control is unknown!
   Area for cell type \alu is unknown!
   Area for cell type \branch_unit is unknown!
   Area for cell type \pc_next_logic is unknown!
   Area for cell type \wb_mux is unknown!
   Area for cell type $paramod\dmem\DEPTH=s32'00000000000000000000000100000000 is unknown!
   Area for cell type $paramod\imem\MEM_DEPTH_WORDS=s32'00000000000000000000000100000000 is unknown!

   Chip area for module '\riscv32_singlecycle_top': 3215.584000

=== wb_mux ===

   Number of wires:                 92
   Number of wire bits:            280
   Number of public wires:           7
   Number of public wire bits:     195
   Number of memories:               0
   Number of memory bits:            0
   Number of processes:              0
   Number of cells:                117
     sky130_fd_sc_hd__a211o_2       32
     sky130_fd_sc_hd__a22o_2        64
     sky130_fd_sc_hd__and3b_2        1
     sky130_fd_sc_hd__buf_1         16
     sky130_fd_sc_hd__nor3_2         1
     sky130_fd_sc_hd__nor3b_2        3

   Chip area for module '\wb_mux': 1078.534400

=== design hierarchy ===

   riscv32_singlecycle_top           1
     $paramod\dmem\DEPTH=s32'00000000000000000000000100000000      1
     $paramod\imem\MEM_DEPTH_WORDS=s32'00000000000000000000000100000000      1
     alu                             1
     alu_control                     1
     branch_unit                     1
     decoder_controller              1
     imm_gen                         1
     pc_next_logic                   1
     pc_reg                          1
     regfile                         1
     wb_mux                          1

   Number of wires:               3230
   Number of wire bits:           4425
   Number of public wires:         648
   Number of public wire bits:    1843
   Number of memories:               0
   Number of memory bits:            0
   Number of processes:              0
   Number of cells:               3122
     sky130_fd_sc_hd__a2111o_2       4
     sky130_fd_sc_hd__a2111oi_2      1
     sky130_fd_sc_hd__a211o_2       74
     sky130_fd_sc_hd__a211oi_2       6
     sky130_fd_sc_hd__a21bo_2       12
     sky130_fd_sc_hd__a21boi_2      76
     sky130_fd_sc_hd__a21o_2       103
     sky130_fd_sc_hd__a21oi_2      118
     sky130_fd_sc_hd__a221o_2       15
     sky130_fd_sc_hd__a221oi_2       1
     sky130_fd_sc_hd__a22o_2       106
     sky130_fd_sc_hd__a22oi_2        5
     sky130_fd_sc_hd__a2bb2o_2      10
     sky130_fd_sc_hd__a311o_2        9
     sky130_fd_sc_hd__a311oi_2       1
     sky130_fd_sc_hd__a31o_2        83
     sky130_fd_sc_hd__a31oi_2        5
     sky130_fd_sc_hd__a32o_2         4
     sky130_fd_sc_hd__a41o_2         1
     sky130_fd_sc_hd__and2_2       158
     sky130_fd_sc_hd__and2b_2       34
     sky130_fd_sc_hd__and3_2        39
     sky130_fd_sc_hd__and3b_2        9
     sky130_fd_sc_hd__and4_2        14
     sky130_fd_sc_hd__and4b_2        4
     sky130_fd_sc_hd__and4bb_2      10
     sky130_fd_sc_hd__buf_1        316
     sky130_fd_sc_hd__buf_2        149
     sky130_fd_sc_hd__conb_1        96
     sky130_fd_sc_hd__dfxtp_2       32
     sky130_fd_sc_hd__inv_2         72
     sky130_fd_sc_hd__mux2_2       186
     sky130_fd_sc_hd__mux4_2        79
     sky130_fd_sc_hd__nand2_2      270
     sky130_fd_sc_hd__nand2b_2       3
     sky130_fd_sc_hd__nand3_2       22
     sky130_fd_sc_hd__nand3b_2       1
     sky130_fd_sc_hd__nand4_2        5
     sky130_fd_sc_hd__nand4b_2       3
     sky130_fd_sc_hd__nor2_2       211
     sky130_fd_sc_hd__nor2b_2        1
     sky130_fd_sc_hd__nor3_2        11
     sky130_fd_sc_hd__nor3b_2        5
     sky130_fd_sc_hd__nor4_2         2
     sky130_fd_sc_hd__nor4b_2        2
     sky130_fd_sc_hd__o2111a_2       3
     sky130_fd_sc_hd__o2111ai_2      5
     sky130_fd_sc_hd__o211a_2       37
     sky130_fd_sc_hd__o211ai_2       8
     sky130_fd_sc_hd__o21a_2        62
     sky130_fd_sc_hd__o21ai_2       71
     sky130_fd_sc_hd__o21ba_2       12
     sky130_fd_sc_hd__o21bai_2       5
     sky130_fd_sc_hd__o221a_2       20
     sky130_fd_sc_hd__o221ai_2       3
     sky130_fd_sc_hd__o22a_2        18
     sky130_fd_sc_hd__o22ai_2        1
     sky130_fd_sc_hd__o2bb2a_2      13
     sky130_fd_sc_hd__o311a_2        3
     sky130_fd_sc_hd__o31a_2        10
     sky130_fd_sc_hd__o31ai_2        8
     sky130_fd_sc_hd__o32a_2         3
     sky130_fd_sc_hd__o32ai_2        1
     sky130_fd_sc_hd__o41a_2         6
     sky130_fd_sc_hd__or2_2        172
     sky130_fd_sc_hd__or2b_2        43
     sky130_fd_sc_hd__or3_2         33
     sky130_fd_sc_hd__or3b_2        14
     sky130_fd_sc_hd__or4_2         31
     sky130_fd_sc_hd__or4b_2         8
     sky130_fd_sc_hd__or4bb_2        6
     sky130_fd_sc_hd__xnor2_2       94
     sky130_fd_sc_hd__xor2_2        60
     sky130_sram_1kbyte_1rw1r_32x256_8      4

   Chip area for top module '\riscv32_singlecycle_top': 789577.083200

74. Executing Verilog backend.
Dumping module `$paramod\dmem\DEPTH=s32'00000000000000000000000100000000'.
Dumping module `$paramod\imem\MEM_DEPTH_WORDS=s32'00000000000000000000000100000000'.
Dumping module `\alu'.
Dumping module `\alu_control'.
Dumping module `\branch_unit'.
Dumping module `\decoder_controller'.
Dumping module `\imm_gen'.
Dumping module `\pc_next_logic'.
Dumping module `\pc_reg'.
Dumping module `\regfile'.
Dumping module `\riscv32_singlecycle_top'.
Dumping module `\wb_mux'.
Defining USE_SRAM_MACROS

75. Executing Liberty frontend: /home/prabhat/Work_Ubuntu/RV32I_Single-Cycle_32-bit_RISC-V_Processor/openlane/riscv32_singlecycle_top/runs/rv32i_macro_GDS_flow/tmp/synthesis/1-sky130_fd_sc_hd__tt_025C_1v80.no_pg.lib
Imported 428 cell types from liberty file.

76. Executing Liberty frontend: /home/prabhat/.ciel/sky130A/libs.ref/sky130_sram_macros/lib/sky130_sram_1kbyte_1rw1r_32x256_8_TT_1p8V_25C.lib
Imported 1 cell types from liberty file.

77. Executing Verilog-2005 frontend: /home/prabhat/Work_Ubuntu/RV32I_Single-Cycle_32-bit_RISC-V_Processor/openlane/riscv32_singlecycle_top/../../src/sky130_sram_1kbyte_1rw1r_32x256_8.bb.v
Parsing SystemVerilog input from `/home/prabhat/Work_Ubuntu/RV32I_Single-Cycle_32-bit_RISC-V_Processor/openlane/riscv32_singlecycle_top/../../src/sky130_sram_1kbyte_1rw1r_32x256_8.bb.v' to AST representation.
Replacing existing blackbox module `\sky130_sram_1kbyte_1rw1r_32x256_8' at /home/prabhat/Work_Ubuntu/RV32I_Single-Cycle_32-bit_RISC-V_Processor/openlane/riscv32_singlecycle_top/../../src/sky130_sram_1kbyte_1rw1r_32x256_8.bb.v:1.1-18.10.
Generating RTLIL representation for module `\sky130_sram_1kbyte_1rw1r_32x256_8'.
Successfully finished Verilog frontend.

78. Executing Verilog-2005 frontend: /home/prabhat/Work_Ubuntu/RV32I_Single-Cycle_32-bit_RISC-V_Processor/openlane/riscv32_singlecycle_top/runs/rv32i_macro_GDS_flow/results/synthesis/riscv32_singlecycle_top.v
Parsing SystemVerilog input from `/home/prabhat/Work_Ubuntu/RV32I_Single-Cycle_32-bit_RISC-V_Processor/openlane/riscv32_singlecycle_top/runs/rv32i_macro_GDS_flow/results/synthesis/riscv32_singlecycle_top.v' to AST representation.
Generating RTLIL representation for module `\$paramod\dmem\DEPTH=s32'00000000000000000000000100000000'.
Generating RTLIL representation for module `\$paramod\imem\MEM_DEPTH_WORDS=s32'00000000000000000000000100000000'.
Generating RTLIL representation for module `\alu'.
Generating RTLIL representation for module `\alu_control'.
Generating RTLIL representation for module `\branch_unit'.
Generating RTLIL representation for module `\decoder_controller'.
Generating RTLIL representation for module `\imm_gen'.
Generating RTLIL representation for module `\pc_next_logic'.
Generating RTLIL representation for module `\pc_reg'.
Generating RTLIL representation for module `\regfile'.
Generating RTLIL representation for module `\riscv32_singlecycle_top'.
Generating RTLIL representation for module `\wb_mux'.
Successfully finished Verilog frontend.

79. Executing SYNTH pass.

79.1. Executing HIERARCHY pass (managing design hierarchy).

79.1.1. Analyzing design hierarchy..
Top module:  \riscv32_singlecycle_top
Used module:     \wb_mux
Used module:     \regfile
Used module:     \pc_reg
Used module:     \pc_next_logic
Used module:     \imm_gen
Used module:     \$paramod\imem\MEM_DEPTH_WORDS=s32'00000000000000000000000100000000
Used module:     \$paramod\dmem\DEPTH=s32'00000000000000000000000100000000
Used module:     \decoder_controller
Used module:     \branch_unit
Used module:     \alu_control
Used module:     \alu

79.1.2. Analyzing design hierarchy..
Top module:  \riscv32_singlecycle_top
Used module:     \wb_mux
Used module:     \regfile
Used module:     \pc_reg
Used module:     \pc_next_logic
Used module:     \imm_gen
Used module:     \$paramod\imem\MEM_DEPTH_WORDS=s32'00000000000000000000000100000000
Used module:     \$paramod\dmem\DEPTH=s32'00000000000000000000000100000000
Used module:     \decoder_controller
Used module:     \branch_unit
Used module:     \alu_control
Used module:     \alu
Removed 0 unused modules.

79.2. Executing PROC pass (convert processes to netlists).

79.2.1. Executing PROC_CLEAN pass (remove empty switches from decision trees).
Cleaned up 0 empty switches.

79.2.2. Executing PROC_RMDEAD pass (remove dead branches from decision trees).
Removed a total of 0 dead cases.

79.2.3. Executing PROC_PRUNE pass (remove redundant assignments in processes).
Removed 0 redundant assignments.
Promoted 0 assignments to connections.

79.2.4. Executing PROC_INIT pass (extract init attributes).

79.2.5. Executing PROC_ARST pass (detect async resets in processes).

79.2.6. Executing PROC_ROM pass (convert switches to ROMs).
Converted 0 switches.

79.2.7. Executing PROC_MUX pass (convert decision trees to multiplexers).

79.2.8. Executing PROC_DLATCH pass (convert process syncs to latches).

79.2.9. Executing PROC_DFF pass (convert process syncs to FFs).

79.2.10. Executing PROC_MEMWR pass (convert process memory writes to cells).

79.2.11. Executing PROC_CLEAN pass (remove empty switches from decision trees).
Cleaned up 0 empty switches.

79.2.12. Executing OPT_EXPR pass (perform const folding).
Optimizing module wb_mux.
Optimizing module riscv32_singlecycle_top.
Optimizing module regfile.
Optimizing module pc_reg.
Optimizing module pc_next_logic.
Optimizing module imm_gen.
Optimizing module decoder_controller.
Optimizing module branch_unit.
Optimizing module alu_control.
Optimizing module alu.
Optimizing module \$paramod\imem\MEM_DEPTH_WORDS=s32'00000000000000000000000100000000.
Optimizing module \$paramod\dmem\DEPTH=s32'00000000000000000000000100000000.

79.3. Executing FLATTEN pass (flatten design).
Deleting now unused module wb_mux.
Deleting now unused module regfile.
Deleting now unused module pc_reg.
Deleting now unused module pc_next_logic.
Deleting now unused module imm_gen.
Deleting now unused module decoder_controller.
Deleting now unused module branch_unit.
Deleting now unused module alu_control.
Deleting now unused module alu.
Deleting now unused module \$paramod\imem\MEM_DEPTH_WORDS=s32'00000000000000000000000100000000.
Deleting now unused module \$paramod\dmem\DEPTH=s32'00000000000000000000000100000000.
<suppressed ~11 debug messages>

79.4. Executing OPT_EXPR pass (perform const folding).
Optimizing module riscv32_singlecycle_top.

79.5. Executing OPT_CLEAN pass (remove unused cells and wires).
Finding unused cells or wires in module \riscv32_singlecycle_top..
Removed 23 unused cells and 26 unused wires.
<suppressed ~49 debug messages>

79.6. Executing CHECK pass (checking for obvious problems).
Checking module riscv32_singlecycle_top...
Found and reported 0 problems.

79.7. Executing OPT pass (performing simple optimizations).

79.7.1. Executing OPT_EXPR pass (perform const folding).
Optimizing module riscv32_singlecycle_top.

79.7.2. Executing OPT_MERGE pass (detect identical cells).
Finding identical cells in module `\riscv32_singlecycle_top'.
Removed a total of 0 cells.

79.7.3. Executing OPT_MUXTREE pass (detect dead branches in mux trees).
Running muxtree optimizer on module \riscv32_singlecycle_top..
  Creating internal representation of mux trees.
  No muxes found in this module.
Removed 0 multiplexer ports.

79.7.4. Executing OPT_REDUCE pass (consolidate $*mux and $reduce_* inputs).
  Optimizing cells in module \riscv32_singlecycle_top.
Performed a total of 0 changes.

79.7.5. Executing OPT_MERGE pass (detect identical cells).
Finding identical cells in module `\riscv32_singlecycle_top'.
Removed a total of 0 cells.

79.7.6. Executing OPT_DFF pass (perform DFF optimizations).

79.7.7. Executing OPT_CLEAN pass (remove unused cells and wires).
Finding unused cells or wires in module \riscv32_singlecycle_top..

79.7.8. Executing OPT_EXPR pass (perform const folding).
Optimizing module riscv32_singlecycle_top.

79.7.9. Finished OPT passes. (There is nothing left to do.)

79.8. Executing FSM pass (extract and optimize FSM).

79.8.1. Executing FSM_DETECT pass (finding FSMs in design).

79.8.2. Executing FSM_EXTRACT pass (extracting FSM from design).

79.8.3. Executing FSM_OPT pass (simple optimizations of FSMs).

79.8.4. Executing OPT_CLEAN pass (remove unused cells and wires).
Finding unused cells or wires in module \riscv32_singlecycle_top..

79.8.5. Executing FSM_OPT pass (simple optimizations of FSMs).

79.8.6. Executing FSM_RECODE pass (re-assigning FSM state encoding).

79.8.7. Executing FSM_INFO pass (dumping all available information on FSM cells).

79.8.8. Executing FSM_MAP pass (mapping FSMs to basic logic).

79.9. Executing OPT pass (performing simple optimizations).

79.9.1. Executing OPT_EXPR pass (perform const folding).
Optimizing module riscv32_singlecycle_top.

79.9.2. Executing OPT_MERGE pass (detect identical cells).
Finding identical cells in module `\riscv32_singlecycle_top'.
Removed a total of 0 cells.

79.9.3. Executing OPT_MUXTREE pass (detect dead branches in mux trees).
Running muxtree optimizer on module \riscv32_singlecycle_top..
  Creating internal representation of mux trees.
  No muxes found in this module.
Removed 0 multiplexer ports.

79.9.4. Executing OPT_REDUCE pass (consolidate $*mux and $reduce_* inputs).
  Optimizing cells in module \riscv32_singlecycle_top.
Performed a total of 0 changes.

79.9.5. Executing OPT_MERGE pass (detect identical cells).
Finding identical cells in module `\riscv32_singlecycle_top'.
Removed a total of 0 cells.

79.9.6. Executing OPT_DFF pass (perform DFF optimizations).

79.9.7. Executing OPT_CLEAN pass (remove unused cells and wires).
Finding unused cells or wires in module \riscv32_singlecycle_top..

79.9.8. Executing OPT_EXPR pass (perform const folding).
Optimizing module riscv32_singlecycle_top.

79.9.9. Finished OPT passes. (There is nothing left to do.)

79.10. Executing WREDUCE pass (reducing word size of cells).

79.11. Executing PEEPOPT pass (run peephole optimizers).

79.12. Executing OPT_CLEAN pass (remove unused cells and wires).
Finding unused cells or wires in module \riscv32_singlecycle_top..

79.13. Executing ALUMACC pass (create $alu and $macc cells).
Extracting $alu and $macc cells in module riscv32_singlecycle_top:
  created 0 $alu and 0 $macc cells.

79.14. Executing SHARE pass (SAT-based resource sharing).

79.15. Executing OPT pass (performing simple optimizations).

79.15.1. Executing OPT_EXPR pass (perform const folding).
Optimizing module riscv32_singlecycle_top.

79.15.2. Executing OPT_MERGE pass (detect identical cells).
Finding identical cells in module `\riscv32_singlecycle_top'.
Removed a total of 0 cells.

79.15.3. Executing OPT_MUXTREE pass (detect dead branches in mux trees).
Running muxtree optimizer on module \riscv32_singlecycle_top..
  Creating internal representation of mux trees.
  No muxes found in this module.
Removed 0 multiplexer ports.

79.15.4. Executing OPT_REDUCE pass (consolidate $*mux and $reduce_* inputs).
  Optimizing cells in module \riscv32_singlecycle_top.
Performed a total of 0 changes.

79.15.5. Executing OPT_MERGE pass (detect identical cells).
Finding identical cells in module `\riscv32_singlecycle_top'.
Removed a total of 0 cells.

79.15.6. Executing OPT_DFF pass (perform DFF optimizations).

79.15.7. Executing OPT_CLEAN pass (remove unused cells and wires).
Finding unused cells or wires in module \riscv32_singlecycle_top..

79.15.8. Executing OPT_EXPR pass (perform const folding).
Optimizing module riscv32_singlecycle_top.

79.15.9. Finished OPT passes. (There is nothing left to do.)

79.16. Executing MEMORY pass.

79.16.1. Executing OPT_MEM pass (optimize memories).
Performed a total of 0 transformations.

79.16.2. Executing OPT_MEM_PRIORITY pass (removing unnecessary memory write priority relations).
Performed a total of 0 transformations.

79.16.3. Executing OPT_MEM_FEEDBACK pass (finding memory read-to-write feedback paths).

79.16.4. Executing MEMORY_BMUX2ROM pass (converting muxes to ROMs).

79.16.5. Executing MEMORY_DFF pass (merging $dff cells to $memrd).

79.16.6. Executing OPT_CLEAN pass (remove unused cells and wires).
Finding unused cells or wires in module \riscv32_singlecycle_top..

79.16.7. Executing MEMORY_SHARE pass (consolidating $memrd/$memwr cells).

79.16.8. Executing OPT_MEM_WIDEN pass (optimize memories where all ports are wide).
Performed a total of 0 transformations.

79.16.9. Executing OPT_CLEAN pass (remove unused cells and wires).
Finding unused cells or wires in module \riscv32_singlecycle_top..

79.16.10. Executing MEMORY_COLLECT pass (generating $mem cells).

79.17. Executing OPT_CLEAN pass (remove unused cells and wires).
Finding unused cells or wires in module \riscv32_singlecycle_top..

79.18. Executing OPT pass (performing simple optimizations).

79.18.1. Executing OPT_EXPR pass (perform const folding).
Optimizing module riscv32_singlecycle_top.

79.18.2. Executing OPT_MERGE pass (detect identical cells).
Finding identical cells in module `\riscv32_singlecycle_top'.
Removed a total of 0 cells.

79.18.3. Executing OPT_DFF pass (perform DFF optimizations).

79.18.4. Executing OPT_CLEAN pass (remove unused cells and wires).
Finding unused cells or wires in module \riscv32_singlecycle_top..

79.18.5. Finished fast OPT passes.

79.19. Executing MEMORY_MAP pass (converting memories to logic and flip-flops).

79.20. Executing OPT pass (performing simple optimizations).

79.20.1. Executing OPT_EXPR pass (perform const folding).
Optimizing module riscv32_singlecycle_top.

79.20.2. Executing OPT_MERGE pass (detect identical cells).
Finding identical cells in module `\riscv32_singlecycle_top'.
Removed a total of 0 cells.

79.20.3. Executing OPT_MUXTREE pass (detect dead branches in mux trees).
Running muxtree optimizer on module \riscv32_singlecycle_top..
  Creating internal representation of mux trees.
  No muxes found in this module.
Removed 0 multiplexer ports.

79.20.4. Executing OPT_REDUCE pass (consolidate $*mux and $reduce_* inputs).
  Optimizing cells in module \riscv32_singlecycle_top.
Performed a total of 0 changes.

79.20.5. Executing OPT_MERGE pass (detect identical cells).
Finding identical cells in module `\riscv32_singlecycle_top'.
Removed a total of 0 cells.

79.20.6. Executing OPT_SHARE pass.

79.20.7. Executing OPT_DFF pass (perform DFF optimizations).

79.20.8. Executing OPT_CLEAN pass (remove unused cells and wires).
Finding unused cells or wires in module \riscv32_singlecycle_top..

79.20.9. Executing OPT_EXPR pass (perform const folding).
Optimizing module riscv32_singlecycle_top.

79.20.10. Finished OPT passes. (There is nothing left to do.)

79.21. Executing TECHMAP pass (map to technology primitives).

79.21.1. Executing Verilog-2005 frontend: /build/bin/../share/yosys/techmap.v
Parsing Verilog input from `/build/bin/../share/yosys/techmap.v' to AST representation.
Generating RTLIL representation for module `\_90_simplemap_bool_ops'.
Generating RTLIL representation for module `\_90_simplemap_reduce_ops'.
Generating RTLIL representation for module `\_90_simplemap_logic_ops'.
Generating RTLIL representation for module `\_90_simplemap_compare_ops'.
Generating RTLIL representation for module `\_90_simplemap_various'.
Generating RTLIL representation for module `\_90_simplemap_registers'.
Generating RTLIL representation for module `\_90_shift_ops_shr_shl_sshl_sshr'.
Generating RTLIL representation for module `\_90_shift_shiftx'.
Generating RTLIL representation for module `\_90_fa'.
Generating RTLIL representation for module `\_90_lcu'.
Generating RTLIL representation for module `\_90_alu'.
Generating RTLIL representation for module `\_90_macc'.
Generating RTLIL representation for module `\_90_alumacc'.
Generating RTLIL representation for module `\$__div_mod_u'.
Generating RTLIL representation for module `\$__div_mod_trunc'.
Generating RTLIL representation for module `\_90_div'.
Generating RTLIL representation for module `\_90_mod'.
Generating RTLIL representation for module `\$__div_mod_floor'.
Generating RTLIL representation for module `\_90_divfloor'.
Generating RTLIL representation for module `\_90_modfloor'.
Generating RTLIL representation for module `\_90_pow'.
Generating RTLIL representation for module `\_90_pmux'.
Generating RTLIL representation for module `\_90_demux'.
Generating RTLIL representation for module `\_90_lut'.
Successfully finished Verilog frontend.

79.21.2. Continuing TECHMAP pass.
No more expansions possible.
<suppressed ~73 debug messages>

79.22. Executing OPT pass (performing simple optimizations).

79.22.1. Executing OPT_EXPR pass (perform const folding).
Optimizing module riscv32_singlecycle_top.

79.22.2. Executing OPT_MERGE pass (detect identical cells).
Finding identical cells in module `\riscv32_singlecycle_top'.
Removed a total of 0 cells.

79.22.3. Executing OPT_DFF pass (perform DFF optimizations).

79.22.4. Executing OPT_CLEAN pass (remove unused cells and wires).
Finding unused cells or wires in module \riscv32_singlecycle_top..

79.22.5. Finished fast OPT passes.

79.23. Executing ABC pass (technology mapping using ABC).

79.23.1. Extracting gate netlist of module `\riscv32_singlecycle_top' to `<abc-temp-dir>/input.blif'..
Extracted 0 gates and 0 wires to a netlist network with 0 inputs and 0 outputs.
Don't call ABC as there is nothing to map.
Removing temp directory.

79.24. Executing OPT pass (performing simple optimizations).

79.24.1. Executing OPT_EXPR pass (perform const folding).
Optimizing module riscv32_singlecycle_top.

79.24.2. Executing OPT_MERGE pass (detect identical cells).
Finding identical cells in module `\riscv32_singlecycle_top'.
Removed a total of 0 cells.

79.24.3. Executing OPT_DFF pass (perform DFF optimizations).

79.24.4. Executing OPT_CLEAN pass (remove unused cells and wires).
Finding unused cells or wires in module \riscv32_singlecycle_top..

79.24.5. Finished fast OPT passes.

79.25. Executing HIERARCHY pass (managing design hierarchy).

79.25.1. Analyzing design hierarchy..
Top module:  \riscv32_singlecycle_top

79.25.2. Analyzing design hierarchy..
Top module:  \riscv32_singlecycle_top
Removed 0 unused modules.

79.26. Printing statistics.

=== riscv32_singlecycle_top ===

   Number of wires:               3204
   Number of wire bits:           4399
   Number of public wires:        3204
   Number of public wire bits:    4399
   Number of memories:               0
   Number of memory bits:            0
   Number of processes:              0
   Number of cells:               3099
     sky130_fd_sc_hd__a2111o_2       4
     sky130_fd_sc_hd__a2111oi_2      1
     sky130_fd_sc_hd__a211o_2       72
     sky130_fd_sc_hd__a211oi_2       6
     sky130_fd_sc_hd__a21bo_2       12
     sky130_fd_sc_hd__a21boi_2      76
     sky130_fd_sc_hd__a21o_2       103
     sky130_fd_sc_hd__a21oi_2      118
     sky130_fd_sc_hd__a221o_2       15
     sky130_fd_sc_hd__a221oi_2       1
     sky130_fd_sc_hd__a22o_2       105
     sky130_fd_sc_hd__a22oi_2        5
     sky130_fd_sc_hd__a2bb2o_2      10
     sky130_fd_sc_hd__a311o_2        9
     sky130_fd_sc_hd__a311oi_2       1
     sky130_fd_sc_hd__a31o_2        83
     sky130_fd_sc_hd__a31oi_2        5
     sky130_fd_sc_hd__a32o_2         4
     sky130_fd_sc_hd__a41o_2         1
     sky130_fd_sc_hd__and2_2       158
     sky130_fd_sc_hd__and2b_2       34
     sky130_fd_sc_hd__and3_2        39
     sky130_fd_sc_hd__and3b_2        9
     sky130_fd_sc_hd__and4_2        14
     sky130_fd_sc_hd__and4b_2        4
     sky130_fd_sc_hd__and4bb_2       9
     sky130_fd_sc_hd__buf_1        315
     sky130_fd_sc_hd__buf_2        149
     sky130_fd_sc_hd__conb_1        96
     sky130_fd_sc_hd__dfxtp_2       32
     sky130_fd_sc_hd__inv_2         72
     sky130_fd_sc_hd__mux2_2       185
     sky130_fd_sc_hd__mux4_2        79
     sky130_fd_sc_hd__nand2_2      269
     sky130_fd_sc_hd__nand2b_2       3
     sky130_fd_sc_hd__nand3_2       22
     sky130_fd_sc_hd__nand3b_2       1
     sky130_fd_sc_hd__nand4_2        5
     sky130_fd_sc_hd__nand4b_2       3
     sky130_fd_sc_hd__nor2_2       209
     sky130_fd_sc_hd__nor2b_2        1
     sky130_fd_sc_hd__nor3_2        11
     sky130_fd_sc_hd__nor3b_2        5
     sky130_fd_sc_hd__nor4_2         2
     sky130_fd_sc_hd__nor4b_2        2
     sky130_fd_sc_hd__o2111a_2       2
     sky130_fd_sc_hd__o2111ai_2      5
     sky130_fd_sc_hd__o211a_2       36
     sky130_fd_sc_hd__o211ai_2       8
     sky130_fd_sc_hd__o21a_2        62
     sky130_fd_sc_hd__o21ai_2       70
     sky130_fd_sc_hd__o21ba_2       12
     sky130_fd_sc_hd__o21bai_2       5
     sky130_fd_sc_hd__o221a_2       20
     sky130_fd_sc_hd__o221ai_2       3
     sky130_fd_sc_hd__o22a_2        18
     sky130_fd_sc_hd__o22ai_2        1
     sky130_fd_sc_hd__o2bb2a_2      13
     sky130_fd_sc_hd__o311a_2        3
     sky130_fd_sc_hd__o31a_2        10
     sky130_fd_sc_hd__o31ai_2        8
     sky130_fd_sc_hd__o32a_2         3
     sky130_fd_sc_hd__o32ai_2        1
     sky130_fd_sc_hd__o41a_2         6
     sky130_fd_sc_hd__or2_2        171
     sky130_fd_sc_hd__or2b_2        43
     sky130_fd_sc_hd__or3_2         33
     sky130_fd_sc_hd__or3b_2        14
     sky130_fd_sc_hd__or4_2         22
     sky130_fd_sc_hd__or4b_2         8
     sky130_fd_sc_hd__or4bb_2        6
     sky130_fd_sc_hd__xnor2_2       93
     sky130_fd_sc_hd__xor2_2        60
     sky130_sram_1kbyte_1rw1r_32x256_8      4

79.27. Executing CHECK pass (checking for obvious problems).
Checking module riscv32_singlecycle_top...
Found and reported 0 problems.
[INFO]: USING STRATEGY AREA 0

80. Executing ABC pass (technology mapping using ABC).

80.1. Extracting gate netlist of module `\riscv32_singlecycle_top' to `/tmp/yosys-abc-nhzsSo/input.blif'..
Extracted 0 gates and 0 wires to a netlist network with 0 inputs and 0 outputs.
Don't call ABC as there is nothing to map.
Removing temp directory.

81. Executing SETUNDEF pass (replace undef values with defined constants).

82. Executing HILOMAP pass (mapping to constant drivers).

83. Executing SPLITNETS pass (splitting up multi-bit signals).

84. Executing OPT_CLEAN pass (remove unused cells and wires).
Finding unused cells or wires in module \riscv32_singlecycle_top..
Removed 0 unused cells and 1110 unused wires.
<suppressed ~1110 debug messages>

85. Executing INSBUF pass (insert buffer cells for connected wires).
Add riscv32_singlecycle_top/$auto$insbuf.cc:97:execute$15997: \u_imem.addr[0] -> \dbg_pc_current [0]
Add riscv32_singlecycle_top/$auto$insbuf.cc:97:execute$15998: \u_imem.addr[1] -> \dbg_pc_current [1]
Add riscv32_singlecycle_top/$auto$insbuf.cc:97:execute$15999: \u_imem.addr[2] -> \dbg_pc_current [2]
Add riscv32_singlecycle_top/$auto$insbuf.cc:97:execute$16000: \u_imem.addr[3] -> \dbg_pc_current [3]
Add riscv32_singlecycle_top/$auto$insbuf.cc:97:execute$16001: \u_imem.addr[4] -> \dbg_pc_current [4]
Add riscv32_singlecycle_top/$auto$insbuf.cc:97:execute$16002: \u_imem.addr[5] -> \dbg_pc_current [5]
Add riscv32_singlecycle_top/$auto$insbuf.cc:97:execute$16003: \u_imem.addr[6] -> \dbg_pc_current [6]
Add riscv32_singlecycle_top/$auto$insbuf.cc:97:execute$16004: \u_imem.addr[7] -> \dbg_pc_current [7]
Add riscv32_singlecycle_top/$auto$insbuf.cc:97:execute$16005: \u_imem.addr[8] -> \dbg_pc_current [8]
Add riscv32_singlecycle_top/$auto$insbuf.cc:97:execute$16006: \u_imem.addr[9] -> \dbg_pc_current [9]
Add riscv32_singlecycle_top/$auto$insbuf.cc:97:execute$16007: \u_imem.addr[10] -> \dbg_pc_current [10]
Add riscv32_singlecycle_top/$auto$insbuf.cc:97:execute$16008: \u_imem.addr[11] -> \dbg_pc_current [11]
Add riscv32_singlecycle_top/$auto$insbuf.cc:97:execute$16009: \u_imem.addr[12] -> \dbg_pc_current [12]
Add riscv32_singlecycle_top/$auto$insbuf.cc:97:execute$16010: \u_imem.addr[13] -> \dbg_pc_current [13]
Add riscv32_singlecycle_top/$auto$insbuf.cc:97:execute$16011: \u_imem.addr[14] -> \dbg_pc_current [14]
Add riscv32_singlecycle_top/$auto$insbuf.cc:97:execute$16012: \u_imem.addr[15] -> \dbg_pc_current [15]
Add riscv32_singlecycle_top/$auto$insbuf.cc:97:execute$16013: \u_imem.addr[16] -> \dbg_pc_current [16]
Add riscv32_singlecycle_top/$auto$insbuf.cc:97:execute$16014: \u_imem.addr[17] -> \dbg_pc_current [17]
Add riscv32_singlecycle_top/$auto$insbuf.cc:97:execute$16015: \u_imem.addr[18] -> \dbg_pc_current [18]
Add riscv32_singlecycle_top/$auto$insbuf.cc:97:execute$16016: \u_imem.addr[19] -> \dbg_pc_current [19]
Add riscv32_singlecycle_top/$auto$insbuf.cc:97:execute$16017: \u_imem.addr[20] -> \dbg_pc_current [20]
Add riscv32_singlecycle_top/$auto$insbuf.cc:97:execute$16018: \u_imem.addr[21] -> \dbg_pc_current [21]
Add riscv32_singlecycle_top/$auto$insbuf.cc:97:execute$16019: \u_imem.addr[22] -> \dbg_pc_current [22]
Add riscv32_singlecycle_top/$auto$insbuf.cc:97:execute$16020: \u_imem.addr[23] -> \dbg_pc_current [23]
Add riscv32_singlecycle_top/$auto$insbuf.cc:97:execute$16021: \u_imem.addr[24] -> \dbg_pc_current [24]
Add riscv32_singlecycle_top/$auto$insbuf.cc:97:execute$16022: \u_imem.addr[25] -> \dbg_pc_current [25]
Add riscv32_singlecycle_top/$auto$insbuf.cc:97:execute$16023: \u_imem.addr[26] -> \dbg_pc_current [26]
Add riscv32_singlecycle_top/$auto$insbuf.cc:97:execute$16024: \u_imem.addr[27] -> \dbg_pc_current [27]
Add riscv32_singlecycle_top/$auto$insbuf.cc:97:execute$16025: \u_imem.addr[28] -> \dbg_pc_current [28]
Add riscv32_singlecycle_top/$auto$insbuf.cc:97:execute$16026: \u_imem.addr[29] -> \dbg_pc_current [29]
Add riscv32_singlecycle_top/$auto$insbuf.cc:97:execute$16027: \u_imem.addr[30] -> \dbg_pc_current [30]
Add riscv32_singlecycle_top/$auto$insbuf.cc:97:execute$16028: \u_imem.addr[31] -> \dbg_pc_current [31]
Add riscv32_singlecycle_top/$auto$insbuf.cc:97:execute$16029: \u_regfile.wd[0] -> \dbg_wb_data [0]
Add riscv32_singlecycle_top/$auto$insbuf.cc:97:execute$16030: \u_regfile.wd[1] -> \dbg_wb_data [1]
Add riscv32_singlecycle_top/$auto$insbuf.cc:97:execute$16031: \u_regfile.wd[2] -> \dbg_wb_data [2]
Add riscv32_singlecycle_top/$auto$insbuf.cc:97:execute$16032: \u_regfile.wd[3] -> \dbg_wb_data [3]
Add riscv32_singlecycle_top/$auto$insbuf.cc:97:execute$16033: \u_regfile.wd[4] -> \dbg_wb_data [4]
Add riscv32_singlecycle_top/$auto$insbuf.cc:97:execute$16034: \u_regfile.wd[5] -> \dbg_wb_data [5]
Add riscv32_singlecycle_top/$auto$insbuf.cc:97:execute$16035: \u_regfile.wd[6] -> \dbg_wb_data [6]
Add riscv32_singlecycle_top/$auto$insbuf.cc:97:execute$16036: \u_regfile.wd[7] -> \dbg_wb_data [7]
Add riscv32_singlecycle_top/$auto$insbuf.cc:97:execute$16037: \u_regfile.wd[8] -> \dbg_wb_data [8]
Add riscv32_singlecycle_top/$auto$insbuf.cc:97:execute$16038: \u_regfile.wd[9] -> \dbg_wb_data [9]
Add riscv32_singlecycle_top/$auto$insbuf.cc:97:execute$16039: \u_regfile.wd[10] -> \dbg_wb_data [10]
Add riscv32_singlecycle_top/$auto$insbuf.cc:97:execute$16040: \u_regfile.wd[11] -> \dbg_wb_data [11]
Add riscv32_singlecycle_top/$auto$insbuf.cc:97:execute$16041: \u_regfile.wd[12] -> \dbg_wb_data [12]
Add riscv32_singlecycle_top/$auto$insbuf.cc:97:execute$16042: \u_regfile.wd[13] -> \dbg_wb_data [13]
Add riscv32_singlecycle_top/$auto$insbuf.cc:97:execute$16043: \u_regfile.wd[14] -> \dbg_wb_data [14]
Add riscv32_singlecycle_top/$auto$insbuf.cc:97:execute$16044: \u_regfile.wd[15] -> \dbg_wb_data [15]
Add riscv32_singlecycle_top/$auto$insbuf.cc:97:execute$16045: \u_regfile.wd[16] -> \dbg_wb_data [16]
Add riscv32_singlecycle_top/$auto$insbuf.cc:97:execute$16046: \u_regfile.wd[17] -> \dbg_wb_data [17]
Add riscv32_singlecycle_top/$auto$insbuf.cc:97:execute$16047: \u_regfile.wd[18] -> \dbg_wb_data [18]
Add riscv32_singlecycle_top/$auto$insbuf.cc:97:execute$16048: \u_regfile.wd[19] -> \dbg_wb_data [19]
Add riscv32_singlecycle_top/$auto$insbuf.cc:97:execute$16049: \u_regfile.wd[20] -> \dbg_wb_data [20]
Add riscv32_singlecycle_top/$auto$insbuf.cc:97:execute$16050: \u_regfile.wd[21] -> \dbg_wb_data [21]
Add riscv32_singlecycle_top/$auto$insbuf.cc:97:execute$16051: \u_regfile.wd[22] -> \dbg_wb_data [22]
Add riscv32_singlecycle_top/$auto$insbuf.cc:97:execute$16052: \u_regfile.wd[23] -> \dbg_wb_data [23]
Add riscv32_singlecycle_top/$auto$insbuf.cc:97:execute$16053: \u_regfile.wd[24] -> \dbg_wb_data [24]
Add riscv32_singlecycle_top/$auto$insbuf.cc:97:execute$16054: \u_regfile.wd[25] -> \dbg_wb_data [25]
Add riscv32_singlecycle_top/$auto$insbuf.cc:97:execute$16055: \u_regfile.wd[26] -> \dbg_wb_data [26]
Add riscv32_singlecycle_top/$auto$insbuf.cc:97:execute$16056: \u_regfile.wd[27] -> \dbg_wb_data [27]
Add riscv32_singlecycle_top/$auto$insbuf.cc:97:execute$16057: \u_regfile.wd[28] -> \dbg_wb_data [28]
Add riscv32_singlecycle_top/$auto$insbuf.cc:97:execute$16058: \u_regfile.wd[29] -> \dbg_wb_data [29]
Add riscv32_singlecycle_top/$auto$insbuf.cc:97:execute$16059: \u_regfile.wd[30] -> \dbg_wb_data [30]
Add riscv32_singlecycle_top/$auto$insbuf.cc:97:execute$16060: \u_regfile.wd[31] -> \dbg_wb_data [31]

86. Executing CHECK pass (checking for obvious problems).
Checking module riscv32_singlecycle_top...
Found and reported 0 problems.

87. Printing statistics.

=== riscv32_singlecycle_top ===

   Number of wires:               3196
   Number of wire bits:           3289
   Number of public wires:        3196
   Number of public wire bits:    3289
   Number of memories:               0
   Number of memory bits:            0
   Number of processes:              0
   Number of cells:               3163
     sky130_fd_sc_hd__a2111o_2       4
     sky130_fd_sc_hd__a2111oi_2      1
     sky130_fd_sc_hd__a211o_2       72
     sky130_fd_sc_hd__a211oi_2       6
     sky130_fd_sc_hd__a21bo_2       12
     sky130_fd_sc_hd__a21boi_2      76
     sky130_fd_sc_hd__a21o_2       103
     sky130_fd_sc_hd__a21oi_2      118
     sky130_fd_sc_hd__a221o_2       15
     sky130_fd_sc_hd__a221oi_2       1
     sky130_fd_sc_hd__a22o_2       105
     sky130_fd_sc_hd__a22oi_2        5
     sky130_fd_sc_hd__a2bb2o_2      10
     sky130_fd_sc_hd__a311o_2        9
     sky130_fd_sc_hd__a311oi_2       1
     sky130_fd_sc_hd__a31o_2        83
     sky130_fd_sc_hd__a31oi_2        5
     sky130_fd_sc_hd__a32o_2         4
     sky130_fd_sc_hd__a41o_2         1
     sky130_fd_sc_hd__and2_2       158
     sky130_fd_sc_hd__and2b_2       34
     sky130_fd_sc_hd__and3_2        39
     sky130_fd_sc_hd__and3b_2        9
     sky130_fd_sc_hd__and4_2        14
     sky130_fd_sc_hd__and4b_2        4
     sky130_fd_sc_hd__and4bb_2       9
     sky130_fd_sc_hd__buf_1        315
     sky130_fd_sc_hd__buf_2        213
     sky130_fd_sc_hd__conb_1        96
     sky130_fd_sc_hd__dfxtp_2       32
     sky130_fd_sc_hd__inv_2         72
     sky130_fd_sc_hd__mux2_2       185
     sky130_fd_sc_hd__mux4_2        79
     sky130_fd_sc_hd__nand2_2      269
     sky130_fd_sc_hd__nand2b_2       3
     sky130_fd_sc_hd__nand3_2       22
     sky130_fd_sc_hd__nand3b_2       1
     sky130_fd_sc_hd__nand4_2        5
     sky130_fd_sc_hd__nand4b_2       3
     sky130_fd_sc_hd__nor2_2       209
     sky130_fd_sc_hd__nor2b_2        1
     sky130_fd_sc_hd__nor3_2        11
     sky130_fd_sc_hd__nor3b_2        5
     sky130_fd_sc_hd__nor4_2         2
     sky130_fd_sc_hd__nor4b_2        2
     sky130_fd_sc_hd__o2111a_2       2
     sky130_fd_sc_hd__o2111ai_2      5
     sky130_fd_sc_hd__o211a_2       36
     sky130_fd_sc_hd__o211ai_2       8
     sky130_fd_sc_hd__o21a_2        62
     sky130_fd_sc_hd__o21ai_2       70
     sky130_fd_sc_hd__o21ba_2       12
     sky130_fd_sc_hd__o21bai_2       5
     sky130_fd_sc_hd__o221a_2       20
     sky130_fd_sc_hd__o221ai_2       3
     sky130_fd_sc_hd__o22a_2        18
     sky130_fd_sc_hd__o22ai_2        1
     sky130_fd_sc_hd__o2bb2a_2      13
     sky130_fd_sc_hd__o311a_2        3
     sky130_fd_sc_hd__o31a_2        10
     sky130_fd_sc_hd__o31ai_2        8
     sky130_fd_sc_hd__o32a_2         3
     sky130_fd_sc_hd__o32ai_2        1
     sky130_fd_sc_hd__o41a_2         6
     sky130_fd_sc_hd__or2_2        171
     sky130_fd_sc_hd__or2b_2        43
     sky130_fd_sc_hd__or3_2         33
     sky130_fd_sc_hd__or3b_2        14
     sky130_fd_sc_hd__or4_2         22
     sky130_fd_sc_hd__or4b_2         8
     sky130_fd_sc_hd__or4bb_2        6
     sky130_fd_sc_hd__xnor2_2       93
     sky130_fd_sc_hd__xor2_2        60
     sky130_sram_1kbyte_1rw1r_32x256_8      4

   Chip area for module '\riscv32_singlecycle_top': 789688.440000

88. Executing Verilog backend.
Dumping module `\riscv32_singlecycle_top'.

Warnings: 619 unique messages, 619 total
End of script. Logfile hash: c3ec34ac72, CPU: user 4.62s system 0.13s, MEM: 81.24 MB peak
Yosys 0.30+48 (git sha1 14d50a176d5, gcc 8.3.1 -fPIC -Os)
Time spent: 57% 4x abc (6 sec), 11% 4x write_verilog (1 sec), ...
