OpenSTA 2.4.0 41a51eaf4c Copyright (c) 2021, Parallax Software, Inc.
License GPLv3: GNU GPL version 3 <http://gnu.org/licenses/gpl.html>

This is free software, and you are free to change and redistribute it
under certain conditions; type `show_copying' for details. 
This program comes with ABSOLUTELY NO WARRANTY; for details type `show_warranty'.
define_corners Typical
read_liberty -corner Typical /home/prabhat/.ciel/sky130A/libs.ref/sky130_fd_sc_hd/lib/sky130_fd_sc_hd__tt_025C_1v80.lib
Using 1e-12 for capacitance...
Using 1e+03 for resistance...
Using 1e-09 for time...
Using 1e+00 for voltage...
Using 1e-03 for current...
Using 1e-09 for power...
Using 1e-06 for distance...
Reading netlist '/home/prabhat/Work_Ubuntu/RV32I_Single-Cycle_32-bit_RISC-V_Processor/openlane/riscv32_singlecycle_top/runs/rv32i_macro_GDS_flow/results/synthesis/riscv32_singlecycle_top.v'…
Reading design constraints file at '/home/prabhat/Work_Ubuntu/RV32I_Single-Cycle_32-bit_RISC-V_Processor/openlane/riscv32_singlecycle_top/../constraints/riscv32_singlecycle_top.sdc'…
min_report

===========================================================================
report_checks -path_delay min (Hold)
============================================================================
======================= Typical Corner ===================================

Startpoint: u_pc_reg._134_ (rising edge-triggered flip-flop clocked by clk)
Endpoint: u_pc_reg._134_ (rising edge-triggered flip-flop clocked by clk)
Path Group: clk
Path Type: min

Fanout     Cap    Slew   Delay    Time   Description
-----------------------------------------------------------------------------
                  0.10    0.00    0.00   clock clk (rise edge)
                          0.00    0.00   clock network delay (ideal)
                  0.10    0.00    0.00 ^ u_pc_reg._134_/CLK (sky130_fd_sc_hd__dfxtp_2)
                  0.07    0.38    0.38 v u_pc_reg._134_/Q (sky130_fd_sc_hd__dfxtp_2)
    11    0.03                           u_imem.addr[0] (net)
                  0.07    0.00    0.38 v u_pc_next_logic._0862_/A1 (sky130_fd_sc_hd__a21oi_2)
                  0.06    0.10    0.48 ^ u_pc_next_logic._0862_/Y (sky130_fd_sc_hd__a21oi_2)
     1    0.00                           u_pc_next_logic.pc_next[0] (net)
                  0.06    0.00    0.48 ^ u_pc_reg._067_/A (sky130_fd_sc_hd__and2_2)
                  0.03    0.12    0.60 ^ u_pc_reg._067_/X (sky130_fd_sc_hd__and2_2)
     1    0.00                           u_pc_reg._049_ (net)
                  0.03    0.00    0.60 ^ u_pc_reg._068_/A (sky130_fd_sc_hd__buf_1)
                  0.03    0.07    0.67 ^ u_pc_reg._068_/X (sky130_fd_sc_hd__buf_1)
     1    0.00                           u_pc_reg._000_ (net)
                  0.03    0.00    0.67 ^ u_pc_reg._134_/D (sky130_fd_sc_hd__dfxtp_2)
                                  0.67   data arrival time

                  0.10    0.00    0.00   clock clk (rise edge)
                          0.00    0.00   clock network delay (ideal)
                          0.20    0.20   clock uncertainty
                          0.00    0.20   clock reconvergence pessimism
                                  0.20 ^ u_pc_reg._134_/CLK (sky130_fd_sc_hd__dfxtp_2)
                         -0.02    0.18   library hold time
                                  0.18   data required time
-----------------------------------------------------------------------------
                                  0.18   data required time
                                 -0.67   data arrival time
-----------------------------------------------------------------------------
                                  0.49   slack (MET)


Startpoint: u_pc_reg._164_ (rising edge-triggered flip-flop clocked by clk)
Endpoint: u_pc_reg._165_ (rising edge-triggered flip-flop clocked by clk)
Path Group: clk
Path Type: min

Fanout     Cap    Slew   Delay    Time   Description
-----------------------------------------------------------------------------
                  0.10    0.00    0.00   clock clk (rise edge)
                          0.00    0.00   clock network delay (ideal)
                  0.10    0.00    0.00 ^ u_pc_reg._164_/CLK (sky130_fd_sc_hd__dfxtp_2)
                  0.08    0.38    0.38 v u_pc_reg._164_/Q (sky130_fd_sc_hd__dfxtp_2)
    10    0.03                           u_imem.addr[30] (net)
                  0.08    0.00    0.38 v u_pc_next_logic._1581_/A (sky130_fd_sc_hd__nand2_2)
                  0.09    0.11    0.49 ^ u_pc_next_logic._1581_/Y (sky130_fd_sc_hd__nand2_2)
     4    0.02                           u_pc_next_logic._0035_ (net)
                  0.09    0.00    0.49 ^ u_pc_next_logic._1600_/A1 (sky130_fd_sc_hd__a21oi_2)
                  0.03    0.06    0.55 v u_pc_next_logic._1600_/Y (sky130_fd_sc_hd__a21oi_2)
     1    0.00                           u_pc_next_logic._0053_ (net)
                  0.03    0.00    0.55 v u_pc_next_logic._1602_/A1 (sky130_fd_sc_hd__o21ai_2)
                  0.06    0.11    0.66 ^ u_pc_next_logic._1602_/Y (sky130_fd_sc_hd__o21ai_2)
     1    0.00                           u_pc_next_logic._0055_ (net)
                  0.06    0.00    0.66 ^ u_pc_next_logic._1603_/B2 (sky130_fd_sc_hd__o32a_2)
                  0.03    0.11    0.77 ^ u_pc_next_logic._1603_/X (sky130_fd_sc_hd__o32a_2)
     1    0.00                           u_pc_next_logic.pc_next[31] (net)
                  0.03    0.00    0.77 ^ u_pc_reg._132_/B (sky130_fd_sc_hd__and2_2)
                  0.03    0.12    0.89 ^ u_pc_reg._132_/X (sky130_fd_sc_hd__and2_2)
     1    0.00                           u_pc_reg._048_ (net)
                  0.03    0.00    0.89 ^ u_pc_reg._133_/A (sky130_fd_sc_hd__buf_1)
                  0.03    0.07    0.96 ^ u_pc_reg._133_/X (sky130_fd_sc_hd__buf_1)
     1    0.00                           u_pc_reg._031_ (net)
                  0.03    0.00    0.96 ^ u_pc_reg._165_/D (sky130_fd_sc_hd__dfxtp_2)
                                  0.96   data arrival time

                  0.10    0.00    0.00   clock clk (rise edge)
                          0.00    0.00   clock network delay (ideal)
                          0.20    0.20   clock uncertainty
                          0.00    0.20   clock reconvergence pessimism
                                  0.20 ^ u_pc_reg._165_/CLK (sky130_fd_sc_hd__dfxtp_2)
                         -0.02    0.18   library hold time
                                  0.18   data required time
-----------------------------------------------------------------------------
                                  0.18   data required time
                                 -0.96   data arrival time
-----------------------------------------------------------------------------
                                  0.78   slack (MET)


Startpoint: u_pc_reg._137_ (rising edge-triggered flip-flop clocked by clk)
Endpoint: u_pc_reg._138_ (rising edge-triggered flip-flop clocked by clk)
Path Group: clk
Path Type: min

Fanout     Cap    Slew   Delay    Time   Description
-----------------------------------------------------------------------------
                  0.10    0.00    0.00   clock clk (rise edge)
                          0.00    0.00   clock network delay (ideal)
                  0.10    0.00    0.00 ^ u_pc_reg._137_/CLK (sky130_fd_sc_hd__dfxtp_2)
                  0.09    0.39    0.39 v u_pc_reg._137_/Q (sky130_fd_sc_hd__dfxtp_2)
    12    0.03                           u_imem.addr[3] (net)
                  0.09    0.00    0.39 v u_pc_next_logic._0925_/A (sky130_fd_sc_hd__nand2_2)
                  0.06    0.09    0.47 ^ u_pc_next_logic._0925_/Y (sky130_fd_sc_hd__nand2_2)
     3    0.01                           u_pc_next_logic._0177_ (net)
                  0.06    0.00    0.47 ^ u_pc_next_logic._0944_/B1 (sky130_fd_sc_hd__o21ai_2)
                  0.04    0.06    0.53 v u_pc_next_logic._0944_/Y (sky130_fd_sc_hd__o21ai_2)
     2    0.01                           u_pc_next_logic._0195_ (net)
                  0.04    0.00    0.53 v u_pc_next_logic._0945_/B (sky130_fd_sc_hd__nand2_2)
                  0.03    0.05    0.59 ^ u_pc_next_logic._0945_/Y (sky130_fd_sc_hd__nand2_2)
     1    0.00                           u_pc_next_logic._0196_ (net)
                  0.03    0.00    0.59 ^ u_pc_next_logic._0948_/A1 (sky130_fd_sc_hd__a21o_2)
                  0.03    0.10    0.68 ^ u_pc_next_logic._0948_/X (sky130_fd_sc_hd__a21o_2)
     1    0.00                           u_pc_next_logic._0199_ (net)
                  0.03    0.00    0.68 ^ u_pc_next_logic._0956_/A3 (sky130_fd_sc_hd__a31o_2)
                  0.03    0.13    0.82 ^ u_pc_next_logic._0956_/X (sky130_fd_sc_hd__a31o_2)
     1    0.00                           u_pc_next_logic.pc_next[4] (net)
                  0.03    0.00    0.82 ^ u_pc_reg._076_/B (sky130_fd_sc_hd__and2_2)
                  0.03    0.12    0.93 ^ u_pc_reg._076_/X (sky130_fd_sc_hd__and2_2)
     1    0.00                           u_pc_reg._054_ (net)
                  0.03    0.00    0.93 ^ u_pc_reg._077_/A (sky130_fd_sc_hd__buf_1)
                  0.03    0.07    1.00 ^ u_pc_reg._077_/X (sky130_fd_sc_hd__buf_1)
     1    0.00                           u_pc_reg._004_ (net)
                  0.03    0.00    1.00 ^ u_pc_reg._138_/D (sky130_fd_sc_hd__dfxtp_2)
                                  1.00   data arrival time

                  0.10    0.00    0.00   clock clk (rise edge)
                          0.00    0.00   clock network delay (ideal)
                          0.20    0.20   clock uncertainty
                          0.00    0.20   clock reconvergence pessimism
                                  0.20 ^ u_pc_reg._138_/CLK (sky130_fd_sc_hd__dfxtp_2)
                         -0.02    0.18   library hold time
                                  0.18   data required time
-----------------------------------------------------------------------------
                                  0.18   data required time
                                 -1.00   data arrival time
-----------------------------------------------------------------------------
                                  0.82   slack (MET)


Startpoint: u_pc_reg._158_ (rising edge-triggered flip-flop clocked by clk)
Endpoint: u_pc_reg._158_ (rising edge-triggered flip-flop clocked by clk)
Path Group: clk
Path Type: min

Fanout     Cap    Slew   Delay    Time   Description
-----------------------------------------------------------------------------
                  0.10    0.00    0.00   clock clk (rise edge)
                          0.00    0.00   clock network delay (ideal)
                  0.10    0.00    0.00 ^ u_pc_reg._158_/CLK (sky130_fd_sc_hd__dfxtp_2)
                  0.09    0.39    0.39 v u_pc_reg._158_/Q (sky130_fd_sc_hd__dfxtp_2)
    12    0.04                           u_imem.addr[24] (net)
                  0.09    0.00    0.39 v u_pc_next_logic._0832_/A (sky130_fd_sc_hd__xor2_2)
                  0.09    0.17    0.56 ^ u_pc_next_logic._0832_/X (sky130_fd_sc_hd__xor2_2)
     2    0.00                           u_pc_next_logic.pc_plus4[24] (net)
                  0.09    0.00    0.56 ^ u_pc_next_logic._1438_/A1 (sky130_fd_sc_hd__a211o_2)
                  0.03    0.13    0.69 ^ u_pc_next_logic._1438_/X (sky130_fd_sc_hd__a211o_2)
     1    0.00                           u_pc_next_logic._0669_ (net)
                  0.03    0.00    0.69 ^ u_pc_next_logic._1452_/A3 (sky130_fd_sc_hd__a31o_2)
                  0.03    0.13    0.82 ^ u_pc_next_logic._1452_/X (sky130_fd_sc_hd__a31o_2)
     1    0.00                           u_pc_next_logic.pc_next[24] (net)
                  0.03    0.00    0.82 ^ u_pc_reg._118_/B (sky130_fd_sc_hd__and2_2)
                  0.03    0.12    0.94 ^ u_pc_reg._118_/X (sky130_fd_sc_hd__and2_2)
     1    0.00                           u_pc_reg._041_ (net)
                  0.03    0.00    0.94 ^ u_pc_reg._119_/A (sky130_fd_sc_hd__buf_1)
                  0.03    0.07    1.00 ^ u_pc_reg._119_/X (sky130_fd_sc_hd__buf_1)
     1    0.00                           u_pc_reg._024_ (net)
                  0.03    0.00    1.00 ^ u_pc_reg._158_/D (sky130_fd_sc_hd__dfxtp_2)
                                  1.00   data arrival time

                  0.10    0.00    0.00   clock clk (rise edge)
                          0.00    0.00   clock network delay (ideal)
                          0.20    0.20   clock uncertainty
                          0.00    0.20   clock reconvergence pessimism
                                  0.20 ^ u_pc_reg._158_/CLK (sky130_fd_sc_hd__dfxtp_2)
                         -0.02    0.18   library hold time
                                  0.18   data required time
-----------------------------------------------------------------------------
                                  0.18   data required time
                                 -1.00   data arrival time
-----------------------------------------------------------------------------
                                  0.83   slack (MET)


Startpoint: u_pc_reg._155_ (rising edge-triggered flip-flop clocked by clk)
Endpoint: u_pc_reg._155_ (rising edge-triggered flip-flop clocked by clk)
Path Group: clk
Path Type: min

Fanout     Cap    Slew   Delay    Time   Description
-----------------------------------------------------------------------------
                  0.10    0.00    0.00   clock clk (rise edge)
                          0.00    0.00   clock network delay (ideal)
                  0.10    0.00    0.00 ^ u_pc_reg._155_/CLK (sky130_fd_sc_hd__dfxtp_2)
                  0.08    0.39    0.39 v u_pc_reg._155_/Q (sky130_fd_sc_hd__dfxtp_2)
    12    0.03                           u_imem.addr[21] (net)
                  0.08    0.00    0.39 v u_pc_next_logic._0819_/B (sky130_fd_sc_hd__nand3_2)
                  0.07    0.11    0.49 ^ u_pc_next_logic._0819_/Y (sky130_fd_sc_hd__nand3_2)
     4    0.01                           u_pc_next_logic._0085_ (net)
                  0.07    0.00    0.49 ^ u_pc_next_logic._1363_/A2 (sky130_fd_sc_hd__a31o_2)
                  0.04    0.14    0.64 ^ u_pc_next_logic._1363_/X (sky130_fd_sc_hd__a31o_2)
     1    0.00                           u_pc_next_logic._0597_ (net)
                  0.04    0.00    0.64 ^ u_pc_next_logic._1364_/B1 (sky130_fd_sc_hd__a31o_2)
                  0.03    0.08    0.72 ^ u_pc_next_logic._1364_/X (sky130_fd_sc_hd__a31o_2)
     1    0.00                           u_pc_next_logic._0598_ (net)
                  0.03    0.00    0.72 ^ u_pc_next_logic._1371_/B1 (sky130_fd_sc_hd__a22o_2)
                  0.03    0.10    0.82 ^ u_pc_next_logic._1371_/X (sky130_fd_sc_hd__a22o_2)
     1    0.00                           u_pc_next_logic.pc_next[21] (net)
                  0.03    0.00    0.82 ^ u_pc_reg._112_/B (sky130_fd_sc_hd__and2_2)
                  0.03    0.12    0.94 ^ u_pc_reg._112_/X (sky130_fd_sc_hd__and2_2)
     1    0.00                           u_pc_reg._038_ (net)
                  0.03    0.00    0.94 ^ u_pc_reg._113_/A (sky130_fd_sc_hd__buf_1)
                  0.03    0.07    1.01 ^ u_pc_reg._113_/X (sky130_fd_sc_hd__buf_1)
     1    0.00                           u_pc_reg._021_ (net)
                  0.03    0.00    1.01 ^ u_pc_reg._155_/D (sky130_fd_sc_hd__dfxtp_2)
                                  1.01   data arrival time

                  0.10    0.00    0.00   clock clk (rise edge)
                          0.00    0.00   clock network delay (ideal)
                          0.20    0.20   clock uncertainty
                          0.00    0.20   clock reconvergence pessimism
                                  0.20 ^ u_pc_reg._155_/CLK (sky130_fd_sc_hd__dfxtp_2)
                         -0.02    0.18   library hold time
                                  0.18   data required time
-----------------------------------------------------------------------------
                                  0.18   data required time
                                 -1.01   data arrival time
-----------------------------------------------------------------------------
                                  0.83   slack (MET)


Startpoint: u_pc_reg._156_ (rising edge-triggered flip-flop clocked by clk)
Endpoint: u_pc_reg._156_ (rising edge-triggered flip-flop clocked by clk)
Path Group: clk
Path Type: min

Fanout     Cap    Slew   Delay    Time   Description
-----------------------------------------------------------------------------
                  0.10    0.00    0.00   clock clk (rise edge)
                          0.00    0.00   clock network delay (ideal)
                  0.10    0.00    0.00 ^ u_pc_reg._156_/CLK (sky130_fd_sc_hd__dfxtp_2)
                  0.09    0.39    0.39 v u_pc_reg._156_/Q (sky130_fd_sc_hd__dfxtp_2)
    11    0.03                           u_imem.addr[22] (net)
                  0.09    0.00    0.39 v u_pc_next_logic._1384_/A (sky130_fd_sc_hd__nand2_2)
                  0.07    0.10    0.48 ^ u_pc_next_logic._1384_/Y (sky130_fd_sc_hd__nand2_2)
     3    0.01                           u_pc_next_logic._0617_ (net)
                  0.07    0.00    0.48 ^ u_pc_next_logic._1386_/A (sky130_fd_sc_hd__nand2_2)
                  0.05    0.07    0.55 v u_pc_next_logic._1386_/Y (sky130_fd_sc_hd__nand2_2)
     2    0.01                           u_pc_next_logic._0619_ (net)
                  0.05    0.00    0.55 v u_pc_next_logic._1391_/A (sky130_fd_sc_hd__xnor2_2)
                  0.04    0.13    0.68 v u_pc_next_logic._1391_/Y (sky130_fd_sc_hd__xnor2_2)
     1    0.00                           u_pc_next_logic._0624_ (net)
                  0.04    0.00    0.68 v u_pc_next_logic._1392_/B (sky130_fd_sc_hd__nand2_2)
                  0.03    0.05    0.73 ^ u_pc_next_logic._1392_/Y (sky130_fd_sc_hd__nand2_2)
     1    0.00                           u_pc_next_logic._0625_ (net)
                  0.03    0.00    0.73 ^ u_pc_next_logic._1393_/B2 (sky130_fd_sc_hd__a22o_2)
                  0.03    0.11    0.84 ^ u_pc_next_logic._1393_/X (sky130_fd_sc_hd__a22o_2)
     1    0.00                           u_pc_next_logic.pc_next[22] (net)
                  0.03    0.00    0.84 ^ u_pc_reg._114_/B (sky130_fd_sc_hd__and2_2)
                  0.03    0.12    0.96 ^ u_pc_reg._114_/X (sky130_fd_sc_hd__and2_2)
     1    0.00                           u_pc_reg._039_ (net)
                  0.03    0.00    0.96 ^ u_pc_reg._115_/A (sky130_fd_sc_hd__buf_1)
                  0.03    0.07    1.03 ^ u_pc_reg._115_/X (sky130_fd_sc_hd__buf_1)
     1    0.00                           u_pc_reg._022_ (net)
                  0.03    0.00    1.03 ^ u_pc_reg._156_/D (sky130_fd_sc_hd__dfxtp_2)
                                  1.03   data arrival time

                  0.10    0.00    0.00   clock clk (rise edge)
                          0.00    0.00   clock network delay (ideal)
                          0.20    0.20   clock uncertainty
                          0.00    0.20   clock reconvergence pessimism
                                  0.20 ^ u_pc_reg._156_/CLK (sky130_fd_sc_hd__dfxtp_2)
                         -0.02    0.18   library hold time
                                  0.18   data required time
-----------------------------------------------------------------------------
                                  0.18   data required time
                                 -1.03   data arrival time
-----------------------------------------------------------------------------
                                  0.85   slack (MET)


Startpoint: u_pc_reg._150_ (rising edge-triggered flip-flop clocked by clk)
Endpoint: u_pc_reg._150_ (rising edge-triggered flip-flop clocked by clk)
Path Group: clk
Path Type: min

Fanout     Cap    Slew   Delay    Time   Description
-----------------------------------------------------------------------------
                  0.10    0.00    0.00   clock clk (rise edge)
                          0.00    0.00   clock network delay (ideal)
                  0.10    0.00    0.00 ^ u_pc_reg._150_/CLK (sky130_fd_sc_hd__dfxtp_2)
                  0.09    0.39    0.39 v u_pc_reg._150_/Q (sky130_fd_sc_hd__dfxtp_2)
    13    0.03                           u_imem.addr[16] (net)
                  0.09    0.00    0.39 v u_pc_next_logic._1248_/A (sky130_fd_sc_hd__nand2_2)
                  0.07    0.10    0.49 ^ u_pc_next_logic._1248_/Y (sky130_fd_sc_hd__nand2_2)
     3    0.01                           u_pc_next_logic._0487_ (net)
                  0.07    0.00    0.49 ^ u_pc_next_logic._1250_/A (sky130_fd_sc_hd__nand2_2)
                  0.06    0.08    0.56 v u_pc_next_logic._1250_/Y (sky130_fd_sc_hd__nand2_2)
     3    0.01                           u_pc_next_logic._0489_ (net)
                  0.06    0.00    0.56 v u_pc_next_logic._1251_/B (sky130_fd_sc_hd__xnor2_2)
                  0.04    0.13    0.70 v u_pc_next_logic._1251_/Y (sky130_fd_sc_hd__xnor2_2)
     1    0.00                           u_pc_next_logic._0490_ (net)
                  0.04    0.00    0.70 v u_pc_next_logic._1252_/B (sky130_fd_sc_hd__nand2_2)
                  0.04    0.05    0.75 ^ u_pc_next_logic._1252_/Y (sky130_fd_sc_hd__nand2_2)
     1    0.00                           u_pc_next_logic._0491_ (net)
                  0.04    0.00    0.75 ^ u_pc_next_logic._1253_/B2 (sky130_fd_sc_hd__a32o_2)
                  0.03    0.10    0.85 ^ u_pc_next_logic._1253_/X (sky130_fd_sc_hd__a32o_2)
     1    0.00                           u_pc_next_logic.pc_next[16] (net)
                  0.03    0.00    0.85 ^ u_pc_reg._101_/B (sky130_fd_sc_hd__and2_2)
                  0.03    0.12    0.97 ^ u_pc_reg._101_/X (sky130_fd_sc_hd__and2_2)
     1    0.00                           u_pc_reg._032_ (net)
                  0.03    0.00    0.97 ^ u_pc_reg._102_/A (sky130_fd_sc_hd__buf_1)
                  0.03    0.07    1.04 ^ u_pc_reg._102_/X (sky130_fd_sc_hd__buf_1)
     1    0.00                           u_pc_reg._016_ (net)
                  0.03    0.00    1.04 ^ u_pc_reg._150_/D (sky130_fd_sc_hd__dfxtp_2)
                                  1.04   data arrival time

                  0.10    0.00    0.00   clock clk (rise edge)
                          0.00    0.00   clock network delay (ideal)
                          0.20    0.20   clock uncertainty
                          0.00    0.20   clock reconvergence pessimism
                                  0.20 ^ u_pc_reg._150_/CLK (sky130_fd_sc_hd__dfxtp_2)
                         -0.02    0.18   library hold time
                                  0.18   data required time
-----------------------------------------------------------------------------
                                  0.18   data required time
                                 -1.04   data arrival time
-----------------------------------------------------------------------------
                                  0.86   slack (MET)


Startpoint: u_pc_reg._163_ (rising edge-triggered flip-flop clocked by clk)
Endpoint: u_pc_reg._163_ (rising edge-triggered flip-flop clocked by clk)
Path Group: clk
Path Type: min

Fanout     Cap    Slew   Delay    Time   Description
-----------------------------------------------------------------------------
                  0.10    0.00    0.00   clock clk (rise edge)
                          0.00    0.00   clock network delay (ideal)
                  0.10    0.00    0.00 ^ u_pc_reg._163_/CLK (sky130_fd_sc_hd__dfxtp_2)
                  0.08    0.38    0.38 v u_pc_reg._163_/Q (sky130_fd_sc_hd__dfxtp_2)
    11    0.03                           u_imem.addr[29] (net)
                  0.08    0.00    0.38 v u_pc_next_logic._1555_/A (sky130_fd_sc_hd__nand2_2)
                  0.04    0.07    0.45 ^ u_pc_next_logic._1555_/Y (sky130_fd_sc_hd__nand2_2)
     1    0.00                           u_pc_next_logic._0010_ (net)
                  0.04    0.00    0.45 ^ u_pc_next_logic._1556_/B (sky130_fd_sc_hd__nand2_2)
                  0.04    0.06    0.51 v u_pc_next_logic._1556_/Y (sky130_fd_sc_hd__nand2_2)
     1    0.01                           u_pc_next_logic._0011_ (net)
                  0.04    0.00    0.51 v u_pc_next_logic._1558_/A (sky130_fd_sc_hd__xnor2_2)
                  0.03    0.13    0.64 ^ u_pc_next_logic._1558_/Y (sky130_fd_sc_hd__xnor2_2)
     1    0.00                           u_pc_next_logic._0013_ (net)
                  0.03    0.00    0.64 ^ u_pc_next_logic._1566_/A2 (sky130_fd_sc_hd__a211o_2)
                  0.03    0.12    0.76 ^ u_pc_next_logic._1566_/X (sky130_fd_sc_hd__a211o_2)
     1    0.00                           u_pc_next_logic._0021_ (net)
                  0.03    0.00    0.76 ^ u_pc_next_logic._1567_/B1 (sky130_fd_sc_hd__o21ai_2)
                  0.02    0.04    0.80 v u_pc_next_logic._1567_/Y (sky130_fd_sc_hd__o21ai_2)
     1    0.00                           u_pc_next_logic.pc_next[29] (net)
                  0.02    0.00    0.80 v u_pc_reg._128_/B (sky130_fd_sc_hd__and2_2)
                  0.03    0.17    0.96 v u_pc_reg._128_/X (sky130_fd_sc_hd__and2_2)
     1    0.00                           u_pc_reg._046_ (net)
                  0.03    0.00    0.96 v u_pc_reg._129_/A (sky130_fd_sc_hd__buf_1)
                  0.02    0.08    1.04 v u_pc_reg._129_/X (sky130_fd_sc_hd__buf_1)
     1    0.00                           u_pc_reg._029_ (net)
                  0.02    0.00    1.04 v u_pc_reg._163_/D (sky130_fd_sc_hd__dfxtp_2)
                                  1.04   data arrival time

                  0.10    0.00    0.00   clock clk (rise edge)
                          0.00    0.00   clock network delay (ideal)
                          0.20    0.20   clock uncertainty
                          0.00    0.20   clock reconvergence pessimism
                                  0.20 ^ u_pc_reg._163_/CLK (sky130_fd_sc_hd__dfxtp_2)
                         -0.02    0.18   library hold time
                                  0.18   data required time
-----------------------------------------------------------------------------
                                  0.18   data required time
                                 -1.04   data arrival time
-----------------------------------------------------------------------------
                                  0.86   slack (MET)


Startpoint: u_pc_reg._135_ (rising edge-triggered flip-flop clocked by clk)
Endpoint: u_pc_reg._135_ (rising edge-triggered flip-flop clocked by clk)
Path Group: clk
Path Type: min

Fanout     Cap    Slew   Delay    Time   Description
-----------------------------------------------------------------------------
                  0.10    0.00    0.00   clock clk (rise edge)
                          0.00    0.00   clock network delay (ideal)
                  0.10    0.00    0.00 ^ u_pc_reg._135_/CLK (sky130_fd_sc_hd__dfxtp_2)
                  0.08    0.38    0.38 v u_pc_reg._135_/Q (sky130_fd_sc_hd__dfxtp_2)
    11    0.03                           u_imem.addr[1] (net)
                  0.08    0.00    0.38 v u_pc_next_logic._0877_/A1_N (sky130_fd_sc_hd__o2bb2a_2)
                  0.04    0.25    0.63 ^ u_pc_next_logic._0877_/X (sky130_fd_sc_hd__o2bb2a_2)
     1    0.00                           u_pc_next_logic._0131_ (net)
                  0.04    0.00    0.63 ^ u_pc_next_logic._0878_/B1 (sky130_fd_sc_hd__o22a_2)
                  0.04    0.13    0.76 ^ u_pc_next_logic._0878_/X (sky130_fd_sc_hd__o22a_2)
     1    0.00                           u_pc_next_logic._0132_ (net)
                  0.04    0.00    0.76 ^ u_pc_next_logic._0885_/A2 (sky130_fd_sc_hd__o21ai_2)
                  0.02    0.04    0.80 v u_pc_next_logic._0885_/Y (sky130_fd_sc_hd__o21ai_2)
     1    0.00                           u_pc_next_logic.pc_next[1] (net)
                  0.02    0.00    0.80 v u_pc_reg._070_/B (sky130_fd_sc_hd__and2_2)
                  0.03    0.17    0.97 v u_pc_reg._070_/X (sky130_fd_sc_hd__and2_2)
     1    0.00                           u_pc_reg._051_ (net)
                  0.03    0.00    0.97 v u_pc_reg._071_/A (sky130_fd_sc_hd__buf_1)
                  0.02    0.08    1.04 v u_pc_reg._071_/X (sky130_fd_sc_hd__buf_1)
     1    0.00                           u_pc_reg._001_ (net)
                  0.02    0.00    1.04 v u_pc_reg._135_/D (sky130_fd_sc_hd__dfxtp_2)
                                  1.04   data arrival time

                  0.10    0.00    0.00   clock clk (rise edge)
                          0.00    0.00   clock network delay (ideal)
                          0.20    0.20   clock uncertainty
                          0.00    0.20   clock reconvergence pessimism
                                  0.20 ^ u_pc_reg._135_/CLK (sky130_fd_sc_hd__dfxtp_2)
                         -0.02    0.18   library hold time
                                  0.18   data required time
-----------------------------------------------------------------------------
                                  0.18   data required time
                                 -1.04   data arrival time
-----------------------------------------------------------------------------
                                  0.87   slack (MET)


Startpoint: u_pc_reg._150_ (rising edge-triggered flip-flop clocked by clk)
Endpoint: u_pc_reg._151_ (rising edge-triggered flip-flop clocked by clk)
Path Group: clk
Path Type: min

Fanout     Cap    Slew   Delay    Time   Description
-----------------------------------------------------------------------------
                  0.10    0.00    0.00   clock clk (rise edge)
                          0.00    0.00   clock network delay (ideal)
                  0.10    0.00    0.00 ^ u_pc_reg._150_/CLK (sky130_fd_sc_hd__dfxtp_2)
                  0.09    0.39    0.39 v u_pc_reg._150_/Q (sky130_fd_sc_hd__dfxtp_2)
    13    0.03                           u_imem.addr[16] (net)
                  0.09    0.00    0.39 v u_pc_next_logic._1248_/A (sky130_fd_sc_hd__nand2_2)
                  0.07    0.10    0.49 ^ u_pc_next_logic._1248_/Y (sky130_fd_sc_hd__nand2_2)
     3    0.01                           u_pc_next_logic._0487_ (net)
                  0.07    0.00    0.49 ^ u_pc_next_logic._1260_/B1 (sky130_fd_sc_hd__o21ai_2)
                  0.05    0.07    0.55 v u_pc_next_logic._1260_/Y (sky130_fd_sc_hd__o21ai_2)
     1    0.01                           u_pc_next_logic._0498_ (net)
                  0.05    0.00    0.55 v u_pc_next_logic._1261_/B (sky130_fd_sc_hd__xnor2_2)
                  0.03    0.11    0.66 ^ u_pc_next_logic._1261_/Y (sky130_fd_sc_hd__xnor2_2)
     1    0.00                           u_pc_next_logic._0499_ (net)
                  0.03    0.00    0.66 ^ u_pc_next_logic._1267_/A2 (sky130_fd_sc_hd__a211o_2)
                  0.03    0.11    0.77 ^ u_pc_next_logic._1267_/X (sky130_fd_sc_hd__a211o_2)
     1    0.00                           u_pc_next_logic._0505_ (net)
                  0.03    0.00    0.77 ^ u_pc_next_logic._1268_/B1 (sky130_fd_sc_hd__o21a_2)
                  0.02    0.10    0.87 ^ u_pc_next_logic._1268_/X (sky130_fd_sc_hd__o21a_2)
     1    0.00                           u_pc_next_logic.pc_next[17] (net)
                  0.02    0.00    0.87 ^ u_pc_reg._103_/B (sky130_fd_sc_hd__and2_2)
                  0.03    0.12    0.99 ^ u_pc_reg._103_/X (sky130_fd_sc_hd__and2_2)
     1    0.00                           u_pc_reg._033_ (net)
                  0.03    0.00    0.99 ^ u_pc_reg._104_/A (sky130_fd_sc_hd__buf_1)
                  0.03    0.07    1.05 ^ u_pc_reg._104_/X (sky130_fd_sc_hd__buf_1)
     1    0.00                           u_pc_reg._017_ (net)
                  0.03    0.00    1.05 ^ u_pc_reg._151_/D (sky130_fd_sc_hd__dfxtp_2)
                                  1.05   data arrival time

                  0.10    0.00    0.00   clock clk (rise edge)
                          0.00    0.00   clock network delay (ideal)
                          0.20    0.20   clock uncertainty
                          0.00    0.20   clock reconvergence pessimism
                                  0.20 ^ u_pc_reg._151_/CLK (sky130_fd_sc_hd__dfxtp_2)
                         -0.02    0.18   library hold time
                                  0.18   data required time
-----------------------------------------------------------------------------
                                  0.18   data required time
                                 -1.05   data arrival time
-----------------------------------------------------------------------------
                                  0.88   slack (MET)


Startpoint: u_pc_reg._161_ (rising edge-triggered flip-flop clocked by clk)
Endpoint: u_pc_reg._161_ (rising edge-triggered flip-flop clocked by clk)
Path Group: clk
Path Type: min

Fanout     Cap    Slew   Delay    Time   Description
-----------------------------------------------------------------------------
                  0.10    0.00    0.00   clock clk (rise edge)
                          0.00    0.00   clock network delay (ideal)
                  0.10    0.00    0.00 ^ u_pc_reg._161_/CLK (sky130_fd_sc_hd__dfxtp_2)
                  0.11    0.40    0.40 v u_pc_reg._161_/Q (sky130_fd_sc_hd__dfxtp_2)
    13    0.04                           u_imem.addr[27] (net)
                  0.11    0.00    0.40 v u_pc_next_logic._0839_/A (sky130_fd_sc_hd__xor2_2)
                  0.09    0.18    0.58 ^ u_pc_next_logic._0839_/X (sky130_fd_sc_hd__xor2_2)
     2    0.00                           u_pc_next_logic.pc_plus4[27] (net)
                  0.09    0.00    0.58 ^ u_pc_next_logic._1507_/A1 (sky130_fd_sc_hd__o211a_2)
                  0.04    0.18    0.76 ^ u_pc_next_logic._1507_/X (sky130_fd_sc_hd__o211a_2)
     1    0.00                           u_pc_next_logic._0735_ (net)
                  0.04    0.00    0.76 ^ u_pc_next_logic._1514_/B1 (sky130_fd_sc_hd__o22a_2)
                  0.03    0.12    0.87 ^ u_pc_next_logic._1514_/X (sky130_fd_sc_hd__o22a_2)
     1    0.00                           u_pc_next_logic.pc_next[27] (net)
                  0.03    0.00    0.87 ^ u_pc_reg._124_/B (sky130_fd_sc_hd__and2_2)
                  0.03    0.12    0.99 ^ u_pc_reg._124_/X (sky130_fd_sc_hd__and2_2)
     1    0.00                           u_pc_reg._044_ (net)
                  0.03    0.00    0.99 ^ u_pc_reg._125_/A (sky130_fd_sc_hd__buf_1)
                  0.03    0.07    1.06 ^ u_pc_reg._125_/X (sky130_fd_sc_hd__buf_1)
     1    0.00                           u_pc_reg._027_ (net)
                  0.03    0.00    1.06 ^ u_pc_reg._161_/D (sky130_fd_sc_hd__dfxtp_2)
                                  1.06   data arrival time

                  0.10    0.00    0.00   clock clk (rise edge)
                          0.00    0.00   clock network delay (ideal)
                          0.20    0.20   clock uncertainty
                          0.00    0.20   clock reconvergence pessimism
                                  0.20 ^ u_pc_reg._161_/CLK (sky130_fd_sc_hd__dfxtp_2)
                         -0.02    0.18   library hold time
                                  0.18   data required time
-----------------------------------------------------------------------------
                                  0.18   data required time
                                 -1.06   data arrival time
-----------------------------------------------------------------------------
                                  0.88   slack (MET)


Startpoint: u_pc_reg._136_ (rising edge-triggered flip-flop clocked by clk)
Endpoint: u_pc_reg._136_ (rising edge-triggered flip-flop clocked by clk)
Path Group: clk
Path Type: min

Fanout     Cap    Slew   Delay    Time   Description
-----------------------------------------------------------------------------
                  0.10    0.00    0.00   clock clk (rise edge)
                          0.00    0.00   clock network delay (ideal)
                  0.10    0.00    0.00 ^ u_pc_reg._136_/CLK (sky130_fd_sc_hd__dfxtp_2)
                  0.11    0.41    0.41 v u_pc_reg._136_/Q (sky130_fd_sc_hd__dfxtp_2)
    15    0.04                           u_imem.addr[2] (net)
                  0.11    0.00    0.41 v u_pc_next_logic._0897_/A (sky130_fd_sc_hd__nand2_2)
                  0.05    0.09    0.50 ^ u_pc_next_logic._0897_/Y (sky130_fd_sc_hd__nand2_2)
     2    0.01                           u_pc_next_logic._0150_ (net)
                  0.05    0.00    0.50 ^ u_pc_next_logic._0898_/B (sky130_fd_sc_hd__nand2_2)
                  0.04    0.06    0.56 v u_pc_next_logic._0898_/Y (sky130_fd_sc_hd__nand2_2)
     1    0.01                           u_pc_next_logic._0151_ (net)
                  0.04    0.00    0.56 v u_pc_next_logic._0899_/B (sky130_fd_sc_hd__xor2_2)
                  0.07    0.10    0.66 ^ u_pc_next_logic._0899_/X (sky130_fd_sc_hd__xor2_2)
     1    0.00                           u_pc_next_logic._0152_ (net)
                  0.07    0.00    0.66 ^ u_pc_next_logic._0910_/A2 (sky130_fd_sc_hd__a211o_2)
                  0.03    0.13    0.79 ^ u_pc_next_logic._0910_/X (sky130_fd_sc_hd__a211o_2)
     1    0.00                           u_pc_next_logic._0163_ (net)
                  0.03    0.00    0.79 ^ u_pc_next_logic._0911_/B1 (sky130_fd_sc_hd__o21ai_2)
                  0.02    0.04    0.82 v u_pc_next_logic._0911_/Y (sky130_fd_sc_hd__o21ai_2)
     1    0.00                           u_pc_next_logic.pc_next[2] (net)
                  0.02    0.00    0.82 v u_pc_reg._072_/B (sky130_fd_sc_hd__and2_2)
                  0.03    0.17    0.99 v u_pc_reg._072_/X (sky130_fd_sc_hd__and2_2)
     1    0.00                           u_pc_reg._052_ (net)
                  0.03    0.00    0.99 v u_pc_reg._073_/A (sky130_fd_sc_hd__buf_1)
                  0.02    0.08    1.07 v u_pc_reg._073_/X (sky130_fd_sc_hd__buf_1)
     1    0.00                           u_pc_reg._002_ (net)
                  0.02    0.00    1.07 v u_pc_reg._136_/D (sky130_fd_sc_hd__dfxtp_2)
                                  1.07   data arrival time

                  0.10    0.00    0.00   clock clk (rise edge)
                          0.00    0.00   clock network delay (ideal)
                          0.20    0.20   clock uncertainty
                          0.00    0.20   clock reconvergence pessimism
                                  0.20 ^ u_pc_reg._136_/CLK (sky130_fd_sc_hd__dfxtp_2)
                         -0.02    0.18   library hold time
                                  0.18   data required time
-----------------------------------------------------------------------------
                                  0.18   data required time
                                 -1.07   data arrival time
-----------------------------------------------------------------------------
                                  0.89   slack (MET)


Startpoint: u_pc_reg._142_ (rising edge-triggered flip-flop clocked by clk)
Endpoint: u_pc_reg._143_ (rising edge-triggered flip-flop clocked by clk)
Path Group: clk
Path Type: min

Fanout     Cap    Slew   Delay    Time   Description
-----------------------------------------------------------------------------
                  0.10    0.00    0.00   clock clk (rise edge)
                          0.00    0.00   clock network delay (ideal)
                  0.10    0.00    0.00 ^ u_pc_reg._142_/CLK (sky130_fd_sc_hd__dfxtp_2)
                  0.08    0.38    0.38 v u_pc_reg._142_/Q (sky130_fd_sc_hd__dfxtp_2)
    11    0.03                           u_imem.addr[8] (net)
                  0.08    0.00    0.38 v u_pc_next_logic._1025_/A (sky130_fd_sc_hd__nand2_2)
                  0.07    0.09    0.47 ^ u_pc_next_logic._1025_/Y (sky130_fd_sc_hd__nand2_2)
     3    0.01                           u_pc_next_logic._0272_ (net)
                  0.07    0.00    0.47 ^ u_pc_next_logic._1062_/B1 (sky130_fd_sc_hd__o21ai_2)
                  0.05    0.07    0.54 v u_pc_next_logic._1062_/Y (sky130_fd_sc_hd__o21ai_2)
     1    0.01                           u_pc_next_logic._0308_ (net)
                  0.05    0.00    0.54 v u_pc_next_logic._1063_/B (sky130_fd_sc_hd__xnor2_2)
                  0.03    0.10    0.64 ^ u_pc_next_logic._1063_/Y (sky130_fd_sc_hd__xnor2_2)
     1    0.00                           u_pc_next_logic._0309_ (net)
                  0.03    0.00    0.64 ^ u_pc_next_logic._1070_/A0 (sky130_fd_sc_hd__mux2_2)
                  0.04    0.13    0.77 ^ u_pc_next_logic._1070_/X (sky130_fd_sc_hd__mux2_2)
     1    0.00                           u_pc_next_logic._0316_ (net)
                  0.04    0.00    0.77 ^ u_pc_next_logic._1071_/B1 (sky130_fd_sc_hd__o22a_2)
                  0.03    0.12    0.88 ^ u_pc_next_logic._1071_/X (sky130_fd_sc_hd__o22a_2)
     1    0.00                           u_pc_next_logic.pc_next[9] (net)
                  0.03    0.00    0.88 ^ u_pc_reg._086_/B (sky130_fd_sc_hd__and2_2)
                  0.03    0.12    1.00 ^ u_pc_reg._086_/X (sky130_fd_sc_hd__and2_2)
     1    0.00                           u_pc_reg._059_ (net)
                  0.03    0.00    1.00 ^ u_pc_reg._087_/A (sky130_fd_sc_hd__buf_1)
                  0.03    0.07    1.07 ^ u_pc_reg._087_/X (sky130_fd_sc_hd__buf_1)
     1    0.00                           u_pc_reg._009_ (net)
                  0.03    0.00    1.07 ^ u_pc_reg._143_/D (sky130_fd_sc_hd__dfxtp_2)
                                  1.07   data arrival time

                  0.10    0.00    0.00   clock clk (rise edge)
                          0.00    0.00   clock network delay (ideal)
                          0.20    0.20   clock uncertainty
                          0.00    0.20   clock reconvergence pessimism
                                  0.20 ^ u_pc_reg._143_/CLK (sky130_fd_sc_hd__dfxtp_2)
                         -0.02    0.18   library hold time
                                  0.18   data required time
-----------------------------------------------------------------------------
                                  0.18   data required time
                                 -1.07   data arrival time
-----------------------------------------------------------------------------
                                  0.89   slack (MET)


Startpoint: u_pc_reg._158_ (rising edge-triggered flip-flop clocked by clk)
Endpoint: u_pc_reg._159_ (rising edge-triggered flip-flop clocked by clk)
Path Group: clk
Path Type: min

Fanout     Cap    Slew   Delay    Time   Description
-----------------------------------------------------------------------------
                  0.10    0.00    0.00   clock clk (rise edge)
                          0.00    0.00   clock network delay (ideal)
                  0.10    0.00    0.00 ^ u_pc_reg._158_/CLK (sky130_fd_sc_hd__dfxtp_2)
                  0.09    0.39    0.39 v u_pc_reg._158_/Q (sky130_fd_sc_hd__dfxtp_2)
    12    0.04                           u_imem.addr[24] (net)
                  0.09    0.00    0.39 v u_pc_next_logic._1420_/A (sky130_fd_sc_hd__nand2_2)
                  0.09    0.11    0.50 ^ u_pc_next_logic._1420_/Y (sky130_fd_sc_hd__nand2_2)
     4    0.01                           u_pc_next_logic._0651_ (net)
                  0.09    0.00    0.50 ^ u_pc_next_logic._1462_/A (sky130_fd_sc_hd__nand2_2)
                  0.04    0.06    0.56 v u_pc_next_logic._1462_/Y (sky130_fd_sc_hd__nand2_2)
     2    0.01                           u_pc_next_logic._0692_ (net)
                  0.04    0.00    0.56 v u_pc_next_logic._1463_/B (sky130_fd_sc_hd__nor2_2)
                  0.06    0.06    0.62 ^ u_pc_next_logic._1463_/Y (sky130_fd_sc_hd__nor2_2)
     1    0.00                           u_pc_next_logic._0693_ (net)
                  0.06    0.00    0.62 ^ u_pc_next_logic._1472_/A1 (sky130_fd_sc_hd__o22a_2)
                  0.03    0.13    0.76 ^ u_pc_next_logic._1472_/X (sky130_fd_sc_hd__o22a_2)
     1    0.00                           u_pc_next_logic._0702_ (net)
                  0.03    0.00    0.76 ^ u_pc_next_logic._1473_/B2 (sky130_fd_sc_hd__a2bb2o_2)
                  0.03    0.13    0.88 ^ u_pc_next_logic._1473_/X (sky130_fd_sc_hd__a2bb2o_2)
     1    0.00                           u_pc_next_logic.pc_next[25] (net)
                  0.03    0.00    0.88 ^ u_pc_reg._120_/B (sky130_fd_sc_hd__and2_2)
                  0.03    0.12    1.00 ^ u_pc_reg._120_/X (sky130_fd_sc_hd__and2_2)
     1    0.00                           u_pc_reg._042_ (net)
                  0.03    0.00    1.00 ^ u_pc_reg._121_/A (sky130_fd_sc_hd__buf_1)
                  0.03    0.07    1.07 ^ u_pc_reg._121_/X (sky130_fd_sc_hd__buf_1)
     1    0.00                           u_pc_reg._025_ (net)
                  0.03    0.00    1.07 ^ u_pc_reg._159_/D (sky130_fd_sc_hd__dfxtp_2)
                                  1.07   data arrival time

                  0.10    0.00    0.00   clock clk (rise edge)
                          0.00    0.00   clock network delay (ideal)
                          0.20    0.20   clock uncertainty
                          0.00    0.20   clock reconvergence pessimism
                                  0.20 ^ u_pc_reg._159_/CLK (sky130_fd_sc_hd__dfxtp_2)
                         -0.02    0.18   library hold time
                                  0.18   data required time
-----------------------------------------------------------------------------
                                  0.18   data required time
                                 -1.07   data arrival time
-----------------------------------------------------------------------------
                                  0.89   slack (MET)


Startpoint: u_pc_reg._164_ (rising edge-triggered flip-flop clocked by clk)
Endpoint: u_pc_reg._164_ (rising edge-triggered flip-flop clocked by clk)
Path Group: clk
Path Type: min

Fanout     Cap    Slew   Delay    Time   Description
-----------------------------------------------------------------------------
                  0.10    0.00    0.00   clock clk (rise edge)
                          0.00    0.00   clock network delay (ideal)
                  0.10    0.00    0.00 ^ u_pc_reg._164_/CLK (sky130_fd_sc_hd__dfxtp_2)
                  0.08    0.38    0.38 v u_pc_reg._164_/Q (sky130_fd_sc_hd__dfxtp_2)
    10    0.03                           u_imem.addr[30] (net)
                  0.08    0.00    0.38 v u_pc_next_logic._1581_/A (sky130_fd_sc_hd__nand2_2)
                  0.09    0.11    0.49 ^ u_pc_next_logic._1581_/Y (sky130_fd_sc_hd__nand2_2)
     4    0.02                           u_pc_next_logic._0035_ (net)
                  0.09    0.00    0.49 ^ u_pc_next_logic._1583_/A (sky130_fd_sc_hd__nand2_2)
                  0.03    0.05    0.54 v u_pc_next_logic._1583_/Y (sky130_fd_sc_hd__nand2_2)
     1    0.00                           u_pc_next_logic._0037_ (net)
                  0.03    0.00    0.54 v u_pc_next_logic._1586_/A1 (sky130_fd_sc_hd__a21oi_2)
                  0.07    0.10    0.64 ^ u_pc_next_logic._1586_/Y (sky130_fd_sc_hd__a21oi_2)
     1    0.00                           u_pc_next_logic._0040_ (net)
                  0.07    0.00    0.64 ^ u_pc_next_logic._1588_/B1 (sky130_fd_sc_hd__a22o_2)
                  0.03    0.12    0.75 ^ u_pc_next_logic._1588_/X (sky130_fd_sc_hd__a22o_2)
     1    0.00                           u_pc_next_logic._0042_ (net)
                  0.03    0.00    0.75 ^ u_pc_next_logic._1589_/B1 (sky130_fd_sc_hd__a2bb2o_2)
                  0.03    0.13    0.88 ^ u_pc_next_logic._1589_/X (sky130_fd_sc_hd__a2bb2o_2)
     1    0.00                           u_pc_next_logic.pc_next[30] (net)
                  0.03    0.00    0.88 ^ u_pc_reg._130_/B (sky130_fd_sc_hd__and2_2)
                  0.03    0.12    1.00 ^ u_pc_reg._130_/X (sky130_fd_sc_hd__and2_2)
     1    0.00                           u_pc_reg._047_ (net)
                  0.03    0.00    1.00 ^ u_pc_reg._131_/A (sky130_fd_sc_hd__buf_1)
                  0.03    0.07    1.07 ^ u_pc_reg._131_/X (sky130_fd_sc_hd__buf_1)
     1    0.00                           u_pc_reg._030_ (net)
                  0.03    0.00    1.07 ^ u_pc_reg._164_/D (sky130_fd_sc_hd__dfxtp_2)
                                  1.07   data arrival time

                  0.10    0.00    0.00   clock clk (rise edge)
                          0.00    0.00   clock network delay (ideal)
                          0.20    0.20   clock uncertainty
                          0.00    0.20   clock reconvergence pessimism
                                  0.20 ^ u_pc_reg._164_/CLK (sky130_fd_sc_hd__dfxtp_2)
                         -0.02    0.18   library hold time
                                  0.18   data required time
-----------------------------------------------------------------------------
                                  0.18   data required time
                                 -1.07   data arrival time
-----------------------------------------------------------------------------
                                  0.89   slack (MET)


Startpoint: u_pc_reg._149_ (rising edge-triggered flip-flop clocked by clk)
Endpoint: u_pc_reg._149_ (rising edge-triggered flip-flop clocked by clk)
Path Group: clk
Path Type: min

Fanout     Cap    Slew   Delay    Time   Description
-----------------------------------------------------------------------------
                  0.10    0.00    0.00   clock clk (rise edge)
                          0.00    0.00   clock network delay (ideal)
                  0.10    0.00    0.00 ^ u_pc_reg._149_/CLK (sky130_fd_sc_hd__dfxtp_2)
                  0.10    0.40    0.40 v u_pc_reg._149_/Q (sky130_fd_sc_hd__dfxtp_2)
    12    0.04                           u_imem.addr[15] (net)
                  0.10    0.00    0.40 v u_pc_next_logic._1198_/A (sky130_fd_sc_hd__nand2_2)
                  0.05    0.08    0.48 ^ u_pc_next_logic._1198_/Y (sky130_fd_sc_hd__nand2_2)
     2    0.01                           u_pc_next_logic._0438_ (net)
                  0.05    0.00    0.48 ^ u_pc_next_logic._1200_/A (sky130_fd_sc_hd__nand2_2)
                  0.06    0.07    0.55 v u_pc_next_logic._1200_/Y (sky130_fd_sc_hd__nand2_2)
     2    0.01                           u_pc_next_logic._0440_ (net)
                  0.06    0.00    0.55 v u_pc_next_logic._1203_/A (sky130_fd_sc_hd__xnor2_2)
                  0.03    0.14    0.68 ^ u_pc_next_logic._1203_/Y (sky130_fd_sc_hd__xnor2_2)
     1    0.00                           u_pc_next_logic._0443_ (net)
                  0.03    0.00    0.68 ^ u_pc_next_logic._1211_/A2 (sky130_fd_sc_hd__a211o_2)
                  0.03    0.11    0.79 ^ u_pc_next_logic._1211_/X (sky130_fd_sc_hd__a211o_2)
     1    0.00                           u_pc_next_logic._0451_ (net)
                  0.03    0.00    0.79 ^ u_pc_next_logic._1212_/B1 (sky130_fd_sc_hd__o21a_2)
                  0.02    0.10    0.89 ^ u_pc_next_logic._1212_/X (sky130_fd_sc_hd__o21a_2)
     1    0.00                           u_pc_next_logic.pc_next[15] (net)
                  0.02    0.00    0.89 ^ u_pc_reg._099_/B (sky130_fd_sc_hd__and2_2)
                  0.03    0.12    1.01 ^ u_pc_reg._099_/X (sky130_fd_sc_hd__and2_2)
     1    0.00                           u_pc_reg._066_ (net)
                  0.03    0.00    1.01 ^ u_pc_reg._100_/A (sky130_fd_sc_hd__buf_1)
                  0.03    0.07    1.08 ^ u_pc_reg._100_/X (sky130_fd_sc_hd__buf_1)
     1    0.00                           u_pc_reg._015_ (net)
                  0.03    0.00    1.08 ^ u_pc_reg._149_/D (sky130_fd_sc_hd__dfxtp_2)
                                  1.08   data arrival time

                  0.10    0.00    0.00   clock clk (rise edge)
                          0.00    0.00   clock network delay (ideal)
                          0.20    0.20   clock uncertainty
                          0.00    0.20   clock reconvergence pessimism
                                  0.20 ^ u_pc_reg._149_/CLK (sky130_fd_sc_hd__dfxtp_2)
                         -0.02    0.18   library hold time
                                  0.18   data required time
-----------------------------------------------------------------------------
                                  0.18   data required time
                                 -1.08   data arrival time
-----------------------------------------------------------------------------
                                  0.90   slack (MET)


Startpoint: u_pc_reg._152_ (rising edge-triggered flip-flop clocked by clk)
Endpoint: u_pc_reg._152_ (rising edge-triggered flip-flop clocked by clk)
Path Group: clk
Path Type: min

Fanout     Cap    Slew   Delay    Time   Description
-----------------------------------------------------------------------------
                  0.10    0.00    0.00   clock clk (rise edge)
                          0.00    0.00   clock network delay (ideal)
                  0.10    0.00    0.00 ^ u_pc_reg._152_/CLK (sky130_fd_sc_hd__dfxtp_2)
                  0.13    0.42    0.42 v u_pc_reg._152_/Q (sky130_fd_sc_hd__dfxtp_2)
    14    0.05                           u_imem.addr[18] (net)
                  0.13    0.00    0.42 v u_pc_next_logic._0811_/A (sky130_fd_sc_hd__xnor2_2)
                  0.04    0.17    0.59 v u_pc_next_logic._0811_/Y (sky130_fd_sc_hd__xnor2_2)
     2    0.01                           u_pc_next_logic.pc_plus4[18] (net)
                  0.04    0.00    0.59 v u_pc_next_logic._1287_/A1 (sky130_fd_sc_hd__a21oi_2)
                  0.07    0.10    0.69 ^ u_pc_next_logic._1287_/Y (sky130_fd_sc_hd__a21oi_2)
     1    0.00                           u_pc_next_logic._0524_ (net)
                  0.07    0.00    0.69 ^ u_pc_next_logic._1295_/A2 (sky130_fd_sc_hd__a221o_2)
                  0.04    0.15    0.84 ^ u_pc_next_logic._1295_/X (sky130_fd_sc_hd__a221o_2)
     1    0.00                           u_pc_next_logic._0532_ (net)
                  0.04    0.00    0.84 ^ u_pc_next_logic._1296_/B1 (sky130_fd_sc_hd__o21ai_2)
                  0.02    0.04    0.88 v u_pc_next_logic._1296_/Y (sky130_fd_sc_hd__o21ai_2)
     1    0.00                           u_pc_next_logic.pc_next[18] (net)
                  0.02    0.00    0.88 v u_pc_reg._105_/B (sky130_fd_sc_hd__and2_2)
                  0.03    0.17    1.05 v u_pc_reg._105_/X (sky130_fd_sc_hd__and2_2)
     1    0.00                           u_pc_reg._034_ (net)
                  0.03    0.00    1.05 v u_pc_reg._106_/A (sky130_fd_sc_hd__buf_1)
                  0.02    0.08    1.13 v u_pc_reg._106_/X (sky130_fd_sc_hd__buf_1)
     1    0.00                           u_pc_reg._018_ (net)
                  0.02    0.00    1.13 v u_pc_reg._152_/D (sky130_fd_sc_hd__dfxtp_2)
                                  1.13   data arrival time

                  0.10    0.00    0.00   clock clk (rise edge)
                          0.00    0.00   clock network delay (ideal)
                          0.20    0.20   clock uncertainty
                          0.00    0.20   clock reconvergence pessimism
                                  0.20 ^ u_pc_reg._152_/CLK (sky130_fd_sc_hd__dfxtp_2)
                         -0.02    0.18   library hold time
                                  0.18   data required time
-----------------------------------------------------------------------------
                                  0.18   data required time
                                 -1.13   data arrival time
-----------------------------------------------------------------------------
                                  0.95   slack (MET)


Startpoint: u_pc_reg._156_ (rising edge-triggered flip-flop clocked by clk)
Endpoint: u_pc_reg._157_ (rising edge-triggered flip-flop clocked by clk)
Path Group: clk
Path Type: min

Fanout     Cap    Slew   Delay    Time   Description
-----------------------------------------------------------------------------
                  0.10    0.00    0.00   clock clk (rise edge)
                          0.00    0.00   clock network delay (ideal)
                  0.10    0.00    0.00 ^ u_pc_reg._156_/CLK (sky130_fd_sc_hd__dfxtp_2)
                  0.09    0.39    0.39 v u_pc_reg._156_/Q (sky130_fd_sc_hd__dfxtp_2)
    11    0.03                           u_imem.addr[22] (net)
                  0.09    0.00    0.39 v u_pc_next_logic._1384_/A (sky130_fd_sc_hd__nand2_2)
                  0.07    0.10    0.48 ^ u_pc_next_logic._1384_/Y (sky130_fd_sc_hd__nand2_2)
     3    0.01                           u_pc_next_logic._0617_ (net)
                  0.07    0.00    0.48 ^ u_pc_next_logic._1410_/B1 (sky130_fd_sc_hd__o21ai_2)
                  0.05    0.07    0.55 v u_pc_next_logic._1410_/Y (sky130_fd_sc_hd__o21ai_2)
     1    0.01                           u_pc_next_logic._0642_ (net)
                  0.05    0.00    0.55 v u_pc_next_logic._1411_/B (sky130_fd_sc_hd__xnor2_2)
                  0.03    0.11    0.66 ^ u_pc_next_logic._1411_/Y (sky130_fd_sc_hd__xnor2_2)
     1    0.00                           u_pc_next_logic._0643_ (net)
                  0.03    0.00    0.66 ^ u_pc_next_logic._1412_/B1 (sky130_fd_sc_hd__a22o_2)
                  0.03    0.11    0.76 ^ u_pc_next_logic._1412_/X (sky130_fd_sc_hd__a22o_2)
     1    0.00                           u_pc_next_logic._0644_ (net)
                  0.03    0.00    0.76 ^ u_pc_next_logic._1413_/A1 (sky130_fd_sc_hd__mux2_2)
                  0.03    0.12    0.89 ^ u_pc_next_logic._1413_/X (sky130_fd_sc_hd__mux2_2)
     1    0.00                           u_pc_next_logic._0645_ (net)
                  0.03    0.00    0.89 ^ u_pc_next_logic._1414_/A (sky130_fd_sc_hd__buf_1)
                  0.03    0.07    0.95 ^ u_pc_next_logic._1414_/X (sky130_fd_sc_hd__buf_1)
     1    0.00                           u_pc_next_logic.pc_next[23] (net)
                  0.03    0.00    0.95 ^ u_pc_reg._116_/B (sky130_fd_sc_hd__and2_2)
                  0.03    0.12    1.07 ^ u_pc_reg._116_/X (sky130_fd_sc_hd__and2_2)
     1    0.00                           u_pc_reg._040_ (net)
                  0.03    0.00    1.07 ^ u_pc_reg._117_/A (sky130_fd_sc_hd__buf_1)
                  0.03    0.07    1.14 ^ u_pc_reg._117_/X (sky130_fd_sc_hd__buf_1)
     1    0.00                           u_pc_reg._023_ (net)
                  0.03    0.00    1.14 ^ u_pc_reg._157_/D (sky130_fd_sc_hd__dfxtp_2)
                                  1.14   data arrival time

                  0.10    0.00    0.00   clock clk (rise edge)
                          0.00    0.00   clock network delay (ideal)
                          0.20    0.20   clock uncertainty
                          0.00    0.20   clock reconvergence pessimism
                                  0.20 ^ u_pc_reg._157_/CLK (sky130_fd_sc_hd__dfxtp_2)
                         -0.02    0.18   library hold time
                                  0.18   data required time
-----------------------------------------------------------------------------
                                  0.18   data required time
                                 -1.14   data arrival time
-----------------------------------------------------------------------------
                                  0.96   slack (MET)


Startpoint: u_pc_reg._143_ (rising edge-triggered flip-flop clocked by clk)
Endpoint: u_pc_reg._144_ (rising edge-triggered flip-flop clocked by clk)
Path Group: clk
Path Type: min

Fanout     Cap    Slew   Delay    Time   Description
-----------------------------------------------------------------------------
                  0.10    0.00    0.00   clock clk (rise edge)
                          0.00    0.00   clock network delay (ideal)
                  0.10    0.00    0.00 ^ u_pc_reg._143_/CLK (sky130_fd_sc_hd__dfxtp_2)
                  0.11    0.41    0.41 v u_pc_reg._143_/Q (sky130_fd_sc_hd__dfxtp_2)
    15    0.05                           u_imem.addr[9] (net)
                  0.11    0.00    0.41 v u_pc_next_logic._0789_/A1 (sky130_fd_sc_hd__a21oi_2)
                  0.09    0.15    0.56 ^ u_pc_next_logic._0789_/Y (sky130_fd_sc_hd__a21oi_2)
     1    0.00                           u_pc_next_logic._0066_ (net)
                  0.09    0.00    0.56 ^ u_pc_next_logic._0790_/B (sky130_fd_sc_hd__nor2_2)
                  0.03    0.05    0.61 v u_pc_next_logic._0790_/Y (sky130_fd_sc_hd__nor2_2)
     2    0.01                           u_pc_next_logic.pc_plus4[10] (net)
                  0.03    0.00    0.61 v u_pc_next_logic._1085_/A1 (sky130_fd_sc_hd__a21oi_2)
                  0.07    0.10    0.70 ^ u_pc_next_logic._1085_/Y (sky130_fd_sc_hd__a21oi_2)
     1    0.00                           u_pc_next_logic._0330_ (net)
                  0.07    0.00    0.70 ^ u_pc_next_logic._1093_/A2 (sky130_fd_sc_hd__a221o_2)
                  0.04    0.15    0.85 ^ u_pc_next_logic._1093_/X (sky130_fd_sc_hd__a221o_2)
     1    0.00                           u_pc_next_logic._0338_ (net)
                  0.04    0.00    0.85 ^ u_pc_next_logic._1094_/B1 (sky130_fd_sc_hd__o31ai_2)
                  0.02    0.05    0.90 v u_pc_next_logic._1094_/Y (sky130_fd_sc_hd__o31ai_2)
     1    0.00                           u_pc_next_logic.pc_next[10] (net)
                  0.02    0.00    0.90 v u_pc_reg._088_/B (sky130_fd_sc_hd__and2_2)
                  0.03    0.17    1.07 v u_pc_reg._088_/X (sky130_fd_sc_hd__and2_2)
     1    0.00                           u_pc_reg._060_ (net)
                  0.03    0.00    1.07 v u_pc_reg._089_/A (sky130_fd_sc_hd__buf_1)
                  0.02    0.08    1.14 v u_pc_reg._089_/X (sky130_fd_sc_hd__buf_1)
     1    0.00                           u_pc_reg._010_ (net)
                  0.02    0.00    1.14 v u_pc_reg._144_/D (sky130_fd_sc_hd__dfxtp_2)
                                  1.14   data arrival time

                  0.10    0.00    0.00   clock clk (rise edge)
                          0.00    0.00   clock network delay (ideal)
                          0.20    0.20   clock uncertainty
                          0.00    0.20   clock reconvergence pessimism
                                  0.20 ^ u_pc_reg._144_/CLK (sky130_fd_sc_hd__dfxtp_2)
                         -0.02    0.18   library hold time
                                  0.18   data required time
-----------------------------------------------------------------------------
                                  0.18   data required time
                                 -1.14   data arrival time
-----------------------------------------------------------------------------
                                  0.97   slack (MET)


Startpoint: u_pc_reg._139_ (rising edge-triggered flip-flop clocked by clk)
Endpoint: u_pc_reg._140_ (rising edge-triggered flip-flop clocked by clk)
Path Group: clk
Path Type: min

Fanout     Cap    Slew   Delay    Time   Description
-----------------------------------------------------------------------------
                  0.10    0.00    0.00   clock clk (rise edge)
                          0.00    0.00   clock network delay (ideal)
                  0.10    0.00    0.00 ^ u_pc_reg._139_/CLK (sky130_fd_sc_hd__dfxtp_2)
                  0.10    0.40    0.40 v u_pc_reg._139_/Q (sky130_fd_sc_hd__dfxtp_2)
    13    0.04                           u_imem.addr[5] (net)
                  0.10    0.00    0.40 v u_pc_next_logic._0981_/A (sky130_fd_sc_hd__nand2_2)
                  0.07    0.09    0.49 ^ u_pc_next_logic._0981_/Y (sky130_fd_sc_hd__nand2_2)
     2    0.01                           u_pc_next_logic._0230_ (net)
                  0.07    0.00    0.49 ^ u_pc_next_logic._0982_/A1 (sky130_fd_sc_hd__a21oi_2)
                  0.06    0.07    0.57 v u_pc_next_logic._0982_/Y (sky130_fd_sc_hd__a21oi_2)
     2    0.01                           u_pc_next_logic._0231_ (net)
                  0.06    0.00    0.57 v u_pc_next_logic._0983_/B (sky130_fd_sc_hd__xnor2_2)
                  0.03    0.11    0.68 ^ u_pc_next_logic._0983_/Y (sky130_fd_sc_hd__xnor2_2)
     1    0.00                           u_pc_next_logic._0232_ (net)
                  0.03    0.00    0.68 ^ u_pc_next_logic._0989_/A2 (sky130_fd_sc_hd__o21a_2)
                  0.03    0.10    0.77 ^ u_pc_next_logic._0989_/X (sky130_fd_sc_hd__o21a_2)
     1    0.00                           u_pc_next_logic._0238_ (net)
                  0.03    0.00    0.77 ^ u_pc_next_logic._0996_/A0 (sky130_fd_sc_hd__mux2_2)
                  0.03    0.12    0.90 ^ u_pc_next_logic._0996_/X (sky130_fd_sc_hd__mux2_2)
     1    0.00                           u_pc_next_logic._0245_ (net)
                  0.03    0.00    0.90 ^ u_pc_next_logic._0997_/A (sky130_fd_sc_hd__buf_1)
                  0.03    0.07    0.96 ^ u_pc_next_logic._0997_/X (sky130_fd_sc_hd__buf_1)
     1    0.00                           u_pc_next_logic.pc_next[6] (net)
                  0.03    0.00    0.96 ^ u_pc_reg._080_/B (sky130_fd_sc_hd__and2_2)
                  0.03    0.12    1.08 ^ u_pc_reg._080_/X (sky130_fd_sc_hd__and2_2)
     1    0.00                           u_pc_reg._056_ (net)
                  0.03    0.00    1.08 ^ u_pc_reg._081_/A (sky130_fd_sc_hd__buf_1)
                  0.03    0.07    1.15 ^ u_pc_reg._081_/X (sky130_fd_sc_hd__buf_1)
     1    0.00                           u_pc_reg._006_ (net)
                  0.03    0.00    1.15 ^ u_pc_reg._140_/D (sky130_fd_sc_hd__dfxtp_2)
                                  1.15   data arrival time

                  0.10    0.00    0.00   clock clk (rise edge)
                          0.00    0.00   clock network delay (ideal)
                          0.20    0.20   clock uncertainty
                          0.00    0.20   clock reconvergence pessimism
                                  0.20 ^ u_pc_reg._140_/CLK (sky130_fd_sc_hd__dfxtp_2)
                         -0.02    0.18   library hold time
                                  0.18   data required time
-----------------------------------------------------------------------------
                                  0.18   data required time
                                 -1.15   data arrival time
-----------------------------------------------------------------------------
                                  0.97   slack (MET)


Startpoint: u_pc_reg._137_ (rising edge-triggered flip-flop clocked by clk)
Endpoint: u_pc_reg._137_ (rising edge-triggered flip-flop clocked by clk)
Path Group: clk
Path Type: min

Fanout     Cap    Slew   Delay    Time   Description
-----------------------------------------------------------------------------
                  0.10    0.00    0.00   clock clk (rise edge)
                          0.00    0.00   clock network delay (ideal)
                  0.10    0.00    0.00 ^ u_pc_reg._137_/CLK (sky130_fd_sc_hd__dfxtp_2)
                  0.09    0.39    0.39 v u_pc_reg._137_/Q (sky130_fd_sc_hd__dfxtp_2)
    12    0.03                           u_imem.addr[3] (net)
                  0.09    0.00    0.39 v u_pc_next_logic._0772_/B (sky130_fd_sc_hd__xor2_2)
                  0.09    0.14    0.52 ^ u_pc_next_logic._0772_/X (sky130_fd_sc_hd__xor2_2)
     2    0.00                           u_pc_next_logic.pc_plus4[3] (net)
                  0.09    0.00    0.52 ^ u_pc_next_logic._0922_/A0 (sky130_fd_sc_hd__mux2_2)
                  0.03    0.14    0.67 ^ u_pc_next_logic._0922_/X (sky130_fd_sc_hd__mux2_2)
     1    0.00                           u_pc_next_logic._0174_ (net)
                  0.03    0.00    0.67 ^ u_pc_next_logic._0928_/A0 (sky130_fd_sc_hd__mux2_2)
                  0.03    0.12    0.79 ^ u_pc_next_logic._0928_/X (sky130_fd_sc_hd__mux2_2)
     1    0.00                           u_pc_next_logic._0180_ (net)
                  0.03    0.00    0.79 ^ u_pc_next_logic._0929_/A1 (sky130_fd_sc_hd__mux2_2)
                  0.03    0.13    0.91 ^ u_pc_next_logic._0929_/X (sky130_fd_sc_hd__mux2_2)
     1    0.00                           u_pc_next_logic._0181_ (net)
                  0.03    0.00    0.91 ^ u_pc_next_logic._0930_/A (sky130_fd_sc_hd__buf_1)
                  0.03    0.07    0.98 ^ u_pc_next_logic._0930_/X (sky130_fd_sc_hd__buf_1)
     1    0.00                           u_pc_next_logic.pc_next[3] (net)
                  0.03    0.00    0.98 ^ u_pc_reg._074_/B (sky130_fd_sc_hd__and2_2)
                  0.03    0.12    1.10 ^ u_pc_reg._074_/X (sky130_fd_sc_hd__and2_2)
     1    0.00                           u_pc_reg._053_ (net)
                  0.03    0.00    1.10 ^ u_pc_reg._075_/A (sky130_fd_sc_hd__buf_1)
                  0.03    0.07    1.17 ^ u_pc_reg._075_/X (sky130_fd_sc_hd__buf_1)
     1    0.00                           u_pc_reg._003_ (net)
                  0.03    0.00    1.17 ^ u_pc_reg._137_/D (sky130_fd_sc_hd__dfxtp_2)
                                  1.17   data arrival time

                  0.10    0.00    0.00   clock clk (rise edge)
                          0.00    0.00   clock network delay (ideal)
                          0.20    0.20   clock uncertainty
                          0.00    0.20   clock reconvergence pessimism
                                  0.20 ^ u_pc_reg._137_/CLK (sky130_fd_sc_hd__dfxtp_2)
                         -0.02    0.18   library hold time
                                  0.18   data required time
-----------------------------------------------------------------------------
                                  0.18   data required time
                                 -1.17   data arrival time
-----------------------------------------------------------------------------
                                  0.99   slack (MET)


Startpoint: u_pc_reg._140_ (rising edge-triggered flip-flop clocked by clk)
Endpoint: u_pc_reg._141_ (rising edge-triggered flip-flop clocked by clk)
Path Group: clk
Path Type: min

Fanout     Cap    Slew   Delay    Time   Description
-----------------------------------------------------------------------------
                  0.10    0.00    0.00   clock clk (rise edge)
                          0.00    0.00   clock network delay (ideal)
                  0.10    0.00    0.00 ^ u_pc_reg._140_/CLK (sky130_fd_sc_hd__dfxtp_2)
                  0.12    0.41    0.41 v u_pc_reg._140_/Q (sky130_fd_sc_hd__dfxtp_2)
    12    0.05                           u_imem.addr[6] (net)
                  0.12    0.00    0.41 v u_pc_next_logic._0978_/A (sky130_fd_sc_hd__nand2_2)
                  0.10    0.13    0.55 ^ u_pc_next_logic._0978_/Y (sky130_fd_sc_hd__nand2_2)
     5    0.02                           u_pc_next_logic._0227_ (net)
                  0.10    0.00    0.55 ^ u_pc_next_logic._1009_/A1 (sky130_fd_sc_hd__a21oi_2)
                  0.02    0.05    0.60 v u_pc_next_logic._1009_/Y (sky130_fd_sc_hd__a21oi_2)
     1    0.00                           u_pc_next_logic._0257_ (net)
                  0.02    0.00    0.60 v u_pc_next_logic._1017_/A2_N (sky130_fd_sc_hd__a2bb2o_2)
                  0.03    0.20    0.80 ^ u_pc_next_logic._1017_/X (sky130_fd_sc_hd__a2bb2o_2)
     1    0.00                           u_pc_next_logic._0265_ (net)
                  0.03    0.00    0.80 ^ u_pc_next_logic._1018_/A1 (sky130_fd_sc_hd__mux2_2)
                  0.03    0.12    0.93 ^ u_pc_next_logic._1018_/X (sky130_fd_sc_hd__mux2_2)
     1    0.00                           u_pc_next_logic._0266_ (net)
                  0.03    0.00    0.93 ^ u_pc_next_logic._1019_/A (sky130_fd_sc_hd__buf_1)
                  0.03    0.07    0.99 ^ u_pc_next_logic._1019_/X (sky130_fd_sc_hd__buf_1)
     1    0.00                           u_pc_next_logic.pc_next[7] (net)
                  0.03    0.00    0.99 ^ u_pc_reg._082_/B (sky130_fd_sc_hd__and2_2)
                  0.03    0.12    1.11 ^ u_pc_reg._082_/X (sky130_fd_sc_hd__and2_2)
     1    0.00                           u_pc_reg._057_ (net)
                  0.03    0.00    1.11 ^ u_pc_reg._083_/A (sky130_fd_sc_hd__buf_1)
                  0.03    0.07    1.18 ^ u_pc_reg._083_/X (sky130_fd_sc_hd__buf_1)
     1    0.00                           u_pc_reg._007_ (net)
                  0.03    0.00    1.18 ^ u_pc_reg._141_/D (sky130_fd_sc_hd__dfxtp_2)
                                  1.18   data arrival time

                  0.10    0.00    0.00   clock clk (rise edge)
                          0.00    0.00   clock network delay (ideal)
                          0.20    0.20   clock uncertainty
                          0.00    0.20   clock reconvergence pessimism
                                  0.20 ^ u_pc_reg._141_/CLK (sky130_fd_sc_hd__dfxtp_2)
                         -0.02    0.18   library hold time
                                  0.18   data required time
-----------------------------------------------------------------------------
                                  0.18   data required time
                                 -1.18   data arrival time
-----------------------------------------------------------------------------
                                  1.00   slack (MET)


Startpoint: u_pc_reg._142_ (rising edge-triggered flip-flop clocked by clk)
Endpoint: u_pc_reg._142_ (rising edge-triggered flip-flop clocked by clk)
Path Group: clk
Path Type: min

Fanout     Cap    Slew   Delay    Time   Description
-----------------------------------------------------------------------------
                  0.10    0.00    0.00   clock clk (rise edge)
                          0.00    0.00   clock network delay (ideal)
                  0.10    0.00    0.00 ^ u_pc_reg._142_/CLK (sky130_fd_sc_hd__dfxtp_2)
                  0.17    0.43    0.43 ^ u_pc_reg._142_/Q (sky130_fd_sc_hd__dfxtp_2)
    11    0.03                           u_imem.addr[8] (net)
                  0.17    0.00    0.43 ^ u_pc_next_logic._1025_/A (sky130_fd_sc_hd__nand2_2)
                  0.05    0.09    0.52 v u_pc_next_logic._1025_/Y (sky130_fd_sc_hd__nand2_2)
     3    0.01                           u_pc_next_logic._0272_ (net)
                  0.05    0.00    0.52 v u_pc_next_logic._1027_/A (sky130_fd_sc_hd__nand2_2)
                  0.09    0.09    0.61 ^ u_pc_next_logic._1027_/Y (sky130_fd_sc_hd__nand2_2)
     3    0.01                           u_pc_next_logic._0274_ (net)
                  0.09    0.00    0.61 ^ u_pc_next_logic._1028_/B (sky130_fd_sc_hd__xnor2_2)
                  0.04    0.07    0.68 v u_pc_next_logic._1028_/Y (sky130_fd_sc_hd__xnor2_2)
     1    0.00                           u_pc_next_logic._0275_ (net)
                  0.04    0.00    0.68 v u_pc_next_logic._1042_/A2 (sky130_fd_sc_hd__a21boi_2)
                  0.07    0.11    0.79 ^ u_pc_next_logic._1042_/Y (sky130_fd_sc_hd__a21boi_2)
     1    0.00                           u_pc_next_logic._0289_ (net)
                  0.07    0.00    0.79 ^ u_pc_next_logic._1053_/A0 (sky130_fd_sc_hd__mux2_2)
                  0.03    0.14    0.93 ^ u_pc_next_logic._1053_/X (sky130_fd_sc_hd__mux2_2)
     1    0.00                           u_pc_next_logic._0300_ (net)
                  0.03    0.00    0.93 ^ u_pc_next_logic._1054_/A (sky130_fd_sc_hd__buf_1)
                  0.03    0.07    0.99 ^ u_pc_next_logic._1054_/X (sky130_fd_sc_hd__buf_1)
     1    0.00                           u_pc_next_logic.pc_next[8] (net)
                  0.03    0.00    0.99 ^ u_pc_reg._084_/B (sky130_fd_sc_hd__and2_2)
                  0.03    0.12    1.11 ^ u_pc_reg._084_/X (sky130_fd_sc_hd__and2_2)
     1    0.00                           u_pc_reg._058_ (net)
                  0.03    0.00    1.11 ^ u_pc_reg._085_/A (sky130_fd_sc_hd__buf_1)
                  0.03    0.07    1.18 ^ u_pc_reg._085_/X (sky130_fd_sc_hd__buf_1)
     1    0.00                           u_pc_reg._008_ (net)
                  0.03    0.00    1.18 ^ u_pc_reg._142_/D (sky130_fd_sc_hd__dfxtp_2)
                                  1.18   data arrival time

                  0.10    0.00    0.00   clock clk (rise edge)
                          0.00    0.00   clock network delay (ideal)
                          0.20    0.20   clock uncertainty
                          0.00    0.20   clock reconvergence pessimism
                                  0.20 ^ u_pc_reg._142_/CLK (sky130_fd_sc_hd__dfxtp_2)
                         -0.02    0.18   library hold time
                                  0.18   data required time
-----------------------------------------------------------------------------
                                  0.18   data required time
                                 -1.18   data arrival time
-----------------------------------------------------------------------------
                                  1.00   slack (MET)


Startpoint: u_pc_reg._162_ (rising edge-triggered flip-flop clocked by clk)
Endpoint: u_pc_reg._162_ (rising edge-triggered flip-flop clocked by clk)
Path Group: clk
Path Type: min

Fanout     Cap    Slew   Delay    Time   Description
-----------------------------------------------------------------------------
                  0.10    0.00    0.00   clock clk (rise edge)
                          0.00    0.00   clock network delay (ideal)
                  0.10    0.00    0.00 ^ u_pc_reg._162_/CLK (sky130_fd_sc_hd__dfxtp_2)
                  0.10    0.40    0.40 v u_pc_reg._162_/Q (sky130_fd_sc_hd__dfxtp_2)
    11    0.04                           u_imem.addr[28] (net)
                  0.10    0.00    0.40 v u_pc_next_logic._0841_/A (sky130_fd_sc_hd__xnor2_2)
                  0.04    0.17    0.58 ^ u_pc_next_logic._0841_/Y (sky130_fd_sc_hd__xnor2_2)
     2    0.00                           u_pc_next_logic.pc_plus4[28] (net)
                  0.04    0.00    0.58 ^ u_pc_next_logic._1544_/A1 (sky130_fd_sc_hd__a221o_2)
                  0.03    0.13    0.71 ^ u_pc_next_logic._1544_/X (sky130_fd_sc_hd__a221o_2)
     1    0.00                           u_pc_next_logic._0000_ (net)
                  0.03    0.00    0.71 ^ u_pc_next_logic._1545_/B1 (sky130_fd_sc_hd__o21a_2)
                  0.03    0.10    0.81 ^ u_pc_next_logic._1545_/X (sky130_fd_sc_hd__o21a_2)
     1    0.00                           u_pc_next_logic._0001_ (net)
                  0.03    0.00    0.81 ^ u_pc_next_logic._1546_/A1 (sky130_fd_sc_hd__mux2_2)
                  0.03    0.12    0.93 ^ u_pc_next_logic._1546_/X (sky130_fd_sc_hd__mux2_2)
     1    0.00                           u_pc_next_logic._0002_ (net)
                  0.03    0.00    0.93 ^ u_pc_next_logic._1547_/A (sky130_fd_sc_hd__buf_1)
                  0.03    0.07    1.00 ^ u_pc_next_logic._1547_/X (sky130_fd_sc_hd__buf_1)
     1    0.00                           u_pc_next_logic.pc_next[28] (net)
                  0.03    0.00    1.00 ^ u_pc_reg._126_/B (sky130_fd_sc_hd__and2_2)
                  0.03    0.12    1.12 ^ u_pc_reg._126_/X (sky130_fd_sc_hd__and2_2)
     1    0.00                           u_pc_reg._045_ (net)
                  0.03    0.00    1.12 ^ u_pc_reg._127_/A (sky130_fd_sc_hd__buf_1)
                  0.03    0.07    1.19 ^ u_pc_reg._127_/X (sky130_fd_sc_hd__buf_1)
     1    0.00                           u_pc_reg._028_ (net)
                  0.03    0.00    1.19 ^ u_pc_reg._162_/D (sky130_fd_sc_hd__dfxtp_2)
                                  1.19   data arrival time

                  0.10    0.00    0.00   clock clk (rise edge)
                          0.00    0.00   clock network delay (ideal)
                          0.20    0.20   clock uncertainty
                          0.00    0.20   clock reconvergence pessimism
                                  0.20 ^ u_pc_reg._162_/CLK (sky130_fd_sc_hd__dfxtp_2)
                         -0.02    0.18   library hold time
                                  0.18   data required time
-----------------------------------------------------------------------------
                                  0.18   data required time
                                 -1.19   data arrival time
-----------------------------------------------------------------------------
                                  1.01   slack (MET)


Startpoint: u_pc_reg._147_ (rising edge-triggered flip-flop clocked by clk)
Endpoint: u_pc_reg._147_ (rising edge-triggered flip-flop clocked by clk)
Path Group: clk
Path Type: min

Fanout     Cap    Slew   Delay    Time   Description
-----------------------------------------------------------------------------
                  0.10    0.00    0.00   clock clk (rise edge)
                          0.00    0.00   clock network delay (ideal)
                  0.10    0.00    0.00 ^ u_pc_reg._147_/CLK (sky130_fd_sc_hd__dfxtp_2)
                  0.23    0.48    0.48 ^ u_pc_reg._147_/Q (sky130_fd_sc_hd__dfxtp_2)
    13    0.05                           u_imem.addr[13] (net)
                  0.23    0.00    0.48 ^ u_pc_next_logic._1149_/A (sky130_fd_sc_hd__xor2_2)
                  0.05    0.13    0.61 v u_pc_next_logic._1149_/X (sky130_fd_sc_hd__xor2_2)
     3    0.01                           u_pc_next_logic._0391_ (net)
                  0.05    0.00    0.61 v u_pc_next_logic._1152_/A1 (sky130_fd_sc_hd__a21o_2)
                  0.03    0.18    0.78 v u_pc_next_logic._1152_/X (sky130_fd_sc_hd__a21o_2)
     1    0.00                           u_pc_next_logic._0394_ (net)
                  0.03    0.00    0.78 v u_pc_next_logic._1166_/A1_N (sky130_fd_sc_hd__o2bb2a_2)
                  0.03    0.22    1.00 ^ u_pc_next_logic._1166_/X (sky130_fd_sc_hd__o2bb2a_2)
     1    0.00                           u_pc_next_logic.pc_next[13] (net)
                  0.03    0.00    1.00 ^ u_pc_reg._095_/B (sky130_fd_sc_hd__and2_2)
                  0.03    0.12    1.12 ^ u_pc_reg._095_/X (sky130_fd_sc_hd__and2_2)
     1    0.00                           u_pc_reg._064_ (net)
                  0.03    0.00    1.12 ^ u_pc_reg._096_/A (sky130_fd_sc_hd__buf_1)
                  0.03    0.07    1.19 ^ u_pc_reg._096_/X (sky130_fd_sc_hd__buf_1)
     1    0.00                           u_pc_reg._013_ (net)
                  0.03    0.00    1.19 ^ u_pc_reg._147_/D (sky130_fd_sc_hd__dfxtp_2)
                                  1.19   data arrival time

                  0.10    0.00    0.00   clock clk (rise edge)
                          0.00    0.00   clock network delay (ideal)
                          0.20    0.20   clock uncertainty
                          0.00    0.20   clock reconvergence pessimism
                                  0.20 ^ u_pc_reg._147_/CLK (sky130_fd_sc_hd__dfxtp_2)
                         -0.02    0.18   library hold time
                                  0.18   data required time
-----------------------------------------------------------------------------
                                  0.18   data required time
                                 -1.19   data arrival time
-----------------------------------------------------------------------------
                                  1.01   slack (MET)


Startpoint: u_pc_reg._146_ (rising edge-triggered flip-flop clocked by clk)
Endpoint: u_pc_reg._146_ (rising edge-triggered flip-flop clocked by clk)
Path Group: clk
Path Type: min

Fanout     Cap    Slew   Delay    Time   Description
-----------------------------------------------------------------------------
                  0.10    0.00    0.00   clock clk (rise edge)
                          0.00    0.00   clock network delay (ideal)
                  0.10    0.00    0.00 ^ u_pc_reg._146_/CLK (sky130_fd_sc_hd__dfxtp_2)
                  0.09    0.39    0.39 v u_pc_reg._146_/Q (sky130_fd_sc_hd__dfxtp_2)
    12    0.04                           u_imem.addr[12] (net)
                  0.09    0.00    0.39 v u_pc_next_logic._0795_/A (sky130_fd_sc_hd__xor2_2)
                  0.09    0.17    0.56 ^ u_pc_next_logic._0795_/X (sky130_fd_sc_hd__xor2_2)
     2    0.00                           u_pc_next_logic.pc_plus4[12] (net)
                  0.09    0.00    0.56 ^ u_pc_next_logic._1136_/A0 (sky130_fd_sc_hd__mux2_2)
                  0.03    0.14    0.70 ^ u_pc_next_logic._1136_/X (sky130_fd_sc_hd__mux2_2)
     1    0.00                           u_pc_next_logic._0379_ (net)
                  0.03    0.00    0.70 ^ u_pc_next_logic._1146_/A0 (sky130_fd_sc_hd__mux2_2)
                  0.03    0.12    0.83 ^ u_pc_next_logic._1146_/X (sky130_fd_sc_hd__mux2_2)
     1    0.00                           u_pc_next_logic._0389_ (net)
                  0.03    0.00    0.83 ^ u_pc_next_logic._1147_/A1 (sky130_fd_sc_hd__mux2_2)
                  0.03    0.13    0.95 ^ u_pc_next_logic._1147_/X (sky130_fd_sc_hd__mux2_2)
     1    0.00                           u_pc_next_logic._0390_ (net)
                  0.03    0.00    0.95 ^ u_pc_next_logic._1148_/A (sky130_fd_sc_hd__buf_1)
                  0.03    0.07    1.02 ^ u_pc_next_logic._1148_/X (sky130_fd_sc_hd__buf_1)
     1    0.00                           u_pc_next_logic.pc_next[12] (net)
                  0.03    0.00    1.02 ^ u_pc_reg._093_/B (sky130_fd_sc_hd__and2_2)
                  0.03    0.12    1.14 ^ u_pc_reg._093_/X (sky130_fd_sc_hd__and2_2)
     1    0.00                           u_pc_reg._063_ (net)
                  0.03    0.00    1.14 ^ u_pc_reg._094_/A (sky130_fd_sc_hd__buf_1)
                  0.03    0.07    1.21 ^ u_pc_reg._094_/X (sky130_fd_sc_hd__buf_1)
     1    0.00                           u_pc_reg._012_ (net)
                  0.03    0.00    1.21 ^ u_pc_reg._146_/D (sky130_fd_sc_hd__dfxtp_2)
                                  1.21   data arrival time

                  0.10    0.00    0.00   clock clk (rise edge)
                          0.00    0.00   clock network delay (ideal)
                          0.20    0.20   clock uncertainty
                          0.00    0.20   clock reconvergence pessimism
                                  0.20 ^ u_pc_reg._146_/CLK (sky130_fd_sc_hd__dfxtp_2)
                         -0.02    0.18   library hold time
                                  0.18   data required time
-----------------------------------------------------------------------------
                                  0.18   data required time
                                 -1.21   data arrival time
-----------------------------------------------------------------------------
                                  1.03   slack (MET)


Startpoint: u_pc_reg._160_ (rising edge-triggered flip-flop clocked by clk)
Endpoint: u_pc_reg._160_ (rising edge-triggered flip-flop clocked by clk)
Path Group: clk
Path Type: min

Fanout     Cap    Slew   Delay    Time   Description
-----------------------------------------------------------------------------
                  0.10    0.00    0.00   clock clk (rise edge)
                          0.00    0.00   clock network delay (ideal)
                  0.10    0.00    0.00 ^ u_pc_reg._160_/CLK (sky130_fd_sc_hd__dfxtp_2)
                  0.10    0.40    0.40 v u_pc_reg._160_/Q (sky130_fd_sc_hd__dfxtp_2)
    12    0.04                           u_imem.addr[26] (net)
                  0.10    0.00    0.40 v u_pc_next_logic._1482_/A (sky130_fd_sc_hd__nand2_2)
                  0.07    0.10    0.49 ^ u_pc_next_logic._1482_/Y (sky130_fd_sc_hd__nand2_2)
     3    0.01                           u_pc_next_logic._0711_ (net)
                  0.07    0.00    0.49 ^ u_pc_next_logic._1484_/A (sky130_fd_sc_hd__nand2_2)
                  0.06    0.07    0.57 v u_pc_next_logic._1484_/Y (sky130_fd_sc_hd__nand2_2)
     3    0.01                           u_pc_next_logic._0713_ (net)
                  0.06    0.00    0.57 v u_pc_next_logic._1487_/A (sky130_fd_sc_hd__xor2_2)
                  0.06    0.13    0.70 ^ u_pc_next_logic._1487_/X (sky130_fd_sc_hd__xor2_2)
     1    0.00                           u_pc_next_logic._0716_ (net)
                  0.06    0.00    0.70 ^ u_pc_next_logic._1488_/A1 (sky130_fd_sc_hd__mux2_2)
                  0.03    0.13    0.83 ^ u_pc_next_logic._1488_/X (sky130_fd_sc_hd__mux2_2)
     1    0.00                           u_pc_next_logic._0717_ (net)
                  0.03    0.00    0.83 ^ u_pc_next_logic._1494_/A0 (sky130_fd_sc_hd__mux2_2)
                  0.03    0.12    0.95 ^ u_pc_next_logic._1494_/X (sky130_fd_sc_hd__mux2_2)
     1    0.00                           u_pc_next_logic._0723_ (net)
                  0.03    0.00    0.95 ^ u_pc_next_logic._1495_/A (sky130_fd_sc_hd__buf_1)
                  0.03    0.07    1.02 ^ u_pc_next_logic._1495_/X (sky130_fd_sc_hd__buf_1)
     1    0.00                           u_pc_next_logic.pc_next[26] (net)
                  0.03    0.00    1.02 ^ u_pc_reg._122_/B (sky130_fd_sc_hd__and2_2)
                  0.03    0.12    1.14 ^ u_pc_reg._122_/X (sky130_fd_sc_hd__and2_2)
     1    0.00                           u_pc_reg._043_ (net)
                  0.03    0.00    1.14 ^ u_pc_reg._123_/A (sky130_fd_sc_hd__buf_1)
                  0.03    0.07    1.21 ^ u_pc_reg._123_/X (sky130_fd_sc_hd__buf_1)
     1    0.00                           u_pc_reg._026_ (net)
                  0.03    0.00    1.21 ^ u_pc_reg._160_/D (sky130_fd_sc_hd__dfxtp_2)
                                  1.21   data arrival time

                  0.10    0.00    0.00   clock clk (rise edge)
                          0.00    0.00   clock network delay (ideal)
                          0.20    0.20   clock uncertainty
                          0.00    0.20   clock reconvergence pessimism
                                  0.20 ^ u_pc_reg._160_/CLK (sky130_fd_sc_hd__dfxtp_2)
                         -0.02    0.18   library hold time
                                  0.18   data required time
-----------------------------------------------------------------------------
                                  0.18   data required time
                                 -1.21   data arrival time
-----------------------------------------------------------------------------
                                  1.03   slack (MET)


Startpoint: u_pc_reg._148_ (rising edge-triggered flip-flop clocked by clk)
Endpoint: u_pc_reg._148_ (rising edge-triggered flip-flop clocked by clk)
Path Group: clk
Path Type: min

Fanout     Cap    Slew   Delay    Time   Description
-----------------------------------------------------------------------------
                  0.10    0.00    0.00   clock clk (rise edge)
                          0.00    0.00   clock network delay (ideal)
                  0.10    0.00    0.00 ^ u_pc_reg._148_/CLK (sky130_fd_sc_hd__dfxtp_2)
                  0.11    0.40    0.40 v u_pc_reg._148_/Q (sky130_fd_sc_hd__dfxtp_2)
    13    0.04                           u_imem.addr[14] (net)
                  0.11    0.00    0.40 v u_pc_next_logic._0801_/A (sky130_fd_sc_hd__xor2_2)
                  0.09    0.18    0.58 ^ u_pc_next_logic._0801_/X (sky130_fd_sc_hd__xor2_2)
     2    0.00                           u_pc_next_logic.pc_plus4[14] (net)
                  0.09    0.00    0.58 ^ u_pc_next_logic._1183_/A1 (sky130_fd_sc_hd__a221o_2)
                  0.03    0.15    0.73 ^ u_pc_next_logic._1183_/X (sky130_fd_sc_hd__a221o_2)
     1    0.00                           u_pc_next_logic._0424_ (net)
                  0.03    0.00    0.73 ^ u_pc_next_logic._1184_/B1 (sky130_fd_sc_hd__o21a_2)
                  0.03    0.11    0.83 ^ u_pc_next_logic._1184_/X (sky130_fd_sc_hd__o21a_2)
     1    0.00                           u_pc_next_logic._0425_ (net)
                  0.03    0.00    0.83 ^ u_pc_next_logic._1190_/A0 (sky130_fd_sc_hd__mux2_2)
                  0.03    0.12    0.95 ^ u_pc_next_logic._1190_/X (sky130_fd_sc_hd__mux2_2)
     1    0.00                           u_pc_next_logic._0431_ (net)
                  0.03    0.00    0.95 ^ u_pc_next_logic._1191_/A (sky130_fd_sc_hd__buf_1)
                  0.03    0.07    1.02 ^ u_pc_next_logic._1191_/X (sky130_fd_sc_hd__buf_1)
     1    0.00                           u_pc_next_logic.pc_next[14] (net)
                  0.03    0.00    1.02 ^ u_pc_reg._097_/B (sky130_fd_sc_hd__and2_2)
                  0.03    0.12    1.14 ^ u_pc_reg._097_/X (sky130_fd_sc_hd__and2_2)
     1    0.00                           u_pc_reg._065_ (net)
                  0.03    0.00    1.14 ^ u_pc_reg._098_/A (sky130_fd_sc_hd__buf_1)
                  0.03    0.07    1.21 ^ u_pc_reg._098_/X (sky130_fd_sc_hd__buf_1)
     1    0.00                           u_pc_reg._014_ (net)
                  0.03    0.00    1.21 ^ u_pc_reg._148_/D (sky130_fd_sc_hd__dfxtp_2)
                                  1.21   data arrival time

                  0.10    0.00    0.00   clock clk (rise edge)
                          0.00    0.00   clock network delay (ideal)
                          0.20    0.20   clock uncertainty
                          0.00    0.20   clock reconvergence pessimism
                                  0.20 ^ u_pc_reg._148_/CLK (sky130_fd_sc_hd__dfxtp_2)
                         -0.02    0.18   library hold time
                                  0.18   data required time
-----------------------------------------------------------------------------
                                  0.18   data required time
                                 -1.21   data arrival time
-----------------------------------------------------------------------------
                                  1.03   slack (MET)


Startpoint: u_pc_reg._145_ (rising edge-triggered flip-flop clocked by clk)
Endpoint: u_pc_reg._145_ (rising edge-triggered flip-flop clocked by clk)
Path Group: clk
Path Type: min

Fanout     Cap    Slew   Delay    Time   Description
-----------------------------------------------------------------------------
                  0.10    0.00    0.00   clock clk (rise edge)
                          0.00    0.00   clock network delay (ideal)
                  0.10    0.00    0.00 ^ u_pc_reg._145_/CLK (sky130_fd_sc_hd__dfxtp_2)
                  0.10    0.40    0.40 v u_pc_reg._145_/Q (sky130_fd_sc_hd__dfxtp_2)
    12    0.04                           u_imem.addr[11] (net)
                  0.10    0.00    0.40 v u_pc_next_logic._1101_/A (sky130_fd_sc_hd__nor2_2)
                  0.10    0.14    0.53 ^ u_pc_next_logic._1101_/Y (sky130_fd_sc_hd__nor2_2)
     2    0.01                           u_pc_next_logic._0345_ (net)
                  0.10    0.00    0.53 ^ u_pc_next_logic._1102_/B (sky130_fd_sc_hd__nor2_2)
                  0.04    0.05    0.59 v u_pc_next_logic._1102_/Y (sky130_fd_sc_hd__nor2_2)
     1    0.01                           u_pc_next_logic._0346_ (net)
                  0.04    0.00    0.59 v u_pc_next_logic._1104_/A (sky130_fd_sc_hd__xnor2_2)
                  0.03    0.12    0.71 ^ u_pc_next_logic._1104_/Y (sky130_fd_sc_hd__xnor2_2)
     1    0.00                           u_pc_next_logic._0348_ (net)
                  0.03    0.00    0.71 ^ u_pc_next_logic._1112_/A0 (sky130_fd_sc_hd__mux2_2)
                  0.03    0.12    0.83 ^ u_pc_next_logic._1112_/X (sky130_fd_sc_hd__mux2_2)
     1    0.00                           u_pc_next_logic._0356_ (net)
                  0.03    0.00    0.83 ^ u_pc_next_logic._1113_/A1 (sky130_fd_sc_hd__mux2_2)
                  0.03    0.13    0.96 ^ u_pc_next_logic._1113_/X (sky130_fd_sc_hd__mux2_2)
     1    0.00                           u_pc_next_logic._0357_ (net)
                  0.03    0.00    0.96 ^ u_pc_next_logic._1114_/A (sky130_fd_sc_hd__buf_1)
                  0.03    0.07    1.02 ^ u_pc_next_logic._1114_/X (sky130_fd_sc_hd__buf_1)
     1    0.00                           u_pc_next_logic.pc_next[11] (net)
                  0.03    0.00    1.02 ^ u_pc_reg._091_/B (sky130_fd_sc_hd__and2_2)
                  0.03    0.12    1.14 ^ u_pc_reg._091_/X (sky130_fd_sc_hd__and2_2)
     1    0.00                           u_pc_reg._062_ (net)
                  0.03    0.00    1.14 ^ u_pc_reg._092_/A (sky130_fd_sc_hd__buf_1)
                  0.03    0.07    1.21 ^ u_pc_reg._092_/X (sky130_fd_sc_hd__buf_1)
     1    0.00                           u_pc_reg._011_ (net)
                  0.03    0.00    1.21 ^ u_pc_reg._145_/D (sky130_fd_sc_hd__dfxtp_2)
                                  1.21   data arrival time

                  0.10    0.00    0.00   clock clk (rise edge)
                          0.00    0.00   clock network delay (ideal)
                          0.20    0.20   clock uncertainty
                          0.00    0.20   clock reconvergence pessimism
                                  0.20 ^ u_pc_reg._145_/CLK (sky130_fd_sc_hd__dfxtp_2)
                         -0.02    0.18   library hold time
                                  0.18   data required time
-----------------------------------------------------------------------------
                                  0.18   data required time
                                 -1.21   data arrival time
-----------------------------------------------------------------------------
                                  1.03   slack (MET)


Startpoint: u_pc_reg._153_ (rising edge-triggered flip-flop clocked by clk)
Endpoint: u_pc_reg._153_ (rising edge-triggered flip-flop clocked by clk)
Path Group: clk
Path Type: min

Fanout     Cap    Slew   Delay    Time   Description
-----------------------------------------------------------------------------
                  0.10    0.00    0.00   clock clk (rise edge)
                          0.00    0.00   clock network delay (ideal)
                  0.10    0.00    0.00 ^ u_pc_reg._153_/CLK (sky130_fd_sc_hd__dfxtp_2)
                  0.09    0.39    0.39 v u_pc_reg._153_/Q (sky130_fd_sc_hd__dfxtp_2)
    12    0.04                           u_imem.addr[19] (net)
                  0.09    0.00    0.39 v u_pc_next_logic._1309_/A (sky130_fd_sc_hd__nor2_2)
                  0.05    0.10    0.50 ^ u_pc_next_logic._1309_/Y (sky130_fd_sc_hd__nor2_2)
     1    0.00                           u_pc_next_logic._0545_ (net)
                  0.05    0.00    0.50 ^ u_pc_next_logic._1310_/B (sky130_fd_sc_hd__or2_2)
                  0.07    0.12    0.62 ^ u_pc_next_logic._1310_/X (sky130_fd_sc_hd__or2_2)
     2    0.01                           u_pc_next_logic._0546_ (net)
                  0.07    0.00    0.62 ^ u_pc_next_logic._1312_/A (sky130_fd_sc_hd__xnor2_2)
                  0.03    0.10    0.72 ^ u_pc_next_logic._1312_/Y (sky130_fd_sc_hd__xnor2_2)
     1    0.00                           u_pc_next_logic._0548_ (net)
                  0.03    0.00    0.72 ^ u_pc_next_logic._1313_/A1 (sky130_fd_sc_hd__mux2_2)
                  0.03    0.12    0.84 ^ u_pc_next_logic._1313_/X (sky130_fd_sc_hd__mux2_2)
     1    0.00                           u_pc_next_logic._0549_ (net)
                  0.03    0.00    0.84 ^ u_pc_next_logic._1314_/A1 (sky130_fd_sc_hd__mux2_2)
                  0.03    0.13    0.97 ^ u_pc_next_logic._1314_/X (sky130_fd_sc_hd__mux2_2)
     1    0.00                           u_pc_next_logic._0550_ (net)
                  0.03    0.00    0.97 ^ u_pc_next_logic._1315_/A (sky130_fd_sc_hd__buf_1)
                  0.03    0.07    1.03 ^ u_pc_next_logic._1315_/X (sky130_fd_sc_hd__buf_1)
     1    0.00                           u_pc_next_logic.pc_next[19] (net)
                  0.03    0.00    1.03 ^ u_pc_reg._107_/B (sky130_fd_sc_hd__and2_2)
                  0.03    0.12    1.16 ^ u_pc_reg._107_/X (sky130_fd_sc_hd__and2_2)
     1    0.00                           u_pc_reg._035_ (net)
                  0.03    0.00    1.16 ^ u_pc_reg._108_/A (sky130_fd_sc_hd__buf_1)
                  0.03    0.07    1.22 ^ u_pc_reg._108_/X (sky130_fd_sc_hd__buf_1)
     1    0.00                           u_pc_reg._019_ (net)
                  0.03    0.00    1.22 ^ u_pc_reg._153_/D (sky130_fd_sc_hd__dfxtp_2)
                                  1.22   data arrival time

                  0.10    0.00    0.00   clock clk (rise edge)
                          0.00    0.00   clock network delay (ideal)
                          0.20    0.20   clock uncertainty
                          0.00    0.20   clock reconvergence pessimism
                                  0.20 ^ u_pc_reg._153_/CLK (sky130_fd_sc_hd__dfxtp_2)
                         -0.02    0.18   library hold time
                                  0.18   data required time
-----------------------------------------------------------------------------
                                  0.18   data required time
                                 -1.22   data arrival time
-----------------------------------------------------------------------------
                                  1.04   slack (MET)


Startpoint: u_pc_reg._154_ (rising edge-triggered flip-flop clocked by clk)
Endpoint: u_pc_reg._154_ (rising edge-triggered flip-flop clocked by clk)
Path Group: clk
Path Type: min

Fanout     Cap    Slew   Delay    Time   Description
-----------------------------------------------------------------------------
                  0.10    0.00    0.00   clock clk (rise edge)
                          0.00    0.00   clock network delay (ideal)
                  0.10    0.00    0.00 ^ u_pc_reg._154_/CLK (sky130_fd_sc_hd__dfxtp_2)
                  0.12    0.41    0.41 v u_pc_reg._154_/Q (sky130_fd_sc_hd__dfxtp_2)
    13    0.05                           u_imem.addr[20] (net)
                  0.12    0.00    0.41 v u_pc_next_logic._0817_/A (sky130_fd_sc_hd__xor2_2)
                  0.09    0.18    0.59 ^ u_pc_next_logic._0817_/X (sky130_fd_sc_hd__xor2_2)
     2    0.00                           u_pc_next_logic.pc_plus4[20] (net)
                  0.09    0.00    0.59 ^ u_pc_next_logic._1326_/A1 (sky130_fd_sc_hd__a22o_2)
                  0.03    0.14    0.73 ^ u_pc_next_logic._1326_/X (sky130_fd_sc_hd__a22o_2)
     1    0.00                           u_pc_next_logic._0561_ (net)
                  0.03    0.00    0.73 ^ u_pc_next_logic._1337_/A0 (sky130_fd_sc_hd__mux2_2)
                  0.03    0.12    0.85 ^ u_pc_next_logic._1337_/X (sky130_fd_sc_hd__mux2_2)
     1    0.00                           u_pc_next_logic._0572_ (net)
                  0.03    0.00    0.85 ^ u_pc_next_logic._1349_/A0 (sky130_fd_sc_hd__mux2_2)
                  0.03    0.12    0.98 ^ u_pc_next_logic._1349_/X (sky130_fd_sc_hd__mux2_2)
     1    0.00                           u_pc_next_logic._0584_ (net)
                  0.03    0.00    0.98 ^ u_pc_next_logic._1350_/A (sky130_fd_sc_hd__buf_1)
                  0.03    0.07    1.04 ^ u_pc_next_logic._1350_/X (sky130_fd_sc_hd__buf_1)
     1    0.00                           u_pc_next_logic.pc_next[20] (net)
                  0.03    0.00    1.04 ^ u_pc_reg._109_/B (sky130_fd_sc_hd__and2_2)
                  0.03    0.12    1.16 ^ u_pc_reg._109_/X (sky130_fd_sc_hd__and2_2)
     1    0.00                           u_pc_reg._036_ (net)
                  0.03    0.00    1.16 ^ u_pc_reg._110_/A (sky130_fd_sc_hd__buf_1)
                  0.03    0.07    1.23 ^ u_pc_reg._110_/X (sky130_fd_sc_hd__buf_1)
     1    0.00                           u_pc_reg._020_ (net)
                  0.03    0.00    1.23 ^ u_pc_reg._154_/D (sky130_fd_sc_hd__dfxtp_2)
                                  1.23   data arrival time

                  0.10    0.00    0.00   clock clk (rise edge)
                          0.00    0.00   clock network delay (ideal)
                          0.20    0.20   clock uncertainty
                          0.00    0.20   clock reconvergence pessimism
                                  0.20 ^ u_pc_reg._154_/CLK (sky130_fd_sc_hd__dfxtp_2)
                         -0.02    0.18   library hold time
                                  0.18   data required time
-----------------------------------------------------------------------------
                                  0.18   data required time
                                 -1.23   data arrival time
-----------------------------------------------------------------------------
                                  1.05   slack (MET)


Startpoint: u_pc_reg._139_ (rising edge-triggered flip-flop clocked by clk)
Endpoint: u_pc_reg._139_ (rising edge-triggered flip-flop clocked by clk)
Path Group: clk
Path Type: min

Fanout     Cap    Slew   Delay    Time   Description
-----------------------------------------------------------------------------
                  0.10    0.00    0.00   clock clk (rise edge)
                          0.00    0.00   clock network delay (ideal)
                  0.10    0.00    0.00 ^ u_pc_reg._139_/CLK (sky130_fd_sc_hd__dfxtp_2)
                  0.22    0.47    0.47 ^ u_pc_reg._139_/Q (sky130_fd_sc_hd__dfxtp_2)
    13    0.04                           u_imem.addr[5] (net)
                  0.22    0.00    0.47 ^ u_pc_next_logic._0778_/A (sky130_fd_sc_hd__nor2_2)
                  0.02    0.07    0.53 v u_pc_next_logic._0778_/Y (sky130_fd_sc_hd__nor2_2)
     1    0.00                           u_pc_next_logic._0060_ (net)
                  0.02    0.00    0.53 v u_pc_next_logic._0779_/B (sky130_fd_sc_hd__nor2_2)
                  0.08    0.07    0.61 ^ u_pc_next_logic._0779_/Y (sky130_fd_sc_hd__nor2_2)
     2    0.00                           u_pc_next_logic.pc_plus4[5] (net)
                  0.08    0.00    0.61 ^ u_pc_next_logic._0974_/A0 (sky130_fd_sc_hd__mux2_2)
                  0.03    0.14    0.75 ^ u_pc_next_logic._0974_/X (sky130_fd_sc_hd__mux2_2)
     1    0.00                           u_pc_next_logic._0224_ (net)
                  0.03    0.00    0.75 ^ u_pc_next_logic._0975_/B1 (sky130_fd_sc_hd__o2bb2a_2)
                  0.03    0.15    0.89 ^ u_pc_next_logic._0975_/X (sky130_fd_sc_hd__o2bb2a_2)
     1    0.00                           u_pc_next_logic._0225_ (net)
                  0.03    0.00    0.89 ^ u_pc_next_logic._0976_/A1 (sky130_fd_sc_hd__mux2_2)
                  0.03    0.13    1.02 ^ u_pc_next_logic._0976_/X (sky130_fd_sc_hd__mux2_2)
     1    0.00                           u_pc_next_logic._0226_ (net)
                  0.03    0.00    1.02 ^ u_pc_next_logic._0977_/A (sky130_fd_sc_hd__buf_1)
                  0.03    0.07    1.09 ^ u_pc_next_logic._0977_/X (sky130_fd_sc_hd__buf_1)
     1    0.00                           u_pc_next_logic.pc_next[5] (net)
                  0.03    0.00    1.09 ^ u_pc_reg._078_/B (sky130_fd_sc_hd__and2_2)
                  0.03    0.12    1.21 ^ u_pc_reg._078_/X (sky130_fd_sc_hd__and2_2)
     1    0.00                           u_pc_reg._055_ (net)
                  0.03    0.00    1.21 ^ u_pc_reg._079_/A (sky130_fd_sc_hd__buf_1)
                  0.03    0.07    1.28 ^ u_pc_reg._079_/X (sky130_fd_sc_hd__buf_1)
     1    0.00                           u_pc_reg._005_ (net)
                  0.03    0.00    1.28 ^ u_pc_reg._139_/D (sky130_fd_sc_hd__dfxtp_2)
                                  1.28   data arrival time

                  0.10    0.00    0.00   clock clk (rise edge)
                          0.00    0.00   clock network delay (ideal)
                          0.20    0.20   clock uncertainty
                          0.00    0.20   clock reconvergence pessimism
                                  0.20 ^ u_pc_reg._139_/CLK (sky130_fd_sc_hd__dfxtp_2)
                         -0.02    0.18   library hold time
                                  0.18   data required time
-----------------------------------------------------------------------------
                                  0.18   data required time
                                 -1.28   data arrival time
-----------------------------------------------------------------------------
                                  1.10   slack (MET)



min_report_end
max_report

===========================================================================
report_checks -path_delay max (Setup)
============================================================================
======================= Typical Corner ===================================

Startpoint: u_pc_reg._144_ (rising edge-triggered flip-flop clocked by clk)
Endpoint: u_pc_reg._165_ (rising edge-triggered flip-flop clocked by clk)
Path Group: clk
Path Type: max

Fanout     Cap    Slew   Delay    Time   Description
-----------------------------------------------------------------------------
                  0.10    0.00    0.00   clock clk (rise edge)
                          0.00    0.00   clock network delay (ideal)
                  0.10    0.00    0.00 ^ u_pc_reg._144_/CLK (sky130_fd_sc_hd__dfxtp_2)
                  0.29    0.51    0.51 ^ u_pc_reg._144_/Q (sky130_fd_sc_hd__dfxtp_2)
    13    0.06                           u_imem.addr[10] (net)
                  0.29    0.00    0.51 ^ u_pc_next_logic._1079_/A (sky130_fd_sc_hd__xnor2_2)
                  0.07    0.12    0.63 v u_pc_next_logic._1079_/Y (sky130_fd_sc_hd__xnor2_2)
     3    0.01                           u_pc_next_logic._0324_ (net)
                  0.07    0.00    0.63 v u_pc_next_logic._1129_/A (sky130_fd_sc_hd__or3_2)
                  0.08    0.48    1.11 v u_pc_next_logic._1129_/X (sky130_fd_sc_hd__or3_2)
     2    0.00                           u_pc_next_logic._0372_ (net)
                  0.08    0.00    1.11 v u_pc_next_logic._1130_/B (sky130_fd_sc_hd__or4bb_2)
                  0.11    0.63    1.74 v u_pc_next_logic._1130_/X (sky130_fd_sc_hd__or4bb_2)
     2    0.01                           u_pc_next_logic._0373_ (net)
                  0.11    0.00    1.74 v u_pc_next_logic._1231_/B1 (sky130_fd_sc_hd__a211o_2)
                  0.06    0.34    2.08 v u_pc_next_logic._1231_/X (sky130_fd_sc_hd__a211o_2)
     3    0.01                           u_pc_next_logic._0470_ (net)
                  0.06    0.00    2.08 v u_pc_next_logic._1431_/A2 (sky130_fd_sc_hd__a211o_2)
                  0.07    0.35    2.43 v u_pc_next_logic._1431_/X (sky130_fd_sc_hd__a211o_2)
     3    0.01                           u_pc_next_logic._0662_ (net)
                  0.07    0.00    2.43 v u_pc_next_logic._1535_/A2 (sky130_fd_sc_hd__a2111o_2)
                  0.08    0.48    2.92 v u_pc_next_logic._1535_/X (sky130_fd_sc_hd__a2111o_2)
     2    0.01                           u_pc_next_logic._0762_ (net)
                  0.08    0.00    2.92 v u_pc_next_logic._1542_/A1 (sky130_fd_sc_hd__a21o_2)
                  0.06    0.22    3.14 v u_pc_next_logic._1542_/X (sky130_fd_sc_hd__a21o_2)
     4    0.01                           u_pc_next_logic._0769_ (net)
                  0.06    0.00    3.14 v u_pc_next_logic._1578_/A2 (sky130_fd_sc_hd__a31o_2)
                  0.05    0.25    3.39 v u_pc_next_logic._1578_/X (sky130_fd_sc_hd__a31o_2)
     2    0.01                           u_pc_next_logic._0032_ (net)
                  0.05    0.00    3.39 v u_pc_next_logic._1594_/B (sky130_fd_sc_hd__or2_2)
                  0.07    0.29    3.68 v u_pc_next_logic._1594_/X (sky130_fd_sc_hd__or2_2)
     2    0.01                           u_pc_next_logic._0047_ (net)
                  0.07    0.00    3.68 v u_pc_next_logic._1597_/A2 (sky130_fd_sc_hd__a31o_2)
                  0.04    0.23    3.91 v u_pc_next_logic._1597_/X (sky130_fd_sc_hd__a31o_2)
     1    0.00                           u_pc_next_logic._0050_ (net)
                  0.04    0.00    3.91 v u_pc_next_logic._1598_/B2 (sky130_fd_sc_hd__o221a_2)
                  0.04    0.21    4.12 v u_pc_next_logic._1598_/X (sky130_fd_sc_hd__o221a_2)
     1    0.00                           u_pc_next_logic._0051_ (net)
                  0.04    0.00    4.12 v u_pc_next_logic._1603_/B1 (sky130_fd_sc_hd__o32a_2)
                  0.05    0.17    4.30 v u_pc_next_logic._1603_/X (sky130_fd_sc_hd__o32a_2)
     1    0.00                           u_pc_next_logic.pc_next[31] (net)
                  0.05    0.00    4.30 v u_pc_reg._132_/B (sky130_fd_sc_hd__and2_2)
                  0.03    0.18    4.48 v u_pc_reg._132_/X (sky130_fd_sc_hd__and2_2)
     1    0.00                           u_pc_reg._048_ (net)
                  0.03    0.00    4.48 v u_pc_reg._133_/A (sky130_fd_sc_hd__buf_1)
                  0.02    0.08    4.55 v u_pc_reg._133_/X (sky130_fd_sc_hd__buf_1)
     1    0.00                           u_pc_reg._031_ (net)
                  0.02    0.00    4.55 v u_pc_reg._165_/D (sky130_fd_sc_hd__dfxtp_2)
                                  4.55   data arrival time

                  0.10   20.00   20.00   clock clk (rise edge)
                          0.00   20.00   clock network delay (ideal)
                         -0.20   19.80   clock uncertainty
                          0.00   19.80   clock reconvergence pessimism
                                 19.80 ^ u_pc_reg._165_/CLK (sky130_fd_sc_hd__dfxtp_2)
                         -0.09   19.71   library setup time
                                 19.71   data required time
-----------------------------------------------------------------------------
                                 19.71   data required time
                                 -4.55   data arrival time
-----------------------------------------------------------------------------
                                 15.16   slack (MET)


Startpoint: u_pc_reg._144_ (rising edge-triggered flip-flop clocked by clk)
Endpoint: u_pc_reg._164_ (rising edge-triggered flip-flop clocked by clk)
Path Group: clk
Path Type: max

Fanout     Cap    Slew   Delay    Time   Description
-----------------------------------------------------------------------------
                  0.10    0.00    0.00   clock clk (rise edge)
                          0.00    0.00   clock network delay (ideal)
                  0.10    0.00    0.00 ^ u_pc_reg._144_/CLK (sky130_fd_sc_hd__dfxtp_2)
                  0.29    0.51    0.51 ^ u_pc_reg._144_/Q (sky130_fd_sc_hd__dfxtp_2)
    13    0.06                           u_imem.addr[10] (net)
                  0.29    0.00    0.51 ^ u_pc_next_logic._1079_/A (sky130_fd_sc_hd__xnor2_2)
                  0.07    0.12    0.63 v u_pc_next_logic._1079_/Y (sky130_fd_sc_hd__xnor2_2)
     3    0.01                           u_pc_next_logic._0324_ (net)
                  0.07    0.00    0.63 v u_pc_next_logic._1129_/A (sky130_fd_sc_hd__or3_2)
                  0.08    0.48    1.11 v u_pc_next_logic._1129_/X (sky130_fd_sc_hd__or3_2)
     2    0.00                           u_pc_next_logic._0372_ (net)
                  0.08    0.00    1.11 v u_pc_next_logic._1130_/B (sky130_fd_sc_hd__or4bb_2)
                  0.11    0.63    1.74 v u_pc_next_logic._1130_/X (sky130_fd_sc_hd__or4bb_2)
     2    0.01                           u_pc_next_logic._0373_ (net)
                  0.11    0.00    1.74 v u_pc_next_logic._1231_/B1 (sky130_fd_sc_hd__a211o_2)
                  0.06    0.34    2.08 v u_pc_next_logic._1231_/X (sky130_fd_sc_hd__a211o_2)
     3    0.01                           u_pc_next_logic._0470_ (net)
                  0.06    0.00    2.08 v u_pc_next_logic._1431_/A2 (sky130_fd_sc_hd__a211o_2)
                  0.07    0.35    2.43 v u_pc_next_logic._1431_/X (sky130_fd_sc_hd__a211o_2)
     3    0.01                           u_pc_next_logic._0662_ (net)
                  0.07    0.00    2.43 v u_pc_next_logic._1535_/A2 (sky130_fd_sc_hd__a2111o_2)
                  0.08    0.48    2.92 v u_pc_next_logic._1535_/X (sky130_fd_sc_hd__a2111o_2)
     2    0.01                           u_pc_next_logic._0762_ (net)
                  0.08    0.00    2.92 v u_pc_next_logic._1542_/A1 (sky130_fd_sc_hd__a21o_2)
                  0.06    0.22    3.14 v u_pc_next_logic._1542_/X (sky130_fd_sc_hd__a21o_2)
     4    0.01                           u_pc_next_logic._0769_ (net)
                  0.06    0.00    3.14 v u_pc_next_logic._1578_/A2 (sky130_fd_sc_hd__a31o_2)
                  0.05    0.25    3.39 v u_pc_next_logic._1578_/X (sky130_fd_sc_hd__a31o_2)
     2    0.01                           u_pc_next_logic._0032_ (net)
                  0.05    0.00    3.39 v u_pc_next_logic._1579_/B (sky130_fd_sc_hd__xor2_2)
                  0.04    0.13    3.52 v u_pc_next_logic._1579_/X (sky130_fd_sc_hd__xor2_2)
     1    0.00                           u_pc_next_logic._0033_ (net)
                  0.04    0.00    3.52 v u_pc_next_logic._1580_/A1 (sky130_fd_sc_hd__mux2_2)
                  0.05    0.25    3.77 v u_pc_next_logic._1580_/X (sky130_fd_sc_hd__mux2_2)
     1    0.00                           u_pc_next_logic._0034_ (net)
                  0.05    0.00    3.77 v u_pc_next_logic._1588_/A2 (sky130_fd_sc_hd__a22o_2)
                  0.04    0.24    4.01 v u_pc_next_logic._1588_/X (sky130_fd_sc_hd__a22o_2)
     1    0.00                           u_pc_next_logic._0042_ (net)
                  0.04    0.00    4.01 v u_pc_next_logic._1589_/B1 (sky130_fd_sc_hd__a2bb2o_2)
                  0.04    0.24    4.25 v u_pc_next_logic._1589_/X (sky130_fd_sc_hd__a2bb2o_2)
     1    0.00                           u_pc_next_logic.pc_next[30] (net)
                  0.04    0.00    4.25 v u_pc_reg._130_/B (sky130_fd_sc_hd__and2_2)
                  0.03    0.18    4.43 v u_pc_reg._130_/X (sky130_fd_sc_hd__and2_2)
     1    0.00                           u_pc_reg._047_ (net)
                  0.03    0.00    4.43 v u_pc_reg._131_/A (sky130_fd_sc_hd__buf_1)
                  0.02    0.08    4.50 v u_pc_reg._131_/X (sky130_fd_sc_hd__buf_1)
     1    0.00                           u_pc_reg._030_ (net)
                  0.02    0.00    4.50 v u_pc_reg._164_/D (sky130_fd_sc_hd__dfxtp_2)
                                  4.50   data arrival time

                  0.10   20.00   20.00   clock clk (rise edge)
                          0.00   20.00   clock network delay (ideal)
                         -0.20   19.80   clock uncertainty
                          0.00   19.80   clock reconvergence pessimism
                                 19.80 ^ u_pc_reg._164_/CLK (sky130_fd_sc_hd__dfxtp_2)
                         -0.09   19.71   library setup time
                                 19.71   data required time
-----------------------------------------------------------------------------
                                 19.71   data required time
                                 -4.50   data arrival time
-----------------------------------------------------------------------------
                                 15.21   slack (MET)


Startpoint: u_pc_reg._144_ (rising edge-triggered flip-flop clocked by clk)
Endpoint: u_pc_reg._162_ (rising edge-triggered flip-flop clocked by clk)
Path Group: clk
Path Type: max

Fanout     Cap    Slew   Delay    Time   Description
-----------------------------------------------------------------------------
                  0.10    0.00    0.00   clock clk (rise edge)
                          0.00    0.00   clock network delay (ideal)
                  0.10    0.00    0.00 ^ u_pc_reg._144_/CLK (sky130_fd_sc_hd__dfxtp_2)
                  0.29    0.51    0.51 ^ u_pc_reg._144_/Q (sky130_fd_sc_hd__dfxtp_2)
    13    0.06                           u_imem.addr[10] (net)
                  0.29    0.00    0.51 ^ u_pc_next_logic._1079_/A (sky130_fd_sc_hd__xnor2_2)
                  0.07    0.12    0.63 v u_pc_next_logic._1079_/Y (sky130_fd_sc_hd__xnor2_2)
     3    0.01                           u_pc_next_logic._0324_ (net)
                  0.07    0.00    0.63 v u_pc_next_logic._1129_/A (sky130_fd_sc_hd__or3_2)
                  0.08    0.48    1.11 v u_pc_next_logic._1129_/X (sky130_fd_sc_hd__or3_2)
     2    0.00                           u_pc_next_logic._0372_ (net)
                  0.08    0.00    1.11 v u_pc_next_logic._1130_/B (sky130_fd_sc_hd__or4bb_2)
                  0.11    0.63    1.74 v u_pc_next_logic._1130_/X (sky130_fd_sc_hd__or4bb_2)
     2    0.01                           u_pc_next_logic._0373_ (net)
                  0.11    0.00    1.74 v u_pc_next_logic._1231_/B1 (sky130_fd_sc_hd__a211o_2)
                  0.06    0.34    2.08 v u_pc_next_logic._1231_/X (sky130_fd_sc_hd__a211o_2)
     3    0.01                           u_pc_next_logic._0470_ (net)
                  0.06    0.00    2.08 v u_pc_next_logic._1431_/A2 (sky130_fd_sc_hd__a211o_2)
                  0.07    0.35    2.43 v u_pc_next_logic._1431_/X (sky130_fd_sc_hd__a211o_2)
     3    0.01                           u_pc_next_logic._0662_ (net)
                  0.07    0.00    2.43 v u_pc_next_logic._1535_/A2 (sky130_fd_sc_hd__a2111o_2)
                  0.08    0.48    2.92 v u_pc_next_logic._1535_/X (sky130_fd_sc_hd__a2111o_2)
     2    0.01                           u_pc_next_logic._0762_ (net)
                  0.08    0.00    2.92 v u_pc_next_logic._1542_/A1 (sky130_fd_sc_hd__a21o_2)
                  0.06    0.22    3.14 v u_pc_next_logic._1542_/X (sky130_fd_sc_hd__a21o_2)
     4    0.01                           u_pc_next_logic._0769_ (net)
                  0.06    0.00    3.14 v u_pc_next_logic._1544_/B1 (sky130_fd_sc_hd__a221o_2)
                  0.05    0.32    3.46 v u_pc_next_logic._1544_/X (sky130_fd_sc_hd__a221o_2)
     1    0.00                           u_pc_next_logic._0000_ (net)
                  0.05    0.00    3.46 v u_pc_next_logic._1545_/B1 (sky130_fd_sc_hd__o21a_2)
                  0.03    0.11    3.57 v u_pc_next_logic._1545_/X (sky130_fd_sc_hd__o21a_2)
     1    0.00                           u_pc_next_logic._0001_ (net)
                  0.03    0.00    3.57 v u_pc_next_logic._1546_/A1 (sky130_fd_sc_hd__mux2_2)
                  0.05    0.25    3.82 v u_pc_next_logic._1546_/X (sky130_fd_sc_hd__mux2_2)
     1    0.00                           u_pc_next_logic._0002_ (net)
                  0.05    0.00    3.82 v u_pc_next_logic._1547_/A (sky130_fd_sc_hd__buf_1)
                  0.02    0.08    3.90 v u_pc_next_logic._1547_/X (sky130_fd_sc_hd__buf_1)
     1    0.00                           u_pc_next_logic.pc_next[28] (net)
                  0.02    0.00    3.90 v u_pc_reg._126_/B (sky130_fd_sc_hd__and2_2)
                  0.03    0.17    4.06 v u_pc_reg._126_/X (sky130_fd_sc_hd__and2_2)
     1    0.00                           u_pc_reg._045_ (net)
                  0.03    0.00    4.06 v u_pc_reg._127_/A (sky130_fd_sc_hd__buf_1)
                  0.02    0.08    4.14 v u_pc_reg._127_/X (sky130_fd_sc_hd__buf_1)
     1    0.00                           u_pc_reg._028_ (net)
                  0.02    0.00    4.14 v u_pc_reg._162_/D (sky130_fd_sc_hd__dfxtp_2)
                                  4.14   data arrival time

                  0.10   20.00   20.00   clock clk (rise edge)
                          0.00   20.00   clock network delay (ideal)
                         -0.20   19.80   clock uncertainty
                          0.00   19.80   clock reconvergence pessimism
                                 19.80 ^ u_pc_reg._162_/CLK (sky130_fd_sc_hd__dfxtp_2)
                         -0.09   19.71   library setup time
                                 19.71   data required time
-----------------------------------------------------------------------------
                                 19.71   data required time
                                 -4.14   data arrival time
-----------------------------------------------------------------------------
                                 15.57   slack (MET)


Startpoint: u_pc_reg._144_ (rising edge-triggered flip-flop clocked by clk)
Endpoint: u_pc_reg._163_ (rising edge-triggered flip-flop clocked by clk)
Path Group: clk
Path Type: max

Fanout     Cap    Slew   Delay    Time   Description
-----------------------------------------------------------------------------
                  0.10    0.00    0.00   clock clk (rise edge)
                          0.00    0.00   clock network delay (ideal)
                  0.10    0.00    0.00 ^ u_pc_reg._144_/CLK (sky130_fd_sc_hd__dfxtp_2)
                  0.29    0.51    0.51 ^ u_pc_reg._144_/Q (sky130_fd_sc_hd__dfxtp_2)
    13    0.06                           u_imem.addr[10] (net)
                  0.29    0.00    0.51 ^ u_pc_next_logic._1079_/A (sky130_fd_sc_hd__xnor2_2)
                  0.07    0.12    0.63 v u_pc_next_logic._1079_/Y (sky130_fd_sc_hd__xnor2_2)
     3    0.01                           u_pc_next_logic._0324_ (net)
                  0.07    0.00    0.63 v u_pc_next_logic._1129_/A (sky130_fd_sc_hd__or3_2)
                  0.08    0.48    1.11 v u_pc_next_logic._1129_/X (sky130_fd_sc_hd__or3_2)
     2    0.00                           u_pc_next_logic._0372_ (net)
                  0.08    0.00    1.11 v u_pc_next_logic._1130_/B (sky130_fd_sc_hd__or4bb_2)
                  0.11    0.63    1.74 v u_pc_next_logic._1130_/X (sky130_fd_sc_hd__or4bb_2)
     2    0.01                           u_pc_next_logic._0373_ (net)
                  0.11    0.00    1.74 v u_pc_next_logic._1231_/B1 (sky130_fd_sc_hd__a211o_2)
                  0.06    0.34    2.08 v u_pc_next_logic._1231_/X (sky130_fd_sc_hd__a211o_2)
     3    0.01                           u_pc_next_logic._0470_ (net)
                  0.06    0.00    2.08 v u_pc_next_logic._1431_/A2 (sky130_fd_sc_hd__a211o_2)
                  0.07    0.35    2.43 v u_pc_next_logic._1431_/X (sky130_fd_sc_hd__a211o_2)
     3    0.01                           u_pc_next_logic._0662_ (net)
                  0.07    0.00    2.43 v u_pc_next_logic._1535_/A2 (sky130_fd_sc_hd__a2111o_2)
                  0.08    0.48    2.92 v u_pc_next_logic._1535_/X (sky130_fd_sc_hd__a2111o_2)
     2    0.01                           u_pc_next_logic._0762_ (net)
                  0.08    0.00    2.92 v u_pc_next_logic._1542_/A1 (sky130_fd_sc_hd__a21o_2)
                  0.06    0.22    3.14 v u_pc_next_logic._1542_/X (sky130_fd_sc_hd__a21o_2)
     4    0.01                           u_pc_next_logic._0769_ (net)
                  0.06    0.00    3.14 v u_pc_next_logic._1563_/A2 (sky130_fd_sc_hd__a31o_2)
                  0.04    0.22    3.36 v u_pc_next_logic._1563_/X (sky130_fd_sc_hd__a31o_2)
     1    0.00                           u_pc_next_logic._0018_ (net)
                  0.04    0.00    3.36 v u_pc_next_logic._1565_/A2 (sky130_fd_sc_hd__o211a_2)
                  0.04    0.22    3.59 v u_pc_next_logic._1565_/X (sky130_fd_sc_hd__o211a_2)
     1    0.00                           u_pc_next_logic._0020_ (net)
                  0.04    0.00    3.59 v u_pc_next_logic._1566_/B1 (sky130_fd_sc_hd__a211o_2)
                  0.05    0.30    3.89 v u_pc_next_logic._1566_/X (sky130_fd_sc_hd__a211o_2)
     1    0.00                           u_pc_next_logic._0021_ (net)
                  0.05    0.00    3.89 v u_pc_next_logic._1567_/B1 (sky130_fd_sc_hd__o21ai_2)
                  0.08    0.05    3.94 ^ u_pc_next_logic._1567_/Y (sky130_fd_sc_hd__o21ai_2)
     1    0.00                           u_pc_next_logic.pc_next[29] (net)
                  0.08    0.00    3.94 ^ u_pc_reg._128_/B (sky130_fd_sc_hd__and2_2)
                  0.04    0.13    4.07 ^ u_pc_reg._128_/X (sky130_fd_sc_hd__and2_2)
     1    0.00                           u_pc_reg._046_ (net)
                  0.04    0.00    4.07 ^ u_pc_reg._129_/A (sky130_fd_sc_hd__buf_1)
                  0.03    0.07    4.14 ^ u_pc_reg._129_/X (sky130_fd_sc_hd__buf_1)
     1    0.00                           u_pc_reg._029_ (net)
                  0.03    0.00    4.14 ^ u_pc_reg._163_/D (sky130_fd_sc_hd__dfxtp_2)
                                  4.14   data arrival time

                  0.10   20.00   20.00   clock clk (rise edge)
                          0.00   20.00   clock network delay (ideal)
                         -0.20   19.80   clock uncertainty
                          0.00   19.80   clock reconvergence pessimism
                                 19.80 ^ u_pc_reg._163_/CLK (sky130_fd_sc_hd__dfxtp_2)
                         -0.05   19.75   library setup time
                                 19.75   data required time
-----------------------------------------------------------------------------
                                 19.75   data required time
                                 -4.14   data arrival time
-----------------------------------------------------------------------------
                                 15.61   slack (MET)


Startpoint: u_pc_reg._144_ (rising edge-triggered flip-flop clocked by clk)
Endpoint: u_pc_reg._153_ (rising edge-triggered flip-flop clocked by clk)
Path Group: clk
Path Type: max

Fanout     Cap    Slew   Delay    Time   Description
-----------------------------------------------------------------------------
                  0.10    0.00    0.00   clock clk (rise edge)
                          0.00    0.00   clock network delay (ideal)
                  0.10    0.00    0.00 ^ u_pc_reg._144_/CLK (sky130_fd_sc_hd__dfxtp_2)
                  0.29    0.51    0.51 ^ u_pc_reg._144_/Q (sky130_fd_sc_hd__dfxtp_2)
    13    0.06                           u_imem.addr[10] (net)
                  0.29    0.00    0.51 ^ u_pc_next_logic._1079_/A (sky130_fd_sc_hd__xnor2_2)
                  0.07    0.12    0.63 v u_pc_next_logic._1079_/Y (sky130_fd_sc_hd__xnor2_2)
     3    0.01                           u_pc_next_logic._0324_ (net)
                  0.07    0.00    0.63 v u_pc_next_logic._1129_/A (sky130_fd_sc_hd__or3_2)
                  0.08    0.48    1.11 v u_pc_next_logic._1129_/X (sky130_fd_sc_hd__or3_2)
     2    0.00                           u_pc_next_logic._0372_ (net)
                  0.08    0.00    1.11 v u_pc_next_logic._1130_/B (sky130_fd_sc_hd__or4bb_2)
                  0.11    0.63    1.74 v u_pc_next_logic._1130_/X (sky130_fd_sc_hd__or4bb_2)
     2    0.01                           u_pc_next_logic._0373_ (net)
                  0.11    0.00    1.74 v u_pc_next_logic._1231_/B1 (sky130_fd_sc_hd__a211o_2)
                  0.06    0.34    2.08 v u_pc_next_logic._1231_/X (sky130_fd_sc_hd__a211o_2)
     3    0.01                           u_pc_next_logic._0470_ (net)
                  0.06    0.00    2.08 v u_pc_next_logic._1232_/B (sky130_fd_sc_hd__and2_2)
                  0.06    0.21    2.29 v u_pc_next_logic._1232_/X (sky130_fd_sc_hd__and2_2)
     4    0.01                           u_pc_next_logic._0471_ (net)
                  0.06    0.00    2.29 v u_pc_next_logic._1280_/A (sky130_fd_sc_hd__or2_2)
                  0.07    0.31    2.60 v u_pc_next_logic._1280_/X (sky130_fd_sc_hd__or2_2)
     2    0.01                           u_pc_next_logic._0517_ (net)
                  0.07    0.00    2.60 v u_pc_next_logic._1284_/A2 (sky130_fd_sc_hd__a21oi_2)
                  0.12    0.16    2.76 ^ u_pc_next_logic._1284_/Y (sky130_fd_sc_hd__a21oi_2)
     2    0.01                           u_pc_next_logic._0521_ (net)
                  0.12    0.00    2.76 ^ u_pc_next_logic._1305_/B1 (sky130_fd_sc_hd__a21oi_2)
                  0.09    0.06    2.82 v u_pc_next_logic._1305_/Y (sky130_fd_sc_hd__a21oi_2)
     1    0.01                           u_pc_next_logic._0541_ (net)
                  0.09    0.00    2.82 v u_pc_next_logic._1306_/B (sky130_fd_sc_hd__xnor2_2)
                  0.04    0.13    2.95 v u_pc_next_logic._1306_/Y (sky130_fd_sc_hd__xnor2_2)
     1    0.00                           u_pc_next_logic._0542_ (net)
                  0.04    0.00    2.95 v u_pc_next_logic._1307_/A1 (sky130_fd_sc_hd__mux2_2)
                  0.04    0.25    3.20 v u_pc_next_logic._1307_/X (sky130_fd_sc_hd__mux2_2)
     1    0.00                           u_pc_next_logic._0543_ (net)
                  0.04    0.00    3.20 v u_pc_next_logic._1313_/A0 (sky130_fd_sc_hd__mux2_2)
                  0.04    0.25    3.45 v u_pc_next_logic._1313_/X (sky130_fd_sc_hd__mux2_2)
     1    0.00                           u_pc_next_logic._0549_ (net)
                  0.04    0.00    3.45 v u_pc_next_logic._1314_/A1 (sky130_fd_sc_hd__mux2_2)
                  0.05    0.25    3.70 v u_pc_next_logic._1314_/X (sky130_fd_sc_hd__mux2_2)
     1    0.00                           u_pc_next_logic._0550_ (net)
                  0.05    0.00    3.70 v u_pc_next_logic._1315_/A (sky130_fd_sc_hd__buf_1)
                  0.02    0.08    3.78 v u_pc_next_logic._1315_/X (sky130_fd_sc_hd__buf_1)
     1    0.00                           u_pc_next_logic.pc_next[19] (net)
                  0.02    0.00    3.78 v u_pc_reg._107_/B (sky130_fd_sc_hd__and2_2)
                  0.03    0.17    3.95 v u_pc_reg._107_/X (sky130_fd_sc_hd__and2_2)
     1    0.00                           u_pc_reg._035_ (net)
                  0.03    0.00    3.95 v u_pc_reg._108_/A (sky130_fd_sc_hd__buf_1)
                  0.02    0.08    4.02 v u_pc_reg._108_/X (sky130_fd_sc_hd__buf_1)
     1    0.00                           u_pc_reg._019_ (net)
                  0.02    0.00    4.02 v u_pc_reg._153_/D (sky130_fd_sc_hd__dfxtp_2)
                                  4.02   data arrival time

                  0.10   20.00   20.00   clock clk (rise edge)
                          0.00   20.00   clock network delay (ideal)
                         -0.20   19.80   clock uncertainty
                          0.00   19.80   clock reconvergence pessimism
                                 19.80 ^ u_pc_reg._153_/CLK (sky130_fd_sc_hd__dfxtp_2)
                         -0.09   19.71   library setup time
                                 19.71   data required time
-----------------------------------------------------------------------------
                                 19.71   data required time
                                 -4.02   data arrival time
-----------------------------------------------------------------------------
                                 15.69   slack (MET)


Startpoint: u_pc_reg._144_ (rising edge-triggered flip-flop clocked by clk)
Endpoint: u_pc_reg._160_ (rising edge-triggered flip-flop clocked by clk)
Path Group: clk
Path Type: max

Fanout     Cap    Slew   Delay    Time   Description
-----------------------------------------------------------------------------
                  0.10    0.00    0.00   clock clk (rise edge)
                          0.00    0.00   clock network delay (ideal)
                  0.10    0.00    0.00 ^ u_pc_reg._144_/CLK (sky130_fd_sc_hd__dfxtp_2)
                  0.29    0.51    0.51 ^ u_pc_reg._144_/Q (sky130_fd_sc_hd__dfxtp_2)
    13    0.06                           u_imem.addr[10] (net)
                  0.29    0.00    0.51 ^ u_pc_next_logic._1079_/A (sky130_fd_sc_hd__xnor2_2)
                  0.07    0.12    0.63 v u_pc_next_logic._1079_/Y (sky130_fd_sc_hd__xnor2_2)
     3    0.01                           u_pc_next_logic._0324_ (net)
                  0.07    0.00    0.63 v u_pc_next_logic._1129_/A (sky130_fd_sc_hd__or3_2)
                  0.08    0.48    1.11 v u_pc_next_logic._1129_/X (sky130_fd_sc_hd__or3_2)
     2    0.00                           u_pc_next_logic._0372_ (net)
                  0.08    0.00    1.11 v u_pc_next_logic._1130_/B (sky130_fd_sc_hd__or4bb_2)
                  0.11    0.63    1.74 v u_pc_next_logic._1130_/X (sky130_fd_sc_hd__or4bb_2)
     2    0.01                           u_pc_next_logic._0373_ (net)
                  0.11    0.00    1.74 v u_pc_next_logic._1231_/B1 (sky130_fd_sc_hd__a211o_2)
                  0.06    0.34    2.08 v u_pc_next_logic._1231_/X (sky130_fd_sc_hd__a211o_2)
     3    0.01                           u_pc_next_logic._0470_ (net)
                  0.06    0.00    2.08 v u_pc_next_logic._1431_/A2 (sky130_fd_sc_hd__a211o_2)
                  0.07    0.35    2.43 v u_pc_next_logic._1431_/X (sky130_fd_sc_hd__a211o_2)
     3    0.01                           u_pc_next_logic._0662_ (net)
                  0.07    0.00    2.43 v u_pc_next_logic._1435_/A2 (sky130_fd_sc_hd__a21oi_2)
                  0.18    0.20    2.63 ^ u_pc_next_logic._1435_/Y (sky130_fd_sc_hd__a21oi_2)
     3    0.01                           u_pc_next_logic._0666_ (net)
                  0.18    0.00    2.63 ^ u_pc_next_logic._1478_/A2 (sky130_fd_sc_hd__o31a_2)
                  0.08    0.20    2.83 ^ u_pc_next_logic._1478_/X (sky130_fd_sc_hd__o31a_2)
     3    0.01                           u_pc_next_logic._0707_ (net)
                  0.08    0.00    2.83 ^ u_pc_next_logic._1479_/B (sky130_fd_sc_hd__nand2_2)
                  0.05    0.05    2.88 v u_pc_next_logic._1479_/Y (sky130_fd_sc_hd__nand2_2)
     1    0.00                           u_pc_next_logic._0708_ (net)
                  0.05    0.00    2.88 v u_pc_next_logic._1481_/B1 (sky130_fd_sc_hd__a22o_2)
                  0.04    0.20    3.08 v u_pc_next_logic._1481_/X (sky130_fd_sc_hd__a22o_2)
     1    0.00                           u_pc_next_logic._0710_ (net)
                  0.04    0.00    3.08 v u_pc_next_logic._1488_/A0 (sky130_fd_sc_hd__mux2_2)
                  0.04    0.24    3.32 v u_pc_next_logic._1488_/X (sky130_fd_sc_hd__mux2_2)
     1    0.00                           u_pc_next_logic._0717_ (net)
                  0.04    0.00    3.32 v u_pc_next_logic._1494_/A0 (sky130_fd_sc_hd__mux2_2)
                  0.05    0.25    3.57 v u_pc_next_logic._1494_/X (sky130_fd_sc_hd__mux2_2)
     1    0.00                           u_pc_next_logic._0723_ (net)
                  0.05    0.00    3.57 v u_pc_next_logic._1495_/A (sky130_fd_sc_hd__buf_1)
                  0.02    0.08    3.65 v u_pc_next_logic._1495_/X (sky130_fd_sc_hd__buf_1)
     1    0.00                           u_pc_next_logic.pc_next[26] (net)
                  0.02    0.00    3.65 v u_pc_reg._122_/B (sky130_fd_sc_hd__and2_2)
                  0.03    0.17    3.82 v u_pc_reg._122_/X (sky130_fd_sc_hd__and2_2)
     1    0.00                           u_pc_reg._043_ (net)
                  0.03    0.00    3.82 v u_pc_reg._123_/A (sky130_fd_sc_hd__buf_1)
                  0.02    0.08    3.90 v u_pc_reg._123_/X (sky130_fd_sc_hd__buf_1)
     1    0.00                           u_pc_reg._026_ (net)
                  0.02    0.00    3.90 v u_pc_reg._160_/D (sky130_fd_sc_hd__dfxtp_2)
                                  3.90   data arrival time

                  0.10   20.00   20.00   clock clk (rise edge)
                          0.00   20.00   clock network delay (ideal)
                         -0.20   19.80   clock uncertainty
                          0.00   19.80   clock reconvergence pessimism
                                 19.80 ^ u_pc_reg._160_/CLK (sky130_fd_sc_hd__dfxtp_2)
                         -0.09   19.71   library setup time
                                 19.71   data required time
-----------------------------------------------------------------------------
                                 19.71   data required time
                                 -3.90   data arrival time
-----------------------------------------------------------------------------
                                 15.81   slack (MET)


Startpoint: u_pc_reg._144_ (rising edge-triggered flip-flop clocked by clk)
Endpoint: u_pc_reg._156_ (rising edge-triggered flip-flop clocked by clk)
Path Group: clk
Path Type: max

Fanout     Cap    Slew   Delay    Time   Description
-----------------------------------------------------------------------------
                  0.10    0.00    0.00   clock clk (rise edge)
                          0.00    0.00   clock network delay (ideal)
                  0.10    0.00    0.00 ^ u_pc_reg._144_/CLK (sky130_fd_sc_hd__dfxtp_2)
                  0.29    0.51    0.51 ^ u_pc_reg._144_/Q (sky130_fd_sc_hd__dfxtp_2)
    13    0.06                           u_imem.addr[10] (net)
                  0.29    0.00    0.51 ^ u_pc_next_logic._1079_/A (sky130_fd_sc_hd__xnor2_2)
                  0.07    0.12    0.63 v u_pc_next_logic._1079_/Y (sky130_fd_sc_hd__xnor2_2)
     3    0.01                           u_pc_next_logic._0324_ (net)
                  0.07    0.00    0.63 v u_pc_next_logic._1129_/A (sky130_fd_sc_hd__or3_2)
                  0.08    0.48    1.11 v u_pc_next_logic._1129_/X (sky130_fd_sc_hd__or3_2)
     2    0.00                           u_pc_next_logic._0372_ (net)
                  0.08    0.00    1.11 v u_pc_next_logic._1130_/B (sky130_fd_sc_hd__or4bb_2)
                  0.11    0.63    1.74 v u_pc_next_logic._1130_/X (sky130_fd_sc_hd__or4bb_2)
     2    0.01                           u_pc_next_logic._0373_ (net)
                  0.11    0.00    1.74 v u_pc_next_logic._1231_/B1 (sky130_fd_sc_hd__a211o_2)
                  0.06    0.34    2.08 v u_pc_next_logic._1231_/X (sky130_fd_sc_hd__a211o_2)
     3    0.01                           u_pc_next_logic._0470_ (net)
                  0.06    0.00    2.08 v u_pc_next_logic._1320_/A2 (sky130_fd_sc_hd__a21o_2)
                  0.04    0.22    2.30 v u_pc_next_logic._1320_/X (sky130_fd_sc_hd__a21o_2)
     2    0.01                           u_pc_next_logic._0555_ (net)
                  0.04    0.00    2.30 v u_pc_next_logic._1324_/A2 (sky130_fd_sc_hd__a21o_2)
                  0.06    0.23    2.53 v u_pc_next_logic._1324_/X (sky130_fd_sc_hd__a21o_2)
     4    0.01                           u_pc_next_logic._0559_ (net)
                  0.06    0.00    2.53 v u_pc_next_logic._1380_/A2 (sky130_fd_sc_hd__a31o_2)
                  0.06    0.26    2.79 v u_pc_next_logic._1380_/X (sky130_fd_sc_hd__a31o_2)
     2    0.01                           u_pc_next_logic._0613_ (net)
                  0.06    0.00    2.79 v u_pc_next_logic._1381_/B (sky130_fd_sc_hd__xor2_2)
                  0.04    0.13    2.93 v u_pc_next_logic._1381_/X (sky130_fd_sc_hd__xor2_2)
     1    0.00                           u_pc_next_logic._0614_ (net)
                  0.04    0.00    2.93 v u_pc_next_logic._1382_/A1 (sky130_fd_sc_hd__mux2_2)
                  0.05    0.25    3.18 v u_pc_next_logic._1382_/X (sky130_fd_sc_hd__mux2_2)
     1    0.00                           u_pc_next_logic._0615_ (net)
                  0.05    0.00    3.18 v u_pc_next_logic._1383_/A2 (sky130_fd_sc_hd__o21a_2)
                  0.03    0.18    3.36 v u_pc_next_logic._1383_/X (sky130_fd_sc_hd__o21a_2)
     1    0.00                           u_pc_next_logic._0616_ (net)
                  0.03    0.00    3.36 v u_pc_next_logic._1393_/B1 (sky130_fd_sc_hd__a22o_2)
                  0.04    0.19    3.55 v u_pc_next_logic._1393_/X (sky130_fd_sc_hd__a22o_2)
     1    0.00                           u_pc_next_logic.pc_next[22] (net)
                  0.04    0.00    3.55 v u_pc_reg._114_/B (sky130_fd_sc_hd__and2_2)
                  0.03    0.17    3.73 v u_pc_reg._114_/X (sky130_fd_sc_hd__and2_2)
     1    0.00                           u_pc_reg._039_ (net)
                  0.03    0.00    3.73 v u_pc_reg._115_/A (sky130_fd_sc_hd__buf_1)
                  0.02    0.08    3.80 v u_pc_reg._115_/X (sky130_fd_sc_hd__buf_1)
     1    0.00                           u_pc_reg._022_ (net)
                  0.02    0.00    3.80 v u_pc_reg._156_/D (sky130_fd_sc_hd__dfxtp_2)
                                  3.80   data arrival time

                  0.10   20.00   20.00   clock clk (rise edge)
                          0.00   20.00   clock network delay (ideal)
                         -0.20   19.80   clock uncertainty
                          0.00   19.80   clock reconvergence pessimism
                                 19.80 ^ u_pc_reg._156_/CLK (sky130_fd_sc_hd__dfxtp_2)
                         -0.09   19.71   library setup time
                                 19.71   data required time
-----------------------------------------------------------------------------
                                 19.71   data required time
                                 -3.80   data arrival time
-----------------------------------------------------------------------------
                                 15.91   slack (MET)


Startpoint: u_pc_reg._144_ (rising edge-triggered flip-flop clocked by clk)
Endpoint: u_pc_reg._157_ (rising edge-triggered flip-flop clocked by clk)
Path Group: clk
Path Type: max

Fanout     Cap    Slew   Delay    Time   Description
-----------------------------------------------------------------------------
                  0.10    0.00    0.00   clock clk (rise edge)
                          0.00    0.00   clock network delay (ideal)
                  0.10    0.00    0.00 ^ u_pc_reg._144_/CLK (sky130_fd_sc_hd__dfxtp_2)
                  0.29    0.51    0.51 ^ u_pc_reg._144_/Q (sky130_fd_sc_hd__dfxtp_2)
    13    0.06                           u_imem.addr[10] (net)
                  0.29    0.00    0.51 ^ u_pc_next_logic._1079_/A (sky130_fd_sc_hd__xnor2_2)
                  0.07    0.12    0.63 v u_pc_next_logic._1079_/Y (sky130_fd_sc_hd__xnor2_2)
     3    0.01                           u_pc_next_logic._0324_ (net)
                  0.07    0.00    0.63 v u_pc_next_logic._1129_/A (sky130_fd_sc_hd__or3_2)
                  0.08    0.48    1.11 v u_pc_next_logic._1129_/X (sky130_fd_sc_hd__or3_2)
     2    0.00                           u_pc_next_logic._0372_ (net)
                  0.08    0.00    1.11 v u_pc_next_logic._1130_/B (sky130_fd_sc_hd__or4bb_2)
                  0.11    0.63    1.74 v u_pc_next_logic._1130_/X (sky130_fd_sc_hd__or4bb_2)
     2    0.01                           u_pc_next_logic._0373_ (net)
                  0.11    0.00    1.74 v u_pc_next_logic._1231_/B1 (sky130_fd_sc_hd__a211o_2)
                  0.06    0.34    2.08 v u_pc_next_logic._1231_/X (sky130_fd_sc_hd__a211o_2)
     3    0.01                           u_pc_next_logic._0470_ (net)
                  0.06    0.00    2.08 v u_pc_next_logic._1320_/A2 (sky130_fd_sc_hd__a21o_2)
                  0.04    0.22    2.30 v u_pc_next_logic._1320_/X (sky130_fd_sc_hd__a21o_2)
     2    0.01                           u_pc_next_logic._0555_ (net)
                  0.04    0.00    2.30 v u_pc_next_logic._1324_/A2 (sky130_fd_sc_hd__a21o_2)
                  0.06    0.23    2.53 v u_pc_next_logic._1324_/X (sky130_fd_sc_hd__a21o_2)
     4    0.01                           u_pc_next_logic._0559_ (net)
                  0.06    0.00    2.53 v u_pc_next_logic._1380_/A2 (sky130_fd_sc_hd__a31o_2)
                  0.06    0.26    2.79 v u_pc_next_logic._1380_/X (sky130_fd_sc_hd__a31o_2)
     2    0.01                           u_pc_next_logic._0613_ (net)
                  0.06    0.00    2.79 v u_pc_next_logic._1402_/A2 (sky130_fd_sc_hd__o21ai_2)
                  0.16    0.16    2.95 ^ u_pc_next_logic._1402_/Y (sky130_fd_sc_hd__o21ai_2)
     2    0.01                           u_pc_next_logic._0634_ (net)
                  0.16    0.00    2.95 ^ u_pc_next_logic._1404_/A2 (sky130_fd_sc_hd__o21ai_2)
                  0.04    0.06    3.01 v u_pc_next_logic._1404_/Y (sky130_fd_sc_hd__o21ai_2)
     1    0.00                           u_pc_next_logic._0636_ (net)
                  0.04    0.00    3.01 v u_pc_next_logic._1412_/A1 (sky130_fd_sc_hd__a22o_2)
                  0.04    0.22    3.23 v u_pc_next_logic._1412_/X (sky130_fd_sc_hd__a22o_2)
     1    0.00                           u_pc_next_logic._0644_ (net)
                  0.04    0.00    3.23 v u_pc_next_logic._1413_/A1 (sky130_fd_sc_hd__mux2_2)
                  0.05    0.25    3.48 v u_pc_next_logic._1413_/X (sky130_fd_sc_hd__mux2_2)
     1    0.00                           u_pc_next_logic._0645_ (net)
                  0.05    0.00    3.48 v u_pc_next_logic._1414_/A (sky130_fd_sc_hd__buf_1)
                  0.02    0.08    3.56 v u_pc_next_logic._1414_/X (sky130_fd_sc_hd__buf_1)
     1    0.00                           u_pc_next_logic.pc_next[23] (net)
                  0.02    0.00    3.56 v u_pc_reg._116_/B (sky130_fd_sc_hd__and2_2)
                  0.03    0.17    3.72 v u_pc_reg._116_/X (sky130_fd_sc_hd__and2_2)
     1    0.00                           u_pc_reg._040_ (net)
                  0.03    0.00    3.72 v u_pc_reg._117_/A (sky130_fd_sc_hd__buf_1)
                  0.02    0.08    3.80 v u_pc_reg._117_/X (sky130_fd_sc_hd__buf_1)
     1    0.00                           u_pc_reg._023_ (net)
                  0.02    0.00    3.80 v u_pc_reg._157_/D (sky130_fd_sc_hd__dfxtp_2)
                                  3.80   data arrival time

                  0.10   20.00   20.00   clock clk (rise edge)
                          0.00   20.00   clock network delay (ideal)
                         -0.20   19.80   clock uncertainty
                          0.00   19.80   clock reconvergence pessimism
                                 19.80 ^ u_pc_reg._157_/CLK (sky130_fd_sc_hd__dfxtp_2)
                         -0.09   19.71   library setup time
                                 19.71   data required time
-----------------------------------------------------------------------------
                                 19.71   data required time
                                 -3.80   data arrival time
-----------------------------------------------------------------------------
                                 15.91   slack (MET)


Startpoint: u_pc_reg._144_ (rising edge-triggered flip-flop clocked by clk)
Endpoint: u_pc_reg._161_ (rising edge-triggered flip-flop clocked by clk)
Path Group: clk
Path Type: max

Fanout     Cap    Slew   Delay    Time   Description
-----------------------------------------------------------------------------
                  0.10    0.00    0.00   clock clk (rise edge)
                          0.00    0.00   clock network delay (ideal)
                  0.10    0.00    0.00 ^ u_pc_reg._144_/CLK (sky130_fd_sc_hd__dfxtp_2)
                  0.29    0.51    0.51 ^ u_pc_reg._144_/Q (sky130_fd_sc_hd__dfxtp_2)
    13    0.06                           u_imem.addr[10] (net)
                  0.29    0.00    0.51 ^ u_pc_next_logic._1089_/A (sky130_fd_sc_hd__xnor2_2)
                  0.08    0.12    0.64 v u_pc_next_logic._1089_/Y (sky130_fd_sc_hd__xnor2_2)
     3    0.01                           u_pc_next_logic._0334_ (net)
                  0.08    0.00    0.64 v u_pc_next_logic._1140_/A (sky130_fd_sc_hd__or3_2)
                  0.10    0.52    1.16 v u_pc_next_logic._1140_/X (sky130_fd_sc_hd__or3_2)
     3    0.01                           u_pc_next_logic._0383_ (net)
                  0.10    0.00    1.16 v u_pc_next_logic._1143_/A2 (sky130_fd_sc_hd__o21a_2)
                  0.04    0.22    1.38 v u_pc_next_logic._1143_/X (sky130_fd_sc_hd__o21a_2)
     2    0.01                           u_pc_next_logic._0386_ (net)
                  0.04    0.00    1.38 v u_pc_next_logic._1240_/A1 (sky130_fd_sc_hd__o21a_2)
                  0.04    0.21    1.59 v u_pc_next_logic._1240_/X (sky130_fd_sc_hd__o21a_2)
     1    0.00                           u_pc_next_logic._0479_ (net)
                  0.04    0.00    1.59 v u_pc_next_logic._1241_/B (sky130_fd_sc_hd__nor2_2)
                  0.09    0.08    1.67 ^ u_pc_next_logic._1241_/Y (sky130_fd_sc_hd__nor2_2)
     1    0.01                           u_pc_next_logic._0480_ (net)
                  0.09    0.00    1.67 ^ u_pc_next_logic._1243_/A1 (sky130_fd_sc_hd__o21ai_2)
                  0.04    0.06    1.74 v u_pc_next_logic._1243_/Y (sky130_fd_sc_hd__o21ai_2)
     2    0.00                           u_pc_next_logic._0482_ (net)
                  0.04    0.00    1.74 v u_pc_next_logic._1419_/A1 (sky130_fd_sc_hd__a211o_2)
                  0.07    0.31    2.05 v u_pc_next_logic._1419_/X (sky130_fd_sc_hd__a211o_2)
     3    0.01                           u_pc_next_logic._0650_ (net)
                  0.07    0.00    2.05 v u_pc_next_logic._1423_/A2 (sky130_fd_sc_hd__a21o_2)
                  0.05    0.23    2.28 v u_pc_next_logic._1423_/X (sky130_fd_sc_hd__a21o_2)
     3    0.01                           u_pc_next_logic._0654_ (net)
                  0.05    0.00    2.28 v u_pc_next_logic._1486_/A2 (sky130_fd_sc_hd__a31o_2)
                  0.06    0.25    2.53 v u_pc_next_logic._1486_/X (sky130_fd_sc_hd__a31o_2)
     2    0.01                           u_pc_next_logic._0715_ (net)
                  0.06    0.00    2.53 v u_pc_next_logic._1510_/A2 (sky130_fd_sc_hd__o21a_2)
                  0.04    0.20    2.73 v u_pc_next_logic._1510_/X (sky130_fd_sc_hd__o21a_2)
     2    0.01                           u_pc_next_logic._0738_ (net)
                  0.04    0.00    2.73 v u_pc_next_logic._1512_/C (sky130_fd_sc_hd__or3_2)
                  0.07    0.40    3.13 v u_pc_next_logic._1512_/X (sky130_fd_sc_hd__or3_2)
     1    0.00                           u_pc_next_logic._0740_ (net)
                  0.07    0.00    3.13 v u_pc_next_logic._1513_/A3 (sky130_fd_sc_hd__a31o_2)
                  0.04    0.24    3.37 v u_pc_next_logic._1513_/X (sky130_fd_sc_hd__a31o_2)
     1    0.00                           u_pc_next_logic._0741_ (net)
                  0.04    0.00    3.37 v u_pc_next_logic._1514_/B2 (sky130_fd_sc_hd__o22a_2)
                  0.03    0.16    3.53 v u_pc_next_logic._1514_/X (sky130_fd_sc_hd__o22a_2)
     1    0.00                           u_pc_next_logic.pc_next[27] (net)
                  0.03    0.00    3.53 v u_pc_reg._124_/B (sky130_fd_sc_hd__and2_2)
                  0.03    0.17    3.71 v u_pc_reg._124_/X (sky130_fd_sc_hd__and2_2)
     1    0.00                           u_pc_reg._044_ (net)
                  0.03    0.00    3.71 v u_pc_reg._125_/A (sky130_fd_sc_hd__buf_1)
                  0.02    0.08    3.78 v u_pc_reg._125_/X (sky130_fd_sc_hd__buf_1)
     1    0.00                           u_pc_reg._027_ (net)
                  0.02    0.00    3.78 v u_pc_reg._161_/D (sky130_fd_sc_hd__dfxtp_2)
                                  3.78   data arrival time

                  0.10   20.00   20.00   clock clk (rise edge)
                          0.00   20.00   clock network delay (ideal)
                         -0.20   19.80   clock uncertainty
                          0.00   19.80   clock reconvergence pessimism
                                 19.80 ^ u_pc_reg._161_/CLK (sky130_fd_sc_hd__dfxtp_2)
                         -0.09   19.71   library setup time
                                 19.71   data required time
-----------------------------------------------------------------------------
                                 19.71   data required time
                                 -3.78   data arrival time
-----------------------------------------------------------------------------
                                 15.93   slack (MET)


Startpoint: u_pc_reg._144_ (rising edge-triggered flip-flop clocked by clk)
Endpoint: u_pc_reg._149_ (rising edge-triggered flip-flop clocked by clk)
Path Group: clk
Path Type: max

Fanout     Cap    Slew   Delay    Time   Description
-----------------------------------------------------------------------------
                  0.10    0.00    0.00   clock clk (rise edge)
                          0.00    0.00   clock network delay (ideal)
                  0.10    0.00    0.00 ^ u_pc_reg._144_/CLK (sky130_fd_sc_hd__dfxtp_2)
                  0.29    0.51    0.51 ^ u_pc_reg._144_/Q (sky130_fd_sc_hd__dfxtp_2)
    13    0.06                           u_imem.addr[10] (net)
                  0.29    0.00    0.51 ^ u_pc_next_logic._1079_/A (sky130_fd_sc_hd__xnor2_2)
                  0.07    0.12    0.63 v u_pc_next_logic._1079_/Y (sky130_fd_sc_hd__xnor2_2)
     3    0.01                           u_pc_next_logic._0324_ (net)
                  0.07    0.00    0.63 v u_pc_next_logic._1129_/A (sky130_fd_sc_hd__or3_2)
                  0.08    0.48    1.11 v u_pc_next_logic._1129_/X (sky130_fd_sc_hd__or3_2)
     2    0.00                           u_pc_next_logic._0372_ (net)
                  0.08    0.00    1.11 v u_pc_next_logic._1130_/B (sky130_fd_sc_hd__or4bb_2)
                  0.11    0.63    1.74 v u_pc_next_logic._1130_/X (sky130_fd_sc_hd__or4bb_2)
     2    0.01                           u_pc_next_logic._0373_ (net)
                  0.11    0.00    1.74 v u_pc_next_logic._1131_/A (sky130_fd_sc_hd__inv_2)
                  0.04    0.07    1.82 ^ u_pc_next_logic._1131_/Y (sky130_fd_sc_hd__inv_2)
     1    0.01                           u_pc_next_logic._0374_ (net)
                  0.04    0.00    1.82 ^ u_pc_next_logic._1134_/A2 (sky130_fd_sc_hd__a21boi_2)
                  0.06    0.07    1.88 v u_pc_next_logic._1134_/Y (sky130_fd_sc_hd__a21boi_2)
     2    0.01                           u_pc_next_logic._0377_ (net)
                  0.06    0.00    1.88 v u_pc_next_logic._1156_/A2 (sky130_fd_sc_hd__o21a_2)
                  0.05    0.22    2.10 v u_pc_next_logic._1156_/X (sky130_fd_sc_hd__o21a_2)
     2    0.01                           u_pc_next_logic._0398_ (net)
                  0.05    0.00    2.10 v u_pc_next_logic._1180_/A2 (sky130_fd_sc_hd__a21o_2)
                  0.04    0.22    2.32 v u_pc_next_logic._1180_/X (sky130_fd_sc_hd__a21o_2)
     2    0.01                           u_pc_next_logic._0421_ (net)
                  0.04    0.00    2.32 v u_pc_next_logic._1181_/B (sky130_fd_sc_hd__or2_2)
                  0.07    0.29    2.61 v u_pc_next_logic._1181_/X (sky130_fd_sc_hd__or2_2)
     3    0.01                           u_pc_next_logic._0422_ (net)
                  0.07    0.00    2.61 v u_pc_next_logic._1208_/B (sky130_fd_sc_hd__and3b_2)
                  0.04    0.20    2.80 v u_pc_next_logic._1208_/X (sky130_fd_sc_hd__and3b_2)
     1    0.00                           u_pc_next_logic._0448_ (net)
                  0.04    0.00    2.80 v u_pc_next_logic._1210_/A3 (sky130_fd_sc_hd__o311a_2)
                  0.05    0.32    3.12 v u_pc_next_logic._1210_/X (sky130_fd_sc_hd__o311a_2)
     1    0.00                           u_pc_next_logic._0450_ (net)
                  0.05    0.00    3.12 v u_pc_next_logic._1211_/B1 (sky130_fd_sc_hd__a211o_2)
                  0.05    0.30    3.42 v u_pc_next_logic._1211_/X (sky130_fd_sc_hd__a211o_2)
     1    0.00                           u_pc_next_logic._0451_ (net)
                  0.05    0.00    3.42 v u_pc_next_logic._1212_/B1 (sky130_fd_sc_hd__o21a_2)
                  0.03    0.10    3.52 v u_pc_next_logic._1212_/X (sky130_fd_sc_hd__o21a_2)
     1    0.00                           u_pc_next_logic.pc_next[15] (net)
                  0.03    0.00    3.52 v u_pc_reg._099_/B (sky130_fd_sc_hd__and2_2)
                  0.03    0.17    3.69 v u_pc_reg._099_/X (sky130_fd_sc_hd__and2_2)
     1    0.00                           u_pc_reg._066_ (net)
                  0.03    0.00    3.69 v u_pc_reg._100_/A (sky130_fd_sc_hd__buf_1)
                  0.02    0.08    3.77 v u_pc_reg._100_/X (sky130_fd_sc_hd__buf_1)
     1    0.00                           u_pc_reg._015_ (net)
                  0.02    0.00    3.77 v u_pc_reg._149_/D (sky130_fd_sc_hd__dfxtp_2)
                                  3.77   data arrival time

                  0.10   20.00   20.00   clock clk (rise edge)
                          0.00   20.00   clock network delay (ideal)
                         -0.20   19.80   clock uncertainty
                          0.00   19.80   clock reconvergence pessimism
                                 19.80 ^ u_pc_reg._149_/CLK (sky130_fd_sc_hd__dfxtp_2)
                         -0.09   19.71   library setup time
                                 19.71   data required time
-----------------------------------------------------------------------------
                                 19.71   data required time
                                 -3.77   data arrival time
-----------------------------------------------------------------------------
                                 15.94   slack (MET)


Startpoint: u_pc_reg._144_ (rising edge-triggered flip-flop clocked by clk)
Endpoint: u_pc_reg._159_ (rising edge-triggered flip-flop clocked by clk)
Path Group: clk
Path Type: max

Fanout     Cap    Slew   Delay    Time   Description
-----------------------------------------------------------------------------
                  0.10    0.00    0.00   clock clk (rise edge)
                          0.00    0.00   clock network delay (ideal)
                  0.10    0.00    0.00 ^ u_pc_reg._144_/CLK (sky130_fd_sc_hd__dfxtp_2)
                  0.29    0.51    0.51 ^ u_pc_reg._144_/Q (sky130_fd_sc_hd__dfxtp_2)
    13    0.06                           u_imem.addr[10] (net)
                  0.29    0.00    0.51 ^ u_pc_next_logic._1079_/A (sky130_fd_sc_hd__xnor2_2)
                  0.07    0.12    0.63 v u_pc_next_logic._1079_/Y (sky130_fd_sc_hd__xnor2_2)
     3    0.01                           u_pc_next_logic._0324_ (net)
                  0.07    0.00    0.63 v u_pc_next_logic._1129_/A (sky130_fd_sc_hd__or3_2)
                  0.08    0.48    1.11 v u_pc_next_logic._1129_/X (sky130_fd_sc_hd__or3_2)
     2    0.00                           u_pc_next_logic._0372_ (net)
                  0.08    0.00    1.11 v u_pc_next_logic._1130_/B (sky130_fd_sc_hd__or4bb_2)
                  0.11    0.63    1.74 v u_pc_next_logic._1130_/X (sky130_fd_sc_hd__or4bb_2)
     2    0.01                           u_pc_next_logic._0373_ (net)
                  0.11    0.00    1.74 v u_pc_next_logic._1231_/B1 (sky130_fd_sc_hd__a211o_2)
                  0.06    0.34    2.08 v u_pc_next_logic._1231_/X (sky130_fd_sc_hd__a211o_2)
     3    0.01                           u_pc_next_logic._0470_ (net)
                  0.06    0.00    2.08 v u_pc_next_logic._1431_/A2 (sky130_fd_sc_hd__a211o_2)
                  0.07    0.35    2.43 v u_pc_next_logic._1431_/X (sky130_fd_sc_hd__a211o_2)
     3    0.01                           u_pc_next_logic._0662_ (net)
                  0.07    0.00    2.43 v u_pc_next_logic._1435_/A2 (sky130_fd_sc_hd__a21oi_2)
                  0.18    0.20    2.63 ^ u_pc_next_logic._1435_/Y (sky130_fd_sc_hd__a21oi_2)
     3    0.01                           u_pc_next_logic._0666_ (net)
                  0.18    0.00    2.63 ^ u_pc_next_logic._1469_/B (sky130_fd_sc_hd__nor2_2)
                  0.05    0.06    2.70 v u_pc_next_logic._1469_/Y (sky130_fd_sc_hd__nor2_2)
     1    0.01                           u_pc_next_logic._0699_ (net)
                  0.05    0.00    2.70 v u_pc_next_logic._1470_/B (sky130_fd_sc_hd__xor2_2)
                  0.04    0.13    2.83 v u_pc_next_logic._1470_/X (sky130_fd_sc_hd__xor2_2)
     1    0.00                           u_pc_next_logic._0700_ (net)
                  0.04    0.00    2.83 v u_pc_next_logic._1471_/A1 (sky130_fd_sc_hd__mux2_2)
                  0.05    0.25    3.08 v u_pc_next_logic._1471_/X (sky130_fd_sc_hd__mux2_2)
     1    0.00                           u_pc_next_logic._0701_ (net)
                  0.05    0.00    3.08 v u_pc_next_logic._1472_/B1 (sky130_fd_sc_hd__o22a_2)
                  0.03    0.19    3.27 v u_pc_next_logic._1472_/X (sky130_fd_sc_hd__o22a_2)
     1    0.00                           u_pc_next_logic._0702_ (net)
                  0.03    0.00    3.27 v u_pc_next_logic._1473_/B2 (sky130_fd_sc_hd__a2bb2o_2)
                  0.04    0.21    3.48 v u_pc_next_logic._1473_/X (sky130_fd_sc_hd__a2bb2o_2)
     1    0.00                           u_pc_next_logic.pc_next[25] (net)
                  0.04    0.00    3.48 v u_pc_reg._120_/B (sky130_fd_sc_hd__and2_2)
                  0.03    0.18    3.66 v u_pc_reg._120_/X (sky130_fd_sc_hd__and2_2)
     1    0.00                           u_pc_reg._042_ (net)
                  0.03    0.00    3.66 v u_pc_reg._121_/A (sky130_fd_sc_hd__buf_1)
                  0.02    0.08    3.74 v u_pc_reg._121_/X (sky130_fd_sc_hd__buf_1)
     1    0.00                           u_pc_reg._025_ (net)
                  0.02    0.00    3.74 v u_pc_reg._159_/D (sky130_fd_sc_hd__dfxtp_2)
                                  3.74   data arrival time

                  0.10   20.00   20.00   clock clk (rise edge)
                          0.00   20.00   clock network delay (ideal)
                         -0.20   19.80   clock uncertainty
                          0.00   19.80   clock reconvergence pessimism
                                 19.80 ^ u_pc_reg._159_/CLK (sky130_fd_sc_hd__dfxtp_2)
                         -0.09   19.71   library setup time
                                 19.71   data required time
-----------------------------------------------------------------------------
                                 19.71   data required time
                                 -3.74   data arrival time
-----------------------------------------------------------------------------
                                 15.97   slack (MET)


Startpoint: u_pc_reg._144_ (rising edge-triggered flip-flop clocked by clk)
Endpoint: u_pc_reg._152_ (rising edge-triggered flip-flop clocked by clk)
Path Group: clk
Path Type: max

Fanout     Cap    Slew   Delay    Time   Description
-----------------------------------------------------------------------------
                  0.10    0.00    0.00   clock clk (rise edge)
                          0.00    0.00   clock network delay (ideal)
                  0.10    0.00    0.00 ^ u_pc_reg._144_/CLK (sky130_fd_sc_hd__dfxtp_2)
                  0.29    0.51    0.51 ^ u_pc_reg._144_/Q (sky130_fd_sc_hd__dfxtp_2)
    13    0.06                           u_imem.addr[10] (net)
                  0.29    0.00    0.51 ^ u_pc_next_logic._1079_/A (sky130_fd_sc_hd__xnor2_2)
                  0.07    0.12    0.63 v u_pc_next_logic._1079_/Y (sky130_fd_sc_hd__xnor2_2)
     3    0.01                           u_pc_next_logic._0324_ (net)
                  0.07    0.00    0.63 v u_pc_next_logic._1129_/A (sky130_fd_sc_hd__or3_2)
                  0.08    0.48    1.11 v u_pc_next_logic._1129_/X (sky130_fd_sc_hd__or3_2)
     2    0.00                           u_pc_next_logic._0372_ (net)
                  0.08    0.00    1.11 v u_pc_next_logic._1130_/B (sky130_fd_sc_hd__or4bb_2)
                  0.11    0.63    1.74 v u_pc_next_logic._1130_/X (sky130_fd_sc_hd__or4bb_2)
     2    0.01                           u_pc_next_logic._0373_ (net)
                  0.11    0.00    1.74 v u_pc_next_logic._1231_/B1 (sky130_fd_sc_hd__a211o_2)
                  0.06    0.34    2.08 v u_pc_next_logic._1231_/X (sky130_fd_sc_hd__a211o_2)
     3    0.01                           u_pc_next_logic._0470_ (net)
                  0.06    0.00    2.08 v u_pc_next_logic._1232_/B (sky130_fd_sc_hd__and2_2)
                  0.06    0.21    2.29 v u_pc_next_logic._1232_/X (sky130_fd_sc_hd__and2_2)
     4    0.01                           u_pc_next_logic._0471_ (net)
                  0.06    0.00    2.29 v u_pc_next_logic._1280_/A (sky130_fd_sc_hd__or2_2)
                  0.07    0.31    2.60 v u_pc_next_logic._1280_/X (sky130_fd_sc_hd__or2_2)
     2    0.01                           u_pc_next_logic._0517_ (net)
                  0.07    0.00    2.60 v u_pc_next_logic._1285_/A3 (sky130_fd_sc_hd__a31o_2)
                  0.03    0.24    2.84 v u_pc_next_logic._1285_/X (sky130_fd_sc_hd__a31o_2)
     1    0.00                           u_pc_next_logic._0522_ (net)
                  0.03    0.00    2.84 v u_pc_next_logic._1286_/B (sky130_fd_sc_hd__or2_2)
                  0.05    0.26    3.10 v u_pc_next_logic._1286_/X (sky130_fd_sc_hd__or2_2)
     1    0.00                           u_pc_next_logic._0523_ (net)
                  0.05    0.00    3.10 v u_pc_next_logic._1295_/A1 (sky130_fd_sc_hd__a221o_2)
                  0.06    0.35    3.46 v u_pc_next_logic._1295_/X (sky130_fd_sc_hd__a221o_2)
     1    0.00                           u_pc_next_logic._0532_ (net)
                  0.06    0.00    3.46 v u_pc_next_logic._1296_/B1 (sky130_fd_sc_hd__o21ai_2)
                  0.08    0.05    3.50 ^ u_pc_next_logic._1296_/Y (sky130_fd_sc_hd__o21ai_2)
     1    0.00                           u_pc_next_logic.pc_next[18] (net)
                  0.08    0.00    3.50 ^ u_pc_reg._105_/B (sky130_fd_sc_hd__and2_2)
                  0.04    0.13    3.64 ^ u_pc_reg._105_/X (sky130_fd_sc_hd__and2_2)
     1    0.00                           u_pc_reg._034_ (net)
                  0.04    0.00    3.64 ^ u_pc_reg._106_/A (sky130_fd_sc_hd__buf_1)
                  0.03    0.07    3.71 ^ u_pc_reg._106_/X (sky130_fd_sc_hd__buf_1)
     1    0.00                           u_pc_reg._018_ (net)
                  0.03    0.00    3.71 ^ u_pc_reg._152_/D (sky130_fd_sc_hd__dfxtp_2)
                                  3.71   data arrival time

                  0.10   20.00   20.00   clock clk (rise edge)
                          0.00   20.00   clock network delay (ideal)
                         -0.20   19.80   clock uncertainty
                          0.00   19.80   clock reconvergence pessimism
                                 19.80 ^ u_pc_reg._152_/CLK (sky130_fd_sc_hd__dfxtp_2)
                         -0.05   19.75   library setup time
                                 19.75   data required time
-----------------------------------------------------------------------------
                                 19.75   data required time
                                 -3.71   data arrival time
-----------------------------------------------------------------------------
                                 16.05   slack (MET)


Startpoint: u_pc_reg._144_ (rising edge-triggered flip-flop clocked by clk)
Endpoint: u_pc_reg._148_ (rising edge-triggered flip-flop clocked by clk)
Path Group: clk
Path Type: max

Fanout     Cap    Slew   Delay    Time   Description
-----------------------------------------------------------------------------
                  0.10    0.00    0.00   clock clk (rise edge)
                          0.00    0.00   clock network delay (ideal)
                  0.10    0.00    0.00 ^ u_pc_reg._144_/CLK (sky130_fd_sc_hd__dfxtp_2)
                  0.29    0.51    0.51 ^ u_pc_reg._144_/Q (sky130_fd_sc_hd__dfxtp_2)
    13    0.06                           u_imem.addr[10] (net)
                  0.29    0.00    0.51 ^ u_pc_next_logic._1079_/A (sky130_fd_sc_hd__xnor2_2)
                  0.07    0.12    0.63 v u_pc_next_logic._1079_/Y (sky130_fd_sc_hd__xnor2_2)
     3    0.01                           u_pc_next_logic._0324_ (net)
                  0.07    0.00    0.63 v u_pc_next_logic._1129_/A (sky130_fd_sc_hd__or3_2)
                  0.08    0.48    1.11 v u_pc_next_logic._1129_/X (sky130_fd_sc_hd__or3_2)
     2    0.00                           u_pc_next_logic._0372_ (net)
                  0.08    0.00    1.11 v u_pc_next_logic._1130_/B (sky130_fd_sc_hd__or4bb_2)
                  0.11    0.63    1.74 v u_pc_next_logic._1130_/X (sky130_fd_sc_hd__or4bb_2)
     2    0.01                           u_pc_next_logic._0373_ (net)
                  0.11    0.00    1.74 v u_pc_next_logic._1131_/A (sky130_fd_sc_hd__inv_2)
                  0.04    0.07    1.82 ^ u_pc_next_logic._1131_/Y (sky130_fd_sc_hd__inv_2)
     1    0.01                           u_pc_next_logic._0374_ (net)
                  0.04    0.00    1.82 ^ u_pc_next_logic._1134_/A2 (sky130_fd_sc_hd__a21boi_2)
                  0.06    0.07    1.88 v u_pc_next_logic._1134_/Y (sky130_fd_sc_hd__a21boi_2)
     2    0.01                           u_pc_next_logic._0377_ (net)
                  0.06    0.00    1.88 v u_pc_next_logic._1156_/A2 (sky130_fd_sc_hd__o21a_2)
                  0.05    0.22    2.10 v u_pc_next_logic._1156_/X (sky130_fd_sc_hd__o21a_2)
     2    0.01                           u_pc_next_logic._0398_ (net)
                  0.05    0.00    2.10 v u_pc_next_logic._1180_/A2 (sky130_fd_sc_hd__a21o_2)
                  0.04    0.22    2.32 v u_pc_next_logic._1180_/X (sky130_fd_sc_hd__a21o_2)
     2    0.01                           u_pc_next_logic._0421_ (net)
                  0.04    0.00    2.32 v u_pc_next_logic._1181_/B (sky130_fd_sc_hd__or2_2)
                  0.07    0.29    2.61 v u_pc_next_logic._1181_/X (sky130_fd_sc_hd__or2_2)
     3    0.01                           u_pc_next_logic._0422_ (net)
                  0.07    0.00    2.61 v u_pc_next_logic._1183_/B1 (sky130_fd_sc_hd__a221o_2)
                  0.05    0.33    2.94 v u_pc_next_logic._1183_/X (sky130_fd_sc_hd__a221o_2)
     1    0.00                           u_pc_next_logic._0424_ (net)
                  0.05    0.00    2.94 v u_pc_next_logic._1184_/B1 (sky130_fd_sc_hd__o21a_2)
                  0.03    0.11    3.05 v u_pc_next_logic._1184_/X (sky130_fd_sc_hd__o21a_2)
     1    0.00                           u_pc_next_logic._0425_ (net)
                  0.03    0.00    3.05 v u_pc_next_logic._1190_/A0 (sky130_fd_sc_hd__mux2_2)
                  0.05    0.24    3.29 v u_pc_next_logic._1190_/X (sky130_fd_sc_hd__mux2_2)
     1    0.00                           u_pc_next_logic._0431_ (net)
                  0.05    0.00    3.29 v u_pc_next_logic._1191_/A (sky130_fd_sc_hd__buf_1)
                  0.02    0.08    3.37 v u_pc_next_logic._1191_/X (sky130_fd_sc_hd__buf_1)
     1    0.00                           u_pc_next_logic.pc_next[14] (net)
                  0.02    0.00    3.37 v u_pc_reg._097_/B (sky130_fd_sc_hd__and2_2)
                  0.03    0.17    3.54 v u_pc_reg._097_/X (sky130_fd_sc_hd__and2_2)
     1    0.00                           u_pc_reg._065_ (net)
                  0.03    0.00    3.54 v u_pc_reg._098_/A (sky130_fd_sc_hd__buf_1)
                  0.02    0.08    3.61 v u_pc_reg._098_/X (sky130_fd_sc_hd__buf_1)
     1    0.00                           u_pc_reg._014_ (net)
                  0.02    0.00    3.61 v u_pc_reg._148_/D (sky130_fd_sc_hd__dfxtp_2)
                                  3.61   data arrival time

                  0.10   20.00   20.00   clock clk (rise edge)
                          0.00   20.00   clock network delay (ideal)
                         -0.20   19.80   clock uncertainty
                          0.00   19.80   clock reconvergence pessimism
                                 19.80 ^ u_pc_reg._148_/CLK (sky130_fd_sc_hd__dfxtp_2)
                         -0.09   19.71   library setup time
                                 19.71   data required time
-----------------------------------------------------------------------------
                                 19.71   data required time
                                 -3.61   data arrival time
-----------------------------------------------------------------------------
                                 16.10   slack (MET)


Startpoint: u_pc_reg._144_ (rising edge-triggered flip-flop clocked by clk)
Endpoint: u_pc_reg._154_ (rising edge-triggered flip-flop clocked by clk)
Path Group: clk
Path Type: max

Fanout     Cap    Slew   Delay    Time   Description
-----------------------------------------------------------------------------
                  0.10    0.00    0.00   clock clk (rise edge)
                          0.00    0.00   clock network delay (ideal)
                  0.10    0.00    0.00 ^ u_pc_reg._144_/CLK (sky130_fd_sc_hd__dfxtp_2)
                  0.29    0.51    0.51 ^ u_pc_reg._144_/Q (sky130_fd_sc_hd__dfxtp_2)
    13    0.06                           u_imem.addr[10] (net)
                  0.29    0.00    0.51 ^ u_pc_next_logic._1079_/A (sky130_fd_sc_hd__xnor2_2)
                  0.07    0.12    0.63 v u_pc_next_logic._1079_/Y (sky130_fd_sc_hd__xnor2_2)
     3    0.01                           u_pc_next_logic._0324_ (net)
                  0.07    0.00    0.63 v u_pc_next_logic._1129_/A (sky130_fd_sc_hd__or3_2)
                  0.08    0.48    1.11 v u_pc_next_logic._1129_/X (sky130_fd_sc_hd__or3_2)
     2    0.00                           u_pc_next_logic._0372_ (net)
                  0.08    0.00    1.11 v u_pc_next_logic._1130_/B (sky130_fd_sc_hd__or4bb_2)
                  0.11    0.63    1.74 v u_pc_next_logic._1130_/X (sky130_fd_sc_hd__or4bb_2)
     2    0.01                           u_pc_next_logic._0373_ (net)
                  0.11    0.00    1.74 v u_pc_next_logic._1231_/B1 (sky130_fd_sc_hd__a211o_2)
                  0.06    0.34    2.08 v u_pc_next_logic._1231_/X (sky130_fd_sc_hd__a211o_2)
     3    0.01                           u_pc_next_logic._0470_ (net)
                  0.06    0.00    2.08 v u_pc_next_logic._1320_/A2 (sky130_fd_sc_hd__a21o_2)
                  0.04    0.22    2.30 v u_pc_next_logic._1320_/X (sky130_fd_sc_hd__a21o_2)
     2    0.01                           u_pc_next_logic._0555_ (net)
                  0.04    0.00    2.30 v u_pc_next_logic._1324_/A2 (sky130_fd_sc_hd__a21o_2)
                  0.06    0.23    2.53 v u_pc_next_logic._1324_/X (sky130_fd_sc_hd__a21o_2)
     4    0.01                           u_pc_next_logic._0559_ (net)
                  0.06    0.00    2.53 v u_pc_next_logic._1326_/B1 (sky130_fd_sc_hd__a22o_2)
                  0.04    0.20    2.73 v u_pc_next_logic._1326_/X (sky130_fd_sc_hd__a22o_2)
     1    0.00                           u_pc_next_logic._0561_ (net)
                  0.04    0.00    2.73 v u_pc_next_logic._1337_/A0 (sky130_fd_sc_hd__mux2_2)
                  0.04    0.24    2.98 v u_pc_next_logic._1337_/X (sky130_fd_sc_hd__mux2_2)
     1    0.00                           u_pc_next_logic._0572_ (net)
                  0.04    0.00    2.98 v u_pc_next_logic._1349_/A0 (sky130_fd_sc_hd__mux2_2)
                  0.05    0.25    3.22 v u_pc_next_logic._1349_/X (sky130_fd_sc_hd__mux2_2)
     1    0.00                           u_pc_next_logic._0584_ (net)
                  0.05    0.00    3.22 v u_pc_next_logic._1350_/A (sky130_fd_sc_hd__buf_1)
                  0.02    0.08    3.30 v u_pc_next_logic._1350_/X (sky130_fd_sc_hd__buf_1)
     1    0.00                           u_pc_next_logic.pc_next[20] (net)
                  0.02    0.00    3.30 v u_pc_reg._109_/B (sky130_fd_sc_hd__and2_2)
                  0.03    0.17    3.47 v u_pc_reg._109_/X (sky130_fd_sc_hd__and2_2)
     1    0.00                           u_pc_reg._036_ (net)
                  0.03    0.00    3.47 v u_pc_reg._110_/A (sky130_fd_sc_hd__buf_1)
                  0.02    0.08    3.55 v u_pc_reg._110_/X (sky130_fd_sc_hd__buf_1)
     1    0.00                           u_pc_reg._020_ (net)
                  0.02    0.00    3.55 v u_pc_reg._154_/D (sky130_fd_sc_hd__dfxtp_2)
                                  3.55   data arrival time

                  0.10   20.00   20.00   clock clk (rise edge)
                          0.00   20.00   clock network delay (ideal)
                         -0.20   19.80   clock uncertainty
                          0.00   19.80   clock reconvergence pessimism
                                 19.80 ^ u_pc_reg._154_/CLK (sky130_fd_sc_hd__dfxtp_2)
                         -0.09   19.71   library setup time
                                 19.71   data required time
-----------------------------------------------------------------------------
                                 19.71   data required time
                                 -3.55   data arrival time
-----------------------------------------------------------------------------
                                 16.16   slack (MET)


Startpoint: u_pc_reg._144_ (rising edge-triggered flip-flop clocked by clk)
Endpoint: u_pc_reg._151_ (rising edge-triggered flip-flop clocked by clk)
Path Group: clk
Path Type: max

Fanout     Cap    Slew   Delay    Time   Description
-----------------------------------------------------------------------------
                  0.10    0.00    0.00   clock clk (rise edge)
                          0.00    0.00   clock network delay (ideal)
                  0.10    0.00    0.00 ^ u_pc_reg._144_/CLK (sky130_fd_sc_hd__dfxtp_2)
                  0.29    0.51    0.51 ^ u_pc_reg._144_/Q (sky130_fd_sc_hd__dfxtp_2)
    13    0.06                           u_imem.addr[10] (net)
                  0.29    0.00    0.51 ^ u_pc_next_logic._1079_/A (sky130_fd_sc_hd__xnor2_2)
                  0.07    0.12    0.63 v u_pc_next_logic._1079_/Y (sky130_fd_sc_hd__xnor2_2)
     3    0.01                           u_pc_next_logic._0324_ (net)
                  0.07    0.00    0.63 v u_pc_next_logic._1129_/A (sky130_fd_sc_hd__or3_2)
                  0.08    0.48    1.11 v u_pc_next_logic._1129_/X (sky130_fd_sc_hd__or3_2)
     2    0.00                           u_pc_next_logic._0372_ (net)
                  0.08    0.00    1.11 v u_pc_next_logic._1130_/B (sky130_fd_sc_hd__or4bb_2)
                  0.11    0.63    1.74 v u_pc_next_logic._1130_/X (sky130_fd_sc_hd__or4bb_2)
     2    0.01                           u_pc_next_logic._0373_ (net)
                  0.11    0.00    1.74 v u_pc_next_logic._1231_/B1 (sky130_fd_sc_hd__a211o_2)
                  0.06    0.34    2.08 v u_pc_next_logic._1231_/X (sky130_fd_sc_hd__a211o_2)
     3    0.01                           u_pc_next_logic._0470_ (net)
                  0.06    0.00    2.08 v u_pc_next_logic._1232_/B (sky130_fd_sc_hd__and2_2)
                  0.06    0.21    2.29 v u_pc_next_logic._1232_/X (sky130_fd_sc_hd__and2_2)
     4    0.01                           u_pc_next_logic._0471_ (net)
                  0.06    0.00    2.29 v u_pc_next_logic._1263_/A1 (sky130_fd_sc_hd__o21a_2)
                  0.05    0.23    2.52 v u_pc_next_logic._1263_/X (sky130_fd_sc_hd__o21a_2)
     1    0.01                           u_pc_next_logic._0501_ (net)
                  0.05    0.00    2.52 v u_pc_next_logic._1264_/B (sky130_fd_sc_hd__xnor2_2)
                  0.12    0.12    2.64 ^ u_pc_next_logic._1264_/Y (sky130_fd_sc_hd__xnor2_2)
     1    0.00                           u_pc_next_logic._0502_ (net)
                  0.12    0.00    2.64 ^ u_pc_next_logic._1265_/B (sky130_fd_sc_hd__nand2_2)
                  0.07    0.06    2.70 v u_pc_next_logic._1265_/Y (sky130_fd_sc_hd__nand2_2)
     1    0.00                           u_pc_next_logic._0503_ (net)
                  0.07    0.00    2.70 v u_pc_next_logic._1266_/B1 (sky130_fd_sc_hd__o211a_2)
                  0.04    0.13    2.83 v u_pc_next_logic._1266_/X (sky130_fd_sc_hd__o211a_2)
     1    0.00                           u_pc_next_logic._0504_ (net)
                  0.04    0.00    2.83 v u_pc_next_logic._1267_/B1 (sky130_fd_sc_hd__a211o_2)
                  0.05    0.29    3.13 v u_pc_next_logic._1267_/X (sky130_fd_sc_hd__a211o_2)
     1    0.00                           u_pc_next_logic._0505_ (net)
                  0.05    0.00    3.13 v u_pc_next_logic._1268_/B1 (sky130_fd_sc_hd__o21a_2)
                  0.03    0.10    3.23 v u_pc_next_logic._1268_/X (sky130_fd_sc_hd__o21a_2)
     1    0.00                           u_pc_next_logic.pc_next[17] (net)
                  0.03    0.00    3.23 v u_pc_reg._103_/B (sky130_fd_sc_hd__and2_2)
                  0.03    0.17    3.40 v u_pc_reg._103_/X (sky130_fd_sc_hd__and2_2)
     1    0.00                           u_pc_reg._033_ (net)
                  0.03    0.00    3.40 v u_pc_reg._104_/A (sky130_fd_sc_hd__buf_1)
                  0.02    0.08    3.48 v u_pc_reg._104_/X (sky130_fd_sc_hd__buf_1)
     1    0.00                           u_pc_reg._017_ (net)
                  0.02    0.00    3.48 v u_pc_reg._151_/D (sky130_fd_sc_hd__dfxtp_2)
                                  3.48   data arrival time

                  0.10   20.00   20.00   clock clk (rise edge)
                          0.00   20.00   clock network delay (ideal)
                         -0.20   19.80   clock uncertainty
                          0.00   19.80   clock reconvergence pessimism
                                 19.80 ^ u_pc_reg._151_/CLK (sky130_fd_sc_hd__dfxtp_2)
                         -0.09   19.71   library setup time
                                 19.71   data required time
-----------------------------------------------------------------------------
                                 19.71   data required time
                                 -3.48   data arrival time
-----------------------------------------------------------------------------
                                 16.23   slack (MET)


Startpoint: u_pc_reg._144_ (rising edge-triggered flip-flop clocked by clk)
Endpoint: u_pc_reg._158_ (rising edge-triggered flip-flop clocked by clk)
Path Group: clk
Path Type: max

Fanout     Cap    Slew   Delay    Time   Description
-----------------------------------------------------------------------------
                  0.10    0.00    0.00   clock clk (rise edge)
                          0.00    0.00   clock network delay (ideal)
                  0.10    0.00    0.00 ^ u_pc_reg._144_/CLK (sky130_fd_sc_hd__dfxtp_2)
                  0.29    0.51    0.51 ^ u_pc_reg._144_/Q (sky130_fd_sc_hd__dfxtp_2)
    13    0.06                           u_imem.addr[10] (net)
                  0.29    0.00    0.51 ^ u_pc_next_logic._1079_/A (sky130_fd_sc_hd__xnor2_2)
                  0.07    0.12    0.63 v u_pc_next_logic._1079_/Y (sky130_fd_sc_hd__xnor2_2)
     3    0.01                           u_pc_next_logic._0324_ (net)
                  0.07    0.00    0.63 v u_pc_next_logic._1129_/A (sky130_fd_sc_hd__or3_2)
                  0.08    0.48    1.11 v u_pc_next_logic._1129_/X (sky130_fd_sc_hd__or3_2)
     2    0.00                           u_pc_next_logic._0372_ (net)
                  0.08    0.00    1.11 v u_pc_next_logic._1130_/B (sky130_fd_sc_hd__or4bb_2)
                  0.11    0.63    1.74 v u_pc_next_logic._1130_/X (sky130_fd_sc_hd__or4bb_2)
     2    0.01                           u_pc_next_logic._0373_ (net)
                  0.11    0.00    1.74 v u_pc_next_logic._1231_/B1 (sky130_fd_sc_hd__a211o_2)
                  0.06    0.34    2.08 v u_pc_next_logic._1231_/X (sky130_fd_sc_hd__a211o_2)
     3    0.01                           u_pc_next_logic._0470_ (net)
                  0.06    0.00    2.08 v u_pc_next_logic._1431_/A2 (sky130_fd_sc_hd__a211o_2)
                  0.07    0.35    2.43 v u_pc_next_logic._1431_/X (sky130_fd_sc_hd__a211o_2)
     3    0.01                           u_pc_next_logic._0662_ (net)
                  0.07    0.00    2.43 v u_pc_next_logic._1435_/A2 (sky130_fd_sc_hd__a21oi_2)
                  0.18    0.20    2.63 ^ u_pc_next_logic._1435_/Y (sky130_fd_sc_hd__a21oi_2)
     3    0.01                           u_pc_next_logic._0666_ (net)
                  0.18    0.00    2.63 ^ u_pc_next_logic._1437_/A (sky130_fd_sc_hd__nor2_2)
                  0.04    0.06    2.69 v u_pc_next_logic._1437_/Y (sky130_fd_sc_hd__nor2_2)
     1    0.00                           u_pc_next_logic._0668_ (net)
                  0.04    0.00    2.69 v u_pc_next_logic._1438_/B1 (sky130_fd_sc_hd__a211o_2)
                  0.04    0.29    2.98 v u_pc_next_logic._1438_/X (sky130_fd_sc_hd__a211o_2)
     1    0.00                           u_pc_next_logic._0669_ (net)
                  0.04    0.00    2.98 v u_pc_next_logic._1452_/A3 (sky130_fd_sc_hd__a31o_2)
                  0.03    0.23    3.21 v u_pc_next_logic._1452_/X (sky130_fd_sc_hd__a31o_2)
     1    0.00                           u_pc_next_logic.pc_next[24] (net)
                  0.03    0.00    3.21 v u_pc_reg._118_/B (sky130_fd_sc_hd__and2_2)
                  0.03    0.17    3.38 v u_pc_reg._118_/X (sky130_fd_sc_hd__and2_2)
     1    0.00                           u_pc_reg._041_ (net)
                  0.03    0.00    3.38 v u_pc_reg._119_/A (sky130_fd_sc_hd__buf_1)
                  0.02    0.08    3.46 v u_pc_reg._119_/X (sky130_fd_sc_hd__buf_1)
     1    0.00                           u_pc_reg._024_ (net)
                  0.02    0.00    3.46 v u_pc_reg._158_/D (sky130_fd_sc_hd__dfxtp_2)
                                  3.46   data arrival time

                  0.10   20.00   20.00   clock clk (rise edge)
                          0.00   20.00   clock network delay (ideal)
                         -0.20   19.80   clock uncertainty
                          0.00   19.80   clock reconvergence pessimism
                                 19.80 ^ u_pc_reg._158_/CLK (sky130_fd_sc_hd__dfxtp_2)
                         -0.09   19.71   library setup time
                                 19.71   data required time
-----------------------------------------------------------------------------
                                 19.71   data required time
                                 -3.46   data arrival time
-----------------------------------------------------------------------------
                                 16.25   slack (MET)


Startpoint: u_pc_reg._144_ (rising edge-triggered flip-flop clocked by clk)
Endpoint: u_pc_reg._155_ (rising edge-triggered flip-flop clocked by clk)
Path Group: clk
Path Type: max

Fanout     Cap    Slew   Delay    Time   Description
-----------------------------------------------------------------------------
                  0.10    0.00    0.00   clock clk (rise edge)
                          0.00    0.00   clock network delay (ideal)
                  0.10    0.00    0.00 ^ u_pc_reg._144_/CLK (sky130_fd_sc_hd__dfxtp_2)
                  0.29    0.51    0.51 ^ u_pc_reg._144_/Q (sky130_fd_sc_hd__dfxtp_2)
    13    0.06                           u_imem.addr[10] (net)
                  0.29    0.00    0.51 ^ u_pc_next_logic._1079_/A (sky130_fd_sc_hd__xnor2_2)
                  0.07    0.12    0.63 v u_pc_next_logic._1079_/Y (sky130_fd_sc_hd__xnor2_2)
     3    0.01                           u_pc_next_logic._0324_ (net)
                  0.07    0.00    0.63 v u_pc_next_logic._1129_/A (sky130_fd_sc_hd__or3_2)
                  0.08    0.48    1.11 v u_pc_next_logic._1129_/X (sky130_fd_sc_hd__or3_2)
     2    0.00                           u_pc_next_logic._0372_ (net)
                  0.08    0.00    1.11 v u_pc_next_logic._1130_/B (sky130_fd_sc_hd__or4bb_2)
                  0.11    0.63    1.74 v u_pc_next_logic._1130_/X (sky130_fd_sc_hd__or4bb_2)
     2    0.01                           u_pc_next_logic._0373_ (net)
                  0.11    0.00    1.74 v u_pc_next_logic._1231_/B1 (sky130_fd_sc_hd__a211o_2)
                  0.06    0.34    2.08 v u_pc_next_logic._1231_/X (sky130_fd_sc_hd__a211o_2)
     3    0.01                           u_pc_next_logic._0470_ (net)
                  0.06    0.00    2.08 v u_pc_next_logic._1320_/A2 (sky130_fd_sc_hd__a21o_2)
                  0.04    0.22    2.30 v u_pc_next_logic._1320_/X (sky130_fd_sc_hd__a21o_2)
     2    0.01                           u_pc_next_logic._0555_ (net)
                  0.04    0.00    2.30 v u_pc_next_logic._1324_/A2 (sky130_fd_sc_hd__a21o_2)
                  0.06    0.23    2.53 v u_pc_next_logic._1324_/X (sky130_fd_sc_hd__a21o_2)
     4    0.01                           u_pc_next_logic._0559_ (net)
                  0.06    0.00    2.53 v u_pc_next_logic._1361_/A2 (sky130_fd_sc_hd__a21o_2)
                  0.03    0.20    2.74 v u_pc_next_logic._1361_/X (sky130_fd_sc_hd__a21o_2)
     1    0.00                           u_pc_next_logic._0595_ (net)
                  0.03    0.00    2.74 v u_pc_next_logic._1364_/A2 (sky130_fd_sc_hd__a31o_2)
                  0.04    0.21    2.95 v u_pc_next_logic._1364_/X (sky130_fd_sc_hd__a31o_2)
     1    0.00                           u_pc_next_logic._0598_ (net)
                  0.04    0.00    2.95 v u_pc_next_logic._1371_/B1 (sky130_fd_sc_hd__a22o_2)
                  0.04    0.19    3.14 v u_pc_next_logic._1371_/X (sky130_fd_sc_hd__a22o_2)
     1    0.00                           u_pc_next_logic.pc_next[21] (net)
                  0.04    0.00    3.14 v u_pc_reg._112_/B (sky130_fd_sc_hd__and2_2)
                  0.03    0.17    3.32 v u_pc_reg._112_/X (sky130_fd_sc_hd__and2_2)
     1    0.00                           u_pc_reg._038_ (net)
                  0.03    0.00    3.32 v u_pc_reg._113_/A (sky130_fd_sc_hd__buf_1)
                  0.02    0.08    3.39 v u_pc_reg._113_/X (sky130_fd_sc_hd__buf_1)
     1    0.00                           u_pc_reg._021_ (net)
                  0.02    0.00    3.39 v u_pc_reg._155_/D (sky130_fd_sc_hd__dfxtp_2)
                                  3.39   data arrival time

                  0.10   20.00   20.00   clock clk (rise edge)
                          0.00   20.00   clock network delay (ideal)
                         -0.20   19.80   clock uncertainty
                          0.00   19.80   clock reconvergence pessimism
                                 19.80 ^ u_pc_reg._155_/CLK (sky130_fd_sc_hd__dfxtp_2)
                         -0.09   19.71   library setup time
                                 19.71   data required time
-----------------------------------------------------------------------------
                                 19.71   data required time
                                 -3.39   data arrival time
-----------------------------------------------------------------------------
                                 16.32   slack (MET)


Startpoint: u_pc_reg._140_ (rising edge-triggered flip-flop clocked by clk)
Endpoint: u_pc_reg._145_ (rising edge-triggered flip-flop clocked by clk)
Path Group: clk
Path Type: max

Fanout     Cap    Slew   Delay    Time   Description
-----------------------------------------------------------------------------
                  0.10    0.00    0.00   clock clk (rise edge)
                          0.00    0.00   clock network delay (ideal)
                  0.10    0.00    0.00 ^ u_pc_reg._140_/CLK (sky130_fd_sc_hd__dfxtp_2)
                  0.27    0.50    0.50 ^ u_pc_reg._140_/Q (sky130_fd_sc_hd__dfxtp_2)
    12    0.05                           u_imem.addr[6] (net)
                  0.27    0.00    0.50 ^ u_pc_next_logic._0984_/A (sky130_fd_sc_hd__xnor2_2)
                  0.08    0.12    0.62 v u_pc_next_logic._0984_/Y (sky130_fd_sc_hd__xnor2_2)
     3    0.01                           u_pc_next_logic._0233_ (net)
                  0.08    0.00    0.62 v u_pc_next_logic._1030_/B (sky130_fd_sc_hd__or3b_2)
                  0.08    0.45    1.07 v u_pc_next_logic._1030_/X (sky130_fd_sc_hd__or3b_2)
     2    0.00                           u_pc_next_logic._0277_ (net)
                  0.08    0.00    1.07 v u_pc_next_logic._1031_/A_N (sky130_fd_sc_hd__and3b_2)
                  0.05    0.24    1.31 ^ u_pc_next_logic._1031_/X (sky130_fd_sc_hd__and3b_2)
     1    0.00                           u_pc_next_logic._0278_ (net)
                  0.05    0.00    1.31 ^ u_pc_next_logic._1032_/C1 (sky130_fd_sc_hd__o2111ai_2)
                  0.11    0.12    1.43 v u_pc_next_logic._1032_/Y (sky130_fd_sc_hd__o2111ai_2)
     2    0.01                           u_pc_next_logic._0279_ (net)
                  0.11    0.00    1.43 v u_pc_next_logic._1035_/A (sky130_fd_sc_hd__nand2_2)
                  0.08    0.11    1.54 ^ u_pc_next_logic._1035_/Y (sky130_fd_sc_hd__nand2_2)
     3    0.01                           u_pc_next_logic._0282_ (net)
                  0.08    0.00    1.54 ^ u_pc_next_logic._1039_/A (sky130_fd_sc_hd__nand2_2)
                  0.05    0.06    1.60 v u_pc_next_logic._1039_/Y (sky130_fd_sc_hd__nand2_2)
     3    0.01                           u_pc_next_logic._0286_ (net)
                  0.05    0.00    1.60 v u_pc_next_logic._1081_/A (sky130_fd_sc_hd__or2_2)
                  0.06    0.30    1.89 v u_pc_next_logic._1081_/X (sky130_fd_sc_hd__or2_2)
     2    0.00                           u_pc_next_logic._0326_ (net)
                  0.06    0.00    1.89 v u_pc_next_logic._1082_/A2 (sky130_fd_sc_hd__a21o_2)
                  0.06    0.24    2.13 v u_pc_next_logic._1082_/X (sky130_fd_sc_hd__a21o_2)
     3    0.01                           u_pc_next_logic._0327_ (net)
                  0.06    0.00    2.13 v u_pc_next_logic._1110_/A2 (sky130_fd_sc_hd__a31o_2)
                  0.04    0.22    2.36 v u_pc_next_logic._1110_/X (sky130_fd_sc_hd__a31o_2)
     1    0.00                           u_pc_next_logic._0354_ (net)
                  0.04    0.00    2.36 v u_pc_next_logic._1111_/B2 (sky130_fd_sc_hd__o22a_2)
                  0.03    0.16    2.52 v u_pc_next_logic._1111_/X (sky130_fd_sc_hd__o22a_2)
     1    0.00                           u_pc_next_logic._0355_ (net)
                  0.03    0.00    2.52 v u_pc_next_logic._1112_/A1 (sky130_fd_sc_hd__mux2_2)
                  0.04    0.25    2.77 v u_pc_next_logic._1112_/X (sky130_fd_sc_hd__mux2_2)
     1    0.00                           u_pc_next_logic._0356_ (net)
                  0.04    0.00    2.77 v u_pc_next_logic._1113_/A1 (sky130_fd_sc_hd__mux2_2)
                  0.05    0.25    3.02 v u_pc_next_logic._1113_/X (sky130_fd_sc_hd__mux2_2)
     1    0.00                           u_pc_next_logic._0357_ (net)
                  0.05    0.00    3.02 v u_pc_next_logic._1114_/A (sky130_fd_sc_hd__buf_1)
                  0.02    0.08    3.10 v u_pc_next_logic._1114_/X (sky130_fd_sc_hd__buf_1)
     1    0.00                           u_pc_next_logic.pc_next[11] (net)
                  0.02    0.00    3.10 v u_pc_reg._091_/B (sky130_fd_sc_hd__and2_2)
                  0.03    0.17    3.27 v u_pc_reg._091_/X (sky130_fd_sc_hd__and2_2)
     1    0.00                           u_pc_reg._062_ (net)
                  0.03    0.00    3.27 v u_pc_reg._092_/A (sky130_fd_sc_hd__buf_1)
                  0.02    0.08    3.34 v u_pc_reg._092_/X (sky130_fd_sc_hd__buf_1)
     1    0.00                           u_pc_reg._011_ (net)
                  0.02    0.00    3.34 v u_pc_reg._145_/D (sky130_fd_sc_hd__dfxtp_2)
                                  3.34   data arrival time

                  0.10   20.00   20.00   clock clk (rise edge)
                          0.00   20.00   clock network delay (ideal)
                         -0.20   19.80   clock uncertainty
                          0.00   19.80   clock reconvergence pessimism
                                 19.80 ^ u_pc_reg._145_/CLK (sky130_fd_sc_hd__dfxtp_2)
                         -0.09   19.71   library setup time
                                 19.71   data required time
-----------------------------------------------------------------------------
                                 19.71   data required time
                                 -3.34   data arrival time
-----------------------------------------------------------------------------
                                 16.37   slack (MET)


Startpoint: u_pc_reg._144_ (rising edge-triggered flip-flop clocked by clk)
Endpoint: u_pc_reg._146_ (rising edge-triggered flip-flop clocked by clk)
Path Group: clk
Path Type: max

Fanout     Cap    Slew   Delay    Time   Description
-----------------------------------------------------------------------------
                  0.10    0.00    0.00   clock clk (rise edge)
                          0.00    0.00   clock network delay (ideal)
                  0.10    0.00    0.00 ^ u_pc_reg._144_/CLK (sky130_fd_sc_hd__dfxtp_2)
                  0.29    0.51    0.51 ^ u_pc_reg._144_/Q (sky130_fd_sc_hd__dfxtp_2)
    13    0.06                           u_imem.addr[10] (net)
                  0.29    0.00    0.51 ^ u_pc_next_logic._1079_/A (sky130_fd_sc_hd__xnor2_2)
                  0.07    0.12    0.63 v u_pc_next_logic._1079_/Y (sky130_fd_sc_hd__xnor2_2)
     3    0.01                           u_pc_next_logic._0324_ (net)
                  0.07    0.00    0.63 v u_pc_next_logic._1129_/A (sky130_fd_sc_hd__or3_2)
                  0.08    0.48    1.11 v u_pc_next_logic._1129_/X (sky130_fd_sc_hd__or3_2)
     2    0.00                           u_pc_next_logic._0372_ (net)
                  0.08    0.00    1.11 v u_pc_next_logic._1130_/B (sky130_fd_sc_hd__or4bb_2)
                  0.11    0.63    1.74 v u_pc_next_logic._1130_/X (sky130_fd_sc_hd__or4bb_2)
     2    0.01                           u_pc_next_logic._0373_ (net)
                  0.11    0.00    1.74 v u_pc_next_logic._1131_/A (sky130_fd_sc_hd__inv_2)
                  0.04    0.07    1.82 ^ u_pc_next_logic._1131_/Y (sky130_fd_sc_hd__inv_2)
     1    0.01                           u_pc_next_logic._0374_ (net)
                  0.04    0.00    1.82 ^ u_pc_next_logic._1134_/A2 (sky130_fd_sc_hd__a21boi_2)
                  0.06    0.07    1.88 v u_pc_next_logic._1134_/Y (sky130_fd_sc_hd__a21boi_2)
     2    0.01                           u_pc_next_logic._0377_ (net)
                  0.06    0.00    1.88 v u_pc_next_logic._1135_/B (sky130_fd_sc_hd__xor2_2)
                  0.05    0.13    2.02 v u_pc_next_logic._1135_/X (sky130_fd_sc_hd__xor2_2)
     1    0.00                           u_pc_next_logic._0378_ (net)
                  0.05    0.00    2.02 v u_pc_next_logic._1136_/A1 (sky130_fd_sc_hd__mux2_2)
                  0.04    0.25    2.27 v u_pc_next_logic._1136_/X (sky130_fd_sc_hd__mux2_2)
     1    0.00                           u_pc_next_logic._0379_ (net)
                  0.04    0.00    2.27 v u_pc_next_logic._1146_/A0 (sky130_fd_sc_hd__mux2_2)
                  0.04    0.25    2.51 v u_pc_next_logic._1146_/X (sky130_fd_sc_hd__mux2_2)
     1    0.00                           u_pc_next_logic._0389_ (net)
                  0.04    0.00    2.51 v u_pc_next_logic._1147_/A1 (sky130_fd_sc_hd__mux2_2)
                  0.05    0.25    2.77 v u_pc_next_logic._1147_/X (sky130_fd_sc_hd__mux2_2)
     1    0.00                           u_pc_next_logic._0390_ (net)
                  0.05    0.00    2.77 v u_pc_next_logic._1148_/A (sky130_fd_sc_hd__buf_1)
                  0.02    0.08    2.85 v u_pc_next_logic._1148_/X (sky130_fd_sc_hd__buf_1)
     1    0.00                           u_pc_next_logic.pc_next[12] (net)
                  0.02    0.00    2.85 v u_pc_reg._093_/B (sky130_fd_sc_hd__and2_2)
                  0.03    0.17    3.01 v u_pc_reg._093_/X (sky130_fd_sc_hd__and2_2)
     1    0.00                           u_pc_reg._063_ (net)
                  0.03    0.00    3.01 v u_pc_reg._094_/A (sky130_fd_sc_hd__buf_1)
                  0.02    0.08    3.09 v u_pc_reg._094_/X (sky130_fd_sc_hd__buf_1)
     1    0.00                           u_pc_reg._012_ (net)
                  0.02    0.00    3.09 v u_pc_reg._146_/D (sky130_fd_sc_hd__dfxtp_2)
                                  3.09   data arrival time

                  0.10   20.00   20.00   clock clk (rise edge)
                          0.00   20.00   clock network delay (ideal)
                         -0.20   19.80   clock uncertainty
                          0.00   19.80   clock reconvergence pessimism
                                 19.80 ^ u_pc_reg._146_/CLK (sky130_fd_sc_hd__dfxtp_2)
                         -0.09   19.71   library setup time
                                 19.71   data required time
-----------------------------------------------------------------------------
                                 19.71   data required time
                                 -3.09   data arrival time
-----------------------------------------------------------------------------
                                 16.62   slack (MET)


Startpoint: u_pc_reg._144_ (rising edge-triggered flip-flop clocked by clk)
Endpoint: u_pc_reg._147_ (rising edge-triggered flip-flop clocked by clk)
Path Group: clk
Path Type: max

Fanout     Cap    Slew   Delay    Time   Description
-----------------------------------------------------------------------------
                  0.10    0.00    0.00   clock clk (rise edge)
                          0.00    0.00   clock network delay (ideal)
                  0.10    0.00    0.00 ^ u_pc_reg._144_/CLK (sky130_fd_sc_hd__dfxtp_2)
                  0.29    0.51    0.51 ^ u_pc_reg._144_/Q (sky130_fd_sc_hd__dfxtp_2)
    13    0.06                           u_imem.addr[10] (net)
                  0.29    0.00    0.51 ^ u_pc_next_logic._1079_/A (sky130_fd_sc_hd__xnor2_2)
                  0.07    0.12    0.63 v u_pc_next_logic._1079_/Y (sky130_fd_sc_hd__xnor2_2)
     3    0.01                           u_pc_next_logic._0324_ (net)
                  0.07    0.00    0.63 v u_pc_next_logic._1129_/A (sky130_fd_sc_hd__or3_2)
                  0.08    0.48    1.11 v u_pc_next_logic._1129_/X (sky130_fd_sc_hd__or3_2)
     2    0.00                           u_pc_next_logic._0372_ (net)
                  0.08    0.00    1.11 v u_pc_next_logic._1130_/B (sky130_fd_sc_hd__or4bb_2)
                  0.11    0.63    1.74 v u_pc_next_logic._1130_/X (sky130_fd_sc_hd__or4bb_2)
     2    0.01                           u_pc_next_logic._0373_ (net)
                  0.11    0.00    1.74 v u_pc_next_logic._1131_/A (sky130_fd_sc_hd__inv_2)
                  0.04    0.07    1.82 ^ u_pc_next_logic._1131_/Y (sky130_fd_sc_hd__inv_2)
     1    0.01                           u_pc_next_logic._0374_ (net)
                  0.04    0.00    1.82 ^ u_pc_next_logic._1134_/A2 (sky130_fd_sc_hd__a21boi_2)
                  0.06    0.07    1.88 v u_pc_next_logic._1134_/Y (sky130_fd_sc_hd__a21boi_2)
     2    0.01                           u_pc_next_logic._0377_ (net)
                  0.06    0.00    1.88 v u_pc_next_logic._1156_/A2 (sky130_fd_sc_hd__o21a_2)
                  0.05    0.22    2.10 v u_pc_next_logic._1156_/X (sky130_fd_sc_hd__o21a_2)
     2    0.01                           u_pc_next_logic._0398_ (net)
                  0.05    0.00    2.10 v u_pc_next_logic._1157_/B (sky130_fd_sc_hd__xor2_2)
                  0.04    0.13    2.23 v u_pc_next_logic._1157_/X (sky130_fd_sc_hd__xor2_2)
     1    0.00                           u_pc_next_logic._0399_ (net)
                  0.04    0.00    2.23 v u_pc_next_logic._1158_/A1 (sky130_fd_sc_hd__mux2_2)
                  0.05    0.26    2.49 v u_pc_next_logic._1158_/X (sky130_fd_sc_hd__mux2_2)
     1    0.00                           u_pc_next_logic._0400_ (net)
                  0.05    0.00    2.49 v u_pc_next_logic._1159_/A2 (sky130_fd_sc_hd__a21oi_2)
                  0.08    0.12    2.61 ^ u_pc_next_logic._1159_/Y (sky130_fd_sc_hd__a21oi_2)
     1    0.00                           u_pc_next_logic._0401_ (net)
                  0.08    0.00    2.61 ^ u_pc_next_logic._1166_/A2_N (sky130_fd_sc_hd__o2bb2a_2)
                  0.04    0.20    2.81 v u_pc_next_logic._1166_/X (sky130_fd_sc_hd__o2bb2a_2)
     1    0.00                           u_pc_next_logic.pc_next[13] (net)
                  0.04    0.00    2.81 v u_pc_reg._095_/B (sky130_fd_sc_hd__and2_2)
                  0.03    0.18    2.99 v u_pc_reg._095_/X (sky130_fd_sc_hd__and2_2)
     1    0.00                           u_pc_reg._064_ (net)
                  0.03    0.00    2.99 v u_pc_reg._096_/A (sky130_fd_sc_hd__buf_1)
                  0.02    0.08    3.07 v u_pc_reg._096_/X (sky130_fd_sc_hd__buf_1)
     1    0.00                           u_pc_reg._013_ (net)
                  0.02    0.00    3.07 v u_pc_reg._147_/D (sky130_fd_sc_hd__dfxtp_2)
                                  3.07   data arrival time

                  0.10   20.00   20.00   clock clk (rise edge)
                          0.00   20.00   clock network delay (ideal)
                         -0.20   19.80   clock uncertainty
                          0.00   19.80   clock reconvergence pessimism
                                 19.80 ^ u_pc_reg._147_/CLK (sky130_fd_sc_hd__dfxtp_2)
                         -0.09   19.71   library setup time
                                 19.71   data required time
-----------------------------------------------------------------------------
                                 19.71   data required time
                                 -3.07   data arrival time
-----------------------------------------------------------------------------
                                 16.64   slack (MET)


Startpoint: u_pc_reg._144_ (rising edge-triggered flip-flop clocked by clk)
Endpoint: u_pc_reg._150_ (rising edge-triggered flip-flop clocked by clk)
Path Group: clk
Path Type: max

Fanout     Cap    Slew   Delay    Time   Description
-----------------------------------------------------------------------------
                  0.10    0.00    0.00   clock clk (rise edge)
                          0.00    0.00   clock network delay (ideal)
                  0.10    0.00    0.00 ^ u_pc_reg._144_/CLK (sky130_fd_sc_hd__dfxtp_2)
                  0.29    0.51    0.51 ^ u_pc_reg._144_/Q (sky130_fd_sc_hd__dfxtp_2)
    13    0.06                           u_imem.addr[10] (net)
                  0.29    0.00    0.51 ^ u_pc_next_logic._1079_/A (sky130_fd_sc_hd__xnor2_2)
                  0.07    0.12    0.63 v u_pc_next_logic._1079_/Y (sky130_fd_sc_hd__xnor2_2)
     3    0.01                           u_pc_next_logic._0324_ (net)
                  0.07    0.00    0.63 v u_pc_next_logic._1129_/A (sky130_fd_sc_hd__or3_2)
                  0.08    0.48    1.11 v u_pc_next_logic._1129_/X (sky130_fd_sc_hd__or3_2)
     2    0.00                           u_pc_next_logic._0372_ (net)
                  0.08    0.00    1.11 v u_pc_next_logic._1130_/B (sky130_fd_sc_hd__or4bb_2)
                  0.11    0.63    1.74 v u_pc_next_logic._1130_/X (sky130_fd_sc_hd__or4bb_2)
     2    0.01                           u_pc_next_logic._0373_ (net)
                  0.11    0.00    1.74 v u_pc_next_logic._1231_/B1 (sky130_fd_sc_hd__a211o_2)
                  0.06    0.34    2.08 v u_pc_next_logic._1231_/X (sky130_fd_sc_hd__a211o_2)
     3    0.01                           u_pc_next_logic._0470_ (net)
                  0.06    0.00    2.08 v u_pc_next_logic._1232_/B (sky130_fd_sc_hd__and2_2)
                  0.06    0.21    2.29 v u_pc_next_logic._1232_/X (sky130_fd_sc_hd__and2_2)
     4    0.01                           u_pc_next_logic._0471_ (net)
                  0.06    0.00    2.29 v u_pc_next_logic._1236_/A1 (sky130_fd_sc_hd__o21ai_2)
                  0.08    0.12    2.41 ^ u_pc_next_logic._1236_/Y (sky130_fd_sc_hd__o21ai_2)
     1    0.00                           u_pc_next_logic._0475_ (net)
                  0.08    0.00    2.41 ^ u_pc_next_logic._1237_/B1 (sky130_fd_sc_hd__a21o_2)
                  0.04    0.10    2.51 ^ u_pc_next_logic._1237_/X (sky130_fd_sc_hd__a21o_2)
     1    0.00                           u_pc_next_logic._0476_ (net)
                  0.04    0.00    2.51 ^ u_pc_next_logic._1239_/A1 (sky130_fd_sc_hd__a21oi_2)
                  0.08    0.04    2.55 v u_pc_next_logic._1239_/Y (sky130_fd_sc_hd__a21oi_2)
     1    0.00                           u_pc_next_logic._0478_ (net)
                  0.08    0.00    2.55 v u_pc_next_logic._1253_/B1 (sky130_fd_sc_hd__a32o_2)
                  0.04    0.22    2.77 v u_pc_next_logic._1253_/X (sky130_fd_sc_hd__a32o_2)
     1    0.00                           u_pc_next_logic.pc_next[16] (net)
                  0.04    0.00    2.77 v u_pc_reg._101_/B (sky130_fd_sc_hd__and2_2)
                  0.03    0.17    2.94 v u_pc_reg._101_/X (sky130_fd_sc_hd__and2_2)
     1    0.00                           u_pc_reg._032_ (net)
                  0.03    0.00    2.94 v u_pc_reg._102_/A (sky130_fd_sc_hd__buf_1)
                  0.02    0.08    3.02 v u_pc_reg._102_/X (sky130_fd_sc_hd__buf_1)
     1    0.00                           u_pc_reg._016_ (net)
                  0.02    0.00    3.02 v u_pc_reg._150_/D (sky130_fd_sc_hd__dfxtp_2)
                                  3.02   data arrival time

                  0.10   20.00   20.00   clock clk (rise edge)
                          0.00   20.00   clock network delay (ideal)
                         -0.20   19.80   clock uncertainty
                          0.00   19.80   clock reconvergence pessimism
                                 19.80 ^ u_pc_reg._150_/CLK (sky130_fd_sc_hd__dfxtp_2)
                         -0.09   19.71   library setup time
                                 19.71   data required time
-----------------------------------------------------------------------------
                                 19.71   data required time
                                 -3.02   data arrival time
-----------------------------------------------------------------------------
                                 16.69   slack (MET)


Startpoint: u_pc_reg._136_ (rising edge-triggered flip-flop clocked by clk)
Endpoint: u_pc_reg._141_ (rising edge-triggered flip-flop clocked by clk)
Path Group: clk
Path Type: max

Fanout     Cap    Slew   Delay    Time   Description
-----------------------------------------------------------------------------
                  0.10    0.00    0.00   clock clk (rise edge)
                          0.00    0.00   clock network delay (ideal)
                  0.10    0.00    0.00 ^ u_pc_reg._136_/CLK (sky130_fd_sc_hd__dfxtp_2)
                  0.25    0.49    0.49 ^ u_pc_reg._136_/Q (sky130_fd_sc_hd__dfxtp_2)
    15    0.05                           u_imem.addr[2] (net)
                  0.25    0.00    0.49 ^ u_pc_next_logic._0902_/A (sky130_fd_sc_hd__or2_2)
                  0.04    0.17    0.65 ^ u_pc_next_logic._0902_/X (sky130_fd_sc_hd__or2_2)
     1    0.00                           u_pc_next_logic._0155_ (net)
                  0.04    0.00    0.65 ^ u_pc_next_logic._0903_/B (sky130_fd_sc_hd__nand2_2)
                  0.05    0.06    0.72 v u_pc_next_logic._0903_/Y (sky130_fd_sc_hd__nand2_2)
     3    0.01                           u_pc_next_logic._0156_ (net)
                  0.05    0.00    0.72 v u_pc_next_logic._0920_/A2 (sky130_fd_sc_hd__o21ai_2)
                  0.21    0.19    0.91 ^ u_pc_next_logic._0920_/Y (sky130_fd_sc_hd__o21ai_2)
     3    0.01                           u_pc_next_logic._0172_ (net)
                  0.21    0.00    0.91 ^ u_pc_next_logic._0935_/B (sky130_fd_sc_hd__or2_2)
                  0.05    0.16    1.07 ^ u_pc_next_logic._0935_/X (sky130_fd_sc_hd__or2_2)
     2    0.01                           u_pc_next_logic._0186_ (net)
                  0.05    0.00    1.07 ^ u_pc_next_logic._0936_/C (sky130_fd_sc_hd__nand3_2)
                  0.07    0.09    1.16 v u_pc_next_logic._0936_/Y (sky130_fd_sc_hd__nand3_2)
     3    0.01                           u_pc_next_logic._0187_ (net)
                  0.07    0.00    1.16 v u_pc_next_logic._0985_/A2 (sky130_fd_sc_hd__a31o_2)
                  0.05    0.25    1.41 v u_pc_next_logic._0985_/X (sky130_fd_sc_hd__a31o_2)
     2    0.01                           u_pc_next_logic._0234_ (net)
                  0.05    0.00    1.41 v u_pc_next_logic._0986_/B (sky130_fd_sc_hd__or2_2)
                  0.07    0.29    1.70 v u_pc_next_logic._0986_/X (sky130_fd_sc_hd__or2_2)
     3    0.01                           u_pc_next_logic._0235_ (net)
                  0.07    0.00    1.70 v u_pc_next_logic._1015_/A2 (sky130_fd_sc_hd__a41o_2)
                  0.04    0.24    1.94 v u_pc_next_logic._1015_/X (sky130_fd_sc_hd__a41o_2)
     1    0.00                           u_pc_next_logic._0263_ (net)
                  0.04    0.00    1.94 v u_pc_next_logic._1016_/B2 (sky130_fd_sc_hd__o22a_2)
                  0.03    0.16    2.11 v u_pc_next_logic._1016_/X (sky130_fd_sc_hd__o22a_2)
     1    0.00                           u_pc_next_logic._0264_ (net)
                  0.03    0.00    2.11 v u_pc_next_logic._1017_/B1 (sky130_fd_sc_hd__a2bb2o_2)
                  0.04    0.24    2.34 v u_pc_next_logic._1017_/X (sky130_fd_sc_hd__a2bb2o_2)
     1    0.00                           u_pc_next_logic._0265_ (net)
                  0.04    0.00    2.34 v u_pc_next_logic._1018_/A1 (sky130_fd_sc_hd__mux2_2)
                  0.05    0.25    2.59 v u_pc_next_logic._1018_/X (sky130_fd_sc_hd__mux2_2)
     1    0.00                           u_pc_next_logic._0266_ (net)
                  0.05    0.00    2.59 v u_pc_next_logic._1019_/A (sky130_fd_sc_hd__buf_1)
                  0.02    0.08    2.67 v u_pc_next_logic._1019_/X (sky130_fd_sc_hd__buf_1)
     1    0.00                           u_pc_next_logic.pc_next[7] (net)
                  0.02    0.00    2.67 v u_pc_reg._082_/B (sky130_fd_sc_hd__and2_2)
                  0.03    0.17    2.84 v u_pc_reg._082_/X (sky130_fd_sc_hd__and2_2)
     1    0.00                           u_pc_reg._057_ (net)
                  0.03    0.00    2.84 v u_pc_reg._083_/A (sky130_fd_sc_hd__buf_1)
                  0.02    0.08    2.92 v u_pc_reg._083_/X (sky130_fd_sc_hd__buf_1)
     1    0.00                           u_pc_reg._007_ (net)
                  0.02    0.00    2.92 v u_pc_reg._141_/D (sky130_fd_sc_hd__dfxtp_2)
                                  2.92   data arrival time

                  0.10   20.00   20.00   clock clk (rise edge)
                          0.00   20.00   clock network delay (ideal)
                         -0.20   19.80   clock uncertainty
                          0.00   19.80   clock reconvergence pessimism
                                 19.80 ^ u_pc_reg._141_/CLK (sky130_fd_sc_hd__dfxtp_2)
                         -0.09   19.71   library setup time
                                 19.71   data required time
-----------------------------------------------------------------------------
                                 19.71   data required time
                                 -2.92   data arrival time
-----------------------------------------------------------------------------
                                 16.79   slack (MET)


Startpoint: u_pc_reg._140_ (rising edge-triggered flip-flop clocked by clk)
Endpoint: u_pc_reg._144_ (rising edge-triggered flip-flop clocked by clk)
Path Group: clk
Path Type: max

Fanout     Cap    Slew   Delay    Time   Description
-----------------------------------------------------------------------------
                  0.10    0.00    0.00   clock clk (rise edge)
                          0.00    0.00   clock network delay (ideal)
                  0.10    0.00    0.00 ^ u_pc_reg._140_/CLK (sky130_fd_sc_hd__dfxtp_2)
                  0.12    0.41    0.41 v u_pc_reg._140_/Q (sky130_fd_sc_hd__dfxtp_2)
    12    0.05                           u_imem.addr[6] (net)
                  0.12    0.00    0.41 v u_pc_next_logic._0979_/A (sky130_fd_sc_hd__or2_2)
                  0.06    0.33    0.74 v u_pc_next_logic._0979_/X (sky130_fd_sc_hd__or2_2)
     2    0.01                           u_pc_next_logic._0228_ (net)
                  0.06    0.00    0.74 v u_pc_next_logic._1003_/B (sky130_fd_sc_hd__and2_2)
                  0.04    0.20    0.94 v u_pc_next_logic._1003_/X (sky130_fd_sc_hd__and2_2)
     2    0.01                           u_pc_next_logic._0251_ (net)
                  0.04    0.00    0.94 v u_pc_next_logic._1021_/D (sky130_fd_sc_hd__and4bb_2)
                  0.04    0.22    1.16 v u_pc_next_logic._1021_/X (sky130_fd_sc_hd__and4bb_2)
     1    0.00                           u_pc_next_logic._0268_ (net)
                  0.04    0.00    1.16 v u_pc_next_logic._1023_/A3 (sky130_fd_sc_hd__a311o_2)
                  0.07    0.40    1.56 v u_pc_next_logic._1023_/X (sky130_fd_sc_hd__a311o_2)
     2    0.01                           u_pc_next_logic._0270_ (net)
                  0.07    0.00    1.56 v u_pc_next_logic._1024_/B (sky130_fd_sc_hd__nor2_2)
                  0.24    0.21    1.77 ^ u_pc_next_logic._1024_/Y (sky130_fd_sc_hd__nor2_2)
     4    0.02                           u_pc_next_logic._0271_ (net)
                  0.24    0.00    1.77 ^ u_pc_next_logic._1088_/A (sky130_fd_sc_hd__or2_2)
                  0.05    0.17    1.94 ^ u_pc_next_logic._1088_/X (sky130_fd_sc_hd__or2_2)
     2    0.01                           u_pc_next_logic._0333_ (net)
                  0.05    0.00    1.94 ^ u_pc_next_logic._1090_/A2 (sky130_fd_sc_hd__a21oi_2)
                  0.05    0.06    2.00 v u_pc_next_logic._1090_/Y (sky130_fd_sc_hd__a21oi_2)
     2    0.01                           u_pc_next_logic._0335_ (net)
                  0.05    0.00    2.00 v u_pc_next_logic._1092_/A (sky130_fd_sc_hd__or2_2)
                  0.05    0.28    2.28 v u_pc_next_logic._1092_/X (sky130_fd_sc_hd__or2_2)
     1    0.00                           u_pc_next_logic._0337_ (net)
                  0.05    0.00    2.28 v u_pc_next_logic._1093_/B1 (sky130_fd_sc_hd__a221o_2)
                  0.06    0.34    2.62 v u_pc_next_logic._1093_/X (sky130_fd_sc_hd__a221o_2)
     1    0.00                           u_pc_next_logic._0338_ (net)
                  0.06    0.00    2.62 v u_pc_next_logic._1094_/B1 (sky130_fd_sc_hd__o31ai_2)
                  0.15    0.05    2.67 ^ u_pc_next_logic._1094_/Y (sky130_fd_sc_hd__o31ai_2)
     1    0.00                           u_pc_next_logic.pc_next[10] (net)
                  0.15    0.00    2.67 ^ u_pc_reg._088_/B (sky130_fd_sc_hd__and2_2)
                  0.04    0.15    2.82 ^ u_pc_reg._088_/X (sky130_fd_sc_hd__and2_2)
     1    0.00                           u_pc_reg._060_ (net)
                  0.04    0.00    2.82 ^ u_pc_reg._089_/A (sky130_fd_sc_hd__buf_1)
                  0.03    0.07    2.89 ^ u_pc_reg._089_/X (sky130_fd_sc_hd__buf_1)
     1    0.00                           u_pc_reg._010_ (net)
                  0.03    0.00    2.89 ^ u_pc_reg._144_/D (sky130_fd_sc_hd__dfxtp_2)
                                  2.89   data arrival time

                  0.10   20.00   20.00   clock clk (rise edge)
                          0.00   20.00   clock network delay (ideal)
                         -0.20   19.80   clock uncertainty
                          0.00   19.80   clock reconvergence pessimism
                                 19.80 ^ u_pc_reg._144_/CLK (sky130_fd_sc_hd__dfxtp_2)
                         -0.05   19.75   library setup time
                                 19.75   data required time
-----------------------------------------------------------------------------
                                 19.75   data required time
                                 -2.89   data arrival time
-----------------------------------------------------------------------------
                                 16.86   slack (MET)


Startpoint: u_pc_reg._136_ (rising edge-triggered flip-flop clocked by clk)
Endpoint: u_pc_reg._140_ (rising edge-triggered flip-flop clocked by clk)
Path Group: clk
Path Type: max

Fanout     Cap    Slew   Delay    Time   Description
-----------------------------------------------------------------------------
                  0.10    0.00    0.00   clock clk (rise edge)
                          0.00    0.00   clock network delay (ideal)
                  0.10    0.00    0.00 ^ u_pc_reg._136_/CLK (sky130_fd_sc_hd__dfxtp_2)
                  0.25    0.49    0.49 ^ u_pc_reg._136_/Q (sky130_fd_sc_hd__dfxtp_2)
    15    0.05                           u_imem.addr[2] (net)
                  0.25    0.00    0.49 ^ u_pc_next_logic._0902_/A (sky130_fd_sc_hd__or2_2)
                  0.04    0.17    0.65 ^ u_pc_next_logic._0902_/X (sky130_fd_sc_hd__or2_2)
     1    0.00                           u_pc_next_logic._0155_ (net)
                  0.04    0.00    0.65 ^ u_pc_next_logic._0903_/B (sky130_fd_sc_hd__nand2_2)
                  0.05    0.06    0.72 v u_pc_next_logic._0903_/Y (sky130_fd_sc_hd__nand2_2)
     3    0.01                           u_pc_next_logic._0156_ (net)
                  0.05    0.00    0.72 v u_pc_next_logic._0920_/A2 (sky130_fd_sc_hd__o21ai_2)
                  0.21    0.19    0.91 ^ u_pc_next_logic._0920_/Y (sky130_fd_sc_hd__o21ai_2)
     3    0.01                           u_pc_next_logic._0172_ (net)
                  0.21    0.00    0.91 ^ u_pc_next_logic._0935_/B (sky130_fd_sc_hd__or2_2)
                  0.05    0.16    1.07 ^ u_pc_next_logic._0935_/X (sky130_fd_sc_hd__or2_2)
     2    0.01                           u_pc_next_logic._0186_ (net)
                  0.05    0.00    1.07 ^ u_pc_next_logic._0936_/C (sky130_fd_sc_hd__nand3_2)
                  0.07    0.09    1.16 v u_pc_next_logic._0936_/Y (sky130_fd_sc_hd__nand3_2)
     3    0.01                           u_pc_next_logic._0187_ (net)
                  0.07    0.00    1.16 v u_pc_next_logic._0985_/A2 (sky130_fd_sc_hd__a31o_2)
                  0.05    0.25    1.41 v u_pc_next_logic._0985_/X (sky130_fd_sc_hd__a31o_2)
     2    0.01                           u_pc_next_logic._0234_ (net)
                  0.05    0.00    1.41 v u_pc_next_logic._0986_/B (sky130_fd_sc_hd__or2_2)
                  0.07    0.29    1.70 v u_pc_next_logic._0986_/X (sky130_fd_sc_hd__or2_2)
     3    0.01                           u_pc_next_logic._0235_ (net)
                  0.07    0.00    1.70 v u_pc_next_logic._0988_/B1 (sky130_fd_sc_hd__a221o_2)
                  0.05    0.33    2.03 v u_pc_next_logic._0988_/X (sky130_fd_sc_hd__a221o_2)
     1    0.00                           u_pc_next_logic._0237_ (net)
                  0.05    0.00    2.03 v u_pc_next_logic._0989_/B1 (sky130_fd_sc_hd__o21a_2)
                  0.03    0.11    2.14 v u_pc_next_logic._0989_/X (sky130_fd_sc_hd__o21a_2)
     1    0.00                           u_pc_next_logic._0238_ (net)
                  0.03    0.00    2.14 v u_pc_next_logic._0996_/A0 (sky130_fd_sc_hd__mux2_2)
                  0.05    0.24    2.38 v u_pc_next_logic._0996_/X (sky130_fd_sc_hd__mux2_2)
     1    0.00                           u_pc_next_logic._0245_ (net)
                  0.05    0.00    2.38 v u_pc_next_logic._0997_/A (sky130_fd_sc_hd__buf_1)
                  0.02    0.08    2.46 v u_pc_next_logic._0997_/X (sky130_fd_sc_hd__buf_1)
     1    0.00                           u_pc_next_logic.pc_next[6] (net)
                  0.02    0.00    2.46 v u_pc_reg._080_/B (sky130_fd_sc_hd__and2_2)
                  0.03    0.17    2.63 v u_pc_reg._080_/X (sky130_fd_sc_hd__and2_2)
     1    0.00                           u_pc_reg._056_ (net)
                  0.03    0.00    2.63 v u_pc_reg._081_/A (sky130_fd_sc_hd__buf_1)
                  0.02    0.08    2.71 v u_pc_reg._081_/X (sky130_fd_sc_hd__buf_1)
     1    0.00                           u_pc_reg._006_ (net)
                  0.02    0.00    2.71 v u_pc_reg._140_/D (sky130_fd_sc_hd__dfxtp_2)
                                  2.71   data arrival time

                  0.10   20.00   20.00   clock clk (rise edge)
                          0.00   20.00   clock network delay (ideal)
                         -0.20   19.80   clock uncertainty
                          0.00   19.80   clock reconvergence pessimism
                                 19.80 ^ u_pc_reg._140_/CLK (sky130_fd_sc_hd__dfxtp_2)
                         -0.09   19.71   library setup time
                                 19.71   data required time
-----------------------------------------------------------------------------
                                 19.71   data required time
                                 -2.71   data arrival time
-----------------------------------------------------------------------------
                                 17.00   slack (MET)


Startpoint: u_pc_reg._140_ (rising edge-triggered flip-flop clocked by clk)
Endpoint: u_pc_reg._143_ (rising edge-triggered flip-flop clocked by clk)
Path Group: clk
Path Type: max

Fanout     Cap    Slew   Delay    Time   Description
-----------------------------------------------------------------------------
                  0.10    0.00    0.00   clock clk (rise edge)
                          0.00    0.00   clock network delay (ideal)
                  0.10    0.00    0.00 ^ u_pc_reg._140_/CLK (sky130_fd_sc_hd__dfxtp_2)
                  0.12    0.41    0.41 v u_pc_reg._140_/Q (sky130_fd_sc_hd__dfxtp_2)
    12    0.05                           u_imem.addr[6] (net)
                  0.12    0.00    0.41 v u_pc_next_logic._0979_/A (sky130_fd_sc_hd__or2_2)
                  0.06    0.33    0.74 v u_pc_next_logic._0979_/X (sky130_fd_sc_hd__or2_2)
     2    0.01                           u_pc_next_logic._0228_ (net)
                  0.06    0.00    0.74 v u_pc_next_logic._1003_/B (sky130_fd_sc_hd__and2_2)
                  0.04    0.20    0.94 v u_pc_next_logic._1003_/X (sky130_fd_sc_hd__and2_2)
     2    0.01                           u_pc_next_logic._0251_ (net)
                  0.04    0.00    0.94 v u_pc_next_logic._1021_/D (sky130_fd_sc_hd__and4bb_2)
                  0.04    0.22    1.16 v u_pc_next_logic._1021_/X (sky130_fd_sc_hd__and4bb_2)
     1    0.00                           u_pc_next_logic._0268_ (net)
                  0.04    0.00    1.16 v u_pc_next_logic._1023_/A3 (sky130_fd_sc_hd__a311o_2)
                  0.07    0.40    1.56 v u_pc_next_logic._1023_/X (sky130_fd_sc_hd__a311o_2)
     2    0.01                           u_pc_next_logic._0270_ (net)
                  0.07    0.00    1.56 v u_pc_next_logic._1024_/B (sky130_fd_sc_hd__nor2_2)
                  0.24    0.21    1.77 ^ u_pc_next_logic._1024_/Y (sky130_fd_sc_hd__nor2_2)
     4    0.02                           u_pc_next_logic._0271_ (net)
                  0.24    0.00    1.77 ^ u_pc_next_logic._1062_/A1 (sky130_fd_sc_hd__o21ai_2)
                  0.07    0.11    1.88 v u_pc_next_logic._1062_/Y (sky130_fd_sc_hd__o21ai_2)
     1    0.01                           u_pc_next_logic._0308_ (net)
                  0.07    0.00    1.88 v u_pc_next_logic._1063_/B (sky130_fd_sc_hd__xnor2_2)
                  0.04    0.13    2.01 v u_pc_next_logic._1063_/Y (sky130_fd_sc_hd__xnor2_2)
     1    0.00                           u_pc_next_logic._0309_ (net)
                  0.04    0.00    2.01 v u_pc_next_logic._1070_/A0 (sky130_fd_sc_hd__mux2_2)
                  0.05    0.25    2.26 v u_pc_next_logic._1070_/X (sky130_fd_sc_hd__mux2_2)
     1    0.00                           u_pc_next_logic._0316_ (net)
                  0.05    0.00    2.26 v u_pc_next_logic._1071_/B1 (sky130_fd_sc_hd__o22a_2)
                  0.03    0.18    2.44 v u_pc_next_logic._1071_/X (sky130_fd_sc_hd__o22a_2)
     1    0.00                           u_pc_next_logic.pc_next[9] (net)
                  0.03    0.00    2.44 v u_pc_reg._086_/B (sky130_fd_sc_hd__and2_2)
                  0.03    0.17    2.61 v u_pc_reg._086_/X (sky130_fd_sc_hd__and2_2)
     1    0.00                           u_pc_reg._059_ (net)
                  0.03    0.00    2.61 v u_pc_reg._087_/A (sky130_fd_sc_hd__buf_1)
                  0.02    0.08    2.69 v u_pc_reg._087_/X (sky130_fd_sc_hd__buf_1)
     1    0.00                           u_pc_reg._009_ (net)
                  0.02    0.00    2.69 v u_pc_reg._143_/D (sky130_fd_sc_hd__dfxtp_2)
                                  2.69   data arrival time

                  0.10   20.00   20.00   clock clk (rise edge)
                          0.00   20.00   clock network delay (ideal)
                         -0.20   19.80   clock uncertainty
                          0.00   19.80   clock reconvergence pessimism
                                 19.80 ^ u_pc_reg._143_/CLK (sky130_fd_sc_hd__dfxtp_2)
                         -0.09   19.71   library setup time
                                 19.71   data required time
-----------------------------------------------------------------------------
                                 19.71   data required time
                                 -2.69   data arrival time
-----------------------------------------------------------------------------
                                 17.02   slack (MET)


Startpoint: u_pc_reg._136_ (rising edge-triggered flip-flop clocked by clk)
Endpoint: u_pc_reg._142_ (rising edge-triggered flip-flop clocked by clk)
Path Group: clk
Path Type: max

Fanout     Cap    Slew   Delay    Time   Description
-----------------------------------------------------------------------------
                  0.10    0.00    0.00   clock clk (rise edge)
                          0.00    0.00   clock network delay (ideal)
                  0.10    0.00    0.00 ^ u_pc_reg._136_/CLK (sky130_fd_sc_hd__dfxtp_2)
                  0.25    0.49    0.49 ^ u_pc_reg._136_/Q (sky130_fd_sc_hd__dfxtp_2)
    15    0.05                           u_imem.addr[2] (net)
                  0.25    0.00    0.49 ^ u_pc_next_logic._0776_/A (sky130_fd_sc_hd__and4_2)
                  0.05    0.25    0.73 ^ u_pc_next_logic._0776_/X (sky130_fd_sc_hd__and4_2)
     1    0.00                           u_pc_next_logic._0058_ (net)
                  0.05    0.00    0.73 ^ u_pc_next_logic._0777_/A (sky130_fd_sc_hd__buf_1)
                  0.26    0.23    0.96 ^ u_pc_next_logic._0777_/X (sky130_fd_sc_hd__buf_1)
     5    0.02                           u_pc_next_logic._0059_ (net)
                  0.26    0.00    0.96 ^ u_pc_next_logic._0783_/D (sky130_fd_sc_hd__and4_2)
                  0.13    0.34    1.30 ^ u_pc_next_logic._0783_/X (sky130_fd_sc_hd__and4_2)
     6    0.02                           u_pc_next_logic._0062_ (net)
                  0.13    0.00    1.30 ^ u_pc_next_logic._0785_/A_N (sky130_fd_sc_hd__and2b_2)
                  0.03    0.22    1.52 v u_pc_next_logic._0785_/X (sky130_fd_sc_hd__and2b_2)
     1    0.00                           u_pc_next_logic._0064_ (net)
                  0.03    0.00    1.52 v u_pc_next_logic._0786_/A (sky130_fd_sc_hd__buf_1)
                  0.04    0.09    1.61 v u_pc_next_logic._0786_/X (sky130_fd_sc_hd__buf_1)
     2    0.00                           u_pc_next_logic.pc_plus4[8] (net)
                  0.04    0.00    1.61 v u_pc_next_logic._1041_/A1 (sky130_fd_sc_hd__a221o_2)
                  0.05    0.33    1.94 v u_pc_next_logic._1041_/X (sky130_fd_sc_hd__a221o_2)
     1    0.00                           u_pc_next_logic._0288_ (net)
                  0.05    0.00    1.94 v u_pc_next_logic._1042_/B1_N (sky130_fd_sc_hd__a21boi_2)
                  0.08    0.14    2.09 v u_pc_next_logic._1042_/Y (sky130_fd_sc_hd__a21boi_2)
     1    0.00                           u_pc_next_logic._0289_ (net)
                  0.08    0.00    2.09 v u_pc_next_logic._1053_/A0 (sky130_fd_sc_hd__mux2_2)
                  0.05    0.26    2.35 v u_pc_next_logic._1053_/X (sky130_fd_sc_hd__mux2_2)
     1    0.00                           u_pc_next_logic._0300_ (net)
                  0.05    0.00    2.35 v u_pc_next_logic._1054_/A (sky130_fd_sc_hd__buf_1)
                  0.02    0.08    2.43 v u_pc_next_logic._1054_/X (sky130_fd_sc_hd__buf_1)
     1    0.00                           u_pc_next_logic.pc_next[8] (net)
                  0.02    0.00    2.43 v u_pc_reg._084_/B (sky130_fd_sc_hd__and2_2)
                  0.03    0.17    2.60 v u_pc_reg._084_/X (sky130_fd_sc_hd__and2_2)
     1    0.00                           u_pc_reg._058_ (net)
                  0.03    0.00    2.60 v u_pc_reg._085_/A (sky130_fd_sc_hd__buf_1)
                  0.02    0.08    2.67 v u_pc_reg._085_/X (sky130_fd_sc_hd__buf_1)
     1    0.00                           u_pc_reg._008_ (net)
                  0.02    0.00    2.67 v u_pc_reg._142_/D (sky130_fd_sc_hd__dfxtp_2)
                                  2.67   data arrival time

                  0.10   20.00   20.00   clock clk (rise edge)
                          0.00   20.00   clock network delay (ideal)
                         -0.20   19.80   clock uncertainty
                          0.00   19.80   clock reconvergence pessimism
                                 19.80 ^ u_pc_reg._142_/CLK (sky130_fd_sc_hd__dfxtp_2)
                         -0.09   19.71   library setup time
                                 19.71   data required time
-----------------------------------------------------------------------------
                                 19.71   data required time
                                 -2.67   data arrival time
-----------------------------------------------------------------------------
                                 17.04   slack (MET)


Startpoint: u_pc_reg._135_ (rising edge-triggered flip-flop clocked by clk)
Endpoint: u_pc_reg._139_ (rising edge-triggered flip-flop clocked by clk)
Path Group: clk
Path Type: max

Fanout     Cap    Slew   Delay    Time   Description
-----------------------------------------------------------------------------
                  0.10    0.00    0.00   clock clk (rise edge)
                          0.00    0.00   clock network delay (ideal)
                  0.10    0.00    0.00 ^ u_pc_reg._135_/CLK (sky130_fd_sc_hd__dfxtp_2)
                  0.08    0.38    0.38 v u_pc_reg._135_/Q (sky130_fd_sc_hd__dfxtp_2)
    11    0.03                           u_imem.addr[1] (net)
                  0.08    0.00    0.38 v u_pc_next_logic._0873_/B (sky130_fd_sc_hd__or2_2)
                  0.08    0.32    0.70 v u_pc_next_logic._0873_/X (sky130_fd_sc_hd__or2_2)
     3    0.01                           u_pc_next_logic._0127_ (net)
                  0.08    0.00    0.70 v u_pc_next_logic._0900_/A1 (sky130_fd_sc_hd__a21boi_2)
                  0.18    0.20    0.90 ^ u_pc_next_logic._0900_/Y (sky130_fd_sc_hd__a21boi_2)
     3    0.01                           u_pc_next_logic._0153_ (net)
                  0.18    0.00    0.90 ^ u_pc_next_logic._0920_/A1 (sky130_fd_sc_hd__o21ai_2)
                  0.08    0.12    1.01 v u_pc_next_logic._0920_/Y (sky130_fd_sc_hd__o21ai_2)
     3    0.01                           u_pc_next_logic._0172_ (net)
                  0.08    0.00    1.01 v u_pc_next_logic._0935_/B (sky130_fd_sc_hd__or2_2)
                  0.07    0.30    1.31 v u_pc_next_logic._0935_/X (sky130_fd_sc_hd__or2_2)
     2    0.01                           u_pc_next_logic._0186_ (net)
                  0.07    0.00    1.31 v u_pc_next_logic._0936_/C (sky130_fd_sc_hd__nand3_2)
                  0.08    0.10    1.40 ^ u_pc_next_logic._0936_/Y (sky130_fd_sc_hd__nand3_2)
     3    0.01                           u_pc_next_logic._0187_ (net)
                  0.08    0.00    1.40 ^ u_pc_next_logic._0972_/B (sky130_fd_sc_hd__nand2_2)
                  0.05    0.07    1.47 v u_pc_next_logic._0972_/Y (sky130_fd_sc_hd__nand2_2)
     1    0.01                           u_pc_next_logic._0222_ (net)
                  0.05    0.00    1.47 v u_pc_next_logic._0973_/B (sky130_fd_sc_hd__xnor2_2)
                  0.04    0.12    1.59 v u_pc_next_logic._0973_/Y (sky130_fd_sc_hd__xnor2_2)
     1    0.00                           u_pc_next_logic._0223_ (net)
                  0.04    0.00    1.59 v u_pc_next_logic._0974_/A1 (sky130_fd_sc_hd__mux2_2)
                  0.04    0.25    1.84 v u_pc_next_logic._0974_/X (sky130_fd_sc_hd__mux2_2)
     1    0.00                           u_pc_next_logic._0224_ (net)
                  0.04    0.00    1.84 v u_pc_next_logic._0975_/B1 (sky130_fd_sc_hd__o2bb2a_2)
                  0.04    0.24    2.08 v u_pc_next_logic._0975_/X (sky130_fd_sc_hd__o2bb2a_2)
     1    0.00                           u_pc_next_logic._0225_ (net)
                  0.04    0.00    2.08 v u_pc_next_logic._0976_/A1 (sky130_fd_sc_hd__mux2_2)
                  0.05    0.25    2.33 v u_pc_next_logic._0976_/X (sky130_fd_sc_hd__mux2_2)
     1    0.00                           u_pc_next_logic._0226_ (net)
                  0.05    0.00    2.33 v u_pc_next_logic._0977_/A (sky130_fd_sc_hd__buf_1)
                  0.02    0.08    2.41 v u_pc_next_logic._0977_/X (sky130_fd_sc_hd__buf_1)
     1    0.00                           u_pc_next_logic.pc_next[5] (net)
                  0.02    0.00    2.41 v u_pc_reg._078_/B (sky130_fd_sc_hd__and2_2)
                  0.03    0.17    2.58 v u_pc_reg._078_/X (sky130_fd_sc_hd__and2_2)
     1    0.00                           u_pc_reg._055_ (net)
                  0.03    0.00    2.58 v u_pc_reg._079_/A (sky130_fd_sc_hd__buf_1)
                  0.02    0.08    2.65 v u_pc_reg._079_/X (sky130_fd_sc_hd__buf_1)
     1    0.00                           u_pc_reg._005_ (net)
                  0.02    0.00    2.65 v u_pc_reg._139_/D (sky130_fd_sc_hd__dfxtp_2)
                                  2.65   data arrival time

                  0.10   20.00   20.00   clock clk (rise edge)
                          0.00   20.00   clock network delay (ideal)
                         -0.20   19.80   clock uncertainty
                          0.00   19.80   clock reconvergence pessimism
                                 19.80 ^ u_pc_reg._139_/CLK (sky130_fd_sc_hd__dfxtp_2)
                         -0.09   19.71   library setup time
                                 19.71   data required time
-----------------------------------------------------------------------------
                                 19.71   data required time
                                 -2.65   data arrival time
-----------------------------------------------------------------------------
                                 17.06   slack (MET)


Startpoint: u_pc_reg._135_ (rising edge-triggered flip-flop clocked by clk)
Endpoint: u_pc_reg._137_ (rising edge-triggered flip-flop clocked by clk)
Path Group: clk
Path Type: max

Fanout     Cap    Slew   Delay    Time   Description
-----------------------------------------------------------------------------
                  0.10    0.00    0.00   clock clk (rise edge)
                          0.00    0.00   clock network delay (ideal)
                  0.10    0.00    0.00 ^ u_pc_reg._135_/CLK (sky130_fd_sc_hd__dfxtp_2)
                  0.08    0.38    0.38 v u_pc_reg._135_/Q (sky130_fd_sc_hd__dfxtp_2)
    11    0.03                           u_imem.addr[1] (net)
                  0.08    0.00    0.38 v u_pc_next_logic._0873_/B (sky130_fd_sc_hd__or2_2)
                  0.08    0.32    0.70 v u_pc_next_logic._0873_/X (sky130_fd_sc_hd__or2_2)
     3    0.01                           u_pc_next_logic._0127_ (net)
                  0.08    0.00    0.70 v u_pc_next_logic._0900_/A1 (sky130_fd_sc_hd__a21boi_2)
                  0.18    0.20    0.90 ^ u_pc_next_logic._0900_/Y (sky130_fd_sc_hd__a21boi_2)
     3    0.01                           u_pc_next_logic._0153_ (net)
                  0.18    0.00    0.90 ^ u_pc_next_logic._0920_/A1 (sky130_fd_sc_hd__o21ai_2)
                  0.08    0.12    1.01 v u_pc_next_logic._0920_/Y (sky130_fd_sc_hd__o21ai_2)
     3    0.01                           u_pc_next_logic._0172_ (net)
                  0.08    0.00    1.01 v u_pc_next_logic._0921_/B (sky130_fd_sc_hd__xnor2_2)
                  0.04    0.13    1.14 v u_pc_next_logic._0921_/Y (sky130_fd_sc_hd__xnor2_2)
     1    0.00                           u_pc_next_logic._0173_ (net)
                  0.04    0.00    1.14 v u_pc_next_logic._0922_/A1 (sky130_fd_sc_hd__mux2_2)
                  0.04    0.25    1.39 v u_pc_next_logic._0922_/X (sky130_fd_sc_hd__mux2_2)
     1    0.00                           u_pc_next_logic._0174_ (net)
                  0.04    0.00    1.39 v u_pc_next_logic._0928_/A0 (sky130_fd_sc_hd__mux2_2)
                  0.04    0.25    1.63 v u_pc_next_logic._0928_/X (sky130_fd_sc_hd__mux2_2)
     1    0.00                           u_pc_next_logic._0180_ (net)
                  0.04    0.00    1.63 v u_pc_next_logic._0929_/A1 (sky130_fd_sc_hd__mux2_2)
                  0.05    0.25    1.89 v u_pc_next_logic._0929_/X (sky130_fd_sc_hd__mux2_2)
     1    0.00                           u_pc_next_logic._0181_ (net)
                  0.05    0.00    1.89 v u_pc_next_logic._0930_/A (sky130_fd_sc_hd__buf_1)
                  0.02    0.08    1.97 v u_pc_next_logic._0930_/X (sky130_fd_sc_hd__buf_1)
     1    0.00                           u_pc_next_logic.pc_next[3] (net)
                  0.02    0.00    1.97 v u_pc_reg._074_/B (sky130_fd_sc_hd__and2_2)
                  0.03    0.17    2.13 v u_pc_reg._074_/X (sky130_fd_sc_hd__and2_2)
     1    0.00                           u_pc_reg._053_ (net)
                  0.03    0.00    2.13 v u_pc_reg._075_/A (sky130_fd_sc_hd__buf_1)
                  0.02    0.08    2.21 v u_pc_reg._075_/X (sky130_fd_sc_hd__buf_1)
     1    0.00                           u_pc_reg._003_ (net)
                  0.02    0.00    2.21 v u_pc_reg._137_/D (sky130_fd_sc_hd__dfxtp_2)
                                  2.21   data arrival time

                  0.10   20.00   20.00   clock clk (rise edge)
                          0.00   20.00   clock network delay (ideal)
                         -0.20   19.80   clock uncertainty
                          0.00   19.80   clock reconvergence pessimism
                                 19.80 ^ u_pc_reg._137_/CLK (sky130_fd_sc_hd__dfxtp_2)
                         -0.09   19.71   library setup time
                                 19.71   data required time
-----------------------------------------------------------------------------
                                 19.71   data required time
                                 -2.21   data arrival time
-----------------------------------------------------------------------------
                                 17.50   slack (MET)


Startpoint: u_pc_reg._135_ (rising edge-triggered flip-flop clocked by clk)
Endpoint: u_pc_reg._138_ (rising edge-triggered flip-flop clocked by clk)
Path Group: clk
Path Type: max

Fanout     Cap    Slew   Delay    Time   Description
-----------------------------------------------------------------------------
                  0.10    0.00    0.00   clock clk (rise edge)
                          0.00    0.00   clock network delay (ideal)
                  0.10    0.00    0.00 ^ u_pc_reg._135_/CLK (sky130_fd_sc_hd__dfxtp_2)
                  0.08    0.38    0.38 v u_pc_reg._135_/Q (sky130_fd_sc_hd__dfxtp_2)
    11    0.03                           u_imem.addr[1] (net)
                  0.08    0.00    0.38 v u_pc_next_logic._0873_/B (sky130_fd_sc_hd__or2_2)
                  0.08    0.32    0.70 v u_pc_next_logic._0873_/X (sky130_fd_sc_hd__or2_2)
     3    0.01                           u_pc_next_logic._0127_ (net)
                  0.08    0.00    0.70 v u_pc_next_logic._0900_/A1 (sky130_fd_sc_hd__a21boi_2)
                  0.18    0.20    0.90 ^ u_pc_next_logic._0900_/Y (sky130_fd_sc_hd__a21boi_2)
     3    0.01                           u_pc_next_logic._0153_ (net)
                  0.18    0.00    0.90 ^ u_pc_next_logic._0920_/A1 (sky130_fd_sc_hd__o21ai_2)
                  0.08    0.12    1.01 v u_pc_next_logic._0920_/Y (sky130_fd_sc_hd__o21ai_2)
     3    0.01                           u_pc_next_logic._0172_ (net)
                  0.08    0.00    1.01 v u_pc_next_logic._0935_/B (sky130_fd_sc_hd__or2_2)
                  0.07    0.30    1.31 v u_pc_next_logic._0935_/X (sky130_fd_sc_hd__or2_2)
     2    0.01                           u_pc_next_logic._0186_ (net)
                  0.07    0.00    1.31 v u_pc_next_logic._0937_/A2 (sky130_fd_sc_hd__a21o_2)
                  0.03    0.21    1.52 v u_pc_next_logic._0937_/X (sky130_fd_sc_hd__a21o_2)
     1    0.00                           u_pc_next_logic._0188_ (net)
                  0.03    0.00    1.52 v u_pc_next_logic._0939_/A3 (sky130_fd_sc_hd__a31o_2)
                  0.04    0.23    1.74 v u_pc_next_logic._0939_/X (sky130_fd_sc_hd__a31o_2)
     1    0.00                           u_pc_next_logic._0190_ (net)
                  0.04    0.00    1.74 v u_pc_next_logic._0956_/A2 (sky130_fd_sc_hd__a31o_2)
                  0.03    0.21    1.96 v u_pc_next_logic._0956_/X (sky130_fd_sc_hd__a31o_2)
     1    0.00                           u_pc_next_logic.pc_next[4] (net)
                  0.03    0.00    1.96 v u_pc_reg._076_/B (sky130_fd_sc_hd__and2_2)
                  0.03    0.17    2.13 v u_pc_reg._076_/X (sky130_fd_sc_hd__and2_2)
     1    0.00                           u_pc_reg._054_ (net)
                  0.03    0.00    2.13 v u_pc_reg._077_/A (sky130_fd_sc_hd__buf_1)
                  0.02    0.08    2.21 v u_pc_reg._077_/X (sky130_fd_sc_hd__buf_1)
     1    0.00                           u_pc_reg._004_ (net)
                  0.02    0.00    2.21 v u_pc_reg._138_/D (sky130_fd_sc_hd__dfxtp_2)
                                  2.21   data arrival time

                  0.10   20.00   20.00   clock clk (rise edge)
                          0.00   20.00   clock network delay (ideal)
                         -0.20   19.80   clock uncertainty
                          0.00   19.80   clock reconvergence pessimism
                                 19.80 ^ u_pc_reg._138_/CLK (sky130_fd_sc_hd__dfxtp_2)
                         -0.09   19.71   library setup time
                                 19.71   data required time
-----------------------------------------------------------------------------
                                 19.71   data required time
                                 -2.21   data arrival time
-----------------------------------------------------------------------------
                                 17.50   slack (MET)


Startpoint: u_pc_reg._135_ (rising edge-triggered flip-flop clocked by clk)
Endpoint: u_pc_reg._136_ (rising edge-triggered flip-flop clocked by clk)
Path Group: clk
Path Type: max

Fanout     Cap    Slew   Delay    Time   Description
-----------------------------------------------------------------------------
                  0.10    0.00    0.00   clock clk (rise edge)
                          0.00    0.00   clock network delay (ideal)
                  0.10    0.00    0.00 ^ u_pc_reg._135_/CLK (sky130_fd_sc_hd__dfxtp_2)
                  0.08    0.38    0.38 v u_pc_reg._135_/Q (sky130_fd_sc_hd__dfxtp_2)
    11    0.03                           u_imem.addr[1] (net)
                  0.08    0.00    0.38 v u_pc_next_logic._0873_/B (sky130_fd_sc_hd__or2_2)
                  0.08    0.32    0.70 v u_pc_next_logic._0873_/X (sky130_fd_sc_hd__or2_2)
     3    0.01                           u_pc_next_logic._0127_ (net)
                  0.08    0.00    0.70 v u_pc_next_logic._0900_/A1 (sky130_fd_sc_hd__a21boi_2)
                  0.18    0.20    0.90 ^ u_pc_next_logic._0900_/Y (sky130_fd_sc_hd__a21boi_2)
     3    0.01                           u_pc_next_logic._0153_ (net)
                  0.18    0.00    0.90 ^ u_pc_next_logic._0904_/A (sky130_fd_sc_hd__nor2_2)
                  0.04    0.06    0.95 v u_pc_next_logic._0904_/Y (sky130_fd_sc_hd__nor2_2)
     1    0.00                           u_pc_next_logic._0157_ (net)
                  0.04    0.00    0.95 v u_pc_next_logic._0908_/B1 (sky130_fd_sc_hd__o221a_2)
                  0.04    0.23    1.18 v u_pc_next_logic._0908_/X (sky130_fd_sc_hd__o221a_2)
     1    0.00                           u_pc_next_logic._0161_ (net)
                  0.04    0.00    1.18 v u_pc_next_logic._0910_/B1 (sky130_fd_sc_hd__a211o_2)
                  0.05    0.30    1.49 v u_pc_next_logic._0910_/X (sky130_fd_sc_hd__a211o_2)
     1    0.00                           u_pc_next_logic._0163_ (net)
                  0.05    0.00    1.49 v u_pc_next_logic._0911_/B1 (sky130_fd_sc_hd__o21ai_2)
                  0.07    0.05    1.53 ^ u_pc_next_logic._0911_/Y (sky130_fd_sc_hd__o21ai_2)
     1    0.00                           u_pc_next_logic.pc_next[2] (net)
                  0.07    0.00    1.53 ^ u_pc_reg._072_/B (sky130_fd_sc_hd__and2_2)
                  0.04    0.13    1.67 ^ u_pc_reg._072_/X (sky130_fd_sc_hd__and2_2)
     1    0.00                           u_pc_reg._052_ (net)
                  0.04    0.00    1.67 ^ u_pc_reg._073_/A (sky130_fd_sc_hd__buf_1)
                  0.03    0.07    1.73 ^ u_pc_reg._073_/X (sky130_fd_sc_hd__buf_1)
     1    0.00                           u_pc_reg._002_ (net)
                  0.03    0.00    1.73 ^ u_pc_reg._136_/D (sky130_fd_sc_hd__dfxtp_2)
                                  1.73   data arrival time

                  0.10   20.00   20.00   clock clk (rise edge)
                          0.00   20.00   clock network delay (ideal)
                         -0.20   19.80   clock uncertainty
                          0.00   19.80   clock reconvergence pessimism
                                 19.80 ^ u_pc_reg._136_/CLK (sky130_fd_sc_hd__dfxtp_2)
                         -0.05   19.75   library setup time
                                 19.75   data required time
-----------------------------------------------------------------------------
                                 19.75   data required time
                                 -1.73   data arrival time
-----------------------------------------------------------------------------
                                 18.02   slack (MET)


Startpoint: u_pc_reg._135_ (rising edge-triggered flip-flop clocked by clk)
Endpoint: u_pc_reg._135_ (rising edge-triggered flip-flop clocked by clk)
Path Group: clk
Path Type: max

Fanout     Cap    Slew   Delay    Time   Description
-----------------------------------------------------------------------------
                  0.10    0.00    0.00   clock clk (rise edge)
                          0.00    0.00   clock network delay (ideal)
                  0.10    0.00    0.00 ^ u_pc_reg._135_/CLK (sky130_fd_sc_hd__dfxtp_2)
                  0.08    0.38    0.38 v u_pc_reg._135_/Q (sky130_fd_sc_hd__dfxtp_2)
    11    0.03                           u_imem.addr[1] (net)
                  0.08    0.00    0.38 v u_pc_next_logic._0873_/B (sky130_fd_sc_hd__or2_2)
                  0.08    0.32    0.70 v u_pc_next_logic._0873_/X (sky130_fd_sc_hd__or2_2)
     3    0.01                           u_pc_next_logic._0127_ (net)
                  0.08    0.00    0.70 v u_pc_next_logic._0875_/A2 (sky130_fd_sc_hd__a21oi_2)
                  0.07    0.13    0.83 ^ u_pc_next_logic._0875_/Y (sky130_fd_sc_hd__a21oi_2)
     1    0.00                           u_pc_next_logic._0129_ (net)
                  0.07    0.00    0.83 ^ u_pc_next_logic._0877_/B1 (sky130_fd_sc_hd__o2bb2a_2)
                  0.04    0.16    0.99 ^ u_pc_next_logic._0877_/X (sky130_fd_sc_hd__o2bb2a_2)
     1    0.00                           u_pc_next_logic._0131_ (net)
                  0.04    0.00    0.99 ^ u_pc_next_logic._0878_/B1 (sky130_fd_sc_hd__o22a_2)
                  0.05    0.13    1.12 ^ u_pc_next_logic._0878_/X (sky130_fd_sc_hd__o22a_2)
     1    0.00                           u_pc_next_logic._0132_ (net)
                  0.05    0.00    1.12 ^ u_pc_next_logic._0885_/A2 (sky130_fd_sc_hd__o21ai_2)
                  0.06    0.04    1.16 v u_pc_next_logic._0885_/Y (sky130_fd_sc_hd__o21ai_2)
     1    0.00                           u_pc_next_logic.pc_next[1] (net)
                  0.06    0.00    1.16 v u_pc_reg._070_/B (sky130_fd_sc_hd__and2_2)
                  0.03    0.19    1.35 v u_pc_reg._070_/X (sky130_fd_sc_hd__and2_2)
     1    0.00                           u_pc_reg._051_ (net)
                  0.03    0.00    1.35 v u_pc_reg._071_/A (sky130_fd_sc_hd__buf_1)
                  0.02    0.08    1.42 v u_pc_reg._071_/X (sky130_fd_sc_hd__buf_1)
     1    0.00                           u_pc_reg._001_ (net)
                  0.02    0.00    1.42 v u_pc_reg._135_/D (sky130_fd_sc_hd__dfxtp_2)
                                  1.42   data arrival time

                  0.10   20.00   20.00   clock clk (rise edge)
                          0.00   20.00   clock network delay (ideal)
                         -0.20   19.80   clock uncertainty
                          0.00   19.80   clock reconvergence pessimism
                                 19.80 ^ u_pc_reg._135_/CLK (sky130_fd_sc_hd__dfxtp_2)
                         -0.09   19.71   library setup time
                                 19.71   data required time
-----------------------------------------------------------------------------
                                 19.71   data required time
                                 -1.42   data arrival time
-----------------------------------------------------------------------------
                                 18.29   slack (MET)


Startpoint: u_pc_reg._134_ (rising edge-triggered flip-flop clocked by clk)
Endpoint: u_pc_reg._134_ (rising edge-triggered flip-flop clocked by clk)
Path Group: clk
Path Type: max

Fanout     Cap    Slew   Delay    Time   Description
-----------------------------------------------------------------------------
                  0.10    0.00    0.00   clock clk (rise edge)
                          0.00    0.00   clock network delay (ideal)
                  0.10    0.00    0.00 ^ u_pc_reg._134_/CLK (sky130_fd_sc_hd__dfxtp_2)
                  0.07    0.38    0.38 v u_pc_reg._134_/Q (sky130_fd_sc_hd__dfxtp_2)
    11    0.03                           u_imem.addr[0] (net)
                  0.07    0.00    0.38 v u_pc_next_logic._0861_/A1 (sky130_fd_sc_hd__o21ai_2)
                  0.10    0.14    0.52 ^ u_pc_next_logic._0861_/Y (sky130_fd_sc_hd__o21ai_2)
     1    0.00                           u_pc_next_logic._0116_ (net)
                  0.10    0.00    0.52 ^ u_pc_next_logic._0862_/B1 (sky130_fd_sc_hd__a21oi_2)
                  0.04    0.03    0.55 v u_pc_next_logic._0862_/Y (sky130_fd_sc_hd__a21oi_2)
     1    0.00                           u_pc_next_logic.pc_next[0] (net)
                  0.04    0.00    0.55 v u_pc_reg._067_/A (sky130_fd_sc_hd__and2_2)
                  0.03    0.16    0.71 v u_pc_reg._067_/X (sky130_fd_sc_hd__and2_2)
     1    0.00                           u_pc_reg._049_ (net)
                  0.03    0.00    0.71 v u_pc_reg._068_/A (sky130_fd_sc_hd__buf_1)
                  0.02    0.08    0.79 v u_pc_reg._068_/X (sky130_fd_sc_hd__buf_1)
     1    0.00                           u_pc_reg._000_ (net)
                  0.02    0.00    0.79 v u_pc_reg._134_/D (sky130_fd_sc_hd__dfxtp_2)
                                  0.79   data arrival time

                  0.10   20.00   20.00   clock clk (rise edge)
                          0.00   20.00   clock network delay (ideal)
                         -0.20   19.80   clock uncertainty
                          0.00   19.80   clock reconvergence pessimism
                                 19.80 ^ u_pc_reg._134_/CLK (sky130_fd_sc_hd__dfxtp_2)
                         -0.09   19.71   library setup time
                                 19.71   data required time
-----------------------------------------------------------------------------
                                 19.71   data required time
                                 -0.79   data arrival time
-----------------------------------------------------------------------------
                                 18.92   slack (MET)



max_report_end
checks_report

===========================================================================
report_checks -unconstrained
===========================================================================
======================= Typical Corner ===================================

Startpoint: u_pc_reg._144_ (rising edge-triggered flip-flop clocked by clk)
Endpoint: u_pc_reg._165_ (rising edge-triggered flip-flop clocked by clk)
Path Group: clk
Path Type: max

Fanout     Cap    Slew   Delay    Time   Description
-----------------------------------------------------------------------------
                  0.10    0.00    0.00   clock clk (rise edge)
                          0.00    0.00   clock network delay (ideal)
                  0.10    0.00    0.00 ^ u_pc_reg._144_/CLK (sky130_fd_sc_hd__dfxtp_2)
                  0.29    0.51    0.51 ^ u_pc_reg._144_/Q (sky130_fd_sc_hd__dfxtp_2)
    13    0.06                           u_imem.addr[10] (net)
                  0.29    0.00    0.51 ^ u_pc_next_logic._1079_/A (sky130_fd_sc_hd__xnor2_2)
                  0.07    0.12    0.63 v u_pc_next_logic._1079_/Y (sky130_fd_sc_hd__xnor2_2)
     3    0.01                           u_pc_next_logic._0324_ (net)
                  0.07    0.00    0.63 v u_pc_next_logic._1129_/A (sky130_fd_sc_hd__or3_2)
                  0.08    0.48    1.11 v u_pc_next_logic._1129_/X (sky130_fd_sc_hd__or3_2)
     2    0.00                           u_pc_next_logic._0372_ (net)
                  0.08    0.00    1.11 v u_pc_next_logic._1130_/B (sky130_fd_sc_hd__or4bb_2)
                  0.11    0.63    1.74 v u_pc_next_logic._1130_/X (sky130_fd_sc_hd__or4bb_2)
     2    0.01                           u_pc_next_logic._0373_ (net)
                  0.11    0.00    1.74 v u_pc_next_logic._1231_/B1 (sky130_fd_sc_hd__a211o_2)
                  0.06    0.34    2.08 v u_pc_next_logic._1231_/X (sky130_fd_sc_hd__a211o_2)
     3    0.01                           u_pc_next_logic._0470_ (net)
                  0.06    0.00    2.08 v u_pc_next_logic._1431_/A2 (sky130_fd_sc_hd__a211o_2)
                  0.07    0.35    2.43 v u_pc_next_logic._1431_/X (sky130_fd_sc_hd__a211o_2)
     3    0.01                           u_pc_next_logic._0662_ (net)
                  0.07    0.00    2.43 v u_pc_next_logic._1535_/A2 (sky130_fd_sc_hd__a2111o_2)
                  0.08    0.48    2.92 v u_pc_next_logic._1535_/X (sky130_fd_sc_hd__a2111o_2)
     2    0.01                           u_pc_next_logic._0762_ (net)
                  0.08    0.00    2.92 v u_pc_next_logic._1542_/A1 (sky130_fd_sc_hd__a21o_2)
                  0.06    0.22    3.14 v u_pc_next_logic._1542_/X (sky130_fd_sc_hd__a21o_2)
     4    0.01                           u_pc_next_logic._0769_ (net)
                  0.06    0.00    3.14 v u_pc_next_logic._1578_/A2 (sky130_fd_sc_hd__a31o_2)
                  0.05    0.25    3.39 v u_pc_next_logic._1578_/X (sky130_fd_sc_hd__a31o_2)
     2    0.01                           u_pc_next_logic._0032_ (net)
                  0.05    0.00    3.39 v u_pc_next_logic._1594_/B (sky130_fd_sc_hd__or2_2)
                  0.07    0.29    3.68 v u_pc_next_logic._1594_/X (sky130_fd_sc_hd__or2_2)
     2    0.01                           u_pc_next_logic._0047_ (net)
                  0.07    0.00    3.68 v u_pc_next_logic._1597_/A2 (sky130_fd_sc_hd__a31o_2)
                  0.04    0.23    3.91 v u_pc_next_logic._1597_/X (sky130_fd_sc_hd__a31o_2)
     1    0.00                           u_pc_next_logic._0050_ (net)
                  0.04    0.00    3.91 v u_pc_next_logic._1598_/B2 (sky130_fd_sc_hd__o221a_2)
                  0.04    0.21    4.12 v u_pc_next_logic._1598_/X (sky130_fd_sc_hd__o221a_2)
     1    0.00                           u_pc_next_logic._0051_ (net)
                  0.04    0.00    4.12 v u_pc_next_logic._1603_/B1 (sky130_fd_sc_hd__o32a_2)
                  0.05    0.17    4.30 v u_pc_next_logic._1603_/X (sky130_fd_sc_hd__o32a_2)
     1    0.00                           u_pc_next_logic.pc_next[31] (net)
                  0.05    0.00    4.30 v u_pc_reg._132_/B (sky130_fd_sc_hd__and2_2)
                  0.03    0.18    4.48 v u_pc_reg._132_/X (sky130_fd_sc_hd__and2_2)
     1    0.00                           u_pc_reg._048_ (net)
                  0.03    0.00    4.48 v u_pc_reg._133_/A (sky130_fd_sc_hd__buf_1)
                  0.02    0.08    4.55 v u_pc_reg._133_/X (sky130_fd_sc_hd__buf_1)
     1    0.00                           u_pc_reg._031_ (net)
                  0.02    0.00    4.55 v u_pc_reg._165_/D (sky130_fd_sc_hd__dfxtp_2)
                                  4.55   data arrival time

                  0.10   20.00   20.00   clock clk (rise edge)
                          0.00   20.00   clock network delay (ideal)
                         -0.20   19.80   clock uncertainty
                          0.00   19.80   clock reconvergence pessimism
                                 19.80 ^ u_pc_reg._165_/CLK (sky130_fd_sc_hd__dfxtp_2)
                         -0.09   19.71   library setup time
                                 19.71   data required time
-----------------------------------------------------------------------------
                                 19.71   data required time
                                 -4.55   data arrival time
-----------------------------------------------------------------------------
                                 15.16   slack (MET)




===========================================================================
report_checks --slack_max -0.01
============================================================================
======================= Typical Corner ===================================

No paths found.


===========================================================================
 report_check_types -max_slew -max_cap -max_fanout -violators
============================================================================
======================= Typical Corner ===================================



===========================================================================
report_parasitic_annotation -report_unannotated
============================================================================
Found 3257 unannotated drivers.
 clk
 rst_n
 _267_/X
 _268_/X
 _269_/X
 _270_/X
 _271_/X
 _272_/X
 _273_/X
 _274_/X
 _275_/X
 _276_/X
 _277_/X
 _278_/X
 _279_/X
 _280_/X
 _281_/X
 _282_/X
 _283_/X
 _284_/X
 _285_/X
 _286_/X
 _287_/X
 _288_/X
 _289_/X
 _290_/X
 _291_/X
 _292_/X
 _293_/X
 _294_/X
 _295_/X
 _296_/X
 _297_/X
 _298_/X
 _299_/X
 _300_/X
 _301_/X
 _302_/X
 _303_/X
 _304_/X
 _305_/X
 _306_/X
 _307_/X
 _308_/X
 _309_/X
 _310_/X
 _311_/X
 _312_/X
 _313_/X
 _314_/X
 _315_/X
 _316_/X
 _317_/X
 _318_/X
 _319_/X
 _320_/X
 _321_/X
 _322_/X
 _323_/X
 _324_/X
 _325_/X
 _326_/X
 _327_/X
 _328_/X
 _329_/X
 _330_/X
 _331_/X
 _332_/X
 _333_/X
 _334_/X
 _335_/X
 _336_/X
 _337_/X
 _338_/X
 _339_/X
 _340_/X
 _341_/X
 _342_/X
 _343_/X
 _344_/X
 _345_/X
 _346_/X
 _347_/X
 _348_/X
 _349_/X
 _350_/X
 _351_/X
 _352_/X
 _353_/X
 _354_/X
 _355_/X
 _356_/X
 _357_/X
 _358_/X
 _359_/X
 _360_/X
 _361_/X
 _362_/X
 _363_/X
 _364_/X
 _365_/X
 _366_/X
 _367_/X
 _368_/X
 _369_/X
 _370_/X
 _371_/X
 _372_/X
 _373_/X
 _374_/X
 _375_/X
 _376_/X
 _377_/X
 _378_/X
 _379_/X
 _380_/X
 _381_/X
 _382_/X
 _383_/X
 _384_/X
 _385_/X
 _386_/X
 _387_/X
 _388_/X
 _389_/X
 _390_/X
 _391_/X
 _392_/X
 _393_/X
 _394_/X
 _395_/X
 _396_/X
 _397_/X
 _398_/X
 _399_/X
 _400_/X
 _401_/X
 _402_/X
 _403_/X
 _404_/X
 _405_/X
 _406_/X
 _407_/X
 _408_/X
 _409_/X
 _410_/X
 _411_/X
 _412_/X
 _413_/X
 _414_/X
 _415_/X
 _416_/X
 _417_/X
 _418_/X
 _419_/X
 _420_/X
 _421_/X
 _422_/X
 _423_/X
 _424_/X
 _425_/X
 _426_/X
 _427_/X
 _428_/X
 _429_/X
 _430_/X
 _431_/X
 _432_/X
 _433_/X
 _434_/X
 _435_/X
 _436_/X
 _437_/X
 _438_/X
 _439_/X
 _440_/X
 _441_/X
 _442_/X
 _443_/X
 _444_/Y
 _445_/Y
 _446_/X
 _447_/X
 _448_/X
 _449_/X
 _450_/Y
 _451_/Y
 _452_/X
 _453_/Y
 _454_/Y
 _455_/X
 _456_/Y
 _457_/X
 _458_/X
 _459_/Y
 _460_/Y
 _461_/X
 _462_/Y
 _463_/X
 _464_/Y
 _465_/Y
 _466_/X
 _467_/X
 _468_/X
 _469_/X
 _470_/X
 _471_/Y
 _472_/X
 _473_/X
 _474_/X
 _475_/X
 _476_/X
 _477_/Y
 _478_/Y
 _479_/X
 _480_/Y
 _481_/X
 _482_/Y
 _483_/Y
 _484_/X
 _485_/Y
 _486_/Y
 _487_/Y
 _488_/Y
 _489_/Y
 _490_/X
 _491_/X
 _492_/Y
 _493_/Y
 _494_/X
 _495_/X
 _496_/X
 _497_/Y
 _498_/Y
 _499_/X
 _500_/X
 _501_/X
 _502_/Y
 _503_/Y
 _504_/Y
 _505_/X
 _506_/Y
 _507_/X
 _508_/Y
 _509_/Y
 _510_/Y
 _511_/Y
 _512_/Y
 _513_/Y
 _514_/X
 _515_/X
 _516_/Y
 _517_/X
 _518_/X
 _519_/Y
 _520_/X
 _521_/Y
 _522_/X
 _523_/X
 _524_/X
 _525_/X
 _526_/Y
 _527_/X
 _528_/X
 _529_/Y
 _530_/X
 _531_/Y
 _532_/X
 _533_/X
 _534_/Y
 _535_/Y
 _536_/X
 _537_/Y
 _538_/Y
 _539_/Y
 _540_/X
 _541_/X
 _542_/Y
 _543_/X
 _544_/X
 _545_/Y
 _546_/X
 _547_/Y
 _548_/X
 _549_/X
 _550_/X
 _551_/Y
 _552_/Y
 _553_/X
 _554_/Y
 _555_/X
 _556_/Y
 _557_/X
 _558_/Y
 _559_/Y
 _560_/Y
 _561_/Y
 _562_/X
 _563_/Y
 _564_/Y
 _565_/Y
 _566_/X
 _567_/Y
 _568_/Y
 _569_/Y
 _570_/Y
 _571_/Y
 _572_/X
 _573_/X
 _574_/Y
 _575_/Y
 _576_/X
 _577_/X
 _578_/X
 _579_/X
 _580_/X
 _581_/X
 _582_/Y
 _583_/X
 _584_/Y
 _585_/Y
 _586_/X
 _587_/X
 _588_/Y
 _589_/Y
 _590_/Y
 _591_/Y
 _592_/Y
 _593_/Y
 _594_/X
 _595_/Y
 _596_/X
 _597_/Y
 _598_/X
 _599_/Y
 _600_/Y
 _601_/X
 _602_/X
 _603_/X
 _604_/X
 _605_/X
 _606_/X
 _607_/X
 _608_/X
 _609_/X
 _610_/X
 _611_/Y
 _612_/Y
 _613_/X
 _614_/X
 _615_/Y
 _616_/Y
 _617_/Y
 _618_/Y
 _619_/Y
 _620_/Y
 _621_/X
 _622_/Y
 _623_/X
 _624_/Y
 _625_/X
 _626_/X
 _627_/Y
 _628_/Y
 _629_/Y
 _630_/X
 _631_/X
 _632_/X
 _633_/X
 _634_/X
 _635_/X
 _636_/X
 _637_/X
 _638_/X
 _639_/X
 _640_/X
 _641_/X
 _642_/X
 _643_/X
 _644_/X
 _645_/X
 _646_/X
 _647_/X
 _648_/X
 _649_/X
 _650_/X
 _651_/X
 _652_/X
 _653_/X
 _654_/X
 _655_/X
 _656_/X
 _657_/X
 _658_/X
 _659_/X
 _660_/X
 _661_/X
 _662_/X
 _663_/X
 _664_/X
 _665_/X
 _666_/X
 _667_/X
 _668_/X
 _669_/X
 _670_/X
 _671_/X
 _672_/X
 _673_/X
 _674_/X
 _675_/X
 _676_/X
 _677_/X
 _678_/X
 _679_/X
 _680_/X
 _681_/X
 _682_/X
 _683_/X
 _684_/X
 _685_/X
 _686_/X
 _687_/X
 _688_/X
 _689_/X
 _690_/X
 _691_/X
 _692_/X
 _693_/X
 u_alu._1117_/X
 u_alu._1118_/X
 u_alu._1119_/X
 u_alu._1120_/X
 u_alu._1121_/X
 u_alu._1122_/X
 u_alu._1123_/Y
 u_alu._1124_/Y
 u_alu._1125_/Y
 u_alu._1126_/X
 u_alu._1127_/X
 u_alu._1128_/X
 u_alu._1129_/X
 u_alu._1130_/Y
 u_alu._1131_/Y
 u_alu._1132_/X
 u_alu._1133_/Y
 u_alu._1134_/X
 u_alu._1135_/X
 u_alu._1136_/X
 u_alu._1137_/X
 u_alu._1138_/X
 u_alu._1139_/Y
 u_alu._1140_/Y
 u_alu._1141_/X
 u_alu._1142_/X
 u_alu._1143_/X
 u_alu._1144_/Y
 u_alu._1145_/Y
 u_alu._1146_/X
 u_alu._1147_/Y
 u_alu._1148_/Y
 u_alu._1149_/Y
 u_alu._1150_/X
 u_alu._1151_/X
 u_alu._1152_/X
 u_alu._1153_/X
 u_alu._1154_/X
 u_alu._1155_/X
 u_alu._1156_/X
 u_alu._1157_/X
 u_alu._1158_/X
 u_alu._1159_/X
 u_alu._1160_/Y
 u_alu._1161_/X
 u_alu._1162_/X
 u_alu._1163_/X
 u_alu._1164_/X
 u_alu._1165_/X
 u_alu._1166_/Y
 u_alu._1167_/X
 u_alu._1168_/X
 u_alu._1169_/X
 u_alu._1170_/X
 u_alu._1171_/X
 u_alu._1172_/Y
 u_alu._1173_/X
 u_alu._1174_/X
 u_alu._1175_/Y
 u_alu._1176_/Y
 u_alu._1177_/X
 u_alu._1178_/Y
 u_alu._1179_/X
 u_alu._1180_/X
 u_alu._1181_/X
 u_alu._1182_/X
 u_alu._1183_/X
 u_alu._1184_/Y
 u_alu._1185_/X
 u_alu._1186_/X
 u_alu._1187_/Y
 u_alu._1188_/X
 u_alu._1189_/X
 u_alu._1190_/X
 u_alu._1191_/Y
 u_alu._1192_/X
 u_alu._1193_/X
 u_alu._1194_/X
 u_alu._1195_/X
 u_alu._1196_/Y
 u_alu._1197_/X
 u_alu._1198_/Y
 u_alu._1199_/X
 u_alu._1200_/Y
 u_alu._1201_/X
 u_alu._1202_/Y
 u_alu._1203_/X
 u_alu._1204_/Y
 u_alu._1205_/Y
 u_alu._1206_/Y
 u_alu._1207_/X
 u_alu._1208_/Y
 u_alu._1209_/Y
 u_alu._1210_/X
 u_alu._1211_/X
 u_alu._1212_/X
 u_alu._1213_/Y
 u_alu._1214_/Y
 u_alu._1215_/X
 u_alu._1216_/X
 u_alu._1217_/X
 u_alu._1218_/X
 u_alu._1219_/Y
 u_alu._1220_/X
 u_alu._1221_/Y
 u_alu._1222_/Y
 u_alu._1223_/X
 u_alu._1224_/X
 u_alu._1225_/X
 u_alu._1226_/Y
 u_alu._1227_/X
 u_alu._1228_/X
 u_alu._1229_/Y
 u_alu._1230_/X
 u_alu._1231_/Y
 u_alu._1232_/X
 u_alu._1233_/X
 u_alu._1234_/X
 u_alu._1235_/Y
 u_alu._1236_/X
 u_alu._1237_/X
 u_alu._1238_/Y
 u_alu._1239_/X
 u_alu._1240_/Y
 u_alu._1241_/X
 u_alu._1242_/X
 u_alu._1243_/X
 u_alu._1244_/X
 u_alu._1245_/X
 u_alu._1246_/Y
 u_alu._1247_/X
 u_alu._1248_/X
 u_alu._1249_/X
 u_alu._1250_/X
 u_alu._1251_/X
 u_alu._1252_/X
 u_alu._1253_/Y
 u_alu._1254_/X
 u_alu._1255_/X
 u_alu._1256_/X
 u_alu._1257_/X
 u_alu._1258_/X
 u_alu._1259_/X
 u_alu._1260_/X
 u_alu._1261_/X
 u_alu._1262_/X
 u_alu._1263_/X
 u_alu._1264_/X
 u_alu._1265_/X
 u_alu._1266_/X
 u_alu._1267_/X
 u_alu._1268_/X
 u_alu._1269_/X
 u_alu._1270_/X
 u_alu._1271_/X
 u_alu._1272_/X
 u_alu._1273_/X
 u_alu._1274_/X
 u_alu._1275_/X
 u_alu._1276_/X
 u_alu._1277_/X
 u_alu._1278_/X
 u_alu._1279_/X
 u_alu._1280_/X
 u_alu._1281_/X
 u_alu._1282_/X
 u_alu._1283_/X
 u_alu._1284_/X
 u_alu._1285_/X
 u_alu._1286_/X
 u_alu._1287_/X
 u_alu._1288_/Y
 u_alu._1289_/X
 u_alu._1290_/X
 u_alu._1291_/X
 u_alu._1292_/X
 u_alu._1293_/Y
 u_alu._1294_/X
 u_alu._1295_/X
 u_alu._1296_/X
 u_alu._1297_/X
 u_alu._1298_/X
 u_alu._1299_/X
 u_alu._1300_/X
 u_alu._1301_/X
 u_alu._1302_/X
 u_alu._1303_/X
 u_alu._1304_/X
 u_alu._1305_/X
 u_alu._1306_/X
 u_alu._1307_/X
 u_alu._1308_/Y
 u_alu._1309_/X
 u_alu._1310_/Y
 u_alu._1311_/Y
 u_alu._1312_/X
 u_alu._1313_/Y
 u_alu._1314_/Y
 u_alu._1315_/Y
 u_alu._1316_/Y
 u_alu._1317_/X
 u_alu._1318_/Y
 u_alu._1319_/Y
 u_alu._1320_/Y
 u_alu._1321_/Y
 u_alu._1322_/X
 u_alu._1323_/Y
 u_alu._1324_/Y
 u_alu._1325_/X
 u_alu._1326_/Y
 u_alu._1327_/Y
 u_alu._1328_/Y
 u_alu._1329_/Y
 u_alu._1330_/X
 u_alu._1331_/Y
 u_alu._1332_/Y
 u_alu._1333_/Y
 u_alu._1334_/X
 u_alu._1335_/X
 u_alu._1336_/X
 u_alu._1337_/X
 u_alu._1338_/X
 u_alu._1339_/X
 u_alu._1340_/X
 u_alu._1341_/X
 u_alu._1342_/Y
 u_alu._1343_/X
 u_alu._1344_/X
 u_alu._1345_/Y
 u_alu._1346_/X
 u_alu._1347_/X
 u_alu._1348_/Y
 u_alu._1349_/Y
 u_alu._1350_/X
 u_alu._1351_/Y
 u_alu._1352_/Y
 u_alu._1353_/X
 u_alu._1354_/X
 u_alu._1355_/X
 u_alu._1356_/X
 u_alu._1357_/X
 u_alu._1358_/X
 u_alu._1359_/Y
 u_alu._1360_/X
 u_alu._1361_/X
 u_alu._1362_/X
 u_alu._1363_/X
 u_alu._1364_/Y
 u_alu._1365_/X
 u_alu._1366_/X
 u_alu._1367_/Y
 u_alu._1368_/X
 u_alu._1369_/Y
 u_alu._1370_/X
 u_alu._1371_/X
 u_alu._1372_/Y
 u_alu._1373_/X
 u_alu._1374_/X
 u_alu._1375_/Y
 u_alu._1376_/X
 u_alu._1377_/X
 u_alu._1378_/X
 u_alu._1379_/X
 u_alu._1380_/X
 u_alu._1381_/X
 u_alu._1382_/X
 u_alu._1383_/X
 u_alu._1384_/X
 u_alu._1385_/X
 u_alu._1386_/X
 u_alu._1387_/X
 u_alu._1388_/X
 u_alu._1389_/X
 u_alu._1390_/X
 u_alu._1391_/X
 u_alu._1392_/X
 u_alu._1393_/X
 u_alu._1394_/X
 u_alu._1395_/X
 u_alu._1396_/X
 u_alu._1397_/X
 u_alu._1398_/X
 u_alu._1399_/X
 u_alu._1400_/X
 u_alu._1401_/X
 u_alu._1402_/Y
 u_alu._1403_/X
 u_alu._1404_/X
 u_alu._1405_/X
 u_alu._1406_/X
 u_alu._1407_/X
 u_alu._1408_/X
 u_alu._1409_/X
 u_alu._1410_/X
 u_alu._1411_/X
 u_alu._1412_/X
 u_alu._1413_/X
 u_alu._1414_/Y
 u_alu._1415_/X
 u_alu._1416_/X
 u_alu._1417_/Y
 u_alu._1418_/Y
 u_alu._1419_/Y
 u_alu._1420_/Y
 u_alu._1421_/X
 u_alu._1422_/Y
 u_alu._1423_/Y
 u_alu._1424_/X
 u_alu._1425_/X
 u_alu._1426_/X
 u_alu._1427_/X
 u_alu._1428_/X
 u_alu._1429_/X
 u_alu._1430_/X
 u_alu._1431_/X
 u_alu._1432_/X
 u_alu._1433_/X
 u_alu._1434_/X
 u_alu._1435_/X
 u_alu._1436_/X
 u_alu._1437_/X
 u_alu._1438_/X
 u_alu._1439_/X
 u_alu._1440_/X
 u_alu._1441_/Y
 u_alu._1442_/X
 u_alu._1443_/Y
 u_alu._1444_/Y
 u_alu._1445_/X
 u_alu._1446_/X
 u_alu._1447_/X
 u_alu._1448_/X
 u_alu._1449_/X
 u_alu._1450_/X
 u_alu._1451_/X
 u_alu._1452_/X
 u_alu._1453_/X
 u_alu._1454_/Y
 u_alu._1455_/Y
 u_alu._1456_/X
 u_alu._1457_/X
 u_alu._1458_/Y
 u_alu._1459_/Y
 u_alu._1460_/Y
 u_alu._1461_/Y
 u_alu._1462_/X
 u_alu._1463_/X
 u_alu._1464_/X
 u_alu._1465_/X
 u_alu._1466_/X
 u_alu._1467_/X
 u_alu._1468_/X
 u_alu._1469_/X
 u_alu._1470_/Y
 u_alu._1471_/X
 u_alu._1472_/Y
 u_alu._1473_/Y
 u_alu._1474_/X
 u_alu._1475_/Y
 u_alu._1476_/Y
 u_alu._1477_/X
 u_alu._1478_/Y
 u_alu._1479_/Y
 u_alu._1480_/X
 u_alu._1481_/X
 u_alu._1482_/X
 u_alu._1483_/X
 u_alu._1484_/X
 u_alu._1485_/X
 u_alu._1486_/X
 u_alu._1487_/X
 u_alu._1488_/X
 u_alu._1489_/X
 u_alu._1490_/X
 u_alu._1491_/X
 u_alu._1492_/X
 u_alu._1493_/X
 u_alu._1494_/Y
 u_alu._1495_/X
 u_alu._1496_/X
 u_alu._1497_/X
 u_alu._1498_/Y
 u_alu._1499_/Y
 u_alu._1500_/X
 u_alu._1501_/X
 u_alu._1502_/X
 u_alu._1503_/Y
 u_alu._1504_/X
 u_alu._1505_/X
 u_alu._1506_/Y
 u_alu._1507_/X
 u_alu._1508_/Y
 u_alu._1509_/Y
 u_alu._1510_/Y
 u_alu._1511_/Y
 u_alu._1512_/Y
 u_alu._1513_/X
 u_alu._1514_/X
 u_alu._1515_/X
 u_alu._1516_/X
 u_alu._1517_/X
 u_alu._1518_/Y
 u_alu._1519_/Y
 u_alu._1520_/Y
 u_alu._1521_/X
 u_alu._1522_/Y
 u_alu._1523_/X
 u_alu._1524_/Y
 u_alu._1525_/X
 u_alu._1526_/Y
 u_alu._1527_/X
 u_alu._1528_/X
 u_alu._1529_/X
 u_alu._1530_/X
 u_alu._1531_/Y
 u_alu._1532_/X
 u_alu._1533_/X
 u_alu._1534_/Y
 u_alu._1535_/X
 u_alu._1536_/Y
 u_alu._1537_/X
 u_alu._1538_/X
 u_alu._1539_/X
 u_alu._1540_/Y
 u_alu._1541_/X
 u_alu._1542_/Y
 u_alu._1543_/Y
 u_alu._1544_/Y
 u_alu._1545_/Y
 u_alu._1546_/X
 u_alu._1547_/X
 u_alu._1548_/X
 u_alu._1549_/X
 u_alu._1550_/X
 u_alu._1551_/X
 u_alu._1552_/X
 u_alu._1553_/X
 u_alu._1554_/Y
 u_alu._1555_/X
 u_alu._1556_/X
 u_alu._1557_/Y
 u_alu._1558_/Y
 u_alu._1559_/X
 u_alu._1560_/Y
 u_alu._1561_/X
 u_alu._1562_/Y
 u_alu._1563_/X
 u_alu._1564_/Y
 u_alu._1565_/X
 u_alu._1566_/Y
 u_alu._1567_/X
 u_alu._1568_/Y
 u_alu._1569_/X
 u_alu._1570_/Y
 u_alu._1571_/X
 u_alu._1572_/Y
 u_alu._1573_/X
 u_alu._1574_/X
 u_alu._1575_/X
 u_alu._1576_/X
 u_alu._1577_/X
 u_alu._1578_/X
 u_alu._1579_/Y
 u_alu._1580_/X
 u_alu._1581_/X
 u_alu._1582_/X
 u_alu._1583_/X
 u_alu._1584_/X
 u_alu._1585_/X
 u_alu._1586_/X
 u_alu._1587_/Y
 u_alu._1588_/X
 u_alu._1589_/X
 u_alu._1590_/X
 u_alu._1591_/X
 u_alu._1592_/X
 u_alu._1593_/X
 u_alu._1594_/X
 u_alu._1595_/Y
 u_alu._1596_/Y
 u_alu._1597_/X
 u_alu._1598_/X
 u_alu._1599_/Y
 u_alu._1600_/Y
 u_alu._1601_/X
 u_alu._1602_/Y
 u_alu._1603_/Y
 u_alu._1604_/X
 u_alu._1605_/Y
 u_alu._1606_/X
 u_alu._1607_/Y
 u_alu._1608_/Y
 u_alu._1609_/Y
 u_alu._1610_/X
 u_alu._1611_/Y
 u_alu._1612_/Y
 u_alu._1613_/X
 u_alu._1614_/X
 u_alu._1615_/Y
 u_alu._1616_/X
 u_alu._1617_/X
 u_alu._1618_/X
 u_alu._1619_/Y
 u_alu._1620_/X
 u_alu._1621_/X
 u_alu._1622_/Y
 u_alu._1623_/Y
 u_alu._1624_/X
 u_alu._1625_/X
 u_alu._1626_/X
 u_alu._1627_/X
 u_alu._1628_/X
 u_alu._1629_/Y
 u_alu._1630_/X
 u_alu._1631_/X
 u_alu._1632_/X
 u_alu._1633_/X
 u_alu._1634_/X
 u_alu._1635_/X
 u_alu._1636_/X
 u_alu._1637_/X
 u_alu._1638_/X
 u_alu._1639_/X
 u_alu._1640_/Y
 u_alu._1641_/Y
 u_alu._1642_/Y
 u_alu._1643_/Y
 u_alu._1644_/Y
 u_alu._1645_/X
 u_alu._1646_/Y
 u_alu._1647_/X
 u_alu._1648_/X
 u_alu._1649_/X
 u_alu._1650_/X
 u_alu._1651_/X
 u_alu._1652_/X
 u_alu._1653_/Y
 u_alu._1654_/Y
 u_alu._1655_/X
 u_alu._1656_/X
 u_alu._1657_/X
 u_alu._1658_/Y
 u_alu._1659_/Y
 u_alu._1660_/Y
 u_alu._1661_/Y
 u_alu._1662_/Y
 u_alu._1663_/Y
 u_alu._1664_/Y
 u_alu._1665_/X
 u_alu._1666_/X
 u_alu._1667_/X
 u_alu._1668_/X
 u_alu._1669_/X
 u_alu._1670_/Y
 u_alu._1671_/Y
 u_alu._1672_/X
 u_alu._1673_/Y
 u_alu._1674_/X
 u_alu._1675_/X
 u_alu._1676_/Y
 u_alu._1677_/X
 u_alu._1678_/X
 u_alu._1679_/X
 u_alu._1680_/Y
 u_alu._1681_/X
 u_alu._1682_/X
 u_alu._1683_/X
 u_alu._1684_/X
 u_alu._1685_/X
 u_alu._1686_/X
 u_alu._1687_/X
 u_alu._1688_/X
 u_alu._1689_/X
 u_alu._1690_/Y
 u_alu._1691_/X
 u_alu._1692_/Y
 u_alu._1693_/Y
 u_alu._1694_/X
 u_alu._1695_/Y
 u_alu._1696_/X
 u_alu._1697_/X
 u_alu._1698_/X
 u_alu._1699_/Y
 u_alu._1700_/X
 u_alu._1701_/Y
 u_alu._1702_/X
 u_alu._1703_/Y
 u_alu._1704_/X
 u_alu._1705_/Y
 u_alu._1706_/X
 u_alu._1707_/X
 u_alu._1708_/Y
 u_alu._1709_/X
 u_alu._1710_/X
 u_alu._1711_/X
 u_alu._1712_/Y
 u_alu._1713_/X
 u_alu._1714_/X
 u_alu._1715_/X
 u_alu._1716_/X
 u_alu._1717_/Y
 u_alu._1718_/Y
 u_alu._1719_/X
 u_alu._1720_/Y
 u_alu._1721_/X
 u_alu._1722_/Y
 u_alu._1723_/Y
 u_alu._1724_/X
 u_alu._1725_/Y
 u_alu._1726_/X
 u_alu._1727_/Y
 u_alu._1728_/X
 u_alu._1729_/X
 u_alu._1730_/X
 u_alu._1731_/Y
 u_alu._1732_/Y
 u_alu._1733_/X
 u_alu._1734_/Y
 u_alu._1735_/Y
 u_alu._1736_/Y
 u_alu._1737_/Y
 u_alu._1738_/X
 u_alu._1739_/Y
 u_alu._1740_/X
 u_alu._1741_/Y
 u_alu._1742_/Y
 u_alu._1743_/Y
 u_alu._1744_/X
 u_alu._1745_/X
 u_alu._1746_/Y
 u_alu._1747_/X
 u_alu._1748_/Y
 u_alu._1749_/X
 u_alu._1750_/X
 u_alu._1751_/Y
 u_alu._1752_/X
 u_alu._1753_/Y
 u_alu._1754_/X
 u_alu._1755_/X
 u_alu._1756_/Y
 u_alu._1757_/Y
 u_alu._1758_/Y
 u_alu._1759_/X
 u_alu._1760_/Y
 u_alu._1761_/X
 u_alu._1762_/X
 u_alu._1763_/X
 u_alu._1764_/X
 u_alu._1765_/X
 u_alu._1766_/Y
 u_alu._1767_/X
 u_alu._1768_/X
 u_alu._1769_/X
 u_alu._1770_/Y
 u_alu._1771_/Y
 u_alu._1772_/Y
 u_alu._1773_/Y
 u_alu._1774_/Y
 u_alu._1775_/X
 u_alu._1776_/X
 u_alu._1777_/Y
 u_alu._1778_/Y
 u_alu._1779_/X
 u_alu._1780_/X
 u_alu._1781_/X
 u_alu._1782_/X
 u_alu._1783_/Y
 u_alu._1784_/X
 u_alu._1785_/Y
 u_alu._1786_/X
 u_alu._1787_/Y
 u_alu._1788_/X
 u_alu._1789_/Y
 u_alu._1790_/X
 u_alu._1791_/Y
 u_alu._1792_/X
 u_alu._1793_/Y
 u_alu._1794_/X
 u_alu._1795_/X
 u_alu._1796_/Y
 u_alu._1797_/Y
 u_alu._1798_/X
 u_alu._1799_/Y
 u_alu._1800_/Y
 u_alu._1801_/X
 u_alu._1802_/X
 u_alu._1803_/X
 u_alu._1804_/Y
 u_alu._1805_/X
 u_alu._1806_/Y
 u_alu._1807_/Y
 u_alu._1808_/X
 u_alu._1809_/X
 u_alu._1810_/X
 u_alu._1811_/X
 u_alu._1812_/Y
 u_alu._1813_/X
 u_alu._1814_/X
 u_alu._1815_/X
 u_alu._1816_/X
 u_alu._1817_/X
 u_alu._1818_/X
 u_alu._1819_/X
 u_alu._1820_/Y
 u_alu._1821_/X
 u_alu._1822_/X
 u_alu._1823_/Y
 u_alu._1824_/X
 u_alu._1825_/X
 u_alu._1826_/Y
 u_alu._1827_/X
 u_alu._1828_/Y
 u_alu._1829_/X
 u_alu._1830_/X
 u_alu._1831_/X
 u_alu._1832_/Y
 u_alu._1833_/Y
 u_alu._1834_/X
 u_alu._1835_/X
 u_alu._1836_/X
 u_alu._1837_/Y
 u_alu._1838_/Y
 u_alu._1839_/Y
 u_alu._1840_/X
 u_alu._1841_/Y
 u_alu._1842_/Y
 u_alu._1843_/X
 u_alu._1844_/X
 u_alu._1845_/Y
 u_alu._1846_/X
 u_alu._1847_/Y
 u_alu._1848_/X
 u_alu._1849_/X
 u_alu._1850_/Y
 u_alu._1851_/X
 u_alu._1852_/Y
 u_alu._1853_/Y
 u_alu._1854_/Y
 u_alu._1855_/X
 u_alu._1856_/Y
 u_alu._1857_/Y
 u_alu._1858_/X
 u_alu._1859_/X
 u_alu._1860_/X
 u_alu._1861_/Y
 u_alu._1862_/X
 u_alu._1863_/X
 u_alu._1864_/Y
 u_alu._1865_/X
 u_alu._1866_/Y
 u_alu._1867_/X
 u_alu._1868_/Y
 u_alu._1869_/X
 u_alu._1870_/Y
 u_alu._1871_/Y
 u_alu._1872_/X
 u_alu._1873_/Y
 u_alu._1874_/X
 u_alu._1875_/Y
 u_alu._1876_/Y
 u_alu._1877_/Y
 u_alu._1878_/X
 u_alu._1879_/X
 u_alu._1880_/X
 u_alu._1881_/Y
 u_alu._1882_/X
 u_alu._1883_/X
 u_alu._1884_/X
 u_alu._1885_/X
 u_alu._1886_/X
 u_alu._1887_/X
 u_alu._1888_/X
 u_alu._1889_/X
 u_alu._1890_/X
 u_alu._1891_/X
 u_alu._1892_/X
 u_alu._1893_/X
 u_alu._1894_/Y
 u_alu._1895_/X
 u_alu._1896_/Y
 u_alu._1897_/Y
 u_alu._1898_/Y
 u_alu._1899_/X
 u_alu._1900_/Y
 u_alu._1901_/Y
 u_alu._1902_/X
 u_alu._1903_/X
 u_alu._1904_/X
 u_alu._1905_/X
 u_alu._1906_/X
 u_alu._1907_/Y
 u_alu._1908_/Y
 u_alu._1909_/Y
 u_alu._1910_/X
 u_alu._1911_/X
 u_alu._1912_/Y
 u_alu._1913_/Y
 u_alu._1914_/Y
 u_alu._1915_/X
 u_alu._1916_/Y
 u_alu._1917_/X
 u_alu._1918_/X
 u_alu._1919_/Y
 u_alu._1920_/X
 u_alu._1921_/Y
 u_alu._1922_/X
 u_alu._1923_/Y
 u_alu._1924_/Y
 u_alu._1925_/X
 u_alu._1926_/Y
 u_alu._1927_/X
 u_alu._1928_/Y
 u_alu._1929_/X
 u_alu._1930_/Y
 u_alu._1931_/Y
 u_alu._1932_/Y
 u_alu._1933_/X
 u_alu._1934_/X
 u_alu._1935_/X
 u_alu._1936_/X
 u_alu._1937_/X
 u_alu._1938_/X
 u_alu._1939_/Y
 u_alu._1940_/X
 u_alu._1941_/X
 u_alu._1942_/X
 u_alu._1943_/X
 u_alu._1944_/X
 u_alu._1945_/Y
 u_alu._1946_/X
 u_alu._1947_/Y
 u_alu._1948_/Y
 u_alu._1949_/Y
 u_alu._1950_/Y
 u_alu._1951_/X
 u_alu._1952_/X
 u_alu._1953_/Y
 u_alu._1954_/Y
 u_alu._1955_/X
 u_alu._1956_/X
 u_alu._1957_/X
 u_alu._1958_/Y
 u_alu._1959_/X
 u_alu._1960_/X
 u_alu._1961_/X
 u_alu._1962_/X
 u_alu._1963_/X
 u_alu._1964_/X
 u_alu._1965_/X
 u_alu._1966_/Y
 u_alu._1967_/Y
 u_alu._1968_/X
 u_alu._1969_/X
 u_alu._1970_/X
 u_alu._1971_/X
 u_alu._1972_/X
 u_alu._1973_/Y
 u_alu._1974_/Y
 u_alu._1975_/X
 u_alu._1976_/X
 u_alu._1977_/X
 u_alu._1978_/Y
 u_alu._1979_/X
 u_alu._1980_/X
 u_alu._1981_/Y
 u_alu._1982_/X
 u_alu._1983_/X
 u_alu._1984_/X
 u_alu._1985_/Y
 u_alu._1986_/X
 u_alu._1987_/X
 u_alu._1988_/Y
 u_alu._1989_/X
 u_alu._1990_/Y
 u_alu._1991_/Y
 u_alu._1992_/Y
 u_alu._1993_/X
 u_alu._1994_/Y
 u_alu._1995_/X
 u_alu._1996_/Y
 u_alu._1997_/X
 u_alu._1998_/Y
 u_alu._1999_/X
 u_alu._2000_/X
 u_alu._2001_/Y
 u_alu._2002_/X
 u_alu._2003_/X
 u_alu._2004_/Y
 u_alu._2005_/X
 u_alu._2006_/X
 u_alu._2007_/X
 u_alu._2008_/X
 u_alu._2009_/X
 u_alu._2010_/X
 u_alu._2011_/Y
 u_alu._2012_/X
 u_alu._2013_/Y
 u_alu._2014_/X
 u_alu._2015_/X
 u_alu._2016_/X
 u_alu._2017_/X
 u_alu._2018_/Y
 u_alu._2019_/Y
 u_alu._2020_/Y
 u_alu._2021_/X
 u_alu._2022_/X
 u_alu._2023_/X
 u_alu._2024_/Y
 u_alu._2025_/X
 u_alu._2026_/X
 u_alu._2027_/X
 u_alu._2028_/Y
 u_alu._2029_/X
 u_alu._2030_/X
 u_alu._2031_/Y
 u_alu._2032_/X
 u_alu._2033_/X
 u_alu._2034_/X
 u_alu._2035_/Y
 u_alu._2036_/X
 u_alu._2037_/X
 u_alu._2038_/Y
 u_alu._2039_/X
 u_alu._2040_/X
 u_alu._2041_/Y
 u_alu._2042_/X
 u_alu._2043_/X
 u_alu._2044_/Y
 u_alu._2045_/X
 u_alu._2046_/X
 u_alu._2047_/X
 u_alu._2048_/X
 u_alu._2049_/X
 u_alu._2050_/Y
 u_alu._2051_/X
 u_alu._2052_/X
 u_alu._2053_/X
 u_alu._2054_/X
 u_alu._2055_/Y
 u_alu._2056_/X
 u_alu._2057_/X
 u_alu._2058_/X
 u_alu._2059_/X
 u_alu._2060_/X
 u_alu._2061_/Y
 u_alu._2062_/Y
 u_alu._2063_/X
 u_alu._2064_/Y
 u_alu._2065_/X
 u_alu._2066_/X
 u_alu._2067_/X
 u_alu._2068_/Y
 u_alu._2069_/Y
 u_alu._2070_/X
 u_alu._2071_/Y
 u_alu._2072_/Y
 u_alu._2073_/X
 u_alu._2074_/X
 u_alu._2075_/Y
 u_alu._2076_/Y
 u_alu._2077_/X
 u_alu._2078_/Y
 u_alu._2079_/X
 u_alu._2080_/X
 u_alu._2081_/X
 u_alu._2082_/X
 u_alu._2083_/X
 u_alu._2084_/Y
 u_alu._2085_/Y
 u_alu._2086_/X
 u_alu._2087_/X
 u_alu._2088_/X
 u_alu._2089_/X
 u_alu._2090_/X
 u_alu._2091_/X
 u_alu._2092_/X
 u_alu._2093_/Y
 u_alu._2094_/X
 u_alu._2095_/X
 u_alu._2096_/X
 u_alu._2097_/Y
 u_alu._2098_/X
 u_alu._2099_/X
 u_alu._2100_/X
 u_alu._2101_/X
 u_alu._2102_/Y
 u_alu._2103_/X
 u_alu._2104_/Y
 u_alu._2105_/Y
 u_alu._2106_/X
 u_alu._2107_/Y
 u_alu._2108_/X
 u_alu._2109_/Y
 u_alu._2110_/X
 u_alu._2111_/X
 u_alu._2112_/Y
 u_alu._2113_/X
 u_alu._2114_/Y
 u_alu._2115_/X
 u_alu._2116_/Y
 u_alu._2117_/X
 u_alu._2118_/X
 u_alu._2119_/X
 u_alu._2120_/X
 u_alu._2121_/X
 u_alu._2122_/Y
 u_alu._2123_/Y
 u_alu._2124_/Y
 u_alu._2125_/X
 u_alu._2126_/X
 u_alu._2127_/Y
 u_alu._2128_/X
 u_alu._2129_/X
 u_alu._2130_/Y
 u_alu._2131_/Y
 u_alu._2132_/Y
 u_alu._2133_/X
 u_alu._2134_/Y
 u_alu._2135_/Y
 u_alu._2136_/X
 u_alu._2137_/Y
 u_alu._2138_/X
 u_alu._2139_/Y
 u_alu._2140_/X
 u_alu._2141_/X
 u_alu._2142_/Y
 u_alu._2143_/Y
 u_alu._2144_/X
 u_alu._2145_/X
 u_alu._2146_/X
 u_alu._2147_/Y
 u_alu._2148_/Y
 u_alu._2149_/X
 u_alu._2150_/Y
 u_alu._2151_/X
 u_alu._2152_/X
 u_alu._2153_/X
 u_alu._2154_/X
 u_alu._2155_/X
 u_alu._2156_/X
 u_alu._2157_/Y
 u_alu._2158_/X
 u_alu._2159_/X
 u_alu._2160_/X
 u_alu._2161_/Y
 u_alu._2162_/Y
 u_alu._2163_/X
 u_alu._2164_/X
 u_alu._2165_/Y
 u_alu._2166_/X
 u_alu._2167_/Y
 u_alu._2168_/X
 u_alu._2169_/Y
 u_alu._2170_/X
 u_alu._2171_/X
 u_alu._2172_/Y
 u_alu._2173_/X
 u_alu._2174_/X
 u_alu._2175_/Y
 u_alu._2176_/X
 u_alu._2177_/Y
 u_alu._2178_/X
 u_alu._2179_/Y
 u_alu._2180_/X
 u_alu._2181_/Y
 u_alu._2182_/Y
 u_alu._2183_/Y
 u_alu._2184_/Y
 u_alu._2185_/X
 u_alu._2186_/X
 u_alu._2187_/Y
 u_alu._2188_/Y
 u_alu._2189_/Y
 u_alu._2190_/X
 u_alu._2191_/Y
 u_alu._2192_/Y
 u_alu._2193_/Y
 u_alu._2194_/Y
 u_alu._2195_/X
 u_alu._2196_/X
 u_alu._2197_/X
 u_alu._2198_/X
 u_alu._2199_/X
 u_alu._2200_/X
 u_alu._2201_/Y
 u_alu._2202_/X
 u_alu._2203_/X
 u_alu._2204_/Y
 u_alu._2205_/Y
 u_alu._2206_/X
 u_alu._2207_/X
 u_alu._2208_/X
 u_alu._2209_/Y
 u_alu._2210_/X
 u_alu._2211_/X
 u_alu._2212_/Y
 u_alu._2213_/Y
 u_alu._2214_/X
 u_alu._2215_/Y
 u_alu._2216_/X
 u_alu._2217_/X
 u_alu._2218_/X
 u_alu._2219_/Y
 u_alu._2220_/Y
 u_alu._2221_/X
 u_alu._2222_/X
 u_alu._2223_/Y
 u_alu._2224_/Y
 u_alu._2225_/X
 u_alu._2226_/Y
 u_alu._2227_/Y
 u_alu._2228_/X
 u_alu._2229_/Y
 u_alu._2230_/X
 u_alu._2231_/X
 u_alu._2232_/Y
 u_alu._2233_/X
 u_alu._2234_/X
 u_alu._2235_/Y
 u_alu._2236_/Y
 u_alu._2237_/X
 u_alu._2238_/Y
 u_alu._2239_/X
 u_alu._2240_/X
 u_alu._2241_/X
 u_alu._2242_/X
 u_alu._2243_/X
 u_alu._2244_/X
 u_alu._2245_/X
 u_alu._2269_/X
 u_alu_control._11_/X
 u_alu_control._12_/Y
 u_alu_control._13_/X
 u_alu_control._14_/X
 u_alu_control._15_/X
 u_alu_control._16_/X
 u_alu_control._17_/X
 u_alu_control._18_/X
 u_alu_control._19_/X
 u_alu_control._20_/X
 u_alu_control._21_/Y
 u_alu_control._22_/X
 u_alu_control._23_/X
 u_alu_control._24_/X
 u_alu_control._25_/X
 u_branch_unit._117_/Y
 u_branch_unit._118_/Y
 u_branch_unit._119_/Y
 u_branch_unit._120_/X
 u_branch_unit._121_/Y
 u_branch_unit._122_/X
 u_branch_unit._123_/X
 u_branch_unit._124_/X
 u_branch_unit._125_/Y
 u_branch_unit._126_/Y
 u_branch_unit._127_/Y
 u_branch_unit._128_/Y
 u_branch_unit._129_/X
 u_branch_unit._130_/X
 u_branch_unit._131_/X
 u_branch_unit._132_/X
 u_branch_unit._133_/X
 u_branch_unit._134_/X
 u_branch_unit._135_/X
 u_branch_unit._136_/X
 u_branch_unit._137_/Y
 u_branch_unit._138_/Y
 u_branch_unit._139_/X
 u_branch_unit._140_/Y
 u_branch_unit._141_/Y
 u_branch_unit._142_/Y
 u_branch_unit._143_/X
 u_branch_unit._144_/X
 u_branch_unit._145_/Y
 u_branch_unit._146_/X
 u_branch_unit._147_/X
 u_branch_unit._148_/Y
 u_branch_unit._149_/Y
 u_branch_unit._150_/Y
 u_branch_unit._151_/X
 u_branch_unit._152_/Y
 u_branch_unit._153_/X
 u_branch_unit._154_/X
 u_branch_unit._155_/Y
 u_branch_unit._156_/X
 u_branch_unit._157_/Y
 u_branch_unit._158_/Y
 u_branch_unit._159_/Y
 u_branch_unit._160_/X
 u_branch_unit._161_/Y
 u_branch_unit._162_/Y
 u_branch_unit._163_/X
 u_branch_unit._164_/X
 u_branch_unit._165_/X
 u_branch_unit._166_/Y
 u_branch_unit._167_/X
 u_branch_unit._168_/X
 u_branch_unit._169_/Y
 u_branch_unit._170_/Y
 u_branch_unit._171_/Y
 u_branch_unit._172_/X
 u_branch_unit._173_/Y
 u_branch_unit._174_/X
 u_branch_unit._175_/X
 u_branch_unit._176_/X
 u_branch_unit._177_/Y
 u_branch_unit._178_/Y
 u_branch_unit._179_/X
 u_branch_unit._180_/Y
 u_branch_unit._181_/Y
 u_branch_unit._182_/X
 u_branch_unit._183_/X
 u_branch_unit._184_/X
 u_branch_unit._185_/X
 u_branch_unit._186_/X
 u_branch_unit._187_/X
 u_branch_unit._188_/X
 u_branch_unit._189_/Y
 u_branch_unit._190_/Y
 u_branch_unit._191_/Y
 u_branch_unit._192_/Y
 u_branch_unit._193_/X
 u_branch_unit._194_/X
 u_branch_unit._195_/X
 u_branch_unit._196_/X
 u_branch_unit._197_/X
 u_branch_unit._198_/Y
 u_branch_unit._199_/X
 u_branch_unit._200_/Y
 u_branch_unit._201_/Y
 u_branch_unit._202_/X
 u_branch_unit._203_/Y
 u_branch_unit._204_/Y
 u_branch_unit._205_/X
 u_branch_unit._206_/X
 u_branch_unit._207_/X
 u_branch_unit._208_/Y
 u_branch_unit._209_/X
 u_branch_unit._210_/X
 u_branch_unit._211_/Y
 u_branch_unit._212_/X
 u_branch_unit._213_/Y
 u_branch_unit._214_/X
 u_branch_unit._215_/X
 u_branch_unit._216_/X
 u_branch_unit._217_/Y
 u_branch_unit._218_/X
 u_branch_unit._219_/X
 u_branch_unit._220_/X
 u_branch_unit._221_/X
 u_branch_unit._222_/Y
 u_branch_unit._223_/X
 u_branch_unit._224_/X
 u_branch_unit._225_/X
 u_branch_unit._226_/X
 u_branch_unit._227_/Y
 u_branch_unit._228_/Y
 u_branch_unit._229_/Y
 u_branch_unit._230_/X
 u_branch_unit._231_/X
 u_branch_unit._232_/X
 u_branch_unit._233_/X
 u_branch_unit._234_/X
 u_decoder_controller._12_/Y
 u_decoder_controller._13_/Y
 u_decoder_controller._14_/Y
 u_decoder_controller._15_/Y
 u_decoder_controller._16_/Y
 u_decoder_controller._17_/X
 u_decoder_controller._18_/Y
 u_decoder_controller._19_/X
 u_decoder_controller._20_/X
 u_decoder_controller._21_/X
 u_decoder_controller._22_/Y
 u_decoder_controller._23_/Y
 u_decoder_controller._24_/Y
 u_decoder_controller._25_/Y
 u_decoder_controller._26_/Y
 u_decoder_controller._27_/X
 u_decoder_controller._28_/X
 u_decoder_controller._29_/Y
 u_decoder_controller._30_/X
 u_decoder_controller._31_/X
 u_decoder_controller._32_/X
 u_decoder_controller._33_/Y
 u_decoder_controller._34_/Y
 u_decoder_controller._35_/X
 u_decoder_controller._36_/Y
 u_dmem._048_/X
 u_dmem._049_/X
 u_dmem._050_/X
 u_dmem._051_/X
 u_dmem._052_/X
 u_dmem._053_/X
 u_dmem._054_/X
 u_dmem._055_/X
 u_dmem._056_/X
 u_dmem._057_/X
 u_dmem._058_/X
 u_dmem._059_/X
 u_dmem._060_/X
 u_dmem._061_/X
 u_dmem._062_/X
 u_dmem._063_/X
 u_dmem._064_/X
 u_dmem._065_/X
 u_dmem._066_/X
 u_dmem._067_/X
 u_dmem._068_/X
 u_dmem._069_/X
 u_dmem._070_/X
 u_dmem._071_/X
 u_dmem._072_/X
 u_dmem._073_/X
 u_dmem._074_/X
 u_dmem._075_/X
 u_dmem._076_/X
 u_dmem._077_/X
 u_dmem._078_/X
 u_dmem._079_/X
 u_dmem._080_/X
 u_dmem._081_/X
 u_dmem._082_/X
 u_dmem._083_/X
 u_dmem._084_/X
 u_dmem._085_/X
 u_dmem._086_/X
 u_dmem._087_/X
 u_dmem._088_/X
 u_dmem._089_/X
 u_dmem._090_/X
 u_dmem._091_/X
 u_dmem._092_/X
 u_dmem._093_/X
 u_dmem._094_/X
 u_dmem._095_/X
 u_dmem._096_/X
 u_dmem._097_/X
 u_dmem._098_/X
 u_dmem._099_/X
 u_dmem._100_/X
 u_dmem._101_/X
 u_dmem._102_/X
 u_dmem._103_/X
 u_dmem._104_/X
 u_dmem._105_/X
 u_dmem._106_/X
 u_dmem._107_/X
 u_dmem._108_/X
 u_dmem._109_/X
 u_dmem._110_/X
 u_dmem._111_/X
 u_dmem._112_/X
 u_dmem._113_/X
 u_dmem._114_/X
 u_dmem._115_/Y
 u_dmem._116_/Y
 u_dmem._117_/HI
 u_dmem._117_/LO
 u_dmem._118_/HI
 u_dmem._118_/LO
 u_dmem._119_/HI
 u_dmem._119_/LO
 u_dmem._120_/HI
 u_dmem._120_/LO
 u_dmem._121_/HI
 u_dmem._121_/LO
 u_dmem._122_/HI
 u_dmem._122_/LO
 u_dmem._123_/HI
 u_dmem._123_/LO
 u_dmem._124_/HI
 u_dmem._124_/LO
 u_dmem._125_/HI
 u_dmem._125_/LO
 u_dmem._126_/HI
 u_dmem._126_/LO
 u_dmem._127_/HI
 u_dmem._127_/LO
 u_dmem._128_/HI
 u_dmem._128_/LO
 u_dmem._129_/HI
 u_dmem._129_/LO
 u_imem._47_/HI
 u_imem._47_/LO
 u_imem._48_/HI
 u_imem._48_/LO
 u_imem._49_/HI
 u_imem._49_/LO
 u_imem._50_/HI
 u_imem._50_/LO
 u_imem._51_/HI
 u_imem._51_/LO
 u_imem._52_/HI
 u_imem._52_/LO
 u_imem._53_/HI
 u_imem._53_/LO
 u_imem._54_/HI
 u_imem._54_/LO
 u_imem._55_/HI
 u_imem._55_/LO
 u_imem._56_/HI
 u_imem._56_/LO
 u_imem._57_/HI
 u_imem._57_/LO
 u_imem._58_/HI
 u_imem._58_/LO
 u_imem._59_/HI
 u_imem._59_/LO
 u_imem._60_/HI
 u_imem._60_/LO
 u_imem._61_/HI
 u_imem._61_/LO
 u_imem._62_/HI
 u_imem._62_/LO
 u_imem._63_/HI
 u_imem._63_/LO
 u_imem._64_/HI
 u_imem._64_/LO
 u_imem._65_/HI
 u_imem._65_/LO
 u_imem._66_/HI
 u_imem._66_/LO
 u_imem._67_/HI
 u_imem._67_/LO
 u_imem._68_/HI
 u_imem._68_/LO
 u_imem._69_/HI
 u_imem._69_/LO
 u_imem._70_/HI
 u_imem._70_/LO
 u_imem._71_/HI
 u_imem._71_/LO
 u_imem._72_/HI
 u_imem._72_/LO
 u_imem._73_/HI
 u_imem._73_/LO
 u_imem._74_/HI
 u_imem._74_/LO
 u_imem._75_/HI
 u_imem._75_/LO
 u_imem._76_/HI
 u_imem._76_/LO
 u_imem._77_/HI
 u_imem._77_/LO
 u_imem._78_/HI
 u_imem._78_/LO
 u_imem._79_/HI
 u_imem._79_/LO
 u_imem._80_/HI
 u_imem._80_/LO
 u_imem._81_/HI
 u_imem._81_/LO
 u_imem._82_/HI
 u_imem._82_/LO
 u_imem._83_/HI
 u_imem._83_/LO
 u_imem._84_/HI
 u_imem._84_/LO
 u_imem._85_/HI
 u_imem._85_/LO
 u_imem._86_/HI
 u_imem._86_/LO
 u_imem._87_/HI
 u_imem._87_/LO
 u_imem._88_/HI
 u_imem._88_/LO
 u_imem._89_/HI
 u_imem._89_/LO
 u_imem._90_/HI
 u_imem._90_/LO
 u_imem._91_/HI
 u_imem._91_/LO
 u_imem._92_/HI
 u_imem._92_/LO
 u_imem._93_/HI
 u_imem._93_/LO
 u_imm_gen._000_/HI
 u_imm_gen._000_/LO
 u_imm_gen._001_/HI
 u_imm_gen._001_/LO
 u_imm_gen._002_/HI
 u_imm_gen._002_/LO
 u_imm_gen._003_/HI
 u_imm_gen._003_/LO
 u_imm_gen._004_/HI
 u_imm_gen._004_/LO
 u_imm_gen._005_/HI
 u_imm_gen._005_/LO
 u_imm_gen._006_/HI
 u_imm_gen._006_/LO
 u_imm_gen._007_/HI
 u_imm_gen._007_/LO
 u_imm_gen._008_/HI
 u_imm_gen._008_/LO
 u_imm_gen._009_/HI
 u_imm_gen._009_/LO
 u_imm_gen._010_/HI
 u_imm_gen._010_/LO
 u_imm_gen._011_/HI
 u_imm_gen._011_/LO
 u_imm_gen._012_/HI
 u_imm_gen._012_/LO
 u_imm_gen._013_/HI
 u_imm_gen._013_/LO
 u_imm_gen._014_/X
 u_imm_gen._015_/X
 u_imm_gen._016_/X
 u_imm_gen._017_/X
 u_imm_gen._018_/X
 u_imm_gen._019_/X
 u_imm_gen._020_/X
 u_imm_gen._021_/X
 u_imm_gen._022_/X
 u_imm_gen._023_/X
 u_imm_gen._024_/X
 u_imm_gen._025_/X
 u_imm_gen._026_/X
 u_imm_gen._027_/X
 u_imm_gen._028_/X
 u_imm_gen._029_/X
 u_imm_gen._030_/X
 u_imm_gen._031_/X
 u_imm_gen._032_/X
 u_imm_gen._033_/X
 u_imm_gen._034_/X
 u_imm_gen._035_/X
 u_imm_gen._036_/X
 u_imm_gen._037_/X
 u_imm_gen._038_/X
 u_imm_gen._039_/X
 u_imm_gen._040_/X
 u_imm_gen._041_/X
 u_imm_gen._042_/X
 u_imm_gen._043_/X
 u_imm_gen._044_/X
 u_imm_gen._045_/X
 u_imm_gen._046_/X
 u_imm_gen._047_/X
 u_imm_gen._048_/X
 u_imm_gen._049_/X
 u_imm_gen._050_/X
 u_imm_gen._051_/X
 u_imm_gen._052_/X
 u_imm_gen._053_/X
 u_imm_gen._054_/X
 u_imm_gen._055_/X
 u_imm_gen._056_/X
 u_imm_gen._057_/X
 u_imm_gen._058_/X
 u_imm_gen._059_/X
 u_imm_gen._060_/X
 u_imm_gen._061_/X
 u_imm_gen._062_/X
 u_imm_gen._063_/X
 u_imm_gen._064_/X
 u_imm_gen._065_/X
 u_imm_gen._066_/X
 u_imm_gen._067_/X
 u_imm_gen._068_/X
 u_imm_gen._069_/X
 u_imm_gen._070_/X
 u_imm_gen._071_/X
 u_imm_gen._072_/X
 u_imm_gen._073_/X
 u_imm_gen._074_/X
 u_imm_gen._075_/X
 u_imm_gen._076_/X
 u_imm_gen._077_/X
 u_imm_gen._078_/X
 u_imm_gen._079_/X
 u_imm_gen._080_/X
 u_imm_gen._081_/X
 u_imm_gen._082_/X
 u_imm_gen._083_/X
 u_imm_gen._084_/X
 u_imm_gen._085_/X
 u_imm_gen._086_/X
 u_imm_gen._087_/X
 u_imm_gen._088_/X
 u_imm_gen._089_/X
 u_imm_gen._090_/X
 u_imm_gen._091_/X
 u_imm_gen._092_/X
 u_imm_gen._093_/X
 u_imm_gen._094_/X
 u_imm_gen._095_/X
 u_imm_gen._096_/X
 u_imm_gen._097_/X
 u_imm_gen._098_/X
 u_imm_gen._099_/X
 u_imm_gen._100_/X
 u_imm_gen._101_/X
 u_imm_gen._102_/X
 u_imm_gen._103_/X
 u_imm_gen._104_/X
 u_imm_gen._105_/X
 u_imm_gen._106_/X
 u_imm_gen._107_/X
 u_imm_gen._108_/X
 u_imm_gen._109_/X
 u_imm_gen._110_/X
 u_imm_gen._111_/X
 u_imm_gen._112_/X
 u_imm_gen._113_/X
 u_imm_gen._114_/X
 u_imm_gen._115_/X
 u_imm_gen._116_/X
 u_imm_gen._117_/X
 u_imm_gen._118_/X
 u_imm_gen._119_/X
 u_imm_gen._120_/X
 u_imm_gen._121_/X
 u_imm_gen._122_/X
 u_imm_gen._123_/X
 u_imm_gen._124_/X
 u_imm_gen._125_/X
 u_imm_gen._126_/X
 u_imm_gen._127_/X
 u_imm_gen._128_/X
 u_imm_gen._129_/X
 u_imm_gen._130_/X
 u_imm_gen._131_/X
 u_imm_gen._132_/X
 u_imm_gen._133_/X
 u_imm_gen._134_/X
 u_imm_gen._135_/X
 u_imm_gen._136_/X
 u_imm_gen._137_/X
 u_imm_gen._138_/X
 u_imm_gen._139_/X
 u_imm_gen._140_/X
 u_imm_gen._141_/X
 u_imm_gen._142_/X
 u_imm_gen._143_/X
 u_imm_gen._144_/X
 u_imm_gen._145_/X
 u_imm_gen._146_/X
 u_imm_gen._147_/X
 u_imm_gen._148_/X
 u_imm_gen._149_/X
 u_imm_gen._150_/X
 u_imm_gen._151_/X
 u_imm_gen._152_/X
 u_imm_gen._153_/X
 u_imm_gen._154_/X
 u_imm_gen._155_/X
 u_imm_gen._156_/X
 u_imm_gen._157_/X
 u_imm_gen._158_/X
 u_imm_gen._159_/X
 u_pc_next_logic._0771_/Y
 u_pc_next_logic._0772_/X
 u_pc_next_logic._0773_/X
 u_pc_next_logic._0774_/Y
 u_pc_next_logic._0775_/Y
 u_pc_next_logic._0776_/X
 u_pc_next_logic._0777_/X
 u_pc_next_logic._0778_/Y
 u_pc_next_logic._0779_/Y
 u_pc_next_logic._0780_/X
 u_pc_next_logic._0781_/Y
 u_pc_next_logic._0782_/Y
 u_pc_next_logic._0783_/X
 u_pc_next_logic._0784_/X
 u_pc_next_logic._0785_/X
 u_pc_next_logic._0786_/X
 u_pc_next_logic._0787_/X
 u_pc_next_logic._0788_/X
 u_pc_next_logic._0789_/Y
 u_pc_next_logic._0790_/Y
 u_pc_next_logic._0791_/X
 u_pc_next_logic._0792_/X
 u_pc_next_logic._0793_/Y
 u_pc_next_logic._0794_/Y
 u_pc_next_logic._0795_/X
 u_pc_next_logic._0796_/X
 u_pc_next_logic._0797_/X
 u_pc_next_logic._0798_/X
 u_pc_next_logic._0799_/X
 u_pc_next_logic._0800_/X
 u_pc_next_logic._0801_/X
 u_pc_next_logic._0802_/Y
 u_pc_next_logic._0803_/X
 u_pc_next_logic._0804_/Y
 u_pc_next_logic._0805_/Y
 u_pc_next_logic._0806_/X
 u_pc_next_logic._0807_/Y
 u_pc_next_logic._0808_/X
 u_pc_next_logic._0809_/X
 u_pc_next_logic._0810_/Y
 u_pc_next_logic._0811_/Y
 u_pc_next_logic._0812_/X
 u_pc_next_logic._0813_/X
 u_pc_next_logic._0814_/X
 u_pc_next_logic._0815_/X
 u_pc_next_logic._0816_/X
 u_pc_next_logic._0817_/X
 u_pc_next_logic._0818_/X
 u_pc_next_logic._0819_/Y
 u_pc_next_logic._0820_/X
 u_pc_next_logic._0821_/X
 u_pc_next_logic._0822_/Y
 u_pc_next_logic._0823_/X
 u_pc_next_logic._0824_/X
 u_pc_next_logic._0825_/X
 u_pc_next_logic._0826_/Y
 u_pc_next_logic._0827_/Y
 u_pc_next_logic._0828_/Y
 u_pc_next_logic._0829_/X
 u_pc_next_logic._0830_/X
 u_pc_next_logic._0831_/X
 u_pc_next_logic._0832_/X
 u_pc_next_logic._0833_/Y
 u_pc_next_logic._0834_/X
 u_pc_next_logic._0835_/Y
 u_pc_next_logic._0836_/X
 u_pc_next_logic._0837_/Y
 u_pc_next_logic._0838_/X
 u_pc_next_logic._0839_/X
 u_pc_next_logic._0840_/Y
 u_pc_next_logic._0841_/Y
 u_pc_next_logic._0842_/Y
 u_pc_next_logic._0843_/Y
 u_pc_next_logic._0844_/X
 u_pc_next_logic._0845_/Y
 u_pc_next_logic._0846_/Y
 u_pc_next_logic._0847_/X
 u_pc_next_logic._0848_/Y
 u_pc_next_logic._0849_/X
 u_pc_next_logic._0850_/X
 u_pc_next_logic._0851_/Y
 u_pc_next_logic._0852_/Y
 u_pc_next_logic._0853_/X
 u_pc_next_logic._0854_/X
 u_pc_next_logic._0855_/X
 u_pc_next_logic._0856_/X
 u_pc_next_logic._0857_/X
 u_pc_next_logic._0858_/X
 u_pc_next_logic._0859_/Y
 u_pc_next_logic._0860_/X
 u_pc_next_logic._0861_/Y
 u_pc_next_logic._0862_/Y
 u_pc_next_logic._0863_/X
 u_pc_next_logic._0864_/Y
 u_pc_next_logic._0865_/X
 u_pc_next_logic._0866_/X
 u_pc_next_logic._0867_/X
 u_pc_next_logic._0868_/X
 u_pc_next_logic._0869_/Y
 u_pc_next_logic._0870_/Y
 u_pc_next_logic._0871_/X
 u_pc_next_logic._0872_/Y
 u_pc_next_logic._0873_/X
 u_pc_next_logic._0874_/X
 u_pc_next_logic._0875_/Y
 u_pc_next_logic._0876_/X
 u_pc_next_logic._0877_/X
 u_pc_next_logic._0878_/X
 u_pc_next_logic._0879_/Y
 u_pc_next_logic._0880_/X
 u_pc_next_logic._0881_/X
 u_pc_next_logic._0882_/X
 u_pc_next_logic._0883_/Y
 u_pc_next_logic._0884_/X
 u_pc_next_logic._0885_/Y
 u_pc_next_logic._0886_/Y
 u_pc_next_logic._0887_/Y
 u_pc_next_logic._0888_/Y
 u_pc_next_logic._0889_/X
 u_pc_next_logic._0890_/Y
 u_pc_next_logic._0891_/X
 u_pc_next_logic._0892_/X
 u_pc_next_logic._0893_/X
 u_pc_next_logic._0894_/X
 u_pc_next_logic._0895_/X
 u_pc_next_logic._0896_/X
 u_pc_next_logic._0897_/Y
 u_pc_next_logic._0898_/Y
 u_pc_next_logic._0899_/X
 u_pc_next_logic._0900_/Y
 u_pc_next_logic._0901_/Y
 u_pc_next_logic._0902_/X
 u_pc_next_logic._0903_/Y
 u_pc_next_logic._0904_/Y
 u_pc_next_logic._0905_/X
 u_pc_next_logic._0906_/X
 u_pc_next_logic._0907_/X
 u_pc_next_logic._0908_/X
 u_pc_next_logic._0909_/X
 u_pc_next_logic._0910_/X
 u_pc_next_logic._0911_/Y
 u_pc_next_logic._0912_/X
 u_pc_next_logic._0913_/Y
 u_pc_next_logic._0914_/Y
 u_pc_next_logic._0915_/X
 u_pc_next_logic._0916_/X
 u_pc_next_logic._0917_/X
 u_pc_next_logic._0918_/X
 u_pc_next_logic._0919_/X
 u_pc_next_logic._0920_/Y
 u_pc_next_logic._0921_/Y
 u_pc_next_logic._0922_/X
 u_pc_next_logic._0923_/Y
 u_pc_next_logic._0924_/Y
 u_pc_next_logic._0925_/Y
 u_pc_next_logic._0926_/X
 u_pc_next_logic._0927_/Y
 u_pc_next_logic._0928_/X
 u_pc_next_logic._0929_/X
 u_pc_next_logic._0930_/X
 u_pc_next_logic._0931_/X
 u_pc_next_logic._0932_/Y
 u_pc_next_logic._0933_/X
 u_pc_next_logic._0934_/X
 u_pc_next_logic._0935_/X
 u_pc_next_logic._0936_/Y
 u_pc_next_logic._0937_/X
 u_pc_next_logic._0938_/X
 u_pc_next_logic._0939_/X
 u_pc_next_logic._0940_/Y
 u_pc_next_logic._0941_/X
 u_pc_next_logic._0942_/Y
 u_pc_next_logic._0943_/Y
 u_pc_next_logic._0944_/Y
 u_pc_next_logic._0945_/Y
 u_pc_next_logic._0946_/X
 u_pc_next_logic._0947_/Y
 u_pc_next_logic._0948_/X
 u_pc_next_logic._0949_/X
 u_pc_next_logic._0950_/Y
 u_pc_next_logic._0951_/X
 u_pc_next_logic._0952_/Y
 u_pc_next_logic._0953_/X
 u_pc_next_logic._0954_/Y
 u_pc_next_logic._0955_/X
 u_pc_next_logic._0956_/X
 u_pc_next_logic._0957_/Y
 u_pc_next_logic._0958_/X
 u_pc_next_logic._0959_/Y
 u_pc_next_logic._0960_/Y
 u_pc_next_logic._0961_/Y
 u_pc_next_logic._0962_/X
 u_pc_next_logic._0963_/Y
 u_pc_next_logic._0964_/Y
 u_pc_next_logic._0965_/X
 u_pc_next_logic._0966_/Y
 u_pc_next_logic._0967_/X
 u_pc_next_logic._0968_/Y
 u_pc_next_logic._0969_/Y
 u_pc_next_logic._0970_/Y
 u_pc_next_logic._0971_/Y
 u_pc_next_logic._0972_/Y
 u_pc_next_logic._0973_/Y
 u_pc_next_logic._0974_/X
 u_pc_next_logic._0975_/X
 u_pc_next_logic._0976_/X
 u_pc_next_logic._0977_/X
 u_pc_next_logic._0978_/Y
 u_pc_next_logic._0979_/X
 u_pc_next_logic._0980_/Y
 u_pc_next_logic._0981_/Y
 u_pc_next_logic._0982_/Y
 u_pc_next_logic._0983_/Y
 u_pc_next_logic._0984_/Y
 u_pc_next_logic._0985_/X
 u_pc_next_logic._0986_/X
 u_pc_next_logic._0987_/Y
 u_pc_next_logic._0988_/X
 u_pc_next_logic._0989_/X
 u_pc_next_logic._0990_/X
 u_pc_next_logic._0991_/Y
 u_pc_next_logic._0992_/X
 u_pc_next_logic._0993_/Y
 u_pc_next_logic._0994_/X
 u_pc_next_logic._0995_/X
 u_pc_next_logic._0996_/X
 u_pc_next_logic._0997_/X
 u_pc_next_logic._0998_/Y
 u_pc_next_logic._0999_/X
 u_pc_next_logic._1000_/Y
 u_pc_next_logic._1001_/X
 u_pc_next_logic._1002_/X
 u_pc_next_logic._1003_/X
 u_pc_next_logic._1004_/Y
 u_pc_next_logic._1005_/X
 u_pc_next_logic._1006_/Y
 u_pc_next_logic._1007_/X
 u_pc_next_logic._1008_/X
 u_pc_next_logic._1009_/Y
 u_pc_next_logic._1010_/X
 u_pc_next_logic._1011_/Y
 u_pc_next_logic._1012_/Y
 u_pc_next_logic._1013_/X
 u_pc_next_logic._1014_/Y
 u_pc_next_logic._1015_/X
 u_pc_next_logic._1016_/X
 u_pc_next_logic._1017_/X
 u_pc_next_logic._1018_/X
 u_pc_next_logic._1019_/X
 u_pc_next_logic._1020_/Y
 u_pc_next_logic._1021_/X
 u_pc_next_logic._1022_/Y
 u_pc_next_logic._1023_/X
 u_pc_next_logic._1024_/Y
 u_pc_next_logic._1025_/Y
 u_pc_next_logic._1026_/X
 u_pc_next_logic._1027_/Y
 u_pc_next_logic._1028_/Y
 u_pc_next_logic._1029_/Y
 u_pc_next_logic._1030_/X
 u_pc_next_logic._1031_/X
 u_pc_next_logic._1032_/Y
 u_pc_next_logic._1033_/X
 u_pc_next_logic._1034_/X
 u_pc_next_logic._1035_/Y
 u_pc_next_logic._1036_/Y
 u_pc_next_logic._1037_/X
 u_pc_next_logic._1038_/X
 u_pc_next_logic._1039_/Y
 u_pc_next_logic._1040_/X
 u_pc_next_logic._1041_/X
 u_pc_next_logic._1042_/Y
 u_pc_next_logic._1043_/Y
 u_pc_next_logic._1044_/X
 u_pc_next_logic._1045_/X
 u_pc_next_logic._1046_/Y
 u_pc_next_logic._1047_/X
 u_pc_next_logic._1048_/X
 u_pc_next_logic._1049_/X
 u_pc_next_logic._1050_/X
 u_pc_next_logic._1051_/Y
 u_pc_next_logic._1052_/X
 u_pc_next_logic._1053_/X
 u_pc_next_logic._1054_/X
 u_pc_next_logic._1055_/Y
 u_pc_next_logic._1056_/X
 u_pc_next_logic._1057_/Y
 u_pc_next_logic._1058_/X
 u_pc_next_logic._1059_/Y
 u_pc_next_logic._1060_/X
 u_pc_next_logic._1061_/Y
 u_pc_next_logic._1062_/Y
 u_pc_next_logic._1063_/Y
 u_pc_next_logic._1064_/Y
 u_pc_next_logic._1065_/Y
 u_pc_next_logic._1066_/X
 u_pc_next_logic._1067_/Y
 u_pc_next_logic._1068_/Y
 u_pc_next_logic._1069_/X
 u_pc_next_logic._1070_/X
 u_pc_next_logic._1071_/X
 u_pc_next_logic._1072_/X
 u_pc_next_logic._1073_/Y
 u_pc_next_logic._1074_/Y
 u_pc_next_logic._1075_/X
 u_pc_next_logic._1076_/Y
 u_pc_next_logic._1077_/Y
 u_pc_next_logic._1078_/X
 u_pc_next_logic._1079_/Y
 u_pc_next_logic._1080_/X
 u_pc_next_logic._1081_/X
 u_pc_next_logic._1082_/X
 u_pc_next_logic._1083_/Y
 u_pc_next_logic._1084_/X
 u_pc_next_logic._1085_/Y
 u_pc_next_logic._1086_/X
 u_pc_next_logic._1087_/X
 u_pc_next_logic._1088_/X
 u_pc_next_logic._1089_/Y
 u_pc_next_logic._1090_/Y
 u_pc_next_logic._1091_/X
 u_pc_next_logic._1092_/X
 u_pc_next_logic._1093_/X
 u_pc_next_logic._1094_/Y
 u_pc_next_logic._1095_/X
 u_pc_next_logic._1096_/Y
 u_pc_next_logic._1097_/X
 u_pc_next_logic._1098_/X
 u_pc_next_logic._1099_/Y
 u_pc_next_logic._1100_/X
 u_pc_next_logic._1101_/Y
 u_pc_next_logic._1102_/Y
 u_pc_next_logic._1103_/Y
 u_pc_next_logic._1104_/Y
 u_pc_next_logic._1105_/Y
 u_pc_next_logic._1106_/X
 u_pc_next_logic._1107_/Y
 u_pc_next_logic._1108_/Y
 u_pc_next_logic._1109_/Y
 u_pc_next_logic._1110_/X
 u_pc_next_logic._1111_/X
 u_pc_next_logic._1112_/X
 u_pc_next_logic._1113_/X
 u_pc_next_logic._1114_/X
 u_pc_next_logic._1115_/Y
 u_pc_next_logic._1116_/X
 u_pc_next_logic._1117_/Y
 u_pc_next_logic._1118_/X
 u_pc_next_logic._1119_/X
 u_pc_next_logic._1120_/Y
 u_pc_next_logic._1121_/X
 u_pc_next_logic._1122_/Y
 u_pc_next_logic._1123_/X
 u_pc_next_logic._1124_/X
 u_pc_next_logic._1125_/Y
 u_pc_next_logic._1126_/Y
 u_pc_next_logic._1127_/X
 u_pc_next_logic._1128_/Y
 u_pc_next_logic._1129_/X
 u_pc_next_logic._1130_/X
 u_pc_next_logic._1131_/Y
 u_pc_next_logic._1132_/X
 u_pc_next_logic._1133_/X
 u_pc_next_logic._1134_/Y
 u_pc_next_logic._1135_/X
 u_pc_next_logic._1136_/X
 u_pc_next_logic._1137_/X
 u_pc_next_logic._1138_/Y
 u_pc_next_logic._1139_/Y
 u_pc_next_logic._1140_/X
 u_pc_next_logic._1141_/X
 u_pc_next_logic._1142_/Y
 u_pc_next_logic._1143_/X
 u_pc_next_logic._1144_/Y
 u_pc_next_logic._1145_/X
 u_pc_next_logic._1146_/X
 u_pc_next_logic._1147_/X
 u_pc_next_logic._1148_/X
 u_pc_next_logic._1149_/X
 u_pc_next_logic._1150_/X
 u_pc_next_logic._1151_/Y
 u_pc_next_logic._1152_/X
 u_pc_next_logic._1153_/Y
 u_pc_next_logic._1154_/X
 u_pc_next_logic._1155_/Y
 u_pc_next_logic._1156_/X
 u_pc_next_logic._1157_/X
 u_pc_next_logic._1158_/X
 u_pc_next_logic._1159_/Y
 u_pc_next_logic._1160_/Y
 u_pc_next_logic._1161_/Y
 u_pc_next_logic._1162_/Y
 u_pc_next_logic._1163_/Y
 u_pc_next_logic._1164_/Y
 u_pc_next_logic._1165_/Y
 u_pc_next_logic._1166_/X
 u_pc_next_logic._1167_/X
 u_pc_next_logic._1168_/Y
 u_pc_next_logic._1169_/X
 u_pc_next_logic._1170_/Y
 u_pc_next_logic._1171_/X
 u_pc_next_logic._1172_/X
 u_pc_next_logic._1173_/Y
 u_pc_next_logic._1174_/Y
 u_pc_next_logic._1175_/Y
 u_pc_next_logic._1176_/X
 u_pc_next_logic._1177_/Y
 u_pc_next_logic._1178_/Y
 u_pc_next_logic._1179_/Y
 u_pc_next_logic._1180_/X
 u_pc_next_logic._1181_/X
 u_pc_next_logic._1182_/Y
 u_pc_next_logic._1183_/X
 u_pc_next_logic._1184_/X
 u_pc_next_logic._1185_/Y
 u_pc_next_logic._1186_/X
 u_pc_next_logic._1187_/Y
 u_pc_next_logic._1188_/Y
 u_pc_next_logic._1189_/Y
 u_pc_next_logic._1190_/X
 u_pc_next_logic._1191_/X
 u_pc_next_logic._1192_/X
 u_pc_next_logic._1193_/Y
 u_pc_next_logic._1194_/Y
 u_pc_next_logic._1195_/X
 u_pc_next_logic._1196_/Y
 u_pc_next_logic._1197_/X
 u_pc_next_logic._1198_/Y
 u_pc_next_logic._1199_/X
 u_pc_next_logic._1200_/Y
 u_pc_next_logic._1201_/Y
 u_pc_next_logic._1202_/X
 u_pc_next_logic._1203_/Y
 u_pc_next_logic._1204_/Y
 u_pc_next_logic._1205_/Y
 u_pc_next_logic._1206_/X
 u_pc_next_logic._1207_/Y
 u_pc_next_logic._1208_/X
 u_pc_next_logic._1209_/X
 u_pc_next_logic._1210_/X
 u_pc_next_logic._1211_/X
 u_pc_next_logic._1212_/X
 u_pc_next_logic._1213_/X
 u_pc_next_logic._1214_/X
 u_pc_next_logic._1215_/X
 u_pc_next_logic._1216_/X
 u_pc_next_logic._1217_/X
 u_pc_next_logic._1218_/X
 u_pc_next_logic._1219_/X
 u_pc_next_logic._1220_/X
 u_pc_next_logic._1221_/Y
 u_pc_next_logic._1222_/X
 u_pc_next_logic._1223_/Y
 u_pc_next_logic._1224_/X
 u_pc_next_logic._1225_/Y
 u_pc_next_logic._1226_/X
 u_pc_next_logic._1227_/X
 u_pc_next_logic._1228_/X
 u_pc_next_logic._1229_/X
 u_pc_next_logic._1230_/X
 u_pc_next_logic._1231_/X
 u_pc_next_logic._1232_/X
 u_pc_next_logic._1233_/Y
 u_pc_next_logic._1234_/X
 u_pc_next_logic._1235_/Y
 u_pc_next_logic._1236_/Y
 u_pc_next_logic._1237_/X
 u_pc_next_logic._1238_/Y
 u_pc_next_logic._1239_/Y
 u_pc_next_logic._1240_/X
 u_pc_next_logic._1241_/Y
 u_pc_next_logic._1242_/X
 u_pc_next_logic._1243_/Y
 u_pc_next_logic._1244_/Y
 u_pc_next_logic._1245_/Y
 u_pc_next_logic._1246_/Y
 u_pc_next_logic._1247_/X
 u_pc_next_logic._1248_/Y
 u_pc_next_logic._1249_/X
 u_pc_next_logic._1250_/Y
 u_pc_next_logic._1251_/Y
 u_pc_next_logic._1252_/Y
 u_pc_next_logic._1253_/X
 u_pc_next_logic._1254_/X
 u_pc_next_logic._1255_/Y
 u_pc_next_logic._1256_/X
 u_pc_next_logic._1257_/Y
 u_pc_next_logic._1258_/X
 u_pc_next_logic._1259_/Y
 u_pc_next_logic._1260_/Y
 u_pc_next_logic._1261_/Y
 u_pc_next_logic._1262_/Y
 u_pc_next_logic._1263_/X
 u_pc_next_logic._1264_/Y
 u_pc_next_logic._1265_/Y
 u_pc_next_logic._1266_/X
 u_pc_next_logic._1267_/X
 u_pc_next_logic._1268_/X
 u_pc_next_logic._1269_/Y
 u_pc_next_logic._1270_/X
 u_pc_next_logic._1271_/Y
 u_pc_next_logic._1272_/X
 u_pc_next_logic._1273_/X
 u_pc_next_logic._1274_/Y
 u_pc_next_logic._1275_/Y
 u_pc_next_logic._1276_/X
 u_pc_next_logic._1277_/X
 u_pc_next_logic._1278_/Y
 u_pc_next_logic._1279_/X
 u_pc_next_logic._1280_/X
 u_pc_next_logic._1281_/Y
 u_pc_next_logic._1282_/X
 u_pc_next_logic._1283_/Y
 u_pc_next_logic._1284_/Y
 u_pc_next_logic._1285_/X
 u_pc_next_logic._1286_/X
 u_pc_next_logic._1287_/Y
 u_pc_next_logic._1288_/X
 u_pc_next_logic._1289_/X
 u_pc_next_logic._1290_/X
 u_pc_next_logic._1291_/Y
 u_pc_next_logic._1292_/Y
 u_pc_next_logic._1293_/X
 u_pc_next_logic._1294_/X
 u_pc_next_logic._1295_/X
 u_pc_next_logic._1296_/Y
 u_pc_next_logic._1297_/Y
 u_pc_next_logic._1298_/X
 u_pc_next_logic._1299_/Y
 u_pc_next_logic._1300_/X
 u_pc_next_logic._1301_/Y
 u_pc_next_logic._1302_/X
 u_pc_next_logic._1303_/Y
 u_pc_next_logic._1304_/Y
 u_pc_next_logic._1305_/Y
 u_pc_next_logic._1306_/Y
 u_pc_next_logic._1307_/X
 u_pc_next_logic._1308_/X
 u_pc_next_logic._1309_/Y
 u_pc_next_logic._1310_/X
 u_pc_next_logic._1311_/X
 u_pc_next_logic._1312_/Y
 u_pc_next_logic._1313_/X
 u_pc_next_logic._1314_/X
 u_pc_next_logic._1315_/X
 u_pc_next_logic._1316_/X
 u_pc_next_logic._1317_/X
 u_pc_next_logic._1318_/X
 u_pc_next_logic._1319_/X
 u_pc_next_logic._1320_/X
 u_pc_next_logic._1321_/Y
 u_pc_next_logic._1322_/X
 u_pc_next_logic._1323_/Y
 u_pc_next_logic._1324_/X
 u_pc_next_logic._1325_/Y
 u_pc_next_logic._1326_/X
 u_pc_next_logic._1327_/X
 u_pc_next_logic._1328_/Y
 u_pc_next_logic._1329_/Y
 u_pc_next_logic._1330_/X
 u_pc_next_logic._1331_/X
 u_pc_next_logic._1332_/X
 u_pc_next_logic._1333_/Y
 u_pc_next_logic._1334_/X
 u_pc_next_logic._1335_/Y
 u_pc_next_logic._1336_/X
 u_pc_next_logic._1337_/X
 u_pc_next_logic._1338_/X
 u_pc_next_logic._1339_/X
 u_pc_next_logic._1340_/X
 u_pc_next_logic._1341_/X
 u_pc_next_logic._1342_/X
 u_pc_next_logic._1343_/Y
 u_pc_next_logic._1344_/X
 u_pc_next_logic._1345_/Y
 u_pc_next_logic._1346_/Y
 u_pc_next_logic._1347_/X
 u_pc_next_logic._1348_/Y
 u_pc_next_logic._1349_/X
 u_pc_next_logic._1350_/X
 u_pc_next_logic._1351_/Y
 u_pc_next_logic._1352_/Y
 u_pc_next_logic._1353_/Y
 u_pc_next_logic._1354_/Y
 u_pc_next_logic._1355_/Y
 u_pc_next_logic._1356_/X
 u_pc_next_logic._1357_/Y
 u_pc_next_logic._1358_/Y
 u_pc_next_logic._1359_/Y
 u_pc_next_logic._1360_/Y
 u_pc_next_logic._1361_/X
 u_pc_next_logic._1362_/Y
 u_pc_next_logic._1363_/X
 u_pc_next_logic._1364_/X
 u_pc_next_logic._1365_/X
 u_pc_next_logic._1366_/X
 u_pc_next_logic._1367_/X
 u_pc_next_logic._1368_/X
 u_pc_next_logic._1369_/Y
 u_pc_next_logic._1370_/Y
 u_pc_next_logic._1371_/X
 u_pc_next_logic._1372_/Y
 u_pc_next_logic._1373_/X
 u_pc_next_logic._1374_/Y
 u_pc_next_logic._1375_/Y
 u_pc_next_logic._1376_/Y
 u_pc_next_logic._1377_/Y
 u_pc_next_logic._1378_/X
 u_pc_next_logic._1379_/Y
 u_pc_next_logic._1380_/X
 u_pc_next_logic._1381_/X
 u_pc_next_logic._1382_/X
 u_pc_next_logic._1383_/X
 u_pc_next_logic._1384_/Y
 u_pc_next_logic._1385_/X
 u_pc_next_logic._1386_/Y
 u_pc_next_logic._1387_/Y
 u_pc_next_logic._1388_/Y
 u_pc_next_logic._1389_/Y
 u_pc_next_logic._1390_/Y
 u_pc_next_logic._1391_/Y
 u_pc_next_logic._1392_/Y
 u_pc_next_logic._1393_/X
 u_pc_next_logic._1394_/Y
 u_pc_next_logic._1395_/Y
 u_pc_next_logic._1396_/X
 u_pc_next_logic._1397_/X
 u_pc_next_logic._1398_/X
 u_pc_next_logic._1399_/Y
 u_pc_next_logic._1400_/Y
 u_pc_next_logic._1401_/X
 u_pc_next_logic._1402_/Y
 u_pc_next_logic._1403_/Y
 u_pc_next_logic._1404_/Y
 u_pc_next_logic._1405_/X
 u_pc_next_logic._1406_/Y
 u_pc_next_logic._1407_/X
 u_pc_next_logic._1408_/Y
 u_pc_next_logic._1409_/Y
 u_pc_next_logic._1410_/Y
 u_pc_next_logic._1411_/Y
 u_pc_next_logic._1412_/X
 u_pc_next_logic._1413_/X
 u_pc_next_logic._1414_/X
 u_pc_next_logic._1415_/X
 u_pc_next_logic._1416_/X
 u_pc_next_logic._1417_/Y
 u_pc_next_logic._1418_/X
 u_pc_next_logic._1419_/X
 u_pc_next_logic._1420_/Y
 u_pc_next_logic._1421_/X
 u_pc_next_logic._1422_/Y
 u_pc_next_logic._1423_/X
 u_pc_next_logic._1424_/Y
 u_pc_next_logic._1425_/X
 u_pc_next_logic._1426_/X
 u_pc_next_logic._1427_/X
 u_pc_next_logic._1428_/X
 u_pc_next_logic._1429_/X
 u_pc_next_logic._1430_/X
 u_pc_next_logic._1431_/X
 u_pc_next_logic._1432_/Y
 u_pc_next_logic._1433_/X
 u_pc_next_logic._1434_/Y
 u_pc_next_logic._1435_/Y
 u_pc_next_logic._1436_/X
 u_pc_next_logic._1437_/Y
 u_pc_next_logic._1438_/X
 u_pc_next_logic._1439_/X
 u_pc_next_logic._1440_/X
 u_pc_next_logic._1441_/X
 u_pc_next_logic._1442_/X
 u_pc_next_logic._1443_/X
 u_pc_next_logic._1444_/X
 u_pc_next_logic._1445_/X
 u_pc_next_logic._1446_/Y
 u_pc_next_logic._1447_/X
 u_pc_next_logic._1448_/Y
 u_pc_next_logic._1449_/X
 u_pc_next_logic._1450_/X
 u_pc_next_logic._1451_/X
 u_pc_next_logic._1452_/X
 u_pc_next_logic._1453_/Y
 u_pc_next_logic._1454_/Y
 u_pc_next_logic._1455_/Y
 u_pc_next_logic._1456_/Y
 u_pc_next_logic._1457_/X
 u_pc_next_logic._1458_/Y
 u_pc_next_logic._1459_/Y
 u_pc_next_logic._1460_/X
 u_pc_next_logic._1461_/Y
 u_pc_next_logic._1462_/Y
 u_pc_next_logic._1463_/Y
 u_pc_next_logic._1464_/X
 u_pc_next_logic._1465_/Y
 u_pc_next_logic._1466_/X
 u_pc_next_logic._1467_/Y
 u_pc_next_logic._1468_/Y
 u_pc_next_logic._1469_/Y
 u_pc_next_logic._1470_/X
 u_pc_next_logic._1471_/X
 u_pc_next_logic._1472_/X
 u_pc_next_logic._1473_/X
 u_pc_next_logic._1474_/X
 u_pc_next_logic._1475_/Y
 u_pc_next_logic._1476_/Y
 u_pc_next_logic._1477_/Y
 u_pc_next_logic._1478_/X
 u_pc_next_logic._1479_/Y
 u_pc_next_logic._1480_/X
 u_pc_next_logic._1481_/X
 u_pc_next_logic._1482_/Y
 u_pc_next_logic._1483_/X
 u_pc_next_logic._1484_/Y
 u_pc_next_logic._1485_/Y
 u_pc_next_logic._1486_/X
 u_pc_next_logic._1487_/X
 u_pc_next_logic._1488_/X
 u_pc_next_logic._1489_/Y
 u_pc_next_logic._1490_/X
 u_pc_next_logic._1491_/Y
 u_pc_next_logic._1492_/X
 u_pc_next_logic._1493_/X
 u_pc_next_logic._1494_/X
 u_pc_next_logic._1495_/X
 u_pc_next_logic._1496_/X
 u_pc_next_logic._1497_/Y
 u_pc_next_logic._1498_/Y
 u_pc_next_logic._1499_/Y
 u_pc_next_logic._1500_/X
 u_pc_next_logic._1501_/Y
 u_pc_next_logic._1502_/X
 u_pc_next_logic._1503_/X
 u_pc_next_logic._1504_/Y
 u_pc_next_logic._1505_/Y
 u_pc_next_logic._1506_/X
 u_pc_next_logic._1507_/X
 u_pc_next_logic._1508_/X
 u_pc_next_logic._1509_/Y
 u_pc_next_logic._1510_/X
 u_pc_next_logic._1511_/Y
 u_pc_next_logic._1512_/X
 u_pc_next_logic._1513_/X
 u_pc_next_logic._1514_/X
 u_pc_next_logic._1515_/X
 u_pc_next_logic._1516_/X
 u_pc_next_logic._1517_/X
 u_pc_next_logic._1518_/Y
 u_pc_next_logic._1519_/X
 u_pc_next_logic._1520_/Y
 u_pc_next_logic._1521_/Y
 u_pc_next_logic._1522_/Y
 u_pc_next_logic._1523_/X
 u_pc_next_logic._1524_/Y
 u_pc_next_logic._1525_/X
 u_pc_next_logic._1526_/X
 u_pc_next_logic._1527_/X
 u_pc_next_logic._1528_/Y
 u_pc_next_logic._1529_/X
 u_pc_next_logic._1530_/Y
 u_pc_next_logic._1531_/Y
 u_pc_next_logic._1532_/X
 u_pc_next_logic._1533_/Y
 u_pc_next_logic._1534_/Y
 u_pc_next_logic._1535_/X
 u_pc_next_logic._1536_/Y
 u_pc_next_logic._1537_/Y
 u_pc_next_logic._1538_/X
 u_pc_next_logic._1539_/Y
 u_pc_next_logic._1540_/X
 u_pc_next_logic._1541_/Y
 u_pc_next_logic._1542_/X
 u_pc_next_logic._1543_/Y
 u_pc_next_logic._1544_/X
 u_pc_next_logic._1545_/X
 u_pc_next_logic._1546_/X
 u_pc_next_logic._1547_/X
 u_pc_next_logic._1548_/X
 u_pc_next_logic._1549_/Y
 u_pc_next_logic._1550_/Y
 u_pc_next_logic._1551_/Y
 u_pc_next_logic._1552_/X
 u_pc_next_logic._1553_/Y
 u_pc_next_logic._1554_/X
 u_pc_next_logic._1555_/Y
 u_pc_next_logic._1556_/Y
 u_pc_next_logic._1557_/Y
 u_pc_next_logic._1558_/Y
 u_pc_next_logic._1559_/Y
 u_pc_next_logic._1560_/X
 u_pc_next_logic._1561_/Y
 u_pc_next_logic._1562_/Y
 u_pc_next_logic._1563_/X
 u_pc_next_logic._1564_/Y
 u_pc_next_logic._1565_/X
 u_pc_next_logic._1566_/X
 u_pc_next_logic._1567_/Y
 u_pc_next_logic._1568_/X
 u_pc_next_logic._1569_/Y
 u_pc_next_logic._1570_/X
 u_pc_next_logic._1571_/X
 u_pc_next_logic._1572_/X
 u_pc_next_logic._1573_/Y
 u_pc_next_logic._1574_/Y
 u_pc_next_logic._1575_/X
 u_pc_next_logic._1576_/Y
 u_pc_next_logic._1577_/Y
 u_pc_next_logic._1578_/X
 u_pc_next_logic._1579_/X
 u_pc_next_logic._1580_/X
 u_pc_next_logic._1581_/Y
 u_pc_next_logic._1582_/X
 u_pc_next_logic._1583_/Y
 u_pc_next_logic._1584_/X
 u_pc_next_logic._1585_/Y
 u_pc_next_logic._1586_/Y
 u_pc_next_logic._1587_/Y
 u_pc_next_logic._1588_/X
 u_pc_next_logic._1589_/X
 u_pc_next_logic._1590_/Y
 u_pc_next_logic._1591_/X
 u_pc_next_logic._1592_/X
 u_pc_next_logic._1593_/Y
 u_pc_next_logic._1594_/X
 u_pc_next_logic._1595_/X
 u_pc_next_logic._1596_/Y
 u_pc_next_logic._1597_/X
 u_pc_next_logic._1598_/X
 u_pc_next_logic._1599_/Y
 u_pc_next_logic._1600_/Y
 u_pc_next_logic._1601_/X
 u_pc_next_logic._1602_/Y
 u_pc_next_logic._1603_/X
 u_pc_next_logic._1604_/X
 u_pc_next_logic._1605_/X
 u_pc_reg._067_/X
 u_pc_reg._068_/X
 u_pc_reg._069_/X
 u_pc_reg._070_/X
 u_pc_reg._071_/X
 u_pc_reg._072_/X
 u_pc_reg._073_/X
 u_pc_reg._074_/X
 u_pc_reg._075_/X
 u_pc_reg._076_/X
 u_pc_reg._077_/X
 u_pc_reg._078_/X
 u_pc_reg._079_/X
 u_pc_reg._080_/X
 u_pc_reg._081_/X
 u_pc_reg._082_/X
 u_pc_reg._083_/X
 u_pc_reg._084_/X
 u_pc_reg._085_/X
 u_pc_reg._086_/X
 u_pc_reg._087_/X
 u_pc_reg._088_/X
 u_pc_reg._089_/X
 u_pc_reg._090_/X
 u_pc_reg._091_/X
 u_pc_reg._092_/X
 u_pc_reg._093_/X
 u_pc_reg._094_/X
 u_pc_reg._095_/X
 u_pc_reg._096_/X
 u_pc_reg._097_/X
 u_pc_reg._098_/X
 u_pc_reg._099_/X
 u_pc_reg._100_/X
 u_pc_reg._101_/X
 u_pc_reg._102_/X
 u_pc_reg._103_/X
 u_pc_reg._104_/X
 u_pc_reg._105_/X
 u_pc_reg._106_/X
 u_pc_reg._107_/X
 u_pc_reg._108_/X
 u_pc_reg._109_/X
 u_pc_reg._110_/X
 u_pc_reg._111_/X
 u_pc_reg._112_/X
 u_pc_reg._113_/X
 u_pc_reg._114_/X
 u_pc_reg._115_/X
 u_pc_reg._116_/X
 u_pc_reg._117_/X
 u_pc_reg._118_/X
 u_pc_reg._119_/X
 u_pc_reg._120_/X
 u_pc_reg._121_/X
 u_pc_reg._122_/X
 u_pc_reg._123_/X
 u_pc_reg._124_/X
 u_pc_reg._125_/X
 u_pc_reg._126_/X
 u_pc_reg._127_/X
 u_pc_reg._128_/X
 u_pc_reg._129_/X
 u_pc_reg._130_/X
 u_pc_reg._131_/X
 u_pc_reg._132_/X
 u_pc_reg._133_/X
 u_pc_reg._134_/Q
 u_pc_reg._135_/Q
 u_pc_reg._136_/Q
 u_pc_reg._137_/Q
 u_pc_reg._138_/Q
 u_pc_reg._139_/Q
 u_pc_reg._140_/Q
 u_pc_reg._141_/Q
 u_pc_reg._142_/Q
 u_pc_reg._143_/Q
 u_pc_reg._144_/Q
 u_pc_reg._145_/Q
 u_pc_reg._146_/Q
 u_pc_reg._147_/Q
 u_pc_reg._148_/Q
 u_pc_reg._149_/Q
 u_pc_reg._150_/Q
 u_pc_reg._151_/Q
 u_pc_reg._152_/Q
 u_pc_reg._153_/Q
 u_pc_reg._154_/Q
 u_pc_reg._155_/Q
 u_pc_reg._156_/Q
 u_pc_reg._157_/Q
 u_pc_reg._158_/Q
 u_pc_reg._159_/Q
 u_pc_reg._160_/Q
 u_pc_reg._161_/Q
 u_pc_reg._162_/Q
 u_pc_reg._163_/Q
 u_pc_reg._164_/Q
 u_pc_reg._165_/Q
 u_regfile._040_/Y
 u_regfile._041_/X
 u_regfile._042_/Y
 u_regfile._043_/X
 u_regfile._044_/Y
 u_regfile._045_/Y
 u_regfile._046_/Y
 u_regfile._047_/Y
 u_regfile._048_/Y
 u_regfile._049_/Y
 u_regfile._050_/Y
 u_regfile._051_/Y
 u_regfile._052_/Y
 u_regfile._053_/X
 u_regfile._054_/Y
 u_regfile._055_/X
 u_regfile._056_/Y
 u_regfile._057_/Y
 u_regfile._058_/Y
 u_regfile._059_/Y
 u_regfile._060_/Y
 u_regfile._061_/Y
 u_regfile._062_/Y
 u_regfile._063_/Y
 u_regfile._064_/X
 u_regfile._065_/Y
 u_regfile._066_/Y
 u_regfile._067_/X
 u_regfile._068_/Y
 u_regfile._069_/Y
 u_regfile._070_/Y
 u_regfile._071_/Y
 u_regfile._072_/Y
 u_regfile._073_/Y
 u_regfile._074_/Y
 u_regfile._075_/Y
 u_regfile._076_/Y
 u_regfile._077_/Y
 u_regfile._078_/Y
 u_regfile._079_/Y
 u_regfile._080_/Y
 u_regfile._081_/X
 u_regfile._082_/Y
 u_regfile._083_/X
 u_regfile._084_/Y
 u_regfile._085_/Y
 u_regfile._086_/Y
 u_regfile._087_/Y
 u_regfile._088_/Y
 u_regfile._089_/Y
 u_regfile._090_/Y
 u_regfile._091_/Y
 u_regfile._092_/Y
 u_regfile._093_/X
 u_regfile._094_/Y
 u_regfile._095_/X
 u_regfile._096_/Y
 u_regfile._097_/Y
 u_regfile._098_/Y
 u_regfile._099_/Y
 u_regfile._100_/Y
 u_regfile._101_/Y
 u_regfile._102_/Y
 u_regfile._103_/Y
 u_regfile._104_/X
 u_regfile._105_/Y
 u_regfile._106_/Y
 u_regfile._107_/X
 u_regfile._108_/Y
 u_regfile._109_/Y
 u_regfile._110_/Y
 u_regfile._111_/Y
 u_regfile._112_/Y
 u_regfile._113_/Y
 u_regfile._114_/Y
 u_regfile._115_/Y
 u_regfile._116_/Y
 u_regfile._117_/Y
 u_regfile._118_/Y
 u_regfile._119_/Y
 u_regfile._120_/X
 u_regfile._121_/Y
 u_regfile._122_/HI
 u_regfile._122_/LO
 u_regfile._123_/HI
 u_regfile._123_/LO
 u_regfile._124_/HI
 u_regfile._124_/LO
 u_regfile._125_/HI
 u_regfile._125_/LO
 u_regfile._126_/HI
 u_regfile._126_/LO
 u_regfile._127_/HI
 u_regfile._127_/LO
 u_regfile._128_/HI
 u_regfile._128_/LO
 u_regfile._129_/HI
 u_regfile._129_/LO
 u_regfile._130_/HI
 u_regfile._130_/LO
 u_regfile._131_/HI
 u_regfile._131_/LO
 u_regfile._132_/HI
 u_regfile._132_/LO
 u_regfile._133_/HI
 u_regfile._133_/LO
 u_regfile._134_/HI
 u_regfile._134_/LO
 u_regfile._135_/HI
 u_regfile._135_/LO
 u_regfile._136_/HI
 u_regfile._136_/LO
 u_regfile._137_/HI
 u_regfile._137_/LO
 u_regfile._138_/HI
 u_regfile._138_/LO
 u_regfile._139_/HI
 u_regfile._139_/LO
 u_regfile._140_/HI
 u_regfile._140_/LO
 u_regfile._141_/HI
 u_regfile._141_/LO
 u_regfile._142_/HI
 u_regfile._142_/LO
 u_regfile._143_/HI
 u_regfile._143_/LO
 u_wb_mux._085_/Y
 u_wb_mux._086_/X
 u_wb_mux._087_/Y
 u_wb_mux._088_/X
 u_wb_mux._089_/Y
 u_wb_mux._090_/X
 u_wb_mux._091_/X
 u_wb_mux._092_/X
 u_wb_mux._093_/X
 u_wb_mux._094_/Y
 u_wb_mux._095_/X
 u_wb_mux._096_/X
 u_wb_mux._097_/X
 u_wb_mux._098_/X
 u_wb_mux._099_/X
 u_wb_mux._100_/X
 u_wb_mux._101_/X
 u_wb_mux._102_/X
 u_wb_mux._103_/X
 u_wb_mux._104_/X
 u_wb_mux._105_/X
 u_wb_mux._106_/X
 u_wb_mux._107_/X
 u_wb_mux._108_/X
 u_wb_mux._109_/X
 u_wb_mux._110_/X
 u_wb_mux._111_/X
 u_wb_mux._112_/X
 u_wb_mux._113_/X
 u_wb_mux._114_/X
 u_wb_mux._115_/X
 u_wb_mux._116_/X
 u_wb_mux._117_/X
 u_wb_mux._118_/X
 u_wb_mux._119_/X
 u_wb_mux._120_/X
 u_wb_mux._121_/X
 u_wb_mux._122_/X
 u_wb_mux._123_/X
 u_wb_mux._124_/X
 u_wb_mux._125_/X
 u_wb_mux._126_/X
 u_wb_mux._127_/X
 u_wb_mux._128_/X
 u_wb_mux._129_/X
 u_wb_mux._130_/X
 u_wb_mux._131_/X
 u_wb_mux._132_/X
 u_wb_mux._133_/X
 u_wb_mux._134_/X
 u_wb_mux._135_/X
 u_wb_mux._136_/X
 u_wb_mux._137_/X
 u_wb_mux._138_/X
 u_wb_mux._139_/X
 u_wb_mux._140_/X
 u_wb_mux._141_/X
 u_wb_mux._142_/X
 u_wb_mux._143_/X
 u_wb_mux._144_/X
 u_wb_mux._145_/X
 u_wb_mux._146_/X
 u_wb_mux._147_/X
 u_wb_mux._148_/X
 u_wb_mux._149_/X
 u_wb_mux._150_/X
 u_wb_mux._151_/X
 u_wb_mux._152_/X
 u_wb_mux._153_/X
 u_wb_mux._154_/X
 u_wb_mux._155_/X
 u_wb_mux._156_/X
 u_wb_mux._157_/X
 u_wb_mux._158_/X
 u_wb_mux._159_/X
 u_wb_mux._160_/X
 u_wb_mux._161_/X
 u_wb_mux._162_/X
 u_wb_mux._163_/X
 u_wb_mux._164_/X
 u_wb_mux._165_/X
 u_wb_mux._166_/X
 u_wb_mux._167_/X
 u_wb_mux._168_/X
 u_wb_mux._169_/X
 u_wb_mux._170_/X
 u_wb_mux._171_/X
 u_wb_mux._172_/X
 u_wb_mux._173_/X
 u_wb_mux._174_/X
 u_wb_mux._175_/X
 u_wb_mux._176_/X
 u_wb_mux._177_/X
 u_wb_mux._178_/X
 u_wb_mux._179_/X
 u_wb_mux._180_/X
 u_wb_mux._181_/X
 u_wb_mux._182_/X
 u_wb_mux._183_/X
 u_wb_mux._184_/X
 u_wb_mux._185_/X
 u_wb_mux._186_/X
 u_wb_mux._187_/X
 u_wb_mux._188_/X
 u_wb_mux._189_/X
 u_wb_mux._190_/X
 u_wb_mux._191_/X
 u_wb_mux._192_/X
 u_wb_mux._193_/X
 u_wb_mux._194_/X
 u_wb_mux._195_/X
 u_wb_mux._196_/X
 u_wb_mux._197_/X
 u_wb_mux._198_/X
 u_wb_mux._199_/X
 u_wb_mux._200_/X
 u_wb_mux._201_/X
Found 0 partially unannotated drivers.

===========================================================================
max slew violation count 0
max fanout violation count 0
max cap violation count 0
============================================================================

===========================================================================
check_setup -verbose -unconstrained_endpoints -multiple_clock -no_clock -no_input_delay -loops -generated_clocks
===========================================================================
Warning: There is 1 input port missing set_input_delay.
  rst_n
Warning: There are 96 unconstrained endpoints.
  dbg_instr[0]
  dbg_instr[10]
  dbg_instr[11]
  dbg_instr[12]
  dbg_instr[13]
  dbg_instr[14]
  dbg_instr[15]
  dbg_instr[16]
  dbg_instr[17]
  dbg_instr[18]
  dbg_instr[19]
  dbg_instr[1]
  dbg_instr[20]
  dbg_instr[21]
  dbg_instr[22]
  dbg_instr[23]
  dbg_instr[24]
  dbg_instr[25]
  dbg_instr[26]
  dbg_instr[27]
  dbg_instr[28]
  dbg_instr[29]
  dbg_instr[2]
  dbg_instr[30]
  dbg_instr[31]
  dbg_instr[3]
  dbg_instr[4]
  dbg_instr[5]
  dbg_instr[6]
  dbg_instr[7]
  dbg_instr[8]
  dbg_instr[9]
  dbg_pc_current[0]
  dbg_pc_current[10]
  dbg_pc_current[11]
  dbg_pc_current[12]
  dbg_pc_current[13]
  dbg_pc_current[14]
  dbg_pc_current[15]
  dbg_pc_current[16]
  dbg_pc_current[17]
  dbg_pc_current[18]
  dbg_pc_current[19]
  dbg_pc_current[1]
  dbg_pc_current[20]
  dbg_pc_current[21]
  dbg_pc_current[22]
  dbg_pc_current[23]
  dbg_pc_current[24]
  dbg_pc_current[25]
  dbg_pc_current[26]
  dbg_pc_current[27]
  dbg_pc_current[28]
  dbg_pc_current[29]
  dbg_pc_current[2]
  dbg_pc_current[30]
  dbg_pc_current[31]
  dbg_pc_current[3]
  dbg_pc_current[4]
  dbg_pc_current[5]
  dbg_pc_current[6]
  dbg_pc_current[7]
  dbg_pc_current[8]
  dbg_pc_current[9]
  dbg_wb_data[0]
  dbg_wb_data[10]
  dbg_wb_data[11]
  dbg_wb_data[12]
  dbg_wb_data[13]
  dbg_wb_data[14]
  dbg_wb_data[15]
  dbg_wb_data[16]
  dbg_wb_data[17]
  dbg_wb_data[18]
  dbg_wb_data[19]
  dbg_wb_data[1]
  dbg_wb_data[20]
  dbg_wb_data[21]
  dbg_wb_data[22]
  dbg_wb_data[23]
  dbg_wb_data[24]
  dbg_wb_data[25]
  dbg_wb_data[26]
  dbg_wb_data[27]
  dbg_wb_data[28]
  dbg_wb_data[29]
  dbg_wb_data[2]
  dbg_wb_data[30]
  dbg_wb_data[31]
  dbg_wb_data[3]
  dbg_wb_data[4]
  dbg_wb_data[5]
  dbg_wb_data[6]
  dbg_wb_data[7]
  dbg_wb_data[8]
  dbg_wb_data[9]
checks_report_end
power_report

===========================================================================
 report_power
============================================================================
======================= Typical Corner ===================================

Group                  Internal  Switching    Leakage      Total
                          Power      Power      Power      Power (Watts)
----------------------------------------------------------------
Sequential             7.25e-05   2.22e-05   2.70e-10   9.46e-05  12.3%
Combinational          3.87e-04   2.87e-04   1.01e-08   6.74e-04  87.7%
Macro                  0.00e+00   0.00e+00   0.00e+00   0.00e+00   0.0%
Pad                    0.00e+00   0.00e+00   0.00e+00   0.00e+00   0.0%
----------------------------------------------------------------
Total                  4.60e-04   3.09e-04   1.04e-08   7.69e-04 100.0%
                          59.8%      40.2%       0.0%

power_report_end
skew_report

===========================================================================
report_clock_skew
============================================================================
Clock clk
Latency      CRPR       Skew
u_pc_reg._134_/CLK ^
   0.00
u_pc_reg._134_/CLK ^
   0.00      0.00       0.00

skew_report_end
summary_report

===========================================================================
report_tns
============================================================================
tns 0.00

===========================================================================
report_wns
============================================================================
wns 0.00

===========================================================================
report_worst_slack -max (Setup)
============================================================================
worst slack 15.16

===========================================================================
report_worst_slack -min (Hold)
============================================================================
worst slack 0.49
summary_report_end
[WARNING] Did not save OpenROAD database!
Writing SDF to '/home/prabhat/Work_Ubuntu/RV32I_Single-Cycle_32-bit_RISC-V_Processor/openlane/riscv32_singlecycle_top/runs/rv32i_macro_GDS_flow/results/synthesis/riscv32_singlecycle_top.sdf'…
