
===========================================================================
report_checks -path_delay max (Setup)
============================================================================
======================= Typical Corner ===================================

Startpoint: u_imem.u_sram (falling edge-triggered flip-flop clocked by clk)
Endpoint: u_regfile.u_sram_rs2 (falling edge-triggered flip-flop clocked by clk)
Path Group: clk
Path Type: max

Fanout     Cap    Slew   Delay    Time   Description
-----------------------------------------------------------------------------
                  0.10   10.00   10.00   clock clk (fall edge)
                          0.00   10.00   clock network delay (ideal)
                  0.10    0.00   10.00 v u_imem.u_sram/clk1 (sky130_sram_1kbyte_1rw1r_32x256_8)
                  0.17    2.10   12.10 v u_imem.u_sram/dout1[22] (sky130_sram_1kbyte_1rw1r_32x256_8)
     6    0.31                           dbg_instr[22] (net)
                  0.13    0.18   12.28 v u_regfile._082_/B (sky130_fd_sc_hd__nor3_2)
                  0.70    0.60   12.88 ^ u_regfile._082_/Y (sky130_fd_sc_hd__nor3_2)
     8    0.04                           u_regfile._011_ (net)
                  0.70    0.00   12.88 ^ u_regfile._083_/A (sky130_fd_sc_hd__buf_1)
                  0.58    0.52   13.40 ^ u_regfile._083_/X (sky130_fd_sc_hd__buf_1)
     9    0.05                           u_regfile._012_ (net)
                  0.58    0.00   13.40 ^ u_regfile._090_/A2 (sky130_fd_sc_hd__a21boi_2)
                  0.27    0.31   13.72 v u_regfile._090_/Y (sky130_fd_sc_hd__a21boi_2)
     5    0.05                           u_branch_unit.rs2_val[6] (net)
                  0.27    0.01   13.72 v _290_/A0 (sky130_fd_sc_hd__mux2_2)
                  0.06    0.36   14.09 v _290_/X (sky130_fd_sc_hd__mux2_2)
     1    0.01                           _017_ (net)
                  0.06    0.00   14.09 v _291_/A (sky130_fd_sc_hd__buf_1)
                  0.24    0.25   14.34 v _291_/X (sky130_fd_sc_hd__buf_1)
     8    0.04                           u_alu.B[6] (net)
                  0.24    0.00   14.34 v u_alu._1120_/C (sky130_fd_sc_hd__or4_2)
                  0.13    0.71   15.05 v u_alu._1120_/X (sky130_fd_sc_hd__or4_2)
     3    0.01                           u_alu._0081_ (net)
                  0.13    0.00   15.05 v u_alu._1362_/B (sky130_fd_sc_hd__or4_2)
                  0.10    0.66   15.72 v u_alu._1362_/X (sky130_fd_sc_hd__or4_2)
     1    0.00                           u_alu._0484_ (net)
                  0.10    0.00   15.72 v u_alu._1363_/A (sky130_fd_sc_hd__buf_1)
                  0.23    0.27   15.99 v u_alu._1363_/X (sky130_fd_sc_hd__buf_1)
     9    0.04                           u_alu._0485_ (net)
                  0.23    0.00   15.99 v u_alu._1697_/B (sky130_fd_sc_hd__or4_2)
                  0.15    0.79   16.77 v u_alu._1697_/X (sky130_fd_sc_hd__or4_2)
     3    0.02                           u_alu._0811_ (net)
                  0.15    0.00   16.77 v u_alu._1786_/C (sky130_fd_sc_hd__or3_2)
                  0.12    0.51   17.28 v u_alu._1786_/X (sky130_fd_sc_hd__or3_2)
     3    0.02                           u_alu._0898_ (net)
                  0.12    0.00   17.28 v u_alu._1830_/C (sky130_fd_sc_hd__or3_2)
                  0.12    0.49   17.77 v u_alu._1830_/X (sky130_fd_sc_hd__or3_2)
     3    0.02                           u_alu._0940_ (net)
                  0.12    0.00   17.77 v u_alu._1860_/C (sky130_fd_sc_hd__or3_2)
                  0.11    0.48   18.26 v u_alu._1860_/X (sky130_fd_sc_hd__or3_2)
     3    0.01                           u_alu._0969_ (net)
                  0.11    0.00   18.26 v u_alu._1862_/A (sky130_fd_sc_hd__and2_2)
                  0.04    0.20   18.46 v u_alu._1862_/X (sky130_fd_sc_hd__and2_2)
     2    0.01                           u_alu._0971_ (net)
                  0.04    0.00   18.46 v u_alu._1863_/B (sky130_fd_sc_hd__and2_2)
                  0.04    0.19   18.66 v u_alu._1863_/X (sky130_fd_sc_hd__and2_2)
     3    0.01                           u_alu._0972_ (net)
                  0.04    0.00   18.66 v u_alu._1865_/A (sky130_fd_sc_hd__or2_2)
                  0.08    0.33   18.98 v u_alu._1865_/X (sky130_fd_sc_hd__or2_2)
     4    0.01                           u_alu._0974_ (net)
                  0.08    0.00   18.98 v u_alu._1929_/A2 (sky130_fd_sc_hd__o31a_2)
                  0.08    0.37   19.35 v u_alu._1929_/X (sky130_fd_sc_hd__o31a_2)
     2    0.01                           u_alu._1036_ (net)
                  0.08    0.00   19.35 v u_alu._1952_/A2 (sky130_fd_sc_hd__o21a_2)
                  0.05    0.22   19.57 v u_alu._1952_/X (sky130_fd_sc_hd__o21a_2)
     1    0.01                           u_alu._1058_ (net)
                  0.05    0.00   19.57 v u_alu._1953_/B (sky130_fd_sc_hd__xnor2_2)
                  0.13    0.13   19.70 ^ u_alu._1953_/Y (sky130_fd_sc_hd__xnor2_2)
     1    0.01                           u_alu._1059_ (net)
                  0.13    0.00   19.70 ^ u_alu._1967_/A2 (sky130_fd_sc_hd__o221ai_2)
                  0.21    0.17   19.87 v u_alu._1967_/Y (sky130_fd_sc_hd__o221ai_2)
     1    0.02                           u_alu.Negative (net)
                  0.21    0.00   19.87 v u_alu._2269_/A (sky130_fd_sc_hd__buf_2)
                  0.03    0.19   20.07 v u_alu._2269_/X (sky130_fd_sc_hd__buf_2)
     1    0.01                           u_alu.Result[31] (net)
                  0.03    0.00   20.07 v u_wb_mux._200_/A1 (sky130_fd_sc_hd__a22o_2)
                  0.11    0.31   20.37 v u_wb_mux._200_/X (sky130_fd_sc_hd__a22o_2)
     1    0.03                           u_wb_mux._084_ (net)
                  0.11    0.01   20.38 v u_wb_mux._201_/C1 (sky130_fd_sc_hd__a211o_2)
                  0.20    0.45   20.83 v u_wb_mux._201_/X (sky130_fd_sc_hd__a211o_2)
     3    0.07                           u_regfile.wd[31] (net)
                  0.26    0.01   20.84 v u_regfile.u_sram_rs2/din0[31] (sky130_sram_1kbyte_1rw1r_32x256_8)
                                 20.84   data arrival time

                  0.10   20.00   20.00   clock clk (rise edge)
                          0.00   20.00   clock network delay (ideal)
                         -0.20   19.80   clock uncertainty
                          0.00   19.80   clock reconvergence pessimism
                                 19.80 ^ u_regfile.u_sram_rs2/clk0 (sky130_sram_1kbyte_1rw1r_32x256_8)
                         -0.10   19.70   library setup time
                                 19.70   data required time
-----------------------------------------------------------------------------
                                 19.70   data required time
                                -20.84   data arrival time
-----------------------------------------------------------------------------
                                 -1.14   slack (VIOLATED)


Startpoint: u_imem.u_sram (falling edge-triggered flip-flop clocked by clk)
Endpoint: u_regfile.u_sram_rs1 (falling edge-triggered flip-flop clocked by clk)
Path Group: clk
Path Type: max

Fanout     Cap    Slew   Delay    Time   Description
-----------------------------------------------------------------------------
                  0.10   10.00   10.00   clock clk (fall edge)
                          0.00   10.00   clock network delay (ideal)
                  0.10    0.00   10.00 v u_imem.u_sram/clk1 (sky130_sram_1kbyte_1rw1r_32x256_8)
                  0.17    2.10   12.10 v u_imem.u_sram/dout1[22] (sky130_sram_1kbyte_1rw1r_32x256_8)
     6    0.31                           dbg_instr[22] (net)
                  0.13    0.18   12.28 v u_regfile._082_/B (sky130_fd_sc_hd__nor3_2)
                  0.70    0.60   12.88 ^ u_regfile._082_/Y (sky130_fd_sc_hd__nor3_2)
     8    0.04                           u_regfile._011_ (net)
                  0.70    0.00   12.88 ^ u_regfile._083_/A (sky130_fd_sc_hd__buf_1)
                  0.58    0.52   13.40 ^ u_regfile._083_/X (sky130_fd_sc_hd__buf_1)
     9    0.05                           u_regfile._012_ (net)
                  0.58    0.00   13.40 ^ u_regfile._090_/A2 (sky130_fd_sc_hd__a21boi_2)
                  0.27    0.31   13.72 v u_regfile._090_/Y (sky130_fd_sc_hd__a21boi_2)
     5    0.05                           u_branch_unit.rs2_val[6] (net)
                  0.27    0.01   13.72 v _290_/A0 (sky130_fd_sc_hd__mux2_2)
                  0.06    0.36   14.09 v _290_/X (sky130_fd_sc_hd__mux2_2)
     1    0.01                           _017_ (net)
                  0.06    0.00   14.09 v _291_/A (sky130_fd_sc_hd__buf_1)
                  0.24    0.25   14.34 v _291_/X (sky130_fd_sc_hd__buf_1)
     8    0.04                           u_alu.B[6] (net)
                  0.24    0.00   14.34 v u_alu._1120_/C (sky130_fd_sc_hd__or4_2)
                  0.13    0.71   15.05 v u_alu._1120_/X (sky130_fd_sc_hd__or4_2)
     3    0.01                           u_alu._0081_ (net)
                  0.13    0.00   15.05 v u_alu._1362_/B (sky130_fd_sc_hd__or4_2)
                  0.10    0.66   15.72 v u_alu._1362_/X (sky130_fd_sc_hd__or4_2)
     1    0.00                           u_alu._0484_ (net)
                  0.10    0.00   15.72 v u_alu._1363_/A (sky130_fd_sc_hd__buf_1)
                  0.23    0.27   15.99 v u_alu._1363_/X (sky130_fd_sc_hd__buf_1)
     9    0.04                           u_alu._0485_ (net)
                  0.23    0.00   15.99 v u_alu._1697_/B (sky130_fd_sc_hd__or4_2)
                  0.15    0.79   16.77 v u_alu._1697_/X (sky130_fd_sc_hd__or4_2)
     3    0.02                           u_alu._0811_ (net)
                  0.15    0.00   16.77 v u_alu._1786_/C (sky130_fd_sc_hd__or3_2)
                  0.12    0.51   17.28 v u_alu._1786_/X (sky130_fd_sc_hd__or3_2)
     3    0.02                           u_alu._0898_ (net)
                  0.12    0.00   17.28 v u_alu._1830_/C (sky130_fd_sc_hd__or3_2)
                  0.12    0.49   17.77 v u_alu._1830_/X (sky130_fd_sc_hd__or3_2)
     3    0.02                           u_alu._0940_ (net)
                  0.12    0.00   17.77 v u_alu._1860_/C (sky130_fd_sc_hd__or3_2)
                  0.11    0.48   18.26 v u_alu._1860_/X (sky130_fd_sc_hd__or3_2)
     3    0.01                           u_alu._0969_ (net)
                  0.11    0.00   18.26 v u_alu._1862_/A (sky130_fd_sc_hd__and2_2)
                  0.04    0.20   18.46 v u_alu._1862_/X (sky130_fd_sc_hd__and2_2)
     2    0.01                           u_alu._0971_ (net)
                  0.04    0.00   18.46 v u_alu._1863_/B (sky130_fd_sc_hd__and2_2)
                  0.04    0.19   18.66 v u_alu._1863_/X (sky130_fd_sc_hd__and2_2)
     3    0.01                           u_alu._0972_ (net)
                  0.04    0.00   18.66 v u_alu._1865_/A (sky130_fd_sc_hd__or2_2)
                  0.08    0.33   18.98 v u_alu._1865_/X (sky130_fd_sc_hd__or2_2)
     4    0.01                           u_alu._0974_ (net)
                  0.08    0.00   18.98 v u_alu._1929_/A2 (sky130_fd_sc_hd__o31a_2)
                  0.08    0.37   19.35 v u_alu._1929_/X (sky130_fd_sc_hd__o31a_2)
     2    0.01                           u_alu._1036_ (net)
                  0.08    0.00   19.35 v u_alu._1952_/A2 (sky130_fd_sc_hd__o21a_2)
                  0.05    0.22   19.57 v u_alu._1952_/X (sky130_fd_sc_hd__o21a_2)
     1    0.01                           u_alu._1058_ (net)
                  0.05    0.00   19.57 v u_alu._1953_/B (sky130_fd_sc_hd__xnor2_2)
                  0.13    0.13   19.70 ^ u_alu._1953_/Y (sky130_fd_sc_hd__xnor2_2)
     1    0.01                           u_alu._1059_ (net)
                  0.13    0.00   19.70 ^ u_alu._1967_/A2 (sky130_fd_sc_hd__o221ai_2)
                  0.21    0.17   19.87 v u_alu._1967_/Y (sky130_fd_sc_hd__o221ai_2)
     1    0.02                           u_alu.Negative (net)
                  0.21    0.00   19.87 v u_alu._2269_/A (sky130_fd_sc_hd__buf_2)
                  0.03    0.19   20.07 v u_alu._2269_/X (sky130_fd_sc_hd__buf_2)
     1    0.01                           u_alu.Result[31] (net)
                  0.03    0.00   20.07 v u_wb_mux._200_/A1 (sky130_fd_sc_hd__a22o_2)
                  0.11    0.31   20.37 v u_wb_mux._200_/X (sky130_fd_sc_hd__a22o_2)
     1    0.03                           u_wb_mux._084_ (net)
                  0.11    0.01   20.38 v u_wb_mux._201_/C1 (sky130_fd_sc_hd__a211o_2)
                  0.20    0.45   20.83 v u_wb_mux._201_/X (sky130_fd_sc_hd__a211o_2)
     3    0.07                           u_regfile.wd[31] (net)
                  0.26    0.01   20.84 v u_regfile.u_sram_rs1/din0[31] (sky130_sram_1kbyte_1rw1r_32x256_8)
                                 20.84   data arrival time

                  0.10   20.00   20.00   clock clk (rise edge)
                          0.00   20.00   clock network delay (ideal)
                         -0.20   19.80   clock uncertainty
                          0.00   19.80   clock reconvergence pessimism
                                 19.80 ^ u_regfile.u_sram_rs1/clk0 (sky130_sram_1kbyte_1rw1r_32x256_8)
                         -0.10   19.70   library setup time
                                 19.70   data required time
-----------------------------------------------------------------------------
                                 19.70   data required time
                                -20.84   data arrival time
-----------------------------------------------------------------------------
                                 -1.14   slack (VIOLATED)


Startpoint: u_imem.u_sram (falling edge-triggered flip-flop clocked by clk)
Endpoint: u_regfile.u_sram_rs1 (falling edge-triggered flip-flop clocked by clk)
Path Group: clk
Path Type: max

Fanout     Cap    Slew   Delay    Time   Description
-----------------------------------------------------------------------------
                  0.10   10.00   10.00   clock clk (fall edge)
                          0.00   10.00   clock network delay (ideal)
                  0.10    0.00   10.00 v u_imem.u_sram/clk1 (sky130_sram_1kbyte_1rw1r_32x256_8)
                  0.17    2.10   12.10 v u_imem.u_sram/dout1[22] (sky130_sram_1kbyte_1rw1r_32x256_8)
     6    0.31                           dbg_instr[22] (net)
                  0.13    0.18   12.28 v u_regfile._082_/B (sky130_fd_sc_hd__nor3_2)
                  0.70    0.60   12.88 ^ u_regfile._082_/Y (sky130_fd_sc_hd__nor3_2)
     8    0.04                           u_regfile._011_ (net)
                  0.70    0.00   12.88 ^ u_regfile._083_/A (sky130_fd_sc_hd__buf_1)
                  0.58    0.52   13.40 ^ u_regfile._083_/X (sky130_fd_sc_hd__buf_1)
     9    0.05                           u_regfile._012_ (net)
                  0.58    0.00   13.40 ^ u_regfile._090_/A2 (sky130_fd_sc_hd__a21boi_2)
                  0.27    0.31   13.72 v u_regfile._090_/Y (sky130_fd_sc_hd__a21boi_2)
     5    0.05                           u_branch_unit.rs2_val[6] (net)
                  0.27    0.01   13.72 v _290_/A0 (sky130_fd_sc_hd__mux2_2)
                  0.06    0.36   14.09 v _290_/X (sky130_fd_sc_hd__mux2_2)
     1    0.01                           _017_ (net)
                  0.06    0.00   14.09 v _291_/A (sky130_fd_sc_hd__buf_1)
                  0.24    0.25   14.34 v _291_/X (sky130_fd_sc_hd__buf_1)
     8    0.04                           u_alu.B[6] (net)
                  0.24    0.00   14.34 v u_alu._1120_/C (sky130_fd_sc_hd__or4_2)
                  0.13    0.71   15.05 v u_alu._1120_/X (sky130_fd_sc_hd__or4_2)
     3    0.01                           u_alu._0081_ (net)
                  0.13    0.00   15.05 v u_alu._1362_/B (sky130_fd_sc_hd__or4_2)
                  0.10    0.66   15.72 v u_alu._1362_/X (sky130_fd_sc_hd__or4_2)
     1    0.00                           u_alu._0484_ (net)
                  0.10    0.00   15.72 v u_alu._1363_/A (sky130_fd_sc_hd__buf_1)
                  0.23    0.27   15.99 v u_alu._1363_/X (sky130_fd_sc_hd__buf_1)
     9    0.04                           u_alu._0485_ (net)
                  0.23    0.00   15.99 v u_alu._1697_/B (sky130_fd_sc_hd__or4_2)
                  0.15    0.79   16.77 v u_alu._1697_/X (sky130_fd_sc_hd__or4_2)
     3    0.02                           u_alu._0811_ (net)
                  0.15    0.00   16.77 v u_alu._1786_/C (sky130_fd_sc_hd__or3_2)
                  0.12    0.51   17.28 v u_alu._1786_/X (sky130_fd_sc_hd__or3_2)
     3    0.02                           u_alu._0898_ (net)
                  0.12    0.00   17.28 v u_alu._1830_/C (sky130_fd_sc_hd__or3_2)
                  0.12    0.49   17.77 v u_alu._1830_/X (sky130_fd_sc_hd__or3_2)
     3    0.02                           u_alu._0940_ (net)
                  0.12    0.00   17.77 v u_alu._1860_/C (sky130_fd_sc_hd__or3_2)
                  0.11    0.48   18.26 v u_alu._1860_/X (sky130_fd_sc_hd__or3_2)
     3    0.01                           u_alu._0969_ (net)
                  0.11    0.00   18.26 v u_alu._1862_/A (sky130_fd_sc_hd__and2_2)
                  0.04    0.20   18.46 v u_alu._1862_/X (sky130_fd_sc_hd__and2_2)
     2    0.01                           u_alu._0971_ (net)
                  0.04    0.00   18.46 v u_alu._1863_/B (sky130_fd_sc_hd__and2_2)
                  0.04    0.19   18.66 v u_alu._1863_/X (sky130_fd_sc_hd__and2_2)
     3    0.01                           u_alu._0972_ (net)
                  0.04    0.00   18.66 v u_alu._1865_/A (sky130_fd_sc_hd__or2_2)
                  0.08    0.33   18.98 v u_alu._1865_/X (sky130_fd_sc_hd__or2_2)
     4    0.01                           u_alu._0974_ (net)
                  0.08    0.00   18.98 v u_alu._1929_/A2 (sky130_fd_sc_hd__o31a_2)
                  0.08    0.37   19.35 v u_alu._1929_/X (sky130_fd_sc_hd__o31a_2)
     2    0.01                           u_alu._1036_ (net)
                  0.08    0.00   19.35 v u_alu._1930_/B (sky130_fd_sc_hd__xnor2_2)
                  0.10    0.12   19.47 ^ u_alu._1930_/Y (sky130_fd_sc_hd__xnor2_2)
     1    0.00                           u_alu._1037_ (net)
                  0.10    0.00   19.47 ^ u_alu._1946_/A2 (sky130_fd_sc_hd__o211a_2)
                  0.15    0.26   19.73 ^ u_alu._1946_/X (sky130_fd_sc_hd__o211a_2)
     1    0.02                           u_alu._1053_ (net)
                  0.15    0.00   19.73 ^ u_alu._1947_/A (sky130_fd_sc_hd__inv_2)
                  0.04    0.05   19.78 v u_alu._1947_/Y (sky130_fd_sc_hd__inv_2)
     1    0.01                           u_alu.Result[30] (net)
                  0.04    0.00   19.78 v u_wb_mux._197_/A1 (sky130_fd_sc_hd__a22o_2)
                  0.12    0.32   20.10 v u_wb_mux._197_/X (sky130_fd_sc_hd__a22o_2)
     1    0.04                           u_wb_mux._082_ (net)
                  0.12    0.01   20.11 v u_wb_mux._198_/C1 (sky130_fd_sc_hd__a211o_2)
                  0.18    0.45   20.55 v u_wb_mux._198_/X (sky130_fd_sc_hd__a211o_2)
     3    0.07                           u_regfile.wd[30] (net)
                  0.25    0.01   20.56 v u_regfile.u_sram_rs1/din0[30] (sky130_sram_1kbyte_1rw1r_32x256_8)
                                 20.56   data arrival time

                  0.10   20.00   20.00   clock clk (rise edge)
                          0.00   20.00   clock network delay (ideal)
                         -0.20   19.80   clock uncertainty
                          0.00   19.80   clock reconvergence pessimism
                                 19.80 ^ u_regfile.u_sram_rs1/clk0 (sky130_sram_1kbyte_1rw1r_32x256_8)
                         -0.10   19.70   library setup time
                                 19.70   data required time
-----------------------------------------------------------------------------
                                 19.70   data required time
                                -20.56   data arrival time
-----------------------------------------------------------------------------
                                 -0.86   slack (VIOLATED)


Startpoint: u_imem.u_sram (falling edge-triggered flip-flop clocked by clk)
Endpoint: u_regfile.u_sram_rs2 (falling edge-triggered flip-flop clocked by clk)
Path Group: clk
Path Type: max

Fanout     Cap    Slew   Delay    Time   Description
-----------------------------------------------------------------------------
                  0.10   10.00   10.00   clock clk (fall edge)
                          0.00   10.00   clock network delay (ideal)
                  0.10    0.00   10.00 v u_imem.u_sram/clk1 (sky130_sram_1kbyte_1rw1r_32x256_8)
                  0.17    2.10   12.10 v u_imem.u_sram/dout1[22] (sky130_sram_1kbyte_1rw1r_32x256_8)
     6    0.31                           dbg_instr[22] (net)
                  0.13    0.18   12.28 v u_regfile._082_/B (sky130_fd_sc_hd__nor3_2)
                  0.70    0.60   12.88 ^ u_regfile._082_/Y (sky130_fd_sc_hd__nor3_2)
     8    0.04                           u_regfile._011_ (net)
                  0.70    0.00   12.88 ^ u_regfile._083_/A (sky130_fd_sc_hd__buf_1)
                  0.58    0.52   13.40 ^ u_regfile._083_/X (sky130_fd_sc_hd__buf_1)
     9    0.05                           u_regfile._012_ (net)
                  0.58    0.00   13.40 ^ u_regfile._090_/A2 (sky130_fd_sc_hd__a21boi_2)
                  0.27    0.31   13.72 v u_regfile._090_/Y (sky130_fd_sc_hd__a21boi_2)
     5    0.05                           u_branch_unit.rs2_val[6] (net)
                  0.27    0.01   13.72 v _290_/A0 (sky130_fd_sc_hd__mux2_2)
                  0.06    0.36   14.09 v _290_/X (sky130_fd_sc_hd__mux2_2)
     1    0.01                           _017_ (net)
                  0.06    0.00   14.09 v _291_/A (sky130_fd_sc_hd__buf_1)
                  0.24    0.25   14.34 v _291_/X (sky130_fd_sc_hd__buf_1)
     8    0.04                           u_alu.B[6] (net)
                  0.24    0.00   14.34 v u_alu._1120_/C (sky130_fd_sc_hd__or4_2)
                  0.13    0.71   15.05 v u_alu._1120_/X (sky130_fd_sc_hd__or4_2)
     3    0.01                           u_alu._0081_ (net)
                  0.13    0.00   15.05 v u_alu._1362_/B (sky130_fd_sc_hd__or4_2)
                  0.10    0.66   15.72 v u_alu._1362_/X (sky130_fd_sc_hd__or4_2)
     1    0.00                           u_alu._0484_ (net)
                  0.10    0.00   15.72 v u_alu._1363_/A (sky130_fd_sc_hd__buf_1)
                  0.23    0.27   15.99 v u_alu._1363_/X (sky130_fd_sc_hd__buf_1)
     9    0.04                           u_alu._0485_ (net)
                  0.23    0.00   15.99 v u_alu._1697_/B (sky130_fd_sc_hd__or4_2)
                  0.15    0.79   16.77 v u_alu._1697_/X (sky130_fd_sc_hd__or4_2)
     3    0.02                           u_alu._0811_ (net)
                  0.15    0.00   16.77 v u_alu._1786_/C (sky130_fd_sc_hd__or3_2)
                  0.12    0.51   17.28 v u_alu._1786_/X (sky130_fd_sc_hd__or3_2)
     3    0.02                           u_alu._0898_ (net)
                  0.12    0.00   17.28 v u_alu._1830_/C (sky130_fd_sc_hd__or3_2)
                  0.12    0.49   17.77 v u_alu._1830_/X (sky130_fd_sc_hd__or3_2)
     3    0.02                           u_alu._0940_ (net)
                  0.12    0.00   17.77 v u_alu._1860_/C (sky130_fd_sc_hd__or3_2)
                  0.11    0.48   18.26 v u_alu._1860_/X (sky130_fd_sc_hd__or3_2)
     3    0.01                           u_alu._0969_ (net)
                  0.11    0.00   18.26 v u_alu._1862_/A (sky130_fd_sc_hd__and2_2)
                  0.04    0.20   18.46 v u_alu._1862_/X (sky130_fd_sc_hd__and2_2)
     2    0.01                           u_alu._0971_ (net)
                  0.04    0.00   18.46 v u_alu._1863_/B (sky130_fd_sc_hd__and2_2)
                  0.04    0.19   18.66 v u_alu._1863_/X (sky130_fd_sc_hd__and2_2)
     3    0.01                           u_alu._0972_ (net)
                  0.04    0.00   18.66 v u_alu._1865_/A (sky130_fd_sc_hd__or2_2)
                  0.08    0.33   18.98 v u_alu._1865_/X (sky130_fd_sc_hd__or2_2)
     4    0.01                           u_alu._0974_ (net)
                  0.08    0.00   18.98 v u_alu._1929_/A2 (sky130_fd_sc_hd__o31a_2)
                  0.08    0.37   19.35 v u_alu._1929_/X (sky130_fd_sc_hd__o31a_2)
     2    0.01                           u_alu._1036_ (net)
                  0.08    0.00   19.35 v u_alu._1930_/B (sky130_fd_sc_hd__xnor2_2)
                  0.10    0.12   19.47 ^ u_alu._1930_/Y (sky130_fd_sc_hd__xnor2_2)
     1    0.00                           u_alu._1037_ (net)
                  0.10    0.00   19.47 ^ u_alu._1946_/A2 (sky130_fd_sc_hd__o211a_2)
                  0.15    0.26   19.73 ^ u_alu._1946_/X (sky130_fd_sc_hd__o211a_2)
     1    0.02                           u_alu._1053_ (net)
                  0.15    0.00   19.73 ^ u_alu._1947_/A (sky130_fd_sc_hd__inv_2)
                  0.04    0.05   19.78 v u_alu._1947_/Y (sky130_fd_sc_hd__inv_2)
     1    0.01                           u_alu.Result[30] (net)
                  0.04    0.00   19.78 v u_wb_mux._197_/A1 (sky130_fd_sc_hd__a22o_2)
                  0.12    0.32   20.10 v u_wb_mux._197_/X (sky130_fd_sc_hd__a22o_2)
     1    0.04                           u_wb_mux._082_ (net)
                  0.12    0.01   20.11 v u_wb_mux._198_/C1 (sky130_fd_sc_hd__a211o_2)
                  0.18    0.45   20.55 v u_wb_mux._198_/X (sky130_fd_sc_hd__a211o_2)
     3    0.07                           u_regfile.wd[30] (net)
                  0.25    0.01   20.56 v u_regfile.u_sram_rs2/din0[30] (sky130_sram_1kbyte_1rw1r_32x256_8)
                                 20.56   data arrival time

                  0.10   20.00   20.00   clock clk (rise edge)
                          0.00   20.00   clock network delay (ideal)
                         -0.20   19.80   clock uncertainty
                          0.00   19.80   clock reconvergence pessimism
                                 19.80 ^ u_regfile.u_sram_rs2/clk0 (sky130_sram_1kbyte_1rw1r_32x256_8)
                         -0.10   19.70   library setup time
                                 19.70   data required time
-----------------------------------------------------------------------------
                                 19.70   data required time
                                -20.56   data arrival time
-----------------------------------------------------------------------------
                                 -0.86   slack (VIOLATED)


Startpoint: u_imem.u_sram (falling edge-triggered flip-flop clocked by clk)
Endpoint: u_regfile.u_sram_rs1 (falling edge-triggered flip-flop clocked by clk)
Path Group: clk
Path Type: max

Fanout     Cap    Slew   Delay    Time   Description
-----------------------------------------------------------------------------
                  0.10   10.00   10.00   clock clk (fall edge)
                          0.00   10.00   clock network delay (ideal)
                  0.10    0.00   10.00 v u_imem.u_sram/clk1 (sky130_sram_1kbyte_1rw1r_32x256_8)
                  0.17    2.10   12.10 v u_imem.u_sram/dout1[22] (sky130_sram_1kbyte_1rw1r_32x256_8)
     6    0.31                           dbg_instr[22] (net)
                  0.13    0.18   12.28 v u_regfile._082_/B (sky130_fd_sc_hd__nor3_2)
                  0.70    0.60   12.88 ^ u_regfile._082_/Y (sky130_fd_sc_hd__nor3_2)
     8    0.04                           u_regfile._011_ (net)
                  0.70    0.00   12.88 ^ u_regfile._083_/A (sky130_fd_sc_hd__buf_1)
                  0.58    0.52   13.40 ^ u_regfile._083_/X (sky130_fd_sc_hd__buf_1)
     9    0.05                           u_regfile._012_ (net)
                  0.58    0.00   13.40 ^ u_regfile._090_/A2 (sky130_fd_sc_hd__a21boi_2)
                  0.27    0.31   13.72 v u_regfile._090_/Y (sky130_fd_sc_hd__a21boi_2)
     5    0.05                           u_branch_unit.rs2_val[6] (net)
                  0.27    0.01   13.72 v _290_/A0 (sky130_fd_sc_hd__mux2_2)
                  0.06    0.36   14.09 v _290_/X (sky130_fd_sc_hd__mux2_2)
     1    0.01                           _017_ (net)
                  0.06    0.00   14.09 v _291_/A (sky130_fd_sc_hd__buf_1)
                  0.24    0.25   14.34 v _291_/X (sky130_fd_sc_hd__buf_1)
     8    0.04                           u_alu.B[6] (net)
                  0.24    0.00   14.34 v u_alu._1120_/C (sky130_fd_sc_hd__or4_2)
                  0.13    0.71   15.05 v u_alu._1120_/X (sky130_fd_sc_hd__or4_2)
     3    0.01                           u_alu._0081_ (net)
                  0.13    0.00   15.05 v u_alu._1362_/B (sky130_fd_sc_hd__or4_2)
                  0.10    0.66   15.72 v u_alu._1362_/X (sky130_fd_sc_hd__or4_2)
     1    0.00                           u_alu._0484_ (net)
                  0.10    0.00   15.72 v u_alu._1363_/A (sky130_fd_sc_hd__buf_1)
                  0.23    0.27   15.99 v u_alu._1363_/X (sky130_fd_sc_hd__buf_1)
     9    0.04                           u_alu._0485_ (net)
                  0.23    0.00   15.99 v u_alu._1697_/B (sky130_fd_sc_hd__or4_2)
                  0.15    0.79   16.77 v u_alu._1697_/X (sky130_fd_sc_hd__or4_2)
     3    0.02                           u_alu._0811_ (net)
                  0.15    0.00   16.77 v u_alu._1786_/C (sky130_fd_sc_hd__or3_2)
                  0.12    0.51   17.28 v u_alu._1786_/X (sky130_fd_sc_hd__or3_2)
     3    0.02                           u_alu._0898_ (net)
                  0.12    0.00   17.28 v u_alu._1830_/C (sky130_fd_sc_hd__or3_2)
                  0.12    0.49   17.77 v u_alu._1830_/X (sky130_fd_sc_hd__or3_2)
     3    0.02                           u_alu._0940_ (net)
                  0.12    0.00   17.77 v u_alu._1860_/C (sky130_fd_sc_hd__or3_2)
                  0.11    0.48   18.26 v u_alu._1860_/X (sky130_fd_sc_hd__or3_2)
     3    0.01                           u_alu._0969_ (net)
                  0.11    0.00   18.26 v u_alu._1862_/A (sky130_fd_sc_hd__and2_2)
                  0.04    0.20   18.46 v u_alu._1862_/X (sky130_fd_sc_hd__and2_2)
     2    0.01                           u_alu._0971_ (net)
                  0.04    0.00   18.46 v u_alu._1863_/B (sky130_fd_sc_hd__and2_2)
                  0.04    0.19   18.66 v u_alu._1863_/X (sky130_fd_sc_hd__and2_2)
     3    0.01                           u_alu._0972_ (net)
                  0.04    0.00   18.66 v u_alu._1865_/A (sky130_fd_sc_hd__or2_2)
                  0.08    0.33   18.98 v u_alu._1865_/X (sky130_fd_sc_hd__or2_2)
     4    0.01                           u_alu._0974_ (net)
                  0.08    0.00   18.98 v u_alu._1892_/A2 (sky130_fd_sc_hd__o21ba_2)
                  0.05    0.22   19.21 v u_alu._1892_/X (sky130_fd_sc_hd__o21ba_2)
     1    0.01                           u_alu._1000_ (net)
                  0.05    0.00   19.21 v u_alu._1897_/A (sky130_fd_sc_hd__xnor2_2)
                  0.11    0.14   19.35 ^ u_alu._1897_/Y (sky130_fd_sc_hd__xnor2_2)
     1    0.00                           u_alu._1005_ (net)
                  0.11    0.00   19.35 ^ u_alu._1918_/A2 (sky130_fd_sc_hd__o21ba_2)
                  0.13    0.20   19.55 ^ u_alu._1918_/X (sky130_fd_sc_hd__o21ba_2)
     1    0.02                           u_alu._1026_ (net)
                  0.13    0.00   19.55 ^ u_alu._1919_/A (sky130_fd_sc_hd__inv_2)
                  0.03    0.04   19.60 v u_alu._1919_/Y (sky130_fd_sc_hd__inv_2)
     1    0.00                           u_alu.Result[29] (net)
                  0.03    0.00   19.60 v u_wb_mux._194_/A1 (sky130_fd_sc_hd__a22o_2)
                  0.12    0.32   19.92 v u_wb_mux._194_/X (sky130_fd_sc_hd__a22o_2)
     1    0.04                           u_wb_mux._080_ (net)
                  0.12    0.01   19.93 v u_wb_mux._195_/C1 (sky130_fd_sc_hd__a211o_2)
                  0.19    0.45   20.37 v u_wb_mux._195_/X (sky130_fd_sc_hd__a211o_2)
     3    0.07                           u_regfile.wd[29] (net)
                  0.25    0.01   20.38 v u_regfile.u_sram_rs1/din0[29] (sky130_sram_1kbyte_1rw1r_32x256_8)
                                 20.38   data arrival time

                  0.10   20.00   20.00   clock clk (rise edge)
                          0.00   20.00   clock network delay (ideal)
                         -0.20   19.80   clock uncertainty
                          0.00   19.80   clock reconvergence pessimism
                                 19.80 ^ u_regfile.u_sram_rs1/clk0 (sky130_sram_1kbyte_1rw1r_32x256_8)
                         -0.10   19.70   library setup time
                                 19.70   data required time
-----------------------------------------------------------------------------
                                 19.70   data required time
                                -20.38   data arrival time
-----------------------------------------------------------------------------
                                 -0.68   slack (VIOLATED)


Startpoint: u_imem.u_sram (falling edge-triggered flip-flop clocked by clk)
Endpoint: u_regfile.u_sram_rs2 (falling edge-triggered flip-flop clocked by clk)
Path Group: clk
Path Type: max

Fanout     Cap    Slew   Delay    Time   Description
-----------------------------------------------------------------------------
                  0.10   10.00   10.00   clock clk (fall edge)
                          0.00   10.00   clock network delay (ideal)
                  0.10    0.00   10.00 v u_imem.u_sram/clk1 (sky130_sram_1kbyte_1rw1r_32x256_8)
                  0.17    2.10   12.10 v u_imem.u_sram/dout1[22] (sky130_sram_1kbyte_1rw1r_32x256_8)
     6    0.31                           dbg_instr[22] (net)
                  0.13    0.18   12.28 v u_regfile._082_/B (sky130_fd_sc_hd__nor3_2)
                  0.70    0.60   12.88 ^ u_regfile._082_/Y (sky130_fd_sc_hd__nor3_2)
     8    0.04                           u_regfile._011_ (net)
                  0.70    0.00   12.88 ^ u_regfile._083_/A (sky130_fd_sc_hd__buf_1)
                  0.58    0.52   13.40 ^ u_regfile._083_/X (sky130_fd_sc_hd__buf_1)
     9    0.05                           u_regfile._012_ (net)
                  0.58    0.00   13.40 ^ u_regfile._090_/A2 (sky130_fd_sc_hd__a21boi_2)
                  0.27    0.31   13.72 v u_regfile._090_/Y (sky130_fd_sc_hd__a21boi_2)
     5    0.05                           u_branch_unit.rs2_val[6] (net)
                  0.27    0.01   13.72 v _290_/A0 (sky130_fd_sc_hd__mux2_2)
                  0.06    0.36   14.09 v _290_/X (sky130_fd_sc_hd__mux2_2)
     1    0.01                           _017_ (net)
                  0.06    0.00   14.09 v _291_/A (sky130_fd_sc_hd__buf_1)
                  0.24    0.25   14.34 v _291_/X (sky130_fd_sc_hd__buf_1)
     8    0.04                           u_alu.B[6] (net)
                  0.24    0.00   14.34 v u_alu._1120_/C (sky130_fd_sc_hd__or4_2)
                  0.13    0.71   15.05 v u_alu._1120_/X (sky130_fd_sc_hd__or4_2)
     3    0.01                           u_alu._0081_ (net)
                  0.13    0.00   15.05 v u_alu._1362_/B (sky130_fd_sc_hd__or4_2)
                  0.10    0.66   15.72 v u_alu._1362_/X (sky130_fd_sc_hd__or4_2)
     1    0.00                           u_alu._0484_ (net)
                  0.10    0.00   15.72 v u_alu._1363_/A (sky130_fd_sc_hd__buf_1)
                  0.23    0.27   15.99 v u_alu._1363_/X (sky130_fd_sc_hd__buf_1)
     9    0.04                           u_alu._0485_ (net)
                  0.23    0.00   15.99 v u_alu._1697_/B (sky130_fd_sc_hd__or4_2)
                  0.15    0.79   16.77 v u_alu._1697_/X (sky130_fd_sc_hd__or4_2)
     3    0.02                           u_alu._0811_ (net)
                  0.15    0.00   16.77 v u_alu._1786_/C (sky130_fd_sc_hd__or3_2)
                  0.12    0.51   17.28 v u_alu._1786_/X (sky130_fd_sc_hd__or3_2)
     3    0.02                           u_alu._0898_ (net)
                  0.12    0.00   17.28 v u_alu._1830_/C (sky130_fd_sc_hd__or3_2)
                  0.12    0.49   17.77 v u_alu._1830_/X (sky130_fd_sc_hd__or3_2)
     3    0.02                           u_alu._0940_ (net)
                  0.12    0.00   17.77 v u_alu._1860_/C (sky130_fd_sc_hd__or3_2)
                  0.11    0.48   18.26 v u_alu._1860_/X (sky130_fd_sc_hd__or3_2)
     3    0.01                           u_alu._0969_ (net)
                  0.11    0.00   18.26 v u_alu._1862_/A (sky130_fd_sc_hd__and2_2)
                  0.04    0.20   18.46 v u_alu._1862_/X (sky130_fd_sc_hd__and2_2)
     2    0.01                           u_alu._0971_ (net)
                  0.04    0.00   18.46 v u_alu._1863_/B (sky130_fd_sc_hd__and2_2)
                  0.04    0.19   18.66 v u_alu._1863_/X (sky130_fd_sc_hd__and2_2)
     3    0.01                           u_alu._0972_ (net)
                  0.04    0.00   18.66 v u_alu._1865_/A (sky130_fd_sc_hd__or2_2)
                  0.08    0.33   18.98 v u_alu._1865_/X (sky130_fd_sc_hd__or2_2)
     4    0.01                           u_alu._0974_ (net)
                  0.08    0.00   18.98 v u_alu._1892_/A2 (sky130_fd_sc_hd__o21ba_2)
                  0.05    0.22   19.21 v u_alu._1892_/X (sky130_fd_sc_hd__o21ba_2)
     1    0.01                           u_alu._1000_ (net)
                  0.05    0.00   19.21 v u_alu._1897_/A (sky130_fd_sc_hd__xnor2_2)
                  0.11    0.14   19.35 ^ u_alu._1897_/Y (sky130_fd_sc_hd__xnor2_2)
     1    0.00                           u_alu._1005_ (net)
                  0.11    0.00   19.35 ^ u_alu._1918_/A2 (sky130_fd_sc_hd__o21ba_2)
                  0.13    0.20   19.55 ^ u_alu._1918_/X (sky130_fd_sc_hd__o21ba_2)
     1    0.02                           u_alu._1026_ (net)
                  0.13    0.00   19.55 ^ u_alu._1919_/A (sky130_fd_sc_hd__inv_2)
                  0.03    0.04   19.60 v u_alu._1919_/Y (sky130_fd_sc_hd__inv_2)
     1    0.00                           u_alu.Result[29] (net)
                  0.03    0.00   19.60 v u_wb_mux._194_/A1 (sky130_fd_sc_hd__a22o_2)
                  0.12    0.32   19.92 v u_wb_mux._194_/X (sky130_fd_sc_hd__a22o_2)
     1    0.04                           u_wb_mux._080_ (net)
                  0.12    0.01   19.93 v u_wb_mux._195_/C1 (sky130_fd_sc_hd__a211o_2)
                  0.19    0.45   20.37 v u_wb_mux._195_/X (sky130_fd_sc_hd__a211o_2)
     3    0.07                           u_regfile.wd[29] (net)
                  0.25    0.00   20.38 v u_regfile.u_sram_rs2/din0[29] (sky130_sram_1kbyte_1rw1r_32x256_8)
                                 20.38   data arrival time

                  0.10   20.00   20.00   clock clk (rise edge)
                          0.00   20.00   clock network delay (ideal)
                         -0.20   19.80   clock uncertainty
                          0.00   19.80   clock reconvergence pessimism
                                 19.80 ^ u_regfile.u_sram_rs2/clk0 (sky130_sram_1kbyte_1rw1r_32x256_8)
                         -0.10   19.70   library setup time
                                 19.70   data required time
-----------------------------------------------------------------------------
                                 19.70   data required time
                                -20.38   data arrival time
-----------------------------------------------------------------------------
                                 -0.68   slack (VIOLATED)


Startpoint: u_imem.u_sram (falling edge-triggered flip-flop clocked by clk)
Endpoint: u_regfile.u_sram_rs1 (falling edge-triggered flip-flop clocked by clk)
Path Group: clk
Path Type: max

Fanout     Cap    Slew   Delay    Time   Description
-----------------------------------------------------------------------------
                  0.10   10.00   10.00   clock clk (fall edge)
                          0.00   10.00   clock network delay (ideal)
                  0.10    0.00   10.00 v u_imem.u_sram/clk1 (sky130_sram_1kbyte_1rw1r_32x256_8)
                  0.17    2.10   12.10 v u_imem.u_sram/dout1[22] (sky130_sram_1kbyte_1rw1r_32x256_8)
     6    0.31                           dbg_instr[22] (net)
                  0.13    0.18   12.28 v u_regfile._082_/B (sky130_fd_sc_hd__nor3_2)
                  0.70    0.60   12.88 ^ u_regfile._082_/Y (sky130_fd_sc_hd__nor3_2)
     8    0.04                           u_regfile._011_ (net)
                  0.70    0.00   12.88 ^ u_regfile._083_/A (sky130_fd_sc_hd__buf_1)
                  0.58    0.52   13.40 ^ u_regfile._083_/X (sky130_fd_sc_hd__buf_1)
     9    0.05                           u_regfile._012_ (net)
                  0.58    0.00   13.40 ^ u_regfile._090_/A2 (sky130_fd_sc_hd__a21boi_2)
                  0.27    0.31   13.72 v u_regfile._090_/Y (sky130_fd_sc_hd__a21boi_2)
     5    0.05                           u_branch_unit.rs2_val[6] (net)
                  0.27    0.01   13.72 v _290_/A0 (sky130_fd_sc_hd__mux2_2)
                  0.06    0.36   14.09 v _290_/X (sky130_fd_sc_hd__mux2_2)
     1    0.01                           _017_ (net)
                  0.06    0.00   14.09 v _291_/A (sky130_fd_sc_hd__buf_1)
                  0.24    0.25   14.34 v _291_/X (sky130_fd_sc_hd__buf_1)
     8    0.04                           u_alu.B[6] (net)
                  0.24    0.00   14.34 v u_alu._1120_/C (sky130_fd_sc_hd__or4_2)
                  0.13    0.71   15.05 v u_alu._1120_/X (sky130_fd_sc_hd__or4_2)
     3    0.01                           u_alu._0081_ (net)
                  0.13    0.00   15.05 v u_alu._1362_/B (sky130_fd_sc_hd__or4_2)
                  0.10    0.66   15.72 v u_alu._1362_/X (sky130_fd_sc_hd__or4_2)
     1    0.00                           u_alu._0484_ (net)
                  0.10    0.00   15.72 v u_alu._1363_/A (sky130_fd_sc_hd__buf_1)
                  0.23    0.27   15.99 v u_alu._1363_/X (sky130_fd_sc_hd__buf_1)
     9    0.04                           u_alu._0485_ (net)
                  0.23    0.00   15.99 v u_alu._1697_/B (sky130_fd_sc_hd__or4_2)
                  0.15    0.79   16.77 v u_alu._1697_/X (sky130_fd_sc_hd__or4_2)
     3    0.02                           u_alu._0811_ (net)
                  0.15    0.00   16.77 v u_alu._1786_/C (sky130_fd_sc_hd__or3_2)
                  0.12    0.51   17.28 v u_alu._1786_/X (sky130_fd_sc_hd__or3_2)
     3    0.02                           u_alu._0898_ (net)
                  0.12    0.00   17.28 v u_alu._1830_/C (sky130_fd_sc_hd__or3_2)
                  0.12    0.49   17.77 v u_alu._1830_/X (sky130_fd_sc_hd__or3_2)
     3    0.02                           u_alu._0940_ (net)
                  0.12    0.00   17.77 v u_alu._1860_/C (sky130_fd_sc_hd__or3_2)
                  0.11    0.48   18.26 v u_alu._1860_/X (sky130_fd_sc_hd__or3_2)
     3    0.01                           u_alu._0969_ (net)
                  0.11    0.00   18.26 v u_alu._1862_/A (sky130_fd_sc_hd__and2_2)
                  0.04    0.20   18.46 v u_alu._1862_/X (sky130_fd_sc_hd__and2_2)
     2    0.01                           u_alu._0971_ (net)
                  0.04    0.00   18.46 v u_alu._1863_/B (sky130_fd_sc_hd__and2_2)
                  0.04    0.19   18.66 v u_alu._1863_/X (sky130_fd_sc_hd__and2_2)
     3    0.01                           u_alu._0972_ (net)
                  0.04    0.00   18.66 v u_alu._1865_/A (sky130_fd_sc_hd__or2_2)
                  0.08    0.33   18.98 v u_alu._1865_/X (sky130_fd_sc_hd__or2_2)
     4    0.01                           u_alu._0974_ (net)
                  0.08    0.00   18.98 v u_alu._1867_/B (sky130_fd_sc_hd__or2_2)
                  0.05    0.28   19.26 v u_alu._1867_/X (sky130_fd_sc_hd__or2_2)
     1    0.00                           u_alu._0976_ (net)
                  0.05    0.00   19.26 v u_alu._1891_/A3 (sky130_fd_sc_hd__a31o_2)
                  0.08    0.29   19.55 v u_alu._1891_/X (sky130_fd_sc_hd__a31o_2)
     1    0.02                           u_alu.Result[28] (net)
                  0.08    0.00   19.56 v u_wb_mux._191_/A1 (sky130_fd_sc_hd__a22o_2)
                  0.12    0.34   19.89 v u_wb_mux._191_/X (sky130_fd_sc_hd__a22o_2)
     1    0.04                           u_wb_mux._078_ (net)
                  0.12    0.01   19.90 v u_wb_mux._192_/C1 (sky130_fd_sc_hd__a211o_2)
                  0.19    0.45   20.35 v u_wb_mux._192_/X (sky130_fd_sc_hd__a211o_2)
     3    0.07                           u_regfile.wd[28] (net)
                  0.25    0.01   20.36 v u_regfile.u_sram_rs1/din0[28] (sky130_sram_1kbyte_1rw1r_32x256_8)
                                 20.36   data arrival time

                  0.10   20.00   20.00   clock clk (rise edge)
                          0.00   20.00   clock network delay (ideal)
                         -0.20   19.80   clock uncertainty
                          0.00   19.80   clock reconvergence pessimism
                                 19.80 ^ u_regfile.u_sram_rs1/clk0 (sky130_sram_1kbyte_1rw1r_32x256_8)
                         -0.10   19.70   library setup time
                                 19.70   data required time
-----------------------------------------------------------------------------
                                 19.70   data required time
                                -20.36   data arrival time
-----------------------------------------------------------------------------
                                 -0.66   slack (VIOLATED)


Startpoint: u_imem.u_sram (falling edge-triggered flip-flop clocked by clk)
Endpoint: u_regfile.u_sram_rs2 (falling edge-triggered flip-flop clocked by clk)
Path Group: clk
Path Type: max

Fanout     Cap    Slew   Delay    Time   Description
-----------------------------------------------------------------------------
                  0.10   10.00   10.00   clock clk (fall edge)
                          0.00   10.00   clock network delay (ideal)
                  0.10    0.00   10.00 v u_imem.u_sram/clk1 (sky130_sram_1kbyte_1rw1r_32x256_8)
                  0.17    2.10   12.10 v u_imem.u_sram/dout1[22] (sky130_sram_1kbyte_1rw1r_32x256_8)
     6    0.31                           dbg_instr[22] (net)
                  0.13    0.18   12.28 v u_regfile._082_/B (sky130_fd_sc_hd__nor3_2)
                  0.70    0.60   12.88 ^ u_regfile._082_/Y (sky130_fd_sc_hd__nor3_2)
     8    0.04                           u_regfile._011_ (net)
                  0.70    0.00   12.88 ^ u_regfile._083_/A (sky130_fd_sc_hd__buf_1)
                  0.58    0.52   13.40 ^ u_regfile._083_/X (sky130_fd_sc_hd__buf_1)
     9    0.05                           u_regfile._012_ (net)
                  0.58    0.00   13.40 ^ u_regfile._090_/A2 (sky130_fd_sc_hd__a21boi_2)
                  0.27    0.31   13.72 v u_regfile._090_/Y (sky130_fd_sc_hd__a21boi_2)
     5    0.05                           u_branch_unit.rs2_val[6] (net)
                  0.27    0.01   13.72 v _290_/A0 (sky130_fd_sc_hd__mux2_2)
                  0.06    0.36   14.09 v _290_/X (sky130_fd_sc_hd__mux2_2)
     1    0.01                           _017_ (net)
                  0.06    0.00   14.09 v _291_/A (sky130_fd_sc_hd__buf_1)
                  0.24    0.25   14.34 v _291_/X (sky130_fd_sc_hd__buf_1)
     8    0.04                           u_alu.B[6] (net)
                  0.24    0.00   14.34 v u_alu._1120_/C (sky130_fd_sc_hd__or4_2)
                  0.13    0.71   15.05 v u_alu._1120_/X (sky130_fd_sc_hd__or4_2)
     3    0.01                           u_alu._0081_ (net)
                  0.13    0.00   15.05 v u_alu._1362_/B (sky130_fd_sc_hd__or4_2)
                  0.10    0.66   15.72 v u_alu._1362_/X (sky130_fd_sc_hd__or4_2)
     1    0.00                           u_alu._0484_ (net)
                  0.10    0.00   15.72 v u_alu._1363_/A (sky130_fd_sc_hd__buf_1)
                  0.23    0.27   15.99 v u_alu._1363_/X (sky130_fd_sc_hd__buf_1)
     9    0.04                           u_alu._0485_ (net)
                  0.23    0.00   15.99 v u_alu._1697_/B (sky130_fd_sc_hd__or4_2)
                  0.15    0.79   16.77 v u_alu._1697_/X (sky130_fd_sc_hd__or4_2)
     3    0.02                           u_alu._0811_ (net)
                  0.15    0.00   16.77 v u_alu._1786_/C (sky130_fd_sc_hd__or3_2)
                  0.12    0.51   17.28 v u_alu._1786_/X (sky130_fd_sc_hd__or3_2)
     3    0.02                           u_alu._0898_ (net)
                  0.12    0.00   17.28 v u_alu._1830_/C (sky130_fd_sc_hd__or3_2)
                  0.12    0.49   17.77 v u_alu._1830_/X (sky130_fd_sc_hd__or3_2)
     3    0.02                           u_alu._0940_ (net)
                  0.12    0.00   17.77 v u_alu._1860_/C (sky130_fd_sc_hd__or3_2)
                  0.11    0.48   18.26 v u_alu._1860_/X (sky130_fd_sc_hd__or3_2)
     3    0.01                           u_alu._0969_ (net)
                  0.11    0.00   18.26 v u_alu._1862_/A (sky130_fd_sc_hd__and2_2)
                  0.04    0.20   18.46 v u_alu._1862_/X (sky130_fd_sc_hd__and2_2)
     2    0.01                           u_alu._0971_ (net)
                  0.04    0.00   18.46 v u_alu._1863_/B (sky130_fd_sc_hd__and2_2)
                  0.04    0.19   18.66 v u_alu._1863_/X (sky130_fd_sc_hd__and2_2)
     3    0.01                           u_alu._0972_ (net)
                  0.04    0.00   18.66 v u_alu._1865_/A (sky130_fd_sc_hd__or2_2)
                  0.08    0.33   18.98 v u_alu._1865_/X (sky130_fd_sc_hd__or2_2)
     4    0.01                           u_alu._0974_ (net)
                  0.08    0.00   18.98 v u_alu._1867_/B (sky130_fd_sc_hd__or2_2)
                  0.05    0.28   19.26 v u_alu._1867_/X (sky130_fd_sc_hd__or2_2)
     1    0.00                           u_alu._0976_ (net)
                  0.05    0.00   19.26 v u_alu._1891_/A3 (sky130_fd_sc_hd__a31o_2)
                  0.08    0.29   19.55 v u_alu._1891_/X (sky130_fd_sc_hd__a31o_2)
     1    0.02                           u_alu.Result[28] (net)
                  0.08    0.00   19.56 v u_wb_mux._191_/A1 (sky130_fd_sc_hd__a22o_2)
                  0.12    0.34   19.89 v u_wb_mux._191_/X (sky130_fd_sc_hd__a22o_2)
     1    0.04                           u_wb_mux._078_ (net)
                  0.12    0.01   19.90 v u_wb_mux._192_/C1 (sky130_fd_sc_hd__a211o_2)
                  0.19    0.45   20.35 v u_wb_mux._192_/X (sky130_fd_sc_hd__a211o_2)
     3    0.07                           u_regfile.wd[28] (net)
                  0.25    0.00   20.35 v u_regfile.u_sram_rs2/din0[28] (sky130_sram_1kbyte_1rw1r_32x256_8)
                                 20.35   data arrival time

                  0.10   20.00   20.00   clock clk (rise edge)
                          0.00   20.00   clock network delay (ideal)
                         -0.20   19.80   clock uncertainty
                          0.00   19.80   clock reconvergence pessimism
                                 19.80 ^ u_regfile.u_sram_rs2/clk0 (sky130_sram_1kbyte_1rw1r_32x256_8)
                         -0.10   19.70   library setup time
                                 19.70   data required time
-----------------------------------------------------------------------------
                                 19.70   data required time
                                -20.35   data arrival time
-----------------------------------------------------------------------------
                                 -0.66   slack (VIOLATED)


Startpoint: u_imem.u_sram (falling edge-triggered flip-flop clocked by clk)
Endpoint: u_regfile.u_sram_rs1 (falling edge-triggered flip-flop clocked by clk)
Path Group: clk
Path Type: max

Fanout     Cap    Slew   Delay    Time   Description
-----------------------------------------------------------------------------
                  0.10   10.00   10.00   clock clk (fall edge)
                          0.00   10.00   clock network delay (ideal)
                  0.10    0.00   10.00 v u_imem.u_sram/clk1 (sky130_sram_1kbyte_1rw1r_32x256_8)
                  0.15    1.86   11.86 v u_imem.u_sram/dout1[6] (sky130_sram_1kbyte_1rw1r_32x256_8)
     8    0.27                           dbg_instr[6] (net)
                  0.11    0.18   12.03 v u_decoder_controller._17_/B (sky130_fd_sc_hd__or3b_2)
                  0.13    0.54   12.57 v u_decoder_controller._17_/X (sky130_fd_sc_hd__or3b_2)
     4    0.02                           u_decoder_controller._03_ (net)
                  0.13    0.00   12.57 v u_decoder_controller._26_/A2 (sky130_fd_sc_hd__a21oi_2)
                  0.15    0.20   12.77 ^ u_decoder_controller._26_/Y (sky130_fd_sc_hd__a21oi_2)
     3    0.01                           u_decoder_controller._08_ (net)
                  0.15    0.00   12.77 ^ u_decoder_controller._32_/B1 (sky130_fd_sc_hd__a21o_2)
                  0.11    0.18   12.95 ^ u_decoder_controller._32_/X (sky130_fd_sc_hd__a21o_2)
     5    0.02                           u_decoder_controller.alu_src (net)
                  0.11    0.00   12.95 ^ _271_/A (sky130_fd_sc_hd__buf_1)
                  0.48    0.40   13.35 ^ _271_/X (sky130_fd_sc_hd__buf_1)
    10    0.04                           _004_ (net)
                  0.48    0.00   13.35 ^ _272_/S (sky130_fd_sc_hd__mux2_2)
                  0.05    0.25   13.60 ^ _272_/X (sky130_fd_sc_hd__mux2_2)
     1    0.00                           _005_ (net)
                  0.05    0.00   13.60 ^ _273_/A (sky130_fd_sc_hd__buf_1)
                  0.07    0.11   13.71 ^ _273_/X (sky130_fd_sc_hd__buf_1)
     2    0.01                           u_alu.B[0] (net)
                  0.07    0.00   13.71 ^ u_alu._1162_/A (sky130_fd_sc_hd__buf_1)
                  1.05    0.78   14.48 ^ u_alu._1162_/X (sky130_fd_sc_hd__buf_1)
    10    0.09                           u_alu._0285_ (net)
                  1.05    0.02   14.51 ^ u_alu._1261_/A (sky130_fd_sc_hd__buf_1)
                  0.69    0.61   15.11 ^ u_alu._1261_/X (sky130_fd_sc_hd__buf_1)
    10    0.06                           u_alu._0384_ (net)
                  0.69    0.00   15.11 ^ u_alu._1262_/A (sky130_fd_sc_hd__buf_1)
                  0.76    0.65   15.76 ^ u_alu._1262_/X (sky130_fd_sc_hd__buf_1)
    10    0.07                           u_alu._0385_ (net)
                  0.76    0.00   15.76 ^ u_alu._1266_/A (sky130_fd_sc_hd__buf_1)
                  0.67    0.59   16.35 ^ u_alu._1266_/X (sky130_fd_sc_hd__buf_1)
    10    0.06                           u_alu._0389_ (net)
                  0.67    0.00   16.35 ^ u_alu._1647_/A (sky130_fd_sc_hd__buf_1)
                  0.85    0.71   17.06 ^ u_alu._1647_/X (sky130_fd_sc_hd__buf_1)
    10    0.07                           u_alu._0763_ (net)
                  0.85    0.00   17.07 ^ u_alu._1816_/S0 (sky130_fd_sc_hd__mux4_2)
                  0.10    0.63   17.70 v u_alu._1816_/X (sky130_fd_sc_hd__mux4_2)
     2    0.01                           u_alu._0927_ (net)
                  0.10    0.00   17.70 v u_alu._1817_/A3 (sky130_fd_sc_hd__mux4_2)
                  0.11    0.54   18.23 v u_alu._1817_/X (sky130_fd_sc_hd__mux4_2)
     1    0.01                           u_alu._0928_ (net)
                  0.11    0.00   18.23 v u_alu._1824_/A2 (sky130_fd_sc_hd__a221o_2)
                  0.05    0.40   18.64 v u_alu._1824_/X (sky130_fd_sc_hd__a221o_2)
     1    0.00                           u_alu._0935_ (net)
                  0.05    0.00   18.64 v u_alu._1825_/B1_N (sky130_fd_sc_hd__o21ba_2)
                  0.06    0.24   18.88 ^ u_alu._1825_/X (sky130_fd_sc_hd__o21ba_2)
     1    0.01                           u_alu._0936_ (net)
                  0.06    0.00   18.88 ^ u_alu._1826_/B1 (sky130_fd_sc_hd__o21ai_2)
                  0.08    0.09   18.97 v u_alu._1826_/Y (sky130_fd_sc_hd__o21ai_2)
     1    0.02                           u_alu._0937_ (net)
                  0.08    0.00   18.97 v u_alu._1827_/B1 (sky130_fd_sc_hd__a31o_2)
                  0.07    0.27   19.23 v u_alu._1827_/X (sky130_fd_sc_hd__a31o_2)
     1    0.02                           u_alu.Result[26] (net)
                  0.07    0.00   19.24 v u_wb_mux._185_/A1 (sky130_fd_sc_hd__a22o_2)
                  0.12    0.33   19.57 v u_wb_mux._185_/X (sky130_fd_sc_hd__a22o_2)
     1    0.04                           u_wb_mux._074_ (net)
                  0.12    0.01   19.58 v u_wb_mux._186_/C1 (sky130_fd_sc_hd__a211o_2)
                  0.24    0.49   20.06 v u_wb_mux._186_/X (sky130_fd_sc_hd__a211o_2)
     3    0.09                           u_regfile.wd[26] (net)
                  0.32    0.01   20.08 v u_regfile.u_sram_rs1/din0[26] (sky130_sram_1kbyte_1rw1r_32x256_8)
                                 20.08   data arrival time

                  0.10   20.00   20.00   clock clk (rise edge)
                          0.00   20.00   clock network delay (ideal)
                         -0.20   19.80   clock uncertainty
                          0.00   19.80   clock reconvergence pessimism
                                 19.80 ^ u_regfile.u_sram_rs1/clk0 (sky130_sram_1kbyte_1rw1r_32x256_8)
                         -0.10   19.70   library setup time
                                 19.70   data required time
-----------------------------------------------------------------------------
                                 19.70   data required time
                                -20.08   data arrival time
-----------------------------------------------------------------------------
                                 -0.38   slack (VIOLATED)


Startpoint: u_imem.u_sram (falling edge-triggered flip-flop clocked by clk)
Endpoint: u_regfile.u_sram_rs2 (falling edge-triggered flip-flop clocked by clk)
Path Group: clk
Path Type: max

Fanout     Cap    Slew   Delay    Time   Description
-----------------------------------------------------------------------------
                  0.10   10.00   10.00   clock clk (fall edge)
                          0.00   10.00   clock network delay (ideal)
                  0.10    0.00   10.00 v u_imem.u_sram/clk1 (sky130_sram_1kbyte_1rw1r_32x256_8)
                  0.15    1.86   11.86 v u_imem.u_sram/dout1[6] (sky130_sram_1kbyte_1rw1r_32x256_8)
     8    0.27                           dbg_instr[6] (net)
                  0.11    0.18   12.03 v u_decoder_controller._17_/B (sky130_fd_sc_hd__or3b_2)
                  0.13    0.54   12.57 v u_decoder_controller._17_/X (sky130_fd_sc_hd__or3b_2)
     4    0.02                           u_decoder_controller._03_ (net)
                  0.13    0.00   12.57 v u_decoder_controller._26_/A2 (sky130_fd_sc_hd__a21oi_2)
                  0.15    0.20   12.77 ^ u_decoder_controller._26_/Y (sky130_fd_sc_hd__a21oi_2)
     3    0.01                           u_decoder_controller._08_ (net)
                  0.15    0.00   12.77 ^ u_decoder_controller._32_/B1 (sky130_fd_sc_hd__a21o_2)
                  0.11    0.18   12.95 ^ u_decoder_controller._32_/X (sky130_fd_sc_hd__a21o_2)
     5    0.02                           u_decoder_controller.alu_src (net)
                  0.11    0.00   12.95 ^ _271_/A (sky130_fd_sc_hd__buf_1)
                  0.48    0.40   13.35 ^ _271_/X (sky130_fd_sc_hd__buf_1)
    10    0.04                           _004_ (net)
                  0.48    0.00   13.35 ^ _272_/S (sky130_fd_sc_hd__mux2_2)
                  0.05    0.25   13.60 ^ _272_/X (sky130_fd_sc_hd__mux2_2)
     1    0.00                           _005_ (net)
                  0.05    0.00   13.60 ^ _273_/A (sky130_fd_sc_hd__buf_1)
                  0.07    0.11   13.71 ^ _273_/X (sky130_fd_sc_hd__buf_1)
     2    0.01                           u_alu.B[0] (net)
                  0.07    0.00   13.71 ^ u_alu._1162_/A (sky130_fd_sc_hd__buf_1)
                  1.05    0.78   14.48 ^ u_alu._1162_/X (sky130_fd_sc_hd__buf_1)
    10    0.09                           u_alu._0285_ (net)
                  1.05    0.02   14.51 ^ u_alu._1261_/A (sky130_fd_sc_hd__buf_1)
                  0.69    0.61   15.11 ^ u_alu._1261_/X (sky130_fd_sc_hd__buf_1)
    10    0.06                           u_alu._0384_ (net)
                  0.69    0.00   15.11 ^ u_alu._1262_/A (sky130_fd_sc_hd__buf_1)
                  0.76    0.65   15.76 ^ u_alu._1262_/X (sky130_fd_sc_hd__buf_1)
    10    0.07                           u_alu._0385_ (net)
                  0.76    0.00   15.76 ^ u_alu._1266_/A (sky130_fd_sc_hd__buf_1)
                  0.67    0.59   16.35 ^ u_alu._1266_/X (sky130_fd_sc_hd__buf_1)
    10    0.06                           u_alu._0389_ (net)
                  0.67    0.00   16.35 ^ u_alu._1647_/A (sky130_fd_sc_hd__buf_1)
                  0.85    0.71   17.06 ^ u_alu._1647_/X (sky130_fd_sc_hd__buf_1)
    10    0.07                           u_alu._0763_ (net)
                  0.85    0.00   17.07 ^ u_alu._1816_/S0 (sky130_fd_sc_hd__mux4_2)
                  0.10    0.63   17.70 v u_alu._1816_/X (sky130_fd_sc_hd__mux4_2)
     2    0.01                           u_alu._0927_ (net)
                  0.10    0.00   17.70 v u_alu._1817_/A3 (sky130_fd_sc_hd__mux4_2)
                  0.11    0.54   18.23 v u_alu._1817_/X (sky130_fd_sc_hd__mux4_2)
     1    0.01                           u_alu._0928_ (net)
                  0.11    0.00   18.23 v u_alu._1824_/A2 (sky130_fd_sc_hd__a221o_2)
                  0.05    0.40   18.64 v u_alu._1824_/X (sky130_fd_sc_hd__a221o_2)
     1    0.00                           u_alu._0935_ (net)
                  0.05    0.00   18.64 v u_alu._1825_/B1_N (sky130_fd_sc_hd__o21ba_2)
                  0.06    0.24   18.88 ^ u_alu._1825_/X (sky130_fd_sc_hd__o21ba_2)
     1    0.01                           u_alu._0936_ (net)
                  0.06    0.00   18.88 ^ u_alu._1826_/B1 (sky130_fd_sc_hd__o21ai_2)
                  0.08    0.09   18.97 v u_alu._1826_/Y (sky130_fd_sc_hd__o21ai_2)
     1    0.02                           u_alu._0937_ (net)
                  0.08    0.00   18.97 v u_alu._1827_/B1 (sky130_fd_sc_hd__a31o_2)
                  0.07    0.27   19.23 v u_alu._1827_/X (sky130_fd_sc_hd__a31o_2)
     1    0.02                           u_alu.Result[26] (net)
                  0.07    0.00   19.24 v u_wb_mux._185_/A1 (sky130_fd_sc_hd__a22o_2)
                  0.12    0.33   19.57 v u_wb_mux._185_/X (sky130_fd_sc_hd__a22o_2)
     1    0.04                           u_wb_mux._074_ (net)
                  0.12    0.01   19.58 v u_wb_mux._186_/C1 (sky130_fd_sc_hd__a211o_2)
                  0.24    0.49   20.06 v u_wb_mux._186_/X (sky130_fd_sc_hd__a211o_2)
     3    0.09                           u_regfile.wd[26] (net)
                  0.32    0.01   20.07 v u_regfile.u_sram_rs2/din0[26] (sky130_sram_1kbyte_1rw1r_32x256_8)
                                 20.07   data arrival time

                  0.10   20.00   20.00   clock clk (rise edge)
                          0.00   20.00   clock network delay (ideal)
                         -0.20   19.80   clock uncertainty
                          0.00   19.80   clock reconvergence pessimism
                                 19.80 ^ u_regfile.u_sram_rs2/clk0 (sky130_sram_1kbyte_1rw1r_32x256_8)
                         -0.10   19.70   library setup time
                                 19.70   data required time
-----------------------------------------------------------------------------
                                 19.70   data required time
                                -20.07   data arrival time
-----------------------------------------------------------------------------
                                 -0.37   slack (VIOLATED)


Startpoint: u_imem.u_sram (falling edge-triggered flip-flop clocked by clk)
Endpoint: u_regfile.u_sram_rs1 (falling edge-triggered flip-flop clocked by clk)
Path Group: clk
Path Type: max

Fanout     Cap    Slew   Delay    Time   Description
-----------------------------------------------------------------------------
                  0.10   10.00   10.00   clock clk (fall edge)
                          0.00   10.00   clock network delay (ideal)
                  0.10    0.00   10.00 v u_imem.u_sram/clk1 (sky130_sram_1kbyte_1rw1r_32x256_8)
                  0.17    2.10   12.10 v u_imem.u_sram/dout1[22] (sky130_sram_1kbyte_1rw1r_32x256_8)
     6    0.31                           dbg_instr[22] (net)
                  0.13    0.18   12.28 v u_regfile._082_/B (sky130_fd_sc_hd__nor3_2)
                  0.70    0.60   12.88 ^ u_regfile._082_/Y (sky130_fd_sc_hd__nor3_2)
     8    0.04                           u_regfile._011_ (net)
                  0.70    0.00   12.88 ^ u_regfile._083_/A (sky130_fd_sc_hd__buf_1)
                  0.58    0.52   13.40 ^ u_regfile._083_/X (sky130_fd_sc_hd__buf_1)
     9    0.05                           u_regfile._012_ (net)
                  0.58    0.00   13.41 ^ u_regfile._087_/A2 (sky130_fd_sc_hd__a21boi_2)
                  0.25    0.28   13.69 v u_regfile._087_/Y (sky130_fd_sc_hd__a21boi_2)
     3    0.04                           u_branch_unit.rs2_val[3] (net)
                  0.25    0.01   13.69 v _281_/A0 (sky130_fd_sc_hd__mux2_2)
                  0.05    0.35   14.04 v _281_/X (sky130_fd_sc_hd__mux2_2)
     1    0.00                           _011_ (net)
                  0.05    0.00   14.04 v _282_/A (sky130_fd_sc_hd__buf_1)
                  0.24    0.25   14.29 v _282_/X (sky130_fd_sc_hd__buf_1)
     7    0.04                           u_alu.B[3] (net)
                  0.24    0.00   14.29 v u_alu._1118_/A (sky130_fd_sc_hd__or4_2)
                  0.11    0.74   15.02 v u_alu._1118_/X (sky130_fd_sc_hd__or4_2)
     2    0.01                           u_alu._0060_ (net)
                  0.11    0.00   15.02 v u_alu._1119_/A (sky130_fd_sc_hd__buf_1)
                  0.24    0.28   15.30 v u_alu._1119_/X (sky130_fd_sc_hd__buf_1)
    10    0.04                           u_alu._0071_ (net)
                  0.24    0.00   15.31 v u_alu._1129_/A (sky130_fd_sc_hd__buf_1)
                  0.30    0.37   15.67 v u_alu._1129_/X (sky130_fd_sc_hd__buf_1)
    10    0.05                           u_alu._0174_ (net)
                  0.30    0.01   15.68 v u_alu._1147_/A (sky130_fd_sc_hd__nor3_2)
                  0.29    0.38   16.06 ^ u_alu._1147_/Y (sky130_fd_sc_hd__nor3_2)
     3    0.02                           u_alu._0270_ (net)
                  0.29    0.00   16.06 ^ u_alu._1148_/B (sky130_fd_sc_hd__xnor2_2)
                  0.13    0.16   16.22 v u_alu._1148_/Y (sky130_fd_sc_hd__xnor2_2)
     3    0.02                           u_alu._0271_ (net)
                  0.13    0.00   16.22 v u_alu._1149_/B (sky130_fd_sc_hd__xnor2_2)
                  0.15    0.18   16.40 v u_alu._1149_/Y (sky130_fd_sc_hd__xnor2_2)
     4    0.01                           u_alu._0272_ (net)
                  0.15    0.00   16.40 v u_alu._1150_/B (sky130_fd_sc_hd__or2_2)
                  0.05    0.30   16.71 v u_alu._1150_/X (sky130_fd_sc_hd__or2_2)
     1    0.00                           u_alu._0273_ (net)
                  0.05    0.00   16.71 v u_alu._1223_/A (sky130_fd_sc_hd__or4_2)
                  0.16    0.75   17.46 v u_alu._1223_/X (sky130_fd_sc_hd__or4_2)
     4    0.02                           u_alu._0346_ (net)
                  0.16    0.00   17.46 v u_alu._1417_/A1 (sky130_fd_sc_hd__o21ai_2)
                  0.27    0.30   17.76 ^ u_alu._1417_/Y (sky130_fd_sc_hd__o21ai_2)
     4    0.02                           u_alu._0538_ (net)
                  0.27    0.00   17.76 ^ u_alu._1613_/A1 (sky130_fd_sc_hd__a31o_2)
                  0.14    0.28   18.04 ^ u_alu._1613_/X (sky130_fd_sc_hd__a31o_2)
     5    0.02                           u_alu._0730_ (net)
                  0.14    0.00   18.05 ^ u_alu._1734_/A1 (sky130_fd_sc_hd__a21oi_2)
                  0.08    0.10   18.15 v u_alu._1734_/Y (sky130_fd_sc_hd__a21oi_2)
     4    0.01                           u_alu._0847_ (net)
                  0.08    0.00   18.15 v u_alu._1801_/A (sky130_fd_sc_hd__or2_2)
                  0.07    0.32   18.47 v u_alu._1801_/X (sky130_fd_sc_hd__or2_2)
     2    0.01                           u_alu._0912_ (net)
                  0.07    0.00   18.47 v u_alu._1805_/A2 (sky130_fd_sc_hd__a21o_2)
                  0.05    0.23   18.71 v u_alu._1805_/X (sky130_fd_sc_hd__a21o_2)
     3    0.01                           u_alu._0916_ (net)
                  0.05    0.00   18.71 v u_alu._1834_/B (sky130_fd_sc_hd__and3_2)
                  0.03    0.18   18.89 v u_alu._1834_/X (sky130_fd_sc_hd__and3_2)
     1    0.00                           u_alu._0944_ (net)
                  0.03    0.00   18.89 v u_alu._1835_/B (sky130_fd_sc_hd__or2_2)
                  0.06    0.27   19.17 v u_alu._1835_/X (sky130_fd_sc_hd__or2_2)
     1    0.00                           u_alu._0945_ (net)
                  0.06    0.00   19.17 v u_alu._1854_/A2 (sky130_fd_sc_hd__o21ai_2)
                  0.21    0.20   19.37 ^ u_alu._1854_/Y (sky130_fd_sc_hd__o21ai_2)
     1    0.02                           u_alu.Result[27] (net)
                  0.21    0.00   19.37 ^ u_wb_mux._188_/A1 (sky130_fd_sc_hd__a22o_2)
                  0.21    0.31   19.68 ^ u_wb_mux._188_/X (sky130_fd_sc_hd__a22o_2)
     1    0.04                           u_wb_mux._076_ (net)
                  0.21    0.01   19.69 ^ u_wb_mux._189_/C1 (sky130_fd_sc_hd__a211o_2)
                  0.32    0.34   20.03 ^ u_wb_mux._189_/X (sky130_fd_sc_hd__a211o_2)
     3    0.07                           u_regfile.wd[27] (net)
                  0.42    0.01   20.04 ^ u_regfile.u_sram_rs1/din0[27] (sky130_sram_1kbyte_1rw1r_32x256_8)
                                 20.04   data arrival time

                  0.10   20.00   20.00   clock clk (rise edge)
                          0.00   20.00   clock network delay (ideal)
                         -0.20   19.80   clock uncertainty
                          0.00   19.80   clock reconvergence pessimism
                                 19.80 ^ u_regfile.u_sram_rs1/clk0 (sky130_sram_1kbyte_1rw1r_32x256_8)
                         -0.10   19.70   library setup time
                                 19.70   data required time
-----------------------------------------------------------------------------
                                 19.70   data required time
                                -20.04   data arrival time
-----------------------------------------------------------------------------
                                 -0.34   slack (VIOLATED)


Startpoint: u_imem.u_sram (falling edge-triggered flip-flop clocked by clk)
Endpoint: u_regfile.u_sram_rs1 (falling edge-triggered flip-flop clocked by clk)
Path Group: clk
Path Type: max

Fanout     Cap    Slew   Delay    Time   Description
-----------------------------------------------------------------------------
                  0.10   10.00   10.00   clock clk (fall edge)
                          0.00   10.00   clock network delay (ideal)
                  0.10    0.00   10.00 v u_imem.u_sram/clk1 (sky130_sram_1kbyte_1rw1r_32x256_8)
                  0.17    2.10   12.10 v u_imem.u_sram/dout1[22] (sky130_sram_1kbyte_1rw1r_32x256_8)
     6    0.31                           dbg_instr[22] (net)
                  0.13    0.18   12.28 v u_regfile._082_/B (sky130_fd_sc_hd__nor3_2)
                  0.70    0.60   12.88 ^ u_regfile._082_/Y (sky130_fd_sc_hd__nor3_2)
     8    0.04                           u_regfile._011_ (net)
                  0.70    0.00   12.88 ^ u_regfile._083_/A (sky130_fd_sc_hd__buf_1)
                  0.58    0.52   13.40 ^ u_regfile._083_/X (sky130_fd_sc_hd__buf_1)
     9    0.05                           u_regfile._012_ (net)
                  0.58    0.00   13.41 ^ u_regfile._087_/A2 (sky130_fd_sc_hd__a21boi_2)
                  0.25    0.28   13.69 v u_regfile._087_/Y (sky130_fd_sc_hd__a21boi_2)
     3    0.04                           u_branch_unit.rs2_val[3] (net)
                  0.25    0.01   13.69 v _281_/A0 (sky130_fd_sc_hd__mux2_2)
                  0.05    0.35   14.04 v _281_/X (sky130_fd_sc_hd__mux2_2)
     1    0.00                           _011_ (net)
                  0.05    0.00   14.04 v _282_/A (sky130_fd_sc_hd__buf_1)
                  0.24    0.25   14.29 v _282_/X (sky130_fd_sc_hd__buf_1)
     7    0.04                           u_alu.B[3] (net)
                  0.24    0.00   14.29 v u_alu._1118_/A (sky130_fd_sc_hd__or4_2)
                  0.11    0.74   15.02 v u_alu._1118_/X (sky130_fd_sc_hd__or4_2)
     2    0.01                           u_alu._0060_ (net)
                  0.11    0.00   15.02 v u_alu._1119_/A (sky130_fd_sc_hd__buf_1)
                  0.24    0.28   15.30 v u_alu._1119_/X (sky130_fd_sc_hd__buf_1)
    10    0.04                           u_alu._0071_ (net)
                  0.24    0.00   15.31 v u_alu._1129_/A (sky130_fd_sc_hd__buf_1)
                  0.30    0.37   15.67 v u_alu._1129_/X (sky130_fd_sc_hd__buf_1)
    10    0.05                           u_alu._0174_ (net)
                  0.30    0.01   15.68 v u_alu._1147_/A (sky130_fd_sc_hd__nor3_2)
                  0.29    0.38   16.06 ^ u_alu._1147_/Y (sky130_fd_sc_hd__nor3_2)
     3    0.02                           u_alu._0270_ (net)
                  0.29    0.00   16.06 ^ u_alu._1148_/B (sky130_fd_sc_hd__xnor2_2)
                  0.13    0.16   16.22 v u_alu._1148_/Y (sky130_fd_sc_hd__xnor2_2)
     3    0.02                           u_alu._0271_ (net)
                  0.13    0.00   16.22 v u_alu._1149_/B (sky130_fd_sc_hd__xnor2_2)
                  0.15    0.18   16.40 v u_alu._1149_/Y (sky130_fd_sc_hd__xnor2_2)
     4    0.01                           u_alu._0272_ (net)
                  0.15    0.00   16.40 v u_alu._1150_/B (sky130_fd_sc_hd__or2_2)
                  0.05    0.30   16.71 v u_alu._1150_/X (sky130_fd_sc_hd__or2_2)
     1    0.00                           u_alu._0273_ (net)
                  0.05    0.00   16.71 v u_alu._1223_/A (sky130_fd_sc_hd__or4_2)
                  0.16    0.75   17.46 v u_alu._1223_/X (sky130_fd_sc_hd__or4_2)
     4    0.02                           u_alu._0346_ (net)
                  0.16    0.00   17.46 v u_alu._1417_/A1 (sky130_fd_sc_hd__o21ai_2)
                  0.27    0.30   17.76 ^ u_alu._1417_/Y (sky130_fd_sc_hd__o21ai_2)
     4    0.02                           u_alu._0538_ (net)
                  0.27    0.00   17.76 ^ u_alu._1613_/A1 (sky130_fd_sc_hd__a31o_2)
                  0.14    0.28   18.04 ^ u_alu._1613_/X (sky130_fd_sc_hd__a31o_2)
     5    0.02                           u_alu._0730_ (net)
                  0.14    0.00   18.05 ^ u_alu._1672_/C_N (sky130_fd_sc_hd__or3b_2)
                  0.09    0.48   18.53 v u_alu._1672_/X (sky130_fd_sc_hd__or3b_2)
     2    0.01                           u_alu._0787_ (net)
                  0.09    0.00   18.53 v u_alu._1674_/A2 (sky130_fd_sc_hd__a21o_2)
                  0.05    0.25   18.78 v u_alu._1674_/X (sky130_fd_sc_hd__a21o_2)
     3    0.01                           u_alu._0789_ (net)
                  0.05    0.00   18.78 v u_alu._1702_/A2 (sky130_fd_sc_hd__a21o_2)
                  0.03    0.20   18.98 v u_alu._1702_/X (sky130_fd_sc_hd__a21o_2)
     1    0.00                           u_alu._0816_ (net)
                  0.03    0.00   18.98 v u_alu._1729_/A2 (sky130_fd_sc_hd__a31o_2)
                  0.06    0.25   19.23 v u_alu._1729_/X (sky130_fd_sc_hd__a31o_2)
     1    0.01                           u_alu.Result[23] (net)
                  0.06    0.00   19.23 v u_wb_mux._176_/A1 (sky130_fd_sc_hd__a22o_2)
                  0.12    0.33   19.56 v u_wb_mux._176_/X (sky130_fd_sc_hd__a22o_2)
     1    0.04                           u_wb_mux._068_ (net)
                  0.12    0.01   19.57 v u_wb_mux._177_/C1 (sky130_fd_sc_hd__a211o_2)
                  0.20    0.46   20.03 v u_wb_mux._177_/X (sky130_fd_sc_hd__a211o_2)
     3    0.07                           u_regfile.wd[23] (net)
                  0.27    0.01   20.04 v u_regfile.u_sram_rs1/din0[23] (sky130_sram_1kbyte_1rw1r_32x256_8)
                                 20.04   data arrival time

                  0.10   20.00   20.00   clock clk (rise edge)
                          0.00   20.00   clock network delay (ideal)
                         -0.20   19.80   clock uncertainty
                          0.00   19.80   clock reconvergence pessimism
                                 19.80 ^ u_regfile.u_sram_rs1/clk0 (sky130_sram_1kbyte_1rw1r_32x256_8)
                         -0.10   19.70   library setup time
                                 19.70   data required time
-----------------------------------------------------------------------------
                                 19.70   data required time
                                -20.04   data arrival time
-----------------------------------------------------------------------------
                                 -0.34   slack (VIOLATED)


Startpoint: u_imem.u_sram (falling edge-triggered flip-flop clocked by clk)
Endpoint: u_regfile.u_sram_rs2 (falling edge-triggered flip-flop clocked by clk)
Path Group: clk
Path Type: max

Fanout     Cap    Slew   Delay    Time   Description
-----------------------------------------------------------------------------
                  0.10   10.00   10.00   clock clk (fall edge)
                          0.00   10.00   clock network delay (ideal)
                  0.10    0.00   10.00 v u_imem.u_sram/clk1 (sky130_sram_1kbyte_1rw1r_32x256_8)
                  0.17    2.10   12.10 v u_imem.u_sram/dout1[22] (sky130_sram_1kbyte_1rw1r_32x256_8)
     6    0.31                           dbg_instr[22] (net)
                  0.13    0.18   12.28 v u_regfile._082_/B (sky130_fd_sc_hd__nor3_2)
                  0.70    0.60   12.88 ^ u_regfile._082_/Y (sky130_fd_sc_hd__nor3_2)
     8    0.04                           u_regfile._011_ (net)
                  0.70    0.00   12.88 ^ u_regfile._083_/A (sky130_fd_sc_hd__buf_1)
                  0.58    0.52   13.40 ^ u_regfile._083_/X (sky130_fd_sc_hd__buf_1)
     9    0.05                           u_regfile._012_ (net)
                  0.58    0.00   13.41 ^ u_regfile._087_/A2 (sky130_fd_sc_hd__a21boi_2)
                  0.25    0.28   13.69 v u_regfile._087_/Y (sky130_fd_sc_hd__a21boi_2)
     3    0.04                           u_branch_unit.rs2_val[3] (net)
                  0.25    0.01   13.69 v _281_/A0 (sky130_fd_sc_hd__mux2_2)
                  0.05    0.35   14.04 v _281_/X (sky130_fd_sc_hd__mux2_2)
     1    0.00                           _011_ (net)
                  0.05    0.00   14.04 v _282_/A (sky130_fd_sc_hd__buf_1)
                  0.24    0.25   14.29 v _282_/X (sky130_fd_sc_hd__buf_1)
     7    0.04                           u_alu.B[3] (net)
                  0.24    0.00   14.29 v u_alu._1118_/A (sky130_fd_sc_hd__or4_2)
                  0.11    0.74   15.02 v u_alu._1118_/X (sky130_fd_sc_hd__or4_2)
     2    0.01                           u_alu._0060_ (net)
                  0.11    0.00   15.02 v u_alu._1119_/A (sky130_fd_sc_hd__buf_1)
                  0.24    0.28   15.30 v u_alu._1119_/X (sky130_fd_sc_hd__buf_1)
    10    0.04                           u_alu._0071_ (net)
                  0.24    0.00   15.31 v u_alu._1129_/A (sky130_fd_sc_hd__buf_1)
                  0.30    0.37   15.67 v u_alu._1129_/X (sky130_fd_sc_hd__buf_1)
    10    0.05                           u_alu._0174_ (net)
                  0.30    0.01   15.68 v u_alu._1147_/A (sky130_fd_sc_hd__nor3_2)
                  0.29    0.38   16.06 ^ u_alu._1147_/Y (sky130_fd_sc_hd__nor3_2)
     3    0.02                           u_alu._0270_ (net)
                  0.29    0.00   16.06 ^ u_alu._1148_/B (sky130_fd_sc_hd__xnor2_2)
                  0.13    0.16   16.22 v u_alu._1148_/Y (sky130_fd_sc_hd__xnor2_2)
     3    0.02                           u_alu._0271_ (net)
                  0.13    0.00   16.22 v u_alu._1149_/B (sky130_fd_sc_hd__xnor2_2)
                  0.15    0.18   16.40 v u_alu._1149_/Y (sky130_fd_sc_hd__xnor2_2)
     4    0.01                           u_alu._0272_ (net)
                  0.15    0.00   16.40 v u_alu._1150_/B (sky130_fd_sc_hd__or2_2)
                  0.05    0.30   16.71 v u_alu._1150_/X (sky130_fd_sc_hd__or2_2)
     1    0.00                           u_alu._0273_ (net)
                  0.05    0.00   16.71 v u_alu._1223_/A (sky130_fd_sc_hd__or4_2)
                  0.16    0.75   17.46 v u_alu._1223_/X (sky130_fd_sc_hd__or4_2)
     4    0.02                           u_alu._0346_ (net)
                  0.16    0.00   17.46 v u_alu._1417_/A1 (sky130_fd_sc_hd__o21ai_2)
                  0.27    0.30   17.76 ^ u_alu._1417_/Y (sky130_fd_sc_hd__o21ai_2)
     4    0.02                           u_alu._0538_ (net)
                  0.27    0.00   17.76 ^ u_alu._1613_/A1 (sky130_fd_sc_hd__a31o_2)
                  0.14    0.28   18.04 ^ u_alu._1613_/X (sky130_fd_sc_hd__a31o_2)
     5    0.02                           u_alu._0730_ (net)
                  0.14    0.00   18.05 ^ u_alu._1734_/A1 (sky130_fd_sc_hd__a21oi_2)
                  0.08    0.10   18.15 v u_alu._1734_/Y (sky130_fd_sc_hd__a21oi_2)
     4    0.01                           u_alu._0847_ (net)
                  0.08    0.00   18.15 v u_alu._1801_/A (sky130_fd_sc_hd__or2_2)
                  0.07    0.32   18.47 v u_alu._1801_/X (sky130_fd_sc_hd__or2_2)
     2    0.01                           u_alu._0912_ (net)
                  0.07    0.00   18.47 v u_alu._1805_/A2 (sky130_fd_sc_hd__a21o_2)
                  0.05    0.23   18.71 v u_alu._1805_/X (sky130_fd_sc_hd__a21o_2)
     3    0.01                           u_alu._0916_ (net)
                  0.05    0.00   18.71 v u_alu._1834_/B (sky130_fd_sc_hd__and3_2)
                  0.03    0.18   18.89 v u_alu._1834_/X (sky130_fd_sc_hd__and3_2)
     1    0.00                           u_alu._0944_ (net)
                  0.03    0.00   18.89 v u_alu._1835_/B (sky130_fd_sc_hd__or2_2)
                  0.06    0.27   19.17 v u_alu._1835_/X (sky130_fd_sc_hd__or2_2)
     1    0.00                           u_alu._0945_ (net)
                  0.06    0.00   19.17 v u_alu._1854_/A2 (sky130_fd_sc_hd__o21ai_2)
                  0.21    0.20   19.37 ^ u_alu._1854_/Y (sky130_fd_sc_hd__o21ai_2)
     1    0.02                           u_alu.Result[27] (net)
                  0.21    0.00   19.37 ^ u_wb_mux._188_/A1 (sky130_fd_sc_hd__a22o_2)
                  0.21    0.31   19.68 ^ u_wb_mux._188_/X (sky130_fd_sc_hd__a22o_2)
     1    0.04                           u_wb_mux._076_ (net)
                  0.21    0.01   19.69 ^ u_wb_mux._189_/C1 (sky130_fd_sc_hd__a211o_2)
                  0.32    0.34   20.03 ^ u_wb_mux._189_/X (sky130_fd_sc_hd__a211o_2)
     3    0.07                           u_regfile.wd[27] (net)
                  0.42    0.01   20.03 ^ u_regfile.u_sram_rs2/din0[27] (sky130_sram_1kbyte_1rw1r_32x256_8)
                                 20.03   data arrival time

                  0.10   20.00   20.00   clock clk (rise edge)
                          0.00   20.00   clock network delay (ideal)
                         -0.20   19.80   clock uncertainty
                          0.00   19.80   clock reconvergence pessimism
                                 19.80 ^ u_regfile.u_sram_rs2/clk0 (sky130_sram_1kbyte_1rw1r_32x256_8)
                         -0.10   19.70   library setup time
                                 19.70   data required time
-----------------------------------------------------------------------------
                                 19.70   data required time
                                -20.03   data arrival time
-----------------------------------------------------------------------------
                                 -0.34   slack (VIOLATED)


Startpoint: u_imem.u_sram (falling edge-triggered flip-flop clocked by clk)
Endpoint: u_regfile.u_sram_rs2 (falling edge-triggered flip-flop clocked by clk)
Path Group: clk
Path Type: max

Fanout     Cap    Slew   Delay    Time   Description
-----------------------------------------------------------------------------
                  0.10   10.00   10.00   clock clk (fall edge)
                          0.00   10.00   clock network delay (ideal)
                  0.10    0.00   10.00 v u_imem.u_sram/clk1 (sky130_sram_1kbyte_1rw1r_32x256_8)
                  0.17    2.10   12.10 v u_imem.u_sram/dout1[22] (sky130_sram_1kbyte_1rw1r_32x256_8)
     6    0.31                           dbg_instr[22] (net)
                  0.13    0.18   12.28 v u_regfile._082_/B (sky130_fd_sc_hd__nor3_2)
                  0.70    0.60   12.88 ^ u_regfile._082_/Y (sky130_fd_sc_hd__nor3_2)
     8    0.04                           u_regfile._011_ (net)
                  0.70    0.00   12.88 ^ u_regfile._083_/A (sky130_fd_sc_hd__buf_1)
                  0.58    0.52   13.40 ^ u_regfile._083_/X (sky130_fd_sc_hd__buf_1)
     9    0.05                           u_regfile._012_ (net)
                  0.58    0.00   13.41 ^ u_regfile._087_/A2 (sky130_fd_sc_hd__a21boi_2)
                  0.25    0.28   13.69 v u_regfile._087_/Y (sky130_fd_sc_hd__a21boi_2)
     3    0.04                           u_branch_unit.rs2_val[3] (net)
                  0.25    0.01   13.69 v _281_/A0 (sky130_fd_sc_hd__mux2_2)
                  0.05    0.35   14.04 v _281_/X (sky130_fd_sc_hd__mux2_2)
     1    0.00                           _011_ (net)
                  0.05    0.00   14.04 v _282_/A (sky130_fd_sc_hd__buf_1)
                  0.24    0.25   14.29 v _282_/X (sky130_fd_sc_hd__buf_1)
     7    0.04                           u_alu.B[3] (net)
                  0.24    0.00   14.29 v u_alu._1118_/A (sky130_fd_sc_hd__or4_2)
                  0.11    0.74   15.02 v u_alu._1118_/X (sky130_fd_sc_hd__or4_2)
     2    0.01                           u_alu._0060_ (net)
                  0.11    0.00   15.02 v u_alu._1119_/A (sky130_fd_sc_hd__buf_1)
                  0.24    0.28   15.30 v u_alu._1119_/X (sky130_fd_sc_hd__buf_1)
    10    0.04                           u_alu._0071_ (net)
                  0.24    0.00   15.31 v u_alu._1129_/A (sky130_fd_sc_hd__buf_1)
                  0.30    0.37   15.67 v u_alu._1129_/X (sky130_fd_sc_hd__buf_1)
    10    0.05                           u_alu._0174_ (net)
                  0.30    0.01   15.68 v u_alu._1147_/A (sky130_fd_sc_hd__nor3_2)
                  0.29    0.38   16.06 ^ u_alu._1147_/Y (sky130_fd_sc_hd__nor3_2)
     3    0.02                           u_alu._0270_ (net)
                  0.29    0.00   16.06 ^ u_alu._1148_/B (sky130_fd_sc_hd__xnor2_2)
                  0.13    0.16   16.22 v u_alu._1148_/Y (sky130_fd_sc_hd__xnor2_2)
     3    0.02                           u_alu._0271_ (net)
                  0.13    0.00   16.22 v u_alu._1149_/B (sky130_fd_sc_hd__xnor2_2)
                  0.15    0.18   16.40 v u_alu._1149_/Y (sky130_fd_sc_hd__xnor2_2)
     4    0.01                           u_alu._0272_ (net)
                  0.15    0.00   16.40 v u_alu._1150_/B (sky130_fd_sc_hd__or2_2)
                  0.05    0.30   16.71 v u_alu._1150_/X (sky130_fd_sc_hd__or2_2)
     1    0.00                           u_alu._0273_ (net)
                  0.05    0.00   16.71 v u_alu._1223_/A (sky130_fd_sc_hd__or4_2)
                  0.16    0.75   17.46 v u_alu._1223_/X (sky130_fd_sc_hd__or4_2)
     4    0.02                           u_alu._0346_ (net)
                  0.16    0.00   17.46 v u_alu._1417_/A1 (sky130_fd_sc_hd__o21ai_2)
                  0.27    0.30   17.76 ^ u_alu._1417_/Y (sky130_fd_sc_hd__o21ai_2)
     4    0.02                           u_alu._0538_ (net)
                  0.27    0.00   17.76 ^ u_alu._1613_/A1 (sky130_fd_sc_hd__a31o_2)
                  0.14    0.28   18.04 ^ u_alu._1613_/X (sky130_fd_sc_hd__a31o_2)
     5    0.02                           u_alu._0730_ (net)
                  0.14    0.00   18.05 ^ u_alu._1672_/C_N (sky130_fd_sc_hd__or3b_2)
                  0.09    0.48   18.53 v u_alu._1672_/X (sky130_fd_sc_hd__or3b_2)
     2    0.01                           u_alu._0787_ (net)
                  0.09    0.00   18.53 v u_alu._1674_/A2 (sky130_fd_sc_hd__a21o_2)
                  0.05    0.25   18.78 v u_alu._1674_/X (sky130_fd_sc_hd__a21o_2)
     3    0.01                           u_alu._0789_ (net)
                  0.05    0.00   18.78 v u_alu._1702_/A2 (sky130_fd_sc_hd__a21o_2)
                  0.03    0.20   18.98 v u_alu._1702_/X (sky130_fd_sc_hd__a21o_2)
     1    0.00                           u_alu._0816_ (net)
                  0.03    0.00   18.98 v u_alu._1729_/A2 (sky130_fd_sc_hd__a31o_2)
                  0.06    0.25   19.23 v u_alu._1729_/X (sky130_fd_sc_hd__a31o_2)
     1    0.01                           u_alu.Result[23] (net)
                  0.06    0.00   19.23 v u_wb_mux._176_/A1 (sky130_fd_sc_hd__a22o_2)
                  0.12    0.33   19.56 v u_wb_mux._176_/X (sky130_fd_sc_hd__a22o_2)
     1    0.04                           u_wb_mux._068_ (net)
                  0.12    0.01   19.57 v u_wb_mux._177_/C1 (sky130_fd_sc_hd__a211o_2)
                  0.20    0.46   20.03 v u_wb_mux._177_/X (sky130_fd_sc_hd__a211o_2)
     3    0.07                           u_regfile.wd[23] (net)
                  0.27    0.01   20.03 v u_regfile.u_sram_rs2/din0[23] (sky130_sram_1kbyte_1rw1r_32x256_8)
                                 20.03   data arrival time

                  0.10   20.00   20.00   clock clk (rise edge)
                          0.00   20.00   clock network delay (ideal)
                         -0.20   19.80   clock uncertainty
                          0.00   19.80   clock reconvergence pessimism
                                 19.80 ^ u_regfile.u_sram_rs2/clk0 (sky130_sram_1kbyte_1rw1r_32x256_8)
                         -0.10   19.70   library setup time
                                 19.70   data required time
-----------------------------------------------------------------------------
                                 19.70   data required time
                                -20.03   data arrival time
-----------------------------------------------------------------------------
                                 -0.33   slack (VIOLATED)


Startpoint: u_imem.u_sram (falling edge-triggered flip-flop clocked by clk)
Endpoint: u_regfile.u_sram_rs2 (falling edge-triggered flip-flop clocked by clk)
Path Group: clk
Path Type: max

Fanout     Cap    Slew   Delay    Time   Description
-----------------------------------------------------------------------------
                  0.10   10.00   10.00   clock clk (fall edge)
                          0.00   10.00   clock network delay (ideal)
                  0.10    0.00   10.00 v u_imem.u_sram/clk1 (sky130_sram_1kbyte_1rw1r_32x256_8)
                  0.15    1.86   11.86 v u_imem.u_sram/dout1[6] (sky130_sram_1kbyte_1rw1r_32x256_8)
     8    0.27                           dbg_instr[6] (net)
                  0.11    0.18   12.03 v u_decoder_controller._17_/B (sky130_fd_sc_hd__or3b_2)
                  0.13    0.54   12.57 v u_decoder_controller._17_/X (sky130_fd_sc_hd__or3b_2)
     4    0.02                           u_decoder_controller._03_ (net)
                  0.13    0.00   12.57 v u_decoder_controller._26_/A2 (sky130_fd_sc_hd__a21oi_2)
                  0.15    0.20   12.77 ^ u_decoder_controller._26_/Y (sky130_fd_sc_hd__a21oi_2)
     3    0.01                           u_decoder_controller._08_ (net)
                  0.15    0.00   12.77 ^ u_decoder_controller._32_/B1 (sky130_fd_sc_hd__a21o_2)
                  0.11    0.18   12.95 ^ u_decoder_controller._32_/X (sky130_fd_sc_hd__a21o_2)
     5    0.02                           u_decoder_controller.alu_src (net)
                  0.11    0.00   12.95 ^ _271_/A (sky130_fd_sc_hd__buf_1)
                  0.48    0.40   13.35 ^ _271_/X (sky130_fd_sc_hd__buf_1)
    10    0.04                           _004_ (net)
                  0.48    0.00   13.35 ^ _272_/S (sky130_fd_sc_hd__mux2_2)
                  0.05    0.25   13.60 ^ _272_/X (sky130_fd_sc_hd__mux2_2)
     1    0.00                           _005_ (net)
                  0.05    0.00   13.60 ^ _273_/A (sky130_fd_sc_hd__buf_1)
                  0.07    0.11   13.71 ^ _273_/X (sky130_fd_sc_hd__buf_1)
     2    0.01                           u_alu.B[0] (net)
                  0.07    0.00   13.71 ^ u_alu._1162_/A (sky130_fd_sc_hd__buf_1)
                  1.05    0.78   14.48 ^ u_alu._1162_/X (sky130_fd_sc_hd__buf_1)
    10    0.09                           u_alu._0285_ (net)
                  1.05    0.02   14.51 ^ u_alu._1261_/A (sky130_fd_sc_hd__buf_1)
                  0.69    0.61   15.11 ^ u_alu._1261_/X (sky130_fd_sc_hd__buf_1)
    10    0.06                           u_alu._0384_ (net)
                  0.69    0.00   15.11 ^ u_alu._1262_/A (sky130_fd_sc_hd__buf_1)
                  0.76    0.65   15.76 ^ u_alu._1262_/X (sky130_fd_sc_hd__buf_1)
    10    0.07                           u_alu._0385_ (net)
                  0.76    0.00   15.76 ^ u_alu._1266_/A (sky130_fd_sc_hd__buf_1)
                  0.67    0.59   16.35 ^ u_alu._1266_/X (sky130_fd_sc_hd__buf_1)
    10    0.06                           u_alu._0389_ (net)
                  0.67    0.00   16.35 ^ u_alu._1647_/A (sky130_fd_sc_hd__buf_1)
                  0.85    0.71   17.06 ^ u_alu._1647_/X (sky130_fd_sc_hd__buf_1)
    10    0.07                           u_alu._0763_ (net)
                  0.85    0.00   17.06 ^ u_alu._1648_/S0 (sky130_fd_sc_hd__mux4_2)
                  0.10    0.63   17.70 v u_alu._1648_/X (sky130_fd_sc_hd__mux4_2)
     3    0.01                           u_alu._0764_ (net)
                  0.10    0.00   17.70 v u_alu._1649_/A2 (sky130_fd_sc_hd__mux4_2)
                  0.09    0.49   18.18 v u_alu._1649_/X (sky130_fd_sc_hd__mux4_2)
     1    0.01                           u_alu._0765_ (net)
                  0.09    0.00   18.18 v u_alu._1657_/A2 (sky130_fd_sc_hd__a21o_2)
                  0.03    0.22   18.41 v u_alu._1657_/X (sky130_fd_sc_hd__a21o_2)
     1    0.00                           u_alu._0773_ (net)
                  0.03    0.00   18.41 v u_alu._1666_/A2 (sky130_fd_sc_hd__a211o_2)
                  0.11    0.40   18.80 v u_alu._1666_/X (sky130_fd_sc_hd__a211o_2)
     1    0.03                           u_alu._0782_ (net)
                  0.11    0.00   18.81 v u_alu._1667_/C1 (sky130_fd_sc_hd__a211o_2)
                  0.08    0.33   19.14 v u_alu._1667_/X (sky130_fd_sc_hd__a211o_2)
     1    0.01                           u_alu.Result[21] (net)
                  0.08    0.00   19.14 v u_wb_mux._170_/A1 (sky130_fd_sc_hd__a22o_2)
                  0.11    0.33   19.47 v u_wb_mux._170_/X (sky130_fd_sc_hd__a22o_2)
     1    0.04                           u_wb_mux._064_ (net)
                  0.11    0.01   19.48 v u_wb_mux._171_/C1 (sky130_fd_sc_hd__a211o_2)
                  0.27    0.52   20.00 v u_wb_mux._171_/X (sky130_fd_sc_hd__a211o_2)
     3    0.11                           u_regfile.wd[21] (net)
                  0.36    0.02   20.02 v u_regfile.u_sram_rs2/din0[21] (sky130_sram_1kbyte_1rw1r_32x256_8)
                                 20.02   data arrival time

                  0.10   20.00   20.00   clock clk (rise edge)
                          0.00   20.00   clock network delay (ideal)
                         -0.20   19.80   clock uncertainty
                          0.00   19.80   clock reconvergence pessimism
                                 19.80 ^ u_regfile.u_sram_rs2/clk0 (sky130_sram_1kbyte_1rw1r_32x256_8)
                         -0.10   19.70   library setup time
                                 19.70   data required time
-----------------------------------------------------------------------------
                                 19.70   data required time
                                -20.02   data arrival time
-----------------------------------------------------------------------------
                                 -0.32   slack (VIOLATED)


Startpoint: u_imem.u_sram (falling edge-triggered flip-flop clocked by clk)
Endpoint: u_regfile.u_sram_rs1 (falling edge-triggered flip-flop clocked by clk)
Path Group: clk
Path Type: max

Fanout     Cap    Slew   Delay    Time   Description
-----------------------------------------------------------------------------
                  0.10   10.00   10.00   clock clk (fall edge)
                          0.00   10.00   clock network delay (ideal)
                  0.10    0.00   10.00 v u_imem.u_sram/clk1 (sky130_sram_1kbyte_1rw1r_32x256_8)
                  0.15    1.86   11.86 v u_imem.u_sram/dout1[6] (sky130_sram_1kbyte_1rw1r_32x256_8)
     8    0.27                           dbg_instr[6] (net)
                  0.11    0.18   12.03 v u_decoder_controller._17_/B (sky130_fd_sc_hd__or3b_2)
                  0.13    0.54   12.57 v u_decoder_controller._17_/X (sky130_fd_sc_hd__or3b_2)
     4    0.02                           u_decoder_controller._03_ (net)
                  0.13    0.00   12.57 v u_decoder_controller._26_/A2 (sky130_fd_sc_hd__a21oi_2)
                  0.15    0.20   12.77 ^ u_decoder_controller._26_/Y (sky130_fd_sc_hd__a21oi_2)
     3    0.01                           u_decoder_controller._08_ (net)
                  0.15    0.00   12.77 ^ u_decoder_controller._32_/B1 (sky130_fd_sc_hd__a21o_2)
                  0.11    0.18   12.95 ^ u_decoder_controller._32_/X (sky130_fd_sc_hd__a21o_2)
     5    0.02                           u_decoder_controller.alu_src (net)
                  0.11    0.00   12.95 ^ _271_/A (sky130_fd_sc_hd__buf_1)
                  0.48    0.40   13.35 ^ _271_/X (sky130_fd_sc_hd__buf_1)
    10    0.04                           _004_ (net)
                  0.48    0.00   13.35 ^ _272_/S (sky130_fd_sc_hd__mux2_2)
                  0.05    0.25   13.60 ^ _272_/X (sky130_fd_sc_hd__mux2_2)
     1    0.00                           _005_ (net)
                  0.05    0.00   13.60 ^ _273_/A (sky130_fd_sc_hd__buf_1)
                  0.07    0.11   13.71 ^ _273_/X (sky130_fd_sc_hd__buf_1)
     2    0.01                           u_alu.B[0] (net)
                  0.07    0.00   13.71 ^ u_alu._1162_/A (sky130_fd_sc_hd__buf_1)
                  1.05    0.78   14.48 ^ u_alu._1162_/X (sky130_fd_sc_hd__buf_1)
    10    0.09                           u_alu._0285_ (net)
                  1.05    0.02   14.51 ^ u_alu._1261_/A (sky130_fd_sc_hd__buf_1)
                  0.69    0.61   15.11 ^ u_alu._1261_/X (sky130_fd_sc_hd__buf_1)
    10    0.06                           u_alu._0384_ (net)
                  0.69    0.00   15.11 ^ u_alu._1262_/A (sky130_fd_sc_hd__buf_1)
                  0.76    0.65   15.76 ^ u_alu._1262_/X (sky130_fd_sc_hd__buf_1)
    10    0.07                           u_alu._0385_ (net)
                  0.76    0.00   15.76 ^ u_alu._1266_/A (sky130_fd_sc_hd__buf_1)
                  0.67    0.59   16.35 ^ u_alu._1266_/X (sky130_fd_sc_hd__buf_1)
    10    0.06                           u_alu._0389_ (net)
                  0.67    0.00   16.35 ^ u_alu._1647_/A (sky130_fd_sc_hd__buf_1)
                  0.85    0.71   17.06 ^ u_alu._1647_/X (sky130_fd_sc_hd__buf_1)
    10    0.07                           u_alu._0763_ (net)
                  0.85    0.00   17.06 ^ u_alu._1648_/S0 (sky130_fd_sc_hd__mux4_2)
                  0.10    0.63   17.70 v u_alu._1648_/X (sky130_fd_sc_hd__mux4_2)
     3    0.01                           u_alu._0764_ (net)
                  0.10    0.00   17.70 v u_alu._1649_/A2 (sky130_fd_sc_hd__mux4_2)
                  0.09    0.49   18.18 v u_alu._1649_/X (sky130_fd_sc_hd__mux4_2)
     1    0.01                           u_alu._0765_ (net)
                  0.09    0.00   18.18 v u_alu._1657_/A2 (sky130_fd_sc_hd__a21o_2)
                  0.03    0.22   18.41 v u_alu._1657_/X (sky130_fd_sc_hd__a21o_2)
     1    0.00                           u_alu._0773_ (net)
                  0.03    0.00   18.41 v u_alu._1666_/A2 (sky130_fd_sc_hd__a211o_2)
                  0.11    0.40   18.80 v u_alu._1666_/X (sky130_fd_sc_hd__a211o_2)
     1    0.03                           u_alu._0782_ (net)
                  0.11    0.00   18.81 v u_alu._1667_/C1 (sky130_fd_sc_hd__a211o_2)
                  0.08    0.33   19.14 v u_alu._1667_/X (sky130_fd_sc_hd__a211o_2)
     1    0.01                           u_alu.Result[21] (net)
                  0.08    0.00   19.14 v u_wb_mux._170_/A1 (sky130_fd_sc_hd__a22o_2)
                  0.11    0.33   19.47 v u_wb_mux._170_/X (sky130_fd_sc_hd__a22o_2)
     1    0.04                           u_wb_mux._064_ (net)
                  0.11    0.01   19.48 v u_wb_mux._171_/C1 (sky130_fd_sc_hd__a211o_2)
                  0.27    0.52   20.00 v u_wb_mux._171_/X (sky130_fd_sc_hd__a211o_2)
     3    0.11                           u_regfile.wd[21] (net)
                  0.36    0.01   20.01 v u_regfile.u_sram_rs1/din0[21] (sky130_sram_1kbyte_1rw1r_32x256_8)
                                 20.01   data arrival time

                  0.10   20.00   20.00   clock clk (rise edge)
                          0.00   20.00   clock network delay (ideal)
                         -0.20   19.80   clock uncertainty
                          0.00   19.80   clock reconvergence pessimism
                                 19.80 ^ u_regfile.u_sram_rs1/clk0 (sky130_sram_1kbyte_1rw1r_32x256_8)
                         -0.10   19.70   library setup time
                                 19.70   data required time
-----------------------------------------------------------------------------
                                 19.70   data required time
                                -20.01   data arrival time
-----------------------------------------------------------------------------
                                 -0.31   slack (VIOLATED)


Startpoint: u_imem.u_sram (falling edge-triggered flip-flop clocked by clk)
Endpoint: u_regfile.u_sram_rs2 (falling edge-triggered flip-flop clocked by clk)
Path Group: clk
Path Type: max

Fanout     Cap    Slew   Delay    Time   Description
-----------------------------------------------------------------------------
                  0.10   10.00   10.00   clock clk (fall edge)
                          0.00   10.00   clock network delay (ideal)
                  0.10    0.00   10.00 v u_imem.u_sram/clk1 (sky130_sram_1kbyte_1rw1r_32x256_8)
                  0.17    2.10   12.10 v u_imem.u_sram/dout1[22] (sky130_sram_1kbyte_1rw1r_32x256_8)
     6    0.31                           dbg_instr[22] (net)
                  0.13    0.18   12.28 v u_regfile._082_/B (sky130_fd_sc_hd__nor3_2)
                  0.70    0.60   12.88 ^ u_regfile._082_/Y (sky130_fd_sc_hd__nor3_2)
     8    0.04                           u_regfile._011_ (net)
                  0.70    0.00   12.88 ^ u_regfile._083_/A (sky130_fd_sc_hd__buf_1)
                  0.58    0.52   13.40 ^ u_regfile._083_/X (sky130_fd_sc_hd__buf_1)
     9    0.05                           u_regfile._012_ (net)
                  0.58    0.00   13.41 ^ u_regfile._087_/A2 (sky130_fd_sc_hd__a21boi_2)
                  0.25    0.28   13.69 v u_regfile._087_/Y (sky130_fd_sc_hd__a21boi_2)
     3    0.04                           u_branch_unit.rs2_val[3] (net)
                  0.25    0.01   13.69 v _281_/A0 (sky130_fd_sc_hd__mux2_2)
                  0.05    0.35   14.04 v _281_/X (sky130_fd_sc_hd__mux2_2)
     1    0.00                           _011_ (net)
                  0.05    0.00   14.04 v _282_/A (sky130_fd_sc_hd__buf_1)
                  0.24    0.25   14.29 v _282_/X (sky130_fd_sc_hd__buf_1)
     7    0.04                           u_alu.B[3] (net)
                  0.24    0.00   14.29 v u_alu._1118_/A (sky130_fd_sc_hd__or4_2)
                  0.11    0.74   15.02 v u_alu._1118_/X (sky130_fd_sc_hd__or4_2)
     2    0.01                           u_alu._0060_ (net)
                  0.11    0.00   15.02 v u_alu._1119_/A (sky130_fd_sc_hd__buf_1)
                  0.24    0.28   15.30 v u_alu._1119_/X (sky130_fd_sc_hd__buf_1)
    10    0.04                           u_alu._0071_ (net)
                  0.24    0.00   15.31 v u_alu._1129_/A (sky130_fd_sc_hd__buf_1)
                  0.30    0.37   15.67 v u_alu._1129_/X (sky130_fd_sc_hd__buf_1)
    10    0.05                           u_alu._0174_ (net)
                  0.30    0.01   15.68 v u_alu._1147_/A (sky130_fd_sc_hd__nor3_2)
                  0.29    0.38   16.06 ^ u_alu._1147_/Y (sky130_fd_sc_hd__nor3_2)
     3    0.02                           u_alu._0270_ (net)
                  0.29    0.00   16.06 ^ u_alu._1148_/B (sky130_fd_sc_hd__xnor2_2)
                  0.13    0.16   16.22 v u_alu._1148_/Y (sky130_fd_sc_hd__xnor2_2)
     3    0.02                           u_alu._0271_ (net)
                  0.13    0.00   16.22 v u_alu._1149_/B (sky130_fd_sc_hd__xnor2_2)
                  0.15    0.18   16.40 v u_alu._1149_/Y (sky130_fd_sc_hd__xnor2_2)
     4    0.01                           u_alu._0272_ (net)
                  0.15    0.00   16.40 v u_alu._1150_/B (sky130_fd_sc_hd__or2_2)
                  0.05    0.30   16.71 v u_alu._1150_/X (sky130_fd_sc_hd__or2_2)
     1    0.00                           u_alu._0273_ (net)
                  0.05    0.00   16.71 v u_alu._1223_/A (sky130_fd_sc_hd__or4_2)
                  0.16    0.75   17.46 v u_alu._1223_/X (sky130_fd_sc_hd__or4_2)
     4    0.02                           u_alu._0346_ (net)
                  0.16    0.00   17.46 v u_alu._1417_/A1 (sky130_fd_sc_hd__o21ai_2)
                  0.27    0.30   17.76 ^ u_alu._1417_/Y (sky130_fd_sc_hd__o21ai_2)
     4    0.02                           u_alu._0538_ (net)
                  0.27    0.00   17.76 ^ u_alu._1613_/A1 (sky130_fd_sc_hd__a31o_2)
                  0.14    0.28   18.04 ^ u_alu._1613_/X (sky130_fd_sc_hd__a31o_2)
     5    0.02                           u_alu._0730_ (net)
                  0.14    0.00   18.05 ^ u_alu._1672_/C_N (sky130_fd_sc_hd__or3b_2)
                  0.09    0.48   18.53 v u_alu._1672_/X (sky130_fd_sc_hd__or3b_2)
     2    0.01                           u_alu._0787_ (net)
                  0.09    0.00   18.53 v u_alu._1674_/A2 (sky130_fd_sc_hd__a21o_2)
                  0.05    0.25   18.78 v u_alu._1674_/X (sky130_fd_sc_hd__a21o_2)
     3    0.01                           u_alu._0789_ (net)
                  0.05    0.00   18.78 v u_alu._1694_/A3 (sky130_fd_sc_hd__a31o_2)
                  0.06    0.27   19.05 v u_alu._1694_/X (sky130_fd_sc_hd__a31o_2)
     1    0.01                           u_alu.Result[22] (net)
                  0.06    0.00   19.05 v u_wb_mux._173_/A1 (sky130_fd_sc_hd__a22o_2)
                  0.12    0.33   19.37 v u_wb_mux._173_/X (sky130_fd_sc_hd__a22o_2)
     1    0.04                           u_wb_mux._066_ (net)
                  0.12    0.01   19.38 v u_wb_mux._174_/C1 (sky130_fd_sc_hd__a211o_2)
                  0.38    0.59   19.97 v u_wb_mux._174_/X (sky130_fd_sc_hd__a211o_2)
     3    0.17                           u_regfile.wd[22] (net)
                  0.51    0.03   20.00 v u_regfile.u_sram_rs2/din0[22] (sky130_sram_1kbyte_1rw1r_32x256_8)
                                 20.00   data arrival time

                  0.10   20.00   20.00   clock clk (rise edge)
                          0.00   20.00   clock network delay (ideal)
                         -0.20   19.80   clock uncertainty
                          0.00   19.80   clock reconvergence pessimism
                                 19.80 ^ u_regfile.u_sram_rs2/clk0 (sky130_sram_1kbyte_1rw1r_32x256_8)
                         -0.10   19.70   library setup time
                                 19.70   data required time
-----------------------------------------------------------------------------
                                 19.70   data required time
                                -20.00   data arrival time
-----------------------------------------------------------------------------
                                 -0.30   slack (VIOLATED)


Startpoint: u_imem.u_sram (falling edge-triggered flip-flop clocked by clk)
Endpoint: u_regfile.u_sram_rs1 (falling edge-triggered flip-flop clocked by clk)
Path Group: clk
Path Type: max

Fanout     Cap    Slew   Delay    Time   Description
-----------------------------------------------------------------------------
                  0.10   10.00   10.00   clock clk (fall edge)
                          0.00   10.00   clock network delay (ideal)
                  0.10    0.00   10.00 v u_imem.u_sram/clk1 (sky130_sram_1kbyte_1rw1r_32x256_8)
                  0.17    2.10   12.10 v u_imem.u_sram/dout1[22] (sky130_sram_1kbyte_1rw1r_32x256_8)
     6    0.31                           dbg_instr[22] (net)
                  0.13    0.18   12.28 v u_regfile._082_/B (sky130_fd_sc_hd__nor3_2)
                  0.70    0.60   12.88 ^ u_regfile._082_/Y (sky130_fd_sc_hd__nor3_2)
     8    0.04                           u_regfile._011_ (net)
                  0.70    0.00   12.88 ^ u_regfile._083_/A (sky130_fd_sc_hd__buf_1)
                  0.58    0.52   13.40 ^ u_regfile._083_/X (sky130_fd_sc_hd__buf_1)
     9    0.05                           u_regfile._012_ (net)
                  0.58    0.00   13.41 ^ u_regfile._087_/A2 (sky130_fd_sc_hd__a21boi_2)
                  0.25    0.28   13.69 v u_regfile._087_/Y (sky130_fd_sc_hd__a21boi_2)
     3    0.04                           u_branch_unit.rs2_val[3] (net)
                  0.25    0.01   13.69 v _281_/A0 (sky130_fd_sc_hd__mux2_2)
                  0.05    0.35   14.04 v _281_/X (sky130_fd_sc_hd__mux2_2)
     1    0.00                           _011_ (net)
                  0.05    0.00   14.04 v _282_/A (sky130_fd_sc_hd__buf_1)
                  0.24    0.25   14.29 v _282_/X (sky130_fd_sc_hd__buf_1)
     7    0.04                           u_alu.B[3] (net)
                  0.24    0.00   14.29 v u_alu._1118_/A (sky130_fd_sc_hd__or4_2)
                  0.11    0.74   15.02 v u_alu._1118_/X (sky130_fd_sc_hd__or4_2)
     2    0.01                           u_alu._0060_ (net)
                  0.11    0.00   15.02 v u_alu._1119_/A (sky130_fd_sc_hd__buf_1)
                  0.24    0.28   15.30 v u_alu._1119_/X (sky130_fd_sc_hd__buf_1)
    10    0.04                           u_alu._0071_ (net)
                  0.24    0.00   15.31 v u_alu._1129_/A (sky130_fd_sc_hd__buf_1)
                  0.30    0.37   15.67 v u_alu._1129_/X (sky130_fd_sc_hd__buf_1)
    10    0.05                           u_alu._0174_ (net)
                  0.30    0.01   15.68 v u_alu._1147_/A (sky130_fd_sc_hd__nor3_2)
                  0.29    0.38   16.06 ^ u_alu._1147_/Y (sky130_fd_sc_hd__nor3_2)
     3    0.02                           u_alu._0270_ (net)
                  0.29    0.00   16.06 ^ u_alu._1148_/B (sky130_fd_sc_hd__xnor2_2)
                  0.13    0.16   16.22 v u_alu._1148_/Y (sky130_fd_sc_hd__xnor2_2)
     3    0.02                           u_alu._0271_ (net)
                  0.13    0.00   16.22 v u_alu._1149_/B (sky130_fd_sc_hd__xnor2_2)
                  0.15    0.18   16.40 v u_alu._1149_/Y (sky130_fd_sc_hd__xnor2_2)
     4    0.01                           u_alu._0272_ (net)
                  0.15    0.00   16.40 v u_alu._1150_/B (sky130_fd_sc_hd__or2_2)
                  0.05    0.30   16.71 v u_alu._1150_/X (sky130_fd_sc_hd__or2_2)
     1    0.00                           u_alu._0273_ (net)
                  0.05    0.00   16.71 v u_alu._1223_/A (sky130_fd_sc_hd__or4_2)
                  0.16    0.75   17.46 v u_alu._1223_/X (sky130_fd_sc_hd__or4_2)
     4    0.02                           u_alu._0346_ (net)
                  0.16    0.00   17.46 v u_alu._1417_/A1 (sky130_fd_sc_hd__o21ai_2)
                  0.27    0.30   17.76 ^ u_alu._1417_/Y (sky130_fd_sc_hd__o21ai_2)
     4    0.02                           u_alu._0538_ (net)
                  0.27    0.00   17.76 ^ u_alu._1613_/A1 (sky130_fd_sc_hd__a31o_2)
                  0.14    0.28   18.04 ^ u_alu._1613_/X (sky130_fd_sc_hd__a31o_2)
     5    0.02                           u_alu._0730_ (net)
                  0.14    0.00   18.05 ^ u_alu._1672_/C_N (sky130_fd_sc_hd__or3b_2)
                  0.09    0.48   18.53 v u_alu._1672_/X (sky130_fd_sc_hd__or3b_2)
     2    0.01                           u_alu._0787_ (net)
                  0.09    0.00   18.53 v u_alu._1674_/A2 (sky130_fd_sc_hd__a21o_2)
                  0.05    0.25   18.78 v u_alu._1674_/X (sky130_fd_sc_hd__a21o_2)
     3    0.01                           u_alu._0789_ (net)
                  0.05    0.00   18.78 v u_alu._1694_/A3 (sky130_fd_sc_hd__a31o_2)
                  0.06    0.27   19.05 v u_alu._1694_/X (sky130_fd_sc_hd__a31o_2)
     1    0.01                           u_alu.Result[22] (net)
                  0.06    0.00   19.05 v u_wb_mux._173_/A1 (sky130_fd_sc_hd__a22o_2)
                  0.12    0.33   19.37 v u_wb_mux._173_/X (sky130_fd_sc_hd__a22o_2)
     1    0.04                           u_wb_mux._066_ (net)
                  0.12    0.01   19.38 v u_wb_mux._174_/C1 (sky130_fd_sc_hd__a211o_2)
                  0.38    0.59   19.97 v u_wb_mux._174_/X (sky130_fd_sc_hd__a211o_2)
     3    0.17                           u_regfile.wd[22] (net)
                  0.51    0.01   19.98 v u_regfile.u_sram_rs1/din0[22] (sky130_sram_1kbyte_1rw1r_32x256_8)
                                 19.98   data arrival time

                  0.10   20.00   20.00   clock clk (rise edge)
                          0.00   20.00   clock network delay (ideal)
                         -0.20   19.80   clock uncertainty
                          0.00   19.80   clock reconvergence pessimism
                                 19.80 ^ u_regfile.u_sram_rs1/clk0 (sky130_sram_1kbyte_1rw1r_32x256_8)
                         -0.10   19.70   library setup time
                                 19.70   data required time
-----------------------------------------------------------------------------
                                 19.70   data required time
                                -19.98   data arrival time
-----------------------------------------------------------------------------
                                 -0.29   slack (VIOLATED)


Startpoint: u_imem.u_sram (falling edge-triggered flip-flop clocked by clk)
Endpoint: u_regfile.u_sram_rs2 (falling edge-triggered flip-flop clocked by clk)
Path Group: clk
Path Type: max

Fanout     Cap    Slew   Delay    Time   Description
-----------------------------------------------------------------------------
                  0.10   10.00   10.00   clock clk (fall edge)
                          0.00   10.00   clock network delay (ideal)
                  0.10    0.00   10.00 v u_imem.u_sram/clk1 (sky130_sram_1kbyte_1rw1r_32x256_8)
                  0.17    2.10   12.10 v u_imem.u_sram/dout1[22] (sky130_sram_1kbyte_1rw1r_32x256_8)
     6    0.31                           dbg_instr[22] (net)
                  0.13    0.18   12.28 v u_regfile._082_/B (sky130_fd_sc_hd__nor3_2)
                  0.70    0.60   12.88 ^ u_regfile._082_/Y (sky130_fd_sc_hd__nor3_2)
     8    0.04                           u_regfile._011_ (net)
                  0.70    0.00   12.88 ^ u_regfile._083_/A (sky130_fd_sc_hd__buf_1)
                  0.58    0.52   13.40 ^ u_regfile._083_/X (sky130_fd_sc_hd__buf_1)
     9    0.05                           u_regfile._012_ (net)
                  0.58    0.00   13.41 ^ u_regfile._087_/A2 (sky130_fd_sc_hd__a21boi_2)
                  0.25    0.28   13.69 v u_regfile._087_/Y (sky130_fd_sc_hd__a21boi_2)
     3    0.04                           u_branch_unit.rs2_val[3] (net)
                  0.25    0.01   13.69 v _281_/A0 (sky130_fd_sc_hd__mux2_2)
                  0.05    0.35   14.04 v _281_/X (sky130_fd_sc_hd__mux2_2)
     1    0.00                           _011_ (net)
                  0.05    0.00   14.04 v _282_/A (sky130_fd_sc_hd__buf_1)
                  0.24    0.25   14.29 v _282_/X (sky130_fd_sc_hd__buf_1)
     7    0.04                           u_alu.B[3] (net)
                  0.24    0.00   14.29 v u_alu._1118_/A (sky130_fd_sc_hd__or4_2)
                  0.11    0.74   15.02 v u_alu._1118_/X (sky130_fd_sc_hd__or4_2)
     2    0.01                           u_alu._0060_ (net)
                  0.11    0.00   15.02 v u_alu._1119_/A (sky130_fd_sc_hd__buf_1)
                  0.24    0.28   15.30 v u_alu._1119_/X (sky130_fd_sc_hd__buf_1)
    10    0.04                           u_alu._0071_ (net)
                  0.24    0.00   15.31 v u_alu._1129_/A (sky130_fd_sc_hd__buf_1)
                  0.30    0.37   15.67 v u_alu._1129_/X (sky130_fd_sc_hd__buf_1)
    10    0.05                           u_alu._0174_ (net)
                  0.30    0.01   15.68 v u_alu._1147_/A (sky130_fd_sc_hd__nor3_2)
                  0.29    0.38   16.06 ^ u_alu._1147_/Y (sky130_fd_sc_hd__nor3_2)
     3    0.02                           u_alu._0270_ (net)
                  0.29    0.00   16.06 ^ u_alu._1148_/B (sky130_fd_sc_hd__xnor2_2)
                  0.13    0.16   16.22 v u_alu._1148_/Y (sky130_fd_sc_hd__xnor2_2)
     3    0.02                           u_alu._0271_ (net)
                  0.13    0.00   16.22 v u_alu._1149_/B (sky130_fd_sc_hd__xnor2_2)
                  0.15    0.18   16.40 v u_alu._1149_/Y (sky130_fd_sc_hd__xnor2_2)
     4    0.01                           u_alu._0272_ (net)
                  0.15    0.00   16.40 v u_alu._1150_/B (sky130_fd_sc_hd__or2_2)
                  0.05    0.30   16.71 v u_alu._1150_/X (sky130_fd_sc_hd__or2_2)
     1    0.00                           u_alu._0273_ (net)
                  0.05    0.00   16.71 v u_alu._1223_/A (sky130_fd_sc_hd__or4_2)
                  0.16    0.75   17.46 v u_alu._1223_/X (sky130_fd_sc_hd__or4_2)
     4    0.02                           u_alu._0346_ (net)
                  0.16    0.00   17.46 v u_alu._1417_/A1 (sky130_fd_sc_hd__o21ai_2)
                  0.27    0.30   17.76 ^ u_alu._1417_/Y (sky130_fd_sc_hd__o21ai_2)
     4    0.02                           u_alu._0538_ (net)
                  0.27    0.00   17.76 ^ u_alu._1613_/A1 (sky130_fd_sc_hd__a31o_2)
                  0.14    0.28   18.04 ^ u_alu._1613_/X (sky130_fd_sc_hd__a31o_2)
     5    0.02                           u_alu._0730_ (net)
                  0.14    0.00   18.05 ^ u_alu._1734_/A1 (sky130_fd_sc_hd__a21oi_2)
                  0.08    0.10   18.15 v u_alu._1734_/Y (sky130_fd_sc_hd__a21oi_2)
     4    0.01                           u_alu._0847_ (net)
                  0.08    0.00   18.15 v u_alu._1740_/A (sky130_fd_sc_hd__or2_2)
                  0.08    0.33   18.48 v u_alu._1740_/X (sky130_fd_sc_hd__or2_2)
     3    0.01                           u_alu._0853_ (net)
                  0.08    0.00   18.48 v u_alu._1791_/A2 (sky130_fd_sc_hd__a21oi_2)
                  0.16    0.20   18.68 ^ u_alu._1791_/Y (sky130_fd_sc_hd__a21oi_2)
     1    0.01                           u_alu._0903_ (net)
                  0.16    0.00   18.68 ^ u_alu._1795_/A1 (sky130_fd_sc_hd__o22a_2)
                  0.04    0.18   18.87 ^ u_alu._1795_/X (sky130_fd_sc_hd__o22a_2)
     1    0.01                           u_alu._0907_ (net)
                  0.04    0.00   18.87 ^ u_alu._1796_/C1 (sky130_fd_sc_hd__o211ai_2)
                  0.22    0.17   19.03 v u_alu._1796_/Y (sky130_fd_sc_hd__o211ai_2)
     1    0.03                           u_alu.Result[25] (net)
                  0.22    0.00   19.04 v u_wb_mux._182_/A1 (sky130_fd_sc_hd__a22o_2)
                  0.12    0.39   19.43 v u_wb_mux._182_/X (sky130_fd_sc_hd__a22o_2)
     1    0.04                           u_wb_mux._072_ (net)
                  0.12    0.01   19.44 v u_wb_mux._183_/C1 (sky130_fd_sc_hd__a211o_2)
                  0.26    0.50   19.94 v u_wb_mux._183_/X (sky130_fd_sc_hd__a211o_2)
     3    0.10                           u_regfile.wd[25] (net)
                  0.35    0.01   19.95 v u_regfile.u_sram_rs2/din0[25] (sky130_sram_1kbyte_1rw1r_32x256_8)
                                 19.95   data arrival time

                  0.10   20.00   20.00   clock clk (rise edge)
                          0.00   20.00   clock network delay (ideal)
                         -0.20   19.80   clock uncertainty
                          0.00   19.80   clock reconvergence pessimism
                                 19.80 ^ u_regfile.u_sram_rs2/clk0 (sky130_sram_1kbyte_1rw1r_32x256_8)
                         -0.10   19.70   library setup time
                                 19.70   data required time
-----------------------------------------------------------------------------
                                 19.70   data required time
                                -19.95   data arrival time
-----------------------------------------------------------------------------
                                 -0.26   slack (VIOLATED)


Startpoint: u_imem.u_sram (falling edge-triggered flip-flop clocked by clk)
Endpoint: u_regfile.u_sram_rs1 (falling edge-triggered flip-flop clocked by clk)
Path Group: clk
Path Type: max

Fanout     Cap    Slew   Delay    Time   Description
-----------------------------------------------------------------------------
                  0.10   10.00   10.00   clock clk (fall edge)
                          0.00   10.00   clock network delay (ideal)
                  0.10    0.00   10.00 v u_imem.u_sram/clk1 (sky130_sram_1kbyte_1rw1r_32x256_8)
                  0.17    2.10   12.10 v u_imem.u_sram/dout1[22] (sky130_sram_1kbyte_1rw1r_32x256_8)
     6    0.31                           dbg_instr[22] (net)
                  0.13    0.18   12.28 v u_regfile._082_/B (sky130_fd_sc_hd__nor3_2)
                  0.70    0.60   12.88 ^ u_regfile._082_/Y (sky130_fd_sc_hd__nor3_2)
     8    0.04                           u_regfile._011_ (net)
                  0.70    0.00   12.88 ^ u_regfile._083_/A (sky130_fd_sc_hd__buf_1)
                  0.58    0.52   13.40 ^ u_regfile._083_/X (sky130_fd_sc_hd__buf_1)
     9    0.05                           u_regfile._012_ (net)
                  0.58    0.00   13.41 ^ u_regfile._087_/A2 (sky130_fd_sc_hd__a21boi_2)
                  0.25    0.28   13.69 v u_regfile._087_/Y (sky130_fd_sc_hd__a21boi_2)
     3    0.04                           u_branch_unit.rs2_val[3] (net)
                  0.25    0.01   13.69 v _281_/A0 (sky130_fd_sc_hd__mux2_2)
                  0.05    0.35   14.04 v _281_/X (sky130_fd_sc_hd__mux2_2)
     1    0.00                           _011_ (net)
                  0.05    0.00   14.04 v _282_/A (sky130_fd_sc_hd__buf_1)
                  0.24    0.25   14.29 v _282_/X (sky130_fd_sc_hd__buf_1)
     7    0.04                           u_alu.B[3] (net)
                  0.24    0.00   14.29 v u_alu._1118_/A (sky130_fd_sc_hd__or4_2)
                  0.11    0.74   15.02 v u_alu._1118_/X (sky130_fd_sc_hd__or4_2)
     2    0.01                           u_alu._0060_ (net)
                  0.11    0.00   15.02 v u_alu._1119_/A (sky130_fd_sc_hd__buf_1)
                  0.24    0.28   15.30 v u_alu._1119_/X (sky130_fd_sc_hd__buf_1)
    10    0.04                           u_alu._0071_ (net)
                  0.24    0.00   15.31 v u_alu._1129_/A (sky130_fd_sc_hd__buf_1)
                  0.30    0.37   15.67 v u_alu._1129_/X (sky130_fd_sc_hd__buf_1)
    10    0.05                           u_alu._0174_ (net)
                  0.30    0.01   15.68 v u_alu._1147_/A (sky130_fd_sc_hd__nor3_2)
                  0.29    0.38   16.06 ^ u_alu._1147_/Y (sky130_fd_sc_hd__nor3_2)
     3    0.02                           u_alu._0270_ (net)
                  0.29    0.00   16.06 ^ u_alu._1148_/B (sky130_fd_sc_hd__xnor2_2)
                  0.13    0.16   16.22 v u_alu._1148_/Y (sky130_fd_sc_hd__xnor2_2)
     3    0.02                           u_alu._0271_ (net)
                  0.13    0.00   16.22 v u_alu._1149_/B (sky130_fd_sc_hd__xnor2_2)
                  0.15    0.18   16.40 v u_alu._1149_/Y (sky130_fd_sc_hd__xnor2_2)
     4    0.01                           u_alu._0272_ (net)
                  0.15    0.00   16.40 v u_alu._1150_/B (sky130_fd_sc_hd__or2_2)
                  0.05    0.30   16.71 v u_alu._1150_/X (sky130_fd_sc_hd__or2_2)
     1    0.00                           u_alu._0273_ (net)
                  0.05    0.00   16.71 v u_alu._1223_/A (sky130_fd_sc_hd__or4_2)
                  0.16    0.75   17.46 v u_alu._1223_/X (sky130_fd_sc_hd__or4_2)
     4    0.02                           u_alu._0346_ (net)
                  0.16    0.00   17.46 v u_alu._1417_/A1 (sky130_fd_sc_hd__o21ai_2)
                  0.27    0.30   17.76 ^ u_alu._1417_/Y (sky130_fd_sc_hd__o21ai_2)
     4    0.02                           u_alu._0538_ (net)
                  0.27    0.00   17.76 ^ u_alu._1613_/A1 (sky130_fd_sc_hd__a31o_2)
                  0.14    0.28   18.04 ^ u_alu._1613_/X (sky130_fd_sc_hd__a31o_2)
     5    0.02                           u_alu._0730_ (net)
                  0.14    0.00   18.05 ^ u_alu._1734_/A1 (sky130_fd_sc_hd__a21oi_2)
                  0.08    0.10   18.15 v u_alu._1734_/Y (sky130_fd_sc_hd__a21oi_2)
     4    0.01                           u_alu._0847_ (net)
                  0.08    0.00   18.15 v u_alu._1740_/A (sky130_fd_sc_hd__or2_2)
                  0.08    0.33   18.48 v u_alu._1740_/X (sky130_fd_sc_hd__or2_2)
     3    0.01                           u_alu._0853_ (net)
                  0.08    0.00   18.48 v u_alu._1791_/A2 (sky130_fd_sc_hd__a21oi_2)
                  0.16    0.20   18.68 ^ u_alu._1791_/Y (sky130_fd_sc_hd__a21oi_2)
     1    0.01                           u_alu._0903_ (net)
                  0.16    0.00   18.68 ^ u_alu._1795_/A1 (sky130_fd_sc_hd__o22a_2)
                  0.04    0.18   18.87 ^ u_alu._1795_/X (sky130_fd_sc_hd__o22a_2)
     1    0.01                           u_alu._0907_ (net)
                  0.04    0.00   18.87 ^ u_alu._1796_/C1 (sky130_fd_sc_hd__o211ai_2)
                  0.22    0.17   19.03 v u_alu._1796_/Y (sky130_fd_sc_hd__o211ai_2)
     1    0.03                           u_alu.Result[25] (net)
                  0.22    0.00   19.04 v u_wb_mux._182_/A1 (sky130_fd_sc_hd__a22o_2)
                  0.12    0.39   19.43 v u_wb_mux._182_/X (sky130_fd_sc_hd__a22o_2)
     1    0.04                           u_wb_mux._072_ (net)
                  0.12    0.01   19.44 v u_wb_mux._183_/C1 (sky130_fd_sc_hd__a211o_2)
                  0.26    0.50   19.94 v u_wb_mux._183_/X (sky130_fd_sc_hd__a211o_2)
     3    0.10                           u_regfile.wd[25] (net)
                  0.35    0.01   19.95 v u_regfile.u_sram_rs1/din0[25] (sky130_sram_1kbyte_1rw1r_32x256_8)
                                 19.95   data arrival time

                  0.10   20.00   20.00   clock clk (rise edge)
                          0.00   20.00   clock network delay (ideal)
                         -0.20   19.80   clock uncertainty
                          0.00   19.80   clock reconvergence pessimism
                                 19.80 ^ u_regfile.u_sram_rs1/clk0 (sky130_sram_1kbyte_1rw1r_32x256_8)
                         -0.10   19.70   library setup time
                                 19.70   data required time
-----------------------------------------------------------------------------
                                 19.70   data required time
                                -19.95   data arrival time
-----------------------------------------------------------------------------
                                 -0.25   slack (VIOLATED)


Startpoint: u_imem.u_sram (falling edge-triggered flip-flop clocked by clk)
Endpoint: u_regfile.u_sram_rs1 (falling edge-triggered flip-flop clocked by clk)
Path Group: clk
Path Type: max

Fanout     Cap    Slew   Delay    Time   Description
-----------------------------------------------------------------------------
                  0.10   10.00   10.00   clock clk (fall edge)
                          0.00   10.00   clock network delay (ideal)
                  0.10    0.00   10.00 v u_imem.u_sram/clk1 (sky130_sram_1kbyte_1rw1r_32x256_8)
                  0.17    2.10   12.10 v u_imem.u_sram/dout1[22] (sky130_sram_1kbyte_1rw1r_32x256_8)
     6    0.31                           dbg_instr[22] (net)
                  0.13    0.18   12.28 v u_regfile._082_/B (sky130_fd_sc_hd__nor3_2)
                  0.70    0.60   12.88 ^ u_regfile._082_/Y (sky130_fd_sc_hd__nor3_2)
     8    0.04                           u_regfile._011_ (net)
                  0.70    0.00   12.88 ^ u_regfile._083_/A (sky130_fd_sc_hd__buf_1)
                  0.58    0.52   13.40 ^ u_regfile._083_/X (sky130_fd_sc_hd__buf_1)
     9    0.05                           u_regfile._012_ (net)
                  0.58    0.00   13.41 ^ u_regfile._086_/A2 (sky130_fd_sc_hd__a21boi_2)
                  0.25    0.28   13.69 v u_regfile._086_/Y (sky130_fd_sc_hd__a21boi_2)
     3    0.04                           u_branch_unit.rs2_val[2] (net)
                  0.25    0.01   13.70 v _278_/A0 (sky130_fd_sc_hd__mux2_2)
                  0.05    0.35   14.04 v _278_/X (sky130_fd_sc_hd__mux2_2)
     1    0.00                           _009_ (net)
                  0.05    0.00   14.04 v _279_/A (sky130_fd_sc_hd__buf_1)
                  0.26    0.26   14.31 v _279_/X (sky130_fd_sc_hd__buf_1)
     7    0.04                           u_alu.B[2] (net)
                  0.26    0.01   14.31 v u_alu._1246_/A (sky130_fd_sc_hd__inv_2)
                  0.17    0.23   14.54 ^ u_alu._1246_/Y (sky130_fd_sc_hd__inv_2)
     5    0.03                           u_alu._0369_ (net)
                  0.17    0.00   14.55 ^ u_alu._1247_/A (sky130_fd_sc_hd__buf_1)
                  0.57    0.48   15.02 ^ u_alu._1247_/X (sky130_fd_sc_hd__buf_1)
    10    0.05                           u_alu._0370_ (net)
                  0.57    0.00   15.02 ^ u_alu._1269_/A (sky130_fd_sc_hd__buf_1)
                  0.72    0.61   15.64 ^ u_alu._1269_/X (sky130_fd_sc_hd__buf_1)
    10    0.06                           u_alu._0392_ (net)
                  0.72    0.00   15.64 ^ u_alu._1270_/A (sky130_fd_sc_hd__buf_1)
                  0.62    0.55   16.19 ^ u_alu._1270_/X (sky130_fd_sc_hd__buf_1)
    10    0.05                           u_alu._0393_ (net)
                  0.62    0.00   16.19 ^ u_alu._1383_/A (sky130_fd_sc_hd__buf_1)
                  0.65    0.57   16.76 ^ u_alu._1383_/X (sky130_fd_sc_hd__buf_1)
    10    0.06                           u_alu._0505_ (net)
                  0.65    0.00   16.76 ^ u_alu._1576_/A (sky130_fd_sc_hd__buf_1)
                  0.63    0.56   17.32 ^ u_alu._1576_/X (sky130_fd_sc_hd__buf_1)
    10    0.05                           u_alu._0694_ (net)
                  0.63    0.00   17.32 ^ u_alu._1578_/S0 (sky130_fd_sc_hd__mux4_2)
                  0.11    0.64   17.96 v u_alu._1578_/X (sky130_fd_sc_hd__mux4_2)
     1    0.01                           u_alu._0696_ (net)
                  0.11    0.00   17.96 v u_alu._1590_/A1 (sky130_fd_sc_hd__a221o_2)
                  0.11    0.44   18.41 v u_alu._1590_/X (sky130_fd_sc_hd__a221o_2)
     1    0.02                           u_alu._0708_ (net)
                  0.11    0.00   18.41 v u_alu._1591_/B1 (sky130_fd_sc_hd__a31o_2)
                  0.05    0.24   18.65 v u_alu._1591_/X (sky130_fd_sc_hd__a31o_2)
     1    0.01                           u_alu._0709_ (net)
                  0.05    0.00   18.65 v u_alu._1592_/B1 (sky130_fd_sc_hd__a31o_2)
                  0.06    0.24   18.90 v u_alu._1592_/X (sky130_fd_sc_hd__a31o_2)
     1    0.01                           u_alu.Result[19] (net)
                  0.06    0.00   18.90 v u_wb_mux._159_/A1 (sky130_fd_sc_hd__a22o_2)
                  0.11    0.31   19.21 v u_wb_mux._159_/X (sky130_fd_sc_hd__a22o_2)
     1    0.03                           u_wb_mux._055_ (net)
                  0.11    0.01   19.22 v u_wb_mux._160_/C1 (sky130_fd_sc_hd__a211o_2)
                  0.42    0.58   19.80 v u_wb_mux._160_/X (sky130_fd_sc_hd__a211o_2)
     3    0.18                           u_regfile.wd[19] (net)
                  0.58    0.06   19.86 v u_regfile.u_sram_rs1/din0[19] (sky130_sram_1kbyte_1rw1r_32x256_8)
                                 19.86   data arrival time

                  0.10   20.00   20.00   clock clk (rise edge)
                          0.00   20.00   clock network delay (ideal)
                         -0.20   19.80   clock uncertainty
                          0.00   19.80   clock reconvergence pessimism
                                 19.80 ^ u_regfile.u_sram_rs1/clk0 (sky130_sram_1kbyte_1rw1r_32x256_8)
                         -0.10   19.70   library setup time
                                 19.70   data required time
-----------------------------------------------------------------------------
                                 19.70   data required time
                                -19.86   data arrival time
-----------------------------------------------------------------------------
                                 -0.17   slack (VIOLATED)


Startpoint: u_imem.u_sram (falling edge-triggered flip-flop clocked by clk)
Endpoint: u_regfile.u_sram_rs2 (falling edge-triggered flip-flop clocked by clk)
Path Group: clk
Path Type: max

Fanout     Cap    Slew   Delay    Time   Description
-----------------------------------------------------------------------------
                  0.10   10.00   10.00   clock clk (fall edge)
                          0.00   10.00   clock network delay (ideal)
                  0.10    0.00   10.00 v u_imem.u_sram/clk1 (sky130_sram_1kbyte_1rw1r_32x256_8)
                  0.17    2.10   12.10 v u_imem.u_sram/dout1[22] (sky130_sram_1kbyte_1rw1r_32x256_8)
     6    0.31                           dbg_instr[22] (net)
                  0.13    0.18   12.28 v u_regfile._082_/B (sky130_fd_sc_hd__nor3_2)
                  0.70    0.60   12.88 ^ u_regfile._082_/Y (sky130_fd_sc_hd__nor3_2)
     8    0.04                           u_regfile._011_ (net)
                  0.70    0.00   12.88 ^ u_regfile._083_/A (sky130_fd_sc_hd__buf_1)
                  0.58    0.52   13.40 ^ u_regfile._083_/X (sky130_fd_sc_hd__buf_1)
     9    0.05                           u_regfile._012_ (net)
                  0.58    0.00   13.41 ^ u_regfile._086_/A2 (sky130_fd_sc_hd__a21boi_2)
                  0.25    0.28   13.69 v u_regfile._086_/Y (sky130_fd_sc_hd__a21boi_2)
     3    0.04                           u_branch_unit.rs2_val[2] (net)
                  0.25    0.01   13.70 v _278_/A0 (sky130_fd_sc_hd__mux2_2)
                  0.05    0.35   14.04 v _278_/X (sky130_fd_sc_hd__mux2_2)
     1    0.00                           _009_ (net)
                  0.05    0.00   14.04 v _279_/A (sky130_fd_sc_hd__buf_1)
                  0.26    0.26   14.31 v _279_/X (sky130_fd_sc_hd__buf_1)
     7    0.04                           u_alu.B[2] (net)
                  0.26    0.01   14.31 v u_alu._1246_/A (sky130_fd_sc_hd__inv_2)
                  0.17    0.23   14.54 ^ u_alu._1246_/Y (sky130_fd_sc_hd__inv_2)
     5    0.03                           u_alu._0369_ (net)
                  0.17    0.00   14.55 ^ u_alu._1247_/A (sky130_fd_sc_hd__buf_1)
                  0.57    0.48   15.02 ^ u_alu._1247_/X (sky130_fd_sc_hd__buf_1)
    10    0.05                           u_alu._0370_ (net)
                  0.57    0.00   15.02 ^ u_alu._1269_/A (sky130_fd_sc_hd__buf_1)
                  0.72    0.61   15.64 ^ u_alu._1269_/X (sky130_fd_sc_hd__buf_1)
    10    0.06                           u_alu._0392_ (net)
                  0.72    0.00   15.64 ^ u_alu._1270_/A (sky130_fd_sc_hd__buf_1)
                  0.62    0.55   16.19 ^ u_alu._1270_/X (sky130_fd_sc_hd__buf_1)
    10    0.05                           u_alu._0393_ (net)
                  0.62    0.00   16.19 ^ u_alu._1383_/A (sky130_fd_sc_hd__buf_1)
                  0.65    0.57   16.76 ^ u_alu._1383_/X (sky130_fd_sc_hd__buf_1)
    10    0.06                           u_alu._0505_ (net)
                  0.65    0.00   16.76 ^ u_alu._1576_/A (sky130_fd_sc_hd__buf_1)
                  0.63    0.56   17.32 ^ u_alu._1576_/X (sky130_fd_sc_hd__buf_1)
    10    0.05                           u_alu._0694_ (net)
                  0.63    0.00   17.32 ^ u_alu._1578_/S0 (sky130_fd_sc_hd__mux4_2)
                  0.11    0.64   17.96 v u_alu._1578_/X (sky130_fd_sc_hd__mux4_2)
     1    0.01                           u_alu._0696_ (net)
                  0.11    0.00   17.96 v u_alu._1590_/A1 (sky130_fd_sc_hd__a221o_2)
                  0.11    0.44   18.41 v u_alu._1590_/X (sky130_fd_sc_hd__a221o_2)
     1    0.02                           u_alu._0708_ (net)
                  0.11    0.00   18.41 v u_alu._1591_/B1 (sky130_fd_sc_hd__a31o_2)
                  0.05    0.24   18.65 v u_alu._1591_/X (sky130_fd_sc_hd__a31o_2)
     1    0.01                           u_alu._0709_ (net)
                  0.05    0.00   18.65 v u_alu._1592_/B1 (sky130_fd_sc_hd__a31o_2)
                  0.06    0.24   18.90 v u_alu._1592_/X (sky130_fd_sc_hd__a31o_2)
     1    0.01                           u_alu.Result[19] (net)
                  0.06    0.00   18.90 v u_wb_mux._159_/A1 (sky130_fd_sc_hd__a22o_2)
                  0.11    0.31   19.21 v u_wb_mux._159_/X (sky130_fd_sc_hd__a22o_2)
     1    0.03                           u_wb_mux._055_ (net)
                  0.11    0.01   19.22 v u_wb_mux._160_/C1 (sky130_fd_sc_hd__a211o_2)
                  0.42    0.58   19.80 v u_wb_mux._160_/X (sky130_fd_sc_hd__a211o_2)
     3    0.18                           u_regfile.wd[19] (net)
                  0.56    0.02   19.82 v u_regfile.u_sram_rs2/din0[19] (sky130_sram_1kbyte_1rw1r_32x256_8)
                                 19.82   data arrival time

                  0.10   20.00   20.00   clock clk (rise edge)
                          0.00   20.00   clock network delay (ideal)
                         -0.20   19.80   clock uncertainty
                          0.00   19.80   clock reconvergence pessimism
                                 19.80 ^ u_regfile.u_sram_rs2/clk0 (sky130_sram_1kbyte_1rw1r_32x256_8)
                         -0.10   19.70   library setup time
                                 19.70   data required time
-----------------------------------------------------------------------------
                                 19.70   data required time
                                -19.82   data arrival time
-----------------------------------------------------------------------------
                                 -0.13   slack (VIOLATED)


Startpoint: u_imem.u_sram (falling edge-triggered flip-flop clocked by clk)
Endpoint: u_regfile.u_sram_rs2 (falling edge-triggered flip-flop clocked by clk)
Path Group: clk
Path Type: max

Fanout     Cap    Slew   Delay    Time   Description
-----------------------------------------------------------------------------
                  0.10   10.00   10.00   clock clk (fall edge)
                          0.00   10.00   clock network delay (ideal)
                  0.10    0.00   10.00 v u_imem.u_sram/clk1 (sky130_sram_1kbyte_1rw1r_32x256_8)
                  0.17    2.10   12.10 v u_imem.u_sram/dout1[22] (sky130_sram_1kbyte_1rw1r_32x256_8)
     6    0.31                           dbg_instr[22] (net)
                  0.13    0.18   12.28 v u_regfile._082_/B (sky130_fd_sc_hd__nor3_2)
                  0.70    0.60   12.88 ^ u_regfile._082_/Y (sky130_fd_sc_hd__nor3_2)
     8    0.04                           u_regfile._011_ (net)
                  0.70    0.00   12.88 ^ u_regfile._083_/A (sky130_fd_sc_hd__buf_1)
                  0.58    0.52   13.40 ^ u_regfile._083_/X (sky130_fd_sc_hd__buf_1)
     9    0.05                           u_regfile._012_ (net)
                  0.58    0.00   13.41 ^ u_regfile._087_/A2 (sky130_fd_sc_hd__a21boi_2)
                  0.25    0.28   13.69 v u_regfile._087_/Y (sky130_fd_sc_hd__a21boi_2)
     3    0.04                           u_branch_unit.rs2_val[3] (net)
                  0.25    0.01   13.69 v _281_/A0 (sky130_fd_sc_hd__mux2_2)
                  0.05    0.35   14.04 v _281_/X (sky130_fd_sc_hd__mux2_2)
     1    0.00                           _011_ (net)
                  0.05    0.00   14.04 v _282_/A (sky130_fd_sc_hd__buf_1)
                  0.24    0.25   14.29 v _282_/X (sky130_fd_sc_hd__buf_1)
     7    0.04                           u_alu.B[3] (net)
                  0.24    0.00   14.29 v u_alu._1118_/A (sky130_fd_sc_hd__or4_2)
                  0.11    0.74   15.02 v u_alu._1118_/X (sky130_fd_sc_hd__or4_2)
     2    0.01                           u_alu._0060_ (net)
                  0.11    0.00   15.02 v u_alu._1119_/A (sky130_fd_sc_hd__buf_1)
                  0.24    0.28   15.30 v u_alu._1119_/X (sky130_fd_sc_hd__buf_1)
    10    0.04                           u_alu._0071_ (net)
                  0.24    0.00   15.31 v u_alu._1129_/A (sky130_fd_sc_hd__buf_1)
                  0.30    0.37   15.67 v u_alu._1129_/X (sky130_fd_sc_hd__buf_1)
    10    0.05                           u_alu._0174_ (net)
                  0.30    0.01   15.68 v u_alu._1147_/A (sky130_fd_sc_hd__nor3_2)
                  0.29    0.38   16.06 ^ u_alu._1147_/Y (sky130_fd_sc_hd__nor3_2)
     3    0.02                           u_alu._0270_ (net)
                  0.29    0.00   16.06 ^ u_alu._1148_/B (sky130_fd_sc_hd__xnor2_2)
                  0.13    0.16   16.22 v u_alu._1148_/Y (sky130_fd_sc_hd__xnor2_2)
     3    0.02                           u_alu._0271_ (net)
                  0.13    0.00   16.22 v u_alu._1149_/B (sky130_fd_sc_hd__xnor2_2)
                  0.15    0.18   16.40 v u_alu._1149_/Y (sky130_fd_sc_hd__xnor2_2)
     4    0.01                           u_alu._0272_ (net)
                  0.15    0.00   16.40 v u_alu._1150_/B (sky130_fd_sc_hd__or2_2)
                  0.05    0.30   16.71 v u_alu._1150_/X (sky130_fd_sc_hd__or2_2)
     1    0.00                           u_alu._0273_ (net)
                  0.05    0.00   16.71 v u_alu._1223_/A (sky130_fd_sc_hd__or4_2)
                  0.16    0.75   17.46 v u_alu._1223_/X (sky130_fd_sc_hd__or4_2)
     4    0.02                           u_alu._0346_ (net)
                  0.16    0.00   17.46 v u_alu._1417_/A1 (sky130_fd_sc_hd__o21ai_2)
                  0.27    0.30   17.76 ^ u_alu._1417_/Y (sky130_fd_sc_hd__o21ai_2)
     4    0.02                           u_alu._0538_ (net)
                  0.27    0.00   17.76 ^ u_alu._1613_/A1 (sky130_fd_sc_hd__a31o_2)
                  0.14    0.28   18.04 ^ u_alu._1613_/X (sky130_fd_sc_hd__a31o_2)
     5    0.02                           u_alu._0730_ (net)
                  0.14    0.00   18.05 ^ u_alu._1734_/A1 (sky130_fd_sc_hd__a21oi_2)
                  0.08    0.10   18.15 v u_alu._1734_/Y (sky130_fd_sc_hd__a21oi_2)
     4    0.01                           u_alu._0847_ (net)
                  0.08    0.00   18.15 v u_alu._1740_/A (sky130_fd_sc_hd__or2_2)
                  0.08    0.33   18.48 v u_alu._1740_/X (sky130_fd_sc_hd__or2_2)
     3    0.01                           u_alu._0853_ (net)
                  0.08    0.00   18.48 v u_alu._1768_/A2 (sky130_fd_sc_hd__a31o_2)
                  0.08    0.29   18.77 v u_alu._1768_/X (sky130_fd_sc_hd__a31o_2)
     1    0.02                           u_alu.Result[24] (net)
                  0.08    0.00   18.77 v u_wb_mux._179_/A1 (sky130_fd_sc_hd__a22o_2)
                  0.12    0.34   19.11 v u_wb_mux._179_/X (sky130_fd_sc_hd__a22o_2)
     1    0.04                           u_wb_mux._070_ (net)
                  0.12    0.01   19.12 v u_wb_mux._180_/C1 (sky130_fd_sc_hd__a211o_2)
                  0.43    0.61   19.73 v u_wb_mux._180_/X (sky130_fd_sc_hd__a211o_2)
     3    0.19                           u_regfile.wd[24] (net)
                  0.58    0.04   19.77 v u_regfile.u_sram_rs2/din0[24] (sky130_sram_1kbyte_1rw1r_32x256_8)
                                 19.77   data arrival time

                  0.10   20.00   20.00   clock clk (rise edge)
                          0.00   20.00   clock network delay (ideal)
                         -0.20   19.80   clock uncertainty
                          0.00   19.80   clock reconvergence pessimism
                                 19.80 ^ u_regfile.u_sram_rs2/clk0 (sky130_sram_1kbyte_1rw1r_32x256_8)
                         -0.10   19.70   library setup time
                                 19.70   data required time
-----------------------------------------------------------------------------
                                 19.70   data required time
                                -19.77   data arrival time
-----------------------------------------------------------------------------
                                 -0.07   slack (VIOLATED)


Startpoint: u_imem.u_sram (falling edge-triggered flip-flop clocked by clk)
Endpoint: u_regfile.u_sram_rs1 (falling edge-triggered flip-flop clocked by clk)
Path Group: clk
Path Type: max

Fanout     Cap    Slew   Delay    Time   Description
-----------------------------------------------------------------------------
                  0.10   10.00   10.00   clock clk (fall edge)
                          0.00   10.00   clock network delay (ideal)
                  0.10    0.00   10.00 v u_imem.u_sram/clk1 (sky130_sram_1kbyte_1rw1r_32x256_8)
                  0.17    2.10   12.10 v u_imem.u_sram/dout1[22] (sky130_sram_1kbyte_1rw1r_32x256_8)
     6    0.31                           dbg_instr[22] (net)
                  0.13    0.18   12.28 v u_regfile._082_/B (sky130_fd_sc_hd__nor3_2)
                  0.70    0.60   12.88 ^ u_regfile._082_/Y (sky130_fd_sc_hd__nor3_2)
     8    0.04                           u_regfile._011_ (net)
                  0.70    0.00   12.88 ^ u_regfile._083_/A (sky130_fd_sc_hd__buf_1)
                  0.58    0.52   13.40 ^ u_regfile._083_/X (sky130_fd_sc_hd__buf_1)
     9    0.05                           u_regfile._012_ (net)
                  0.58    0.00   13.41 ^ u_regfile._087_/A2 (sky130_fd_sc_hd__a21boi_2)
                  0.25    0.28   13.69 v u_regfile._087_/Y (sky130_fd_sc_hd__a21boi_2)
     3    0.04                           u_branch_unit.rs2_val[3] (net)
                  0.25    0.01   13.69 v _281_/A0 (sky130_fd_sc_hd__mux2_2)
                  0.05    0.35   14.04 v _281_/X (sky130_fd_sc_hd__mux2_2)
     1    0.00                           _011_ (net)
                  0.05    0.00   14.04 v _282_/A (sky130_fd_sc_hd__buf_1)
                  0.24    0.25   14.29 v _282_/X (sky130_fd_sc_hd__buf_1)
     7    0.04                           u_alu.B[3] (net)
                  0.24    0.00   14.29 v u_alu._1118_/A (sky130_fd_sc_hd__or4_2)
                  0.11    0.74   15.02 v u_alu._1118_/X (sky130_fd_sc_hd__or4_2)
     2    0.01                           u_alu._0060_ (net)
                  0.11    0.00   15.02 v u_alu._1119_/A (sky130_fd_sc_hd__buf_1)
                  0.24    0.28   15.30 v u_alu._1119_/X (sky130_fd_sc_hd__buf_1)
    10    0.04                           u_alu._0071_ (net)
                  0.24    0.00   15.31 v u_alu._1129_/A (sky130_fd_sc_hd__buf_1)
                  0.30    0.37   15.67 v u_alu._1129_/X (sky130_fd_sc_hd__buf_1)
    10    0.05                           u_alu._0174_ (net)
                  0.30    0.01   15.68 v u_alu._1147_/A (sky130_fd_sc_hd__nor3_2)
                  0.29    0.38   16.06 ^ u_alu._1147_/Y (sky130_fd_sc_hd__nor3_2)
     3    0.02                           u_alu._0270_ (net)
                  0.29    0.00   16.06 ^ u_alu._1148_/B (sky130_fd_sc_hd__xnor2_2)
                  0.13    0.16   16.22 v u_alu._1148_/Y (sky130_fd_sc_hd__xnor2_2)
     3    0.02                           u_alu._0271_ (net)
                  0.13    0.00   16.22 v u_alu._1149_/B (sky130_fd_sc_hd__xnor2_2)
                  0.15    0.18   16.40 v u_alu._1149_/Y (sky130_fd_sc_hd__xnor2_2)
     4    0.01                           u_alu._0272_ (net)
                  0.15    0.00   16.40 v u_alu._1150_/B (sky130_fd_sc_hd__or2_2)
                  0.05    0.30   16.71 v u_alu._1150_/X (sky130_fd_sc_hd__or2_2)
     1    0.00                           u_alu._0273_ (net)
                  0.05    0.00   16.71 v u_alu._1223_/A (sky130_fd_sc_hd__or4_2)
                  0.16    0.75   17.46 v u_alu._1223_/X (sky130_fd_sc_hd__or4_2)
     4    0.02                           u_alu._0346_ (net)
                  0.16    0.00   17.46 v u_alu._1417_/A1 (sky130_fd_sc_hd__o21ai_2)
                  0.27    0.30   17.76 ^ u_alu._1417_/Y (sky130_fd_sc_hd__o21ai_2)
     4    0.02                           u_alu._0538_ (net)
                  0.27    0.00   17.76 ^ u_alu._1613_/A1 (sky130_fd_sc_hd__a31o_2)
                  0.14    0.28   18.04 ^ u_alu._1613_/X (sky130_fd_sc_hd__a31o_2)
     5    0.02                           u_alu._0730_ (net)
                  0.14    0.00   18.05 ^ u_alu._1734_/A1 (sky130_fd_sc_hd__a21oi_2)
                  0.08    0.10   18.15 v u_alu._1734_/Y (sky130_fd_sc_hd__a21oi_2)
     4    0.01                           u_alu._0847_ (net)
                  0.08    0.00   18.15 v u_alu._1740_/A (sky130_fd_sc_hd__or2_2)
                  0.08    0.33   18.48 v u_alu._1740_/X (sky130_fd_sc_hd__or2_2)
     3    0.01                           u_alu._0853_ (net)
                  0.08    0.00   18.48 v u_alu._1768_/A2 (sky130_fd_sc_hd__a31o_2)
                  0.08    0.29   18.77 v u_alu._1768_/X (sky130_fd_sc_hd__a31o_2)
     1    0.02                           u_alu.Result[24] (net)
                  0.08    0.00   18.77 v u_wb_mux._179_/A1 (sky130_fd_sc_hd__a22o_2)
                  0.12    0.34   19.11 v u_wb_mux._179_/X (sky130_fd_sc_hd__a22o_2)
     1    0.04                           u_wb_mux._070_ (net)
                  0.12    0.01   19.12 v u_wb_mux._180_/C1 (sky130_fd_sc_hd__a211o_2)
                  0.43    0.61   19.73 v u_wb_mux._180_/X (sky130_fd_sc_hd__a211o_2)
     3    0.19                           u_regfile.wd[24] (net)
                  0.58    0.01   19.74 v u_regfile.u_sram_rs1/din0[24] (sky130_sram_1kbyte_1rw1r_32x256_8)
                                 19.74   data arrival time

                  0.10   20.00   20.00   clock clk (rise edge)
                          0.00   20.00   clock network delay (ideal)
                         -0.20   19.80   clock uncertainty
                          0.00   19.80   clock reconvergence pessimism
                                 19.80 ^ u_regfile.u_sram_rs1/clk0 (sky130_sram_1kbyte_1rw1r_32x256_8)
                         -0.10   19.70   library setup time
                                 19.70   data required time
-----------------------------------------------------------------------------
                                 19.70   data required time
                                -19.74   data arrival time
-----------------------------------------------------------------------------
                                 -0.04   slack (VIOLATED)


Startpoint: u_imem.u_sram (falling edge-triggered flip-flop clocked by clk)
Endpoint: u_regfile.u_sram_rs2 (falling edge-triggered flip-flop clocked by clk)
Path Group: clk
Path Type: max

Fanout     Cap    Slew   Delay    Time   Description
-----------------------------------------------------------------------------
                  0.10   10.00   10.00   clock clk (fall edge)
                          0.00   10.00   clock network delay (ideal)
                  0.10    0.00   10.00 v u_imem.u_sram/clk1 (sky130_sram_1kbyte_1rw1r_32x256_8)
                  0.15    1.86   11.86 v u_imem.u_sram/dout1[6] (sky130_sram_1kbyte_1rw1r_32x256_8)
     8    0.27                           dbg_instr[6] (net)
                  0.11    0.18   12.03 v u_decoder_controller._17_/B (sky130_fd_sc_hd__or3b_2)
                  0.13    0.54   12.57 v u_decoder_controller._17_/X (sky130_fd_sc_hd__or3b_2)
     4    0.02                           u_decoder_controller._03_ (net)
                  0.13    0.00   12.57 v u_decoder_controller._26_/A2 (sky130_fd_sc_hd__a21oi_2)
                  0.15    0.20   12.77 ^ u_decoder_controller._26_/Y (sky130_fd_sc_hd__a21oi_2)
     3    0.01                           u_decoder_controller._08_ (net)
                  0.15    0.00   12.77 ^ u_decoder_controller._32_/B1 (sky130_fd_sc_hd__a21o_2)
                  0.11    0.18   12.95 ^ u_decoder_controller._32_/X (sky130_fd_sc_hd__a21o_2)
     5    0.02                           u_decoder_controller.alu_src (net)
                  0.11    0.00   12.95 ^ _271_/A (sky130_fd_sc_hd__buf_1)
                  0.48    0.40   13.35 ^ _271_/X (sky130_fd_sc_hd__buf_1)
    10    0.04                           _004_ (net)
                  0.48    0.00   13.35 ^ _275_/S (sky130_fd_sc_hd__mux2_2)
                  0.06    0.25   13.60 ^ _275_/X (sky130_fd_sc_hd__mux2_2)
     1    0.00                           _007_ (net)
                  0.06    0.00   13.60 ^ _276_/A (sky130_fd_sc_hd__buf_1)
                  0.07    0.10   13.70 ^ _276_/X (sky130_fd_sc_hd__buf_1)
     2    0.01                           u_alu.B[1] (net)
                  0.07    0.00   13.70 ^ u_alu._1163_/A (sky130_fd_sc_hd__buf_1)
                  0.93    0.69   14.39 ^ u_alu._1163_/X (sky130_fd_sc_hd__buf_1)
    10    0.08                           u_alu._0286_ (net)
                  0.93    0.02   14.41 ^ u_alu._1186_/A (sky130_fd_sc_hd__buf_1)
                  0.62    0.55   14.97 ^ u_alu._1186_/X (sky130_fd_sc_hd__buf_1)
    10    0.05                           u_alu._0309_ (net)
                  0.62    0.00   14.97 ^ u_alu._1263_/A (sky130_fd_sc_hd__buf_1)
                  0.61    0.54   15.51 ^ u_alu._1263_/X (sky130_fd_sc_hd__buf_1)
    10    0.05                           u_alu._0386_ (net)
                  0.61    0.00   15.51 ^ u_alu._1264_/A (sky130_fd_sc_hd__buf_1)
                  0.49    0.46   15.97 ^ u_alu._1264_/X (sky130_fd_sc_hd__buf_1)
    10    0.04                           u_alu._0387_ (net)
                  0.49    0.00   15.97 ^ u_alu._1267_/A (sky130_fd_sc_hd__buf_1)
                  0.50    0.46   16.43 ^ u_alu._1267_/X (sky130_fd_sc_hd__buf_1)
    10    0.04                           u_alu._0390_ (net)
                  0.50    0.00   16.43 ^ u_alu._1382_/S0 (sky130_fd_sc_hd__mux4_2)
                  0.11    0.62   17.05 v u_alu._1382_/X (sky130_fd_sc_hd__mux4_2)
     3    0.01                           u_alu._0504_ (net)
                  0.11    0.00   17.05 v u_alu._1384_/A1 (sky130_fd_sc_hd__mux2_2)
                  0.07    0.31   17.36 v u_alu._1384_/X (sky130_fd_sc_hd__mux2_2)
     3    0.01                           u_alu._0506_ (net)
                  0.07    0.00   17.36 v u_alu._1386_/A1 (sky130_fd_sc_hd__mux2_2)
                  0.05    0.27   17.63 v u_alu._1386_/X (sky130_fd_sc_hd__mux2_2)
     1    0.00                           u_alu._0508_ (net)
                  0.05    0.00   17.63 v u_alu._1400_/A2 (sky130_fd_sc_hd__a22o_2)
                  0.07    0.29   17.92 v u_alu._1400_/X (sky130_fd_sc_hd__a22o_2)
     1    0.01                           u_alu._0522_ (net)
                  0.07    0.00   17.92 v u_alu._1410_/A2 (sky130_fd_sc_hd__a211o_2)
                  0.09    0.39   18.31 v u_alu._1410_/X (sky130_fd_sc_hd__a211o_2)
     1    0.02                           u_alu._0532_ (net)
                  0.09    0.00   18.31 v u_alu._1411_/B1 (sky130_fd_sc_hd__a31o_2)
                  0.06    0.25   18.56 v u_alu._1411_/X (sky130_fd_sc_hd__a31o_2)
     1    0.01                           u_alu._0533_ (net)
                  0.06    0.00   18.56 v u_alu._1412_/B1 (sky130_fd_sc_hd__a31o_2)
                  0.04    0.22   18.78 v u_alu._1412_/X (sky130_fd_sc_hd__a31o_2)
     1    0.01                           u_alu.Result[15] (net)
                  0.04    0.00   18.78 v u_wb_mux._147_/A1 (sky130_fd_sc_hd__a22o_2)
                  0.10    0.30   19.09 v u_wb_mux._147_/X (sky130_fd_sc_hd__a22o_2)
     1    0.03                           u_wb_mux._047_ (net)
                  0.10    0.01   19.09 v u_wb_mux._148_/C1 (sky130_fd_sc_hd__a211o_2)
                  0.28    0.50   19.59 v u_wb_mux._148_/X (sky130_fd_sc_hd__a211o_2)
     3    0.11                           u_regfile.wd[15] (net)
                  0.37    0.02   19.62 v u_regfile.u_sram_rs2/din0[15] (sky130_sram_1kbyte_1rw1r_32x256_8)
                                 19.62   data arrival time

                  0.10   20.00   20.00   clock clk (rise edge)
                          0.00   20.00   clock network delay (ideal)
                         -0.20   19.80   clock uncertainty
                          0.00   19.80   clock reconvergence pessimism
                                 19.80 ^ u_regfile.u_sram_rs2/clk0 (sky130_sram_1kbyte_1rw1r_32x256_8)
                         -0.10   19.70   library setup time
                                 19.70   data required time
-----------------------------------------------------------------------------
                                 19.70   data required time
                                -19.62   data arrival time
-----------------------------------------------------------------------------
                                  0.08   slack (MET)


Startpoint: u_imem.u_sram (falling edge-triggered flip-flop clocked by clk)
Endpoint: u_regfile.u_sram_rs1 (falling edge-triggered flip-flop clocked by clk)
Path Group: clk
Path Type: max

Fanout     Cap    Slew   Delay    Time   Description
-----------------------------------------------------------------------------
                  0.10   10.00   10.00   clock clk (fall edge)
                          0.00   10.00   clock network delay (ideal)
                  0.10    0.00   10.00 v u_imem.u_sram/clk1 (sky130_sram_1kbyte_1rw1r_32x256_8)
                  0.15    1.86   11.86 v u_imem.u_sram/dout1[6] (sky130_sram_1kbyte_1rw1r_32x256_8)
     8    0.27                           dbg_instr[6] (net)
                  0.11    0.18   12.03 v u_decoder_controller._17_/B (sky130_fd_sc_hd__or3b_2)
                  0.13    0.54   12.57 v u_decoder_controller._17_/X (sky130_fd_sc_hd__or3b_2)
     4    0.02                           u_decoder_controller._03_ (net)
                  0.13    0.00   12.57 v u_decoder_controller._26_/A2 (sky130_fd_sc_hd__a21oi_2)
                  0.15    0.20   12.77 ^ u_decoder_controller._26_/Y (sky130_fd_sc_hd__a21oi_2)
     3    0.01                           u_decoder_controller._08_ (net)
                  0.15    0.00   12.77 ^ u_decoder_controller._32_/B1 (sky130_fd_sc_hd__a21o_2)
                  0.11    0.18   12.95 ^ u_decoder_controller._32_/X (sky130_fd_sc_hd__a21o_2)
     5    0.02                           u_decoder_controller.alu_src (net)
                  0.11    0.00   12.95 ^ _271_/A (sky130_fd_sc_hd__buf_1)
                  0.48    0.40   13.35 ^ _271_/X (sky130_fd_sc_hd__buf_1)
    10    0.04                           _004_ (net)
                  0.48    0.00   13.35 ^ _275_/S (sky130_fd_sc_hd__mux2_2)
                  0.06    0.25   13.60 ^ _275_/X (sky130_fd_sc_hd__mux2_2)
     1    0.00                           _007_ (net)
                  0.06    0.00   13.60 ^ _276_/A (sky130_fd_sc_hd__buf_1)
                  0.07    0.10   13.70 ^ _276_/X (sky130_fd_sc_hd__buf_1)
     2    0.01                           u_alu.B[1] (net)
                  0.07    0.00   13.70 ^ u_alu._1163_/A (sky130_fd_sc_hd__buf_1)
                  0.93    0.69   14.39 ^ u_alu._1163_/X (sky130_fd_sc_hd__buf_1)
    10    0.08                           u_alu._0286_ (net)
                  0.93    0.02   14.41 ^ u_alu._1186_/A (sky130_fd_sc_hd__buf_1)
                  0.62    0.55   14.97 ^ u_alu._1186_/X (sky130_fd_sc_hd__buf_1)
    10    0.05                           u_alu._0309_ (net)
                  0.62    0.00   14.97 ^ u_alu._1263_/A (sky130_fd_sc_hd__buf_1)
                  0.61    0.54   15.51 ^ u_alu._1263_/X (sky130_fd_sc_hd__buf_1)
    10    0.05                           u_alu._0386_ (net)
                  0.61    0.00   15.51 ^ u_alu._1264_/A (sky130_fd_sc_hd__buf_1)
                  0.49    0.46   15.97 ^ u_alu._1264_/X (sky130_fd_sc_hd__buf_1)
    10    0.04                           u_alu._0387_ (net)
                  0.49    0.00   15.97 ^ u_alu._1267_/A (sky130_fd_sc_hd__buf_1)
                  0.50    0.46   16.43 ^ u_alu._1267_/X (sky130_fd_sc_hd__buf_1)
    10    0.04                           u_alu._0390_ (net)
                  0.50    0.00   16.43 ^ u_alu._1382_/S0 (sky130_fd_sc_hd__mux4_2)
                  0.11    0.62   17.05 v u_alu._1382_/X (sky130_fd_sc_hd__mux4_2)
     3    0.01                           u_alu._0504_ (net)
                  0.11    0.00   17.05 v u_alu._1384_/A1 (sky130_fd_sc_hd__mux2_2)
                  0.07    0.31   17.36 v u_alu._1384_/X (sky130_fd_sc_hd__mux2_2)
     3    0.01                           u_alu._0506_ (net)
                  0.07    0.00   17.36 v u_alu._1386_/A1 (sky130_fd_sc_hd__mux2_2)
                  0.05    0.27   17.63 v u_alu._1386_/X (sky130_fd_sc_hd__mux2_2)
     1    0.00                           u_alu._0508_ (net)
                  0.05    0.00   17.63 v u_alu._1400_/A2 (sky130_fd_sc_hd__a22o_2)
                  0.07    0.29   17.92 v u_alu._1400_/X (sky130_fd_sc_hd__a22o_2)
     1    0.01                           u_alu._0522_ (net)
                  0.07    0.00   17.92 v u_alu._1410_/A2 (sky130_fd_sc_hd__a211o_2)
                  0.09    0.39   18.31 v u_alu._1410_/X (sky130_fd_sc_hd__a211o_2)
     1    0.02                           u_alu._0532_ (net)
                  0.09    0.00   18.31 v u_alu._1411_/B1 (sky130_fd_sc_hd__a31o_2)
                  0.06    0.25   18.56 v u_alu._1411_/X (sky130_fd_sc_hd__a31o_2)
     1    0.01                           u_alu._0533_ (net)
                  0.06    0.00   18.56 v u_alu._1412_/B1 (sky130_fd_sc_hd__a31o_2)
                  0.04    0.22   18.78 v u_alu._1412_/X (sky130_fd_sc_hd__a31o_2)
     1    0.01                           u_alu.Result[15] (net)
                  0.04    0.00   18.78 v u_wb_mux._147_/A1 (sky130_fd_sc_hd__a22o_2)
                  0.10    0.30   19.09 v u_wb_mux._147_/X (sky130_fd_sc_hd__a22o_2)
     1    0.03                           u_wb_mux._047_ (net)
                  0.10    0.01   19.09 v u_wb_mux._148_/C1 (sky130_fd_sc_hd__a211o_2)
                  0.28    0.50   19.59 v u_wb_mux._148_/X (sky130_fd_sc_hd__a211o_2)
     3    0.11                           u_regfile.wd[15] (net)
                  0.37    0.02   19.61 v u_regfile.u_sram_rs1/din0[15] (sky130_sram_1kbyte_1rw1r_32x256_8)
                                 19.61   data arrival time

                  0.10   20.00   20.00   clock clk (rise edge)
                          0.00   20.00   clock network delay (ideal)
                         -0.20   19.80   clock uncertainty
                          0.00   19.80   clock reconvergence pessimism
                                 19.80 ^ u_regfile.u_sram_rs1/clk0 (sky130_sram_1kbyte_1rw1r_32x256_8)
                         -0.10   19.70   library setup time
                                 19.70   data required time
-----------------------------------------------------------------------------
                                 19.70   data required time
                                -19.61   data arrival time
-----------------------------------------------------------------------------
                                  0.08   slack (MET)


Startpoint: u_imem.u_sram (falling edge-triggered flip-flop clocked by clk)
Endpoint: u_regfile.u_sram_rs2 (falling edge-triggered flip-flop clocked by clk)
Path Group: clk
Path Type: max

Fanout     Cap    Slew   Delay    Time   Description
-----------------------------------------------------------------------------
                  0.10   10.00   10.00   clock clk (fall edge)
                          0.00   10.00   clock network delay (ideal)
                  0.10    0.00   10.00 v u_imem.u_sram/clk1 (sky130_sram_1kbyte_1rw1r_32x256_8)
                  0.15    1.86   11.86 v u_imem.u_sram/dout1[6] (sky130_sram_1kbyte_1rw1r_32x256_8)
     8    0.27                           dbg_instr[6] (net)
                  0.11    0.18   12.03 v u_decoder_controller._17_/B (sky130_fd_sc_hd__or3b_2)
                  0.13    0.54   12.57 v u_decoder_controller._17_/X (sky130_fd_sc_hd__or3b_2)
     4    0.02                           u_decoder_controller._03_ (net)
                  0.13    0.00   12.57 v u_decoder_controller._26_/A2 (sky130_fd_sc_hd__a21oi_2)
                  0.15    0.20   12.77 ^ u_decoder_controller._26_/Y (sky130_fd_sc_hd__a21oi_2)
     3    0.01                           u_decoder_controller._08_ (net)
                  0.15    0.00   12.77 ^ u_decoder_controller._32_/B1 (sky130_fd_sc_hd__a21o_2)
                  0.11    0.18   12.95 ^ u_decoder_controller._32_/X (sky130_fd_sc_hd__a21o_2)
     5    0.02                           u_decoder_controller.alu_src (net)
                  0.11    0.00   12.95 ^ _271_/A (sky130_fd_sc_hd__buf_1)
                  0.48    0.40   13.35 ^ _271_/X (sky130_fd_sc_hd__buf_1)
    10    0.04                           _004_ (net)
                  0.48    0.00   13.35 ^ _272_/S (sky130_fd_sc_hd__mux2_2)
                  0.05    0.25   13.60 ^ _272_/X (sky130_fd_sc_hd__mux2_2)
     1    0.00                           _005_ (net)
                  0.05    0.00   13.60 ^ _273_/A (sky130_fd_sc_hd__buf_1)
                  0.07    0.11   13.71 ^ _273_/X (sky130_fd_sc_hd__buf_1)
     2    0.01                           u_alu.B[0] (net)
                  0.07    0.00   13.71 ^ u_alu._1162_/A (sky130_fd_sc_hd__buf_1)
                  1.05    0.78   14.48 ^ u_alu._1162_/X (sky130_fd_sc_hd__buf_1)
    10    0.09                           u_alu._0285_ (net)
                  1.05    0.02   14.51 ^ u_alu._1261_/A (sky130_fd_sc_hd__buf_1)
                  0.69    0.61   15.11 ^ u_alu._1261_/X (sky130_fd_sc_hd__buf_1)
    10    0.06                           u_alu._0384_ (net)
                  0.69    0.00   15.11 ^ u_alu._1262_/A (sky130_fd_sc_hd__buf_1)
                  0.76    0.65   15.76 ^ u_alu._1262_/X (sky130_fd_sc_hd__buf_1)
    10    0.07                           u_alu._0385_ (net)
                  0.76    0.00   15.76 ^ u_alu._1266_/A (sky130_fd_sc_hd__buf_1)
                  0.67    0.59   16.35 ^ u_alu._1266_/X (sky130_fd_sc_hd__buf_1)
    10    0.06                           u_alu._0389_ (net)
                  0.67    0.00   16.35 ^ u_alu._1482_/S0 (sky130_fd_sc_hd__mux4_2)
                  0.11    0.64   17.00 v u_alu._1482_/X (sky130_fd_sc_hd__mux4_2)
     4    0.01                           u_alu._0602_ (net)
                  0.11    0.00   17.00 v u_alu._1485_/A1 (sky130_fd_sc_hd__mux4_2)
                  0.11    0.52   17.51 v u_alu._1485_/X (sky130_fd_sc_hd__mux4_2)
     1    0.01                           u_alu._0605_ (net)
                  0.11    0.00   17.52 v u_alu._1501_/A2 (sky130_fd_sc_hd__a21o_2)
                  0.07    0.27   17.79 v u_alu._1501_/X (sky130_fd_sc_hd__a21o_2)
     1    0.02                           u_alu._0621_ (net)
                  0.07    0.00   17.79 v u_alu._1514_/A2 (sky130_fd_sc_hd__a221o_2)
                  0.06    0.40   18.19 v u_alu._1514_/X (sky130_fd_sc_hd__a221o_2)
     1    0.01                           u_alu._0634_ (net)
                  0.06    0.00   18.19 v u_alu._1515_/B1 (sky130_fd_sc_hd__a31o_2)
                  0.06    0.25   18.44 v u_alu._1515_/X (sky130_fd_sc_hd__a31o_2)
     1    0.01                           u_alu._0635_ (net)
                  0.06    0.00   18.44 v u_alu._1516_/B1 (sky130_fd_sc_hd__a31o_2)
                  0.04    0.22   18.67 v u_alu._1516_/X (sky130_fd_sc_hd__a31o_2)
     1    0.00                           u_alu.Result[17] (net)
                  0.04    0.00   18.67 v u_wb_mux._153_/A1 (sky130_fd_sc_hd__a22o_2)
                  0.11    0.31   18.98 v u_wb_mux._153_/X (sky130_fd_sc_hd__a22o_2)
     1    0.03                           u_wb_mux._051_ (net)
                  0.11    0.01   18.98 v u_wb_mux._154_/C1 (sky130_fd_sc_hd__a211o_2)
                  0.37    0.59   19.57 v u_wb_mux._154_/X (sky130_fd_sc_hd__a211o_2)
     3    0.16                           u_regfile.wd[17] (net)
                  0.49    0.02   19.59 v u_regfile.u_sram_rs2/din0[17] (sky130_sram_1kbyte_1rw1r_32x256_8)
                                 19.59   data arrival time

                  0.10   20.00   20.00   clock clk (rise edge)
                          0.00   20.00   clock network delay (ideal)
                         -0.20   19.80   clock uncertainty
                          0.00   19.80   clock reconvergence pessimism
                                 19.80 ^ u_regfile.u_sram_rs2/clk0 (sky130_sram_1kbyte_1rw1r_32x256_8)
                         -0.10   19.70   library setup time
                                 19.70   data required time
-----------------------------------------------------------------------------
                                 19.70   data required time
                                -19.59   data arrival time
-----------------------------------------------------------------------------
                                  0.11   slack (MET)


Startpoint: u_imem.u_sram (falling edge-triggered flip-flop clocked by clk)
Endpoint: u_regfile.u_sram_rs1 (falling edge-triggered flip-flop clocked by clk)
Path Group: clk
Path Type: max

Fanout     Cap    Slew   Delay    Time   Description
-----------------------------------------------------------------------------
                  0.10   10.00   10.00   clock clk (fall edge)
                          0.00   10.00   clock network delay (ideal)
                  0.10    0.00   10.00 v u_imem.u_sram/clk1 (sky130_sram_1kbyte_1rw1r_32x256_8)
                  0.15    1.86   11.86 v u_imem.u_sram/dout1[6] (sky130_sram_1kbyte_1rw1r_32x256_8)
     8    0.27                           dbg_instr[6] (net)
                  0.11    0.18   12.03 v u_decoder_controller._17_/B (sky130_fd_sc_hd__or3b_2)
                  0.13    0.54   12.57 v u_decoder_controller._17_/X (sky130_fd_sc_hd__or3b_2)
     4    0.02                           u_decoder_controller._03_ (net)
                  0.13    0.00   12.57 v u_decoder_controller._26_/A2 (sky130_fd_sc_hd__a21oi_2)
                  0.15    0.20   12.77 ^ u_decoder_controller._26_/Y (sky130_fd_sc_hd__a21oi_2)
     3    0.01                           u_decoder_controller._08_ (net)
                  0.15    0.00   12.77 ^ u_decoder_controller._32_/B1 (sky130_fd_sc_hd__a21o_2)
                  0.11    0.18   12.95 ^ u_decoder_controller._32_/X (sky130_fd_sc_hd__a21o_2)
     5    0.02                           u_decoder_controller.alu_src (net)
                  0.11    0.00   12.95 ^ _271_/A (sky130_fd_sc_hd__buf_1)
                  0.48    0.40   13.35 ^ _271_/X (sky130_fd_sc_hd__buf_1)
    10    0.04                           _004_ (net)
                  0.48    0.00   13.35 ^ _272_/S (sky130_fd_sc_hd__mux2_2)
                  0.05    0.25   13.60 ^ _272_/X (sky130_fd_sc_hd__mux2_2)
     1    0.00                           _005_ (net)
                  0.05    0.00   13.60 ^ _273_/A (sky130_fd_sc_hd__buf_1)
                  0.07    0.11   13.71 ^ _273_/X (sky130_fd_sc_hd__buf_1)
     2    0.01                           u_alu.B[0] (net)
                  0.07    0.00   13.71 ^ u_alu._1162_/A (sky130_fd_sc_hd__buf_1)
                  1.05    0.78   14.48 ^ u_alu._1162_/X (sky130_fd_sc_hd__buf_1)
    10    0.09                           u_alu._0285_ (net)
                  1.05    0.02   14.51 ^ u_alu._1261_/A (sky130_fd_sc_hd__buf_1)
                  0.69    0.61   15.11 ^ u_alu._1261_/X (sky130_fd_sc_hd__buf_1)
    10    0.06                           u_alu._0384_ (net)
                  0.69    0.00   15.11 ^ u_alu._1262_/A (sky130_fd_sc_hd__buf_1)
                  0.76    0.65   15.76 ^ u_alu._1262_/X (sky130_fd_sc_hd__buf_1)
    10    0.07                           u_alu._0385_ (net)
                  0.76    0.00   15.76 ^ u_alu._1266_/A (sky130_fd_sc_hd__buf_1)
                  0.67    0.59   16.35 ^ u_alu._1266_/X (sky130_fd_sc_hd__buf_1)
    10    0.06                           u_alu._0389_ (net)
                  0.67    0.00   16.35 ^ u_alu._1482_/S0 (sky130_fd_sc_hd__mux4_2)
                  0.11    0.64   17.00 v u_alu._1482_/X (sky130_fd_sc_hd__mux4_2)
     4    0.01                           u_alu._0602_ (net)
                  0.11    0.00   17.00 v u_alu._1485_/A1 (sky130_fd_sc_hd__mux4_2)
                  0.11    0.52   17.51 v u_alu._1485_/X (sky130_fd_sc_hd__mux4_2)
     1    0.01                           u_alu._0605_ (net)
                  0.11    0.00   17.52 v u_alu._1501_/A2 (sky130_fd_sc_hd__a21o_2)
                  0.07    0.27   17.79 v u_alu._1501_/X (sky130_fd_sc_hd__a21o_2)
     1    0.02                           u_alu._0621_ (net)
                  0.07    0.00   17.79 v u_alu._1514_/A2 (sky130_fd_sc_hd__a221o_2)
                  0.06    0.40   18.19 v u_alu._1514_/X (sky130_fd_sc_hd__a221o_2)
     1    0.01                           u_alu._0634_ (net)
                  0.06    0.00   18.19 v u_alu._1515_/B1 (sky130_fd_sc_hd__a31o_2)
                  0.06    0.25   18.44 v u_alu._1515_/X (sky130_fd_sc_hd__a31o_2)
     1    0.01                           u_alu._0635_ (net)
                  0.06    0.00   18.44 v u_alu._1516_/B1 (sky130_fd_sc_hd__a31o_2)
                  0.04    0.22   18.67 v u_alu._1516_/X (sky130_fd_sc_hd__a31o_2)
     1    0.00                           u_alu.Result[17] (net)
                  0.04    0.00   18.67 v u_wb_mux._153_/A1 (sky130_fd_sc_hd__a22o_2)
                  0.11    0.31   18.98 v u_wb_mux._153_/X (sky130_fd_sc_hd__a22o_2)
     1    0.03                           u_wb_mux._051_ (net)
                  0.11    0.01   18.98 v u_wb_mux._154_/C1 (sky130_fd_sc_hd__a211o_2)
                  0.37    0.59   19.57 v u_wb_mux._154_/X (sky130_fd_sc_hd__a211o_2)
     3    0.16                           u_regfile.wd[17] (net)
                  0.49    0.01   19.59 v u_regfile.u_sram_rs1/din0[17] (sky130_sram_1kbyte_1rw1r_32x256_8)
                                 19.59   data arrival time

                  0.10   20.00   20.00   clock clk (rise edge)
                          0.00   20.00   clock network delay (ideal)
                         -0.20   19.80   clock uncertainty
                          0.00   19.80   clock reconvergence pessimism
                                 19.80 ^ u_regfile.u_sram_rs1/clk0 (sky130_sram_1kbyte_1rw1r_32x256_8)
                         -0.10   19.70   library setup time
                                 19.70   data required time
-----------------------------------------------------------------------------
                                 19.70   data required time
                                -19.59   data arrival time
-----------------------------------------------------------------------------
                                  0.11   slack (MET)


Startpoint: u_imem.u_sram (falling edge-triggered flip-flop clocked by clk)
Endpoint: u_regfile.u_sram_rs1 (falling edge-triggered flip-flop clocked by clk)
Path Group: clk
Path Type: max

Fanout     Cap    Slew   Delay    Time   Description
-----------------------------------------------------------------------------
                  0.10   10.00   10.00   clock clk (fall edge)
                          0.00   10.00   clock network delay (ideal)
                  0.10    0.00   10.00 v u_imem.u_sram/clk1 (sky130_sram_1kbyte_1rw1r_32x256_8)
                  0.15    1.86   11.86 v u_imem.u_sram/dout1[6] (sky130_sram_1kbyte_1rw1r_32x256_8)
     8    0.27                           dbg_instr[6] (net)
                  0.11    0.18   12.03 v u_decoder_controller._17_/B (sky130_fd_sc_hd__or3b_2)
                  0.13    0.54   12.57 v u_decoder_controller._17_/X (sky130_fd_sc_hd__or3b_2)
     4    0.02                           u_decoder_controller._03_ (net)
                  0.13    0.00   12.57 v u_decoder_controller._26_/A2 (sky130_fd_sc_hd__a21oi_2)
                  0.15    0.20   12.77 ^ u_decoder_controller._26_/Y (sky130_fd_sc_hd__a21oi_2)
     3    0.01                           u_decoder_controller._08_ (net)
                  0.15    0.00   12.77 ^ u_decoder_controller._32_/B1 (sky130_fd_sc_hd__a21o_2)
                  0.11    0.18   12.95 ^ u_decoder_controller._32_/X (sky130_fd_sc_hd__a21o_2)
     5    0.02                           u_decoder_controller.alu_src (net)
                  0.11    0.00   12.95 ^ _271_/A (sky130_fd_sc_hd__buf_1)
                  0.48    0.40   13.35 ^ _271_/X (sky130_fd_sc_hd__buf_1)
    10    0.04                           _004_ (net)
                  0.48    0.00   13.35 ^ _272_/S (sky130_fd_sc_hd__mux2_2)
                  0.05    0.25   13.60 ^ _272_/X (sky130_fd_sc_hd__mux2_2)
     1    0.00                           _005_ (net)
                  0.05    0.00   13.60 ^ _273_/A (sky130_fd_sc_hd__buf_1)
                  0.07    0.11   13.71 ^ _273_/X (sky130_fd_sc_hd__buf_1)
     2    0.01                           u_alu.B[0] (net)
                  0.07    0.00   13.71 ^ u_alu._1162_/A (sky130_fd_sc_hd__buf_1)
                  1.05    0.78   14.48 ^ u_alu._1162_/X (sky130_fd_sc_hd__buf_1)
    10    0.09                           u_alu._0285_ (net)
                  1.05    0.02   14.51 ^ u_alu._1261_/A (sky130_fd_sc_hd__buf_1)
                  0.69    0.61   15.11 ^ u_alu._1261_/X (sky130_fd_sc_hd__buf_1)
    10    0.06                           u_alu._0384_ (net)
                  0.69    0.00   15.11 ^ u_alu._1262_/A (sky130_fd_sc_hd__buf_1)
                  0.76    0.65   15.76 ^ u_alu._1262_/X (sky130_fd_sc_hd__buf_1)
    10    0.07                           u_alu._0385_ (net)
                  0.76    0.00   15.76 ^ u_alu._1266_/A (sky130_fd_sc_hd__buf_1)
                  0.67    0.59   16.35 ^ u_alu._1266_/X (sky130_fd_sc_hd__buf_1)
    10    0.06                           u_alu._0389_ (net)
                  0.67    0.00   16.35 ^ u_alu._1268_/S0 (sky130_fd_sc_hd__mux4_2)
                  0.10    0.63   16.98 v u_alu._1268_/X (sky130_fd_sc_hd__mux4_2)
     3    0.01                           u_alu._0391_ (net)
                  0.10    0.00   16.98 v u_alu._1271_/A1 (sky130_fd_sc_hd__mux2_2)
                  0.06    0.30   17.28 v u_alu._1271_/X (sky130_fd_sc_hd__mux2_2)
     2    0.01                           u_alu._0394_ (net)
                  0.06    0.00   17.28 v u_alu._1283_/A0 (sky130_fd_sc_hd__mux2_2)
                  0.08    0.31   17.60 v u_alu._1283_/X (sky130_fd_sc_hd__mux2_2)
     2    0.02                           u_alu._0406_ (net)
                  0.08    0.00   17.60 v u_alu._1284_/B2 (sky130_fd_sc_hd__a22o_2)
                  0.07    0.28   17.88 v u_alu._1284_/X (sky130_fd_sc_hd__a22o_2)
     1    0.02                           u_alu._0407_ (net)
                  0.07    0.00   17.88 v u_alu._1355_/A2 (sky130_fd_sc_hd__a211o_2)
                  0.08    0.38   18.26 v u_alu._1355_/X (sky130_fd_sc_hd__a211o_2)
     1    0.01                           u_alu._0478_ (net)
                  0.08    0.00   18.26 v u_alu._1356_/B (sky130_fd_sc_hd__or2_2)
                  0.06    0.29   18.55 v u_alu._1356_/X (sky130_fd_sc_hd__or2_2)
     1    0.00                           u_alu._0479_ (net)
                  0.06    0.00   18.55 v u_alu._1357_/A (sky130_fd_sc_hd__buf_1)
                  0.04    0.10   18.65 v u_alu._1357_/X (sky130_fd_sc_hd__buf_1)
     1    0.00                           u_alu.Result[14] (net)
                  0.04    0.00   18.65 v u_wb_mux._144_/A1 (sky130_fd_sc_hd__a22o_2)
                  0.11    0.30   18.95 v u_wb_mux._144_/X (sky130_fd_sc_hd__a22o_2)
     1    0.03                           u_wb_mux._045_ (net)
                  0.11    0.01   18.96 v u_wb_mux._145_/C1 (sky130_fd_sc_hd__a211o_2)
                  0.30    0.53   19.48 v u_wb_mux._145_/X (sky130_fd_sc_hd__a211o_2)
     3    0.12                           u_regfile.wd[14] (net)
                  0.41    0.04   19.52 v u_regfile.u_sram_rs1/din0[14] (sky130_sram_1kbyte_1rw1r_32x256_8)
                                 19.52   data arrival time

                  0.10   20.00   20.00   clock clk (rise edge)
                          0.00   20.00   clock network delay (ideal)
                         -0.20   19.80   clock uncertainty
                          0.00   19.80   clock reconvergence pessimism
                                 19.80 ^ u_regfile.u_sram_rs1/clk0 (sky130_sram_1kbyte_1rw1r_32x256_8)
                         -0.10   19.70   library setup time
                                 19.70   data required time
-----------------------------------------------------------------------------
                                 19.70   data required time
                                -19.52   data arrival time
-----------------------------------------------------------------------------
                                  0.17   slack (MET)


Startpoint: u_imem.u_sram (falling edge-triggered flip-flop clocked by clk)
Endpoint: u_regfile.u_sram_rs1 (falling edge-triggered flip-flop clocked by clk)
Path Group: clk
Path Type: max

Fanout     Cap    Slew   Delay    Time   Description
-----------------------------------------------------------------------------
                  0.10   10.00   10.00   clock clk (fall edge)
                          0.00   10.00   clock network delay (ideal)
                  0.10    0.00   10.00 v u_imem.u_sram/clk1 (sky130_sram_1kbyte_1rw1r_32x256_8)
                  0.15    1.86   11.86 v u_imem.u_sram/dout1[6] (sky130_sram_1kbyte_1rw1r_32x256_8)
     8    0.27                           dbg_instr[6] (net)
                  0.11    0.18   12.03 v u_decoder_controller._17_/B (sky130_fd_sc_hd__or3b_2)
                  0.13    0.54   12.57 v u_decoder_controller._17_/X (sky130_fd_sc_hd__or3b_2)
     4    0.02                           u_decoder_controller._03_ (net)
                  0.13    0.00   12.57 v u_decoder_controller._26_/A2 (sky130_fd_sc_hd__a21oi_2)
                  0.15    0.20   12.77 ^ u_decoder_controller._26_/Y (sky130_fd_sc_hd__a21oi_2)
     3    0.01                           u_decoder_controller._08_ (net)
                  0.15    0.00   12.77 ^ u_decoder_controller._32_/B1 (sky130_fd_sc_hd__a21o_2)
                  0.11    0.18   12.95 ^ u_decoder_controller._32_/X (sky130_fd_sc_hd__a21o_2)
     5    0.02                           u_decoder_controller.alu_src (net)
                  0.11    0.00   12.95 ^ _271_/A (sky130_fd_sc_hd__buf_1)
                  0.48    0.40   13.35 ^ _271_/X (sky130_fd_sc_hd__buf_1)
    10    0.04                           _004_ (net)
                  0.48    0.00   13.35 ^ _275_/S (sky130_fd_sc_hd__mux2_2)
                  0.06    0.25   13.60 ^ _275_/X (sky130_fd_sc_hd__mux2_2)
     1    0.00                           _007_ (net)
                  0.06    0.00   13.60 ^ _276_/A (sky130_fd_sc_hd__buf_1)
                  0.07    0.10   13.70 ^ _276_/X (sky130_fd_sc_hd__buf_1)
     2    0.01                           u_alu.B[1] (net)
                  0.07    0.00   13.70 ^ u_alu._1163_/A (sky130_fd_sc_hd__buf_1)
                  0.93    0.69   14.39 ^ u_alu._1163_/X (sky130_fd_sc_hd__buf_1)
    10    0.08                           u_alu._0286_ (net)
                  0.93    0.02   14.41 ^ u_alu._1186_/A (sky130_fd_sc_hd__buf_1)
                  0.62    0.55   14.97 ^ u_alu._1186_/X (sky130_fd_sc_hd__buf_1)
    10    0.05                           u_alu._0309_ (net)
                  0.62    0.00   14.97 ^ u_alu._1263_/A (sky130_fd_sc_hd__buf_1)
                  0.61    0.54   15.51 ^ u_alu._1263_/X (sky130_fd_sc_hd__buf_1)
    10    0.05                           u_alu._0386_ (net)
                  0.61    0.00   15.51 ^ u_alu._1264_/A (sky130_fd_sc_hd__buf_1)
                  0.49    0.46   15.97 ^ u_alu._1264_/X (sky130_fd_sc_hd__buf_1)
    10    0.04                           u_alu._0387_ (net)
                  0.49    0.00   15.97 ^ u_alu._1267_/A (sky130_fd_sc_hd__buf_1)
                  0.50    0.46   16.43 ^ u_alu._1267_/X (sky130_fd_sc_hd__buf_1)
    10    0.04                           u_alu._0390_ (net)
                  0.50    0.00   16.43 ^ u_alu._1434_/S1 (sky130_fd_sc_hd__mux4_2)
                  0.10    0.41   16.84 v u_alu._1434_/X (sky130_fd_sc_hd__mux4_2)
     3    0.01                           u_alu._0555_ (net)
                  0.10    0.00   16.84 v u_alu._1625_/A3 (sky130_fd_sc_hd__mux4_2)
                  0.09    0.49   17.33 v u_alu._1625_/X (sky130_fd_sc_hd__mux4_2)
     1    0.00                           u_alu._0742_ (net)
                  0.09    0.00   17.33 v u_alu._1626_/A2 (sky130_fd_sc_hd__o21a_2)
                  0.04    0.21   17.54 v u_alu._1626_/X (sky130_fd_sc_hd__o21a_2)
     1    0.00                           u_alu._0743_ (net)
                  0.04    0.00   17.54 v u_alu._1627_/B (sky130_fd_sc_hd__or2_2)
                  0.09    0.32   17.87 v u_alu._1627_/X (sky130_fd_sc_hd__or2_2)
     1    0.02                           u_alu._0744_ (net)
                  0.09    0.00   17.87 v u_alu._1631_/A2 (sky130_fd_sc_hd__a221o_2)
                  0.06    0.41   18.27 v u_alu._1631_/X (sky130_fd_sc_hd__a221o_2)
     1    0.01                           u_alu._0748_ (net)
                  0.06    0.00   18.27 v u_alu._1632_/C1 (sky130_fd_sc_hd__a211o_2)
                  0.09    0.33   18.60 v u_alu._1632_/X (sky130_fd_sc_hd__a211o_2)
     1    0.02                           u_alu.Result[20] (net)
                  0.09    0.00   18.60 v u_wb_mux._166_/A1 (sky130_fd_sc_hd__a22o_2)
                  0.11    0.33   18.93 v u_wb_mux._166_/X (sky130_fd_sc_hd__a22o_2)
     1    0.03                           u_wb_mux._061_ (net)
                  0.11    0.01   18.94 v u_wb_mux._167_/C1 (sky130_fd_sc_hd__a211o_2)
                  0.30    0.53   19.47 v u_wb_mux._167_/X (sky130_fd_sc_hd__a211o_2)
     3    0.12                           u_regfile.wd[20] (net)
                  0.40    0.03   19.50 v u_regfile.u_sram_rs1/din0[20] (sky130_sram_1kbyte_1rw1r_32x256_8)
                                 19.50   data arrival time

                  0.10   20.00   20.00   clock clk (rise edge)
                          0.00   20.00   clock network delay (ideal)
                         -0.20   19.80   clock uncertainty
                          0.00   19.80   clock reconvergence pessimism
                                 19.80 ^ u_regfile.u_sram_rs1/clk0 (sky130_sram_1kbyte_1rw1r_32x256_8)
                         -0.10   19.70   library setup time
                                 19.70   data required time
-----------------------------------------------------------------------------
                                 19.70   data required time
                                -19.50   data arrival time
-----------------------------------------------------------------------------
                                  0.19   slack (MET)


Startpoint: u_imem.u_sram (falling edge-triggered flip-flop clocked by clk)
Endpoint: u_regfile.u_sram_rs2 (falling edge-triggered flip-flop clocked by clk)
Path Group: clk
Path Type: max

Fanout     Cap    Slew   Delay    Time   Description
-----------------------------------------------------------------------------
                  0.10   10.00   10.00   clock clk (fall edge)
                          0.00   10.00   clock network delay (ideal)
                  0.10    0.00   10.00 v u_imem.u_sram/clk1 (sky130_sram_1kbyte_1rw1r_32x256_8)
                  0.15    1.86   11.86 v u_imem.u_sram/dout1[6] (sky130_sram_1kbyte_1rw1r_32x256_8)
     8    0.27                           dbg_instr[6] (net)
                  0.11    0.18   12.03 v u_decoder_controller._17_/B (sky130_fd_sc_hd__or3b_2)
                  0.13    0.54   12.57 v u_decoder_controller._17_/X (sky130_fd_sc_hd__or3b_2)
     4    0.02                           u_decoder_controller._03_ (net)
                  0.13    0.00   12.57 v u_decoder_controller._26_/A2 (sky130_fd_sc_hd__a21oi_2)
                  0.15    0.20   12.77 ^ u_decoder_controller._26_/Y (sky130_fd_sc_hd__a21oi_2)
     3    0.01                           u_decoder_controller._08_ (net)
                  0.15    0.00   12.77 ^ u_decoder_controller._32_/B1 (sky130_fd_sc_hd__a21o_2)
                  0.11    0.18   12.95 ^ u_decoder_controller._32_/X (sky130_fd_sc_hd__a21o_2)
     5    0.02                           u_decoder_controller.alu_src (net)
                  0.11    0.00   12.95 ^ _271_/A (sky130_fd_sc_hd__buf_1)
                  0.48    0.40   13.35 ^ _271_/X (sky130_fd_sc_hd__buf_1)
    10    0.04                           _004_ (net)
                  0.48    0.00   13.35 ^ _272_/S (sky130_fd_sc_hd__mux2_2)
                  0.05    0.25   13.60 ^ _272_/X (sky130_fd_sc_hd__mux2_2)
     1    0.00                           _005_ (net)
                  0.05    0.00   13.60 ^ _273_/A (sky130_fd_sc_hd__buf_1)
                  0.07    0.11   13.71 ^ _273_/X (sky130_fd_sc_hd__buf_1)
     2    0.01                           u_alu.B[0] (net)
                  0.07    0.00   13.71 ^ u_alu._1162_/A (sky130_fd_sc_hd__buf_1)
                  1.05    0.78   14.48 ^ u_alu._1162_/X (sky130_fd_sc_hd__buf_1)
    10    0.09                           u_alu._0285_ (net)
                  1.05    0.02   14.51 ^ u_alu._1261_/A (sky130_fd_sc_hd__buf_1)
                  0.69    0.61   15.11 ^ u_alu._1261_/X (sky130_fd_sc_hd__buf_1)
    10    0.06                           u_alu._0384_ (net)
                  0.69    0.00   15.11 ^ u_alu._1262_/A (sky130_fd_sc_hd__buf_1)
                  0.76    0.65   15.76 ^ u_alu._1262_/X (sky130_fd_sc_hd__buf_1)
    10    0.07                           u_alu._0385_ (net)
                  0.76    0.00   15.76 ^ u_alu._1266_/A (sky130_fd_sc_hd__buf_1)
                  0.67    0.59   16.35 ^ u_alu._1266_/X (sky130_fd_sc_hd__buf_1)
    10    0.06                           u_alu._0389_ (net)
                  0.67    0.00   16.35 ^ u_alu._1268_/S0 (sky130_fd_sc_hd__mux4_2)
                  0.10    0.63   16.98 v u_alu._1268_/X (sky130_fd_sc_hd__mux4_2)
     3    0.01                           u_alu._0391_ (net)
                  0.10    0.00   16.98 v u_alu._1271_/A1 (sky130_fd_sc_hd__mux2_2)
                  0.06    0.30   17.28 v u_alu._1271_/X (sky130_fd_sc_hd__mux2_2)
     2    0.01                           u_alu._0394_ (net)
                  0.06    0.00   17.28 v u_alu._1283_/A0 (sky130_fd_sc_hd__mux2_2)
                  0.08    0.31   17.60 v u_alu._1283_/X (sky130_fd_sc_hd__mux2_2)
     2    0.02                           u_alu._0406_ (net)
                  0.08    0.00   17.60 v u_alu._1284_/B2 (sky130_fd_sc_hd__a22o_2)
                  0.07    0.28   17.88 v u_alu._1284_/X (sky130_fd_sc_hd__a22o_2)
     1    0.02                           u_alu._0407_ (net)
                  0.07    0.00   17.88 v u_alu._1355_/A2 (sky130_fd_sc_hd__a211o_2)
                  0.08    0.38   18.26 v u_alu._1355_/X (sky130_fd_sc_hd__a211o_2)
     1    0.01                           u_alu._0478_ (net)
                  0.08    0.00   18.26 v u_alu._1356_/B (sky130_fd_sc_hd__or2_2)
                  0.06    0.29   18.55 v u_alu._1356_/X (sky130_fd_sc_hd__or2_2)
     1    0.00                           u_alu._0479_ (net)
                  0.06    0.00   18.55 v u_alu._1357_/A (sky130_fd_sc_hd__buf_1)
                  0.04    0.10   18.65 v u_alu._1357_/X (sky130_fd_sc_hd__buf_1)
     1    0.00                           u_alu.Result[14] (net)
                  0.04    0.00   18.65 v u_wb_mux._144_/A1 (sky130_fd_sc_hd__a22o_2)
                  0.11    0.30   18.95 v u_wb_mux._144_/X (sky130_fd_sc_hd__a22o_2)
     1    0.03                           u_wb_mux._045_ (net)
                  0.11    0.01   18.96 v u_wb_mux._145_/C1 (sky130_fd_sc_hd__a211o_2)
                  0.30    0.53   19.48 v u_wb_mux._145_/X (sky130_fd_sc_hd__a211o_2)
     3    0.12                           u_regfile.wd[14] (net)
                  0.40    0.02   19.50 v u_regfile.u_sram_rs2/din0[14] (sky130_sram_1kbyte_1rw1r_32x256_8)
                                 19.50   data arrival time

                  0.10   20.00   20.00   clock clk (rise edge)
                          0.00   20.00   clock network delay (ideal)
                         -0.20   19.80   clock uncertainty
                          0.00   19.80   clock reconvergence pessimism
                                 19.80 ^ u_regfile.u_sram_rs2/clk0 (sky130_sram_1kbyte_1rw1r_32x256_8)
                         -0.10   19.70   library setup time
                                 19.70   data required time
-----------------------------------------------------------------------------
                                 19.70   data required time
                                -19.50   data arrival time
-----------------------------------------------------------------------------
                                  0.20   slack (MET)


Startpoint: u_imem.u_sram (falling edge-triggered flip-flop clocked by clk)
Endpoint: u_regfile.u_sram_rs2 (falling edge-triggered flip-flop clocked by clk)
Path Group: clk
Path Type: max

Fanout     Cap    Slew   Delay    Time   Description
-----------------------------------------------------------------------------
                  0.10   10.00   10.00   clock clk (fall edge)
                          0.00   10.00   clock network delay (ideal)
                  0.10    0.00   10.00 v u_imem.u_sram/clk1 (sky130_sram_1kbyte_1rw1r_32x256_8)
                  0.15    1.86   11.86 v u_imem.u_sram/dout1[6] (sky130_sram_1kbyte_1rw1r_32x256_8)
     8    0.27                           dbg_instr[6] (net)
                  0.11    0.18   12.03 v u_decoder_controller._17_/B (sky130_fd_sc_hd__or3b_2)
                  0.13    0.54   12.57 v u_decoder_controller._17_/X (sky130_fd_sc_hd__or3b_2)
     4    0.02                           u_decoder_controller._03_ (net)
                  0.13    0.00   12.57 v u_decoder_controller._26_/A2 (sky130_fd_sc_hd__a21oi_2)
                  0.15    0.20   12.77 ^ u_decoder_controller._26_/Y (sky130_fd_sc_hd__a21oi_2)
     3    0.01                           u_decoder_controller._08_ (net)
                  0.15    0.00   12.77 ^ u_decoder_controller._32_/B1 (sky130_fd_sc_hd__a21o_2)
                  0.11    0.18   12.95 ^ u_decoder_controller._32_/X (sky130_fd_sc_hd__a21o_2)
     5    0.02                           u_decoder_controller.alu_src (net)
                  0.11    0.00   12.95 ^ _271_/A (sky130_fd_sc_hd__buf_1)
                  0.48    0.40   13.35 ^ _271_/X (sky130_fd_sc_hd__buf_1)
    10    0.04                           _004_ (net)
                  0.48    0.00   13.35 ^ _275_/S (sky130_fd_sc_hd__mux2_2)
                  0.06    0.25   13.60 ^ _275_/X (sky130_fd_sc_hd__mux2_2)
     1    0.00                           _007_ (net)
                  0.06    0.00   13.60 ^ _276_/A (sky130_fd_sc_hd__buf_1)
                  0.07    0.10   13.70 ^ _276_/X (sky130_fd_sc_hd__buf_1)
     2    0.01                           u_alu.B[1] (net)
                  0.07    0.00   13.70 ^ u_alu._1163_/A (sky130_fd_sc_hd__buf_1)
                  0.93    0.69   14.39 ^ u_alu._1163_/X (sky130_fd_sc_hd__buf_1)
    10    0.08                           u_alu._0286_ (net)
                  0.93    0.02   14.41 ^ u_alu._1186_/A (sky130_fd_sc_hd__buf_1)
                  0.62    0.55   14.97 ^ u_alu._1186_/X (sky130_fd_sc_hd__buf_1)
    10    0.05                           u_alu._0309_ (net)
                  0.62    0.00   14.97 ^ u_alu._1263_/A (sky130_fd_sc_hd__buf_1)
                  0.61    0.54   15.51 ^ u_alu._1263_/X (sky130_fd_sc_hd__buf_1)
    10    0.05                           u_alu._0386_ (net)
                  0.61    0.00   15.51 ^ u_alu._1264_/A (sky130_fd_sc_hd__buf_1)
                  0.49    0.46   15.97 ^ u_alu._1264_/X (sky130_fd_sc_hd__buf_1)
    10    0.04                           u_alu._0387_ (net)
                  0.49    0.00   15.97 ^ u_alu._1267_/A (sky130_fd_sc_hd__buf_1)
                  0.50    0.46   16.43 ^ u_alu._1267_/X (sky130_fd_sc_hd__buf_1)
    10    0.04                           u_alu._0390_ (net)
                  0.50    0.00   16.43 ^ u_alu._1434_/S1 (sky130_fd_sc_hd__mux4_2)
                  0.10    0.41   16.84 v u_alu._1434_/X (sky130_fd_sc_hd__mux4_2)
     3    0.01                           u_alu._0555_ (net)
                  0.10    0.00   16.84 v u_alu._1625_/A3 (sky130_fd_sc_hd__mux4_2)
                  0.09    0.49   17.33 v u_alu._1625_/X (sky130_fd_sc_hd__mux4_2)
     1    0.00                           u_alu._0742_ (net)
                  0.09    0.00   17.33 v u_alu._1626_/A2 (sky130_fd_sc_hd__o21a_2)
                  0.04    0.21   17.54 v u_alu._1626_/X (sky130_fd_sc_hd__o21a_2)
     1    0.00                           u_alu._0743_ (net)
                  0.04    0.00   17.54 v u_alu._1627_/B (sky130_fd_sc_hd__or2_2)
                  0.09    0.32   17.87 v u_alu._1627_/X (sky130_fd_sc_hd__or2_2)
     1    0.02                           u_alu._0744_ (net)
                  0.09    0.00   17.87 v u_alu._1631_/A2 (sky130_fd_sc_hd__a221o_2)
                  0.06    0.41   18.27 v u_alu._1631_/X (sky130_fd_sc_hd__a221o_2)
     1    0.01                           u_alu._0748_ (net)
                  0.06    0.00   18.27 v u_alu._1632_/C1 (sky130_fd_sc_hd__a211o_2)
                  0.09    0.33   18.60 v u_alu._1632_/X (sky130_fd_sc_hd__a211o_2)
     1    0.02                           u_alu.Result[20] (net)
                  0.09    0.00   18.60 v u_wb_mux._166_/A1 (sky130_fd_sc_hd__a22o_2)
                  0.11    0.33   18.93 v u_wb_mux._166_/X (sky130_fd_sc_hd__a22o_2)
     1    0.03                           u_wb_mux._061_ (net)
                  0.11    0.01   18.94 v u_wb_mux._167_/C1 (sky130_fd_sc_hd__a211o_2)
                  0.30    0.53   19.47 v u_wb_mux._167_/X (sky130_fd_sc_hd__a211o_2)
     3    0.12                           u_regfile.wd[20] (net)
                  0.40    0.01   19.48 v u_regfile.u_sram_rs2/din0[20] (sky130_sram_1kbyte_1rw1r_32x256_8)
                                 19.48   data arrival time

                  0.10   20.00   20.00   clock clk (rise edge)
                          0.00   20.00   clock network delay (ideal)
                         -0.20   19.80   clock uncertainty
                          0.00   19.80   clock reconvergence pessimism
                                 19.80 ^ u_regfile.u_sram_rs2/clk0 (sky130_sram_1kbyte_1rw1r_32x256_8)
                         -0.10   19.70   library setup time
                                 19.70   data required time
-----------------------------------------------------------------------------
                                 19.70   data required time
                                -19.48   data arrival time
-----------------------------------------------------------------------------
                                  0.21   slack (MET)


Startpoint: u_imem.u_sram (falling edge-triggered flip-flop clocked by clk)
Endpoint: u_regfile.u_sram_rs1 (falling edge-triggered flip-flop clocked by clk)
Path Group: clk
Path Type: max

Fanout     Cap    Slew   Delay    Time   Description
-----------------------------------------------------------------------------
                  0.10   10.00   10.00   clock clk (fall edge)
                          0.00   10.00   clock network delay (ideal)
                  0.10    0.00   10.00 v u_imem.u_sram/clk1 (sky130_sram_1kbyte_1rw1r_32x256_8)
                  0.17    2.10   12.10 v u_imem.u_sram/dout1[22] (sky130_sram_1kbyte_1rw1r_32x256_8)
     6    0.31                           dbg_instr[22] (net)
                  0.13    0.18   12.28 v u_regfile._082_/B (sky130_fd_sc_hd__nor3_2)
                  0.70    0.60   12.88 ^ u_regfile._082_/Y (sky130_fd_sc_hd__nor3_2)
     8    0.04                           u_regfile._011_ (net)
                  0.70    0.00   12.88 ^ u_regfile._083_/A (sky130_fd_sc_hd__buf_1)
                  0.58    0.52   13.40 ^ u_regfile._083_/X (sky130_fd_sc_hd__buf_1)
     9    0.05                           u_regfile._012_ (net)
                  0.58    0.00   13.41 ^ u_regfile._086_/A2 (sky130_fd_sc_hd__a21boi_2)
                  0.25    0.28   13.69 v u_regfile._086_/Y (sky130_fd_sc_hd__a21boi_2)
     3    0.04                           u_branch_unit.rs2_val[2] (net)
                  0.25    0.01   13.70 v _278_/A0 (sky130_fd_sc_hd__mux2_2)
                  0.05    0.35   14.04 v _278_/X (sky130_fd_sc_hd__mux2_2)
     1    0.00                           _009_ (net)
                  0.05    0.00   14.04 v _279_/A (sky130_fd_sc_hd__buf_1)
                  0.26    0.26   14.31 v _279_/X (sky130_fd_sc_hd__buf_1)
     7    0.04                           u_alu.B[2] (net)
                  0.26    0.01   14.31 v u_alu._1246_/A (sky130_fd_sc_hd__inv_2)
                  0.17    0.23   14.54 ^ u_alu._1246_/Y (sky130_fd_sc_hd__inv_2)
     5    0.03                           u_alu._0369_ (net)
                  0.17    0.00   14.55 ^ u_alu._1247_/A (sky130_fd_sc_hd__buf_1)
                  0.57    0.48   15.02 ^ u_alu._1247_/X (sky130_fd_sc_hd__buf_1)
    10    0.05                           u_alu._0370_ (net)
                  0.57    0.00   15.02 ^ u_alu._1269_/A (sky130_fd_sc_hd__buf_1)
                  0.72    0.61   15.64 ^ u_alu._1269_/X (sky130_fd_sc_hd__buf_1)
    10    0.06                           u_alu._0392_ (net)
                  0.72    0.00   15.64 ^ u_alu._1270_/A (sky130_fd_sc_hd__buf_1)
                  0.62    0.55   16.19 ^ u_alu._1270_/X (sky130_fd_sc_hd__buf_1)
    10    0.05                           u_alu._0393_ (net)
                  0.62    0.00   16.19 ^ u_alu._1383_/A (sky130_fd_sc_hd__buf_1)
                  0.65    0.57   16.76 ^ u_alu._1383_/X (sky130_fd_sc_hd__buf_1)
    10    0.06                           u_alu._0505_ (net)
                  0.65    0.00   16.76 ^ u_alu._1435_/S (sky130_fd_sc_hd__mux2_2)
                  0.06    0.43   17.19 v u_alu._1435_/X (sky130_fd_sc_hd__mux2_2)
     2    0.01                           u_alu._0556_ (net)
                  0.06    0.00   17.19 v u_alu._1439_/A0 (sky130_fd_sc_hd__mux2_2)
                  0.05    0.27   17.46 v u_alu._1439_/X (sky130_fd_sc_hd__mux2_2)
     1    0.00                           u_alu._0560_ (net)
                  0.05    0.00   17.46 v u_alu._1440_/B1 (sky130_fd_sc_hd__a22o_2)
                  0.08    0.26   17.72 v u_alu._1440_/X (sky130_fd_sc_hd__a22o_2)
     1    0.02                           u_alu._0561_ (net)
                  0.08    0.00   17.73 v u_alu._1453_/A2 (sky130_fd_sc_hd__a221o_2)
                  0.08    0.43   18.16 v u_alu._1453_/X (sky130_fd_sc_hd__a221o_2)
     1    0.01                           u_alu._0574_ (net)
                  0.08    0.00   18.16 v u_alu._1467_/B1 (sky130_fd_sc_hd__a211o_2)
                  0.06    0.33   18.50 v u_alu._1467_/X (sky130_fd_sc_hd__a211o_2)
     1    0.01                           u_alu.Result[16] (net)
                  0.06    0.00   18.50 v u_wb_mux._150_/A1 (sky130_fd_sc_hd__a22o_2)
                  0.11    0.31   18.81 v u_wb_mux._150_/X (sky130_fd_sc_hd__a22o_2)
     1    0.03                           u_wb_mux._049_ (net)
                  0.11    0.01   18.82 v u_wb_mux._151_/C1 (sky130_fd_sc_hd__a211o_2)
                  0.27    0.50   19.31 v u_wb_mux._151_/X (sky130_fd_sc_hd__a211o_2)
     3    0.10                           u_regfile.wd[16] (net)
                  0.37    0.03   19.34 v u_regfile.u_sram_rs1/din0[16] (sky130_sram_1kbyte_1rw1r_32x256_8)
                                 19.34   data arrival time

                  0.10   20.00   20.00   clock clk (rise edge)
                          0.00   20.00   clock network delay (ideal)
                         -0.20   19.80   clock uncertainty
                          0.00   19.80   clock reconvergence pessimism
                                 19.80 ^ u_regfile.u_sram_rs1/clk0 (sky130_sram_1kbyte_1rw1r_32x256_8)
                         -0.10   19.70   library setup time
                                 19.70   data required time
-----------------------------------------------------------------------------
                                 19.70   data required time
                                -19.34   data arrival time
-----------------------------------------------------------------------------
                                  0.35   slack (MET)


Startpoint: u_imem.u_sram (falling edge-triggered flip-flop clocked by clk)
Endpoint: u_regfile.u_sram_rs2 (falling edge-triggered flip-flop clocked by clk)
Path Group: clk
Path Type: max

Fanout     Cap    Slew   Delay    Time   Description
-----------------------------------------------------------------------------
                  0.10   10.00   10.00   clock clk (fall edge)
                          0.00   10.00   clock network delay (ideal)
                  0.10    0.00   10.00 v u_imem.u_sram/clk1 (sky130_sram_1kbyte_1rw1r_32x256_8)
                  0.17    2.10   12.10 v u_imem.u_sram/dout1[22] (sky130_sram_1kbyte_1rw1r_32x256_8)
     6    0.31                           dbg_instr[22] (net)
                  0.13    0.18   12.28 v u_regfile._082_/B (sky130_fd_sc_hd__nor3_2)
                  0.70    0.60   12.88 ^ u_regfile._082_/Y (sky130_fd_sc_hd__nor3_2)
     8    0.04                           u_regfile._011_ (net)
                  0.70    0.00   12.88 ^ u_regfile._083_/A (sky130_fd_sc_hd__buf_1)
                  0.58    0.52   13.40 ^ u_regfile._083_/X (sky130_fd_sc_hd__buf_1)
     9    0.05                           u_regfile._012_ (net)
                  0.58    0.00   13.41 ^ u_regfile._086_/A2 (sky130_fd_sc_hd__a21boi_2)
                  0.25    0.28   13.69 v u_regfile._086_/Y (sky130_fd_sc_hd__a21boi_2)
     3    0.04                           u_branch_unit.rs2_val[2] (net)
                  0.25    0.01   13.70 v _278_/A0 (sky130_fd_sc_hd__mux2_2)
                  0.05    0.35   14.04 v _278_/X (sky130_fd_sc_hd__mux2_2)
     1    0.00                           _009_ (net)
                  0.05    0.00   14.04 v _279_/A (sky130_fd_sc_hd__buf_1)
                  0.26    0.26   14.31 v _279_/X (sky130_fd_sc_hd__buf_1)
     7    0.04                           u_alu.B[2] (net)
                  0.26    0.01   14.31 v u_alu._1246_/A (sky130_fd_sc_hd__inv_2)
                  0.17    0.23   14.54 ^ u_alu._1246_/Y (sky130_fd_sc_hd__inv_2)
     5    0.03                           u_alu._0369_ (net)
                  0.17    0.00   14.55 ^ u_alu._1247_/A (sky130_fd_sc_hd__buf_1)
                  0.57    0.48   15.02 ^ u_alu._1247_/X (sky130_fd_sc_hd__buf_1)
    10    0.05                           u_alu._0370_ (net)
                  0.57    0.00   15.02 ^ u_alu._1269_/A (sky130_fd_sc_hd__buf_1)
                  0.72    0.61   15.64 ^ u_alu._1269_/X (sky130_fd_sc_hd__buf_1)
    10    0.06                           u_alu._0392_ (net)
                  0.72    0.00   15.64 ^ u_alu._1270_/A (sky130_fd_sc_hd__buf_1)
                  0.62    0.55   16.19 ^ u_alu._1270_/X (sky130_fd_sc_hd__buf_1)
    10    0.05                           u_alu._0393_ (net)
                  0.62    0.00   16.19 ^ u_alu._1383_/A (sky130_fd_sc_hd__buf_1)
                  0.65    0.57   16.76 ^ u_alu._1383_/X (sky130_fd_sc_hd__buf_1)
    10    0.06                           u_alu._0505_ (net)
                  0.65    0.00   16.76 ^ u_alu._1435_/S (sky130_fd_sc_hd__mux2_2)
                  0.06    0.43   17.19 v u_alu._1435_/X (sky130_fd_sc_hd__mux2_2)
     2    0.01                           u_alu._0556_ (net)
                  0.06    0.00   17.19 v u_alu._1439_/A0 (sky130_fd_sc_hd__mux2_2)
                  0.05    0.27   17.46 v u_alu._1439_/X (sky130_fd_sc_hd__mux2_2)
     1    0.00                           u_alu._0560_ (net)
                  0.05    0.00   17.46 v u_alu._1440_/B1 (sky130_fd_sc_hd__a22o_2)
                  0.08    0.26   17.72 v u_alu._1440_/X (sky130_fd_sc_hd__a22o_2)
     1    0.02                           u_alu._0561_ (net)
                  0.08    0.00   17.73 v u_alu._1453_/A2 (sky130_fd_sc_hd__a221o_2)
                  0.08    0.43   18.16 v u_alu._1453_/X (sky130_fd_sc_hd__a221o_2)
     1    0.01                           u_alu._0574_ (net)
                  0.08    0.00   18.16 v u_alu._1467_/B1 (sky130_fd_sc_hd__a211o_2)
                  0.06    0.33   18.50 v u_alu._1467_/X (sky130_fd_sc_hd__a211o_2)
     1    0.01                           u_alu.Result[16] (net)
                  0.06    0.00   18.50 v u_wb_mux._150_/A1 (sky130_fd_sc_hd__a22o_2)
                  0.11    0.31   18.81 v u_wb_mux._150_/X (sky130_fd_sc_hd__a22o_2)
     1    0.03                           u_wb_mux._049_ (net)
                  0.11    0.01   18.82 v u_wb_mux._151_/C1 (sky130_fd_sc_hd__a211o_2)
                  0.27    0.50   19.31 v u_wb_mux._151_/X (sky130_fd_sc_hd__a211o_2)
     3    0.10                           u_regfile.wd[16] (net)
                  0.36    0.01   19.33 v u_regfile.u_sram_rs2/din0[16] (sky130_sram_1kbyte_1rw1r_32x256_8)
                                 19.33   data arrival time

                  0.10   20.00   20.00   clock clk (rise edge)
                          0.00   20.00   clock network delay (ideal)
                         -0.20   19.80   clock uncertainty
                          0.00   19.80   clock reconvergence pessimism
                                 19.80 ^ u_regfile.u_sram_rs2/clk0 (sky130_sram_1kbyte_1rw1r_32x256_8)
                         -0.10   19.70   library setup time
                                 19.70   data required time
-----------------------------------------------------------------------------
                                 19.70   data required time
                                -19.33   data arrival time
-----------------------------------------------------------------------------
                                  0.37   slack (MET)


Startpoint: u_imem.u_sram (falling edge-triggered flip-flop clocked by clk)
Endpoint: u_regfile.u_sram_rs1 (falling edge-triggered flip-flop clocked by clk)
Path Group: clk
Path Type: max

Fanout     Cap    Slew   Delay    Time   Description
-----------------------------------------------------------------------------
                  0.10   10.00   10.00   clock clk (fall edge)
                          0.00   10.00   clock network delay (ideal)
                  0.10    0.00   10.00 v u_imem.u_sram/clk1 (sky130_sram_1kbyte_1rw1r_32x256_8)
                  0.17    2.10   12.10 v u_imem.u_sram/dout1[22] (sky130_sram_1kbyte_1rw1r_32x256_8)
     6    0.31                           dbg_instr[22] (net)
                  0.13    0.18   12.28 v u_regfile._082_/B (sky130_fd_sc_hd__nor3_2)
                  0.70    0.60   12.88 ^ u_regfile._082_/Y (sky130_fd_sc_hd__nor3_2)
     8    0.04                           u_regfile._011_ (net)
                  0.70    0.00   12.88 ^ u_regfile._083_/A (sky130_fd_sc_hd__buf_1)
                  0.58    0.52   13.40 ^ u_regfile._083_/X (sky130_fd_sc_hd__buf_1)
     9    0.05                           u_regfile._012_ (net)
                  0.58    0.00   13.41 ^ u_regfile._087_/A2 (sky130_fd_sc_hd__a21boi_2)
                  0.25    0.28   13.69 v u_regfile._087_/Y (sky130_fd_sc_hd__a21boi_2)
     3    0.04                           u_branch_unit.rs2_val[3] (net)
                  0.25    0.01   13.69 v _281_/A0 (sky130_fd_sc_hd__mux2_2)
                  0.05    0.35   14.04 v _281_/X (sky130_fd_sc_hd__mux2_2)
     1    0.00                           _011_ (net)
                  0.05    0.00   14.04 v _282_/A (sky130_fd_sc_hd__buf_1)
                  0.24    0.25   14.29 v _282_/X (sky130_fd_sc_hd__buf_1)
     7    0.04                           u_alu.B[3] (net)
                  0.24    0.00   14.29 v u_alu._1118_/A (sky130_fd_sc_hd__or4_2)
                  0.11    0.74   15.02 v u_alu._1118_/X (sky130_fd_sc_hd__or4_2)
     2    0.01                           u_alu._0060_ (net)
                  0.11    0.00   15.02 v u_alu._1119_/A (sky130_fd_sc_hd__buf_1)
                  0.24    0.28   15.30 v u_alu._1119_/X (sky130_fd_sc_hd__buf_1)
    10    0.04                           u_alu._0071_ (net)
                  0.24    0.00   15.31 v u_alu._1129_/A (sky130_fd_sc_hd__buf_1)
                  0.30    0.37   15.67 v u_alu._1129_/X (sky130_fd_sc_hd__buf_1)
    10    0.05                           u_alu._0174_ (net)
                  0.30    0.00   15.67 v u_alu._1179_/A3 (sky130_fd_sc_hd__o31a_2)
                  0.05    0.37   16.04 v u_alu._1179_/X (sky130_fd_sc_hd__o31a_2)
     1    0.00                           u_alu._0302_ (net)
                  0.05    0.00   16.04 v u_alu._1181_/A_N (sky130_fd_sc_hd__and3b_2)
                  0.10    0.27   16.31 ^ u_alu._1181_/X (sky130_fd_sc_hd__and3b_2)
     3    0.01                           u_alu._0304_ (net)
                  0.10    0.00   16.31 ^ u_alu._1216_/A2_N (sky130_fd_sc_hd__o2bb2a_2)
                  0.04    0.21   16.52 v u_alu._1216_/X (sky130_fd_sc_hd__o2bb2a_2)
     1    0.00                           u_alu._0339_ (net)
                  0.04    0.00   16.52 v u_alu._1217_/B1 (sky130_fd_sc_hd__o211a_2)
                  0.07    0.16   16.69 v u_alu._1217_/X (sky130_fd_sc_hd__o211a_2)
     3    0.02                           u_alu._0340_ (net)
                  0.07    0.00   16.69 v u_alu._2164_/A (sky130_fd_sc_hd__or2_2)
                  0.10    0.36   17.05 v u_alu._2164_/X (sky130_fd_sc_hd__or2_2)
     4    0.02                           u_alu._0155_ (net)
                  0.10    0.00   17.05 v u_alu._2190_/B (sky130_fd_sc_hd__or2_2)
                  0.07    0.31   17.36 v u_alu._2190_/X (sky130_fd_sc_hd__or2_2)
     2    0.01                           u_alu._0181_ (net)
                  0.07    0.00   17.36 v u_alu._2207_/B (sky130_fd_sc_hd__and3_2)
                  0.04    0.19   17.55 v u_alu._2207_/X (sky130_fd_sc_hd__and3_2)
     1    0.00                           u_alu._0199_ (net)
                  0.04    0.00   17.55 v u_alu._2208_/C (sky130_fd_sc_hd__or3_2)
                  0.08    0.41   17.96 v u_alu._2208_/X (sky130_fd_sc_hd__or3_2)
     1    0.00                           u_alu._0200_ (net)
                  0.08    0.00   17.96 v u_alu._2218_/A (sky130_fd_sc_hd__and3_2)
                  0.04    0.19   18.15 v u_alu._2218_/X (sky130_fd_sc_hd__and3_2)
     1    0.00                           u_alu._0211_ (net)
                  0.04    0.00   18.15 v u_alu._2219_/B (sky130_fd_sc_hd__nand2_2)
                  0.10    0.10   18.25 ^ u_alu._2219_/Y (sky130_fd_sc_hd__nand2_2)
     1    0.02                           u_alu.Result[10] (net)
                  0.10    0.00   18.25 ^ u_wb_mux._131_/A1 (sky130_fd_sc_hd__a22o_2)
                  0.13    0.22   18.48 ^ u_wb_mux._131_/X (sky130_fd_sc_hd__a22o_2)
     1    0.02                           u_wb_mux._036_ (net)
                  0.13    0.00   18.48 ^ u_wb_mux._132_/C1 (sky130_fd_sc_hd__a211o_2)
                  0.82    0.66   19.14 ^ u_wb_mux._132_/X (sky130_fd_sc_hd__a211o_2)
     3    0.18                           u_regfile.wd[10] (net)
                  1.10    0.02   19.16 ^ u_regfile.u_sram_rs1/din0[10] (sky130_sram_1kbyte_1rw1r_32x256_8)
                                 19.16   data arrival time

                  0.10   20.00   20.00   clock clk (rise edge)
                          0.00   20.00   clock network delay (ideal)
                         -0.20   19.80   clock uncertainty
                          0.00   19.80   clock reconvergence pessimism
                                 19.80 ^ u_regfile.u_sram_rs1/clk0 (sky130_sram_1kbyte_1rw1r_32x256_8)
                         -0.10   19.70   library setup time
                                 19.70   data required time
-----------------------------------------------------------------------------
                                 19.70   data required time
                                -19.16   data arrival time
-----------------------------------------------------------------------------
                                  0.53   slack (MET)


Startpoint: u_imem.u_sram (falling edge-triggered flip-flop clocked by clk)
Endpoint: u_regfile.u_sram_rs2 (falling edge-triggered flip-flop clocked by clk)
Path Group: clk
Path Type: max

Fanout     Cap    Slew   Delay    Time   Description
-----------------------------------------------------------------------------
                  0.10   10.00   10.00   clock clk (fall edge)
                          0.00   10.00   clock network delay (ideal)
                  0.10    0.00   10.00 v u_imem.u_sram/clk1 (sky130_sram_1kbyte_1rw1r_32x256_8)
                  0.17    2.10   12.10 v u_imem.u_sram/dout1[22] (sky130_sram_1kbyte_1rw1r_32x256_8)
     6    0.31                           dbg_instr[22] (net)
                  0.13    0.18   12.28 v u_regfile._082_/B (sky130_fd_sc_hd__nor3_2)
                  0.70    0.60   12.88 ^ u_regfile._082_/Y (sky130_fd_sc_hd__nor3_2)
     8    0.04                           u_regfile._011_ (net)
                  0.70    0.00   12.88 ^ u_regfile._083_/A (sky130_fd_sc_hd__buf_1)
                  0.58    0.52   13.40 ^ u_regfile._083_/X (sky130_fd_sc_hd__buf_1)
     9    0.05                           u_regfile._012_ (net)
                  0.58    0.00   13.41 ^ u_regfile._087_/A2 (sky130_fd_sc_hd__a21boi_2)
                  0.25    0.28   13.69 v u_regfile._087_/Y (sky130_fd_sc_hd__a21boi_2)
     3    0.04                           u_branch_unit.rs2_val[3] (net)
                  0.25    0.01   13.69 v _281_/A0 (sky130_fd_sc_hd__mux2_2)
                  0.05    0.35   14.04 v _281_/X (sky130_fd_sc_hd__mux2_2)
     1    0.00                           _011_ (net)
                  0.05    0.00   14.04 v _282_/A (sky130_fd_sc_hd__buf_1)
                  0.24    0.25   14.29 v _282_/X (sky130_fd_sc_hd__buf_1)
     7    0.04                           u_alu.B[3] (net)
                  0.24    0.00   14.29 v u_alu._1118_/A (sky130_fd_sc_hd__or4_2)
                  0.11    0.74   15.02 v u_alu._1118_/X (sky130_fd_sc_hd__or4_2)
     2    0.01                           u_alu._0060_ (net)
                  0.11    0.00   15.02 v u_alu._1119_/A (sky130_fd_sc_hd__buf_1)
                  0.24    0.28   15.30 v u_alu._1119_/X (sky130_fd_sc_hd__buf_1)
    10    0.04                           u_alu._0071_ (net)
                  0.24    0.00   15.31 v u_alu._1129_/A (sky130_fd_sc_hd__buf_1)
                  0.30    0.37   15.67 v u_alu._1129_/X (sky130_fd_sc_hd__buf_1)
    10    0.05                           u_alu._0174_ (net)
                  0.30    0.00   15.67 v u_alu._1179_/A3 (sky130_fd_sc_hd__o31a_2)
                  0.05    0.37   16.04 v u_alu._1179_/X (sky130_fd_sc_hd__o31a_2)
     1    0.00                           u_alu._0302_ (net)
                  0.05    0.00   16.04 v u_alu._1181_/A_N (sky130_fd_sc_hd__and3b_2)
                  0.10    0.27   16.31 ^ u_alu._1181_/X (sky130_fd_sc_hd__and3b_2)
     3    0.01                           u_alu._0304_ (net)
                  0.10    0.00   16.31 ^ u_alu._1216_/A2_N (sky130_fd_sc_hd__o2bb2a_2)
                  0.04    0.21   16.52 v u_alu._1216_/X (sky130_fd_sc_hd__o2bb2a_2)
     1    0.00                           u_alu._0339_ (net)
                  0.04    0.00   16.52 v u_alu._1217_/B1 (sky130_fd_sc_hd__o211a_2)
                  0.07    0.16   16.69 v u_alu._1217_/X (sky130_fd_sc_hd__o211a_2)
     3    0.02                           u_alu._0340_ (net)
                  0.07    0.00   16.69 v u_alu._2164_/A (sky130_fd_sc_hd__or2_2)
                  0.10    0.36   17.05 v u_alu._2164_/X (sky130_fd_sc_hd__or2_2)
     4    0.02                           u_alu._0155_ (net)
                  0.10    0.00   17.05 v u_alu._2190_/B (sky130_fd_sc_hd__or2_2)
                  0.07    0.31   17.36 v u_alu._2190_/X (sky130_fd_sc_hd__or2_2)
     2    0.01                           u_alu._0181_ (net)
                  0.07    0.00   17.36 v u_alu._2207_/B (sky130_fd_sc_hd__and3_2)
                  0.04    0.19   17.55 v u_alu._2207_/X (sky130_fd_sc_hd__and3_2)
     1    0.00                           u_alu._0199_ (net)
                  0.04    0.00   17.55 v u_alu._2208_/C (sky130_fd_sc_hd__or3_2)
                  0.08    0.41   17.96 v u_alu._2208_/X (sky130_fd_sc_hd__or3_2)
     1    0.00                           u_alu._0200_ (net)
                  0.08    0.00   17.96 v u_alu._2218_/A (sky130_fd_sc_hd__and3_2)
                  0.04    0.19   18.15 v u_alu._2218_/X (sky130_fd_sc_hd__and3_2)
     1    0.00                           u_alu._0211_ (net)
                  0.04    0.00   18.15 v u_alu._2219_/B (sky130_fd_sc_hd__nand2_2)
                  0.10    0.10   18.25 ^ u_alu._2219_/Y (sky130_fd_sc_hd__nand2_2)
     1    0.02                           u_alu.Result[10] (net)
                  0.10    0.00   18.25 ^ u_wb_mux._131_/A1 (sky130_fd_sc_hd__a22o_2)
                  0.13    0.22   18.48 ^ u_wb_mux._131_/X (sky130_fd_sc_hd__a22o_2)
     1    0.02                           u_wb_mux._036_ (net)
                  0.13    0.00   18.48 ^ u_wb_mux._132_/C1 (sky130_fd_sc_hd__a211o_2)
                  0.82    0.66   19.14 ^ u_wb_mux._132_/X (sky130_fd_sc_hd__a211o_2)
     3    0.18                           u_regfile.wd[10] (net)
                  1.10    0.02   19.16 ^ u_regfile.u_sram_rs2/din0[10] (sky130_sram_1kbyte_1rw1r_32x256_8)
                                 19.16   data arrival time

                  0.10   20.00   20.00   clock clk (rise edge)
                          0.00   20.00   clock network delay (ideal)
                         -0.20   19.80   clock uncertainty
                          0.00   19.80   clock reconvergence pessimism
                                 19.80 ^ u_regfile.u_sram_rs2/clk0 (sky130_sram_1kbyte_1rw1r_32x256_8)
                         -0.10   19.70   library setup time
                                 19.70   data required time
-----------------------------------------------------------------------------
                                 19.70   data required time
                                -19.16   data arrival time
-----------------------------------------------------------------------------
                                  0.54   slack (MET)


Startpoint: u_imem.u_sram (falling edge-triggered flip-flop clocked by clk)
Endpoint: u_regfile.u_sram_rs1 (falling edge-triggered flip-flop clocked by clk)
Path Group: clk
Path Type: max

Fanout     Cap    Slew   Delay    Time   Description
-----------------------------------------------------------------------------
                  0.10   10.00   10.00   clock clk (fall edge)
                          0.00   10.00   clock network delay (ideal)
                  0.10    0.00   10.00 v u_imem.u_sram/clk1 (sky130_sram_1kbyte_1rw1r_32x256_8)
                  0.15    1.86   11.86 v u_imem.u_sram/dout1[6] (sky130_sram_1kbyte_1rw1r_32x256_8)
     8    0.27                           dbg_instr[6] (net)
                  0.11    0.18   12.03 v u_decoder_controller._17_/B (sky130_fd_sc_hd__or3b_2)
                  0.13    0.54   12.57 v u_decoder_controller._17_/X (sky130_fd_sc_hd__or3b_2)
     4    0.02                           u_decoder_controller._03_ (net)
                  0.13    0.00   12.57 v u_decoder_controller._26_/A2 (sky130_fd_sc_hd__a21oi_2)
                  0.15    0.20   12.77 ^ u_decoder_controller._26_/Y (sky130_fd_sc_hd__a21oi_2)
     3    0.01                           u_decoder_controller._08_ (net)
                  0.15    0.00   12.77 ^ u_decoder_controller._32_/B1 (sky130_fd_sc_hd__a21o_2)
                  0.11    0.18   12.95 ^ u_decoder_controller._32_/X (sky130_fd_sc_hd__a21o_2)
     5    0.02                           u_decoder_controller.alu_src (net)
                  0.11    0.00   12.95 ^ _271_/A (sky130_fd_sc_hd__buf_1)
                  0.48    0.40   13.35 ^ _271_/X (sky130_fd_sc_hd__buf_1)
    10    0.04                           _004_ (net)
                  0.48    0.00   13.35 ^ _275_/S (sky130_fd_sc_hd__mux2_2)
                  0.06    0.25   13.60 ^ _275_/X (sky130_fd_sc_hd__mux2_2)
     1    0.00                           _007_ (net)
                  0.06    0.00   13.60 ^ _276_/A (sky130_fd_sc_hd__buf_1)
                  0.07    0.10   13.70 ^ _276_/X (sky130_fd_sc_hd__buf_1)
     2    0.01                           u_alu.B[1] (net)
                  0.07    0.00   13.70 ^ u_alu._1163_/A (sky130_fd_sc_hd__buf_1)
                  0.93    0.69   14.39 ^ u_alu._1163_/X (sky130_fd_sc_hd__buf_1)
    10    0.08                           u_alu._0286_ (net)
                  0.93    0.02   14.41 ^ u_alu._1186_/A (sky130_fd_sc_hd__buf_1)
                  0.62    0.55   14.97 ^ u_alu._1186_/X (sky130_fd_sc_hd__buf_1)
    10    0.05                           u_alu._0309_ (net)
                  0.62    0.00   14.97 ^ u_alu._1263_/A (sky130_fd_sc_hd__buf_1)
                  0.61    0.54   15.51 ^ u_alu._1263_/X (sky130_fd_sc_hd__buf_1)
    10    0.05                           u_alu._0386_ (net)
                  0.61    0.00   15.51 ^ u_alu._1273_/A (sky130_fd_sc_hd__buf_1)
                  0.62    0.55   16.06 ^ u_alu._1273_/X (sky130_fd_sc_hd__buf_1)
    10    0.05                           u_alu._0396_ (net)
                  0.62    0.00   16.06 ^ u_alu._1433_/S1 (sky130_fd_sc_hd__mux4_2)
                  0.11    0.45   16.52 v u_alu._1433_/X (sky130_fd_sc_hd__mux4_2)
     3    0.01                           u_alu._0554_ (net)
                  0.11    0.00   16.52 v u_alu._1884_/A0 (sky130_fd_sc_hd__mux4_2)
                  0.10    0.50   17.02 v u_alu._1884_/X (sky130_fd_sc_hd__mux4_2)
     2    0.01                           u_alu._0993_ (net)
                  0.10    0.00   17.02 v u_alu._2241_/A2 (sky130_fd_sc_hd__a221o_2)
                  0.07    0.42   17.44 v u_alu._2241_/X (sky130_fd_sc_hd__a221o_2)
     1    0.01                           u_alu._0234_ (net)
                  0.07    0.00   17.44 v u_alu._2242_/B1 (sky130_fd_sc_hd__o21a_2)
                  0.07    0.16   17.61 v u_alu._2242_/X (sky130_fd_sc_hd__o21a_2)
     1    0.02                           u_alu._0235_ (net)
                  0.07    0.00   17.61 v u_alu._2243_/B1 (sky130_fd_sc_hd__a21o_2)
                  0.04    0.19   17.80 v u_alu._2243_/X (sky130_fd_sc_hd__a21o_2)
     1    0.00                           u_alu._0237_ (net)
                  0.04    0.00   17.80 v u_alu._2244_/B1 (sky130_fd_sc_hd__a31o_2)
                  0.05    0.22   18.02 v u_alu._2244_/X (sky130_fd_sc_hd__a31o_2)
     1    0.01                           u_alu._0238_ (net)
                  0.05    0.00   18.02 v u_alu._2245_/B1 (sky130_fd_sc_hd__a31o_2)
                  0.06    0.24   18.26 v u_alu._2245_/X (sky130_fd_sc_hd__a31o_2)
     1    0.01                           u_alu.Result[12] (net)
                  0.06    0.00   18.26 v u_wb_mux._138_/A1 (sky130_fd_sc_hd__a22o_2)
                  0.09    0.30   18.56 v u_wb_mux._138_/X (sky130_fd_sc_hd__a22o_2)
     1    0.03                           u_wb_mux._041_ (net)
                  0.09    0.00   18.56 v u_wb_mux._139_/C1 (sky130_fd_sc_hd__a211o_2)
                  0.33    0.54   19.10 v u_wb_mux._139_/X (sky130_fd_sc_hd__a211o_2)
     3    0.14                           u_regfile.wd[12] (net)
                  0.46    0.05   19.15 v u_regfile.u_sram_rs1/din0[12] (sky130_sram_1kbyte_1rw1r_32x256_8)
                                 19.15   data arrival time

                  0.10   20.00   20.00   clock clk (rise edge)
                          0.00   20.00   clock network delay (ideal)
                         -0.20   19.80   clock uncertainty
                          0.00   19.80   clock reconvergence pessimism
                                 19.80 ^ u_regfile.u_sram_rs1/clk0 (sky130_sram_1kbyte_1rw1r_32x256_8)
                         -0.10   19.70   library setup time
                                 19.70   data required time
-----------------------------------------------------------------------------
                                 19.70   data required time
                                -19.15   data arrival time
-----------------------------------------------------------------------------
                                  0.55   slack (MET)


Startpoint: u_imem.u_sram (falling edge-triggered flip-flop clocked by clk)
Endpoint: u_regfile.u_sram_rs2 (falling edge-triggered flip-flop clocked by clk)
Path Group: clk
Path Type: max

Fanout     Cap    Slew   Delay    Time   Description
-----------------------------------------------------------------------------
                  0.10   10.00   10.00   clock clk (fall edge)
                          0.00   10.00   clock network delay (ideal)
                  0.10    0.00   10.00 v u_imem.u_sram/clk1 (sky130_sram_1kbyte_1rw1r_32x256_8)
                  0.15    1.86   11.86 v u_imem.u_sram/dout1[6] (sky130_sram_1kbyte_1rw1r_32x256_8)
     8    0.27                           dbg_instr[6] (net)
                  0.11    0.18   12.03 v u_decoder_controller._17_/B (sky130_fd_sc_hd__or3b_2)
                  0.13    0.54   12.57 v u_decoder_controller._17_/X (sky130_fd_sc_hd__or3b_2)
     4    0.02                           u_decoder_controller._03_ (net)
                  0.13    0.00   12.57 v u_decoder_controller._26_/A2 (sky130_fd_sc_hd__a21oi_2)
                  0.15    0.20   12.77 ^ u_decoder_controller._26_/Y (sky130_fd_sc_hd__a21oi_2)
     3    0.01                           u_decoder_controller._08_ (net)
                  0.15    0.00   12.77 ^ u_decoder_controller._32_/B1 (sky130_fd_sc_hd__a21o_2)
                  0.11    0.18   12.95 ^ u_decoder_controller._32_/X (sky130_fd_sc_hd__a21o_2)
     5    0.02                           u_decoder_controller.alu_src (net)
                  0.11    0.00   12.95 ^ _271_/A (sky130_fd_sc_hd__buf_1)
                  0.48    0.40   13.35 ^ _271_/X (sky130_fd_sc_hd__buf_1)
    10    0.04                           _004_ (net)
                  0.48    0.00   13.35 ^ _275_/S (sky130_fd_sc_hd__mux2_2)
                  0.06    0.25   13.60 ^ _275_/X (sky130_fd_sc_hd__mux2_2)
     1    0.00                           _007_ (net)
                  0.06    0.00   13.60 ^ _276_/A (sky130_fd_sc_hd__buf_1)
                  0.07    0.10   13.70 ^ _276_/X (sky130_fd_sc_hd__buf_1)
     2    0.01                           u_alu.B[1] (net)
                  0.07    0.00   13.70 ^ u_alu._1163_/A (sky130_fd_sc_hd__buf_1)
                  0.93    0.69   14.39 ^ u_alu._1163_/X (sky130_fd_sc_hd__buf_1)
    10    0.08                           u_alu._0286_ (net)
                  0.93    0.02   14.41 ^ u_alu._1186_/A (sky130_fd_sc_hd__buf_1)
                  0.62    0.55   14.97 ^ u_alu._1186_/X (sky130_fd_sc_hd__buf_1)
    10    0.05                           u_alu._0309_ (net)
                  0.62    0.00   14.97 ^ u_alu._1263_/A (sky130_fd_sc_hd__buf_1)
                  0.61    0.54   15.51 ^ u_alu._1263_/X (sky130_fd_sc_hd__buf_1)
    10    0.05                           u_alu._0386_ (net)
                  0.61    0.00   15.51 ^ u_alu._1273_/A (sky130_fd_sc_hd__buf_1)
                  0.62    0.55   16.06 ^ u_alu._1273_/X (sky130_fd_sc_hd__buf_1)
    10    0.05                           u_alu._0396_ (net)
                  0.62    0.00   16.06 ^ u_alu._1433_/S1 (sky130_fd_sc_hd__mux4_2)
                  0.11    0.45   16.52 v u_alu._1433_/X (sky130_fd_sc_hd__mux4_2)
     3    0.01                           u_alu._0554_ (net)
                  0.11    0.00   16.52 v u_alu._1884_/A0 (sky130_fd_sc_hd__mux4_2)
                  0.10    0.50   17.02 v u_alu._1884_/X (sky130_fd_sc_hd__mux4_2)
     2    0.01                           u_alu._0993_ (net)
                  0.10    0.00   17.02 v u_alu._2241_/A2 (sky130_fd_sc_hd__a221o_2)
                  0.07    0.42   17.44 v u_alu._2241_/X (sky130_fd_sc_hd__a221o_2)
     1    0.01                           u_alu._0234_ (net)
                  0.07    0.00   17.44 v u_alu._2242_/B1 (sky130_fd_sc_hd__o21a_2)
                  0.07    0.16   17.61 v u_alu._2242_/X (sky130_fd_sc_hd__o21a_2)
     1    0.02                           u_alu._0235_ (net)
                  0.07    0.00   17.61 v u_alu._2243_/B1 (sky130_fd_sc_hd__a21o_2)
                  0.04    0.19   17.80 v u_alu._2243_/X (sky130_fd_sc_hd__a21o_2)
     1    0.00                           u_alu._0237_ (net)
                  0.04    0.00   17.80 v u_alu._2244_/B1 (sky130_fd_sc_hd__a31o_2)
                  0.05    0.22   18.02 v u_alu._2244_/X (sky130_fd_sc_hd__a31o_2)
     1    0.01                           u_alu._0238_ (net)
                  0.05    0.00   18.02 v u_alu._2245_/B1 (sky130_fd_sc_hd__a31o_2)
                  0.06    0.24   18.26 v u_alu._2245_/X (sky130_fd_sc_hd__a31o_2)
     1    0.01                           u_alu.Result[12] (net)
                  0.06    0.00   18.26 v u_wb_mux._138_/A1 (sky130_fd_sc_hd__a22o_2)
                  0.09    0.30   18.56 v u_wb_mux._138_/X (sky130_fd_sc_hd__a22o_2)
     1    0.03                           u_wb_mux._041_ (net)
                  0.09    0.00   18.56 v u_wb_mux._139_/C1 (sky130_fd_sc_hd__a211o_2)
                  0.33    0.54   19.10 v u_wb_mux._139_/X (sky130_fd_sc_hd__a211o_2)
     3    0.14                           u_regfile.wd[12] (net)
                  0.45    0.03   19.12 v u_regfile.u_sram_rs2/din0[12] (sky130_sram_1kbyte_1rw1r_32x256_8)
                                 19.12   data arrival time

                  0.10   20.00   20.00   clock clk (rise edge)
                          0.00   20.00   clock network delay (ideal)
                         -0.20   19.80   clock uncertainty
                          0.00   19.80   clock reconvergence pessimism
                                 19.80 ^ u_regfile.u_sram_rs2/clk0 (sky130_sram_1kbyte_1rw1r_32x256_8)
                         -0.10   19.70   library setup time
                                 19.70   data required time
-----------------------------------------------------------------------------
                                 19.70   data required time
                                -19.12   data arrival time
-----------------------------------------------------------------------------
                                  0.58   slack (MET)


Startpoint: u_imem.u_sram (falling edge-triggered flip-flop clocked by clk)
Endpoint: u_regfile.u_sram_rs1 (falling edge-triggered flip-flop clocked by clk)
Path Group: clk
Path Type: max

Fanout     Cap    Slew   Delay    Time   Description
-----------------------------------------------------------------------------
                  0.10   10.00   10.00   clock clk (fall edge)
                          0.00   10.00   clock network delay (ideal)
                  0.10    0.00   10.00 v u_imem.u_sram/clk1 (sky130_sram_1kbyte_1rw1r_32x256_8)
                  0.15    1.86   11.86 v u_imem.u_sram/dout1[6] (sky130_sram_1kbyte_1rw1r_32x256_8)
     8    0.27                           dbg_instr[6] (net)
                  0.11    0.18   12.03 v u_decoder_controller._17_/B (sky130_fd_sc_hd__or3b_2)
                  0.13    0.54   12.57 v u_decoder_controller._17_/X (sky130_fd_sc_hd__or3b_2)
     4    0.02                           u_decoder_controller._03_ (net)
                  0.13    0.00   12.57 v u_decoder_controller._26_/A2 (sky130_fd_sc_hd__a21oi_2)
                  0.15    0.20   12.77 ^ u_decoder_controller._26_/Y (sky130_fd_sc_hd__a21oi_2)
     3    0.01                           u_decoder_controller._08_ (net)
                  0.15    0.00   12.77 ^ u_decoder_controller._32_/B1 (sky130_fd_sc_hd__a21o_2)
                  0.11    0.18   12.95 ^ u_decoder_controller._32_/X (sky130_fd_sc_hd__a21o_2)
     5    0.02                           u_decoder_controller.alu_src (net)
                  0.11    0.00   12.95 ^ _271_/A (sky130_fd_sc_hd__buf_1)
                  0.48    0.40   13.35 ^ _271_/X (sky130_fd_sc_hd__buf_1)
    10    0.04                           _004_ (net)
                  0.48    0.00   13.35 ^ _272_/S (sky130_fd_sc_hd__mux2_2)
                  0.05    0.25   13.60 ^ _272_/X (sky130_fd_sc_hd__mux2_2)
     1    0.00                           _005_ (net)
                  0.05    0.00   13.60 ^ _273_/A (sky130_fd_sc_hd__buf_1)
                  0.07    0.11   13.71 ^ _273_/X (sky130_fd_sc_hd__buf_1)
     2    0.01                           u_alu.B[0] (net)
                  0.07    0.00   13.71 ^ u_alu._1162_/A (sky130_fd_sc_hd__buf_1)
                  1.05    0.78   14.48 ^ u_alu._1162_/X (sky130_fd_sc_hd__buf_1)
    10    0.09                           u_alu._0285_ (net)
                  1.05    0.02   14.51 ^ u_alu._1261_/A (sky130_fd_sc_hd__buf_1)
                  0.69    0.61   15.11 ^ u_alu._1261_/X (sky130_fd_sc_hd__buf_1)
    10    0.06                           u_alu._0384_ (net)
                  0.69    0.00   15.11 ^ u_alu._1262_/A (sky130_fd_sc_hd__buf_1)
                  0.76    0.65   15.76 ^ u_alu._1262_/X (sky130_fd_sc_hd__buf_1)
    10    0.07                           u_alu._0385_ (net)
                  0.76    0.00   15.76 ^ u_alu._1266_/A (sky130_fd_sc_hd__buf_1)
                  0.67    0.59   16.35 ^ u_alu._1266_/X (sky130_fd_sc_hd__buf_1)
    10    0.06                           u_alu._0389_ (net)
                  0.67    0.00   16.35 ^ u_alu._1481_/S1 (sky130_fd_sc_hd__mux4_2)
                  0.12    0.46   16.82 v u_alu._1481_/X (sky130_fd_sc_hd__mux4_2)
     4    0.02                           u_alu._0601_ (net)
                  0.12    0.00   16.82 v u_alu._1910_/A0 (sky130_fd_sc_hd__mux2_2)
                  0.05    0.28   17.10 v u_alu._1910_/X (sky130_fd_sc_hd__mux2_2)
     1    0.00                           u_alu._1018_ (net)
                  0.05    0.00   17.10 v u_alu._1911_/A0 (sky130_fd_sc_hd__mux2_2)
                  0.06    0.27   17.37 v u_alu._1911_/X (sky130_fd_sc_hd__mux2_2)
     1    0.01                           u_alu._1019_ (net)
                  0.06    0.00   17.37 v u_alu._1912_/B (sky130_fd_sc_hd__nand2_2)
                  0.10    0.10   17.47 ^ u_alu._1912_/Y (sky130_fd_sc_hd__nand2_2)
     2    0.01                           u_alu._1020_ (net)
                  0.10    0.00   17.47 ^ u_alu._2226_/A1 (sky130_fd_sc_hd__a21oi_2)
                  0.12    0.06   17.53 v u_alu._2226_/Y (sky130_fd_sc_hd__a21oi_2)
     1    0.00                           u_alu._0219_ (net)
                  0.12    0.00   17.53 v u_alu._2227_/B1 (sky130_fd_sc_hd__a21oi_2)
                  0.37    0.33   17.86 ^ u_alu._2227_/Y (sky130_fd_sc_hd__a21oi_2)
     1    0.03                           u_alu._0220_ (net)
                  0.37    0.00   17.87 ^ u_alu._2228_/C1 (sky130_fd_sc_hd__o221a_2)
                  0.06    0.27   18.14 ^ u_alu._2228_/X (sky130_fd_sc_hd__o221a_2)
     1    0.01                           u_alu._0221_ (net)
                  0.06    0.00   18.14 ^ u_alu._2235_/B (sky130_fd_sc_hd__nand3_2)
                  0.08    0.10   18.23 v u_alu._2235_/Y (sky130_fd_sc_hd__nand3_2)
     1    0.01                           u_alu.Result[13] (net)
                  0.08    0.00   18.23 v u_wb_mux._141_/A1 (sky130_fd_sc_hd__a22o_2)
                  0.10    0.31   18.55 v u_wb_mux._141_/X (sky130_fd_sc_hd__a22o_2)
     1    0.03                           u_wb_mux._043_ (net)
                  0.10    0.00   18.55 v u_wb_mux._142_/C1 (sky130_fd_sc_hd__a211o_2)
                  0.28    0.50   19.05 v u_wb_mux._142_/X (sky130_fd_sc_hd__a211o_2)
     3    0.11                           u_regfile.wd[13] (net)
                  0.38    0.02   19.08 v u_regfile.u_sram_rs1/din0[13] (sky130_sram_1kbyte_1rw1r_32x256_8)
                                 19.08   data arrival time

                  0.10   20.00   20.00   clock clk (rise edge)
                          0.00   20.00   clock network delay (ideal)
                         -0.20   19.80   clock uncertainty
                          0.00   19.80   clock reconvergence pessimism
                                 19.80 ^ u_regfile.u_sram_rs1/clk0 (sky130_sram_1kbyte_1rw1r_32x256_8)
                         -0.10   19.70   library setup time
                                 19.70   data required time
-----------------------------------------------------------------------------
                                 19.70   data required time
                                -19.08   data arrival time
-----------------------------------------------------------------------------
                                  0.62   slack (MET)


Startpoint: u_imem.u_sram (falling edge-triggered flip-flop clocked by clk)
Endpoint: u_regfile.u_sram_rs2 (falling edge-triggered flip-flop clocked by clk)
Path Group: clk
Path Type: max

Fanout     Cap    Slew   Delay    Time   Description
-----------------------------------------------------------------------------
                  0.10   10.00   10.00   clock clk (fall edge)
                          0.00   10.00   clock network delay (ideal)
                  0.10    0.00   10.00 v u_imem.u_sram/clk1 (sky130_sram_1kbyte_1rw1r_32x256_8)
                  0.15    1.86   11.86 v u_imem.u_sram/dout1[6] (sky130_sram_1kbyte_1rw1r_32x256_8)
     8    0.27                           dbg_instr[6] (net)
                  0.11    0.18   12.03 v u_decoder_controller._17_/B (sky130_fd_sc_hd__or3b_2)
                  0.13    0.54   12.57 v u_decoder_controller._17_/X (sky130_fd_sc_hd__or3b_2)
     4    0.02                           u_decoder_controller._03_ (net)
                  0.13    0.00   12.57 v u_decoder_controller._26_/A2 (sky130_fd_sc_hd__a21oi_2)
                  0.15    0.20   12.77 ^ u_decoder_controller._26_/Y (sky130_fd_sc_hd__a21oi_2)
     3    0.01                           u_decoder_controller._08_ (net)
                  0.15    0.00   12.77 ^ u_decoder_controller._32_/B1 (sky130_fd_sc_hd__a21o_2)
                  0.11    0.18   12.95 ^ u_decoder_controller._32_/X (sky130_fd_sc_hd__a21o_2)
     5    0.02                           u_decoder_controller.alu_src (net)
                  0.11    0.00   12.95 ^ _271_/A (sky130_fd_sc_hd__buf_1)
                  0.48    0.40   13.35 ^ _271_/X (sky130_fd_sc_hd__buf_1)
    10    0.04                           _004_ (net)
                  0.48    0.00   13.35 ^ _272_/S (sky130_fd_sc_hd__mux2_2)
                  0.05    0.25   13.60 ^ _272_/X (sky130_fd_sc_hd__mux2_2)
     1    0.00                           _005_ (net)
                  0.05    0.00   13.60 ^ _273_/A (sky130_fd_sc_hd__buf_1)
                  0.07    0.11   13.71 ^ _273_/X (sky130_fd_sc_hd__buf_1)
     2    0.01                           u_alu.B[0] (net)
                  0.07    0.00   13.71 ^ u_alu._1162_/A (sky130_fd_sc_hd__buf_1)
                  1.05    0.78   14.48 ^ u_alu._1162_/X (sky130_fd_sc_hd__buf_1)
    10    0.09                           u_alu._0285_ (net)
                  1.05    0.02   14.51 ^ u_alu._1261_/A (sky130_fd_sc_hd__buf_1)
                  0.69    0.61   15.11 ^ u_alu._1261_/X (sky130_fd_sc_hd__buf_1)
    10    0.06                           u_alu._0384_ (net)
                  0.69    0.00   15.11 ^ u_alu._1262_/A (sky130_fd_sc_hd__buf_1)
                  0.76    0.65   15.76 ^ u_alu._1262_/X (sky130_fd_sc_hd__buf_1)
    10    0.07                           u_alu._0385_ (net)
                  0.76    0.00   15.76 ^ u_alu._1266_/A (sky130_fd_sc_hd__buf_1)
                  0.67    0.59   16.35 ^ u_alu._1266_/X (sky130_fd_sc_hd__buf_1)
    10    0.06                           u_alu._0389_ (net)
                  0.67    0.00   16.35 ^ u_alu._1481_/S1 (sky130_fd_sc_hd__mux4_2)
                  0.12    0.46   16.82 v u_alu._1481_/X (sky130_fd_sc_hd__mux4_2)
     4    0.02                           u_alu._0601_ (net)
                  0.12    0.00   16.82 v u_alu._1910_/A0 (sky130_fd_sc_hd__mux2_2)
                  0.05    0.28   17.10 v u_alu._1910_/X (sky130_fd_sc_hd__mux2_2)
     1    0.00                           u_alu._1018_ (net)
                  0.05    0.00   17.10 v u_alu._1911_/A0 (sky130_fd_sc_hd__mux2_2)
                  0.06    0.27   17.37 v u_alu._1911_/X (sky130_fd_sc_hd__mux2_2)
     1    0.01                           u_alu._1019_ (net)
                  0.06    0.00   17.37 v u_alu._1912_/B (sky130_fd_sc_hd__nand2_2)
                  0.10    0.10   17.47 ^ u_alu._1912_/Y (sky130_fd_sc_hd__nand2_2)
     2    0.01                           u_alu._1020_ (net)
                  0.10    0.00   17.47 ^ u_alu._2226_/A1 (sky130_fd_sc_hd__a21oi_2)
                  0.12    0.06   17.53 v u_alu._2226_/Y (sky130_fd_sc_hd__a21oi_2)
     1    0.00                           u_alu._0219_ (net)
                  0.12    0.00   17.53 v u_alu._2227_/B1 (sky130_fd_sc_hd__a21oi_2)
                  0.37    0.33   17.86 ^ u_alu._2227_/Y (sky130_fd_sc_hd__a21oi_2)
     1    0.03                           u_alu._0220_ (net)
                  0.37    0.00   17.87 ^ u_alu._2228_/C1 (sky130_fd_sc_hd__o221a_2)
                  0.06    0.27   18.14 ^ u_alu._2228_/X (sky130_fd_sc_hd__o221a_2)
     1    0.01                           u_alu._0221_ (net)
                  0.06    0.00   18.14 ^ u_alu._2235_/B (sky130_fd_sc_hd__nand3_2)
                  0.08    0.10   18.23 v u_alu._2235_/Y (sky130_fd_sc_hd__nand3_2)
     1    0.01                           u_alu.Result[13] (net)
                  0.08    0.00   18.23 v u_wb_mux._141_/A1 (sky130_fd_sc_hd__a22o_2)
                  0.10    0.31   18.55 v u_wb_mux._141_/X (sky130_fd_sc_hd__a22o_2)
     1    0.03                           u_wb_mux._043_ (net)
                  0.10    0.00   18.55 v u_wb_mux._142_/C1 (sky130_fd_sc_hd__a211o_2)
                  0.28    0.50   19.05 v u_wb_mux._142_/X (sky130_fd_sc_hd__a211o_2)
     3    0.11                           u_regfile.wd[13] (net)
                  0.38    0.02   19.07 v u_regfile.u_sram_rs2/din0[13] (sky130_sram_1kbyte_1rw1r_32x256_8)
                                 19.07   data arrival time

                  0.10   20.00   20.00   clock clk (rise edge)
                          0.00   20.00   clock network delay (ideal)
                         -0.20   19.80   clock uncertainty
                          0.00   19.80   clock reconvergence pessimism
                                 19.80 ^ u_regfile.u_sram_rs2/clk0 (sky130_sram_1kbyte_1rw1r_32x256_8)
                         -0.10   19.70   library setup time
                                 19.70   data required time
-----------------------------------------------------------------------------
                                 19.70   data required time
                                -19.07   data arrival time
-----------------------------------------------------------------------------
                                  0.62   slack (MET)


Startpoint: u_imem.u_sram (falling edge-triggered flip-flop clocked by clk)
Endpoint: u_regfile.u_sram_rs1 (falling edge-triggered flip-flop clocked by clk)
Path Group: clk
Path Type: max

Fanout     Cap    Slew   Delay    Time   Description
-----------------------------------------------------------------------------
                  0.10   10.00   10.00   clock clk (fall edge)
                          0.00   10.00   clock network delay (ideal)
                  0.10    0.00   10.00 v u_imem.u_sram/clk1 (sky130_sram_1kbyte_1rw1r_32x256_8)
                  0.17    2.10   12.10 v u_imem.u_sram/dout1[22] (sky130_sram_1kbyte_1rw1r_32x256_8)
     6    0.31                           dbg_instr[22] (net)
                  0.13    0.18   12.28 v u_regfile._082_/B (sky130_fd_sc_hd__nor3_2)
                  0.70    0.60   12.88 ^ u_regfile._082_/Y (sky130_fd_sc_hd__nor3_2)
     8    0.04                           u_regfile._011_ (net)
                  0.70    0.00   12.88 ^ u_regfile._083_/A (sky130_fd_sc_hd__buf_1)
                  0.58    0.52   13.40 ^ u_regfile._083_/X (sky130_fd_sc_hd__buf_1)
     9    0.05                           u_regfile._012_ (net)
                  0.58    0.00   13.41 ^ u_regfile._087_/A2 (sky130_fd_sc_hd__a21boi_2)
                  0.25    0.28   13.69 v u_regfile._087_/Y (sky130_fd_sc_hd__a21boi_2)
     3    0.04                           u_branch_unit.rs2_val[3] (net)
                  0.25    0.01   13.69 v _281_/A0 (sky130_fd_sc_hd__mux2_2)
                  0.05    0.35   14.04 v _281_/X (sky130_fd_sc_hd__mux2_2)
     1    0.00                           _011_ (net)
                  0.05    0.00   14.04 v _282_/A (sky130_fd_sc_hd__buf_1)
                  0.24    0.25   14.29 v _282_/X (sky130_fd_sc_hd__buf_1)
     7    0.04                           u_alu.B[3] (net)
                  0.24    0.00   14.29 v u_alu._1118_/A (sky130_fd_sc_hd__or4_2)
                  0.11    0.74   15.02 v u_alu._1118_/X (sky130_fd_sc_hd__or4_2)
     2    0.01                           u_alu._0060_ (net)
                  0.11    0.00   15.02 v u_alu._1119_/A (sky130_fd_sc_hd__buf_1)
                  0.24    0.28   15.30 v u_alu._1119_/X (sky130_fd_sc_hd__buf_1)
    10    0.04                           u_alu._0071_ (net)
                  0.24    0.00   15.31 v u_alu._1129_/A (sky130_fd_sc_hd__buf_1)
                  0.30    0.37   15.67 v u_alu._1129_/X (sky130_fd_sc_hd__buf_1)
    10    0.05                           u_alu._0174_ (net)
                  0.30    0.01   15.68 v u_alu._1147_/A (sky130_fd_sc_hd__nor3_2)
                  0.29    0.38   16.06 ^ u_alu._1147_/Y (sky130_fd_sc_hd__nor3_2)
     3    0.02                           u_alu._0270_ (net)
                  0.29    0.00   16.06 ^ u_alu._1148_/B (sky130_fd_sc_hd__xnor2_2)
                  0.13    0.16   16.22 v u_alu._1148_/Y (sky130_fd_sc_hd__xnor2_2)
     3    0.02                           u_alu._0271_ (net)
                  0.13    0.00   16.22 v u_alu._1149_/B (sky130_fd_sc_hd__xnor2_2)
                  0.15    0.18   16.40 v u_alu._1149_/Y (sky130_fd_sc_hd__xnor2_2)
     4    0.01                           u_alu._0272_ (net)
                  0.15    0.00   16.40 v u_alu._1150_/B (sky130_fd_sc_hd__or2_2)
                  0.05    0.30   16.71 v u_alu._1150_/X (sky130_fd_sc_hd__or2_2)
     1    0.00                           u_alu._0273_ (net)
                  0.05    0.00   16.71 v u_alu._1223_/A (sky130_fd_sc_hd__or4_2)
                  0.16    0.75   17.46 v u_alu._1223_/X (sky130_fd_sc_hd__or4_2)
     4    0.02                           u_alu._0346_ (net)
                  0.16    0.00   17.46 v u_alu._1417_/A1 (sky130_fd_sc_hd__o21ai_2)
                  0.27    0.30   17.76 ^ u_alu._1417_/Y (sky130_fd_sc_hd__o21ai_2)
     4    0.02                           u_alu._0538_ (net)
                  0.27    0.00   17.76 ^ u_alu._1520_/A (sky130_fd_sc_hd__nand2_2)
                  0.08    0.10   17.86 v u_alu._1520_/Y (sky130_fd_sc_hd__nand2_2)
     2    0.01                           u_alu._0639_ (net)
                  0.08    0.00   17.86 v u_alu._1526_/A2 (sky130_fd_sc_hd__a21oi_2)
                  0.19    0.22   18.08 ^ u_alu._1526_/Y (sky130_fd_sc_hd__a21oi_2)
     3    0.01                           u_alu._0645_ (net)
                  0.19    0.00   18.08 ^ u_alu._1560_/A1 (sky130_fd_sc_hd__o21ai_2)
                  0.05    0.09   18.17 v u_alu._1560_/Y (sky130_fd_sc_hd__o21ai_2)
     1    0.01                           u_alu.Result[18] (net)
                  0.05    0.00   18.17 v u_wb_mux._156_/A1 (sky130_fd_sc_hd__a22o_2)
                  0.11    0.31   18.48 v u_wb_mux._156_/X (sky130_fd_sc_hd__a22o_2)
     1    0.03                           u_wb_mux._053_ (net)
                  0.11    0.01   18.49 v u_wb_mux._157_/C1 (sky130_fd_sc_hd__a211o_2)
                  0.26    0.49   18.98 v u_wb_mux._157_/X (sky130_fd_sc_hd__a211o_2)
     3    0.10                           u_regfile.wd[18] (net)
                  0.35    0.03   19.01 v u_regfile.u_sram_rs1/din0[18] (sky130_sram_1kbyte_1rw1r_32x256_8)
                                 19.01   data arrival time

                  0.10   20.00   20.00   clock clk (rise edge)
                          0.00   20.00   clock network delay (ideal)
                         -0.20   19.80   clock uncertainty
                          0.00   19.80   clock reconvergence pessimism
                                 19.80 ^ u_regfile.u_sram_rs1/clk0 (sky130_sram_1kbyte_1rw1r_32x256_8)
                         -0.10   19.70   library setup time
                                 19.70   data required time
-----------------------------------------------------------------------------
                                 19.70   data required time
                                -19.01   data arrival time
-----------------------------------------------------------------------------
                                  0.69   slack (MET)


Startpoint: u_imem.u_sram (falling edge-triggered flip-flop clocked by clk)
Endpoint: u_regfile.u_sram_rs2 (falling edge-triggered flip-flop clocked by clk)
Path Group: clk
Path Type: max

Fanout     Cap    Slew   Delay    Time   Description
-----------------------------------------------------------------------------
                  0.10   10.00   10.00   clock clk (fall edge)
                          0.00   10.00   clock network delay (ideal)
                  0.10    0.00   10.00 v u_imem.u_sram/clk1 (sky130_sram_1kbyte_1rw1r_32x256_8)
                  0.17    2.10   12.10 v u_imem.u_sram/dout1[22] (sky130_sram_1kbyte_1rw1r_32x256_8)
     6    0.31                           dbg_instr[22] (net)
                  0.13    0.18   12.28 v u_regfile._082_/B (sky130_fd_sc_hd__nor3_2)
                  0.70    0.60   12.88 ^ u_regfile._082_/Y (sky130_fd_sc_hd__nor3_2)
     8    0.04                           u_regfile._011_ (net)
                  0.70    0.00   12.88 ^ u_regfile._083_/A (sky130_fd_sc_hd__buf_1)
                  0.58    0.52   13.40 ^ u_regfile._083_/X (sky130_fd_sc_hd__buf_1)
     9    0.05                           u_regfile._012_ (net)
                  0.58    0.00   13.41 ^ u_regfile._087_/A2 (sky130_fd_sc_hd__a21boi_2)
                  0.25    0.28   13.69 v u_regfile._087_/Y (sky130_fd_sc_hd__a21boi_2)
     3    0.04                           u_branch_unit.rs2_val[3] (net)
                  0.25    0.01   13.69 v _281_/A0 (sky130_fd_sc_hd__mux2_2)
                  0.05    0.35   14.04 v _281_/X (sky130_fd_sc_hd__mux2_2)
     1    0.00                           _011_ (net)
                  0.05    0.00   14.04 v _282_/A (sky130_fd_sc_hd__buf_1)
                  0.24    0.25   14.29 v _282_/X (sky130_fd_sc_hd__buf_1)
     7    0.04                           u_alu.B[3] (net)
                  0.24    0.00   14.29 v u_alu._1118_/A (sky130_fd_sc_hd__or4_2)
                  0.11    0.74   15.02 v u_alu._1118_/X (sky130_fd_sc_hd__or4_2)
     2    0.01                           u_alu._0060_ (net)
                  0.11    0.00   15.02 v u_alu._1119_/A (sky130_fd_sc_hd__buf_1)
                  0.24    0.28   15.30 v u_alu._1119_/X (sky130_fd_sc_hd__buf_1)
    10    0.04                           u_alu._0071_ (net)
                  0.24    0.00   15.31 v u_alu._1129_/A (sky130_fd_sc_hd__buf_1)
                  0.30    0.37   15.67 v u_alu._1129_/X (sky130_fd_sc_hd__buf_1)
    10    0.05                           u_alu._0174_ (net)
                  0.30    0.01   15.68 v u_alu._1147_/A (sky130_fd_sc_hd__nor3_2)
                  0.29    0.38   16.06 ^ u_alu._1147_/Y (sky130_fd_sc_hd__nor3_2)
     3    0.02                           u_alu._0270_ (net)
                  0.29    0.00   16.06 ^ u_alu._1148_/B (sky130_fd_sc_hd__xnor2_2)
                  0.13    0.16   16.22 v u_alu._1148_/Y (sky130_fd_sc_hd__xnor2_2)
     3    0.02                           u_alu._0271_ (net)
                  0.13    0.00   16.22 v u_alu._1149_/B (sky130_fd_sc_hd__xnor2_2)
                  0.15    0.18   16.40 v u_alu._1149_/Y (sky130_fd_sc_hd__xnor2_2)
     4    0.01                           u_alu._0272_ (net)
                  0.15    0.00   16.40 v u_alu._1150_/B (sky130_fd_sc_hd__or2_2)
                  0.05    0.30   16.71 v u_alu._1150_/X (sky130_fd_sc_hd__or2_2)
     1    0.00                           u_alu._0273_ (net)
                  0.05    0.00   16.71 v u_alu._1223_/A (sky130_fd_sc_hd__or4_2)
                  0.16    0.75   17.46 v u_alu._1223_/X (sky130_fd_sc_hd__or4_2)
     4    0.02                           u_alu._0346_ (net)
                  0.16    0.00   17.46 v u_alu._1417_/A1 (sky130_fd_sc_hd__o21ai_2)
                  0.27    0.30   17.76 ^ u_alu._1417_/Y (sky130_fd_sc_hd__o21ai_2)
     4    0.02                           u_alu._0538_ (net)
                  0.27    0.00   17.76 ^ u_alu._1520_/A (sky130_fd_sc_hd__nand2_2)
                  0.08    0.10   17.86 v u_alu._1520_/Y (sky130_fd_sc_hd__nand2_2)
     2    0.01                           u_alu._0639_ (net)
                  0.08    0.00   17.86 v u_alu._1526_/A2 (sky130_fd_sc_hd__a21oi_2)
                  0.19    0.22   18.08 ^ u_alu._1526_/Y (sky130_fd_sc_hd__a21oi_2)
     3    0.01                           u_alu._0645_ (net)
                  0.19    0.00   18.08 ^ u_alu._1560_/A1 (sky130_fd_sc_hd__o21ai_2)
                  0.05    0.09   18.17 v u_alu._1560_/Y (sky130_fd_sc_hd__o21ai_2)
     1    0.01                           u_alu.Result[18] (net)
                  0.05    0.00   18.17 v u_wb_mux._156_/A1 (sky130_fd_sc_hd__a22o_2)
                  0.11    0.31   18.48 v u_wb_mux._156_/X (sky130_fd_sc_hd__a22o_2)
     1    0.03                           u_wb_mux._053_ (net)
                  0.11    0.01   18.49 v u_wb_mux._157_/C1 (sky130_fd_sc_hd__a211o_2)
                  0.26    0.49   18.98 v u_wb_mux._157_/X (sky130_fd_sc_hd__a211o_2)
     3    0.10                           u_regfile.wd[18] (net)
                  0.35    0.01   18.99 v u_regfile.u_sram_rs2/din0[18] (sky130_sram_1kbyte_1rw1r_32x256_8)
                                 18.99   data arrival time

                  0.10   20.00   20.00   clock clk (rise edge)
                          0.00   20.00   clock network delay (ideal)
                         -0.20   19.80   clock uncertainty
                          0.00   19.80   clock reconvergence pessimism
                                 19.80 ^ u_regfile.u_sram_rs2/clk0 (sky130_sram_1kbyte_1rw1r_32x256_8)
                         -0.10   19.70   library setup time
                                 19.70   data required time
-----------------------------------------------------------------------------
                                 19.70   data required time
                                -18.99   data arrival time
-----------------------------------------------------------------------------
                                  0.70   slack (MET)


Startpoint: u_imem.u_sram (falling edge-triggered flip-flop clocked by clk)
Endpoint: u_regfile.u_sram_rs1 (falling edge-triggered flip-flop clocked by clk)
Path Group: clk
Path Type: max

Fanout     Cap    Slew   Delay    Time   Description
-----------------------------------------------------------------------------
                  0.10   10.00   10.00   clock clk (fall edge)
                          0.00   10.00   clock network delay (ideal)
                  0.10    0.00   10.00 v u_imem.u_sram/clk1 (sky130_sram_1kbyte_1rw1r_32x256_8)
                  0.15    1.86   11.86 v u_imem.u_sram/dout1[6] (sky130_sram_1kbyte_1rw1r_32x256_8)
     8    0.27                           dbg_instr[6] (net)
                  0.11    0.18   12.03 v u_decoder_controller._17_/B (sky130_fd_sc_hd__or3b_2)
                  0.13    0.54   12.57 v u_decoder_controller._17_/X (sky130_fd_sc_hd__or3b_2)
     4    0.02                           u_decoder_controller._03_ (net)
                  0.13    0.00   12.57 v u_decoder_controller._26_/A2 (sky130_fd_sc_hd__a21oi_2)
                  0.15    0.20   12.77 ^ u_decoder_controller._26_/Y (sky130_fd_sc_hd__a21oi_2)
     3    0.01                           u_decoder_controller._08_ (net)
                  0.15    0.00   12.77 ^ u_decoder_controller._32_/B1 (sky130_fd_sc_hd__a21o_2)
                  0.11    0.18   12.95 ^ u_decoder_controller._32_/X (sky130_fd_sc_hd__a21o_2)
     5    0.02                           u_decoder_controller.alu_src (net)
                  0.11    0.00   12.95 ^ _271_/A (sky130_fd_sc_hd__buf_1)
                  0.48    0.40   13.35 ^ _271_/X (sky130_fd_sc_hd__buf_1)
    10    0.04                           _004_ (net)
                  0.48    0.00   13.35 ^ _275_/S (sky130_fd_sc_hd__mux2_2)
                  0.06    0.25   13.60 ^ _275_/X (sky130_fd_sc_hd__mux2_2)
     1    0.00                           _007_ (net)
                  0.06    0.00   13.60 ^ _276_/A (sky130_fd_sc_hd__buf_1)
                  0.07    0.10   13.70 ^ _276_/X (sky130_fd_sc_hd__buf_1)
     2    0.01                           u_alu.B[1] (net)
                  0.07    0.00   13.70 ^ u_alu._1163_/A (sky130_fd_sc_hd__buf_1)
                  0.93    0.69   14.39 ^ u_alu._1163_/X (sky130_fd_sc_hd__buf_1)
    10    0.08                           u_alu._0286_ (net)
                  0.93    0.02   14.41 ^ u_alu._1186_/A (sky130_fd_sc_hd__buf_1)
                  0.62    0.55   14.97 ^ u_alu._1186_/X (sky130_fd_sc_hd__buf_1)
    10    0.05                           u_alu._0309_ (net)
                  0.62    0.00   14.97 ^ u_alu._1263_/A (sky130_fd_sc_hd__buf_1)
                  0.61    0.54   15.51 ^ u_alu._1263_/X (sky130_fd_sc_hd__buf_1)
    10    0.05                           u_alu._0386_ (net)
                  0.61    0.00   15.51 ^ u_alu._1273_/A (sky130_fd_sc_hd__buf_1)
                  0.62    0.55   16.06 ^ u_alu._1273_/X (sky130_fd_sc_hd__buf_1)
    10    0.05                           u_alu._0396_ (net)
                  0.62    0.00   16.06 ^ u_alu._1274_/S1 (sky130_fd_sc_hd__mux4_2)
                  0.10    0.43   16.50 v u_alu._1274_/X (sky130_fd_sc_hd__mux4_2)
     2    0.01                           u_alu._0397_ (net)
                  0.10    0.00   16.50 v u_alu._1280_/A0 (sky130_fd_sc_hd__mux2_2)
                  0.06    0.29   16.78 v u_alu._1280_/X (sky130_fd_sc_hd__mux2_2)
     2    0.01                           u_alu._0403_ (net)
                  0.06    0.00   16.78 v u_alu._1688_/A (sky130_fd_sc_hd__and2_2)
                  0.06    0.20   16.99 v u_alu._1688_/X (sky130_fd_sc_hd__and2_2)
     2    0.01                           u_alu._0803_ (net)
                  0.06    0.00   16.99 v u_alu._2156_/A1 (sky130_fd_sc_hd__o21a_2)
                  0.06    0.24   17.23 v u_alu._2156_/X (sky130_fd_sc_hd__o21a_2)
     1    0.01                           u_alu._0147_ (net)
                  0.06    0.00   17.23 v u_alu._2159_/B (sky130_fd_sc_hd__or3b_2)
                  0.09    0.46   17.68 v u_alu._2159_/X (sky130_fd_sc_hd__or3b_2)
     1    0.01                           u_alu._0150_ (net)
                  0.09    0.00   17.68 v u_alu._2160_/B1 (sky130_fd_sc_hd__a31o_2)
                  0.10    0.30   17.99 v u_alu._2160_/X (sky130_fd_sc_hd__a31o_2)
     2    0.03                           u_alu.Result[6] (net)
                  0.10    0.00   17.99 v u_wb_mux._115_/A1 (sky130_fd_sc_hd__a22o_2)
                  0.08    0.30   18.29 v u_wb_mux._115_/X (sky130_fd_sc_hd__a22o_2)
     1    0.02                           u_wb_mux._024_ (net)
                  0.08    0.00   18.30 v u_wb_mux._116_/C1 (sky130_fd_sc_hd__a211o_2)
                  0.40    0.59   18.89 v u_wb_mux._116_/X (sky130_fd_sc_hd__a211o_2)
     3    0.17                           u_regfile.wd[6] (net)
                  0.54    0.05   18.93 v u_regfile.u_sram_rs1/din0[6] (sky130_sram_1kbyte_1rw1r_32x256_8)
                                 18.93   data arrival time

                  0.10   20.00   20.00   clock clk (rise edge)
                          0.00   20.00   clock network delay (ideal)
                         -0.20   19.80   clock uncertainty
                          0.00   19.80   clock reconvergence pessimism
                                 19.80 ^ u_regfile.u_sram_rs1/clk0 (sky130_sram_1kbyte_1rw1r_32x256_8)
                         -0.10   19.70   library setup time
                                 19.70   data required time
-----------------------------------------------------------------------------
                                 19.70   data required time
                                -18.93   data arrival time
-----------------------------------------------------------------------------
                                  0.77   slack (MET)


Startpoint: u_imem.u_sram (falling edge-triggered flip-flop clocked by clk)
Endpoint: u_regfile.u_sram_rs2 (falling edge-triggered flip-flop clocked by clk)
Path Group: clk
Path Type: max

Fanout     Cap    Slew   Delay    Time   Description
-----------------------------------------------------------------------------
                  0.10   10.00   10.00   clock clk (fall edge)
                          0.00   10.00   clock network delay (ideal)
                  0.10    0.00   10.00 v u_imem.u_sram/clk1 (sky130_sram_1kbyte_1rw1r_32x256_8)
                  0.15    1.86   11.86 v u_imem.u_sram/dout1[6] (sky130_sram_1kbyte_1rw1r_32x256_8)
     8    0.27                           dbg_instr[6] (net)
                  0.11    0.18   12.03 v u_decoder_controller._17_/B (sky130_fd_sc_hd__or3b_2)
                  0.13    0.54   12.57 v u_decoder_controller._17_/X (sky130_fd_sc_hd__or3b_2)
     4    0.02                           u_decoder_controller._03_ (net)
                  0.13    0.00   12.57 v u_decoder_controller._26_/A2 (sky130_fd_sc_hd__a21oi_2)
                  0.15    0.20   12.77 ^ u_decoder_controller._26_/Y (sky130_fd_sc_hd__a21oi_2)
     3    0.01                           u_decoder_controller._08_ (net)
                  0.15    0.00   12.77 ^ u_decoder_controller._32_/B1 (sky130_fd_sc_hd__a21o_2)
                  0.11    0.18   12.95 ^ u_decoder_controller._32_/X (sky130_fd_sc_hd__a21o_2)
     5    0.02                           u_decoder_controller.alu_src (net)
                  0.11    0.00   12.95 ^ _271_/A (sky130_fd_sc_hd__buf_1)
                  0.48    0.40   13.35 ^ _271_/X (sky130_fd_sc_hd__buf_1)
    10    0.04                           _004_ (net)
                  0.48    0.00   13.35 ^ _275_/S (sky130_fd_sc_hd__mux2_2)
                  0.06    0.25   13.60 ^ _275_/X (sky130_fd_sc_hd__mux2_2)
     1    0.00                           _007_ (net)
                  0.06    0.00   13.60 ^ _276_/A (sky130_fd_sc_hd__buf_1)
                  0.07    0.10   13.70 ^ _276_/X (sky130_fd_sc_hd__buf_1)
     2    0.01                           u_alu.B[1] (net)
                  0.07    0.00   13.70 ^ u_alu._1163_/A (sky130_fd_sc_hd__buf_1)
                  0.93    0.69   14.39 ^ u_alu._1163_/X (sky130_fd_sc_hd__buf_1)
    10    0.08                           u_alu._0286_ (net)
                  0.93    0.02   14.41 ^ u_alu._1186_/A (sky130_fd_sc_hd__buf_1)
                  0.62    0.55   14.97 ^ u_alu._1186_/X (sky130_fd_sc_hd__buf_1)
    10    0.05                           u_alu._0309_ (net)
                  0.62    0.00   14.97 ^ u_alu._1263_/A (sky130_fd_sc_hd__buf_1)
                  0.61    0.54   15.51 ^ u_alu._1263_/X (sky130_fd_sc_hd__buf_1)
    10    0.05                           u_alu._0386_ (net)
                  0.61    0.00   15.51 ^ u_alu._1273_/A (sky130_fd_sc_hd__buf_1)
                  0.62    0.55   16.06 ^ u_alu._1273_/X (sky130_fd_sc_hd__buf_1)
    10    0.05                           u_alu._0396_ (net)
                  0.62    0.00   16.06 ^ u_alu._1274_/S1 (sky130_fd_sc_hd__mux4_2)
                  0.10    0.43   16.50 v u_alu._1274_/X (sky130_fd_sc_hd__mux4_2)
     2    0.01                           u_alu._0397_ (net)
                  0.10    0.00   16.50 v u_alu._1280_/A0 (sky130_fd_sc_hd__mux2_2)
                  0.06    0.29   16.78 v u_alu._1280_/X (sky130_fd_sc_hd__mux2_2)
     2    0.01                           u_alu._0403_ (net)
                  0.06    0.00   16.78 v u_alu._1688_/A (sky130_fd_sc_hd__and2_2)
                  0.06    0.20   16.99 v u_alu._1688_/X (sky130_fd_sc_hd__and2_2)
     2    0.01                           u_alu._0803_ (net)
                  0.06    0.00   16.99 v u_alu._2156_/A1 (sky130_fd_sc_hd__o21a_2)
                  0.06    0.24   17.23 v u_alu._2156_/X (sky130_fd_sc_hd__o21a_2)
     1    0.01                           u_alu._0147_ (net)
                  0.06    0.00   17.23 v u_alu._2159_/B (sky130_fd_sc_hd__or3b_2)
                  0.09    0.46   17.68 v u_alu._2159_/X (sky130_fd_sc_hd__or3b_2)
     1    0.01                           u_alu._0150_ (net)
                  0.09    0.00   17.68 v u_alu._2160_/B1 (sky130_fd_sc_hd__a31o_2)
                  0.10    0.30   17.99 v u_alu._2160_/X (sky130_fd_sc_hd__a31o_2)
     2    0.03                           u_alu.Result[6] (net)
                  0.10    0.00   17.99 v u_wb_mux._115_/A1 (sky130_fd_sc_hd__a22o_2)
                  0.08    0.30   18.29 v u_wb_mux._115_/X (sky130_fd_sc_hd__a22o_2)
     1    0.02                           u_wb_mux._024_ (net)
                  0.08    0.00   18.30 v u_wb_mux._116_/C1 (sky130_fd_sc_hd__a211o_2)
                  0.40    0.59   18.89 v u_wb_mux._116_/X (sky130_fd_sc_hd__a211o_2)
     3    0.17                           u_regfile.wd[6] (net)
                  0.53    0.01   18.89 v u_regfile.u_sram_rs2/din0[6] (sky130_sram_1kbyte_1rw1r_32x256_8)
                                 18.89   data arrival time

                  0.10   20.00   20.00   clock clk (rise edge)
                          0.00   20.00   clock network delay (ideal)
                         -0.20   19.80   clock uncertainty
                          0.00   19.80   clock reconvergence pessimism
                                 19.80 ^ u_regfile.u_sram_rs2/clk0 (sky130_sram_1kbyte_1rw1r_32x256_8)
                         -0.10   19.70   library setup time
                                 19.70   data required time
-----------------------------------------------------------------------------
                                 19.70   data required time
                                -18.89   data arrival time
-----------------------------------------------------------------------------
                                  0.80   slack (MET)


Startpoint: u_imem.u_sram (falling edge-triggered flip-flop clocked by clk)
Endpoint: u_regfile.u_sram_rs1 (falling edge-triggered flip-flop clocked by clk)
Path Group: clk
Path Type: max

Fanout     Cap    Slew   Delay    Time   Description
-----------------------------------------------------------------------------
                  0.10   10.00   10.00   clock clk (fall edge)
                          0.00   10.00   clock network delay (ideal)
                  0.10    0.00   10.00 v u_imem.u_sram/clk1 (sky130_sram_1kbyte_1rw1r_32x256_8)
                  0.15    1.86   11.86 v u_imem.u_sram/dout1[6] (sky130_sram_1kbyte_1rw1r_32x256_8)
     8    0.27                           dbg_instr[6] (net)
                  0.11    0.18   12.03 v u_decoder_controller._17_/B (sky130_fd_sc_hd__or3b_2)
                  0.13    0.54   12.57 v u_decoder_controller._17_/X (sky130_fd_sc_hd__or3b_2)
     4    0.02                           u_decoder_controller._03_ (net)
                  0.13    0.00   12.57 v u_decoder_controller._26_/A2 (sky130_fd_sc_hd__a21oi_2)
                  0.15    0.20   12.77 ^ u_decoder_controller._26_/Y (sky130_fd_sc_hd__a21oi_2)
     3    0.01                           u_decoder_controller._08_ (net)
                  0.15    0.00   12.77 ^ u_decoder_controller._32_/B1 (sky130_fd_sc_hd__a21o_2)
                  0.11    0.18   12.95 ^ u_decoder_controller._32_/X (sky130_fd_sc_hd__a21o_2)
     5    0.02                           u_decoder_controller.alu_src (net)
                  0.11    0.00   12.95 ^ _271_/A (sky130_fd_sc_hd__buf_1)
                  0.48    0.40   13.35 ^ _271_/X (sky130_fd_sc_hd__buf_1)
    10    0.04                           _004_ (net)
                  0.48    0.00   13.35 ^ _272_/S (sky130_fd_sc_hd__mux2_2)
                  0.05    0.25   13.60 ^ _272_/X (sky130_fd_sc_hd__mux2_2)
     1    0.00                           _005_ (net)
                  0.05    0.00   13.60 ^ _273_/A (sky130_fd_sc_hd__buf_1)
                  0.07    0.11   13.71 ^ _273_/X (sky130_fd_sc_hd__buf_1)
     2    0.01                           u_alu.B[0] (net)
                  0.07    0.00   13.71 ^ u_alu._1162_/A (sky130_fd_sc_hd__buf_1)
                  1.05    0.78   14.48 ^ u_alu._1162_/X (sky130_fd_sc_hd__buf_1)
    10    0.09                           u_alu._0285_ (net)
                  1.05    0.02   14.51 ^ u_alu._1261_/A (sky130_fd_sc_hd__buf_1)
                  0.69    0.61   15.11 ^ u_alu._1261_/X (sky130_fd_sc_hd__buf_1)
    10    0.06                           u_alu._0384_ (net)
                  0.69    0.00   15.11 ^ u_alu._1262_/A (sky130_fd_sc_hd__buf_1)
                  0.76    0.65   15.76 ^ u_alu._1262_/X (sky130_fd_sc_hd__buf_1)
    10    0.07                           u_alu._0385_ (net)
                  0.76    0.00   15.76 ^ u_alu._1266_/A (sky130_fd_sc_hd__buf_1)
                  0.67    0.59   16.35 ^ u_alu._1266_/X (sky130_fd_sc_hd__buf_1)
    10    0.06                           u_alu._0389_ (net)
                  0.67    0.00   16.35 ^ u_alu._2059_/S0 (sky130_fd_sc_hd__mux4_2)
                  0.09    0.61   16.96 v u_alu._2059_/X (sky130_fd_sc_hd__mux4_2)
     1    0.01                           u_alu._0046_ (net)
                  0.09    0.00   16.96 v u_alu._2060_/A3 (sky130_fd_sc_hd__mux4_2)
                  0.09    0.50   17.46 v u_alu._2060_/X (sky130_fd_sc_hd__mux4_2)
     1    0.01                           u_alu._0047_ (net)
                  0.09    0.00   17.46 v u_alu._2061_/B (sky130_fd_sc_hd__nor2_2)
                  0.09    0.09   17.56 ^ u_alu._2061_/Y (sky130_fd_sc_hd__nor2_2)
     1    0.00                           u_alu._0048_ (net)
                  0.09    0.00   17.56 ^ u_alu._2067_/A1 (sky130_fd_sc_hd__o211a_2)
                  0.09    0.23   17.78 ^ u_alu._2067_/X (sky130_fd_sc_hd__o211a_2)
     1    0.01                           u_alu._0055_ (net)
                  0.09    0.00   17.78 ^ u_alu._2068_/C1 (sky130_fd_sc_hd__o211ai_2)
                  0.22    0.20   17.99 v u_alu._2068_/Y (sky130_fd_sc_hd__o211ai_2)
     1    0.03                           u_alu.Result[0] (net)
                  0.22    0.01   18.00 v u_wb_mux._096_/B2 (sky130_fd_sc_hd__a22o_2)
                  0.04    0.29   18.28 v u_wb_mux._096_/X (sky130_fd_sc_hd__a22o_2)
     1    0.00                           u_wb_mux._011_ (net)
                  0.04    0.00   18.28 v u_wb_mux._097_/C1 (sky130_fd_sc_hd__a211o_2)
                  0.39    0.54   18.82 v u_wb_mux._097_/X (sky130_fd_sc_hd__a211o_2)
     3    0.16                           u_regfile.wd[0] (net)
                  0.54    0.07   18.89 v u_regfile.u_sram_rs1/din0[0] (sky130_sram_1kbyte_1rw1r_32x256_8)
                                 18.89   data arrival time

                  0.10   20.00   20.00   clock clk (rise edge)
                          0.00   20.00   clock network delay (ideal)
                         -0.20   19.80   clock uncertainty
                          0.00   19.80   clock reconvergence pessimism
                                 19.80 ^ u_regfile.u_sram_rs1/clk0 (sky130_sram_1kbyte_1rw1r_32x256_8)
                         -0.10   19.70   library setup time
                                 19.70   data required time
-----------------------------------------------------------------------------
                                 19.70   data required time
                                -18.89   data arrival time
-----------------------------------------------------------------------------
                                  0.81   slack (MET)


Startpoint: u_imem.u_sram (falling edge-triggered flip-flop clocked by clk)
Endpoint: u_regfile.u_sram_rs2 (falling edge-triggered flip-flop clocked by clk)
Path Group: clk
Path Type: max

Fanout     Cap    Slew   Delay    Time   Description
-----------------------------------------------------------------------------
                  0.10   10.00   10.00   clock clk (fall edge)
                          0.00   10.00   clock network delay (ideal)
                  0.10    0.00   10.00 v u_imem.u_sram/clk1 (sky130_sram_1kbyte_1rw1r_32x256_8)
                  0.15    1.86   11.86 v u_imem.u_sram/dout1[6] (sky130_sram_1kbyte_1rw1r_32x256_8)
     8    0.27                           dbg_instr[6] (net)
                  0.11    0.18   12.03 v u_decoder_controller._17_/B (sky130_fd_sc_hd__or3b_2)
                  0.13    0.54   12.57 v u_decoder_controller._17_/X (sky130_fd_sc_hd__or3b_2)
     4    0.02                           u_decoder_controller._03_ (net)
                  0.13    0.00   12.57 v u_decoder_controller._26_/A2 (sky130_fd_sc_hd__a21oi_2)
                  0.15    0.20   12.77 ^ u_decoder_controller._26_/Y (sky130_fd_sc_hd__a21oi_2)
     3    0.01                           u_decoder_controller._08_ (net)
                  0.15    0.00   12.77 ^ u_decoder_controller._32_/B1 (sky130_fd_sc_hd__a21o_2)
                  0.11    0.18   12.95 ^ u_decoder_controller._32_/X (sky130_fd_sc_hd__a21o_2)
     5    0.02                           u_decoder_controller.alu_src (net)
                  0.11    0.00   12.95 ^ _271_/A (sky130_fd_sc_hd__buf_1)
                  0.48    0.40   13.35 ^ _271_/X (sky130_fd_sc_hd__buf_1)
    10    0.04                           _004_ (net)
                  0.48    0.00   13.35 ^ _272_/S (sky130_fd_sc_hd__mux2_2)
                  0.05    0.25   13.60 ^ _272_/X (sky130_fd_sc_hd__mux2_2)
     1    0.00                           _005_ (net)
                  0.05    0.00   13.60 ^ _273_/A (sky130_fd_sc_hd__buf_1)
                  0.07    0.11   13.71 ^ _273_/X (sky130_fd_sc_hd__buf_1)
     2    0.01                           u_alu.B[0] (net)
                  0.07    0.00   13.71 ^ u_alu._1162_/A (sky130_fd_sc_hd__buf_1)
                  1.05    0.78   14.48 ^ u_alu._1162_/X (sky130_fd_sc_hd__buf_1)
    10    0.09                           u_alu._0285_ (net)
                  1.05    0.02   14.51 ^ u_alu._1261_/A (sky130_fd_sc_hd__buf_1)
                  0.69    0.61   15.11 ^ u_alu._1261_/X (sky130_fd_sc_hd__buf_1)
    10    0.06                           u_alu._0384_ (net)
                  0.69    0.00   15.11 ^ u_alu._1262_/A (sky130_fd_sc_hd__buf_1)
                  0.76    0.65   15.76 ^ u_alu._1262_/X (sky130_fd_sc_hd__buf_1)
    10    0.07                           u_alu._0385_ (net)
                  0.76    0.00   15.76 ^ u_alu._1266_/A (sky130_fd_sc_hd__buf_1)
                  0.67    0.59   16.35 ^ u_alu._1266_/X (sky130_fd_sc_hd__buf_1)
    10    0.06                           u_alu._0389_ (net)
                  0.67    0.00   16.35 ^ u_alu._2059_/S0 (sky130_fd_sc_hd__mux4_2)
                  0.09    0.61   16.96 v u_alu._2059_/X (sky130_fd_sc_hd__mux4_2)
     1    0.01                           u_alu._0046_ (net)
                  0.09    0.00   16.96 v u_alu._2060_/A3 (sky130_fd_sc_hd__mux4_2)
                  0.09    0.50   17.46 v u_alu._2060_/X (sky130_fd_sc_hd__mux4_2)
     1    0.01                           u_alu._0047_ (net)
                  0.09    0.00   17.46 v u_alu._2061_/B (sky130_fd_sc_hd__nor2_2)
                  0.09    0.09   17.56 ^ u_alu._2061_/Y (sky130_fd_sc_hd__nor2_2)
     1    0.00                           u_alu._0048_ (net)
                  0.09    0.00   17.56 ^ u_alu._2067_/A1 (sky130_fd_sc_hd__o211a_2)
                  0.09    0.23   17.78 ^ u_alu._2067_/X (sky130_fd_sc_hd__o211a_2)
     1    0.01                           u_alu._0055_ (net)
                  0.09    0.00   17.78 ^ u_alu._2068_/C1 (sky130_fd_sc_hd__o211ai_2)
                  0.22    0.20   17.99 v u_alu._2068_/Y (sky130_fd_sc_hd__o211ai_2)
     1    0.03                           u_alu.Result[0] (net)
                  0.22    0.01   18.00 v u_wb_mux._096_/B2 (sky130_fd_sc_hd__a22o_2)
                  0.04    0.29   18.28 v u_wb_mux._096_/X (sky130_fd_sc_hd__a22o_2)
     1    0.00                           u_wb_mux._011_ (net)
                  0.04    0.00   18.28 v u_wb_mux._097_/C1 (sky130_fd_sc_hd__a211o_2)
                  0.39    0.54   18.82 v u_wb_mux._097_/X (sky130_fd_sc_hd__a211o_2)
     3    0.16                           u_regfile.wd[0] (net)
                  0.54    0.06   18.89 v u_regfile.u_sram_rs2/din0[0] (sky130_sram_1kbyte_1rw1r_32x256_8)
                                 18.89   data arrival time

                  0.10   20.00   20.00   clock clk (rise edge)
                          0.00   20.00   clock network delay (ideal)
                         -0.20   19.80   clock uncertainty
                          0.00   19.80   clock reconvergence pessimism
                                 19.80 ^ u_regfile.u_sram_rs2/clk0 (sky130_sram_1kbyte_1rw1r_32x256_8)
                         -0.10   19.70   library setup time
                                 19.70   data required time
-----------------------------------------------------------------------------
                                 19.70   data required time
                                -18.89   data arrival time
-----------------------------------------------------------------------------
                                  0.81   slack (MET)


Startpoint: u_imem.u_sram (falling edge-triggered flip-flop clocked by clk)
Endpoint: u_regfile.u_sram_rs1 (falling edge-triggered flip-flop clocked by clk)
Path Group: clk
Path Type: max

Fanout     Cap    Slew   Delay    Time   Description
-----------------------------------------------------------------------------
                  0.10   10.00   10.00   clock clk (fall edge)
                          0.00   10.00   clock network delay (ideal)
                  0.10    0.00   10.00 v u_imem.u_sram/clk1 (sky130_sram_1kbyte_1rw1r_32x256_8)
                  0.17    2.10   12.10 v u_imem.u_sram/dout1[22] (sky130_sram_1kbyte_1rw1r_32x256_8)
     6    0.31                           dbg_instr[22] (net)
                  0.13    0.18   12.28 v u_regfile._082_/B (sky130_fd_sc_hd__nor3_2)
                  0.70    0.60   12.88 ^ u_regfile._082_/Y (sky130_fd_sc_hd__nor3_2)
     8    0.04                           u_regfile._011_ (net)
                  0.70    0.00   12.88 ^ u_regfile._083_/A (sky130_fd_sc_hd__buf_1)
                  0.58    0.52   13.40 ^ u_regfile._083_/X (sky130_fd_sc_hd__buf_1)
     9    0.05                           u_regfile._012_ (net)
                  0.58    0.00   13.41 ^ u_regfile._087_/A2 (sky130_fd_sc_hd__a21boi_2)
                  0.25    0.28   13.69 v u_regfile._087_/Y (sky130_fd_sc_hd__a21boi_2)
     3    0.04                           u_branch_unit.rs2_val[3] (net)
                  0.25    0.01   13.69 v _281_/A0 (sky130_fd_sc_hd__mux2_2)
                  0.05    0.35   14.04 v _281_/X (sky130_fd_sc_hd__mux2_2)
     1    0.00                           _011_ (net)
                  0.05    0.00   14.04 v _282_/A (sky130_fd_sc_hd__buf_1)
                  0.24    0.25   14.29 v _282_/X (sky130_fd_sc_hd__buf_1)
     7    0.04                           u_alu.B[3] (net)
                  0.24    0.00   14.29 v u_alu._1118_/A (sky130_fd_sc_hd__or4_2)
                  0.11    0.74   15.02 v u_alu._1118_/X (sky130_fd_sc_hd__or4_2)
     2    0.01                           u_alu._0060_ (net)
                  0.11    0.00   15.02 v u_alu._1119_/A (sky130_fd_sc_hd__buf_1)
                  0.24    0.28   15.30 v u_alu._1119_/X (sky130_fd_sc_hd__buf_1)
    10    0.04                           u_alu._0071_ (net)
                  0.24    0.00   15.31 v u_alu._1129_/A (sky130_fd_sc_hd__buf_1)
                  0.30    0.37   15.67 v u_alu._1129_/X (sky130_fd_sc_hd__buf_1)
    10    0.05                           u_alu._0174_ (net)
                  0.30    0.00   15.67 v u_alu._1179_/A3 (sky130_fd_sc_hd__o31a_2)
                  0.05    0.37   16.04 v u_alu._1179_/X (sky130_fd_sc_hd__o31a_2)
     1    0.00                           u_alu._0302_ (net)
                  0.05    0.00   16.04 v u_alu._1181_/A_N (sky130_fd_sc_hd__and3b_2)
                  0.10    0.27   16.31 ^ u_alu._1181_/X (sky130_fd_sc_hd__and3b_2)
     3    0.01                           u_alu._0304_ (net)
                  0.10    0.00   16.31 ^ u_alu._1216_/A2_N (sky130_fd_sc_hd__o2bb2a_2)
                  0.04    0.21   16.52 v u_alu._1216_/X (sky130_fd_sc_hd__o2bb2a_2)
     1    0.00                           u_alu._0339_ (net)
                  0.04    0.00   16.52 v u_alu._1217_/B1 (sky130_fd_sc_hd__o211a_2)
                  0.07    0.16   16.69 v u_alu._1217_/X (sky130_fd_sc_hd__o211a_2)
     3    0.02                           u_alu._0340_ (net)
                  0.07    0.00   16.69 v u_alu._2164_/A (sky130_fd_sc_hd__or2_2)
                  0.10    0.36   17.05 v u_alu._2164_/X (sky130_fd_sc_hd__or2_2)
     4    0.02                           u_alu._0155_ (net)
                  0.10    0.00   17.05 v u_alu._2190_/B (sky130_fd_sc_hd__or2_2)
                  0.07    0.31   17.36 v u_alu._2190_/X (sky130_fd_sc_hd__or2_2)
     2    0.01                           u_alu._0181_ (net)
                  0.07    0.00   17.36 v u_alu._2191_/A1 (sky130_fd_sc_hd__a21oi_2)
                  0.14    0.16   17.51 ^ u_alu._2191_/Y (sky130_fd_sc_hd__a21oi_2)
     2    0.01                           u_alu._0182_ (net)
                  0.14    0.00   17.51 ^ u_alu._2192_/B1 (sky130_fd_sc_hd__a21oi_2)
                  0.16    0.06   17.58 v u_alu._2192_/Y (sky130_fd_sc_hd__a21oi_2)
     1    0.01                           u_alu._0183_ (net)
                  0.16    0.00   17.58 v u_alu._2193_/B (sky130_fd_sc_hd__xnor2_2)
                  0.06    0.18   17.76 v u_alu._2193_/Y (sky130_fd_sc_hd__xnor2_2)
     1    0.01                           u_alu._0185_ (net)
                  0.06    0.00   17.76 v u_alu._2204_/A2 (sky130_fd_sc_hd__o211ai_2)
                  0.20    0.20   17.96 ^ u_alu._2204_/Y (sky130_fd_sc_hd__o211ai_2)
     1    0.01                           u_alu.Result[11] (net)
                  0.20    0.00   17.96 ^ u_wb_mux._135_/A1 (sky130_fd_sc_hd__a22o_2)
                  0.14    0.26   18.22 ^ u_wb_mux._135_/X (sky130_fd_sc_hd__a22o_2)
     1    0.03                           u_wb_mux._039_ (net)
                  0.14    0.00   18.22 ^ u_wb_mux._136_/C1 (sky130_fd_sc_hd__a211o_2)
                  0.77    0.61   18.84 ^ u_wb_mux._136_/X (sky130_fd_sc_hd__a211o_2)
     3    0.17                           u_regfile.wd[11] (net)
                  1.03    0.04   18.88 ^ u_regfile.u_sram_rs1/din0[11] (sky130_sram_1kbyte_1rw1r_32x256_8)
                                 18.88   data arrival time

                  0.10   20.00   20.00   clock clk (rise edge)
                          0.00   20.00   clock network delay (ideal)
                         -0.20   19.80   clock uncertainty
                          0.00   19.80   clock reconvergence pessimism
                                 19.80 ^ u_regfile.u_sram_rs1/clk0 (sky130_sram_1kbyte_1rw1r_32x256_8)
                         -0.10   19.70   library setup time
                                 19.70   data required time
-----------------------------------------------------------------------------
                                 19.70   data required time
                                -18.88   data arrival time
-----------------------------------------------------------------------------
                                  0.82   slack (MET)


Startpoint: u_imem.u_sram (falling edge-triggered flip-flop clocked by clk)
Endpoint: u_regfile.u_sram_rs2 (falling edge-triggered flip-flop clocked by clk)
Path Group: clk
Path Type: max

Fanout     Cap    Slew   Delay    Time   Description
-----------------------------------------------------------------------------
                  0.10   10.00   10.00   clock clk (fall edge)
                          0.00   10.00   clock network delay (ideal)
                  0.10    0.00   10.00 v u_imem.u_sram/clk1 (sky130_sram_1kbyte_1rw1r_32x256_8)
                  0.17    2.10   12.10 v u_imem.u_sram/dout1[22] (sky130_sram_1kbyte_1rw1r_32x256_8)
     6    0.31                           dbg_instr[22] (net)
                  0.13    0.18   12.28 v u_regfile._082_/B (sky130_fd_sc_hd__nor3_2)
                  0.70    0.60   12.88 ^ u_regfile._082_/Y (sky130_fd_sc_hd__nor3_2)
     8    0.04                           u_regfile._011_ (net)
                  0.70    0.00   12.88 ^ u_regfile._083_/A (sky130_fd_sc_hd__buf_1)
                  0.58    0.52   13.40 ^ u_regfile._083_/X (sky130_fd_sc_hd__buf_1)
     9    0.05                           u_regfile._012_ (net)
                  0.58    0.00   13.41 ^ u_regfile._087_/A2 (sky130_fd_sc_hd__a21boi_2)
                  0.25    0.28   13.69 v u_regfile._087_/Y (sky130_fd_sc_hd__a21boi_2)
     3    0.04                           u_branch_unit.rs2_val[3] (net)
                  0.25    0.01   13.69 v _281_/A0 (sky130_fd_sc_hd__mux2_2)
                  0.05    0.35   14.04 v _281_/X (sky130_fd_sc_hd__mux2_2)
     1    0.00                           _011_ (net)
                  0.05    0.00   14.04 v _282_/A (sky130_fd_sc_hd__buf_1)
                  0.24    0.25   14.29 v _282_/X (sky130_fd_sc_hd__buf_1)
     7    0.04                           u_alu.B[3] (net)
                  0.24    0.00   14.29 v u_alu._1118_/A (sky130_fd_sc_hd__or4_2)
                  0.11    0.74   15.02 v u_alu._1118_/X (sky130_fd_sc_hd__or4_2)
     2    0.01                           u_alu._0060_ (net)
                  0.11    0.00   15.02 v u_alu._1119_/A (sky130_fd_sc_hd__buf_1)
                  0.24    0.28   15.30 v u_alu._1119_/X (sky130_fd_sc_hd__buf_1)
    10    0.04                           u_alu._0071_ (net)
                  0.24    0.00   15.31 v u_alu._1129_/A (sky130_fd_sc_hd__buf_1)
                  0.30    0.37   15.67 v u_alu._1129_/X (sky130_fd_sc_hd__buf_1)
    10    0.05                           u_alu._0174_ (net)
                  0.30    0.00   15.67 v u_alu._1179_/A3 (sky130_fd_sc_hd__o31a_2)
                  0.05    0.37   16.04 v u_alu._1179_/X (sky130_fd_sc_hd__o31a_2)
     1    0.00                           u_alu._0302_ (net)
                  0.05    0.00   16.04 v u_alu._1181_/A_N (sky130_fd_sc_hd__and3b_2)
                  0.10    0.27   16.31 ^ u_alu._1181_/X (sky130_fd_sc_hd__and3b_2)
     3    0.01                           u_alu._0304_ (net)
                  0.10    0.00   16.31 ^ u_alu._1216_/A2_N (sky130_fd_sc_hd__o2bb2a_2)
                  0.04    0.21   16.52 v u_alu._1216_/X (sky130_fd_sc_hd__o2bb2a_2)
     1    0.00                           u_alu._0339_ (net)
                  0.04    0.00   16.52 v u_alu._1217_/B1 (sky130_fd_sc_hd__o211a_2)
                  0.07    0.16   16.69 v u_alu._1217_/X (sky130_fd_sc_hd__o211a_2)
     3    0.02                           u_alu._0340_ (net)
                  0.07    0.00   16.69 v u_alu._2164_/A (sky130_fd_sc_hd__or2_2)
                  0.10    0.36   17.05 v u_alu._2164_/X (sky130_fd_sc_hd__or2_2)
     4    0.02                           u_alu._0155_ (net)
                  0.10    0.00   17.05 v u_alu._2190_/B (sky130_fd_sc_hd__or2_2)
                  0.07    0.31   17.36 v u_alu._2190_/X (sky130_fd_sc_hd__or2_2)
     2    0.01                           u_alu._0181_ (net)
                  0.07    0.00   17.36 v u_alu._2191_/A1 (sky130_fd_sc_hd__a21oi_2)
                  0.14    0.16   17.51 ^ u_alu._2191_/Y (sky130_fd_sc_hd__a21oi_2)
     2    0.01                           u_alu._0182_ (net)
                  0.14    0.00   17.51 ^ u_alu._2192_/B1 (sky130_fd_sc_hd__a21oi_2)
                  0.16    0.06   17.58 v u_alu._2192_/Y (sky130_fd_sc_hd__a21oi_2)
     1    0.01                           u_alu._0183_ (net)
                  0.16    0.00   17.58 v u_alu._2193_/B (sky130_fd_sc_hd__xnor2_2)
                  0.06    0.18   17.76 v u_alu._2193_/Y (sky130_fd_sc_hd__xnor2_2)
     1    0.01                           u_alu._0185_ (net)
                  0.06    0.00   17.76 v u_alu._2204_/A2 (sky130_fd_sc_hd__o211ai_2)
                  0.20    0.20   17.96 ^ u_alu._2204_/Y (sky130_fd_sc_hd__o211ai_2)
     1    0.01                           u_alu.Result[11] (net)
                  0.20    0.00   17.96 ^ u_wb_mux._135_/A1 (sky130_fd_sc_hd__a22o_2)
                  0.14    0.26   18.22 ^ u_wb_mux._135_/X (sky130_fd_sc_hd__a22o_2)
     1    0.03                           u_wb_mux._039_ (net)
                  0.14    0.00   18.22 ^ u_wb_mux._136_/C1 (sky130_fd_sc_hd__a211o_2)
                  0.77    0.61   18.84 ^ u_wb_mux._136_/X (sky130_fd_sc_hd__a211o_2)
     3    0.17                           u_regfile.wd[11] (net)
                  1.02    0.01   18.84 ^ u_regfile.u_sram_rs2/din0[11] (sky130_sram_1kbyte_1rw1r_32x256_8)
                                 18.84   data arrival time

                  0.10   20.00   20.00   clock clk (rise edge)
                          0.00   20.00   clock network delay (ideal)
                         -0.20   19.80   clock uncertainty
                          0.00   19.80   clock reconvergence pessimism
                                 19.80 ^ u_regfile.u_sram_rs2/clk0 (sky130_sram_1kbyte_1rw1r_32x256_8)
                         -0.10   19.70   library setup time
                                 19.70   data required time
-----------------------------------------------------------------------------
                                 19.70   data required time
                                -18.84   data arrival time
-----------------------------------------------------------------------------
                                  0.85   slack (MET)


Startpoint: u_imem.u_sram (falling edge-triggered flip-flop clocked by clk)
Endpoint: u_regfile.u_sram_rs1 (falling edge-triggered flip-flop clocked by clk)
Path Group: clk
Path Type: max

Fanout     Cap    Slew   Delay    Time   Description
-----------------------------------------------------------------------------
                  0.10   10.00   10.00   clock clk (fall edge)
                          0.00   10.00   clock network delay (ideal)
                  0.10    0.00   10.00 v u_imem.u_sram/clk1 (sky130_sram_1kbyte_1rw1r_32x256_8)
                  0.15    1.86   11.86 v u_imem.u_sram/dout1[6] (sky130_sram_1kbyte_1rw1r_32x256_8)
     8    0.27                           dbg_instr[6] (net)
                  0.11    0.18   12.03 v u_decoder_controller._17_/B (sky130_fd_sc_hd__or3b_2)
                  0.13    0.54   12.57 v u_decoder_controller._17_/X (sky130_fd_sc_hd__or3b_2)
     4    0.02                           u_decoder_controller._03_ (net)
                  0.13    0.00   12.57 v u_decoder_controller._26_/A2 (sky130_fd_sc_hd__a21oi_2)
                  0.15    0.20   12.77 ^ u_decoder_controller._26_/Y (sky130_fd_sc_hd__a21oi_2)
     3    0.01                           u_decoder_controller._08_ (net)
                  0.15    0.00   12.77 ^ u_decoder_controller._32_/B1 (sky130_fd_sc_hd__a21o_2)
                  0.11    0.18   12.95 ^ u_decoder_controller._32_/X (sky130_fd_sc_hd__a21o_2)
     5    0.02                           u_decoder_controller.alu_src (net)
                  0.11    0.00   12.95 ^ _271_/A (sky130_fd_sc_hd__buf_1)
                  0.48    0.40   13.35 ^ _271_/X (sky130_fd_sc_hd__buf_1)
    10    0.04                           _004_ (net)
                  0.48    0.00   13.35 ^ _275_/S (sky130_fd_sc_hd__mux2_2)
                  0.06    0.25   13.60 ^ _275_/X (sky130_fd_sc_hd__mux2_2)
     1    0.00                           _007_ (net)
                  0.06    0.00   13.60 ^ _276_/A (sky130_fd_sc_hd__buf_1)
                  0.07    0.10   13.70 ^ _276_/X (sky130_fd_sc_hd__buf_1)
     2    0.01                           u_alu.B[1] (net)
                  0.07    0.00   13.70 ^ u_alu._1163_/A (sky130_fd_sc_hd__buf_1)
                  0.93    0.69   14.39 ^ u_alu._1163_/X (sky130_fd_sc_hd__buf_1)
    10    0.08                           u_alu._0286_ (net)
                  0.93    0.02   14.41 ^ u_alu._1186_/A (sky130_fd_sc_hd__buf_1)
                  0.62    0.55   14.97 ^ u_alu._1186_/X (sky130_fd_sc_hd__buf_1)
    10    0.05                           u_alu._0309_ (net)
                  0.62    0.00   14.97 ^ u_alu._1263_/A (sky130_fd_sc_hd__buf_1)
                  0.61    0.54   15.51 ^ u_alu._1263_/X (sky130_fd_sc_hd__buf_1)
    10    0.05                           u_alu._0386_ (net)
                  0.61    0.00   15.51 ^ u_alu._1273_/A (sky130_fd_sc_hd__buf_1)
                  0.62    0.55   16.06 ^ u_alu._1273_/X (sky130_fd_sc_hd__buf_1)
    10    0.05                           u_alu._0396_ (net)
                  0.62    0.00   16.07 ^ u_alu._1497_/S (sky130_fd_sc_hd__mux2_2)
                  0.07    0.44   16.51 v u_alu._1497_/X (sky130_fd_sc_hd__mux2_2)
     2    0.01                           u_alu._0617_ (net)
                  0.07    0.00   16.51 v u_alu._1653_/B (sky130_fd_sc_hd__nand2_2)
                  0.10    0.09   16.59 ^ u_alu._1653_/Y (sky130_fd_sc_hd__nand2_2)
     2    0.01                           u_alu._0769_ (net)
                  0.10    0.00   16.59 ^ u_alu._1654_/B (sky130_fd_sc_hd__nor2_2)
                  0.09    0.04   16.63 v u_alu._1654_/Y (sky130_fd_sc_hd__nor2_2)
     1    0.00                           u_alu._0770_ (net)
                  0.09    0.00   16.63 v u_alu._1655_/A2 (sky130_fd_sc_hd__o21a_2)
                  0.03    0.20   16.84 v u_alu._1655_/X (sky130_fd_sc_hd__o21a_2)
     1    0.00                           u_alu._0771_ (net)
                  0.03    0.00   16.84 v u_alu._1656_/B1 (sky130_fd_sc_hd__a21o_2)
                  0.05    0.20   17.03 v u_alu._1656_/X (sky130_fd_sc_hd__a21o_2)
     2    0.01                           u_alu._0772_ (net)
                  0.05    0.00   17.03 v u_alu._2117_/A2 (sky130_fd_sc_hd__a211o_2)
                  0.09    0.38   17.42 v u_alu._2117_/X (sky130_fd_sc_hd__a211o_2)
     1    0.02                           u_alu._0107_ (net)
                  0.09    0.00   17.42 v u_alu._2118_/C1 (sky130_fd_sc_hd__a211o_2)
                  0.13    0.38   17.79 v u_alu._2118_/X (sky130_fd_sc_hd__a211o_2)
     2    0.04                           u_alu.Result[5] (net)
                  0.13    0.01   17.80 v u_wb_mux._112_/A1 (sky130_fd_sc_hd__a22o_2)
                  0.07    0.30   18.10 v u_wb_mux._112_/X (sky130_fd_sc_hd__a22o_2)
     1    0.02                           u_wb_mux._022_ (net)
                  0.07    0.00   18.11 v u_wb_mux._113_/C1 (sky130_fd_sc_hd__a211o_2)
                  0.45    0.63   18.74 v u_wb_mux._113_/X (sky130_fd_sc_hd__a211o_2)
     3    0.20                           u_regfile.wd[5] (net)
                  0.60    0.03   18.77 v u_regfile.u_sram_rs1/din0[5] (sky130_sram_1kbyte_1rw1r_32x256_8)
                                 18.77   data arrival time

                  0.10   20.00   20.00   clock clk (rise edge)
                          0.00   20.00   clock network delay (ideal)
                         -0.20   19.80   clock uncertainty
                          0.00   19.80   clock reconvergence pessimism
                                 19.80 ^ u_regfile.u_sram_rs1/clk0 (sky130_sram_1kbyte_1rw1r_32x256_8)
                         -0.10   19.70   library setup time
                                 19.70   data required time
-----------------------------------------------------------------------------
                                 19.70   data required time
                                -18.77   data arrival time
-----------------------------------------------------------------------------
                                  0.93   slack (MET)


Startpoint: u_imem.u_sram (falling edge-triggered flip-flop clocked by clk)
Endpoint: u_regfile.u_sram_rs2 (falling edge-triggered flip-flop clocked by clk)
Path Group: clk
Path Type: max

Fanout     Cap    Slew   Delay    Time   Description
-----------------------------------------------------------------------------
                  0.10   10.00   10.00   clock clk (fall edge)
                          0.00   10.00   clock network delay (ideal)
                  0.10    0.00   10.00 v u_imem.u_sram/clk1 (sky130_sram_1kbyte_1rw1r_32x256_8)
                  0.15    1.86   11.86 v u_imem.u_sram/dout1[6] (sky130_sram_1kbyte_1rw1r_32x256_8)
     8    0.27                           dbg_instr[6] (net)
                  0.11    0.18   12.03 v u_decoder_controller._17_/B (sky130_fd_sc_hd__or3b_2)
                  0.13    0.54   12.57 v u_decoder_controller._17_/X (sky130_fd_sc_hd__or3b_2)
     4    0.02                           u_decoder_controller._03_ (net)
                  0.13    0.00   12.57 v u_decoder_controller._26_/A2 (sky130_fd_sc_hd__a21oi_2)
                  0.15    0.20   12.77 ^ u_decoder_controller._26_/Y (sky130_fd_sc_hd__a21oi_2)
     3    0.01                           u_decoder_controller._08_ (net)
                  0.15    0.00   12.77 ^ u_decoder_controller._32_/B1 (sky130_fd_sc_hd__a21o_2)
                  0.11    0.18   12.95 ^ u_decoder_controller._32_/X (sky130_fd_sc_hd__a21o_2)
     5    0.02                           u_decoder_controller.alu_src (net)
                  0.11    0.00   12.95 ^ _271_/A (sky130_fd_sc_hd__buf_1)
                  0.48    0.40   13.35 ^ _271_/X (sky130_fd_sc_hd__buf_1)
    10    0.04                           _004_ (net)
                  0.48    0.00   13.35 ^ _275_/S (sky130_fd_sc_hd__mux2_2)
                  0.06    0.25   13.60 ^ _275_/X (sky130_fd_sc_hd__mux2_2)
     1    0.00                           _007_ (net)
                  0.06    0.00   13.60 ^ _276_/A (sky130_fd_sc_hd__buf_1)
                  0.07    0.10   13.70 ^ _276_/X (sky130_fd_sc_hd__buf_1)
     2    0.01                           u_alu.B[1] (net)
                  0.07    0.00   13.70 ^ u_alu._1163_/A (sky130_fd_sc_hd__buf_1)
                  0.93    0.69   14.39 ^ u_alu._1163_/X (sky130_fd_sc_hd__buf_1)
    10    0.08                           u_alu._0286_ (net)
                  0.93    0.02   14.41 ^ u_alu._1186_/A (sky130_fd_sc_hd__buf_1)
                  0.62    0.55   14.97 ^ u_alu._1186_/X (sky130_fd_sc_hd__buf_1)
    10    0.05                           u_alu._0309_ (net)
                  0.62    0.00   14.97 ^ u_alu._1263_/A (sky130_fd_sc_hd__buf_1)
                  0.61    0.54   15.51 ^ u_alu._1263_/X (sky130_fd_sc_hd__buf_1)
    10    0.05                           u_alu._0386_ (net)
                  0.61    0.00   15.51 ^ u_alu._1273_/A (sky130_fd_sc_hd__buf_1)
                  0.62    0.55   16.06 ^ u_alu._1273_/X (sky130_fd_sc_hd__buf_1)
    10    0.05                           u_alu._0396_ (net)
                  0.62    0.00   16.07 ^ u_alu._1497_/S (sky130_fd_sc_hd__mux2_2)
                  0.07    0.44   16.51 v u_alu._1497_/X (sky130_fd_sc_hd__mux2_2)
     2    0.01                           u_alu._0617_ (net)
                  0.07    0.00   16.51 v u_alu._1653_/B (sky130_fd_sc_hd__nand2_2)
                  0.10    0.09   16.59 ^ u_alu._1653_/Y (sky130_fd_sc_hd__nand2_2)
     2    0.01                           u_alu._0769_ (net)
                  0.10    0.00   16.59 ^ u_alu._1654_/B (sky130_fd_sc_hd__nor2_2)
                  0.09    0.04   16.63 v u_alu._1654_/Y (sky130_fd_sc_hd__nor2_2)
     1    0.00                           u_alu._0770_ (net)
                  0.09    0.00   16.63 v u_alu._1655_/A2 (sky130_fd_sc_hd__o21a_2)
                  0.03    0.20   16.84 v u_alu._1655_/X (sky130_fd_sc_hd__o21a_2)
     1    0.00                           u_alu._0771_ (net)
                  0.03    0.00   16.84 v u_alu._1656_/B1 (sky130_fd_sc_hd__a21o_2)
                  0.05    0.20   17.03 v u_alu._1656_/X (sky130_fd_sc_hd__a21o_2)
     2    0.01                           u_alu._0772_ (net)
                  0.05    0.00   17.03 v u_alu._2117_/A2 (sky130_fd_sc_hd__a211o_2)
                  0.09    0.38   17.42 v u_alu._2117_/X (sky130_fd_sc_hd__a211o_2)
     1    0.02                           u_alu._0107_ (net)
                  0.09    0.00   17.42 v u_alu._2118_/C1 (sky130_fd_sc_hd__a211o_2)
                  0.13    0.38   17.79 v u_alu._2118_/X (sky130_fd_sc_hd__a211o_2)
     2    0.04                           u_alu.Result[5] (net)
                  0.13    0.01   17.80 v u_wb_mux._112_/A1 (sky130_fd_sc_hd__a22o_2)
                  0.07    0.30   18.10 v u_wb_mux._112_/X (sky130_fd_sc_hd__a22o_2)
     1    0.02                           u_wb_mux._022_ (net)
                  0.07    0.00   18.11 v u_wb_mux._113_/C1 (sky130_fd_sc_hd__a211o_2)
                  0.45    0.63   18.74 v u_wb_mux._113_/X (sky130_fd_sc_hd__a211o_2)
     3    0.20                           u_regfile.wd[5] (net)
                  0.60    0.02   18.76 v u_regfile.u_sram_rs2/din0[5] (sky130_sram_1kbyte_1rw1r_32x256_8)
                                 18.76   data arrival time

                  0.10   20.00   20.00   clock clk (rise edge)
                          0.00   20.00   clock network delay (ideal)
                         -0.20   19.80   clock uncertainty
                          0.00   19.80   clock reconvergence pessimism
                                 19.80 ^ u_regfile.u_sram_rs2/clk0 (sky130_sram_1kbyte_1rw1r_32x256_8)
                         -0.10   19.70   library setup time
                                 19.70   data required time
-----------------------------------------------------------------------------
                                 19.70   data required time
                                -18.76   data arrival time
-----------------------------------------------------------------------------
                                  0.94   slack (MET)


Startpoint: u_imem.u_sram (falling edge-triggered flip-flop clocked by clk)
Endpoint: u_regfile.u_sram_rs1 (falling edge-triggered flip-flop clocked by clk)
Path Group: clk
Path Type: max

Fanout     Cap    Slew   Delay    Time   Description
-----------------------------------------------------------------------------
                  0.10   10.00   10.00   clock clk (fall edge)
                          0.00   10.00   clock network delay (ideal)
                  0.10    0.00   10.00 v u_imem.u_sram/clk1 (sky130_sram_1kbyte_1rw1r_32x256_8)
                  0.15    1.86   11.86 v u_imem.u_sram/dout1[6] (sky130_sram_1kbyte_1rw1r_32x256_8)
     8    0.27                           dbg_instr[6] (net)
                  0.11    0.18   12.03 v u_decoder_controller._17_/B (sky130_fd_sc_hd__or3b_2)
                  0.13    0.54   12.57 v u_decoder_controller._17_/X (sky130_fd_sc_hd__or3b_2)
     4    0.02                           u_decoder_controller._03_ (net)
                  0.13    0.00   12.57 v u_decoder_controller._26_/A2 (sky130_fd_sc_hd__a21oi_2)
                  0.15    0.20   12.77 ^ u_decoder_controller._26_/Y (sky130_fd_sc_hd__a21oi_2)
     3    0.01                           u_decoder_controller._08_ (net)
                  0.15    0.00   12.77 ^ u_decoder_controller._32_/B1 (sky130_fd_sc_hd__a21o_2)
                  0.11    0.18   12.95 ^ u_decoder_controller._32_/X (sky130_fd_sc_hd__a21o_2)
     5    0.02                           u_decoder_controller.alu_src (net)
                  0.11    0.00   12.95 ^ _271_/A (sky130_fd_sc_hd__buf_1)
                  0.48    0.40   13.35 ^ _271_/X (sky130_fd_sc_hd__buf_1)
    10    0.04                           _004_ (net)
                  0.48    0.00   13.35 ^ _272_/S (sky130_fd_sc_hd__mux2_2)
                  0.05    0.25   13.60 ^ _272_/X (sky130_fd_sc_hd__mux2_2)
     1    0.00                           _005_ (net)
                  0.05    0.00   13.60 ^ _273_/A (sky130_fd_sc_hd__buf_1)
                  0.07    0.11   13.71 ^ _273_/X (sky130_fd_sc_hd__buf_1)
     2    0.01                           u_alu.B[0] (net)
                  0.07    0.00   13.71 ^ u_alu._1162_/A (sky130_fd_sc_hd__buf_1)
                  1.05    0.78   14.48 ^ u_alu._1162_/X (sky130_fd_sc_hd__buf_1)
    10    0.09                           u_alu._0285_ (net)
                  1.05    0.02   14.51 ^ u_alu._1261_/A (sky130_fd_sc_hd__buf_1)
                  0.69    0.61   15.11 ^ u_alu._1261_/X (sky130_fd_sc_hd__buf_1)
    10    0.06                           u_alu._0384_ (net)
                  0.69    0.00   15.11 ^ u_alu._1262_/A (sky130_fd_sc_hd__buf_1)
                  0.76    0.65   15.76 ^ u_alu._1262_/X (sky130_fd_sc_hd__buf_1)
    10    0.07                           u_alu._0385_ (net)
                  0.76    0.00   15.76 ^ u_alu._1484_/S0 (sky130_fd_sc_hd__mux4_2)
                  0.12    0.65   16.41 v u_alu._1484_/X (sky130_fd_sc_hd__mux4_2)
     4    0.01                           u_alu._0604_ (net)
                  0.12    0.00   16.41 v u_alu._1775_/A1 (sky130_fd_sc_hd__mux2_2)
                  0.05    0.29   16.70 v u_alu._1775_/X (sky130_fd_sc_hd__mux2_2)
     1    0.00                           u_alu._0887_ (net)
                  0.05    0.00   16.70 v u_alu._1776_/A2_N (sky130_fd_sc_hd__o2bb2a_2)
                  0.09    0.28   16.99 ^ u_alu._1776_/X (sky130_fd_sc_hd__o2bb2a_2)
     2    0.01                           u_alu._0888_ (net)
                  0.09    0.00   16.99 ^ u_alu._2170_/A2 (sky130_fd_sc_hd__o221a_2)
                  0.07    0.21   17.20 ^ u_alu._2170_/X (sky130_fd_sc_hd__o221a_2)
     1    0.01                           u_alu._0161_ (net)
                  0.07    0.00   17.20 ^ u_alu._2174_/A1 (sky130_fd_sc_hd__o21a_2)
                  0.13    0.20   17.40 ^ u_alu._2174_/X (sky130_fd_sc_hd__o21a_2)
     1    0.02                           u_alu._0166_ (net)
                  0.13    0.00   17.41 ^ u_alu._2175_/B1 (sky130_fd_sc_hd__o21ai_2)
                  0.04    0.07   17.47 v u_alu._2175_/Y (sky130_fd_sc_hd__o21ai_2)
     1    0.00                           u_alu._0167_ (net)
                  0.04    0.00   17.47 v u_alu._2176_/B1 (sky130_fd_sc_hd__a31o_2)
                  0.10    0.29   17.76 v u_alu._2176_/X (sky130_fd_sc_hd__a31o_2)
     2    0.03                           u_alu.Result[9] (net)
                  0.10    0.00   17.77 v u_wb_mux._124_/A1 (sky130_fd_sc_hd__a22o_2)
                  0.08    0.31   18.07 v u_wb_mux._124_/X (sky130_fd_sc_hd__a22o_2)
     1    0.02                           u_wb_mux._030_ (net)
                  0.08    0.00   18.08 v u_wb_mux._125_/C1 (sky130_fd_sc_hd__a211o_2)
                  0.41    0.59   18.67 v u_wb_mux._125_/X (sky130_fd_sc_hd__a211o_2)
     3    0.18                           u_regfile.wd[9] (net)
                  0.56    0.05   18.72 v u_regfile.u_sram_rs1/din0[9] (sky130_sram_1kbyte_1rw1r_32x256_8)
                                 18.72   data arrival time

                  0.10   20.00   20.00   clock clk (rise edge)
                          0.00   20.00   clock network delay (ideal)
                         -0.20   19.80   clock uncertainty
                          0.00   19.80   clock reconvergence pessimism
                                 19.80 ^ u_regfile.u_sram_rs1/clk0 (sky130_sram_1kbyte_1rw1r_32x256_8)
                         -0.10   19.70   library setup time
                                 19.70   data required time
-----------------------------------------------------------------------------
                                 19.70   data required time
                                -18.72   data arrival time
-----------------------------------------------------------------------------
                                  0.98   slack (MET)


Startpoint: u_imem.u_sram (falling edge-triggered flip-flop clocked by clk)
Endpoint: u_regfile.u_sram_rs1 (falling edge-triggered flip-flop clocked by clk)
Path Group: clk
Path Type: max

Fanout     Cap    Slew   Delay    Time   Description
-----------------------------------------------------------------------------
                  0.10   10.00   10.00   clock clk (fall edge)
                          0.00   10.00   clock network delay (ideal)
                  0.10    0.00   10.00 v u_imem.u_sram/clk1 (sky130_sram_1kbyte_1rw1r_32x256_8)
                  0.15    1.86   11.86 v u_imem.u_sram/dout1[6] (sky130_sram_1kbyte_1rw1r_32x256_8)
     8    0.27                           dbg_instr[6] (net)
                  0.11    0.18   12.03 v u_decoder_controller._17_/B (sky130_fd_sc_hd__or3b_2)
                  0.13    0.54   12.57 v u_decoder_controller._17_/X (sky130_fd_sc_hd__or3b_2)
     4    0.02                           u_decoder_controller._03_ (net)
                  0.13    0.00   12.57 v u_decoder_controller._26_/A2 (sky130_fd_sc_hd__a21oi_2)
                  0.15    0.20   12.77 ^ u_decoder_controller._26_/Y (sky130_fd_sc_hd__a21oi_2)
     3    0.01                           u_decoder_controller._08_ (net)
                  0.15    0.00   12.77 ^ u_decoder_controller._32_/B1 (sky130_fd_sc_hd__a21o_2)
                  0.11    0.18   12.95 ^ u_decoder_controller._32_/X (sky130_fd_sc_hd__a21o_2)
     5    0.02                           u_decoder_controller.alu_src (net)
                  0.11    0.00   12.95 ^ _271_/A (sky130_fd_sc_hd__buf_1)
                  0.48    0.40   13.35 ^ _271_/X (sky130_fd_sc_hd__buf_1)
    10    0.04                           _004_ (net)
                  0.48    0.00   13.35 ^ _275_/S (sky130_fd_sc_hd__mux2_2)
                  0.06    0.25   13.60 ^ _275_/X (sky130_fd_sc_hd__mux2_2)
     1    0.00                           _007_ (net)
                  0.06    0.00   13.60 ^ _276_/A (sky130_fd_sc_hd__buf_1)
                  0.07    0.10   13.70 ^ _276_/X (sky130_fd_sc_hd__buf_1)
     2    0.01                           u_alu.B[1] (net)
                  0.07    0.00   13.70 ^ u_alu._1163_/A (sky130_fd_sc_hd__buf_1)
                  0.93    0.69   14.39 ^ u_alu._1163_/X (sky130_fd_sc_hd__buf_1)
    10    0.08                           u_alu._0286_ (net)
                  0.93    0.02   14.41 ^ u_alu._1186_/A (sky130_fd_sc_hd__buf_1)
                  0.62    0.55   14.97 ^ u_alu._1186_/X (sky130_fd_sc_hd__buf_1)
    10    0.05                           u_alu._0309_ (net)
                  0.62    0.00   14.97 ^ u_alu._1263_/A (sky130_fd_sc_hd__buf_1)
                  0.61    0.54   15.51 ^ u_alu._1263_/X (sky130_fd_sc_hd__buf_1)
    10    0.05                           u_alu._0386_ (net)
                  0.61    0.00   15.51 ^ u_alu._1273_/A (sky130_fd_sc_hd__buf_1)
                  0.62    0.55   16.06 ^ u_alu._1273_/X (sky130_fd_sc_hd__buf_1)
    10    0.05                           u_alu._0396_ (net)
                  0.62    0.00   16.06 ^ u_alu._1391_/S1 (sky130_fd_sc_hd__mux4_2)
                  0.11    0.45   16.52 v u_alu._1391_/X (sky130_fd_sc_hd__mux4_2)
     4    0.01                           u_alu._0513_ (net)
                  0.11    0.00   16.52 v u_alu._2082_/A0 (sky130_fd_sc_hd__mux4_2)
                  0.11    0.53   17.04 v u_alu._2082_/X (sky130_fd_sc_hd__mux4_2)
     1    0.01                           u_alu._0070_ (net)
                  0.11    0.00   17.04 v u_alu._2084_/A2 (sky130_fd_sc_hd__a21oi_2)
                  0.17    0.22   17.26 ^ u_alu._2084_/Y (sky130_fd_sc_hd__a21oi_2)
     1    0.01                           u_alu._0073_ (net)
                  0.17    0.00   17.27 ^ u_alu._2085_/B (sky130_fd_sc_hd__nor2_2)
                  0.09    0.05   17.31 v u_alu._2085_/Y (sky130_fd_sc_hd__nor2_2)
     1    0.00                           u_alu._0074_ (net)
                  0.09    0.00   17.31 v u_alu._2086_/C1 (sky130_fd_sc_hd__a211o_2)
                  0.13    0.39   17.70 v u_alu._2086_/X (sky130_fd_sc_hd__a211o_2)
     2    0.04                           u_alu.Result[3] (net)
                  0.13    0.01   17.70 v u_wb_mux._106_/A1 (sky130_fd_sc_hd__a22o_2)
                  0.07    0.30   18.01 v u_wb_mux._106_/X (sky130_fd_sc_hd__a22o_2)
     1    0.01                           u_wb_mux._018_ (net)
                  0.07    0.00   18.01 v u_wb_mux._107_/C1 (sky130_fd_sc_hd__a211o_2)
                  0.45    0.61   18.62 v u_wb_mux._107_/X (sky130_fd_sc_hd__a211o_2)
     3    0.20                           u_regfile.wd[3] (net)
                  0.62    0.07   18.68 v u_regfile.u_sram_rs1/din0[3] (sky130_sram_1kbyte_1rw1r_32x256_8)
                                 18.68   data arrival time

                  0.10   20.00   20.00   clock clk (rise edge)
                          0.00   20.00   clock network delay (ideal)
                         -0.20   19.80   clock uncertainty
                          0.00   19.80   clock reconvergence pessimism
                                 19.80 ^ u_regfile.u_sram_rs1/clk0 (sky130_sram_1kbyte_1rw1r_32x256_8)
                         -0.10   19.70   library setup time
                                 19.70   data required time
-----------------------------------------------------------------------------
                                 19.70   data required time
                                -18.68   data arrival time
-----------------------------------------------------------------------------
                                  1.01   slack (MET)


Startpoint: u_imem.u_sram (falling edge-triggered flip-flop clocked by clk)
Endpoint: u_regfile.u_sram_rs2 (falling edge-triggered flip-flop clocked by clk)
Path Group: clk
Path Type: max

Fanout     Cap    Slew   Delay    Time   Description
-----------------------------------------------------------------------------
                  0.10   10.00   10.00   clock clk (fall edge)
                          0.00   10.00   clock network delay (ideal)
                  0.10    0.00   10.00 v u_imem.u_sram/clk1 (sky130_sram_1kbyte_1rw1r_32x256_8)
                  0.15    1.86   11.86 v u_imem.u_sram/dout1[6] (sky130_sram_1kbyte_1rw1r_32x256_8)
     8    0.27                           dbg_instr[6] (net)
                  0.11    0.18   12.03 v u_decoder_controller._17_/B (sky130_fd_sc_hd__or3b_2)
                  0.13    0.54   12.57 v u_decoder_controller._17_/X (sky130_fd_sc_hd__or3b_2)
     4    0.02                           u_decoder_controller._03_ (net)
                  0.13    0.00   12.57 v u_decoder_controller._26_/A2 (sky130_fd_sc_hd__a21oi_2)
                  0.15    0.20   12.77 ^ u_decoder_controller._26_/Y (sky130_fd_sc_hd__a21oi_2)
     3    0.01                           u_decoder_controller._08_ (net)
                  0.15    0.00   12.77 ^ u_decoder_controller._32_/B1 (sky130_fd_sc_hd__a21o_2)
                  0.11    0.18   12.95 ^ u_decoder_controller._32_/X (sky130_fd_sc_hd__a21o_2)
     5    0.02                           u_decoder_controller.alu_src (net)
                  0.11    0.00   12.95 ^ _271_/A (sky130_fd_sc_hd__buf_1)
                  0.48    0.40   13.35 ^ _271_/X (sky130_fd_sc_hd__buf_1)
    10    0.04                           _004_ (net)
                  0.48    0.00   13.35 ^ _272_/S (sky130_fd_sc_hd__mux2_2)
                  0.05    0.25   13.60 ^ _272_/X (sky130_fd_sc_hd__mux2_2)
     1    0.00                           _005_ (net)
                  0.05    0.00   13.60 ^ _273_/A (sky130_fd_sc_hd__buf_1)
                  0.07    0.11   13.71 ^ _273_/X (sky130_fd_sc_hd__buf_1)
     2    0.01                           u_alu.B[0] (net)
                  0.07    0.00   13.71 ^ u_alu._1162_/A (sky130_fd_sc_hd__buf_1)
                  1.05    0.78   14.48 ^ u_alu._1162_/X (sky130_fd_sc_hd__buf_1)
    10    0.09                           u_alu._0285_ (net)
                  1.05    0.02   14.51 ^ u_alu._1261_/A (sky130_fd_sc_hd__buf_1)
                  0.69    0.61   15.11 ^ u_alu._1261_/X (sky130_fd_sc_hd__buf_1)
    10    0.06                           u_alu._0384_ (net)
                  0.69    0.00   15.11 ^ u_alu._1262_/A (sky130_fd_sc_hd__buf_1)
                  0.76    0.65   15.76 ^ u_alu._1262_/X (sky130_fd_sc_hd__buf_1)
    10    0.07                           u_alu._0385_ (net)
                  0.76    0.00   15.76 ^ u_alu._1484_/S0 (sky130_fd_sc_hd__mux4_2)
                  0.12    0.65   16.41 v u_alu._1484_/X (sky130_fd_sc_hd__mux4_2)
     4    0.01                           u_alu._0604_ (net)
                  0.12    0.00   16.41 v u_alu._1775_/A1 (sky130_fd_sc_hd__mux2_2)
                  0.05    0.29   16.70 v u_alu._1775_/X (sky130_fd_sc_hd__mux2_2)
     1    0.00                           u_alu._0887_ (net)
                  0.05    0.00   16.70 v u_alu._1776_/A2_N (sky130_fd_sc_hd__o2bb2a_2)
                  0.09    0.28   16.99 ^ u_alu._1776_/X (sky130_fd_sc_hd__o2bb2a_2)
     2    0.01                           u_alu._0888_ (net)
                  0.09    0.00   16.99 ^ u_alu._2170_/A2 (sky130_fd_sc_hd__o221a_2)
                  0.07    0.21   17.20 ^ u_alu._2170_/X (sky130_fd_sc_hd__o221a_2)
     1    0.01                           u_alu._0161_ (net)
                  0.07    0.00   17.20 ^ u_alu._2174_/A1 (sky130_fd_sc_hd__o21a_2)
                  0.13    0.20   17.40 ^ u_alu._2174_/X (sky130_fd_sc_hd__o21a_2)
     1    0.02                           u_alu._0166_ (net)
                  0.13    0.00   17.41 ^ u_alu._2175_/B1 (sky130_fd_sc_hd__o21ai_2)
                  0.04    0.07   17.47 v u_alu._2175_/Y (sky130_fd_sc_hd__o21ai_2)
     1    0.00                           u_alu._0167_ (net)
                  0.04    0.00   17.47 v u_alu._2176_/B1 (sky130_fd_sc_hd__a31o_2)
                  0.10    0.29   17.76 v u_alu._2176_/X (sky130_fd_sc_hd__a31o_2)
     2    0.03                           u_alu.Result[9] (net)
                  0.10    0.00   17.77 v u_wb_mux._124_/A1 (sky130_fd_sc_hd__a22o_2)
                  0.08    0.31   18.07 v u_wb_mux._124_/X (sky130_fd_sc_hd__a22o_2)
     1    0.02                           u_wb_mux._030_ (net)
                  0.08    0.00   18.08 v u_wb_mux._125_/C1 (sky130_fd_sc_hd__a211o_2)
                  0.41    0.59   18.67 v u_wb_mux._125_/X (sky130_fd_sc_hd__a211o_2)
     3    0.18                           u_regfile.wd[9] (net)
                  0.55    0.01   18.68 v u_regfile.u_sram_rs2/din0[9] (sky130_sram_1kbyte_1rw1r_32x256_8)
                                 18.68   data arrival time

                  0.10   20.00   20.00   clock clk (rise edge)
                          0.00   20.00   clock network delay (ideal)
                         -0.20   19.80   clock uncertainty
                          0.00   19.80   clock reconvergence pessimism
                                 19.80 ^ u_regfile.u_sram_rs2/clk0 (sky130_sram_1kbyte_1rw1r_32x256_8)
                         -0.10   19.70   library setup time
                                 19.70   data required time
-----------------------------------------------------------------------------
                                 19.70   data required time
                                -18.68   data arrival time
-----------------------------------------------------------------------------
                                  1.02   slack (MET)


Startpoint: u_imem.u_sram (falling edge-triggered flip-flop clocked by clk)
Endpoint: u_regfile.u_sram_rs1 (falling edge-triggered flip-flop clocked by clk)
Path Group: clk
Path Type: max

Fanout     Cap    Slew   Delay    Time   Description
-----------------------------------------------------------------------------
                  0.10   10.00   10.00   clock clk (fall edge)
                          0.00   10.00   clock network delay (ideal)
                  0.10    0.00   10.00 v u_imem.u_sram/clk1 (sky130_sram_1kbyte_1rw1r_32x256_8)
                  0.15    1.86   11.86 v u_imem.u_sram/dout1[6] (sky130_sram_1kbyte_1rw1r_32x256_8)
     8    0.27                           dbg_instr[6] (net)
                  0.11    0.18   12.03 v u_decoder_controller._17_/B (sky130_fd_sc_hd__or3b_2)
                  0.13    0.54   12.57 v u_decoder_controller._17_/X (sky130_fd_sc_hd__or3b_2)
     4    0.02                           u_decoder_controller._03_ (net)
                  0.13    0.00   12.57 v u_decoder_controller._26_/A2 (sky130_fd_sc_hd__a21oi_2)
                  0.15    0.20   12.77 ^ u_decoder_controller._26_/Y (sky130_fd_sc_hd__a21oi_2)
     3    0.01                           u_decoder_controller._08_ (net)
                  0.15    0.00   12.77 ^ u_decoder_controller._32_/B1 (sky130_fd_sc_hd__a21o_2)
                  0.11    0.18   12.95 ^ u_decoder_controller._32_/X (sky130_fd_sc_hd__a21o_2)
     5    0.02                           u_decoder_controller.alu_src (net)
                  0.11    0.00   12.95 ^ _271_/A (sky130_fd_sc_hd__buf_1)
                  0.48    0.40   13.35 ^ _271_/X (sky130_fd_sc_hd__buf_1)
    10    0.04                           _004_ (net)
                  0.48    0.00   13.35 ^ _275_/S (sky130_fd_sc_hd__mux2_2)
                  0.06    0.25   13.60 ^ _275_/X (sky130_fd_sc_hd__mux2_2)
     1    0.00                           _007_ (net)
                  0.06    0.00   13.60 ^ _276_/A (sky130_fd_sc_hd__buf_1)
                  0.07    0.10   13.70 ^ _276_/X (sky130_fd_sc_hd__buf_1)
     2    0.01                           u_alu.B[1] (net)
                  0.07    0.00   13.70 ^ u_alu._1163_/A (sky130_fd_sc_hd__buf_1)
                  0.93    0.69   14.39 ^ u_alu._1163_/X (sky130_fd_sc_hd__buf_1)
    10    0.08                           u_alu._0286_ (net)
                  0.93    0.02   14.41 ^ u_alu._1186_/A (sky130_fd_sc_hd__buf_1)
                  0.62    0.55   14.97 ^ u_alu._1186_/X (sky130_fd_sc_hd__buf_1)
    10    0.05                           u_alu._0309_ (net)
                  0.62    0.00   14.97 ^ u_alu._1263_/A (sky130_fd_sc_hd__buf_1)
                  0.61    0.54   15.51 ^ u_alu._1263_/X (sky130_fd_sc_hd__buf_1)
    10    0.05                           u_alu._0386_ (net)
                  0.61    0.00   15.51 ^ u_alu._1273_/A (sky130_fd_sc_hd__buf_1)
                  0.62    0.55   16.06 ^ u_alu._1273_/X (sky130_fd_sc_hd__buf_1)
    10    0.05                           u_alu._0396_ (net)
                  0.62    0.00   16.06 ^ u_alu._1391_/S1 (sky130_fd_sc_hd__mux4_2)
                  0.11    0.45   16.52 v u_alu._1391_/X (sky130_fd_sc_hd__mux4_2)
     4    0.01                           u_alu._0513_ (net)
                  0.11    0.00   16.52 v u_alu._2138_/A1 (sky130_fd_sc_hd__mux4_2)
                  0.09    0.48   17.00 v u_alu._2138_/X (sky130_fd_sc_hd__mux4_2)
     1    0.01                           u_alu._0128_ (net)
                  0.09    0.00   17.00 v u_alu._2139_/B (sky130_fd_sc_hd__nand2_2)
                  0.07    0.08   17.08 ^ u_alu._2139_/Y (sky130_fd_sc_hd__nand2_2)
     1    0.00                           u_alu._0129_ (net)
                  0.07    0.00   17.08 ^ u_alu._2140_/A2 (sky130_fd_sc_hd__a21o_2)
                  0.12    0.19   17.27 ^ u_alu._2140_/X (sky130_fd_sc_hd__a21o_2)
     1    0.02                           u_alu._0130_ (net)
                  0.12    0.00   17.27 ^ u_alu._2141_/C1 (sky130_fd_sc_hd__o221a_2)
                  0.05    0.19   17.45 ^ u_alu._2141_/X (sky130_fd_sc_hd__o221a_2)
     1    0.00                           u_alu._0131_ (net)
                  0.05    0.00   17.45 ^ u_alu._2146_/B1 (sky130_fd_sc_hd__o211a_2)
                  0.06    0.18   17.63 ^ u_alu._2146_/X (sky130_fd_sc_hd__o211a_2)
     1    0.01                           u_alu._0137_ (net)
                  0.06    0.00   17.63 ^ u_alu._2147_/B1 (sky130_fd_sc_hd__o21ai_2)
                  0.19    0.13   17.76 v u_alu._2147_/Y (sky130_fd_sc_hd__o21ai_2)
     2    0.03                           u_alu.Result[7] (net)
                  0.19    0.00   17.77 v u_wb_mux._118_/A1 (sky130_fd_sc_hd__a22o_2)
                  0.08    0.34   18.10 v u_wb_mux._118_/X (sky130_fd_sc_hd__a22o_2)
     1    0.02                           u_wb_mux._026_ (net)
                  0.08    0.00   18.11 v u_wb_mux._119_/C1 (sky130_fd_sc_hd__a211o_2)
                  0.31    0.52   18.63 v u_wb_mux._119_/X (sky130_fd_sc_hd__a211o_2)
     3    0.13                           u_regfile.wd[7] (net)
                  0.43    0.04   18.67 v u_regfile.u_sram_rs1/din0[7] (sky130_sram_1kbyte_1rw1r_32x256_8)
                                 18.67   data arrival time

                  0.10   20.00   20.00   clock clk (rise edge)
                          0.00   20.00   clock network delay (ideal)
                         -0.20   19.80   clock uncertainty
                          0.00   19.80   clock reconvergence pessimism
                                 19.80 ^ u_regfile.u_sram_rs1/clk0 (sky130_sram_1kbyte_1rw1r_32x256_8)
                         -0.10   19.70   library setup time
                                 19.70   data required time
-----------------------------------------------------------------------------
                                 19.70   data required time
                                -18.67   data arrival time
-----------------------------------------------------------------------------
                                  1.03   slack (MET)


Startpoint: u_imem.u_sram (falling edge-triggered flip-flop clocked by clk)
Endpoint: u_regfile.u_sram_rs2 (falling edge-triggered flip-flop clocked by clk)
Path Group: clk
Path Type: max

Fanout     Cap    Slew   Delay    Time   Description
-----------------------------------------------------------------------------
                  0.10   10.00   10.00   clock clk (fall edge)
                          0.00   10.00   clock network delay (ideal)
                  0.10    0.00   10.00 v u_imem.u_sram/clk1 (sky130_sram_1kbyte_1rw1r_32x256_8)
                  0.15    1.86   11.86 v u_imem.u_sram/dout1[6] (sky130_sram_1kbyte_1rw1r_32x256_8)
     8    0.27                           dbg_instr[6] (net)
                  0.11    0.18   12.03 v u_decoder_controller._17_/B (sky130_fd_sc_hd__or3b_2)
                  0.13    0.54   12.57 v u_decoder_controller._17_/X (sky130_fd_sc_hd__or3b_2)
     4    0.02                           u_decoder_controller._03_ (net)
                  0.13    0.00   12.57 v u_decoder_controller._26_/A2 (sky130_fd_sc_hd__a21oi_2)
                  0.15    0.20   12.77 ^ u_decoder_controller._26_/Y (sky130_fd_sc_hd__a21oi_2)
     3    0.01                           u_decoder_controller._08_ (net)
                  0.15    0.00   12.77 ^ u_decoder_controller._32_/B1 (sky130_fd_sc_hd__a21o_2)
                  0.11    0.18   12.95 ^ u_decoder_controller._32_/X (sky130_fd_sc_hd__a21o_2)
     5    0.02                           u_decoder_controller.alu_src (net)
                  0.11    0.00   12.95 ^ _271_/A (sky130_fd_sc_hd__buf_1)
                  0.48    0.40   13.35 ^ _271_/X (sky130_fd_sc_hd__buf_1)
    10    0.04                           _004_ (net)
                  0.48    0.00   13.35 ^ _275_/S (sky130_fd_sc_hd__mux2_2)
                  0.06    0.25   13.60 ^ _275_/X (sky130_fd_sc_hd__mux2_2)
     1    0.00                           _007_ (net)
                  0.06    0.00   13.60 ^ _276_/A (sky130_fd_sc_hd__buf_1)
                  0.07    0.10   13.70 ^ _276_/X (sky130_fd_sc_hd__buf_1)
     2    0.01                           u_alu.B[1] (net)
                  0.07    0.00   13.70 ^ u_alu._1163_/A (sky130_fd_sc_hd__buf_1)
                  0.93    0.69   14.39 ^ u_alu._1163_/X (sky130_fd_sc_hd__buf_1)
    10    0.08                           u_alu._0286_ (net)
                  0.93    0.02   14.41 ^ u_alu._1186_/A (sky130_fd_sc_hd__buf_1)
                  0.62    0.55   14.97 ^ u_alu._1186_/X (sky130_fd_sc_hd__buf_1)
    10    0.05                           u_alu._0309_ (net)
                  0.62    0.00   14.97 ^ u_alu._1263_/A (sky130_fd_sc_hd__buf_1)
                  0.61    0.54   15.51 ^ u_alu._1263_/X (sky130_fd_sc_hd__buf_1)
    10    0.05                           u_alu._0386_ (net)
                  0.61    0.00   15.51 ^ u_alu._1273_/A (sky130_fd_sc_hd__buf_1)
                  0.62    0.55   16.06 ^ u_alu._1273_/X (sky130_fd_sc_hd__buf_1)
    10    0.05                           u_alu._0396_ (net)
                  0.62    0.00   16.06 ^ u_alu._1391_/S1 (sky130_fd_sc_hd__mux4_2)
                  0.11    0.45   16.52 v u_alu._1391_/X (sky130_fd_sc_hd__mux4_2)
     4    0.01                           u_alu._0513_ (net)
                  0.11    0.00   16.52 v u_alu._2138_/A1 (sky130_fd_sc_hd__mux4_2)
                  0.09    0.48   17.00 v u_alu._2138_/X (sky130_fd_sc_hd__mux4_2)
     1    0.01                           u_alu._0128_ (net)
                  0.09    0.00   17.00 v u_alu._2139_/B (sky130_fd_sc_hd__nand2_2)
                  0.07    0.08   17.08 ^ u_alu._2139_/Y (sky130_fd_sc_hd__nand2_2)
     1    0.00                           u_alu._0129_ (net)
                  0.07    0.00   17.08 ^ u_alu._2140_/A2 (sky130_fd_sc_hd__a21o_2)
                  0.12    0.19   17.27 ^ u_alu._2140_/X (sky130_fd_sc_hd__a21o_2)
     1    0.02                           u_alu._0130_ (net)
                  0.12    0.00   17.27 ^ u_alu._2141_/C1 (sky130_fd_sc_hd__o221a_2)
                  0.05    0.19   17.45 ^ u_alu._2141_/X (sky130_fd_sc_hd__o221a_2)
     1    0.00                           u_alu._0131_ (net)
                  0.05    0.00   17.45 ^ u_alu._2146_/B1 (sky130_fd_sc_hd__o211a_2)
                  0.06    0.18   17.63 ^ u_alu._2146_/X (sky130_fd_sc_hd__o211a_2)
     1    0.01                           u_alu._0137_ (net)
                  0.06    0.00   17.63 ^ u_alu._2147_/B1 (sky130_fd_sc_hd__o21ai_2)
                  0.19    0.13   17.76 v u_alu._2147_/Y (sky130_fd_sc_hd__o21ai_2)
     2    0.03                           u_alu.Result[7] (net)
                  0.19    0.00   17.77 v u_wb_mux._118_/A1 (sky130_fd_sc_hd__a22o_2)
                  0.08    0.34   18.10 v u_wb_mux._118_/X (sky130_fd_sc_hd__a22o_2)
     1    0.02                           u_wb_mux._026_ (net)
                  0.08    0.00   18.11 v u_wb_mux._119_/C1 (sky130_fd_sc_hd__a211o_2)
                  0.31    0.52   18.63 v u_wb_mux._119_/X (sky130_fd_sc_hd__a211o_2)
     3    0.13                           u_regfile.wd[7] (net)
                  0.43    0.04   18.67 v u_regfile.u_sram_rs2/din0[7] (sky130_sram_1kbyte_1rw1r_32x256_8)
                                 18.67   data arrival time

                  0.10   20.00   20.00   clock clk (rise edge)
                          0.00   20.00   clock network delay (ideal)
                         -0.20   19.80   clock uncertainty
                          0.00   19.80   clock reconvergence pessimism
                                 19.80 ^ u_regfile.u_sram_rs2/clk0 (sky130_sram_1kbyte_1rw1r_32x256_8)
                         -0.10   19.70   library setup time
                                 19.70   data required time
-----------------------------------------------------------------------------
                                 19.70   data required time
                                -18.67   data arrival time
-----------------------------------------------------------------------------
                                  1.03   slack (MET)


Startpoint: u_imem.u_sram (falling edge-triggered flip-flop clocked by clk)
Endpoint: u_regfile.u_sram_rs2 (falling edge-triggered flip-flop clocked by clk)
Path Group: clk
Path Type: max

Fanout     Cap    Slew   Delay    Time   Description
-----------------------------------------------------------------------------
                  0.10   10.00   10.00   clock clk (fall edge)
                          0.00   10.00   clock network delay (ideal)
                  0.10    0.00   10.00 v u_imem.u_sram/clk1 (sky130_sram_1kbyte_1rw1r_32x256_8)
                  0.15    1.86   11.86 v u_imem.u_sram/dout1[6] (sky130_sram_1kbyte_1rw1r_32x256_8)
     8    0.27                           dbg_instr[6] (net)
                  0.11    0.18   12.03 v u_decoder_controller._17_/B (sky130_fd_sc_hd__or3b_2)
                  0.13    0.54   12.57 v u_decoder_controller._17_/X (sky130_fd_sc_hd__or3b_2)
     4    0.02                           u_decoder_controller._03_ (net)
                  0.13    0.00   12.57 v u_decoder_controller._26_/A2 (sky130_fd_sc_hd__a21oi_2)
                  0.15    0.20   12.77 ^ u_decoder_controller._26_/Y (sky130_fd_sc_hd__a21oi_2)
     3    0.01                           u_decoder_controller._08_ (net)
                  0.15    0.00   12.77 ^ u_decoder_controller._32_/B1 (sky130_fd_sc_hd__a21o_2)
                  0.11    0.18   12.95 ^ u_decoder_controller._32_/X (sky130_fd_sc_hd__a21o_2)
     5    0.02                           u_decoder_controller.alu_src (net)
                  0.11    0.00   12.95 ^ _271_/A (sky130_fd_sc_hd__buf_1)
                  0.48    0.40   13.35 ^ _271_/X (sky130_fd_sc_hd__buf_1)
    10    0.04                           _004_ (net)
                  0.48    0.00   13.35 ^ _275_/S (sky130_fd_sc_hd__mux2_2)
                  0.06    0.25   13.60 ^ _275_/X (sky130_fd_sc_hd__mux2_2)
     1    0.00                           _007_ (net)
                  0.06    0.00   13.60 ^ _276_/A (sky130_fd_sc_hd__buf_1)
                  0.07    0.10   13.70 ^ _276_/X (sky130_fd_sc_hd__buf_1)
     2    0.01                           u_alu.B[1] (net)
                  0.07    0.00   13.70 ^ u_alu._1163_/A (sky130_fd_sc_hd__buf_1)
                  0.93    0.69   14.39 ^ u_alu._1163_/X (sky130_fd_sc_hd__buf_1)
    10    0.08                           u_alu._0286_ (net)
                  0.93    0.02   14.41 ^ u_alu._1186_/A (sky130_fd_sc_hd__buf_1)
                  0.62    0.55   14.97 ^ u_alu._1186_/X (sky130_fd_sc_hd__buf_1)
    10    0.05                           u_alu._0309_ (net)
                  0.62    0.00   14.97 ^ u_alu._1263_/A (sky130_fd_sc_hd__buf_1)
                  0.61    0.54   15.51 ^ u_alu._1263_/X (sky130_fd_sc_hd__buf_1)
    10    0.05                           u_alu._0386_ (net)
                  0.61    0.00   15.51 ^ u_alu._1273_/A (sky130_fd_sc_hd__buf_1)
                  0.62    0.55   16.06 ^ u_alu._1273_/X (sky130_fd_sc_hd__buf_1)
    10    0.05                           u_alu._0396_ (net)
                  0.62    0.00   16.06 ^ u_alu._1391_/S1 (sky130_fd_sc_hd__mux4_2)
                  0.11    0.45   16.52 v u_alu._1391_/X (sky130_fd_sc_hd__mux4_2)
     4    0.01                           u_alu._0513_ (net)
                  0.11    0.00   16.52 v u_alu._2082_/A0 (sky130_fd_sc_hd__mux4_2)
                  0.11    0.53   17.04 v u_alu._2082_/X (sky130_fd_sc_hd__mux4_2)
     1    0.01                           u_alu._0070_ (net)
                  0.11    0.00   17.04 v u_alu._2084_/A2 (sky130_fd_sc_hd__a21oi_2)
                  0.17    0.22   17.26 ^ u_alu._2084_/Y (sky130_fd_sc_hd__a21oi_2)
     1    0.01                           u_alu._0073_ (net)
                  0.17    0.00   17.27 ^ u_alu._2085_/B (sky130_fd_sc_hd__nor2_2)
                  0.09    0.05   17.31 v u_alu._2085_/Y (sky130_fd_sc_hd__nor2_2)
     1    0.00                           u_alu._0074_ (net)
                  0.09    0.00   17.31 v u_alu._2086_/C1 (sky130_fd_sc_hd__a211o_2)
                  0.13    0.39   17.70 v u_alu._2086_/X (sky130_fd_sc_hd__a211o_2)
     2    0.04                           u_alu.Result[3] (net)
                  0.13    0.01   17.70 v u_wb_mux._106_/A1 (sky130_fd_sc_hd__a22o_2)
                  0.07    0.30   18.01 v u_wb_mux._106_/X (sky130_fd_sc_hd__a22o_2)
     1    0.01                           u_wb_mux._018_ (net)
                  0.07    0.00   18.01 v u_wb_mux._107_/C1 (sky130_fd_sc_hd__a211o_2)
                  0.45    0.61   18.62 v u_wb_mux._107_/X (sky130_fd_sc_hd__a211o_2)
     3    0.20                           u_regfile.wd[3] (net)
                  0.61    0.05   18.67 v u_regfile.u_sram_rs2/din0[3] (sky130_sram_1kbyte_1rw1r_32x256_8)
                                 18.67   data arrival time

                  0.10   20.00   20.00   clock clk (rise edge)
                          0.00   20.00   clock network delay (ideal)
                         -0.20   19.80   clock uncertainty
                          0.00   19.80   clock reconvergence pessimism
                                 19.80 ^ u_regfile.u_sram_rs2/clk0 (sky130_sram_1kbyte_1rw1r_32x256_8)
                         -0.10   19.70   library setup time
                                 19.70   data required time
-----------------------------------------------------------------------------
                                 19.70   data required time
                                -18.67   data arrival time
-----------------------------------------------------------------------------
                                  1.03   slack (MET)


Startpoint: u_imem.u_sram (falling edge-triggered flip-flop clocked by clk)
Endpoint: u_regfile.u_sram_rs1 (falling edge-triggered flip-flop clocked by clk)
Path Group: clk
Path Type: max

Fanout     Cap    Slew   Delay    Time   Description
-----------------------------------------------------------------------------
                  0.10   10.00   10.00   clock clk (fall edge)
                          0.00   10.00   clock network delay (ideal)
                  0.10    0.00   10.00 v u_imem.u_sram/clk1 (sky130_sram_1kbyte_1rw1r_32x256_8)
                  0.15    1.86   11.86 v u_imem.u_sram/dout1[6] (sky130_sram_1kbyte_1rw1r_32x256_8)
     8    0.27                           dbg_instr[6] (net)
                  0.11    0.18   12.03 v u_decoder_controller._17_/B (sky130_fd_sc_hd__or3b_2)
                  0.13    0.54   12.57 v u_decoder_controller._17_/X (sky130_fd_sc_hd__or3b_2)
     4    0.02                           u_decoder_controller._03_ (net)
                  0.13    0.00   12.57 v u_decoder_controller._26_/A2 (sky130_fd_sc_hd__a21oi_2)
                  0.15    0.20   12.77 ^ u_decoder_controller._26_/Y (sky130_fd_sc_hd__a21oi_2)
     3    0.01                           u_decoder_controller._08_ (net)
                  0.15    0.00   12.77 ^ u_decoder_controller._32_/B1 (sky130_fd_sc_hd__a21o_2)
                  0.11    0.18   12.95 ^ u_decoder_controller._32_/X (sky130_fd_sc_hd__a21o_2)
     5    0.02                           u_decoder_controller.alu_src (net)
                  0.11    0.00   12.95 ^ _271_/A (sky130_fd_sc_hd__buf_1)
                  0.48    0.40   13.35 ^ _271_/X (sky130_fd_sc_hd__buf_1)
    10    0.04                           _004_ (net)
                  0.48    0.00   13.35 ^ _272_/S (sky130_fd_sc_hd__mux2_2)
                  0.05    0.25   13.60 ^ _272_/X (sky130_fd_sc_hd__mux2_2)
     1    0.00                           _005_ (net)
                  0.05    0.00   13.60 ^ _273_/A (sky130_fd_sc_hd__buf_1)
                  0.07    0.11   13.71 ^ _273_/X (sky130_fd_sc_hd__buf_1)
     2    0.01                           u_alu.B[0] (net)
                  0.07    0.00   13.71 ^ u_alu._1162_/A (sky130_fd_sc_hd__buf_1)
                  1.05    0.78   14.48 ^ u_alu._1162_/X (sky130_fd_sc_hd__buf_1)
    10    0.09                           u_alu._0285_ (net)
                  1.05    0.02   14.51 ^ u_alu._1393_/A (sky130_fd_sc_hd__buf_1)
                  0.86    0.72   15.23 ^ u_alu._1393_/X (sky130_fd_sc_hd__buf_1)
    10    0.07                           u_alu._0515_ (net)
                  0.86    0.00   15.23 ^ u_alu._2058_/S0 (sky130_fd_sc_hd__mux4_2)
                  0.09    0.61   15.84 v u_alu._2058_/X (sky130_fd_sc_hd__mux4_2)
     2    0.01                           u_alu._0045_ (net)
                  0.09    0.00   15.84 v u_alu._2119_/A3 (sky130_fd_sc_hd__mux4_2)
                  0.09    0.49   16.33 v u_alu._2119_/X (sky130_fd_sc_hd__mux4_2)
     1    0.00                           u_alu._0108_ (net)
                  0.09    0.00   16.33 v u_alu._2120_/B1 (sky130_fd_sc_hd__a22o_2)
                  0.04    0.21   16.54 v u_alu._2120_/X (sky130_fd_sc_hd__a22o_2)
     1    0.00                           u_alu._0109_ (net)
                  0.04    0.00   16.54 v u_alu._2121_/A1 (sky130_fd_sc_hd__mux2_2)
                  0.08    0.30   16.84 v u_alu._2121_/X (sky130_fd_sc_hd__mux2_2)
     1    0.01                           u_alu._0110_ (net)
                  0.08    0.00   16.85 v u_alu._2128_/A (sky130_fd_sc_hd__or3_2)
                  0.08    0.48   17.33 v u_alu._2128_/X (sky130_fd_sc_hd__or3_2)
     1    0.00                           u_alu._0118_ (net)
                  0.08    0.00   17.33 v u_alu._2129_/A (sky130_fd_sc_hd__buf_1)
                  0.21    0.24   17.57 v u_alu._2129_/X (sky130_fd_sc_hd__buf_1)
     2    0.04                           u_alu.Result[4] (net)
                  0.21    0.01   17.58 v u_wb_mux._109_/A1 (sky130_fd_sc_hd__a22o_2)
                  0.07    0.33   17.91 v u_wb_mux._109_/X (sky130_fd_sc_hd__a22o_2)
     1    0.02                           u_wb_mux._020_ (net)
                  0.07    0.00   17.91 v u_wb_mux._110_/C1 (sky130_fd_sc_hd__a211o_2)
                  0.44    0.60   18.51 v u_wb_mux._110_/X (sky130_fd_sc_hd__a211o_2)
     3    0.19                           u_regfile.wd[4] (net)
                  0.60    0.06   18.57 v u_regfile.u_sram_rs1/din0[4] (sky130_sram_1kbyte_1rw1r_32x256_8)
                                 18.57   data arrival time

                  0.10   20.00   20.00   clock clk (rise edge)
                          0.00   20.00   clock network delay (ideal)
                         -0.20   19.80   clock uncertainty
                          0.00   19.80   clock reconvergence pessimism
                                 19.80 ^ u_regfile.u_sram_rs1/clk0 (sky130_sram_1kbyte_1rw1r_32x256_8)
                         -0.10   19.70   library setup time
                                 19.70   data required time
-----------------------------------------------------------------------------
                                 19.70   data required time
                                -18.57   data arrival time
-----------------------------------------------------------------------------
                                  1.12   slack (MET)


Startpoint: u_imem.u_sram (falling edge-triggered flip-flop clocked by clk)
Endpoint: u_regfile.u_sram_rs2 (falling edge-triggered flip-flop clocked by clk)
Path Group: clk
Path Type: max

Fanout     Cap    Slew   Delay    Time   Description
-----------------------------------------------------------------------------
                  0.10   10.00   10.00   clock clk (fall edge)
                          0.00   10.00   clock network delay (ideal)
                  0.10    0.00   10.00 v u_imem.u_sram/clk1 (sky130_sram_1kbyte_1rw1r_32x256_8)
                  0.15    1.86   11.86 v u_imem.u_sram/dout1[6] (sky130_sram_1kbyte_1rw1r_32x256_8)
     8    0.27                           dbg_instr[6] (net)
                  0.11    0.18   12.03 v u_decoder_controller._17_/B (sky130_fd_sc_hd__or3b_2)
                  0.13    0.54   12.57 v u_decoder_controller._17_/X (sky130_fd_sc_hd__or3b_2)
     4    0.02                           u_decoder_controller._03_ (net)
                  0.13    0.00   12.57 v u_decoder_controller._26_/A2 (sky130_fd_sc_hd__a21oi_2)
                  0.15    0.20   12.77 ^ u_decoder_controller._26_/Y (sky130_fd_sc_hd__a21oi_2)
     3    0.01                           u_decoder_controller._08_ (net)
                  0.15    0.00   12.77 ^ u_decoder_controller._32_/B1 (sky130_fd_sc_hd__a21o_2)
                  0.11    0.18   12.95 ^ u_decoder_controller._32_/X (sky130_fd_sc_hd__a21o_2)
     5    0.02                           u_decoder_controller.alu_src (net)
                  0.11    0.00   12.95 ^ _271_/A (sky130_fd_sc_hd__buf_1)
                  0.48    0.40   13.35 ^ _271_/X (sky130_fd_sc_hd__buf_1)
    10    0.04                           _004_ (net)
                  0.48    0.00   13.35 ^ _272_/S (sky130_fd_sc_hd__mux2_2)
                  0.05    0.25   13.60 ^ _272_/X (sky130_fd_sc_hd__mux2_2)
     1    0.00                           _005_ (net)
                  0.05    0.00   13.60 ^ _273_/A (sky130_fd_sc_hd__buf_1)
                  0.07    0.11   13.71 ^ _273_/X (sky130_fd_sc_hd__buf_1)
     2    0.01                           u_alu.B[0] (net)
                  0.07    0.00   13.71 ^ u_alu._1162_/A (sky130_fd_sc_hd__buf_1)
                  1.05    0.78   14.48 ^ u_alu._1162_/X (sky130_fd_sc_hd__buf_1)
    10    0.09                           u_alu._0285_ (net)
                  1.05    0.02   14.51 ^ u_alu._1393_/A (sky130_fd_sc_hd__buf_1)
                  0.86    0.72   15.23 ^ u_alu._1393_/X (sky130_fd_sc_hd__buf_1)
    10    0.07                           u_alu._0515_ (net)
                  0.86    0.00   15.23 ^ u_alu._2058_/S0 (sky130_fd_sc_hd__mux4_2)
                  0.09    0.61   15.84 v u_alu._2058_/X (sky130_fd_sc_hd__mux4_2)
     2    0.01                           u_alu._0045_ (net)
                  0.09    0.00   15.84 v u_alu._2119_/A3 (sky130_fd_sc_hd__mux4_2)
                  0.09    0.49   16.33 v u_alu._2119_/X (sky130_fd_sc_hd__mux4_2)
     1    0.00                           u_alu._0108_ (net)
                  0.09    0.00   16.33 v u_alu._2120_/B1 (sky130_fd_sc_hd__a22o_2)
                  0.04    0.21   16.54 v u_alu._2120_/X (sky130_fd_sc_hd__a22o_2)
     1    0.00                           u_alu._0109_ (net)
                  0.04    0.00   16.54 v u_alu._2121_/A1 (sky130_fd_sc_hd__mux2_2)
                  0.08    0.30   16.84 v u_alu._2121_/X (sky130_fd_sc_hd__mux2_2)
     1    0.01                           u_alu._0110_ (net)
                  0.08    0.00   16.85 v u_alu._2128_/A (sky130_fd_sc_hd__or3_2)
                  0.08    0.48   17.33 v u_alu._2128_/X (sky130_fd_sc_hd__or3_2)
     1    0.00                           u_alu._0118_ (net)
                  0.08    0.00   17.33 v u_alu._2129_/A (sky130_fd_sc_hd__buf_1)
                  0.21    0.24   17.57 v u_alu._2129_/X (sky130_fd_sc_hd__buf_1)
     2    0.04                           u_alu.Result[4] (net)
                  0.21    0.01   17.58 v u_wb_mux._109_/A1 (sky130_fd_sc_hd__a22o_2)
                  0.07    0.33   17.91 v u_wb_mux._109_/X (sky130_fd_sc_hd__a22o_2)
     1    0.02                           u_wb_mux._020_ (net)
                  0.07    0.00   17.91 v u_wb_mux._110_/C1 (sky130_fd_sc_hd__a211o_2)
                  0.44    0.60   18.51 v u_wb_mux._110_/X (sky130_fd_sc_hd__a211o_2)
     3    0.19                           u_regfile.wd[4] (net)
                  0.59    0.05   18.56 v u_regfile.u_sram_rs2/din0[4] (sky130_sram_1kbyte_1rw1r_32x256_8)
                                 18.56   data arrival time

                  0.10   20.00   20.00   clock clk (rise edge)
                          0.00   20.00   clock network delay (ideal)
                         -0.20   19.80   clock uncertainty
                          0.00   19.80   clock reconvergence pessimism
                                 19.80 ^ u_regfile.u_sram_rs2/clk0 (sky130_sram_1kbyte_1rw1r_32x256_8)
                         -0.10   19.70   library setup time
                                 19.70   data required time
-----------------------------------------------------------------------------
                                 19.70   data required time
                                -18.56   data arrival time
-----------------------------------------------------------------------------
                                  1.14   slack (MET)


Startpoint: u_imem.u_sram (falling edge-triggered flip-flop clocked by clk)
Endpoint: u_regfile.u_sram_rs1 (falling edge-triggered flip-flop clocked by clk)
Path Group: clk
Path Type: max

Fanout     Cap    Slew   Delay    Time   Description
-----------------------------------------------------------------------------
                  0.10   10.00   10.00   clock clk (fall edge)
                          0.00   10.00   clock network delay (ideal)
                  0.10    0.00   10.00 v u_imem.u_sram/clk1 (sky130_sram_1kbyte_1rw1r_32x256_8)
                  0.15    1.86   11.86 v u_imem.u_sram/dout1[6] (sky130_sram_1kbyte_1rw1r_32x256_8)
     8    0.27                           dbg_instr[6] (net)
                  0.11    0.18   12.03 v u_decoder_controller._17_/B (sky130_fd_sc_hd__or3b_2)
                  0.13    0.54   12.57 v u_decoder_controller._17_/X (sky130_fd_sc_hd__or3b_2)
     4    0.02                           u_decoder_controller._03_ (net)
                  0.13    0.00   12.57 v u_decoder_controller._26_/A2 (sky130_fd_sc_hd__a21oi_2)
                  0.15    0.20   12.77 ^ u_decoder_controller._26_/Y (sky130_fd_sc_hd__a21oi_2)
     3    0.01                           u_decoder_controller._08_ (net)
                  0.15    0.00   12.77 ^ u_decoder_controller._32_/B1 (sky130_fd_sc_hd__a21o_2)
                  0.11    0.18   12.95 ^ u_decoder_controller._32_/X (sky130_fd_sc_hd__a21o_2)
     5    0.02                           u_decoder_controller.alu_src (net)
                  0.11    0.00   12.95 ^ _271_/A (sky130_fd_sc_hd__buf_1)
                  0.48    0.40   13.35 ^ _271_/X (sky130_fd_sc_hd__buf_1)
    10    0.04                           _004_ (net)
                  0.48    0.00   13.35 ^ _272_/S (sky130_fd_sc_hd__mux2_2)
                  0.05    0.25   13.60 ^ _272_/X (sky130_fd_sc_hd__mux2_2)
     1    0.00                           _005_ (net)
                  0.05    0.00   13.60 ^ _273_/A (sky130_fd_sc_hd__buf_1)
                  0.07    0.11   13.71 ^ _273_/X (sky130_fd_sc_hd__buf_1)
     2    0.01                           u_alu.B[0] (net)
                  0.07    0.00   13.71 ^ u_alu._1162_/A (sky130_fd_sc_hd__buf_1)
                  1.05    0.78   14.48 ^ u_alu._1162_/X (sky130_fd_sc_hd__buf_1)
    10    0.09                           u_alu._0285_ (net)
                  1.05    0.02   14.51 ^ u_alu._1183_/A (sky130_fd_sc_hd__buf_1)
                  0.64    0.57   15.07 ^ u_alu._1183_/X (sky130_fd_sc_hd__buf_1)
    10    0.06                           u_alu._0306_ (net)
                  0.64    0.00   15.07 ^ u_alu._2088_/S0 (sky130_fd_sc_hd__mux4_2)
                  0.10    0.61   15.68 v u_alu._2088_/X (sky130_fd_sc_hd__mux4_2)
     3    0.01                           u_alu._0076_ (net)
                  0.10    0.00   15.68 v u_alu._2090_/A2 (sky130_fd_sc_hd__mux4_2)
                  0.08    0.48   16.16 v u_alu._2090_/X (sky130_fd_sc_hd__mux4_2)
     1    0.00                           u_alu._0078_ (net)
                  0.08    0.00   16.16 v u_alu._2091_/B1 (sky130_fd_sc_hd__a22o_2)
                  0.04    0.22   16.37 v u_alu._2091_/X (sky130_fd_sc_hd__a22o_2)
     1    0.00                           u_alu._0079_ (net)
                  0.04    0.00   16.37 v u_alu._2092_/A1 (sky130_fd_sc_hd__mux2_2)
                  0.06    0.28   16.66 v u_alu._2092_/X (sky130_fd_sc_hd__mux2_2)
     1    0.01                           u_alu._0080_ (net)
                  0.06    0.00   16.66 v u_alu._2099_/A (sky130_fd_sc_hd__or4bb_2)
                  0.17    0.74   17.39 v u_alu._2099_/X (sky130_fd_sc_hd__or4bb_2)
     1    0.02                           u_alu._0088_ (net)
                  0.17    0.00   17.40 v u_alu._2100_/A (sky130_fd_sc_hd__buf_1)
                  0.15    0.23   17.63 v u_alu._2100_/X (sky130_fd_sc_hd__buf_1)
     2    0.02                           u_alu.Result[2] (net)
                  0.15    0.00   17.63 v u_wb_mux._103_/A1 (sky130_fd_sc_hd__a22o_2)
                  0.07    0.31   17.94 v u_wb_mux._103_/X (sky130_fd_sc_hd__a22o_2)
     1    0.01                           u_wb_mux._016_ (net)
                  0.07    0.00   17.94 v u_wb_mux._104_/C1 (sky130_fd_sc_hd__a211o_2)
                  0.29    0.51   18.44 v u_wb_mux._104_/X (sky130_fd_sc_hd__a211o_2)
     3    0.12                           u_regfile.wd[2] (net)
                  0.41    0.04   18.49 v u_regfile.u_sram_rs1/din0[2] (sky130_sram_1kbyte_1rw1r_32x256_8)
                                 18.49   data arrival time

                  0.10   20.00   20.00   clock clk (rise edge)
                          0.00   20.00   clock network delay (ideal)
                         -0.20   19.80   clock uncertainty
                          0.00   19.80   clock reconvergence pessimism
                                 19.80 ^ u_regfile.u_sram_rs1/clk0 (sky130_sram_1kbyte_1rw1r_32x256_8)
                         -0.10   19.70   library setup time
                                 19.70   data required time
-----------------------------------------------------------------------------
                                 19.70   data required time
                                -18.49   data arrival time
-----------------------------------------------------------------------------
                                  1.21   slack (MET)


Startpoint: u_imem.u_sram (falling edge-triggered flip-flop clocked by clk)
Endpoint: u_regfile.u_sram_rs2 (falling edge-triggered flip-flop clocked by clk)
Path Group: clk
Path Type: max

Fanout     Cap    Slew   Delay    Time   Description
-----------------------------------------------------------------------------
                  0.10   10.00   10.00   clock clk (fall edge)
                          0.00   10.00   clock network delay (ideal)
                  0.10    0.00   10.00 v u_imem.u_sram/clk1 (sky130_sram_1kbyte_1rw1r_32x256_8)
                  0.15    1.86   11.86 v u_imem.u_sram/dout1[6] (sky130_sram_1kbyte_1rw1r_32x256_8)
     8    0.27                           dbg_instr[6] (net)
                  0.11    0.18   12.03 v u_decoder_controller._17_/B (sky130_fd_sc_hd__or3b_2)
                  0.13    0.54   12.57 v u_decoder_controller._17_/X (sky130_fd_sc_hd__or3b_2)
     4    0.02                           u_decoder_controller._03_ (net)
                  0.13    0.00   12.57 v u_decoder_controller._26_/A2 (sky130_fd_sc_hd__a21oi_2)
                  0.15    0.20   12.77 ^ u_decoder_controller._26_/Y (sky130_fd_sc_hd__a21oi_2)
     3    0.01                           u_decoder_controller._08_ (net)
                  0.15    0.00   12.77 ^ u_decoder_controller._32_/B1 (sky130_fd_sc_hd__a21o_2)
                  0.11    0.18   12.95 ^ u_decoder_controller._32_/X (sky130_fd_sc_hd__a21o_2)
     5    0.02                           u_decoder_controller.alu_src (net)
                  0.11    0.00   12.95 ^ _271_/A (sky130_fd_sc_hd__buf_1)
                  0.48    0.40   13.35 ^ _271_/X (sky130_fd_sc_hd__buf_1)
    10    0.04                           _004_ (net)
                  0.48    0.00   13.35 ^ _272_/S (sky130_fd_sc_hd__mux2_2)
                  0.05    0.25   13.60 ^ _272_/X (sky130_fd_sc_hd__mux2_2)
     1    0.00                           _005_ (net)
                  0.05    0.00   13.60 ^ _273_/A (sky130_fd_sc_hd__buf_1)
                  0.07    0.11   13.71 ^ _273_/X (sky130_fd_sc_hd__buf_1)
     2    0.01                           u_alu.B[0] (net)
                  0.07    0.00   13.71 ^ u_alu._1162_/A (sky130_fd_sc_hd__buf_1)
                  1.05    0.78   14.48 ^ u_alu._1162_/X (sky130_fd_sc_hd__buf_1)
    10    0.09                           u_alu._0285_ (net)
                  1.05    0.02   14.51 ^ u_alu._1183_/A (sky130_fd_sc_hd__buf_1)
                  0.64    0.57   15.07 ^ u_alu._1183_/X (sky130_fd_sc_hd__buf_1)
    10    0.06                           u_alu._0306_ (net)
                  0.64    0.00   15.07 ^ u_alu._2088_/S0 (sky130_fd_sc_hd__mux4_2)
                  0.10    0.61   15.68 v u_alu._2088_/X (sky130_fd_sc_hd__mux4_2)
     3    0.01                           u_alu._0076_ (net)
                  0.10    0.00   15.68 v u_alu._2090_/A2 (sky130_fd_sc_hd__mux4_2)
                  0.08    0.48   16.16 v u_alu._2090_/X (sky130_fd_sc_hd__mux4_2)
     1    0.00                           u_alu._0078_ (net)
                  0.08    0.00   16.16 v u_alu._2091_/B1 (sky130_fd_sc_hd__a22o_2)
                  0.04    0.22   16.37 v u_alu._2091_/X (sky130_fd_sc_hd__a22o_2)
     1    0.00                           u_alu._0079_ (net)
                  0.04    0.00   16.37 v u_alu._2092_/A1 (sky130_fd_sc_hd__mux2_2)
                  0.06    0.28   16.66 v u_alu._2092_/X (sky130_fd_sc_hd__mux2_2)
     1    0.01                           u_alu._0080_ (net)
                  0.06    0.00   16.66 v u_alu._2099_/A (sky130_fd_sc_hd__or4bb_2)
                  0.17    0.74   17.39 v u_alu._2099_/X (sky130_fd_sc_hd__or4bb_2)
     1    0.02                           u_alu._0088_ (net)
                  0.17    0.00   17.40 v u_alu._2100_/A (sky130_fd_sc_hd__buf_1)
                  0.15    0.23   17.63 v u_alu._2100_/X (sky130_fd_sc_hd__buf_1)
     2    0.02                           u_alu.Result[2] (net)
                  0.15    0.00   17.63 v u_wb_mux._103_/A1 (sky130_fd_sc_hd__a22o_2)
                  0.07    0.31   17.94 v u_wb_mux._103_/X (sky130_fd_sc_hd__a22o_2)
     1    0.01                           u_wb_mux._016_ (net)
                  0.07    0.00   17.94 v u_wb_mux._104_/C1 (sky130_fd_sc_hd__a211o_2)
                  0.29    0.51   18.44 v u_wb_mux._104_/X (sky130_fd_sc_hd__a211o_2)
     3    0.12                           u_regfile.wd[2] (net)
                  0.40    0.04   18.48 v u_regfile.u_sram_rs2/din0[2] (sky130_sram_1kbyte_1rw1r_32x256_8)
                                 18.48   data arrival time

                  0.10   20.00   20.00   clock clk (rise edge)
                          0.00   20.00   clock network delay (ideal)
                         -0.20   19.80   clock uncertainty
                          0.00   19.80   clock reconvergence pessimism
                                 19.80 ^ u_regfile.u_sram_rs2/clk0 (sky130_sram_1kbyte_1rw1r_32x256_8)
                         -0.10   19.70   library setup time
                                 19.70   data required time
-----------------------------------------------------------------------------
                                 19.70   data required time
                                -18.48   data arrival time
-----------------------------------------------------------------------------
                                  1.22   slack (MET)


Startpoint: u_imem.u_sram (falling edge-triggered flip-flop clocked by clk)
Endpoint: u_regfile.u_sram_rs1 (falling edge-triggered flip-flop clocked by clk)
Path Group: clk
Path Type: max

Fanout     Cap    Slew   Delay    Time   Description
-----------------------------------------------------------------------------
                  0.10   10.00   10.00   clock clk (fall edge)
                          0.00   10.00   clock network delay (ideal)
                  0.10    0.00   10.00 v u_imem.u_sram/clk1 (sky130_sram_1kbyte_1rw1r_32x256_8)
                  0.15    1.86   11.86 v u_imem.u_sram/dout1[6] (sky130_sram_1kbyte_1rw1r_32x256_8)
     8    0.27                           dbg_instr[6] (net)
                  0.11    0.18   12.03 v u_decoder_controller._17_/B (sky130_fd_sc_hd__or3b_2)
                  0.13    0.54   12.57 v u_decoder_controller._17_/X (sky130_fd_sc_hd__or3b_2)
     4    0.02                           u_decoder_controller._03_ (net)
                  0.13    0.00   12.57 v u_decoder_controller._26_/A2 (sky130_fd_sc_hd__a21oi_2)
                  0.15    0.20   12.77 ^ u_decoder_controller._26_/Y (sky130_fd_sc_hd__a21oi_2)
     3    0.01                           u_decoder_controller._08_ (net)
                  0.15    0.00   12.77 ^ u_decoder_controller._32_/B1 (sky130_fd_sc_hd__a21o_2)
                  0.11    0.18   12.95 ^ u_decoder_controller._32_/X (sky130_fd_sc_hd__a21o_2)
     5    0.02                           u_decoder_controller.alu_src (net)
                  0.11    0.00   12.95 ^ _271_/A (sky130_fd_sc_hd__buf_1)
                  0.48    0.40   13.35 ^ _271_/X (sky130_fd_sc_hd__buf_1)
    10    0.04                           _004_ (net)
                  0.48    0.00   13.35 ^ _275_/S (sky130_fd_sc_hd__mux2_2)
                  0.06    0.25   13.60 ^ _275_/X (sky130_fd_sc_hd__mux2_2)
     1    0.00                           _007_ (net)
                  0.06    0.00   13.60 ^ _276_/A (sky130_fd_sc_hd__buf_1)
                  0.07    0.10   13.70 ^ _276_/X (sky130_fd_sc_hd__buf_1)
     2    0.01                           u_alu.B[1] (net)
                  0.07    0.00   13.70 ^ u_alu._1163_/A (sky130_fd_sc_hd__buf_1)
                  0.93    0.69   14.39 ^ u_alu._1163_/X (sky130_fd_sc_hd__buf_1)
    10    0.08                           u_alu._0286_ (net)
                  0.93    0.02   14.41 ^ u_alu._1186_/A (sky130_fd_sc_hd__buf_1)
                  0.62    0.55   14.97 ^ u_alu._1186_/X (sky130_fd_sc_hd__buf_1)
    10    0.05                           u_alu._0309_ (net)
                  0.62    0.00   14.97 ^ u_alu._1263_/A (sky130_fd_sc_hd__buf_1)
                  0.61    0.54   15.51 ^ u_alu._1263_/X (sky130_fd_sc_hd__buf_1)
    10    0.05                           u_alu._0386_ (net)
                  0.61    0.00   15.51 ^ u_alu._1273_/A (sky130_fd_sc_hd__buf_1)
                  0.62    0.55   16.06 ^ u_alu._1273_/X (sky130_fd_sc_hd__buf_1)
    10    0.05                           u_alu._0396_ (net)
                  0.62    0.00   16.06 ^ u_alu._1974_/A (sky130_fd_sc_hd__nand2_2)
                  0.15    0.16   16.22 v u_alu._1974_/Y (sky130_fd_sc_hd__nand2_2)
     1    0.01                           u_alu._1079_ (net)
                  0.15    0.00   16.22 v u_alu._1975_/S (sky130_fd_sc_hd__mux2_2)
                  0.05    0.30   16.53 v u_alu._1975_/X (sky130_fd_sc_hd__mux2_2)
     1    0.00                           u_alu._1080_ (net)
                  0.05    0.00   16.53 v u_alu._1976_/A2 (sky130_fd_sc_hd__o21a_2)
                  0.04    0.19   16.72 v u_alu._1976_/X (sky130_fd_sc_hd__o21a_2)
     1    0.00                           u_alu._1081_ (net)
                  0.04    0.00   16.72 v u_alu._1982_/B1 (sky130_fd_sc_hd__a2111o_2)
                  0.07    0.44   17.15 v u_alu._1982_/X (sky130_fd_sc_hd__a2111o_2)
     1    0.00                           u_alu._1087_ (net)
                  0.07    0.00   17.15 v u_alu._1983_/C1 (sky130_fd_sc_hd__a221o_2)
                  0.14    0.42   17.57 v u_alu._1983_/X (sky130_fd_sc_hd__a221o_2)
     1    0.04                           u_alu.Result[1] (net)
                  0.14    0.01   17.58 v u_wb_mux._100_/A1 (sky130_fd_sc_hd__a22o_2)
                  0.06    0.30   17.88 v u_wb_mux._100_/X (sky130_fd_sc_hd__a22o_2)
     1    0.01                           u_wb_mux._014_ (net)
                  0.06    0.00   17.88 v u_wb_mux._101_/C1 (sky130_fd_sc_hd__a211o_2)
                  0.35    0.56   18.44 v u_wb_mux._101_/X (sky130_fd_sc_hd__a211o_2)
     3    0.15                           u_regfile.wd[1] (net)
                  0.47    0.04   18.47 v u_regfile.u_sram_rs1/din0[1] (sky130_sram_1kbyte_1rw1r_32x256_8)
                                 18.47   data arrival time

                  0.10   20.00   20.00   clock clk (rise edge)
                          0.00   20.00   clock network delay (ideal)
                         -0.20   19.80   clock uncertainty
                          0.00   19.80   clock reconvergence pessimism
                                 19.80 ^ u_regfile.u_sram_rs1/clk0 (sky130_sram_1kbyte_1rw1r_32x256_8)
                         -0.10   19.70   library setup time
                                 19.70   data required time
-----------------------------------------------------------------------------
                                 19.70   data required time
                                -18.47   data arrival time
-----------------------------------------------------------------------------
                                  1.22   slack (MET)


Startpoint: u_imem.u_sram (falling edge-triggered flip-flop clocked by clk)
Endpoint: u_regfile.u_sram_rs2 (falling edge-triggered flip-flop clocked by clk)
Path Group: clk
Path Type: max

Fanout     Cap    Slew   Delay    Time   Description
-----------------------------------------------------------------------------
                  0.10   10.00   10.00   clock clk (fall edge)
                          0.00   10.00   clock network delay (ideal)
                  0.10    0.00   10.00 v u_imem.u_sram/clk1 (sky130_sram_1kbyte_1rw1r_32x256_8)
                  0.15    1.86   11.86 v u_imem.u_sram/dout1[6] (sky130_sram_1kbyte_1rw1r_32x256_8)
     8    0.27                           dbg_instr[6] (net)
                  0.11    0.18   12.03 v u_decoder_controller._17_/B (sky130_fd_sc_hd__or3b_2)
                  0.13    0.54   12.57 v u_decoder_controller._17_/X (sky130_fd_sc_hd__or3b_2)
     4    0.02                           u_decoder_controller._03_ (net)
                  0.13    0.00   12.57 v u_decoder_controller._26_/A2 (sky130_fd_sc_hd__a21oi_2)
                  0.15    0.20   12.77 ^ u_decoder_controller._26_/Y (sky130_fd_sc_hd__a21oi_2)
     3    0.01                           u_decoder_controller._08_ (net)
                  0.15    0.00   12.77 ^ u_decoder_controller._32_/B1 (sky130_fd_sc_hd__a21o_2)
                  0.11    0.18   12.95 ^ u_decoder_controller._32_/X (sky130_fd_sc_hd__a21o_2)
     5    0.02                           u_decoder_controller.alu_src (net)
                  0.11    0.00   12.95 ^ _271_/A (sky130_fd_sc_hd__buf_1)
                  0.48    0.40   13.35 ^ _271_/X (sky130_fd_sc_hd__buf_1)
    10    0.04                           _004_ (net)
                  0.48    0.00   13.35 ^ _275_/S (sky130_fd_sc_hd__mux2_2)
                  0.06    0.25   13.60 ^ _275_/X (sky130_fd_sc_hd__mux2_2)
     1    0.00                           _007_ (net)
                  0.06    0.00   13.60 ^ _276_/A (sky130_fd_sc_hd__buf_1)
                  0.07    0.10   13.70 ^ _276_/X (sky130_fd_sc_hd__buf_1)
     2    0.01                           u_alu.B[1] (net)
                  0.07    0.00   13.70 ^ u_alu._1163_/A (sky130_fd_sc_hd__buf_1)
                  0.93    0.69   14.39 ^ u_alu._1163_/X (sky130_fd_sc_hd__buf_1)
    10    0.08                           u_alu._0286_ (net)
                  0.93    0.02   14.41 ^ u_alu._1186_/A (sky130_fd_sc_hd__buf_1)
                  0.62    0.55   14.97 ^ u_alu._1186_/X (sky130_fd_sc_hd__buf_1)
    10    0.05                           u_alu._0309_ (net)
                  0.62    0.00   14.97 ^ u_alu._1263_/A (sky130_fd_sc_hd__buf_1)
                  0.61    0.54   15.51 ^ u_alu._1263_/X (sky130_fd_sc_hd__buf_1)
    10    0.05                           u_alu._0386_ (net)
                  0.61    0.00   15.51 ^ u_alu._1273_/A (sky130_fd_sc_hd__buf_1)
                  0.62    0.55   16.06 ^ u_alu._1273_/X (sky130_fd_sc_hd__buf_1)
    10    0.05                           u_alu._0396_ (net)
                  0.62    0.00   16.06 ^ u_alu._1974_/A (sky130_fd_sc_hd__nand2_2)
                  0.15    0.16   16.22 v u_alu._1974_/Y (sky130_fd_sc_hd__nand2_2)
     1    0.01                           u_alu._1079_ (net)
                  0.15    0.00   16.22 v u_alu._1975_/S (sky130_fd_sc_hd__mux2_2)
                  0.05    0.30   16.53 v u_alu._1975_/X (sky130_fd_sc_hd__mux2_2)
     1    0.00                           u_alu._1080_ (net)
                  0.05    0.00   16.53 v u_alu._1976_/A2 (sky130_fd_sc_hd__o21a_2)
                  0.04    0.19   16.72 v u_alu._1976_/X (sky130_fd_sc_hd__o21a_2)
     1    0.00                           u_alu._1081_ (net)
                  0.04    0.00   16.72 v u_alu._1982_/B1 (sky130_fd_sc_hd__a2111o_2)
                  0.07    0.44   17.15 v u_alu._1982_/X (sky130_fd_sc_hd__a2111o_2)
     1    0.00                           u_alu._1087_ (net)
                  0.07    0.00   17.15 v u_alu._1983_/C1 (sky130_fd_sc_hd__a221o_2)
                  0.14    0.42   17.57 v u_alu._1983_/X (sky130_fd_sc_hd__a221o_2)
     1    0.04                           u_alu.Result[1] (net)
                  0.14    0.01   17.58 v u_wb_mux._100_/A1 (sky130_fd_sc_hd__a22o_2)
                  0.06    0.30   17.88 v u_wb_mux._100_/X (sky130_fd_sc_hd__a22o_2)
     1    0.01                           u_wb_mux._014_ (net)
                  0.06    0.00   17.88 v u_wb_mux._101_/C1 (sky130_fd_sc_hd__a211o_2)
                  0.35    0.56   18.44 v u_wb_mux._101_/X (sky130_fd_sc_hd__a211o_2)
     3    0.15                           u_regfile.wd[1] (net)
                  0.47    0.03   18.46 v u_regfile.u_sram_rs2/din0[1] (sky130_sram_1kbyte_1rw1r_32x256_8)
                                 18.46   data arrival time

                  0.10   20.00   20.00   clock clk (rise edge)
                          0.00   20.00   clock network delay (ideal)
                         -0.20   19.80   clock uncertainty
                          0.00   19.80   clock reconvergence pessimism
                                 19.80 ^ u_regfile.u_sram_rs2/clk0 (sky130_sram_1kbyte_1rw1r_32x256_8)
                         -0.10   19.70   library setup time
                                 19.70   data required time
-----------------------------------------------------------------------------
                                 19.70   data required time
                                -18.46   data arrival time
-----------------------------------------------------------------------------
                                  1.23   slack (MET)


Startpoint: u_imem.u_sram (falling edge-triggered flip-flop clocked by clk)
Endpoint: u_pc_reg._164_ (rising edge-triggered flip-flop clocked by clk)
Path Group: clk
Path Type: max

Fanout     Cap    Slew   Delay    Time   Description
-----------------------------------------------------------------------------
                  0.10   10.00   10.00   clock clk (fall edge)
                          0.00   10.00   clock network delay (ideal)
                  0.10    0.00   10.00 v u_imem.u_sram/clk1 (sky130_sram_1kbyte_1rw1r_32x256_8)
                  0.17    2.10   12.10 v u_imem.u_sram/dout1[22] (sky130_sram_1kbyte_1rw1r_32x256_8)
     6    0.31                           dbg_instr[22] (net)
                  0.13    0.18   12.28 v u_regfile._082_/B (sky130_fd_sc_hd__nor3_2)
                  0.70    0.60   12.88 ^ u_regfile._082_/Y (sky130_fd_sc_hd__nor3_2)
     8    0.04                           u_regfile._011_ (net)
                  0.70    0.00   12.88 ^ u_regfile._083_/A (sky130_fd_sc_hd__buf_1)
                  0.58    0.52   13.40 ^ u_regfile._083_/X (sky130_fd_sc_hd__buf_1)
     9    0.05                           u_regfile._012_ (net)
                  0.58    0.00   13.41 ^ u_regfile._089_/A2 (sky130_fd_sc_hd__a21boi_2)
                  0.27    0.30   13.71 v u_regfile._089_/Y (sky130_fd_sc_hd__a21boi_2)
     4    0.05                           u_branch_unit.rs2_val[5] (net)
                  0.27    0.01   13.71 v u_branch_unit._183_/A (sky130_fd_sc_hd__or2b_2)
                  0.06    0.39   14.10 v u_branch_unit._183_/X (sky130_fd_sc_hd__or2b_2)
     2    0.01                           u_branch_unit._035_ (net)
                  0.06    0.00   14.10 v u_branch_unit._186_/B1 (sky130_fd_sc_hd__o2111a_2)
                  0.04    0.15   14.26 v u_branch_unit._186_/X (sky130_fd_sc_hd__o2111a_2)
     1    0.00                           u_branch_unit._038_ (net)
                  0.04    0.00   14.26 v u_branch_unit._187_/C (sky130_fd_sc_hd__and3_2)
                  0.06    0.23   14.49 v u_branch_unit._187_/X (sky130_fd_sc_hd__and3_2)
     2    0.01                           u_branch_unit._039_ (net)
                  0.06    0.00   14.49 v u_branch_unit._205_/A1 (sky130_fd_sc_hd__a32o_2)
                  0.05    0.26   14.75 v u_branch_unit._205_/X (sky130_fd_sc_hd__a32o_2)
     1    0.01                           u_branch_unit._057_ (net)
                  0.05    0.00   14.75 v u_branch_unit._210_/A2 (sky130_fd_sc_hd__a21o_2)
                  0.06    0.24   14.99 v u_branch_unit._210_/X (sky130_fd_sc_hd__a21o_2)
     1    0.02                           u_branch_unit._062_ (net)
                  0.06    0.00   14.99 v u_branch_unit._221_/A2 (sky130_fd_sc_hd__a211o_2)
                  0.07    0.37   15.36 v u_branch_unit._221_/X (sky130_fd_sc_hd__a211o_2)
     3    0.01                           u_branch_unit._073_ (net)
                  0.07    0.00   15.36 v u_branch_unit._225_/B2 (sky130_fd_sc_hd__a2bb2o_2)
                  0.06    0.26   15.62 v u_branch_unit._225_/X (sky130_fd_sc_hd__a2bb2o_2)
     2    0.01                           u_branch_unit._077_ (net)
                  0.06    0.00   15.62 v u_branch_unit._228_/A2 (sky130_fd_sc_hd__a21oi_2)
                  0.09    0.13   15.75 ^ u_branch_unit._228_/Y (sky130_fd_sc_hd__a21oi_2)
     1    0.00                           u_branch_unit._080_ (net)
                  0.09    0.00   15.75 ^ u_branch_unit._234_/B1 (sky130_fd_sc_hd__a211o_2)
                  0.12    0.17   15.92 ^ u_branch_unit._234_/X (sky130_fd_sc_hd__a211o_2)
     2    0.02                           u_branch_unit.take_branch (net)
                  0.12    0.00   15.93 ^ u_pc_next_logic._0854_/A (sky130_fd_sc_hd__and2_2)
                  0.04    0.15   16.08 ^ u_pc_next_logic._0854_/X (sky130_fd_sc_hd__and2_2)
     1    0.00                           u_pc_next_logic._0109_ (net)
                  0.04    0.00   16.08 ^ u_pc_next_logic._0855_/A (sky130_fd_sc_hd__buf_1)
                  0.61    0.47   16.55 ^ u_pc_next_logic._0855_/X (sky130_fd_sc_hd__buf_1)
     8    0.05                           u_pc_next_logic._0110_ (net)
                  0.61    0.01   16.56 ^ u_pc_next_logic._1010_/A (sky130_fd_sc_hd__buf_1)
                  0.70    0.60   17.16 ^ u_pc_next_logic._1010_/X (sky130_fd_sc_hd__buf_1)
    10    0.06                           u_pc_next_logic._0258_ (net)
                  0.70    0.00   17.16 ^ u_pc_next_logic._1580_/S (sky130_fd_sc_hd__mux2_2)
                  0.06    0.42   17.58 v u_pc_next_logic._1580_/X (sky130_fd_sc_hd__mux2_2)
     1    0.01                           u_pc_next_logic._0034_ (net)
                  0.06    0.00   17.58 v u_pc_next_logic._1588_/A2 (sky130_fd_sc_hd__a22o_2)
                  0.09    0.32   17.90 v u_pc_next_logic._1588_/X (sky130_fd_sc_hd__a22o_2)
     1    0.02                           u_pc_next_logic._0042_ (net)
                  0.09    0.00   17.90 v u_pc_next_logic._1589_/B1 (sky130_fd_sc_hd__a2bb2o_2)
                  0.04    0.26   18.16 v u_pc_next_logic._1589_/X (sky130_fd_sc_hd__a2bb2o_2)
     1    0.00                           u_pc_next_logic.pc_next[30] (net)
                  0.04    0.00   18.16 v u_pc_reg._130_/B (sky130_fd_sc_hd__and2_2)
                  0.03    0.18   18.34 v u_pc_reg._130_/X (sky130_fd_sc_hd__and2_2)
     1    0.00                           u_pc_reg._047_ (net)
                  0.03    0.00   18.34 v u_pc_reg._131_/A (sky130_fd_sc_hd__buf_1)
                  0.02    0.08   18.42 v u_pc_reg._131_/X (sky130_fd_sc_hd__buf_1)
     1    0.00                           u_pc_reg._030_ (net)
                  0.02    0.00   18.42 v u_pc_reg._164_/D (sky130_fd_sc_hd__dfxtp_2)
                                 18.42   data arrival time

                  0.10   20.00   20.00   clock clk (rise edge)
                          0.00   20.00   clock network delay (ideal)
                         -0.20   19.80   clock uncertainty
                          0.00   19.80   clock reconvergence pessimism
                                 19.80 ^ u_pc_reg._164_/CLK (sky130_fd_sc_hd__dfxtp_2)
                         -0.09   19.71   library setup time
                                 19.71   data required time
-----------------------------------------------------------------------------
                                 19.71   data required time
                                -18.42   data arrival time
-----------------------------------------------------------------------------
                                  1.29   slack (MET)


Startpoint: u_imem.u_sram (falling edge-triggered flip-flop clocked by clk)
Endpoint: u_pc_reg._159_ (rising edge-triggered flip-flop clocked by clk)
Path Group: clk
Path Type: max

Fanout     Cap    Slew   Delay    Time   Description
-----------------------------------------------------------------------------
                  0.10   10.00   10.00   clock clk (fall edge)
                          0.00   10.00   clock network delay (ideal)
                  0.10    0.00   10.00 v u_imem.u_sram/clk1 (sky130_sram_1kbyte_1rw1r_32x256_8)
                  0.17    2.10   12.10 v u_imem.u_sram/dout1[22] (sky130_sram_1kbyte_1rw1r_32x256_8)
     6    0.31                           dbg_instr[22] (net)
                  0.13    0.18   12.28 v u_regfile._082_/B (sky130_fd_sc_hd__nor3_2)
                  0.70    0.60   12.88 ^ u_regfile._082_/Y (sky130_fd_sc_hd__nor3_2)
     8    0.04                           u_regfile._011_ (net)
                  0.70    0.00   12.88 ^ u_regfile._083_/A (sky130_fd_sc_hd__buf_1)
                  0.58    0.52   13.40 ^ u_regfile._083_/X (sky130_fd_sc_hd__buf_1)
     9    0.05                           u_regfile._012_ (net)
                  0.58    0.00   13.41 ^ u_regfile._089_/A2 (sky130_fd_sc_hd__a21boi_2)
                  0.27    0.30   13.71 v u_regfile._089_/Y (sky130_fd_sc_hd__a21boi_2)
     4    0.05                           u_branch_unit.rs2_val[5] (net)
                  0.27    0.01   13.71 v u_branch_unit._183_/A (sky130_fd_sc_hd__or2b_2)
                  0.06    0.39   14.10 v u_branch_unit._183_/X (sky130_fd_sc_hd__or2b_2)
     2    0.01                           u_branch_unit._035_ (net)
                  0.06    0.00   14.10 v u_branch_unit._186_/B1 (sky130_fd_sc_hd__o2111a_2)
                  0.04    0.15   14.26 v u_branch_unit._186_/X (sky130_fd_sc_hd__o2111a_2)
     1    0.00                           u_branch_unit._038_ (net)
                  0.04    0.00   14.26 v u_branch_unit._187_/C (sky130_fd_sc_hd__and3_2)
                  0.06    0.23   14.49 v u_branch_unit._187_/X (sky130_fd_sc_hd__and3_2)
     2    0.01                           u_branch_unit._039_ (net)
                  0.06    0.00   14.49 v u_branch_unit._205_/A1 (sky130_fd_sc_hd__a32o_2)
                  0.05    0.26   14.75 v u_branch_unit._205_/X (sky130_fd_sc_hd__a32o_2)
     1    0.01                           u_branch_unit._057_ (net)
                  0.05    0.00   14.75 v u_branch_unit._210_/A2 (sky130_fd_sc_hd__a21o_2)
                  0.06    0.24   14.99 v u_branch_unit._210_/X (sky130_fd_sc_hd__a21o_2)
     1    0.02                           u_branch_unit._062_ (net)
                  0.06    0.00   14.99 v u_branch_unit._221_/A2 (sky130_fd_sc_hd__a211o_2)
                  0.07    0.37   15.36 v u_branch_unit._221_/X (sky130_fd_sc_hd__a211o_2)
     3    0.01                           u_branch_unit._073_ (net)
                  0.07    0.00   15.36 v u_branch_unit._225_/B2 (sky130_fd_sc_hd__a2bb2o_2)
                  0.06    0.26   15.62 v u_branch_unit._225_/X (sky130_fd_sc_hd__a2bb2o_2)
     2    0.01                           u_branch_unit._077_ (net)
                  0.06    0.00   15.62 v u_branch_unit._228_/A2 (sky130_fd_sc_hd__a21oi_2)
                  0.09    0.13   15.75 ^ u_branch_unit._228_/Y (sky130_fd_sc_hd__a21oi_2)
     1    0.00                           u_branch_unit._080_ (net)
                  0.09    0.00   15.75 ^ u_branch_unit._234_/B1 (sky130_fd_sc_hd__a211o_2)
                  0.12    0.17   15.92 ^ u_branch_unit._234_/X (sky130_fd_sc_hd__a211o_2)
     2    0.02                           u_branch_unit.take_branch (net)
                  0.12    0.00   15.93 ^ u_pc_next_logic._0854_/A (sky130_fd_sc_hd__and2_2)
                  0.04    0.15   16.08 ^ u_pc_next_logic._0854_/X (sky130_fd_sc_hd__and2_2)
     1    0.00                           u_pc_next_logic._0109_ (net)
                  0.04    0.00   16.08 ^ u_pc_next_logic._0855_/A (sky130_fd_sc_hd__buf_1)
                  0.61    0.47   16.55 ^ u_pc_next_logic._0855_/X (sky130_fd_sc_hd__buf_1)
     8    0.05                           u_pc_next_logic._0110_ (net)
                  0.61    0.01   16.56 ^ u_pc_next_logic._1010_/A (sky130_fd_sc_hd__buf_1)
                  0.70    0.60   17.16 ^ u_pc_next_logic._1010_/X (sky130_fd_sc_hd__buf_1)
    10    0.06                           u_pc_next_logic._0258_ (net)
                  0.70    0.00   17.16 ^ u_pc_next_logic._1471_/S (sky130_fd_sc_hd__mux2_2)
                  0.06    0.43   17.59 v u_pc_next_logic._1471_/X (sky130_fd_sc_hd__mux2_2)
     1    0.01                           u_pc_next_logic._0701_ (net)
                  0.06    0.00   17.59 v u_pc_next_logic._1472_/B1 (sky130_fd_sc_hd__o22a_2)
                  0.11    0.28   17.87 v u_pc_next_logic._1472_/X (sky130_fd_sc_hd__o22a_2)
     1    0.03                           u_pc_next_logic._0702_ (net)
                  0.11    0.00   17.87 v u_pc_next_logic._1473_/B2 (sky130_fd_sc_hd__a2bb2o_2)
                  0.04    0.25   18.12 v u_pc_next_logic._1473_/X (sky130_fd_sc_hd__a2bb2o_2)
     1    0.00                           u_pc_next_logic.pc_next[25] (net)
                  0.04    0.00   18.12 v u_pc_reg._120_/B (sky130_fd_sc_hd__and2_2)
                  0.04    0.18   18.30 v u_pc_reg._120_/X (sky130_fd_sc_hd__and2_2)
     1    0.00                           u_pc_reg._042_ (net)
                  0.04    0.00   18.30 v u_pc_reg._121_/A (sky130_fd_sc_hd__buf_1)
                  0.02    0.08   18.38 v u_pc_reg._121_/X (sky130_fd_sc_hd__buf_1)
     1    0.00                           u_pc_reg._025_ (net)
                  0.02    0.00   18.38 v u_pc_reg._159_/D (sky130_fd_sc_hd__dfxtp_2)
                                 18.38   data arrival time

                  0.10   20.00   20.00   clock clk (rise edge)
                          0.00   20.00   clock network delay (ideal)
                         -0.20   19.80   clock uncertainty
                          0.00   19.80   clock reconvergence pessimism
                                 19.80 ^ u_pc_reg._159_/CLK (sky130_fd_sc_hd__dfxtp_2)
                         -0.09   19.71   library setup time
                                 19.71   data required time
-----------------------------------------------------------------------------
                                 19.71   data required time
                                -18.38   data arrival time
-----------------------------------------------------------------------------
                                  1.33   slack (MET)


Startpoint: u_imem.u_sram (falling edge-triggered flip-flop clocked by clk)
Endpoint: u_pc_reg._149_ (rising edge-triggered flip-flop clocked by clk)
Path Group: clk
Path Type: max

Fanout     Cap    Slew   Delay    Time   Description
-----------------------------------------------------------------------------
                  0.10   10.00   10.00   clock clk (fall edge)
                          0.00   10.00   clock network delay (ideal)
                  0.10    0.00   10.00 v u_imem.u_sram/clk1 (sky130_sram_1kbyte_1rw1r_32x256_8)
                  0.17    2.10   12.10 v u_imem.u_sram/dout1[22] (sky130_sram_1kbyte_1rw1r_32x256_8)
     6    0.31                           dbg_instr[22] (net)
                  0.13    0.18   12.28 v u_regfile._082_/B (sky130_fd_sc_hd__nor3_2)
                  0.70    0.60   12.88 ^ u_regfile._082_/Y (sky130_fd_sc_hd__nor3_2)
     8    0.04                           u_regfile._011_ (net)
                  0.70    0.00   12.88 ^ u_regfile._083_/A (sky130_fd_sc_hd__buf_1)
                  0.58    0.52   13.40 ^ u_regfile._083_/X (sky130_fd_sc_hd__buf_1)
     9    0.05                           u_regfile._012_ (net)
                  0.58    0.00   13.41 ^ u_regfile._089_/A2 (sky130_fd_sc_hd__a21boi_2)
                  0.27    0.30   13.71 v u_regfile._089_/Y (sky130_fd_sc_hd__a21boi_2)
     4    0.05                           u_branch_unit.rs2_val[5] (net)
                  0.27    0.01   13.71 v u_branch_unit._183_/A (sky130_fd_sc_hd__or2b_2)
                  0.06    0.39   14.10 v u_branch_unit._183_/X (sky130_fd_sc_hd__or2b_2)
     2    0.01                           u_branch_unit._035_ (net)
                  0.06    0.00   14.10 v u_branch_unit._186_/B1 (sky130_fd_sc_hd__o2111a_2)
                  0.04    0.15   14.26 v u_branch_unit._186_/X (sky130_fd_sc_hd__o2111a_2)
     1    0.00                           u_branch_unit._038_ (net)
                  0.04    0.00   14.26 v u_branch_unit._187_/C (sky130_fd_sc_hd__and3_2)
                  0.06    0.23   14.49 v u_branch_unit._187_/X (sky130_fd_sc_hd__and3_2)
     2    0.01                           u_branch_unit._039_ (net)
                  0.06    0.00   14.49 v u_branch_unit._205_/A1 (sky130_fd_sc_hd__a32o_2)
                  0.05    0.26   14.75 v u_branch_unit._205_/X (sky130_fd_sc_hd__a32o_2)
     1    0.01                           u_branch_unit._057_ (net)
                  0.05    0.00   14.75 v u_branch_unit._210_/A2 (sky130_fd_sc_hd__a21o_2)
                  0.06    0.24   14.99 v u_branch_unit._210_/X (sky130_fd_sc_hd__a21o_2)
     1    0.02                           u_branch_unit._062_ (net)
                  0.06    0.00   14.99 v u_branch_unit._221_/A2 (sky130_fd_sc_hd__a211o_2)
                  0.07    0.37   15.36 v u_branch_unit._221_/X (sky130_fd_sc_hd__a211o_2)
     3    0.01                           u_branch_unit._073_ (net)
                  0.07    0.00   15.36 v u_branch_unit._225_/B2 (sky130_fd_sc_hd__a2bb2o_2)
                  0.06    0.26   15.62 v u_branch_unit._225_/X (sky130_fd_sc_hd__a2bb2o_2)
     2    0.01                           u_branch_unit._077_ (net)
                  0.06    0.00   15.62 v u_branch_unit._233_/A2 (sky130_fd_sc_hd__a31o_2)
                  0.04    0.23   15.85 v u_branch_unit._233_/X (sky130_fd_sc_hd__a31o_2)
     1    0.00                           u_branch_unit._085_ (net)
                  0.04    0.00   15.85 v u_branch_unit._234_/C1 (sky130_fd_sc_hd__a211o_2)
                  0.10    0.33   16.18 v u_branch_unit._234_/X (sky130_fd_sc_hd__a211o_2)
     2    0.02                           u_branch_unit.take_branch (net)
                  0.10    0.00   16.18 v u_pc_next_logic._0854_/A (sky130_fd_sc_hd__and2_2)
                  0.04    0.19   16.37 v u_pc_next_logic._0854_/X (sky130_fd_sc_hd__and2_2)
     1    0.00                           u_pc_next_logic._0109_ (net)
                  0.04    0.00   16.37 v u_pc_next_logic._0855_/A (sky130_fd_sc_hd__buf_1)
                  0.29    0.28   16.65 v u_pc_next_logic._0855_/X (sky130_fd_sc_hd__buf_1)
     8    0.05                           u_pc_next_logic._0110_ (net)
                  0.29    0.01   16.66 v u_pc_next_logic._1010_/A (sky130_fd_sc_hd__buf_1)
                  0.33    0.41   17.07 v u_pc_next_logic._1010_/X (sky130_fd_sc_hd__buf_1)
    10    0.06                           u_pc_next_logic._0258_ (net)
                  0.33    0.00   17.07 v u_pc_next_logic._1209_/B (sky130_fd_sc_hd__or2_2)
                  0.06    0.39   17.46 v u_pc_next_logic._1209_/X (sky130_fd_sc_hd__or2_2)
     1    0.00                           u_pc_next_logic._0449_ (net)
                  0.06    0.00   17.46 v u_pc_next_logic._1210_/B1 (sky130_fd_sc_hd__o311a_2)
                  0.06    0.14   17.60 v u_pc_next_logic._1210_/X (sky130_fd_sc_hd__o311a_2)
     1    0.00                           u_pc_next_logic._0450_ (net)
                  0.06    0.00   17.60 v u_pc_next_logic._1211_/B1 (sky130_fd_sc_hd__a211o_2)
                  0.09    0.36   17.96 v u_pc_next_logic._1211_/X (sky130_fd_sc_hd__a211o_2)
     1    0.02                           u_pc_next_logic._0451_ (net)
                  0.09    0.00   17.96 v u_pc_next_logic._1212_/B1 (sky130_fd_sc_hd__o21a_2)
                  0.03    0.13   18.09 v u_pc_next_logic._1212_/X (sky130_fd_sc_hd__o21a_2)
     1    0.00                           u_pc_next_logic.pc_next[15] (net)
                  0.03    0.00   18.09 v u_pc_reg._099_/B (sky130_fd_sc_hd__and2_2)
                  0.04    0.17   18.27 v u_pc_reg._099_/X (sky130_fd_sc_hd__and2_2)
     1    0.00                           u_pc_reg._066_ (net)
                  0.04    0.00   18.27 v u_pc_reg._100_/A (sky130_fd_sc_hd__buf_1)
                  0.02    0.08   18.34 v u_pc_reg._100_/X (sky130_fd_sc_hd__buf_1)
     1    0.00                           u_pc_reg._015_ (net)
                  0.02    0.00   18.34 v u_pc_reg._149_/D (sky130_fd_sc_hd__dfxtp_2)
                                 18.34   data arrival time

                  0.10   20.00   20.00   clock clk (rise edge)
                          0.00   20.00   clock network delay (ideal)
                         -0.20   19.80   clock uncertainty
                          0.00   19.80   clock reconvergence pessimism
                                 19.80 ^ u_pc_reg._149_/CLK (sky130_fd_sc_hd__dfxtp_2)
                         -0.09   19.71   library setup time
                                 19.71   data required time
-----------------------------------------------------------------------------
                                 19.71   data required time
                                -18.34   data arrival time
-----------------------------------------------------------------------------
                                  1.37   slack (MET)


Startpoint: u_imem.u_sram (falling edge-triggered flip-flop clocked by clk)
Endpoint: u_pc_reg._141_ (rising edge-triggered flip-flop clocked by clk)
Path Group: clk
Path Type: max

Fanout     Cap    Slew   Delay    Time   Description
-----------------------------------------------------------------------------
                  0.10   10.00   10.00   clock clk (fall edge)
                          0.00   10.00   clock network delay (ideal)
                  0.10    0.00   10.00 v u_imem.u_sram/clk1 (sky130_sram_1kbyte_1rw1r_32x256_8)
                  0.17    2.10   12.10 v u_imem.u_sram/dout1[22] (sky130_sram_1kbyte_1rw1r_32x256_8)
     6    0.31                           dbg_instr[22] (net)
                  0.13    0.18   12.28 v u_regfile._082_/B (sky130_fd_sc_hd__nor3_2)
                  0.70    0.60   12.88 ^ u_regfile._082_/Y (sky130_fd_sc_hd__nor3_2)
     8    0.04                           u_regfile._011_ (net)
                  0.70    0.00   12.88 ^ u_regfile._083_/A (sky130_fd_sc_hd__buf_1)
                  0.58    0.52   13.40 ^ u_regfile._083_/X (sky130_fd_sc_hd__buf_1)
     9    0.05                           u_regfile._012_ (net)
                  0.58    0.00   13.41 ^ u_regfile._089_/A2 (sky130_fd_sc_hd__a21boi_2)
                  0.27    0.30   13.71 v u_regfile._089_/Y (sky130_fd_sc_hd__a21boi_2)
     4    0.05                           u_branch_unit.rs2_val[5] (net)
                  0.27    0.01   13.71 v u_branch_unit._183_/A (sky130_fd_sc_hd__or2b_2)
                  0.06    0.39   14.10 v u_branch_unit._183_/X (sky130_fd_sc_hd__or2b_2)
     2    0.01                           u_branch_unit._035_ (net)
                  0.06    0.00   14.10 v u_branch_unit._186_/B1 (sky130_fd_sc_hd__o2111a_2)
                  0.04    0.15   14.26 v u_branch_unit._186_/X (sky130_fd_sc_hd__o2111a_2)
     1    0.00                           u_branch_unit._038_ (net)
                  0.04    0.00   14.26 v u_branch_unit._187_/C (sky130_fd_sc_hd__and3_2)
                  0.06    0.23   14.49 v u_branch_unit._187_/X (sky130_fd_sc_hd__and3_2)
     2    0.01                           u_branch_unit._039_ (net)
                  0.06    0.00   14.49 v u_branch_unit._205_/A1 (sky130_fd_sc_hd__a32o_2)
                  0.05    0.26   14.75 v u_branch_unit._205_/X (sky130_fd_sc_hd__a32o_2)
     1    0.01                           u_branch_unit._057_ (net)
                  0.05    0.00   14.75 v u_branch_unit._210_/A2 (sky130_fd_sc_hd__a21o_2)
                  0.06    0.24   14.99 v u_branch_unit._210_/X (sky130_fd_sc_hd__a21o_2)
     1    0.02                           u_branch_unit._062_ (net)
                  0.06    0.00   14.99 v u_branch_unit._221_/A2 (sky130_fd_sc_hd__a211o_2)
                  0.07    0.37   15.36 v u_branch_unit._221_/X (sky130_fd_sc_hd__a211o_2)
     3    0.01                           u_branch_unit._073_ (net)
                  0.07    0.00   15.36 v u_branch_unit._225_/B2 (sky130_fd_sc_hd__a2bb2o_2)
                  0.06    0.26   15.62 v u_branch_unit._225_/X (sky130_fd_sc_hd__a2bb2o_2)
     2    0.01                           u_branch_unit._077_ (net)
                  0.06    0.00   15.62 v u_branch_unit._233_/A2 (sky130_fd_sc_hd__a31o_2)
                  0.04    0.23   15.85 v u_branch_unit._233_/X (sky130_fd_sc_hd__a31o_2)
     1    0.00                           u_branch_unit._085_ (net)
                  0.04    0.00   15.85 v u_branch_unit._234_/C1 (sky130_fd_sc_hd__a211o_2)
                  0.10    0.33   16.18 v u_branch_unit._234_/X (sky130_fd_sc_hd__a211o_2)
     2    0.02                           u_branch_unit.take_branch (net)
                  0.10    0.00   16.18 v u_pc_next_logic._0854_/A (sky130_fd_sc_hd__and2_2)
                  0.04    0.19   16.37 v u_pc_next_logic._0854_/X (sky130_fd_sc_hd__and2_2)
     1    0.00                           u_pc_next_logic._0109_ (net)
                  0.04    0.00   16.37 v u_pc_next_logic._0855_/A (sky130_fd_sc_hd__buf_1)
                  0.29    0.28   16.65 v u_pc_next_logic._0855_/X (sky130_fd_sc_hd__buf_1)
     8    0.05                           u_pc_next_logic._0110_ (net)
                  0.29    0.01   16.66 v u_pc_next_logic._1010_/A (sky130_fd_sc_hd__buf_1)
                  0.33    0.41   17.07 v u_pc_next_logic._1010_/X (sky130_fd_sc_hd__buf_1)
    10    0.06                           u_pc_next_logic._0258_ (net)
                  0.33    0.01   17.08 v u_pc_next_logic._1016_/A2 (sky130_fd_sc_hd__o22a_2)
                  0.04    0.33   17.41 v u_pc_next_logic._1016_/X (sky130_fd_sc_hd__o22a_2)
     1    0.00                           u_pc_next_logic._0264_ (net)
                  0.04    0.00   17.41 v u_pc_next_logic._1017_/B1 (sky130_fd_sc_hd__a2bb2o_2)
                  0.09    0.31   17.72 v u_pc_next_logic._1017_/X (sky130_fd_sc_hd__a2bb2o_2)
     1    0.02                           u_pc_next_logic._0265_ (net)
                  0.09    0.00   17.73 v u_pc_next_logic._1018_/A1 (sky130_fd_sc_hd__mux2_2)
                  0.05    0.27   18.00 v u_pc_next_logic._1018_/X (sky130_fd_sc_hd__mux2_2)
     1    0.00                           u_pc_next_logic._0266_ (net)
                  0.05    0.00   18.00 v u_pc_next_logic._1019_/A (sky130_fd_sc_hd__buf_1)
                  0.02    0.08   18.08 v u_pc_next_logic._1019_/X (sky130_fd_sc_hd__buf_1)
     1    0.00                           u_pc_next_logic.pc_next[7] (net)
                  0.02    0.00   18.08 v u_pc_reg._082_/B (sky130_fd_sc_hd__and2_2)
                  0.04    0.17   18.26 v u_pc_reg._082_/X (sky130_fd_sc_hd__and2_2)
     1    0.00                           u_pc_reg._057_ (net)
                  0.04    0.00   18.26 v u_pc_reg._083_/A (sky130_fd_sc_hd__buf_1)
                  0.02    0.08   18.34 v u_pc_reg._083_/X (sky130_fd_sc_hd__buf_1)
     1    0.00                           u_pc_reg._007_ (net)
                  0.02    0.00   18.34 v u_pc_reg._141_/D (sky130_fd_sc_hd__dfxtp_2)
                                 18.34   data arrival time

                  0.10   20.00   20.00   clock clk (rise edge)
                          0.00   20.00   clock network delay (ideal)
                         -0.20   19.80   clock uncertainty
                          0.00   19.80   clock reconvergence pessimism
                                 19.80 ^ u_pc_reg._141_/CLK (sky130_fd_sc_hd__dfxtp_2)
                         -0.09   19.71   library setup time
                                 19.71   data required time
-----------------------------------------------------------------------------
                                 19.71   data required time
                                -18.34   data arrival time
-----------------------------------------------------------------------------
                                  1.37   slack (MET)


Startpoint: u_imem.u_sram (falling edge-triggered flip-flop clocked by clk)
Endpoint: u_pc_reg._143_ (rising edge-triggered flip-flop clocked by clk)
Path Group: clk
Path Type: max

Fanout     Cap    Slew   Delay    Time   Description
-----------------------------------------------------------------------------
                  0.10   10.00   10.00   clock clk (fall edge)
                          0.00   10.00   clock network delay (ideal)
                  0.10    0.00   10.00 v u_imem.u_sram/clk1 (sky130_sram_1kbyte_1rw1r_32x256_8)
                  0.17    2.10   12.10 v u_imem.u_sram/dout1[22] (sky130_sram_1kbyte_1rw1r_32x256_8)
     6    0.31                           dbg_instr[22] (net)
                  0.13    0.18   12.28 v u_regfile._082_/B (sky130_fd_sc_hd__nor3_2)
                  0.70    0.60   12.88 ^ u_regfile._082_/Y (sky130_fd_sc_hd__nor3_2)
     8    0.04                           u_regfile._011_ (net)
                  0.70    0.00   12.88 ^ u_regfile._083_/A (sky130_fd_sc_hd__buf_1)
                  0.58    0.52   13.40 ^ u_regfile._083_/X (sky130_fd_sc_hd__buf_1)
     9    0.05                           u_regfile._012_ (net)
                  0.58    0.00   13.41 ^ u_regfile._089_/A2 (sky130_fd_sc_hd__a21boi_2)
                  0.27    0.30   13.71 v u_regfile._089_/Y (sky130_fd_sc_hd__a21boi_2)
     4    0.05                           u_branch_unit.rs2_val[5] (net)
                  0.27    0.01   13.71 v u_branch_unit._183_/A (sky130_fd_sc_hd__or2b_2)
                  0.06    0.39   14.10 v u_branch_unit._183_/X (sky130_fd_sc_hd__or2b_2)
     2    0.01                           u_branch_unit._035_ (net)
                  0.06    0.00   14.10 v u_branch_unit._186_/B1 (sky130_fd_sc_hd__o2111a_2)
                  0.04    0.15   14.26 v u_branch_unit._186_/X (sky130_fd_sc_hd__o2111a_2)
     1    0.00                           u_branch_unit._038_ (net)
                  0.04    0.00   14.26 v u_branch_unit._187_/C (sky130_fd_sc_hd__and3_2)
                  0.06    0.23   14.49 v u_branch_unit._187_/X (sky130_fd_sc_hd__and3_2)
     2    0.01                           u_branch_unit._039_ (net)
                  0.06    0.00   14.49 v u_branch_unit._205_/A1 (sky130_fd_sc_hd__a32o_2)
                  0.05    0.26   14.75 v u_branch_unit._205_/X (sky130_fd_sc_hd__a32o_2)
     1    0.01                           u_branch_unit._057_ (net)
                  0.05    0.00   14.75 v u_branch_unit._210_/A2 (sky130_fd_sc_hd__a21o_2)
                  0.06    0.24   14.99 v u_branch_unit._210_/X (sky130_fd_sc_hd__a21o_2)
     1    0.02                           u_branch_unit._062_ (net)
                  0.06    0.00   14.99 v u_branch_unit._221_/A2 (sky130_fd_sc_hd__a211o_2)
                  0.07    0.37   15.36 v u_branch_unit._221_/X (sky130_fd_sc_hd__a211o_2)
     3    0.01                           u_branch_unit._073_ (net)
                  0.07    0.00   15.36 v u_branch_unit._225_/B2 (sky130_fd_sc_hd__a2bb2o_2)
                  0.06    0.26   15.62 v u_branch_unit._225_/X (sky130_fd_sc_hd__a2bb2o_2)
     2    0.01                           u_branch_unit._077_ (net)
                  0.06    0.00   15.62 v u_branch_unit._228_/A2 (sky130_fd_sc_hd__a21oi_2)
                  0.09    0.13   15.75 ^ u_branch_unit._228_/Y (sky130_fd_sc_hd__a21oi_2)
     1    0.00                           u_branch_unit._080_ (net)
                  0.09    0.00   15.75 ^ u_branch_unit._234_/B1 (sky130_fd_sc_hd__a211o_2)
                  0.12    0.17   15.92 ^ u_branch_unit._234_/X (sky130_fd_sc_hd__a211o_2)
     2    0.02                           u_branch_unit.take_branch (net)
                  0.12    0.00   15.93 ^ u_pc_next_logic._0854_/A (sky130_fd_sc_hd__and2_2)
                  0.04    0.15   16.08 ^ u_pc_next_logic._0854_/X (sky130_fd_sc_hd__and2_2)
     1    0.00                           u_pc_next_logic._0109_ (net)
                  0.04    0.00   16.08 ^ u_pc_next_logic._0855_/A (sky130_fd_sc_hd__buf_1)
                  0.61    0.47   16.55 ^ u_pc_next_logic._0855_/X (sky130_fd_sc_hd__buf_1)
     8    0.05                           u_pc_next_logic._0110_ (net)
                  0.61    0.01   16.56 ^ u_pc_next_logic._1010_/A (sky130_fd_sc_hd__buf_1)
                  0.70    0.60   17.16 ^ u_pc_next_logic._1010_/X (sky130_fd_sc_hd__buf_1)
    10    0.06                           u_pc_next_logic._0258_ (net)
                  0.70    0.01   17.16 ^ u_pc_next_logic._1069_/S (sky130_fd_sc_hd__mux2_2)
                  0.06    0.42   17.58 v u_pc_next_logic._1069_/X (sky130_fd_sc_hd__mux2_2)
     1    0.01                           u_pc_next_logic._0315_ (net)
                  0.06    0.00   17.58 v u_pc_next_logic._1070_/A1 (sky130_fd_sc_hd__mux2_2)
                  0.07    0.30   17.89 v u_pc_next_logic._1070_/X (sky130_fd_sc_hd__mux2_2)
     1    0.01                           u_pc_next_logic._0316_ (net)
                  0.07    0.00   17.89 v u_pc_next_logic._1071_/B1 (sky130_fd_sc_hd__o22a_2)
                  0.04    0.20   18.08 v u_pc_next_logic._1071_/X (sky130_fd_sc_hd__o22a_2)
     1    0.00                           u_pc_next_logic.pc_next[9] (net)
                  0.04    0.00   18.08 v u_pc_reg._086_/B (sky130_fd_sc_hd__and2_2)
                  0.04    0.18   18.26 v u_pc_reg._086_/X (sky130_fd_sc_hd__and2_2)
     1    0.00                           u_pc_reg._059_ (net)
                  0.04    0.00   18.26 v u_pc_reg._087_/A (sky130_fd_sc_hd__buf_1)
                  0.02    0.08   18.34 v u_pc_reg._087_/X (sky130_fd_sc_hd__buf_1)
     1    0.00                           u_pc_reg._009_ (net)
                  0.02    0.00   18.34 v u_pc_reg._143_/D (sky130_fd_sc_hd__dfxtp_2)
                                 18.34   data arrival time

                  0.10   20.00   20.00   clock clk (rise edge)
                          0.00   20.00   clock network delay (ideal)
                         -0.20   19.80   clock uncertainty
                          0.00   19.80   clock reconvergence pessimism
                                 19.80 ^ u_pc_reg._143_/CLK (sky130_fd_sc_hd__dfxtp_2)
                         -0.09   19.71   library setup time
                                 19.71   data required time
-----------------------------------------------------------------------------
                                 19.71   data required time
                                -18.34   data arrival time
-----------------------------------------------------------------------------
                                  1.37   slack (MET)


Startpoint: u_imem.u_sram (falling edge-triggered flip-flop clocked by clk)
Endpoint: u_regfile.u_sram_rs1 (falling edge-triggered flip-flop clocked by clk)
Path Group: clk
Path Type: max

Fanout     Cap    Slew   Delay    Time   Description
-----------------------------------------------------------------------------
                  0.10   10.00   10.00   clock clk (fall edge)
                          0.00   10.00   clock network delay (ideal)
                  0.10    0.00   10.00 v u_imem.u_sram/clk1 (sky130_sram_1kbyte_1rw1r_32x256_8)
                  0.17    2.10   12.10 v u_imem.u_sram/dout1[22] (sky130_sram_1kbyte_1rw1r_32x256_8)
     6    0.31                           dbg_instr[22] (net)
                  0.13    0.18   12.28 v u_regfile._082_/B (sky130_fd_sc_hd__nor3_2)
                  0.70    0.60   12.88 ^ u_regfile._082_/Y (sky130_fd_sc_hd__nor3_2)
     8    0.04                           u_regfile._011_ (net)
                  0.70    0.00   12.88 ^ u_regfile._083_/A (sky130_fd_sc_hd__buf_1)
                  0.58    0.52   13.40 ^ u_regfile._083_/X (sky130_fd_sc_hd__buf_1)
     9    0.05                           u_regfile._012_ (net)
                  0.58    0.00   13.41 ^ u_regfile._087_/A2 (sky130_fd_sc_hd__a21boi_2)
                  0.25    0.28   13.69 v u_regfile._087_/Y (sky130_fd_sc_hd__a21boi_2)
     3    0.04                           u_branch_unit.rs2_val[3] (net)
                  0.25    0.01   13.69 v _281_/A0 (sky130_fd_sc_hd__mux2_2)
                  0.05    0.35   14.04 v _281_/X (sky130_fd_sc_hd__mux2_2)
     1    0.00                           _011_ (net)
                  0.05    0.00   14.04 v _282_/A (sky130_fd_sc_hd__buf_1)
                  0.24    0.25   14.29 v _282_/X (sky130_fd_sc_hd__buf_1)
     7    0.04                           u_alu.B[3] (net)
                  0.24    0.00   14.29 v u_alu._1118_/A (sky130_fd_sc_hd__or4_2)
                  0.11    0.74   15.02 v u_alu._1118_/X (sky130_fd_sc_hd__or4_2)
     2    0.01                           u_alu._0060_ (net)
                  0.11    0.00   15.02 v u_alu._1119_/A (sky130_fd_sc_hd__buf_1)
                  0.24    0.28   15.30 v u_alu._1119_/X (sky130_fd_sc_hd__buf_1)
    10    0.04                           u_alu._0071_ (net)
                  0.24    0.00   15.31 v u_alu._1129_/A (sky130_fd_sc_hd__buf_1)
                  0.30    0.37   15.67 v u_alu._1129_/X (sky130_fd_sc_hd__buf_1)
    10    0.05                           u_alu._0174_ (net)
                  0.30    0.00   15.67 v u_alu._1179_/A3 (sky130_fd_sc_hd__o31a_2)
                  0.05    0.37   16.04 v u_alu._1179_/X (sky130_fd_sc_hd__o31a_2)
     1    0.00                           u_alu._0302_ (net)
                  0.05    0.00   16.04 v u_alu._1181_/A_N (sky130_fd_sc_hd__and3b_2)
                  0.10    0.27   16.31 ^ u_alu._1181_/X (sky130_fd_sc_hd__and3b_2)
     3    0.01                           u_alu._0304_ (net)
                  0.10    0.00   16.31 ^ u_alu._1216_/A2_N (sky130_fd_sc_hd__o2bb2a_2)
                  0.04    0.21   16.52 v u_alu._1216_/X (sky130_fd_sc_hd__o2bb2a_2)
     1    0.00                           u_alu._0339_ (net)
                  0.04    0.00   16.52 v u_alu._1217_/B1 (sky130_fd_sc_hd__o211a_2)
                  0.07    0.16   16.69 v u_alu._1217_/X (sky130_fd_sc_hd__o211a_2)
     3    0.02                           u_alu._0340_ (net)
                  0.07    0.00   16.69 v u_alu._2164_/A (sky130_fd_sc_hd__or2_2)
                  0.10    0.36   17.05 v u_alu._2164_/X (sky130_fd_sc_hd__or2_2)
     4    0.02                           u_alu._0155_ (net)
                  0.10    0.00   17.05 v u_alu._2188_/A1 (sky130_fd_sc_hd__a311oi_2)
                  0.22    0.23   17.28 ^ u_alu._2188_/Y (sky130_fd_sc_hd__a311oi_2)
     1    0.01                           u_alu._0180_ (net)
                  0.22    0.00   17.28 ^ u_alu._2189_/B1 (sky130_fd_sc_hd__o21ai_2)
                  0.15    0.18   17.46 v u_alu._2189_/Y (sky130_fd_sc_hd__o21ai_2)
     2    0.03                           u_alu.Result[8] (net)
                  0.15    0.00   17.46 v u_wb_mux._121_/A1 (sky130_fd_sc_hd__a22o_2)
                  0.08    0.32   17.79 v u_wb_mux._121_/X (sky130_fd_sc_hd__a22o_2)
     1    0.02                           u_wb_mux._028_ (net)
                  0.08    0.00   17.79 v u_wb_mux._122_/C1 (sky130_fd_sc_hd__a211o_2)
                  0.27    0.48   18.26 v u_wb_mux._122_/X (sky130_fd_sc_hd__a211o_2)
     3    0.10                           u_regfile.wd[8] (net)
                  0.37    0.04   18.30 v u_regfile.u_sram_rs1/din0[8] (sky130_sram_1kbyte_1rw1r_32x256_8)
                                 18.30   data arrival time

                  0.10   20.00   20.00   clock clk (rise edge)
                          0.00   20.00   clock network delay (ideal)
                         -0.20   19.80   clock uncertainty
                          0.00   19.80   clock reconvergence pessimism
                                 19.80 ^ u_regfile.u_sram_rs1/clk0 (sky130_sram_1kbyte_1rw1r_32x256_8)
                         -0.10   19.70   library setup time
                                 19.70   data required time
-----------------------------------------------------------------------------
                                 19.70   data required time
                                -18.30   data arrival time
-----------------------------------------------------------------------------
                                  1.40   slack (MET)


Startpoint: u_imem.u_sram (falling edge-triggered flip-flop clocked by clk)
Endpoint: u_regfile.u_sram_rs2 (falling edge-triggered flip-flop clocked by clk)
Path Group: clk
Path Type: max

Fanout     Cap    Slew   Delay    Time   Description
-----------------------------------------------------------------------------
                  0.10   10.00   10.00   clock clk (fall edge)
                          0.00   10.00   clock network delay (ideal)
                  0.10    0.00   10.00 v u_imem.u_sram/clk1 (sky130_sram_1kbyte_1rw1r_32x256_8)
                  0.17    2.10   12.10 v u_imem.u_sram/dout1[22] (sky130_sram_1kbyte_1rw1r_32x256_8)
     6    0.31                           dbg_instr[22] (net)
                  0.13    0.18   12.28 v u_regfile._082_/B (sky130_fd_sc_hd__nor3_2)
                  0.70    0.60   12.88 ^ u_regfile._082_/Y (sky130_fd_sc_hd__nor3_2)
     8    0.04                           u_regfile._011_ (net)
                  0.70    0.00   12.88 ^ u_regfile._083_/A (sky130_fd_sc_hd__buf_1)
                  0.58    0.52   13.40 ^ u_regfile._083_/X (sky130_fd_sc_hd__buf_1)
     9    0.05                           u_regfile._012_ (net)
                  0.58    0.00   13.41 ^ u_regfile._087_/A2 (sky130_fd_sc_hd__a21boi_2)
                  0.25    0.28   13.69 v u_regfile._087_/Y (sky130_fd_sc_hd__a21boi_2)
     3    0.04                           u_branch_unit.rs2_val[3] (net)
                  0.25    0.01   13.69 v _281_/A0 (sky130_fd_sc_hd__mux2_2)
                  0.05    0.35   14.04 v _281_/X (sky130_fd_sc_hd__mux2_2)
     1    0.00                           _011_ (net)
                  0.05    0.00   14.04 v _282_/A (sky130_fd_sc_hd__buf_1)
                  0.24    0.25   14.29 v _282_/X (sky130_fd_sc_hd__buf_1)
     7    0.04                           u_alu.B[3] (net)
                  0.24    0.00   14.29 v u_alu._1118_/A (sky130_fd_sc_hd__or4_2)
                  0.11    0.74   15.02 v u_alu._1118_/X (sky130_fd_sc_hd__or4_2)
     2    0.01                           u_alu._0060_ (net)
                  0.11    0.00   15.02 v u_alu._1119_/A (sky130_fd_sc_hd__buf_1)
                  0.24    0.28   15.30 v u_alu._1119_/X (sky130_fd_sc_hd__buf_1)
    10    0.04                           u_alu._0071_ (net)
                  0.24    0.00   15.31 v u_alu._1129_/A (sky130_fd_sc_hd__buf_1)
                  0.30    0.37   15.67 v u_alu._1129_/X (sky130_fd_sc_hd__buf_1)
    10    0.05                           u_alu._0174_ (net)
                  0.30    0.00   15.67 v u_alu._1179_/A3 (sky130_fd_sc_hd__o31a_2)
                  0.05    0.37   16.04 v u_alu._1179_/X (sky130_fd_sc_hd__o31a_2)
     1    0.00                           u_alu._0302_ (net)
                  0.05    0.00   16.04 v u_alu._1181_/A_N (sky130_fd_sc_hd__and3b_2)
                  0.10    0.27   16.31 ^ u_alu._1181_/X (sky130_fd_sc_hd__and3b_2)
     3    0.01                           u_alu._0304_ (net)
                  0.10    0.00   16.31 ^ u_alu._1216_/A2_N (sky130_fd_sc_hd__o2bb2a_2)
                  0.04    0.21   16.52 v u_alu._1216_/X (sky130_fd_sc_hd__o2bb2a_2)
     1    0.00                           u_alu._0339_ (net)
                  0.04    0.00   16.52 v u_alu._1217_/B1 (sky130_fd_sc_hd__o211a_2)
                  0.07    0.16   16.69 v u_alu._1217_/X (sky130_fd_sc_hd__o211a_2)
     3    0.02                           u_alu._0340_ (net)
                  0.07    0.00   16.69 v u_alu._2164_/A (sky130_fd_sc_hd__or2_2)
                  0.10    0.36   17.05 v u_alu._2164_/X (sky130_fd_sc_hd__or2_2)
     4    0.02                           u_alu._0155_ (net)
                  0.10    0.00   17.05 v u_alu._2188_/A1 (sky130_fd_sc_hd__a311oi_2)
                  0.22    0.23   17.28 ^ u_alu._2188_/Y (sky130_fd_sc_hd__a311oi_2)
     1    0.01                           u_alu._0180_ (net)
                  0.22    0.00   17.28 ^ u_alu._2189_/B1 (sky130_fd_sc_hd__o21ai_2)
                  0.15    0.18   17.46 v u_alu._2189_/Y (sky130_fd_sc_hd__o21ai_2)
     2    0.03                           u_alu.Result[8] (net)
                  0.15    0.00   17.46 v u_wb_mux._121_/A1 (sky130_fd_sc_hd__a22o_2)
                  0.08    0.32   17.79 v u_wb_mux._121_/X (sky130_fd_sc_hd__a22o_2)
     1    0.02                           u_wb_mux._028_ (net)
                  0.08    0.00   17.79 v u_wb_mux._122_/C1 (sky130_fd_sc_hd__a211o_2)
                  0.27    0.48   18.26 v u_wb_mux._122_/X (sky130_fd_sc_hd__a211o_2)
     3    0.10                           u_regfile.wd[8] (net)
                  0.36    0.02   18.29 v u_regfile.u_sram_rs2/din0[8] (sky130_sram_1kbyte_1rw1r_32x256_8)
                                 18.29   data arrival time

                  0.10   20.00   20.00   clock clk (rise edge)
                          0.00   20.00   clock network delay (ideal)
                         -0.20   19.80   clock uncertainty
                          0.00   19.80   clock reconvergence pessimism
                                 19.80 ^ u_regfile.u_sram_rs2/clk0 (sky130_sram_1kbyte_1rw1r_32x256_8)
                         -0.10   19.70   library setup time
                                 19.70   data required time
-----------------------------------------------------------------------------
                                 19.70   data required time
                                -18.29   data arrival time
-----------------------------------------------------------------------------
                                  1.41   slack (MET)


Startpoint: u_imem.u_sram (falling edge-triggered flip-flop clocked by clk)
Endpoint: u_pc_reg._151_ (rising edge-triggered flip-flop clocked by clk)
Path Group: clk
Path Type: max

Fanout     Cap    Slew   Delay    Time   Description
-----------------------------------------------------------------------------
                  0.10   10.00   10.00   clock clk (fall edge)
                          0.00   10.00   clock network delay (ideal)
                  0.10    0.00   10.00 v u_imem.u_sram/clk1 (sky130_sram_1kbyte_1rw1r_32x256_8)
                  0.17    2.10   12.10 v u_imem.u_sram/dout1[22] (sky130_sram_1kbyte_1rw1r_32x256_8)
     6    0.31                           dbg_instr[22] (net)
                  0.13    0.18   12.28 v u_regfile._082_/B (sky130_fd_sc_hd__nor3_2)
                  0.70    0.60   12.88 ^ u_regfile._082_/Y (sky130_fd_sc_hd__nor3_2)
     8    0.04                           u_regfile._011_ (net)
                  0.70    0.00   12.88 ^ u_regfile._083_/A (sky130_fd_sc_hd__buf_1)
                  0.58    0.52   13.40 ^ u_regfile._083_/X (sky130_fd_sc_hd__buf_1)
     9    0.05                           u_regfile._012_ (net)
                  0.58    0.00   13.41 ^ u_regfile._089_/A2 (sky130_fd_sc_hd__a21boi_2)
                  0.27    0.30   13.71 v u_regfile._089_/Y (sky130_fd_sc_hd__a21boi_2)
     4    0.05                           u_branch_unit.rs2_val[5] (net)
                  0.27    0.01   13.71 v u_branch_unit._183_/A (sky130_fd_sc_hd__or2b_2)
                  0.06    0.39   14.10 v u_branch_unit._183_/X (sky130_fd_sc_hd__or2b_2)
     2    0.01                           u_branch_unit._035_ (net)
                  0.06    0.00   14.10 v u_branch_unit._186_/B1 (sky130_fd_sc_hd__o2111a_2)
                  0.04    0.15   14.26 v u_branch_unit._186_/X (sky130_fd_sc_hd__o2111a_2)
     1    0.00                           u_branch_unit._038_ (net)
                  0.04    0.00   14.26 v u_branch_unit._187_/C (sky130_fd_sc_hd__and3_2)
                  0.06    0.23   14.49 v u_branch_unit._187_/X (sky130_fd_sc_hd__and3_2)
     2    0.01                           u_branch_unit._039_ (net)
                  0.06    0.00   14.49 v u_branch_unit._205_/A1 (sky130_fd_sc_hd__a32o_2)
                  0.05    0.26   14.75 v u_branch_unit._205_/X (sky130_fd_sc_hd__a32o_2)
     1    0.01                           u_branch_unit._057_ (net)
                  0.05    0.00   14.75 v u_branch_unit._210_/A2 (sky130_fd_sc_hd__a21o_2)
                  0.06    0.24   14.99 v u_branch_unit._210_/X (sky130_fd_sc_hd__a21o_2)
     1    0.02                           u_branch_unit._062_ (net)
                  0.06    0.00   14.99 v u_branch_unit._221_/A2 (sky130_fd_sc_hd__a211o_2)
                  0.07    0.37   15.36 v u_branch_unit._221_/X (sky130_fd_sc_hd__a211o_2)
     3    0.01                           u_branch_unit._073_ (net)
                  0.07    0.00   15.36 v u_branch_unit._225_/B2 (sky130_fd_sc_hd__a2bb2o_2)
                  0.06    0.26   15.62 v u_branch_unit._225_/X (sky130_fd_sc_hd__a2bb2o_2)
     2    0.01                           u_branch_unit._077_ (net)
                  0.06    0.00   15.62 v u_branch_unit._228_/A2 (sky130_fd_sc_hd__a21oi_2)
                  0.09    0.13   15.75 ^ u_branch_unit._228_/Y (sky130_fd_sc_hd__a21oi_2)
     1    0.00                           u_branch_unit._080_ (net)
                  0.09    0.00   15.75 ^ u_branch_unit._234_/B1 (sky130_fd_sc_hd__a211o_2)
                  0.12    0.17   15.92 ^ u_branch_unit._234_/X (sky130_fd_sc_hd__a211o_2)
     2    0.02                           u_branch_unit.take_branch (net)
                  0.12    0.00   15.93 ^ u_pc_next_logic._0854_/A (sky130_fd_sc_hd__and2_2)
                  0.04    0.15   16.08 ^ u_pc_next_logic._0854_/X (sky130_fd_sc_hd__and2_2)
     1    0.00                           u_pc_next_logic._0109_ (net)
                  0.04    0.00   16.08 ^ u_pc_next_logic._0855_/A (sky130_fd_sc_hd__buf_1)
                  0.61    0.47   16.55 ^ u_pc_next_logic._0855_/X (sky130_fd_sc_hd__buf_1)
     8    0.05                           u_pc_next_logic._0110_ (net)
                  0.61    0.01   16.56 ^ u_pc_next_logic._0856_/A (sky130_fd_sc_hd__buf_1)
                  0.75    0.64   17.19 ^ u_pc_next_logic._0856_/X (sky130_fd_sc_hd__buf_1)
    10    0.07                           u_pc_next_logic._0111_ (net)
                  0.75    0.00   17.20 ^ u_pc_next_logic._1265_/A (sky130_fd_sc_hd__nand2_2)
                  0.16    0.14   17.34 v u_pc_next_logic._1265_/Y (sky130_fd_sc_hd__nand2_2)
     1    0.01                           u_pc_next_logic._0503_ (net)
                  0.16    0.00   17.34 v u_pc_next_logic._1266_/B1 (sky130_fd_sc_hd__o211a_2)
                  0.04    0.18   17.52 v u_pc_next_logic._1266_/X (sky130_fd_sc_hd__o211a_2)
     1    0.00                           u_pc_next_logic._0504_ (net)
                  0.04    0.00   17.52 v u_pc_next_logic._1267_/B1 (sky130_fd_sc_hd__a211o_2)
                  0.11    0.38   17.90 v u_pc_next_logic._1267_/X (sky130_fd_sc_hd__a211o_2)
     1    0.03                           u_pc_next_logic._0505_ (net)
                  0.11    0.00   17.90 v u_pc_next_logic._1268_/B1 (sky130_fd_sc_hd__o21a_2)
                  0.03    0.13   18.03 v u_pc_next_logic._1268_/X (sky130_fd_sc_hd__o21a_2)
     1    0.00                           u_pc_next_logic.pc_next[17] (net)
                  0.03    0.00   18.03 v u_pc_reg._103_/B (sky130_fd_sc_hd__and2_2)
                  0.04    0.17   18.21 v u_pc_reg._103_/X (sky130_fd_sc_hd__and2_2)
     1    0.00                           u_pc_reg._033_ (net)
                  0.04    0.00   18.21 v u_pc_reg._104_/A (sky130_fd_sc_hd__buf_1)
                  0.02    0.08   18.29 v u_pc_reg._104_/X (sky130_fd_sc_hd__buf_1)
     1    0.00                           u_pc_reg._017_ (net)
                  0.02    0.00   18.29 v u_pc_reg._151_/D (sky130_fd_sc_hd__dfxtp_2)
                                 18.29   data arrival time

                  0.10   20.00   20.00   clock clk (rise edge)
                          0.00   20.00   clock network delay (ideal)
                         -0.20   19.80   clock uncertainty
                          0.00   19.80   clock reconvergence pessimism
                                 19.80 ^ u_pc_reg._151_/CLK (sky130_fd_sc_hd__dfxtp_2)
                         -0.09   19.71   library setup time
                                 19.71   data required time
-----------------------------------------------------------------------------
                                 19.71   data required time
                                -18.29   data arrival time
-----------------------------------------------------------------------------
                                  1.42   slack (MET)


Startpoint: u_imem.u_sram (falling edge-triggered flip-flop clocked by clk)
Endpoint: u_pc_reg._157_ (rising edge-triggered flip-flop clocked by clk)
Path Group: clk
Path Type: max

Fanout     Cap    Slew   Delay    Time   Description
-----------------------------------------------------------------------------
                  0.10   10.00   10.00   clock clk (fall edge)
                          0.00   10.00   clock network delay (ideal)
                  0.10    0.00   10.00 v u_imem.u_sram/clk1 (sky130_sram_1kbyte_1rw1r_32x256_8)
                  0.17    2.10   12.10 v u_imem.u_sram/dout1[22] (sky130_sram_1kbyte_1rw1r_32x256_8)
     6    0.31                           dbg_instr[22] (net)
                  0.13    0.18   12.28 v u_regfile._082_/B (sky130_fd_sc_hd__nor3_2)
                  0.70    0.60   12.88 ^ u_regfile._082_/Y (sky130_fd_sc_hd__nor3_2)
     8    0.04                           u_regfile._011_ (net)
                  0.70    0.00   12.88 ^ u_regfile._083_/A (sky130_fd_sc_hd__buf_1)
                  0.58    0.52   13.40 ^ u_regfile._083_/X (sky130_fd_sc_hd__buf_1)
     9    0.05                           u_regfile._012_ (net)
                  0.58    0.00   13.41 ^ u_regfile._089_/A2 (sky130_fd_sc_hd__a21boi_2)
                  0.27    0.30   13.71 v u_regfile._089_/Y (sky130_fd_sc_hd__a21boi_2)
     4    0.05                           u_branch_unit.rs2_val[5] (net)
                  0.27    0.01   13.71 v u_branch_unit._183_/A (sky130_fd_sc_hd__or2b_2)
                  0.06    0.39   14.10 v u_branch_unit._183_/X (sky130_fd_sc_hd__or2b_2)
     2    0.01                           u_branch_unit._035_ (net)
                  0.06    0.00   14.10 v u_branch_unit._186_/B1 (sky130_fd_sc_hd__o2111a_2)
                  0.04    0.15   14.26 v u_branch_unit._186_/X (sky130_fd_sc_hd__o2111a_2)
     1    0.00                           u_branch_unit._038_ (net)
                  0.04    0.00   14.26 v u_branch_unit._187_/C (sky130_fd_sc_hd__and3_2)
                  0.06    0.23   14.49 v u_branch_unit._187_/X (sky130_fd_sc_hd__and3_2)
     2    0.01                           u_branch_unit._039_ (net)
                  0.06    0.00   14.49 v u_branch_unit._205_/A1 (sky130_fd_sc_hd__a32o_2)
                  0.05    0.26   14.75 v u_branch_unit._205_/X (sky130_fd_sc_hd__a32o_2)
     1    0.01                           u_branch_unit._057_ (net)
                  0.05    0.00   14.75 v u_branch_unit._210_/A2 (sky130_fd_sc_hd__a21o_2)
                  0.06    0.24   14.99 v u_branch_unit._210_/X (sky130_fd_sc_hd__a21o_2)
     1    0.02                           u_branch_unit._062_ (net)
                  0.06    0.00   14.99 v u_branch_unit._221_/A2 (sky130_fd_sc_hd__a211o_2)
                  0.07    0.37   15.36 v u_branch_unit._221_/X (sky130_fd_sc_hd__a211o_2)
     3    0.01                           u_branch_unit._073_ (net)
                  0.07    0.00   15.36 v u_branch_unit._225_/B2 (sky130_fd_sc_hd__a2bb2o_2)
                  0.06    0.26   15.62 v u_branch_unit._225_/X (sky130_fd_sc_hd__a2bb2o_2)
     2    0.01                           u_branch_unit._077_ (net)
                  0.06    0.00   15.62 v u_branch_unit._233_/A2 (sky130_fd_sc_hd__a31o_2)
                  0.04    0.23   15.85 v u_branch_unit._233_/X (sky130_fd_sc_hd__a31o_2)
     1    0.00                           u_branch_unit._085_ (net)
                  0.04    0.00   15.85 v u_branch_unit._234_/C1 (sky130_fd_sc_hd__a211o_2)
                  0.10    0.33   16.18 v u_branch_unit._234_/X (sky130_fd_sc_hd__a211o_2)
     2    0.02                           u_branch_unit.take_branch (net)
                  0.10    0.00   16.18 v u_pc_next_logic._0854_/A (sky130_fd_sc_hd__and2_2)
                  0.04    0.19   16.37 v u_pc_next_logic._0854_/X (sky130_fd_sc_hd__and2_2)
     1    0.00                           u_pc_next_logic._0109_ (net)
                  0.04    0.00   16.37 v u_pc_next_logic._0855_/A (sky130_fd_sc_hd__buf_1)
                  0.29    0.28   16.65 v u_pc_next_logic._0855_/X (sky130_fd_sc_hd__buf_1)
     8    0.05                           u_pc_next_logic._0110_ (net)
                  0.29    0.01   16.66 v u_pc_next_logic._1010_/A (sky130_fd_sc_hd__buf_1)
                  0.33    0.41   17.07 v u_pc_next_logic._1010_/X (sky130_fd_sc_hd__buf_1)
    10    0.06                           u_pc_next_logic._0258_ (net)
                  0.33    0.00   17.07 v u_pc_next_logic._1405_/A2 (sky130_fd_sc_hd__o21a_2)
                  0.04    0.31   17.38 v u_pc_next_logic._1405_/X (sky130_fd_sc_hd__o21a_2)
     1    0.00                           u_pc_next_logic._0637_ (net)
                  0.04    0.00   17.38 v u_pc_next_logic._1412_/A2 (sky130_fd_sc_hd__a22o_2)
                  0.06    0.28   17.66 v u_pc_next_logic._1412_/X (sky130_fd_sc_hd__a22o_2)
     1    0.01                           u_pc_next_logic._0644_ (net)
                  0.06    0.00   17.66 v u_pc_next_logic._1413_/A1 (sky130_fd_sc_hd__mux2_2)
                  0.05    0.26   17.92 v u_pc_next_logic._1413_/X (sky130_fd_sc_hd__mux2_2)
     1    0.00                           u_pc_next_logic._0645_ (net)
                  0.05    0.00   17.92 v u_pc_next_logic._1414_/A (sky130_fd_sc_hd__buf_1)
                  0.02    0.08   18.00 v u_pc_next_logic._1414_/X (sky130_fd_sc_hd__buf_1)
     1    0.00                           u_pc_next_logic.pc_next[23] (net)
                  0.02    0.00   18.00 v u_pc_reg._116_/B (sky130_fd_sc_hd__and2_2)
                  0.04    0.17   18.17 v u_pc_reg._116_/X (sky130_fd_sc_hd__and2_2)
     1    0.00                           u_pc_reg._040_ (net)
                  0.04    0.00   18.17 v u_pc_reg._117_/A (sky130_fd_sc_hd__buf_1)
                  0.03    0.08   18.26 v u_pc_reg._117_/X (sky130_fd_sc_hd__buf_1)
     1    0.00                           u_pc_reg._023_ (net)
                  0.03    0.00   18.26 v u_pc_reg._157_/D (sky130_fd_sc_hd__dfxtp_2)
                                 18.26   data arrival time

                  0.10   20.00   20.00   clock clk (rise edge)
                          0.00   20.00   clock network delay (ideal)
                         -0.20   19.80   clock uncertainty
                          0.00   19.80   clock reconvergence pessimism
                                 19.80 ^ u_pc_reg._157_/CLK (sky130_fd_sc_hd__dfxtp_2)
                         -0.09   19.71   library setup time
                                 19.71   data required time
-----------------------------------------------------------------------------
                                 19.71   data required time
                                -18.26   data arrival time
-----------------------------------------------------------------------------
                                  1.45   slack (MET)


Startpoint: u_imem.u_sram (falling edge-triggered flip-flop clocked by clk)
Endpoint: u_pc_reg._145_ (rising edge-triggered flip-flop clocked by clk)
Path Group: clk
Path Type: max

Fanout     Cap    Slew   Delay    Time   Description
-----------------------------------------------------------------------------
                  0.10   10.00   10.00   clock clk (fall edge)
                          0.00   10.00   clock network delay (ideal)
                  0.10    0.00   10.00 v u_imem.u_sram/clk1 (sky130_sram_1kbyte_1rw1r_32x256_8)
                  0.17    2.10   12.10 v u_imem.u_sram/dout1[22] (sky130_sram_1kbyte_1rw1r_32x256_8)
     6    0.31                           dbg_instr[22] (net)
                  0.13    0.18   12.28 v u_regfile._082_/B (sky130_fd_sc_hd__nor3_2)
                  0.70    0.60   12.88 ^ u_regfile._082_/Y (sky130_fd_sc_hd__nor3_2)
     8    0.04                           u_regfile._011_ (net)
                  0.70    0.00   12.88 ^ u_regfile._083_/A (sky130_fd_sc_hd__buf_1)
                  0.58    0.52   13.40 ^ u_regfile._083_/X (sky130_fd_sc_hd__buf_1)
     9    0.05                           u_regfile._012_ (net)
                  0.58    0.00   13.41 ^ u_regfile._089_/A2 (sky130_fd_sc_hd__a21boi_2)
                  0.27    0.30   13.71 v u_regfile._089_/Y (sky130_fd_sc_hd__a21boi_2)
     4    0.05                           u_branch_unit.rs2_val[5] (net)
                  0.27    0.01   13.71 v u_branch_unit._183_/A (sky130_fd_sc_hd__or2b_2)
                  0.06    0.39   14.10 v u_branch_unit._183_/X (sky130_fd_sc_hd__or2b_2)
     2    0.01                           u_branch_unit._035_ (net)
                  0.06    0.00   14.10 v u_branch_unit._186_/B1 (sky130_fd_sc_hd__o2111a_2)
                  0.04    0.15   14.26 v u_branch_unit._186_/X (sky130_fd_sc_hd__o2111a_2)
     1    0.00                           u_branch_unit._038_ (net)
                  0.04    0.00   14.26 v u_branch_unit._187_/C (sky130_fd_sc_hd__and3_2)
                  0.06    0.23   14.49 v u_branch_unit._187_/X (sky130_fd_sc_hd__and3_2)
     2    0.01                           u_branch_unit._039_ (net)
                  0.06    0.00   14.49 v u_branch_unit._205_/A1 (sky130_fd_sc_hd__a32o_2)
                  0.05    0.26   14.75 v u_branch_unit._205_/X (sky130_fd_sc_hd__a32o_2)
     1    0.01                           u_branch_unit._057_ (net)
                  0.05    0.00   14.75 v u_branch_unit._210_/A2 (sky130_fd_sc_hd__a21o_2)
                  0.06    0.24   14.99 v u_branch_unit._210_/X (sky130_fd_sc_hd__a21o_2)
     1    0.02                           u_branch_unit._062_ (net)
                  0.06    0.00   14.99 v u_branch_unit._221_/A2 (sky130_fd_sc_hd__a211o_2)
                  0.07    0.37   15.36 v u_branch_unit._221_/X (sky130_fd_sc_hd__a211o_2)
     3    0.01                           u_branch_unit._073_ (net)
                  0.07    0.00   15.36 v u_branch_unit._225_/B2 (sky130_fd_sc_hd__a2bb2o_2)
                  0.06    0.26   15.62 v u_branch_unit._225_/X (sky130_fd_sc_hd__a2bb2o_2)
     2    0.01                           u_branch_unit._077_ (net)
                  0.06    0.00   15.62 v u_branch_unit._233_/A2 (sky130_fd_sc_hd__a31o_2)
                  0.04    0.23   15.85 v u_branch_unit._233_/X (sky130_fd_sc_hd__a31o_2)
     1    0.00                           u_branch_unit._085_ (net)
                  0.04    0.00   15.85 v u_branch_unit._234_/C1 (sky130_fd_sc_hd__a211o_2)
                  0.10    0.33   16.18 v u_branch_unit._234_/X (sky130_fd_sc_hd__a211o_2)
     2    0.02                           u_branch_unit.take_branch (net)
                  0.10    0.00   16.18 v u_pc_next_logic._0854_/A (sky130_fd_sc_hd__and2_2)
                  0.04    0.19   16.37 v u_pc_next_logic._0854_/X (sky130_fd_sc_hd__and2_2)
     1    0.00                           u_pc_next_logic._0109_ (net)
                  0.04    0.00   16.37 v u_pc_next_logic._0855_/A (sky130_fd_sc_hd__buf_1)
                  0.29    0.28   16.65 v u_pc_next_logic._0855_/X (sky130_fd_sc_hd__buf_1)
     8    0.05                           u_pc_next_logic._0110_ (net)
                  0.29    0.01   16.66 v u_pc_next_logic._1010_/A (sky130_fd_sc_hd__buf_1)
                  0.33    0.41   17.07 v u_pc_next_logic._1010_/X (sky130_fd_sc_hd__buf_1)
    10    0.06                           u_pc_next_logic._0258_ (net)
                  0.33    0.01   17.07 v u_pc_next_logic._1111_/A2 (sky130_fd_sc_hd__o22a_2)
                  0.04    0.33   17.41 v u_pc_next_logic._1111_/X (sky130_fd_sc_hd__o22a_2)
     1    0.00                           u_pc_next_logic._0355_ (net)
                  0.04    0.00   17.41 v u_pc_next_logic._1112_/A1 (sky130_fd_sc_hd__mux2_2)
                  0.05    0.25   17.66 v u_pc_next_logic._1112_/X (sky130_fd_sc_hd__mux2_2)
     1    0.00                           u_pc_next_logic._0356_ (net)
                  0.05    0.00   17.66 v u_pc_next_logic._1113_/A1 (sky130_fd_sc_hd__mux2_2)
                  0.05    0.26   17.91 v u_pc_next_logic._1113_/X (sky130_fd_sc_hd__mux2_2)
     1    0.00                           u_pc_next_logic._0357_ (net)
                  0.05    0.00   17.91 v u_pc_next_logic._1114_/A (sky130_fd_sc_hd__buf_1)
                  0.02    0.08   18.00 v u_pc_next_logic._1114_/X (sky130_fd_sc_hd__buf_1)
     1    0.00                           u_pc_next_logic.pc_next[11] (net)
                  0.02    0.00   18.00 v u_pc_reg._091_/B (sky130_fd_sc_hd__and2_2)
                  0.04    0.17   18.17 v u_pc_reg._091_/X (sky130_fd_sc_hd__and2_2)
     1    0.00                           u_pc_reg._062_ (net)
                  0.04    0.00   18.17 v u_pc_reg._092_/A (sky130_fd_sc_hd__buf_1)
                  0.02    0.08   18.25 v u_pc_reg._092_/X (sky130_fd_sc_hd__buf_1)
     1    0.00                           u_pc_reg._011_ (net)
                  0.02    0.00   18.25 v u_pc_reg._145_/D (sky130_fd_sc_hd__dfxtp_2)
                                 18.25   data arrival time

                  0.10   20.00   20.00   clock clk (rise edge)
                          0.00   20.00   clock network delay (ideal)
                         -0.20   19.80   clock uncertainty
                          0.00   19.80   clock reconvergence pessimism
                                 19.80 ^ u_pc_reg._145_/CLK (sky130_fd_sc_hd__dfxtp_2)
                         -0.09   19.71   library setup time
                                 19.71   data required time
-----------------------------------------------------------------------------
                                 19.71   data required time
                                -18.25   data arrival time
-----------------------------------------------------------------------------
                                  1.46   slack (MET)


Startpoint: u_imem.u_sram (falling edge-triggered flip-flop clocked by clk)
Endpoint: u_pc_reg._147_ (rising edge-triggered flip-flop clocked by clk)
Path Group: clk
Path Type: max

Fanout     Cap    Slew   Delay    Time   Description
-----------------------------------------------------------------------------
                  0.10   10.00   10.00   clock clk (fall edge)
                          0.00   10.00   clock network delay (ideal)
                  0.10    0.00   10.00 v u_imem.u_sram/clk1 (sky130_sram_1kbyte_1rw1r_32x256_8)
                  0.17    2.10   12.10 v u_imem.u_sram/dout1[22] (sky130_sram_1kbyte_1rw1r_32x256_8)
     6    0.31                           dbg_instr[22] (net)
                  0.13    0.18   12.28 v u_regfile._082_/B (sky130_fd_sc_hd__nor3_2)
                  0.70    0.60   12.88 ^ u_regfile._082_/Y (sky130_fd_sc_hd__nor3_2)
     8    0.04                           u_regfile._011_ (net)
                  0.70    0.00   12.88 ^ u_regfile._083_/A (sky130_fd_sc_hd__buf_1)
                  0.58    0.52   13.40 ^ u_regfile._083_/X (sky130_fd_sc_hd__buf_1)
     9    0.05                           u_regfile._012_ (net)
                  0.58    0.00   13.41 ^ u_regfile._089_/A2 (sky130_fd_sc_hd__a21boi_2)
                  0.27    0.30   13.71 v u_regfile._089_/Y (sky130_fd_sc_hd__a21boi_2)
     4    0.05                           u_branch_unit.rs2_val[5] (net)
                  0.27    0.01   13.71 v u_branch_unit._183_/A (sky130_fd_sc_hd__or2b_2)
                  0.06    0.39   14.10 v u_branch_unit._183_/X (sky130_fd_sc_hd__or2b_2)
     2    0.01                           u_branch_unit._035_ (net)
                  0.06    0.00   14.10 v u_branch_unit._186_/B1 (sky130_fd_sc_hd__o2111a_2)
                  0.04    0.15   14.26 v u_branch_unit._186_/X (sky130_fd_sc_hd__o2111a_2)
     1    0.00                           u_branch_unit._038_ (net)
                  0.04    0.00   14.26 v u_branch_unit._187_/C (sky130_fd_sc_hd__and3_2)
                  0.06    0.23   14.49 v u_branch_unit._187_/X (sky130_fd_sc_hd__and3_2)
     2    0.01                           u_branch_unit._039_ (net)
                  0.06    0.00   14.49 v u_branch_unit._205_/A1 (sky130_fd_sc_hd__a32o_2)
                  0.05    0.26   14.75 v u_branch_unit._205_/X (sky130_fd_sc_hd__a32o_2)
     1    0.01                           u_branch_unit._057_ (net)
                  0.05    0.00   14.75 v u_branch_unit._210_/A2 (sky130_fd_sc_hd__a21o_2)
                  0.06    0.24   14.99 v u_branch_unit._210_/X (sky130_fd_sc_hd__a21o_2)
     1    0.02                           u_branch_unit._062_ (net)
                  0.06    0.00   14.99 v u_branch_unit._221_/A2 (sky130_fd_sc_hd__a211o_2)
                  0.07    0.37   15.36 v u_branch_unit._221_/X (sky130_fd_sc_hd__a211o_2)
     3    0.01                           u_branch_unit._073_ (net)
                  0.07    0.00   15.36 v u_branch_unit._225_/B2 (sky130_fd_sc_hd__a2bb2o_2)
                  0.06    0.26   15.62 v u_branch_unit._225_/X (sky130_fd_sc_hd__a2bb2o_2)
     2    0.01                           u_branch_unit._077_ (net)
                  0.06    0.00   15.62 v u_branch_unit._228_/A2 (sky130_fd_sc_hd__a21oi_2)
                  0.09    0.13   15.75 ^ u_branch_unit._228_/Y (sky130_fd_sc_hd__a21oi_2)
     1    0.00                           u_branch_unit._080_ (net)
                  0.09    0.00   15.75 ^ u_branch_unit._234_/B1 (sky130_fd_sc_hd__a211o_2)
                  0.12    0.17   15.92 ^ u_branch_unit._234_/X (sky130_fd_sc_hd__a211o_2)
     2    0.02                           u_branch_unit.take_branch (net)
                  0.12    0.00   15.93 ^ u_pc_next_logic._0854_/A (sky130_fd_sc_hd__and2_2)
                  0.04    0.15   16.08 ^ u_pc_next_logic._0854_/X (sky130_fd_sc_hd__and2_2)
     1    0.00                           u_pc_next_logic._0109_ (net)
                  0.04    0.00   16.08 ^ u_pc_next_logic._0855_/A (sky130_fd_sc_hd__buf_1)
                  0.61    0.47   16.55 ^ u_pc_next_logic._0855_/X (sky130_fd_sc_hd__buf_1)
     8    0.05                           u_pc_next_logic._0110_ (net)
                  0.61    0.01   16.56 ^ u_pc_next_logic._0856_/A (sky130_fd_sc_hd__buf_1)
                  0.75    0.64   17.19 ^ u_pc_next_logic._0856_/X (sky130_fd_sc_hd__buf_1)
    10    0.07                           u_pc_next_logic._0111_ (net)
                  0.75    0.00   17.20 ^ u_pc_next_logic._1158_/S (sky130_fd_sc_hd__mux2_2)
                  0.06    0.42   17.62 v u_pc_next_logic._1158_/X (sky130_fd_sc_hd__mux2_2)
     1    0.01                           u_pc_next_logic._0400_ (net)
                  0.06    0.00   17.62 v u_pc_next_logic._1159_/A2 (sky130_fd_sc_hd__a21oi_2)
                  0.13    0.13   17.75 ^ u_pc_next_logic._1159_/Y (sky130_fd_sc_hd__a21oi_2)
     1    0.00                           u_pc_next_logic._0401_ (net)
                  0.13    0.00   17.75 ^ u_pc_next_logic._1166_/A2_N (sky130_fd_sc_hd__o2bb2a_2)
                  0.04    0.22   17.97 v u_pc_next_logic._1166_/X (sky130_fd_sc_hd__o2bb2a_2)
     1    0.00                           u_pc_next_logic.pc_next[13] (net)
                  0.04    0.00   17.97 v u_pc_reg._095_/B (sky130_fd_sc_hd__and2_2)
                  0.04    0.18   18.15 v u_pc_reg._095_/X (sky130_fd_sc_hd__and2_2)
     1    0.00                           u_pc_reg._064_ (net)
                  0.04    0.00   18.15 v u_pc_reg._096_/A (sky130_fd_sc_hd__buf_1)
                  0.03    0.08   18.24 v u_pc_reg._096_/X (sky130_fd_sc_hd__buf_1)
     1    0.00                           u_pc_reg._013_ (net)
                  0.03    0.00   18.24 v u_pc_reg._147_/D (sky130_fd_sc_hd__dfxtp_2)
                                 18.24   data arrival time

                  0.10   20.00   20.00   clock clk (rise edge)
                          0.00   20.00   clock network delay (ideal)
                         -0.20   19.80   clock uncertainty
                          0.00   19.80   clock reconvergence pessimism
                                 19.80 ^ u_pc_reg._147_/CLK (sky130_fd_sc_hd__dfxtp_2)
                         -0.09   19.71   library setup time
                                 19.71   data required time
-----------------------------------------------------------------------------
                                 19.71   data required time
                                -18.24   data arrival time
-----------------------------------------------------------------------------
                                  1.47   slack (MET)


Startpoint: u_imem.u_sram (falling edge-triggered flip-flop clocked by clk)
Endpoint: u_pc_reg._156_ (rising edge-triggered flip-flop clocked by clk)
Path Group: clk
Path Type: max

Fanout     Cap    Slew   Delay    Time   Description
-----------------------------------------------------------------------------
                  0.10   10.00   10.00   clock clk (fall edge)
                          0.00   10.00   clock network delay (ideal)
                  0.10    0.00   10.00 v u_imem.u_sram/clk1 (sky130_sram_1kbyte_1rw1r_32x256_8)
                  0.17    2.10   12.10 v u_imem.u_sram/dout1[22] (sky130_sram_1kbyte_1rw1r_32x256_8)
     6    0.31                           dbg_instr[22] (net)
                  0.13    0.18   12.28 v u_regfile._082_/B (sky130_fd_sc_hd__nor3_2)
                  0.70    0.60   12.88 ^ u_regfile._082_/Y (sky130_fd_sc_hd__nor3_2)
     8    0.04                           u_regfile._011_ (net)
                  0.70    0.00   12.88 ^ u_regfile._083_/A (sky130_fd_sc_hd__buf_1)
                  0.58    0.52   13.40 ^ u_regfile._083_/X (sky130_fd_sc_hd__buf_1)
     9    0.05                           u_regfile._012_ (net)
                  0.58    0.00   13.41 ^ u_regfile._089_/A2 (sky130_fd_sc_hd__a21boi_2)
                  0.27    0.30   13.71 v u_regfile._089_/Y (sky130_fd_sc_hd__a21boi_2)
     4    0.05                           u_branch_unit.rs2_val[5] (net)
                  0.27    0.01   13.71 v u_branch_unit._183_/A (sky130_fd_sc_hd__or2b_2)
                  0.06    0.39   14.10 v u_branch_unit._183_/X (sky130_fd_sc_hd__or2b_2)
     2    0.01                           u_branch_unit._035_ (net)
                  0.06    0.00   14.10 v u_branch_unit._186_/B1 (sky130_fd_sc_hd__o2111a_2)
                  0.04    0.15   14.26 v u_branch_unit._186_/X (sky130_fd_sc_hd__o2111a_2)
     1    0.00                           u_branch_unit._038_ (net)
                  0.04    0.00   14.26 v u_branch_unit._187_/C (sky130_fd_sc_hd__and3_2)
                  0.06    0.23   14.49 v u_branch_unit._187_/X (sky130_fd_sc_hd__and3_2)
     2    0.01                           u_branch_unit._039_ (net)
                  0.06    0.00   14.49 v u_branch_unit._205_/A1 (sky130_fd_sc_hd__a32o_2)
                  0.05    0.26   14.75 v u_branch_unit._205_/X (sky130_fd_sc_hd__a32o_2)
     1    0.01                           u_branch_unit._057_ (net)
                  0.05    0.00   14.75 v u_branch_unit._210_/A2 (sky130_fd_sc_hd__a21o_2)
                  0.06    0.24   14.99 v u_branch_unit._210_/X (sky130_fd_sc_hd__a21o_2)
     1    0.02                           u_branch_unit._062_ (net)
                  0.06    0.00   14.99 v u_branch_unit._221_/A2 (sky130_fd_sc_hd__a211o_2)
                  0.07    0.37   15.36 v u_branch_unit._221_/X (sky130_fd_sc_hd__a211o_2)
     3    0.01                           u_branch_unit._073_ (net)
                  0.07    0.00   15.36 v u_branch_unit._225_/B2 (sky130_fd_sc_hd__a2bb2o_2)
                  0.06    0.26   15.62 v u_branch_unit._225_/X (sky130_fd_sc_hd__a2bb2o_2)
     2    0.01                           u_branch_unit._077_ (net)
                  0.06    0.00   15.62 v u_branch_unit._228_/A2 (sky130_fd_sc_hd__a21oi_2)
                  0.09    0.13   15.75 ^ u_branch_unit._228_/Y (sky130_fd_sc_hd__a21oi_2)
     1    0.00                           u_branch_unit._080_ (net)
                  0.09    0.00   15.75 ^ u_branch_unit._234_/B1 (sky130_fd_sc_hd__a211o_2)
                  0.12    0.17   15.92 ^ u_branch_unit._234_/X (sky130_fd_sc_hd__a211o_2)
     2    0.02                           u_branch_unit.take_branch (net)
                  0.12    0.00   15.93 ^ u_pc_next_logic._0854_/A (sky130_fd_sc_hd__and2_2)
                  0.04    0.15   16.08 ^ u_pc_next_logic._0854_/X (sky130_fd_sc_hd__and2_2)
     1    0.00                           u_pc_next_logic._0109_ (net)
                  0.04    0.00   16.08 ^ u_pc_next_logic._0855_/A (sky130_fd_sc_hd__buf_1)
                  0.61    0.47   16.55 ^ u_pc_next_logic._0855_/X (sky130_fd_sc_hd__buf_1)
     8    0.05                           u_pc_next_logic._0110_ (net)
                  0.61    0.01   16.56 ^ u_pc_next_logic._1010_/A (sky130_fd_sc_hd__buf_1)
                  0.70    0.60   17.16 ^ u_pc_next_logic._1010_/X (sky130_fd_sc_hd__buf_1)
    10    0.06                           u_pc_next_logic._0258_ (net)
                  0.70    0.00   17.16 ^ u_pc_next_logic._1382_/S (sky130_fd_sc_hd__mux2_2)
                  0.05    0.40   17.56 v u_pc_next_logic._1382_/X (sky130_fd_sc_hd__mux2_2)
     1    0.00                           u_pc_next_logic._0615_ (net)
                  0.05    0.00   17.56 v u_pc_next_logic._1383_/A2 (sky130_fd_sc_hd__o21a_2)
                  0.03    0.19   17.75 v u_pc_next_logic._1383_/X (sky130_fd_sc_hd__o21a_2)
     1    0.00                           u_pc_next_logic._0616_ (net)
                  0.03    0.00   17.75 v u_pc_next_logic._1393_/B1 (sky130_fd_sc_hd__a22o_2)
                  0.04    0.20   17.94 v u_pc_next_logic._1393_/X (sky130_fd_sc_hd__a22o_2)
     1    0.00                           u_pc_next_logic.pc_next[22] (net)
                  0.04    0.00   17.94 v u_pc_reg._114_/B (sky130_fd_sc_hd__and2_2)
                  0.04    0.18   18.12 v u_pc_reg._114_/X (sky130_fd_sc_hd__and2_2)
     1    0.00                           u_pc_reg._039_ (net)
                  0.04    0.00   18.12 v u_pc_reg._115_/A (sky130_fd_sc_hd__buf_1)
                  0.03    0.08   18.21 v u_pc_reg._115_/X (sky130_fd_sc_hd__buf_1)
     1    0.00                           u_pc_reg._022_ (net)
                  0.03    0.00   18.21 v u_pc_reg._156_/D (sky130_fd_sc_hd__dfxtp_2)
                                 18.21   data arrival time

                  0.10   20.00   20.00   clock clk (rise edge)
                          0.00   20.00   clock network delay (ideal)
                         -0.20   19.80   clock uncertainty
                          0.00   19.80   clock reconvergence pessimism
                                 19.80 ^ u_pc_reg._156_/CLK (sky130_fd_sc_hd__dfxtp_2)
                         -0.09   19.71   library setup time
                                 19.71   data required time
-----------------------------------------------------------------------------
                                 19.71   data required time
                                -18.21   data arrival time
-----------------------------------------------------------------------------
                                  1.50   slack (MET)


Startpoint: u_imem.u_sram (falling edge-triggered flip-flop clocked by clk)
Endpoint: u_pc_reg._158_ (rising edge-triggered flip-flop clocked by clk)
Path Group: clk
Path Type: max

Fanout     Cap    Slew   Delay    Time   Description
-----------------------------------------------------------------------------
                  0.10   10.00   10.00   clock clk (fall edge)
                          0.00   10.00   clock network delay (ideal)
                  0.10    0.00   10.00 v u_imem.u_sram/clk1 (sky130_sram_1kbyte_1rw1r_32x256_8)
                  0.17    2.10   12.10 v u_imem.u_sram/dout1[22] (sky130_sram_1kbyte_1rw1r_32x256_8)
     6    0.31                           dbg_instr[22] (net)
                  0.13    0.18   12.28 v u_regfile._082_/B (sky130_fd_sc_hd__nor3_2)
                  0.70    0.60   12.88 ^ u_regfile._082_/Y (sky130_fd_sc_hd__nor3_2)
     8    0.04                           u_regfile._011_ (net)
                  0.70    0.00   12.88 ^ u_regfile._083_/A (sky130_fd_sc_hd__buf_1)
                  0.58    0.52   13.40 ^ u_regfile._083_/X (sky130_fd_sc_hd__buf_1)
     9    0.05                           u_regfile._012_ (net)
                  0.58    0.00   13.41 ^ u_regfile._089_/A2 (sky130_fd_sc_hd__a21boi_2)
                  0.27    0.30   13.71 v u_regfile._089_/Y (sky130_fd_sc_hd__a21boi_2)
     4    0.05                           u_branch_unit.rs2_val[5] (net)
                  0.27    0.01   13.71 v u_branch_unit._183_/A (sky130_fd_sc_hd__or2b_2)
                  0.06    0.39   14.10 v u_branch_unit._183_/X (sky130_fd_sc_hd__or2b_2)
     2    0.01                           u_branch_unit._035_ (net)
                  0.06    0.00   14.10 v u_branch_unit._186_/B1 (sky130_fd_sc_hd__o2111a_2)
                  0.04    0.15   14.26 v u_branch_unit._186_/X (sky130_fd_sc_hd__o2111a_2)
     1    0.00                           u_branch_unit._038_ (net)
                  0.04    0.00   14.26 v u_branch_unit._187_/C (sky130_fd_sc_hd__and3_2)
                  0.06    0.23   14.49 v u_branch_unit._187_/X (sky130_fd_sc_hd__and3_2)
     2    0.01                           u_branch_unit._039_ (net)
                  0.06    0.00   14.49 v u_branch_unit._205_/A1 (sky130_fd_sc_hd__a32o_2)
                  0.05    0.26   14.75 v u_branch_unit._205_/X (sky130_fd_sc_hd__a32o_2)
     1    0.01                           u_branch_unit._057_ (net)
                  0.05    0.00   14.75 v u_branch_unit._210_/A2 (sky130_fd_sc_hd__a21o_2)
                  0.06    0.24   14.99 v u_branch_unit._210_/X (sky130_fd_sc_hd__a21o_2)
     1    0.02                           u_branch_unit._062_ (net)
                  0.06    0.00   14.99 v u_branch_unit._221_/A2 (sky130_fd_sc_hd__a211o_2)
                  0.07    0.37   15.36 v u_branch_unit._221_/X (sky130_fd_sc_hd__a211o_2)
     3    0.01                           u_branch_unit._073_ (net)
                  0.07    0.00   15.36 v u_branch_unit._225_/B2 (sky130_fd_sc_hd__a2bb2o_2)
                  0.06    0.26   15.62 v u_branch_unit._225_/X (sky130_fd_sc_hd__a2bb2o_2)
     2    0.01                           u_branch_unit._077_ (net)
                  0.06    0.00   15.62 v u_branch_unit._233_/A2 (sky130_fd_sc_hd__a31o_2)
                  0.04    0.23   15.85 v u_branch_unit._233_/X (sky130_fd_sc_hd__a31o_2)
     1    0.00                           u_branch_unit._085_ (net)
                  0.04    0.00   15.85 v u_branch_unit._234_/C1 (sky130_fd_sc_hd__a211o_2)
                  0.10    0.33   16.18 v u_branch_unit._234_/X (sky130_fd_sc_hd__a211o_2)
     2    0.02                           u_branch_unit.take_branch (net)
                  0.10    0.00   16.18 v u_pc_next_logic._0870_/A (sky130_fd_sc_hd__nand2_2)
                  0.35    0.30   16.48 ^ u_pc_next_logic._0870_/Y (sky130_fd_sc_hd__nand2_2)
    10    0.07                           u_pc_next_logic._0124_ (net)
                  0.35    0.01   16.49 ^ u_pc_next_logic._0905_/A (sky130_fd_sc_hd__buf_1)
                  0.68    0.57   17.06 ^ u_pc_next_logic._0905_/X (sky130_fd_sc_hd__buf_1)
    10    0.06                           u_pc_next_logic._0158_ (net)
                  0.68    0.00   17.06 ^ u_pc_next_logic._1436_/B1 (sky130_fd_sc_hd__a31o_2)
                  0.06    0.21   17.27 ^ u_pc_next_logic._1436_/X (sky130_fd_sc_hd__a31o_2)
     1    0.01                           u_pc_next_logic._0667_ (net)
                  0.06    0.00   17.27 ^ u_pc_next_logic._1437_/B (sky130_fd_sc_hd__nor2_2)
                  0.05    0.04   17.31 v u_pc_next_logic._1437_/Y (sky130_fd_sc_hd__nor2_2)
     1    0.00                           u_pc_next_logic._0668_ (net)
                  0.05    0.00   17.31 v u_pc_next_logic._1438_/B1 (sky130_fd_sc_hd__a211o_2)
                  0.07    0.33   17.64 v u_pc_next_logic._1438_/X (sky130_fd_sc_hd__a211o_2)
     1    0.01                           u_pc_next_logic._0669_ (net)
                  0.07    0.00   17.64 v u_pc_next_logic._1452_/A3 (sky130_fd_sc_hd__a31o_2)
                  0.04    0.24   17.89 v u_pc_next_logic._1452_/X (sky130_fd_sc_hd__a31o_2)
     1    0.00                           u_pc_next_logic.pc_next[24] (net)
                  0.04    0.00   17.89 v u_pc_reg._118_/B (sky130_fd_sc_hd__and2_2)
                  0.04    0.18   18.07 v u_pc_reg._118_/X (sky130_fd_sc_hd__and2_2)
     1    0.00                           u_pc_reg._041_ (net)
                  0.04    0.00   18.07 v u_pc_reg._119_/A (sky130_fd_sc_hd__buf_1)
                  0.03    0.08   18.15 v u_pc_reg._119_/X (sky130_fd_sc_hd__buf_1)
     1    0.00                           u_pc_reg._024_ (net)
                  0.03    0.00   18.15 v u_pc_reg._158_/D (sky130_fd_sc_hd__dfxtp_2)
                                 18.15   data arrival time

                  0.10   20.00   20.00   clock clk (rise edge)
                          0.00   20.00   clock network delay (ideal)
                         -0.20   19.80   clock uncertainty
                          0.00   19.80   clock reconvergence pessimism
                                 19.80 ^ u_pc_reg._158_/CLK (sky130_fd_sc_hd__dfxtp_2)
                         -0.09   19.71   library setup time
                                 19.71   data required time
-----------------------------------------------------------------------------
                                 19.71   data required time
                                -18.15   data arrival time
-----------------------------------------------------------------------------
                                  1.56   slack (MET)


Startpoint: u_imem.u_sram (falling edge-triggered flip-flop clocked by clk)
Endpoint: u_pc_reg._136_ (rising edge-triggered flip-flop clocked by clk)
Path Group: clk
Path Type: max

Fanout     Cap    Slew   Delay    Time   Description
-----------------------------------------------------------------------------
                  0.10   10.00   10.00   clock clk (fall edge)
                          0.00   10.00   clock network delay (ideal)
                  0.10    0.00   10.00 v u_imem.u_sram/clk1 (sky130_sram_1kbyte_1rw1r_32x256_8)
                  0.17    2.10   12.10 v u_imem.u_sram/dout1[22] (sky130_sram_1kbyte_1rw1r_32x256_8)
     6    0.31                           dbg_instr[22] (net)
                  0.13    0.18   12.28 v u_regfile._082_/B (sky130_fd_sc_hd__nor3_2)
                  0.70    0.60   12.88 ^ u_regfile._082_/Y (sky130_fd_sc_hd__nor3_2)
     8    0.04                           u_regfile._011_ (net)
                  0.70    0.00   12.88 ^ u_regfile._083_/A (sky130_fd_sc_hd__buf_1)
                  0.58    0.52   13.40 ^ u_regfile._083_/X (sky130_fd_sc_hd__buf_1)
     9    0.05                           u_regfile._012_ (net)
                  0.58    0.00   13.41 ^ u_regfile._089_/A2 (sky130_fd_sc_hd__a21boi_2)
                  0.27    0.30   13.71 v u_regfile._089_/Y (sky130_fd_sc_hd__a21boi_2)
     4    0.05                           u_branch_unit.rs2_val[5] (net)
                  0.27    0.01   13.71 v u_branch_unit._183_/A (sky130_fd_sc_hd__or2b_2)
                  0.06    0.39   14.10 v u_branch_unit._183_/X (sky130_fd_sc_hd__or2b_2)
     2    0.01                           u_branch_unit._035_ (net)
                  0.06    0.00   14.10 v u_branch_unit._186_/B1 (sky130_fd_sc_hd__o2111a_2)
                  0.04    0.15   14.26 v u_branch_unit._186_/X (sky130_fd_sc_hd__o2111a_2)
     1    0.00                           u_branch_unit._038_ (net)
                  0.04    0.00   14.26 v u_branch_unit._187_/C (sky130_fd_sc_hd__and3_2)
                  0.06    0.23   14.49 v u_branch_unit._187_/X (sky130_fd_sc_hd__and3_2)
     2    0.01                           u_branch_unit._039_ (net)
                  0.06    0.00   14.49 v u_branch_unit._205_/A1 (sky130_fd_sc_hd__a32o_2)
                  0.05    0.26   14.75 v u_branch_unit._205_/X (sky130_fd_sc_hd__a32o_2)
     1    0.01                           u_branch_unit._057_ (net)
                  0.05    0.00   14.75 v u_branch_unit._210_/A2 (sky130_fd_sc_hd__a21o_2)
                  0.06    0.24   14.99 v u_branch_unit._210_/X (sky130_fd_sc_hd__a21o_2)
     1    0.02                           u_branch_unit._062_ (net)
                  0.06    0.00   14.99 v u_branch_unit._221_/A2 (sky130_fd_sc_hd__a211o_2)
                  0.07    0.37   15.36 v u_branch_unit._221_/X (sky130_fd_sc_hd__a211o_2)
     3    0.01                           u_branch_unit._073_ (net)
                  0.07    0.00   15.36 v u_branch_unit._225_/B2 (sky130_fd_sc_hd__a2bb2o_2)
                  0.06    0.26   15.62 v u_branch_unit._225_/X (sky130_fd_sc_hd__a2bb2o_2)
     2    0.01                           u_branch_unit._077_ (net)
                  0.06    0.00   15.62 v u_branch_unit._233_/A2 (sky130_fd_sc_hd__a31o_2)
                  0.04    0.23   15.85 v u_branch_unit._233_/X (sky130_fd_sc_hd__a31o_2)
     1    0.00                           u_branch_unit._085_ (net)
                  0.04    0.00   15.85 v u_branch_unit._234_/C1 (sky130_fd_sc_hd__a211o_2)
                  0.10    0.33   16.18 v u_branch_unit._234_/X (sky130_fd_sc_hd__a211o_2)
     2    0.02                           u_branch_unit.take_branch (net)
                  0.10    0.00   16.18 v u_pc_next_logic._0854_/A (sky130_fd_sc_hd__and2_2)
                  0.04    0.19   16.37 v u_pc_next_logic._0854_/X (sky130_fd_sc_hd__and2_2)
     1    0.00                           u_pc_next_logic._0109_ (net)
                  0.04    0.00   16.37 v u_pc_next_logic._0855_/A (sky130_fd_sc_hd__buf_1)
                  0.29    0.28   16.65 v u_pc_next_logic._0855_/X (sky130_fd_sc_hd__buf_1)
     8    0.05                           u_pc_next_logic._0110_ (net)
                  0.29    0.01   16.66 v u_pc_next_logic._0856_/A (sky130_fd_sc_hd__buf_1)
                  0.36    0.43   17.09 v u_pc_next_logic._0856_/X (sky130_fd_sc_hd__buf_1)
    10    0.06                           u_pc_next_logic._0111_ (net)
                  0.36    0.01   17.10 v u_pc_next_logic._0908_/A2 (sky130_fd_sc_hd__o221a_2)
                  0.05    0.40   17.49 v u_pc_next_logic._0908_/X (sky130_fd_sc_hd__o221a_2)
     1    0.00                           u_pc_next_logic._0161_ (net)
                  0.05    0.00   17.49 v u_pc_next_logic._0910_/B1 (sky130_fd_sc_hd__a211o_2)
                  0.09    0.36   17.85 v u_pc_next_logic._0910_/X (sky130_fd_sc_hd__a211o_2)
     1    0.02                           u_pc_next_logic._0163_ (net)
                  0.09    0.00   17.85 v u_pc_next_logic._0911_/B1 (sky130_fd_sc_hd__o21ai_2)
                  0.11    0.08   17.93 ^ u_pc_next_logic._0911_/Y (sky130_fd_sc_hd__o21ai_2)
     1    0.01                           u_pc_next_logic.pc_next[2] (net)
                  0.11    0.00   17.93 ^ u_pc_reg._072_/B (sky130_fd_sc_hd__and2_2)
                  0.05    0.15   18.08 ^ u_pc_reg._072_/X (sky130_fd_sc_hd__and2_2)
     1    0.00                           u_pc_reg._052_ (net)
                  0.05    0.00   18.08 ^ u_pc_reg._073_/A (sky130_fd_sc_hd__buf_1)
                  0.04    0.08   18.16 ^ u_pc_reg._073_/X (sky130_fd_sc_hd__buf_1)
     1    0.00                           u_pc_reg._002_ (net)
                  0.04    0.00   18.16 ^ u_pc_reg._136_/D (sky130_fd_sc_hd__dfxtp_2)
                                 18.16   data arrival time

                  0.10   20.00   20.00   clock clk (rise edge)
                          0.00   20.00   clock network delay (ideal)
                         -0.20   19.80   clock uncertainty
                          0.00   19.80   clock reconvergence pessimism
                                 19.80 ^ u_pc_reg._136_/CLK (sky130_fd_sc_hd__dfxtp_2)
                         -0.05   19.75   library setup time
                                 19.75   data required time
-----------------------------------------------------------------------------
                                 19.75   data required time
                                -18.16   data arrival time
-----------------------------------------------------------------------------
                                  1.60   slack (MET)


Startpoint: u_imem.u_sram (falling edge-triggered flip-flop clocked by clk)
Endpoint: u_pc_reg._144_ (rising edge-triggered flip-flop clocked by clk)
Path Group: clk
Path Type: max

Fanout     Cap    Slew   Delay    Time   Description
-----------------------------------------------------------------------------
                  0.10   10.00   10.00   clock clk (fall edge)
                          0.00   10.00   clock network delay (ideal)
                  0.10    0.00   10.00 v u_imem.u_sram/clk1 (sky130_sram_1kbyte_1rw1r_32x256_8)
                  0.17    2.10   12.10 v u_imem.u_sram/dout1[22] (sky130_sram_1kbyte_1rw1r_32x256_8)
     6    0.31                           dbg_instr[22] (net)
                  0.13    0.18   12.28 v u_regfile._082_/B (sky130_fd_sc_hd__nor3_2)
                  0.70    0.60   12.88 ^ u_regfile._082_/Y (sky130_fd_sc_hd__nor3_2)
     8    0.04                           u_regfile._011_ (net)
                  0.70    0.00   12.88 ^ u_regfile._083_/A (sky130_fd_sc_hd__buf_1)
                  0.58    0.52   13.40 ^ u_regfile._083_/X (sky130_fd_sc_hd__buf_1)
     9    0.05                           u_regfile._012_ (net)
                  0.58    0.00   13.41 ^ u_regfile._089_/A2 (sky130_fd_sc_hd__a21boi_2)
                  0.27    0.30   13.71 v u_regfile._089_/Y (sky130_fd_sc_hd__a21boi_2)
     4    0.05                           u_branch_unit.rs2_val[5] (net)
                  0.27    0.01   13.71 v u_branch_unit._183_/A (sky130_fd_sc_hd__or2b_2)
                  0.06    0.39   14.10 v u_branch_unit._183_/X (sky130_fd_sc_hd__or2b_2)
     2    0.01                           u_branch_unit._035_ (net)
                  0.06    0.00   14.10 v u_branch_unit._186_/B1 (sky130_fd_sc_hd__o2111a_2)
                  0.04    0.15   14.26 v u_branch_unit._186_/X (sky130_fd_sc_hd__o2111a_2)
     1    0.00                           u_branch_unit._038_ (net)
                  0.04    0.00   14.26 v u_branch_unit._187_/C (sky130_fd_sc_hd__and3_2)
                  0.06    0.23   14.49 v u_branch_unit._187_/X (sky130_fd_sc_hd__and3_2)
     2    0.01                           u_branch_unit._039_ (net)
                  0.06    0.00   14.49 v u_branch_unit._205_/A1 (sky130_fd_sc_hd__a32o_2)
                  0.05    0.26   14.75 v u_branch_unit._205_/X (sky130_fd_sc_hd__a32o_2)
     1    0.01                           u_branch_unit._057_ (net)
                  0.05    0.00   14.75 v u_branch_unit._210_/A2 (sky130_fd_sc_hd__a21o_2)
                  0.06    0.24   14.99 v u_branch_unit._210_/X (sky130_fd_sc_hd__a21o_2)
     1    0.02                           u_branch_unit._062_ (net)
                  0.06    0.00   14.99 v u_branch_unit._221_/A2 (sky130_fd_sc_hd__a211o_2)
                  0.07    0.37   15.36 v u_branch_unit._221_/X (sky130_fd_sc_hd__a211o_2)
     3    0.01                           u_branch_unit._073_ (net)
                  0.07    0.00   15.36 v u_branch_unit._225_/B2 (sky130_fd_sc_hd__a2bb2o_2)
                  0.06    0.26   15.62 v u_branch_unit._225_/X (sky130_fd_sc_hd__a2bb2o_2)
     2    0.01                           u_branch_unit._077_ (net)
                  0.06    0.00   15.62 v u_branch_unit._228_/A2 (sky130_fd_sc_hd__a21oi_2)
                  0.09    0.13   15.75 ^ u_branch_unit._228_/Y (sky130_fd_sc_hd__a21oi_2)
     1    0.00                           u_branch_unit._080_ (net)
                  0.09    0.00   15.75 ^ u_branch_unit._234_/B1 (sky130_fd_sc_hd__a211o_2)
                  0.12    0.17   15.92 ^ u_branch_unit._234_/X (sky130_fd_sc_hd__a211o_2)
     2    0.02                           u_branch_unit.take_branch (net)
                  0.12    0.00   15.93 ^ u_pc_next_logic._0854_/A (sky130_fd_sc_hd__and2_2)
                  0.04    0.15   16.08 ^ u_pc_next_logic._0854_/X (sky130_fd_sc_hd__and2_2)
     1    0.00                           u_pc_next_logic._0109_ (net)
                  0.04    0.00   16.08 ^ u_pc_next_logic._0855_/A (sky130_fd_sc_hd__buf_1)
                  0.61    0.47   16.55 ^ u_pc_next_logic._0855_/X (sky130_fd_sc_hd__buf_1)
     8    0.05                           u_pc_next_logic._0110_ (net)
                  0.61    0.01   16.56 ^ u_pc_next_logic._1010_/A (sky130_fd_sc_hd__buf_1)
                  0.70    0.60   17.16 ^ u_pc_next_logic._1010_/X (sky130_fd_sc_hd__buf_1)
    10    0.06                           u_pc_next_logic._0258_ (net)
                  0.70    0.01   17.16 ^ u_pc_next_logic._1083_/A (sky130_fd_sc_hd__nand2_2)
                  0.10    0.06   17.23 v u_pc_next_logic._1083_/Y (sky130_fd_sc_hd__nand2_2)
     1    0.00                           u_pc_next_logic._0328_ (net)
                  0.10    0.00   17.23 v u_pc_next_logic._1084_/B1 (sky130_fd_sc_hd__a31o_2)
                  0.04    0.23   17.46 v u_pc_next_logic._1084_/X (sky130_fd_sc_hd__a31o_2)
     1    0.00                           u_pc_next_logic._0329_ (net)
                  0.04    0.00   17.46 v u_pc_next_logic._1093_/A1 (sky130_fd_sc_hd__a221o_2)
                  0.09    0.40   17.86 v u_pc_next_logic._1093_/X (sky130_fd_sc_hd__a221o_2)
     1    0.02                           u_pc_next_logic._0338_ (net)
                  0.09    0.00   17.86 v u_pc_next_logic._1094_/B1 (sky130_fd_sc_hd__o31ai_2)
                  0.16    0.07   17.92 ^ u_pc_next_logic._1094_/Y (sky130_fd_sc_hd__o31ai_2)
     1    0.00                           u_pc_next_logic.pc_next[10] (net)
                  0.16    0.00   17.92 ^ u_pc_reg._088_/B (sky130_fd_sc_hd__and2_2)
                  0.04    0.16   18.08 ^ u_pc_reg._088_/X (sky130_fd_sc_hd__and2_2)
     1    0.00                           u_pc_reg._060_ (net)
                  0.04    0.00   18.08 ^ u_pc_reg._089_/A (sky130_fd_sc_hd__buf_1)
                  0.04    0.07   18.16 ^ u_pc_reg._089_/X (sky130_fd_sc_hd__buf_1)
     1    0.00                           u_pc_reg._010_ (net)
                  0.04    0.00   18.16 ^ u_pc_reg._144_/D (sky130_fd_sc_hd__dfxtp_2)
                                 18.16   data arrival time

                  0.10   20.00   20.00   clock clk (rise edge)
                          0.00   20.00   clock network delay (ideal)
                         -0.20   19.80   clock uncertainty
                          0.00   19.80   clock reconvergence pessimism
                                 19.80 ^ u_pc_reg._144_/CLK (sky130_fd_sc_hd__dfxtp_2)
                         -0.05   19.75   library setup time
                                 19.75   data required time
-----------------------------------------------------------------------------
                                 19.75   data required time
                                -18.16   data arrival time
-----------------------------------------------------------------------------
                                  1.60   slack (MET)


Startpoint: u_imem.u_sram (falling edge-triggered flip-flop clocked by clk)
Endpoint: u_pc_reg._161_ (rising edge-triggered flip-flop clocked by clk)
Path Group: clk
Path Type: max

Fanout     Cap    Slew   Delay    Time   Description
-----------------------------------------------------------------------------
                  0.10   10.00   10.00   clock clk (fall edge)
                          0.00   10.00   clock network delay (ideal)
                  0.10    0.00   10.00 v u_imem.u_sram/clk1 (sky130_sram_1kbyte_1rw1r_32x256_8)
                  0.17    2.10   12.10 v u_imem.u_sram/dout1[22] (sky130_sram_1kbyte_1rw1r_32x256_8)
     6    0.31                           dbg_instr[22] (net)
                  0.13    0.18   12.28 v u_regfile._082_/B (sky130_fd_sc_hd__nor3_2)
                  0.70    0.60   12.88 ^ u_regfile._082_/Y (sky130_fd_sc_hd__nor3_2)
     8    0.04                           u_regfile._011_ (net)
                  0.70    0.00   12.88 ^ u_regfile._083_/A (sky130_fd_sc_hd__buf_1)
                  0.58    0.52   13.40 ^ u_regfile._083_/X (sky130_fd_sc_hd__buf_1)
     9    0.05                           u_regfile._012_ (net)
                  0.58    0.00   13.41 ^ u_regfile._089_/A2 (sky130_fd_sc_hd__a21boi_2)
                  0.27    0.30   13.71 v u_regfile._089_/Y (sky130_fd_sc_hd__a21boi_2)
     4    0.05                           u_branch_unit.rs2_val[5] (net)
                  0.27    0.01   13.71 v u_branch_unit._183_/A (sky130_fd_sc_hd__or2b_2)
                  0.06    0.39   14.10 v u_branch_unit._183_/X (sky130_fd_sc_hd__or2b_2)
     2    0.01                           u_branch_unit._035_ (net)
                  0.06    0.00   14.10 v u_branch_unit._186_/B1 (sky130_fd_sc_hd__o2111a_2)
                  0.04    0.15   14.26 v u_branch_unit._186_/X (sky130_fd_sc_hd__o2111a_2)
     1    0.00                           u_branch_unit._038_ (net)
                  0.04    0.00   14.26 v u_branch_unit._187_/C (sky130_fd_sc_hd__and3_2)
                  0.06    0.23   14.49 v u_branch_unit._187_/X (sky130_fd_sc_hd__and3_2)
     2    0.01                           u_branch_unit._039_ (net)
                  0.06    0.00   14.49 v u_branch_unit._205_/A1 (sky130_fd_sc_hd__a32o_2)
                  0.05    0.26   14.75 v u_branch_unit._205_/X (sky130_fd_sc_hd__a32o_2)
     1    0.01                           u_branch_unit._057_ (net)
                  0.05    0.00   14.75 v u_branch_unit._210_/A2 (sky130_fd_sc_hd__a21o_2)
                  0.06    0.24   14.99 v u_branch_unit._210_/X (sky130_fd_sc_hd__a21o_2)
     1    0.02                           u_branch_unit._062_ (net)
                  0.06    0.00   14.99 v u_branch_unit._221_/A2 (sky130_fd_sc_hd__a211o_2)
                  0.07    0.37   15.36 v u_branch_unit._221_/X (sky130_fd_sc_hd__a211o_2)
     3    0.01                           u_branch_unit._073_ (net)
                  0.07    0.00   15.36 v u_branch_unit._225_/B2 (sky130_fd_sc_hd__a2bb2o_2)
                  0.06    0.26   15.62 v u_branch_unit._225_/X (sky130_fd_sc_hd__a2bb2o_2)
     2    0.01                           u_branch_unit._077_ (net)
                  0.06    0.00   15.62 v u_branch_unit._228_/A2 (sky130_fd_sc_hd__a21oi_2)
                  0.09    0.13   15.75 ^ u_branch_unit._228_/Y (sky130_fd_sc_hd__a21oi_2)
     1    0.00                           u_branch_unit._080_ (net)
                  0.09    0.00   15.75 ^ u_branch_unit._234_/B1 (sky130_fd_sc_hd__a211o_2)
                  0.12    0.17   15.92 ^ u_branch_unit._234_/X (sky130_fd_sc_hd__a211o_2)
     2    0.02                           u_branch_unit.take_branch (net)
                  0.12    0.00   15.93 ^ u_pc_next_logic._0854_/A (sky130_fd_sc_hd__and2_2)
                  0.04    0.15   16.08 ^ u_pc_next_logic._0854_/X (sky130_fd_sc_hd__and2_2)
     1    0.00                           u_pc_next_logic._0109_ (net)
                  0.04    0.00   16.08 ^ u_pc_next_logic._0855_/A (sky130_fd_sc_hd__buf_1)
                  0.61    0.47   16.55 ^ u_pc_next_logic._0855_/X (sky130_fd_sc_hd__buf_1)
     8    0.05                           u_pc_next_logic._0110_ (net)
                  0.61    0.01   16.56 ^ u_pc_next_logic._1010_/A (sky130_fd_sc_hd__buf_1)
                  0.70    0.60   17.16 ^ u_pc_next_logic._1010_/X (sky130_fd_sc_hd__buf_1)
    10    0.06                           u_pc_next_logic._0258_ (net)
                  0.70    0.00   17.16 ^ u_pc_next_logic._1505_/B1 (sky130_fd_sc_hd__o21ai_2)
                  0.11    0.10   17.25 v u_pc_next_logic._1505_/Y (sky130_fd_sc_hd__o21ai_2)
     1    0.00                           u_pc_next_logic._0733_ (net)
                  0.11    0.00   17.25 v u_pc_next_logic._1506_/B1 (sky130_fd_sc_hd__a21o_2)
                  0.04    0.21   17.46 v u_pc_next_logic._1506_/X (sky130_fd_sc_hd__a21o_2)
     1    0.00                           u_pc_next_logic._0734_ (net)
                  0.04    0.00   17.46 v u_pc_next_logic._1507_/B1 (sky130_fd_sc_hd__o211a_2)
                  0.06    0.14   17.60 v u_pc_next_logic._1507_/X (sky130_fd_sc_hd__o211a_2)
     1    0.01                           u_pc_next_logic._0735_ (net)
                  0.06    0.00   17.61 v u_pc_next_logic._1514_/B1 (sky130_fd_sc_hd__o22a_2)
                  0.03    0.19   17.80 v u_pc_next_logic._1514_/X (sky130_fd_sc_hd__o22a_2)
     1    0.00                           u_pc_next_logic.pc_next[27] (net)
                  0.03    0.00   17.80 v u_pc_reg._124_/B (sky130_fd_sc_hd__and2_2)
                  0.04    0.18   17.97 v u_pc_reg._124_/X (sky130_fd_sc_hd__and2_2)
     1    0.00                           u_pc_reg._044_ (net)
                  0.04    0.00   17.97 v u_pc_reg._125_/A (sky130_fd_sc_hd__buf_1)
                  0.02    0.08   18.05 v u_pc_reg._125_/X (sky130_fd_sc_hd__buf_1)
     1    0.00                           u_pc_reg._027_ (net)
                  0.02    0.00   18.05 v u_pc_reg._161_/D (sky130_fd_sc_hd__dfxtp_2)
                                 18.05   data arrival time

                  0.10   20.00   20.00   clock clk (rise edge)
                          0.00   20.00   clock network delay (ideal)
                         -0.20   19.80   clock uncertainty
                          0.00   19.80   clock reconvergence pessimism
                                 19.80 ^ u_pc_reg._161_/CLK (sky130_fd_sc_hd__dfxtp_2)
                         -0.09   19.71   library setup time
                                 19.71   data required time
-----------------------------------------------------------------------------
                                 19.71   data required time
                                -18.05   data arrival time
-----------------------------------------------------------------------------
                                  1.66   slack (MET)


Startpoint: u_imem.u_sram (falling edge-triggered flip-flop clocked by clk)
Endpoint: u_pc_reg._142_ (rising edge-triggered flip-flop clocked by clk)
Path Group: clk
Path Type: max

Fanout     Cap    Slew   Delay    Time   Description
-----------------------------------------------------------------------------
                  0.10   10.00   10.00   clock clk (fall edge)
                          0.00   10.00   clock network delay (ideal)
                  0.10    0.00   10.00 v u_imem.u_sram/clk1 (sky130_sram_1kbyte_1rw1r_32x256_8)
                  0.17    2.10   12.10 v u_imem.u_sram/dout1[22] (sky130_sram_1kbyte_1rw1r_32x256_8)
     6    0.31                           dbg_instr[22] (net)
                  0.13    0.18   12.28 v u_regfile._082_/B (sky130_fd_sc_hd__nor3_2)
                  0.70    0.60   12.88 ^ u_regfile._082_/Y (sky130_fd_sc_hd__nor3_2)
     8    0.04                           u_regfile._011_ (net)
                  0.70    0.00   12.88 ^ u_regfile._083_/A (sky130_fd_sc_hd__buf_1)
                  0.58    0.52   13.40 ^ u_regfile._083_/X (sky130_fd_sc_hd__buf_1)
     9    0.05                           u_regfile._012_ (net)
                  0.58    0.00   13.41 ^ u_regfile._089_/A2 (sky130_fd_sc_hd__a21boi_2)
                  0.27    0.30   13.71 v u_regfile._089_/Y (sky130_fd_sc_hd__a21boi_2)
     4    0.05                           u_branch_unit.rs2_val[5] (net)
                  0.27    0.01   13.71 v u_branch_unit._183_/A (sky130_fd_sc_hd__or2b_2)
                  0.06    0.39   14.10 v u_branch_unit._183_/X (sky130_fd_sc_hd__or2b_2)
     2    0.01                           u_branch_unit._035_ (net)
                  0.06    0.00   14.10 v u_branch_unit._186_/B1 (sky130_fd_sc_hd__o2111a_2)
                  0.04    0.15   14.26 v u_branch_unit._186_/X (sky130_fd_sc_hd__o2111a_2)
     1    0.00                           u_branch_unit._038_ (net)
                  0.04    0.00   14.26 v u_branch_unit._187_/C (sky130_fd_sc_hd__and3_2)
                  0.06    0.23   14.49 v u_branch_unit._187_/X (sky130_fd_sc_hd__and3_2)
     2    0.01                           u_branch_unit._039_ (net)
                  0.06    0.00   14.49 v u_branch_unit._205_/A1 (sky130_fd_sc_hd__a32o_2)
                  0.05    0.26   14.75 v u_branch_unit._205_/X (sky130_fd_sc_hd__a32o_2)
     1    0.01                           u_branch_unit._057_ (net)
                  0.05    0.00   14.75 v u_branch_unit._210_/A2 (sky130_fd_sc_hd__a21o_2)
                  0.06    0.24   14.99 v u_branch_unit._210_/X (sky130_fd_sc_hd__a21o_2)
     1    0.02                           u_branch_unit._062_ (net)
                  0.06    0.00   14.99 v u_branch_unit._221_/A2 (sky130_fd_sc_hd__a211o_2)
                  0.07    0.37   15.36 v u_branch_unit._221_/X (sky130_fd_sc_hd__a211o_2)
     3    0.01                           u_branch_unit._073_ (net)
                  0.07    0.00   15.36 v u_branch_unit._225_/B2 (sky130_fd_sc_hd__a2bb2o_2)
                  0.06    0.26   15.62 v u_branch_unit._225_/X (sky130_fd_sc_hd__a2bb2o_2)
     2    0.01                           u_branch_unit._077_ (net)
                  0.06    0.00   15.62 v u_branch_unit._233_/A2 (sky130_fd_sc_hd__a31o_2)
                  0.04    0.23   15.85 v u_branch_unit._233_/X (sky130_fd_sc_hd__a31o_2)
     1    0.00                           u_branch_unit._085_ (net)
                  0.04    0.00   15.85 v u_branch_unit._234_/C1 (sky130_fd_sc_hd__a211o_2)
                  0.10    0.33   16.18 v u_branch_unit._234_/X (sky130_fd_sc_hd__a211o_2)
     2    0.02                           u_branch_unit.take_branch (net)
                  0.10    0.00   16.18 v u_pc_next_logic._0854_/A (sky130_fd_sc_hd__and2_2)
                  0.04    0.19   16.37 v u_pc_next_logic._0854_/X (sky130_fd_sc_hd__and2_2)
     1    0.00                           u_pc_next_logic._0109_ (net)
                  0.04    0.00   16.37 v u_pc_next_logic._0855_/A (sky130_fd_sc_hd__buf_1)
                  0.29    0.28   16.65 v u_pc_next_logic._0855_/X (sky130_fd_sc_hd__buf_1)
     8    0.05                           u_pc_next_logic._0110_ (net)
                  0.29    0.00   16.66 v u_pc_next_logic._1040_/B1 (sky130_fd_sc_hd__o21a_2)
                  0.03    0.22   16.87 v u_pc_next_logic._1040_/X (sky130_fd_sc_hd__o21a_2)
     1    0.00                           u_pc_next_logic._0287_ (net)
                  0.03    0.00   16.87 v u_pc_next_logic._1041_/B2 (sky130_fd_sc_hd__a221o_2)
                  0.06    0.36   17.23 v u_pc_next_logic._1041_/X (sky130_fd_sc_hd__a221o_2)
     1    0.00                           u_pc_next_logic._0288_ (net)
                  0.06    0.00   17.23 v u_pc_next_logic._1042_/B1_N (sky130_fd_sc_hd__a21boi_2)
                  0.17    0.18   17.41 v u_pc_next_logic._1042_/Y (sky130_fd_sc_hd__a21boi_2)
     1    0.01                           u_pc_next_logic._0289_ (net)
                  0.17    0.00   17.41 v u_pc_next_logic._1053_/A0 (sky130_fd_sc_hd__mux2_2)
                  0.05    0.30   17.71 v u_pc_next_logic._1053_/X (sky130_fd_sc_hd__mux2_2)
     1    0.00                           u_pc_next_logic._0300_ (net)
                  0.05    0.00   17.71 v u_pc_next_logic._1054_/A (sky130_fd_sc_hd__buf_1)
                  0.02    0.08   17.79 v u_pc_next_logic._1054_/X (sky130_fd_sc_hd__buf_1)
     1    0.00                           u_pc_next_logic.pc_next[8] (net)
                  0.02    0.00   17.79 v u_pc_reg._084_/B (sky130_fd_sc_hd__and2_2)
                  0.04    0.17   17.96 v u_pc_reg._084_/X (sky130_fd_sc_hd__and2_2)
     1    0.00                           u_pc_reg._058_ (net)
                  0.04    0.00   17.96 v u_pc_reg._085_/A (sky130_fd_sc_hd__buf_1)
                  0.02    0.08   18.04 v u_pc_reg._085_/X (sky130_fd_sc_hd__buf_1)
     1    0.00                           u_pc_reg._008_ (net)
                  0.02    0.00   18.04 v u_pc_reg._142_/D (sky130_fd_sc_hd__dfxtp_2)
                                 18.04   data arrival time

                  0.10   20.00   20.00   clock clk (rise edge)
                          0.00   20.00   clock network delay (ideal)
                         -0.20   19.80   clock uncertainty
                          0.00   19.80   clock reconvergence pessimism
                                 19.80 ^ u_pc_reg._142_/CLK (sky130_fd_sc_hd__dfxtp_2)
                         -0.09   19.71   library setup time
                                 19.71   data required time
-----------------------------------------------------------------------------
                                 19.71   data required time
                                -18.04   data arrival time
-----------------------------------------------------------------------------
                                  1.67   slack (MET)


Startpoint: u_imem.u_sram (falling edge-triggered flip-flop clocked by clk)
Endpoint: u_pc_reg._160_ (rising edge-triggered flip-flop clocked by clk)
Path Group: clk
Path Type: max

Fanout     Cap    Slew   Delay    Time   Description
-----------------------------------------------------------------------------
                  0.10   10.00   10.00   clock clk (fall edge)
                          0.00   10.00   clock network delay (ideal)
                  0.10    0.00   10.00 v u_imem.u_sram/clk1 (sky130_sram_1kbyte_1rw1r_32x256_8)
                  0.17    2.10   12.10 v u_imem.u_sram/dout1[22] (sky130_sram_1kbyte_1rw1r_32x256_8)
     6    0.31                           dbg_instr[22] (net)
                  0.13    0.18   12.28 v u_regfile._082_/B (sky130_fd_sc_hd__nor3_2)
                  0.70    0.60   12.88 ^ u_regfile._082_/Y (sky130_fd_sc_hd__nor3_2)
     8    0.04                           u_regfile._011_ (net)
                  0.70    0.00   12.88 ^ u_regfile._083_/A (sky130_fd_sc_hd__buf_1)
                  0.58    0.52   13.40 ^ u_regfile._083_/X (sky130_fd_sc_hd__buf_1)
     9    0.05                           u_regfile._012_ (net)
                  0.58    0.00   13.41 ^ u_regfile._089_/A2 (sky130_fd_sc_hd__a21boi_2)
                  0.27    0.30   13.71 v u_regfile._089_/Y (sky130_fd_sc_hd__a21boi_2)
     4    0.05                           u_branch_unit.rs2_val[5] (net)
                  0.27    0.01   13.71 v u_branch_unit._183_/A (sky130_fd_sc_hd__or2b_2)
                  0.06    0.39   14.10 v u_branch_unit._183_/X (sky130_fd_sc_hd__or2b_2)
     2    0.01                           u_branch_unit._035_ (net)
                  0.06    0.00   14.10 v u_branch_unit._186_/B1 (sky130_fd_sc_hd__o2111a_2)
                  0.04    0.15   14.26 v u_branch_unit._186_/X (sky130_fd_sc_hd__o2111a_2)
     1    0.00                           u_branch_unit._038_ (net)
                  0.04    0.00   14.26 v u_branch_unit._187_/C (sky130_fd_sc_hd__and3_2)
                  0.06    0.23   14.49 v u_branch_unit._187_/X (sky130_fd_sc_hd__and3_2)
     2    0.01                           u_branch_unit._039_ (net)
                  0.06    0.00   14.49 v u_branch_unit._205_/A1 (sky130_fd_sc_hd__a32o_2)
                  0.05    0.26   14.75 v u_branch_unit._205_/X (sky130_fd_sc_hd__a32o_2)
     1    0.01                           u_branch_unit._057_ (net)
                  0.05    0.00   14.75 v u_branch_unit._210_/A2 (sky130_fd_sc_hd__a21o_2)
                  0.06    0.24   14.99 v u_branch_unit._210_/X (sky130_fd_sc_hd__a21o_2)
     1    0.02                           u_branch_unit._062_ (net)
                  0.06    0.00   14.99 v u_branch_unit._221_/A2 (sky130_fd_sc_hd__a211o_2)
                  0.07    0.37   15.36 v u_branch_unit._221_/X (sky130_fd_sc_hd__a211o_2)
     3    0.01                           u_branch_unit._073_ (net)
                  0.07    0.00   15.36 v u_branch_unit._225_/B2 (sky130_fd_sc_hd__a2bb2o_2)
                  0.06    0.26   15.62 v u_branch_unit._225_/X (sky130_fd_sc_hd__a2bb2o_2)
     2    0.01                           u_branch_unit._077_ (net)
                  0.06    0.00   15.62 v u_branch_unit._233_/A2 (sky130_fd_sc_hd__a31o_2)
                  0.04    0.23   15.85 v u_branch_unit._233_/X (sky130_fd_sc_hd__a31o_2)
     1    0.00                           u_branch_unit._085_ (net)
                  0.04    0.00   15.85 v u_branch_unit._234_/C1 (sky130_fd_sc_hd__a211o_2)
                  0.10    0.33   16.18 v u_branch_unit._234_/X (sky130_fd_sc_hd__a211o_2)
     2    0.02                           u_branch_unit.take_branch (net)
                  0.10    0.00   16.18 v u_pc_next_logic._0854_/A (sky130_fd_sc_hd__and2_2)
                  0.04    0.19   16.37 v u_pc_next_logic._0854_/X (sky130_fd_sc_hd__and2_2)
     1    0.00                           u_pc_next_logic._0109_ (net)
                  0.04    0.00   16.37 v u_pc_next_logic._0855_/A (sky130_fd_sc_hd__buf_1)
                  0.29    0.28   16.65 v u_pc_next_logic._0855_/X (sky130_fd_sc_hd__buf_1)
     8    0.05                           u_pc_next_logic._0110_ (net)
                  0.29    0.01   16.66 v u_pc_next_logic._1480_/B1 (sky130_fd_sc_hd__o21a_2)
                  0.03    0.22   16.88 v u_pc_next_logic._1480_/X (sky130_fd_sc_hd__o21a_2)
     1    0.00                           u_pc_next_logic._0709_ (net)
                  0.03    0.00   16.88 v u_pc_next_logic._1481_/B2 (sky130_fd_sc_hd__a22o_2)
                  0.05    0.24   17.11 v u_pc_next_logic._1481_/X (sky130_fd_sc_hd__a22o_2)
     1    0.01                           u_pc_next_logic._0710_ (net)
                  0.05    0.00   17.11 v u_pc_next_logic._1488_/A0 (sky130_fd_sc_hd__mux2_2)
                  0.10    0.32   17.44 v u_pc_next_logic._1488_/X (sky130_fd_sc_hd__mux2_2)
     1    0.02                           u_pc_next_logic._0717_ (net)
                  0.10    0.00   17.44 v u_pc_next_logic._1494_/A0 (sky130_fd_sc_hd__mux2_2)
                  0.05    0.27   17.71 v u_pc_next_logic._1494_/X (sky130_fd_sc_hd__mux2_2)
     1    0.00                           u_pc_next_logic._0723_ (net)
                  0.05    0.00   17.71 v u_pc_next_logic._1495_/A (sky130_fd_sc_hd__buf_1)
                  0.02    0.08   17.79 v u_pc_next_logic._1495_/X (sky130_fd_sc_hd__buf_1)
     1    0.00                           u_pc_next_logic.pc_next[26] (net)
                  0.02    0.00   17.79 v u_pc_reg._122_/B (sky130_fd_sc_hd__and2_2)
                  0.04    0.17   17.96 v u_pc_reg._122_/X (sky130_fd_sc_hd__and2_2)
     1    0.00                           u_pc_reg._043_ (net)
                  0.04    0.00   17.96 v u_pc_reg._123_/A (sky130_fd_sc_hd__buf_1)
                  0.02    0.08   18.04 v u_pc_reg._123_/X (sky130_fd_sc_hd__buf_1)
     1    0.00                           u_pc_reg._026_ (net)
                  0.02    0.00   18.04 v u_pc_reg._160_/D (sky130_fd_sc_hd__dfxtp_2)
                                 18.04   data arrival time

                  0.10   20.00   20.00   clock clk (rise edge)
                          0.00   20.00   clock network delay (ideal)
                         -0.20   19.80   clock uncertainty
                          0.00   19.80   clock reconvergence pessimism
                                 19.80 ^ u_pc_reg._160_/CLK (sky130_fd_sc_hd__dfxtp_2)
                         -0.09   19.71   library setup time
                                 19.71   data required time
-----------------------------------------------------------------------------
                                 19.71   data required time
                                -18.04   data arrival time
-----------------------------------------------------------------------------
                                  1.67   slack (MET)


Startpoint: u_imem.u_sram (falling edge-triggered flip-flop clocked by clk)
Endpoint: u_pc_reg._165_ (rising edge-triggered flip-flop clocked by clk)
Path Group: clk
Path Type: max

Fanout     Cap    Slew   Delay    Time   Description
-----------------------------------------------------------------------------
                  0.10   10.00   10.00   clock clk (fall edge)
                          0.00   10.00   clock network delay (ideal)
                  0.10    0.00   10.00 v u_imem.u_sram/clk1 (sky130_sram_1kbyte_1rw1r_32x256_8)
                  0.17    2.10   12.10 v u_imem.u_sram/dout1[22] (sky130_sram_1kbyte_1rw1r_32x256_8)
     6    0.31                           dbg_instr[22] (net)
                  0.13    0.18   12.28 v u_regfile._082_/B (sky130_fd_sc_hd__nor3_2)
                  0.70    0.60   12.88 ^ u_regfile._082_/Y (sky130_fd_sc_hd__nor3_2)
     8    0.04                           u_regfile._011_ (net)
                  0.70    0.00   12.88 ^ u_regfile._083_/A (sky130_fd_sc_hd__buf_1)
                  0.58    0.52   13.40 ^ u_regfile._083_/X (sky130_fd_sc_hd__buf_1)
     9    0.05                           u_regfile._012_ (net)
                  0.58    0.00   13.41 ^ u_regfile._089_/A2 (sky130_fd_sc_hd__a21boi_2)
                  0.27    0.30   13.71 v u_regfile._089_/Y (sky130_fd_sc_hd__a21boi_2)
     4    0.05                           u_branch_unit.rs2_val[5] (net)
                  0.27    0.01   13.71 v u_branch_unit._183_/A (sky130_fd_sc_hd__or2b_2)
                  0.06    0.39   14.10 v u_branch_unit._183_/X (sky130_fd_sc_hd__or2b_2)
     2    0.01                           u_branch_unit._035_ (net)
                  0.06    0.00   14.10 v u_branch_unit._186_/B1 (sky130_fd_sc_hd__o2111a_2)
                  0.04    0.15   14.26 v u_branch_unit._186_/X (sky130_fd_sc_hd__o2111a_2)
     1    0.00                           u_branch_unit._038_ (net)
                  0.04    0.00   14.26 v u_branch_unit._187_/C (sky130_fd_sc_hd__and3_2)
                  0.06    0.23   14.49 v u_branch_unit._187_/X (sky130_fd_sc_hd__and3_2)
     2    0.01                           u_branch_unit._039_ (net)
                  0.06    0.00   14.49 v u_branch_unit._205_/A1 (sky130_fd_sc_hd__a32o_2)
                  0.05    0.26   14.75 v u_branch_unit._205_/X (sky130_fd_sc_hd__a32o_2)
     1    0.01                           u_branch_unit._057_ (net)
                  0.05    0.00   14.75 v u_branch_unit._210_/A2 (sky130_fd_sc_hd__a21o_2)
                  0.06    0.24   14.99 v u_branch_unit._210_/X (sky130_fd_sc_hd__a21o_2)
     1    0.02                           u_branch_unit._062_ (net)
                  0.06    0.00   14.99 v u_branch_unit._221_/A2 (sky130_fd_sc_hd__a211o_2)
                  0.07    0.37   15.36 v u_branch_unit._221_/X (sky130_fd_sc_hd__a211o_2)
     3    0.01                           u_branch_unit._073_ (net)
                  0.07    0.00   15.36 v u_branch_unit._225_/B2 (sky130_fd_sc_hd__a2bb2o_2)
                  0.06    0.26   15.62 v u_branch_unit._225_/X (sky130_fd_sc_hd__a2bb2o_2)
     2    0.01                           u_branch_unit._077_ (net)
                  0.06    0.00   15.62 v u_branch_unit._233_/A2 (sky130_fd_sc_hd__a31o_2)
                  0.04    0.23   15.85 v u_branch_unit._233_/X (sky130_fd_sc_hd__a31o_2)
     1    0.00                           u_branch_unit._085_ (net)
                  0.04    0.00   15.85 v u_branch_unit._234_/C1 (sky130_fd_sc_hd__a211o_2)
                  0.10    0.33   16.18 v u_branch_unit._234_/X (sky130_fd_sc_hd__a211o_2)
     2    0.02                           u_branch_unit.take_branch (net)
                  0.10    0.00   16.18 v u_pc_next_logic._0854_/A (sky130_fd_sc_hd__and2_2)
                  0.04    0.19   16.37 v u_pc_next_logic._0854_/X (sky130_fd_sc_hd__and2_2)
     1    0.00                           u_pc_next_logic._0109_ (net)
                  0.04    0.00   16.37 v u_pc_next_logic._0855_/A (sky130_fd_sc_hd__buf_1)
                  0.29    0.28   16.65 v u_pc_next_logic._0855_/X (sky130_fd_sc_hd__buf_1)
     8    0.05                           u_pc_next_logic._0110_ (net)
                  0.29    0.01   16.66 v u_pc_next_logic._0856_/A (sky130_fd_sc_hd__buf_1)
                  0.36    0.43   17.09 v u_pc_next_logic._0856_/X (sky130_fd_sc_hd__buf_1)
    10    0.06                           u_pc_next_logic._0111_ (net)
                  0.36    0.00   17.09 v u_pc_next_logic._1598_/A2 (sky130_fd_sc_hd__o221a_2)
                  0.10    0.46   17.55 v u_pc_next_logic._1598_/X (sky130_fd_sc_hd__o221a_2)
     1    0.02                           u_pc_next_logic._0051_ (net)
                  0.10    0.00   17.55 v u_pc_next_logic._1603_/B1 (sky130_fd_sc_hd__o32a_2)
                  0.05    0.20   17.75 v u_pc_next_logic._1603_/X (sky130_fd_sc_hd__o32a_2)
     1    0.00                           u_pc_next_logic.pc_next[31] (net)
                  0.05    0.00   17.75 v u_pc_reg._132_/B (sky130_fd_sc_hd__and2_2)
                  0.04    0.18   17.93 v u_pc_reg._132_/X (sky130_fd_sc_hd__and2_2)
     1    0.00                           u_pc_reg._048_ (net)
                  0.04    0.00   17.93 v u_pc_reg._133_/A (sky130_fd_sc_hd__buf_1)
                  0.02    0.08   18.01 v u_pc_reg._133_/X (sky130_fd_sc_hd__buf_1)
     1    0.00                           u_pc_reg._031_ (net)
                  0.02    0.00   18.01 v u_pc_reg._165_/D (sky130_fd_sc_hd__dfxtp_2)
                                 18.01   data arrival time

                  0.10   20.00   20.00   clock clk (rise edge)
                          0.00   20.00   clock network delay (ideal)
                         -0.20   19.80   clock uncertainty
                          0.00   19.80   clock reconvergence pessimism
                                 19.80 ^ u_pc_reg._165_/CLK (sky130_fd_sc_hd__dfxtp_2)
                         -0.09   19.71   library setup time
                                 19.71   data required time
-----------------------------------------------------------------------------
                                 19.71   data required time
                                -18.01   data arrival time
-----------------------------------------------------------------------------
                                  1.70   slack (MET)


Startpoint: u_imem.u_sram (falling edge-triggered flip-flop clocked by clk)
Endpoint: u_dmem.u_sram (falling edge-triggered flip-flop clocked by clk)
Path Group: clk
Path Type: max

Fanout     Cap    Slew   Delay    Time   Description
-----------------------------------------------------------------------------
                  0.10   10.00   10.00   clock clk (fall edge)
                          0.00   10.00   clock network delay (ideal)
                  0.10    0.00   10.00 v u_imem.u_sram/clk1 (sky130_sram_1kbyte_1rw1r_32x256_8)
                  0.15    1.86   11.86 v u_imem.u_sram/dout1[6] (sky130_sram_1kbyte_1rw1r_32x256_8)
     8    0.27                           dbg_instr[6] (net)
                  0.11    0.18   12.03 v u_decoder_controller._17_/B (sky130_fd_sc_hd__or3b_2)
                  0.13    0.54   12.57 v u_decoder_controller._17_/X (sky130_fd_sc_hd__or3b_2)
     4    0.02                           u_decoder_controller._03_ (net)
                  0.13    0.00   12.57 v u_decoder_controller._26_/A2 (sky130_fd_sc_hd__a21oi_2)
                  0.15    0.20   12.77 ^ u_decoder_controller._26_/Y (sky130_fd_sc_hd__a21oi_2)
     3    0.01                           u_decoder_controller._08_ (net)
                  0.15    0.00   12.77 ^ u_decoder_controller._32_/B1 (sky130_fd_sc_hd__a21o_2)
                  0.11    0.18   12.95 ^ u_decoder_controller._32_/X (sky130_fd_sc_hd__a21o_2)
     5    0.02                           u_decoder_controller.alu_src (net)
                  0.11    0.00   12.95 ^ _271_/A (sky130_fd_sc_hd__buf_1)
                  0.48    0.40   13.35 ^ _271_/X (sky130_fd_sc_hd__buf_1)
    10    0.04                           _004_ (net)
                  0.48    0.00   13.35 ^ _275_/S (sky130_fd_sc_hd__mux2_2)
                  0.06    0.25   13.60 ^ _275_/X (sky130_fd_sc_hd__mux2_2)
     1    0.00                           _007_ (net)
                  0.06    0.00   13.60 ^ _276_/A (sky130_fd_sc_hd__buf_1)
                  0.07    0.10   13.70 ^ _276_/X (sky130_fd_sc_hd__buf_1)
     2    0.01                           u_alu.B[1] (net)
                  0.07    0.00   13.70 ^ u_alu._1163_/A (sky130_fd_sc_hd__buf_1)
                  0.93    0.69   14.39 ^ u_alu._1163_/X (sky130_fd_sc_hd__buf_1)
    10    0.08                           u_alu._0286_ (net)
                  0.93    0.02   14.41 ^ u_alu._1186_/A (sky130_fd_sc_hd__buf_1)
                  0.62    0.55   14.97 ^ u_alu._1186_/X (sky130_fd_sc_hd__buf_1)
    10    0.05                           u_alu._0309_ (net)
                  0.62    0.00   14.97 ^ u_alu._1263_/A (sky130_fd_sc_hd__buf_1)
                  0.61    0.54   15.51 ^ u_alu._1263_/X (sky130_fd_sc_hd__buf_1)
    10    0.05                           u_alu._0386_ (net)
                  0.61    0.00   15.51 ^ u_alu._1273_/A (sky130_fd_sc_hd__buf_1)
                  0.62    0.55   16.06 ^ u_alu._1273_/X (sky130_fd_sc_hd__buf_1)
    10    0.05                           u_alu._0396_ (net)
                  0.62    0.00   16.06 ^ u_alu._1274_/S1 (sky130_fd_sc_hd__mux4_2)
                  0.10    0.43   16.50 v u_alu._1274_/X (sky130_fd_sc_hd__mux4_2)
     2    0.01                           u_alu._0397_ (net)
                  0.10    0.00   16.50 v u_alu._1280_/A0 (sky130_fd_sc_hd__mux2_2)
                  0.06    0.29   16.78 v u_alu._1280_/X (sky130_fd_sc_hd__mux2_2)
     2    0.01                           u_alu._0403_ (net)
                  0.06    0.00   16.78 v u_alu._1688_/A (sky130_fd_sc_hd__and2_2)
                  0.06    0.20   16.99 v u_alu._1688_/X (sky130_fd_sc_hd__and2_2)
     2    0.01                           u_alu._0803_ (net)
                  0.06    0.00   16.99 v u_alu._2156_/A1 (sky130_fd_sc_hd__o21a_2)
                  0.06    0.24   17.23 v u_alu._2156_/X (sky130_fd_sc_hd__o21a_2)
     1    0.01                           u_alu._0147_ (net)
                  0.06    0.00   17.23 v u_alu._2159_/B (sky130_fd_sc_hd__or3b_2)
                  0.09    0.46   17.68 v u_alu._2159_/X (sky130_fd_sc_hd__or3b_2)
     1    0.01                           u_alu._0150_ (net)
                  0.09    0.00   17.68 v u_alu._2160_/B1 (sky130_fd_sc_hd__a31o_2)
                  0.10    0.30   17.99 v u_alu._2160_/X (sky130_fd_sc_hd__a31o_2)
     2    0.03                           u_alu.Result[6] (net)
                  0.14    0.00   17.99 v u_dmem.u_sram/addr0[4] (sky130_sram_1kbyte_1rw1r_32x256_8)
                                 17.99   data arrival time

                  0.10   20.00   20.00   clock clk (rise edge)
                          0.00   20.00   clock network delay (ideal)
                         -0.20   19.80   clock uncertainty
                          0.00   19.80   clock reconvergence pessimism
                                 19.80 ^ u_dmem.u_sram/clk0 (sky130_sram_1kbyte_1rw1r_32x256_8)
                         -0.10   19.70   library setup time
                                 19.70   data required time
-----------------------------------------------------------------------------
                                 19.70   data required time
                                -17.99   data arrival time
-----------------------------------------------------------------------------
                                  1.70   slack (MET)


Startpoint: u_imem.u_sram (falling edge-triggered flip-flop clocked by clk)
Endpoint: u_pc_reg._150_ (rising edge-triggered flip-flop clocked by clk)
Path Group: clk
Path Type: max

Fanout     Cap    Slew   Delay    Time   Description
-----------------------------------------------------------------------------
                  0.10   10.00   10.00   clock clk (fall edge)
                          0.00   10.00   clock network delay (ideal)
                  0.10    0.00   10.00 v u_imem.u_sram/clk1 (sky130_sram_1kbyte_1rw1r_32x256_8)
                  0.17    2.10   12.10 v u_imem.u_sram/dout1[22] (sky130_sram_1kbyte_1rw1r_32x256_8)
     6    0.31                           dbg_instr[22] (net)
                  0.13    0.18   12.28 v u_regfile._082_/B (sky130_fd_sc_hd__nor3_2)
                  0.70    0.60   12.88 ^ u_regfile._082_/Y (sky130_fd_sc_hd__nor3_2)
     8    0.04                           u_regfile._011_ (net)
                  0.70    0.00   12.88 ^ u_regfile._083_/A (sky130_fd_sc_hd__buf_1)
                  0.58    0.52   13.40 ^ u_regfile._083_/X (sky130_fd_sc_hd__buf_1)
     9    0.05                           u_regfile._012_ (net)
                  0.58    0.00   13.41 ^ u_regfile._089_/A2 (sky130_fd_sc_hd__a21boi_2)
                  0.27    0.30   13.71 v u_regfile._089_/Y (sky130_fd_sc_hd__a21boi_2)
     4    0.05                           u_branch_unit.rs2_val[5] (net)
                  0.27    0.01   13.71 v u_branch_unit._183_/A (sky130_fd_sc_hd__or2b_2)
                  0.06    0.39   14.10 v u_branch_unit._183_/X (sky130_fd_sc_hd__or2b_2)
     2    0.01                           u_branch_unit._035_ (net)
                  0.06    0.00   14.10 v u_branch_unit._186_/B1 (sky130_fd_sc_hd__o2111a_2)
                  0.04    0.15   14.26 v u_branch_unit._186_/X (sky130_fd_sc_hd__o2111a_2)
     1    0.00                           u_branch_unit._038_ (net)
                  0.04    0.00   14.26 v u_branch_unit._187_/C (sky130_fd_sc_hd__and3_2)
                  0.06    0.23   14.49 v u_branch_unit._187_/X (sky130_fd_sc_hd__and3_2)
     2    0.01                           u_branch_unit._039_ (net)
                  0.06    0.00   14.49 v u_branch_unit._205_/A1 (sky130_fd_sc_hd__a32o_2)
                  0.05    0.26   14.75 v u_branch_unit._205_/X (sky130_fd_sc_hd__a32o_2)
     1    0.01                           u_branch_unit._057_ (net)
                  0.05    0.00   14.75 v u_branch_unit._210_/A2 (sky130_fd_sc_hd__a21o_2)
                  0.06    0.24   14.99 v u_branch_unit._210_/X (sky130_fd_sc_hd__a21o_2)
     1    0.02                           u_branch_unit._062_ (net)
                  0.06    0.00   14.99 v u_branch_unit._221_/A2 (sky130_fd_sc_hd__a211o_2)
                  0.07    0.37   15.36 v u_branch_unit._221_/X (sky130_fd_sc_hd__a211o_2)
     3    0.01                           u_branch_unit._073_ (net)
                  0.07    0.00   15.36 v u_branch_unit._225_/B2 (sky130_fd_sc_hd__a2bb2o_2)
                  0.06    0.26   15.62 v u_branch_unit._225_/X (sky130_fd_sc_hd__a2bb2o_2)
     2    0.01                           u_branch_unit._077_ (net)
                  0.06    0.00   15.62 v u_branch_unit._228_/A2 (sky130_fd_sc_hd__a21oi_2)
                  0.09    0.13   15.75 ^ u_branch_unit._228_/Y (sky130_fd_sc_hd__a21oi_2)
     1    0.00                           u_branch_unit._080_ (net)
                  0.09    0.00   15.75 ^ u_branch_unit._234_/B1 (sky130_fd_sc_hd__a211o_2)
                  0.12    0.17   15.92 ^ u_branch_unit._234_/X (sky130_fd_sc_hd__a211o_2)
     2    0.02                           u_branch_unit.take_branch (net)
                  0.12    0.00   15.93 ^ u_pc_next_logic._0854_/A (sky130_fd_sc_hd__and2_2)
                  0.04    0.15   16.08 ^ u_pc_next_logic._0854_/X (sky130_fd_sc_hd__and2_2)
     1    0.00                           u_pc_next_logic._0109_ (net)
                  0.04    0.00   16.08 ^ u_pc_next_logic._0855_/A (sky130_fd_sc_hd__buf_1)
                  0.61    0.47   16.55 ^ u_pc_next_logic._0855_/X (sky130_fd_sc_hd__buf_1)
     8    0.05                           u_pc_next_logic._0110_ (net)
                  0.61    0.01   16.56 ^ u_pc_next_logic._0856_/A (sky130_fd_sc_hd__buf_1)
                  0.75    0.64   17.19 ^ u_pc_next_logic._0856_/X (sky130_fd_sc_hd__buf_1)
    10    0.07                           u_pc_next_logic._0111_ (net)
                  0.75    0.00   17.20 ^ u_pc_next_logic._1236_/B1 (sky130_fd_sc_hd__o21ai_2)
                  0.11    0.10   17.29 v u_pc_next_logic._1236_/Y (sky130_fd_sc_hd__o21ai_2)
     1    0.00                           u_pc_next_logic._0475_ (net)
                  0.11    0.00   17.29 v u_pc_next_logic._1237_/B1 (sky130_fd_sc_hd__a21o_2)
                  0.07    0.25   17.54 v u_pc_next_logic._1237_/X (sky130_fd_sc_hd__a21o_2)
     1    0.02                           u_pc_next_logic._0476_ (net)
                  0.07    0.00   17.55 v u_pc_next_logic._1239_/A1 (sky130_fd_sc_hd__a21oi_2)
                  0.13    0.12   17.67 ^ u_pc_next_logic._1239_/Y (sky130_fd_sc_hd__a21oi_2)
     1    0.00                           u_pc_next_logic._0478_ (net)
                  0.13    0.00   17.67 ^ u_pc_next_logic._1253_/B1 (sky130_fd_sc_hd__a32o_2)
                  0.05    0.13   17.80 ^ u_pc_next_logic._1253_/X (sky130_fd_sc_hd__a32o_2)
     1    0.00                           u_pc_next_logic.pc_next[16] (net)
                  0.05    0.00   17.80 ^ u_pc_reg._101_/B (sky130_fd_sc_hd__and2_2)
                  0.05    0.13   17.92 ^ u_pc_reg._101_/X (sky130_fd_sc_hd__and2_2)
     1    0.00                           u_pc_reg._032_ (net)
                  0.05    0.00   17.92 ^ u_pc_reg._102_/A (sky130_fd_sc_hd__buf_1)
                  0.03    0.07   18.00 ^ u_pc_reg._102_/X (sky130_fd_sc_hd__buf_1)
     1    0.00                           u_pc_reg._016_ (net)
                  0.03    0.00   18.00 ^ u_pc_reg._150_/D (sky130_fd_sc_hd__dfxtp_2)
                                 18.00   data arrival time

                  0.10   20.00   20.00   clock clk (rise edge)
                          0.00   20.00   clock network delay (ideal)
                         -0.20   19.80   clock uncertainty
                          0.00   19.80   clock reconvergence pessimism
                                 19.80 ^ u_pc_reg._150_/CLK (sky130_fd_sc_hd__dfxtp_2)
                         -0.05   19.75   library setup time
                                 19.75   data required time
-----------------------------------------------------------------------------
                                 19.75   data required time
                                -18.00   data arrival time
-----------------------------------------------------------------------------
                                  1.75   slack (MET)


Startpoint: u_imem.u_sram (falling edge-triggered flip-flop clocked by clk)
Endpoint: u_pc_reg._140_ (rising edge-triggered flip-flop clocked by clk)
Path Group: clk
Path Type: max

Fanout     Cap    Slew   Delay    Time   Description
-----------------------------------------------------------------------------
                  0.10   10.00   10.00   clock clk (fall edge)
                          0.00   10.00   clock network delay (ideal)
                  0.10    0.00   10.00 v u_imem.u_sram/clk1 (sky130_sram_1kbyte_1rw1r_32x256_8)
                  0.17    2.10   12.10 v u_imem.u_sram/dout1[22] (sky130_sram_1kbyte_1rw1r_32x256_8)
     6    0.31                           dbg_instr[22] (net)
                  0.13    0.18   12.28 v u_regfile._082_/B (sky130_fd_sc_hd__nor3_2)
                  0.70    0.60   12.88 ^ u_regfile._082_/Y (sky130_fd_sc_hd__nor3_2)
     8    0.04                           u_regfile._011_ (net)
                  0.70    0.00   12.88 ^ u_regfile._083_/A (sky130_fd_sc_hd__buf_1)
                  0.58    0.52   13.40 ^ u_regfile._083_/X (sky130_fd_sc_hd__buf_1)
     9    0.05                           u_regfile._012_ (net)
                  0.58    0.00   13.41 ^ u_regfile._089_/A2 (sky130_fd_sc_hd__a21boi_2)
                  0.27    0.30   13.71 v u_regfile._089_/Y (sky130_fd_sc_hd__a21boi_2)
     4    0.05                           u_branch_unit.rs2_val[5] (net)
                  0.27    0.01   13.71 v u_branch_unit._183_/A (sky130_fd_sc_hd__or2b_2)
                  0.06    0.39   14.10 v u_branch_unit._183_/X (sky130_fd_sc_hd__or2b_2)
     2    0.01                           u_branch_unit._035_ (net)
                  0.06    0.00   14.10 v u_branch_unit._186_/B1 (sky130_fd_sc_hd__o2111a_2)
                  0.04    0.15   14.26 v u_branch_unit._186_/X (sky130_fd_sc_hd__o2111a_2)
     1    0.00                           u_branch_unit._038_ (net)
                  0.04    0.00   14.26 v u_branch_unit._187_/C (sky130_fd_sc_hd__and3_2)
                  0.06    0.23   14.49 v u_branch_unit._187_/X (sky130_fd_sc_hd__and3_2)
     2    0.01                           u_branch_unit._039_ (net)
                  0.06    0.00   14.49 v u_branch_unit._205_/A1 (sky130_fd_sc_hd__a32o_2)
                  0.05    0.26   14.75 v u_branch_unit._205_/X (sky130_fd_sc_hd__a32o_2)
     1    0.01                           u_branch_unit._057_ (net)
                  0.05    0.00   14.75 v u_branch_unit._210_/A2 (sky130_fd_sc_hd__a21o_2)
                  0.06    0.24   14.99 v u_branch_unit._210_/X (sky130_fd_sc_hd__a21o_2)
     1    0.02                           u_branch_unit._062_ (net)
                  0.06    0.00   14.99 v u_branch_unit._221_/A2 (sky130_fd_sc_hd__a211o_2)
                  0.07    0.37   15.36 v u_branch_unit._221_/X (sky130_fd_sc_hd__a211o_2)
     3    0.01                           u_branch_unit._073_ (net)
                  0.07    0.00   15.36 v u_branch_unit._225_/B2 (sky130_fd_sc_hd__a2bb2o_2)
                  0.06    0.26   15.62 v u_branch_unit._225_/X (sky130_fd_sc_hd__a2bb2o_2)
     2    0.01                           u_branch_unit._077_ (net)
                  0.06    0.00   15.62 v u_branch_unit._233_/A2 (sky130_fd_sc_hd__a31o_2)
                  0.04    0.23   15.85 v u_branch_unit._233_/X (sky130_fd_sc_hd__a31o_2)
     1    0.00                           u_branch_unit._085_ (net)
                  0.04    0.00   15.85 v u_branch_unit._234_/C1 (sky130_fd_sc_hd__a211o_2)
                  0.10    0.33   16.18 v u_branch_unit._234_/X (sky130_fd_sc_hd__a211o_2)
     2    0.02                           u_branch_unit.take_branch (net)
                  0.10    0.00   16.18 v u_pc_next_logic._0870_/A (sky130_fd_sc_hd__nand2_2)
                  0.35    0.30   16.48 ^ u_pc_next_logic._0870_/Y (sky130_fd_sc_hd__nand2_2)
    10    0.07                           u_pc_next_logic._0124_ (net)
                  0.35    0.01   16.49 ^ u_pc_next_logic._0905_/A (sky130_fd_sc_hd__buf_1)
                  0.68    0.57   17.06 ^ u_pc_next_logic._0905_/X (sky130_fd_sc_hd__buf_1)
    10    0.06                           u_pc_next_logic._0158_ (net)
                  0.68    0.01   17.07 ^ u_pc_next_logic._0988_/A2 (sky130_fd_sc_hd__a221o_2)
                  0.05    0.27   17.34 ^ u_pc_next_logic._0988_/X (sky130_fd_sc_hd__a221o_2)
     1    0.00                           u_pc_next_logic._0237_ (net)
                  0.05    0.00   17.34 ^ u_pc_next_logic._0989_/B1 (sky130_fd_sc_hd__o21a_2)
                  0.13    0.19   17.54 ^ u_pc_next_logic._0989_/X (sky130_fd_sc_hd__o21a_2)
     1    0.02                           u_pc_next_logic._0238_ (net)
                  0.13    0.00   17.54 ^ u_pc_next_logic._0996_/A0 (sky130_fd_sc_hd__mux2_2)
                  0.05    0.16   17.70 ^ u_pc_next_logic._0996_/X (sky130_fd_sc_hd__mux2_2)
     1    0.00                           u_pc_next_logic._0245_ (net)
                  0.05    0.00   17.70 ^ u_pc_next_logic._0997_/A (sky130_fd_sc_hd__buf_1)
                  0.04    0.08   17.78 ^ u_pc_next_logic._0997_/X (sky130_fd_sc_hd__buf_1)
     1    0.00                           u_pc_next_logic.pc_next[6] (net)
                  0.04    0.00   17.78 ^ u_pc_reg._080_/B (sky130_fd_sc_hd__and2_2)
                  0.05    0.13   17.90 ^ u_pc_reg._080_/X (sky130_fd_sc_hd__and2_2)
     1    0.00                           u_pc_reg._056_ (net)
                  0.05    0.00   17.90 ^ u_pc_reg._081_/A (sky130_fd_sc_hd__buf_1)
                  0.04    0.08   17.98 ^ u_pc_reg._081_/X (sky130_fd_sc_hd__buf_1)
     1    0.00                           u_pc_reg._006_ (net)
                  0.04    0.00   17.98 ^ u_pc_reg._140_/D (sky130_fd_sc_hd__dfxtp_2)
                                 17.98   data arrival time

                  0.10   20.00   20.00   clock clk (rise edge)
                          0.00   20.00   clock network delay (ideal)
                         -0.20   19.80   clock uncertainty
                          0.00   19.80   clock reconvergence pessimism
                                 19.80 ^ u_pc_reg._140_/CLK (sky130_fd_sc_hd__dfxtp_2)
                         -0.05   19.75   library setup time
                                 19.75   data required time
-----------------------------------------------------------------------------
                                 19.75   data required time
                                -17.98   data arrival time
-----------------------------------------------------------------------------
                                  1.77   slack (MET)


Startpoint: u_imem.u_sram (falling edge-triggered flip-flop clocked by clk)
Endpoint: u_pc_reg._139_ (rising edge-triggered flip-flop clocked by clk)
Path Group: clk
Path Type: max

Fanout     Cap    Slew   Delay    Time   Description
-----------------------------------------------------------------------------
                  0.10   10.00   10.00   clock clk (fall edge)
                          0.00   10.00   clock network delay (ideal)
                  0.10    0.00   10.00 v u_imem.u_sram/clk1 (sky130_sram_1kbyte_1rw1r_32x256_8)
                  0.17    2.10   12.10 v u_imem.u_sram/dout1[22] (sky130_sram_1kbyte_1rw1r_32x256_8)
     6    0.31                           dbg_instr[22] (net)
                  0.13    0.18   12.28 v u_regfile._082_/B (sky130_fd_sc_hd__nor3_2)
                  0.70    0.60   12.88 ^ u_regfile._082_/Y (sky130_fd_sc_hd__nor3_2)
     8    0.04                           u_regfile._011_ (net)
                  0.70    0.00   12.88 ^ u_regfile._083_/A (sky130_fd_sc_hd__buf_1)
                  0.58    0.52   13.40 ^ u_regfile._083_/X (sky130_fd_sc_hd__buf_1)
     9    0.05                           u_regfile._012_ (net)
                  0.58    0.00   13.41 ^ u_regfile._089_/A2 (sky130_fd_sc_hd__a21boi_2)
                  0.27    0.30   13.71 v u_regfile._089_/Y (sky130_fd_sc_hd__a21boi_2)
     4    0.05                           u_branch_unit.rs2_val[5] (net)
                  0.27    0.01   13.71 v u_branch_unit._183_/A (sky130_fd_sc_hd__or2b_2)
                  0.06    0.39   14.10 v u_branch_unit._183_/X (sky130_fd_sc_hd__or2b_2)
     2    0.01                           u_branch_unit._035_ (net)
                  0.06    0.00   14.10 v u_branch_unit._186_/B1 (sky130_fd_sc_hd__o2111a_2)
                  0.04    0.15   14.26 v u_branch_unit._186_/X (sky130_fd_sc_hd__o2111a_2)
     1    0.00                           u_branch_unit._038_ (net)
                  0.04    0.00   14.26 v u_branch_unit._187_/C (sky130_fd_sc_hd__and3_2)
                  0.06    0.23   14.49 v u_branch_unit._187_/X (sky130_fd_sc_hd__and3_2)
     2    0.01                           u_branch_unit._039_ (net)
                  0.06    0.00   14.49 v u_branch_unit._205_/A1 (sky130_fd_sc_hd__a32o_2)
                  0.05    0.26   14.75 v u_branch_unit._205_/X (sky130_fd_sc_hd__a32o_2)
     1    0.01                           u_branch_unit._057_ (net)
                  0.05    0.00   14.75 v u_branch_unit._210_/A2 (sky130_fd_sc_hd__a21o_2)
                  0.06    0.24   14.99 v u_branch_unit._210_/X (sky130_fd_sc_hd__a21o_2)
     1    0.02                           u_branch_unit._062_ (net)
                  0.06    0.00   14.99 v u_branch_unit._221_/A2 (sky130_fd_sc_hd__a211o_2)
                  0.07    0.37   15.36 v u_branch_unit._221_/X (sky130_fd_sc_hd__a211o_2)
     3    0.01                           u_branch_unit._073_ (net)
                  0.07    0.00   15.36 v u_branch_unit._225_/B2 (sky130_fd_sc_hd__a2bb2o_2)
                  0.06    0.26   15.62 v u_branch_unit._225_/X (sky130_fd_sc_hd__a2bb2o_2)
     2    0.01                           u_branch_unit._077_ (net)
                  0.06    0.00   15.62 v u_branch_unit._233_/A2 (sky130_fd_sc_hd__a31o_2)
                  0.04    0.23   15.85 v u_branch_unit._233_/X (sky130_fd_sc_hd__a31o_2)
     1    0.00                           u_branch_unit._085_ (net)
                  0.04    0.00   15.85 v u_branch_unit._234_/C1 (sky130_fd_sc_hd__a211o_2)
                  0.10    0.33   16.18 v u_branch_unit._234_/X (sky130_fd_sc_hd__a211o_2)
     2    0.02                           u_branch_unit.take_branch (net)
                  0.10    0.00   16.18 v u_pc_next_logic._0854_/A (sky130_fd_sc_hd__and2_2)
                  0.04    0.19   16.37 v u_pc_next_logic._0854_/X (sky130_fd_sc_hd__and2_2)
     1    0.00                           u_pc_next_logic._0109_ (net)
                  0.04    0.00   16.37 v u_pc_next_logic._0855_/A (sky130_fd_sc_hd__buf_1)
                  0.29    0.28   16.65 v u_pc_next_logic._0855_/X (sky130_fd_sc_hd__buf_1)
     8    0.05                           u_pc_next_logic._0110_ (net)
                  0.29    0.00   16.65 v u_pc_next_logic._0974_/S (sky130_fd_sc_hd__mux2_2)
                  0.05    0.36   17.02 v u_pc_next_logic._0974_/X (sky130_fd_sc_hd__mux2_2)
     1    0.00                           u_pc_next_logic._0224_ (net)
                  0.05    0.00   17.02 v u_pc_next_logic._0975_/B1 (sky130_fd_sc_hd__o2bb2a_2)
                  0.08    0.31   17.32 v u_pc_next_logic._0975_/X (sky130_fd_sc_hd__o2bb2a_2)
     1    0.02                           u_pc_next_logic._0225_ (net)
                  0.08    0.00   17.33 v u_pc_next_logic._0976_/A1 (sky130_fd_sc_hd__mux2_2)
                  0.05    0.27   17.60 v u_pc_next_logic._0976_/X (sky130_fd_sc_hd__mux2_2)
     1    0.00                           u_pc_next_logic._0226_ (net)
                  0.05    0.00   17.60 v u_pc_next_logic._0977_/A (sky130_fd_sc_hd__buf_1)
                  0.02    0.08   17.68 v u_pc_next_logic._0977_/X (sky130_fd_sc_hd__buf_1)
     1    0.00                           u_pc_next_logic.pc_next[5] (net)
                  0.02    0.00   17.68 v u_pc_reg._078_/B (sky130_fd_sc_hd__and2_2)
                  0.04    0.17   17.85 v u_pc_reg._078_/X (sky130_fd_sc_hd__and2_2)
     1    0.00                           u_pc_reg._055_ (net)
                  0.04    0.00   17.85 v u_pc_reg._079_/A (sky130_fd_sc_hd__buf_1)
                  0.02    0.08   17.93 v u_pc_reg._079_/X (sky130_fd_sc_hd__buf_1)
     1    0.00                           u_pc_reg._005_ (net)
                  0.02    0.00   17.93 v u_pc_reg._139_/D (sky130_fd_sc_hd__dfxtp_2)
                                 17.93   data arrival time

                  0.10   20.00   20.00   clock clk (rise edge)
                          0.00   20.00   clock network delay (ideal)
                         -0.20   19.80   clock uncertainty
                          0.00   19.80   clock reconvergence pessimism
                                 19.80 ^ u_pc_reg._139_/CLK (sky130_fd_sc_hd__dfxtp_2)
                         -0.09   19.71   library setup time
                                 19.71   data required time
-----------------------------------------------------------------------------
                                 19.71   data required time
                                -17.93   data arrival time
-----------------------------------------------------------------------------
                                  1.78   slack (MET)


Startpoint: u_imem.u_sram (falling edge-triggered flip-flop clocked by clk)
Endpoint: u_pc_reg._153_ (rising edge-triggered flip-flop clocked by clk)
Path Group: clk
Path Type: max

Fanout     Cap    Slew   Delay    Time   Description
-----------------------------------------------------------------------------
                  0.10   10.00   10.00   clock clk (fall edge)
                          0.00   10.00   clock network delay (ideal)
                  0.10    0.00   10.00 v u_imem.u_sram/clk1 (sky130_sram_1kbyte_1rw1r_32x256_8)
                  0.17    2.10   12.10 v u_imem.u_sram/dout1[22] (sky130_sram_1kbyte_1rw1r_32x256_8)
     6    0.31                           dbg_instr[22] (net)
                  0.13    0.18   12.28 v u_regfile._082_/B (sky130_fd_sc_hd__nor3_2)
                  0.70    0.60   12.88 ^ u_regfile._082_/Y (sky130_fd_sc_hd__nor3_2)
     8    0.04                           u_regfile._011_ (net)
                  0.70    0.00   12.88 ^ u_regfile._083_/A (sky130_fd_sc_hd__buf_1)
                  0.58    0.52   13.40 ^ u_regfile._083_/X (sky130_fd_sc_hd__buf_1)
     9    0.05                           u_regfile._012_ (net)
                  0.58    0.00   13.41 ^ u_regfile._089_/A2 (sky130_fd_sc_hd__a21boi_2)
                  0.27    0.30   13.71 v u_regfile._089_/Y (sky130_fd_sc_hd__a21boi_2)
     4    0.05                           u_branch_unit.rs2_val[5] (net)
                  0.27    0.01   13.71 v u_branch_unit._183_/A (sky130_fd_sc_hd__or2b_2)
                  0.06    0.39   14.10 v u_branch_unit._183_/X (sky130_fd_sc_hd__or2b_2)
     2    0.01                           u_branch_unit._035_ (net)
                  0.06    0.00   14.10 v u_branch_unit._186_/B1 (sky130_fd_sc_hd__o2111a_2)
                  0.04    0.15   14.26 v u_branch_unit._186_/X (sky130_fd_sc_hd__o2111a_2)
     1    0.00                           u_branch_unit._038_ (net)
                  0.04    0.00   14.26 v u_branch_unit._187_/C (sky130_fd_sc_hd__and3_2)
                  0.06    0.23   14.49 v u_branch_unit._187_/X (sky130_fd_sc_hd__and3_2)
     2    0.01                           u_branch_unit._039_ (net)
                  0.06    0.00   14.49 v u_branch_unit._205_/A1 (sky130_fd_sc_hd__a32o_2)
                  0.05    0.26   14.75 v u_branch_unit._205_/X (sky130_fd_sc_hd__a32o_2)
     1    0.01                           u_branch_unit._057_ (net)
                  0.05    0.00   14.75 v u_branch_unit._210_/A2 (sky130_fd_sc_hd__a21o_2)
                  0.06    0.24   14.99 v u_branch_unit._210_/X (sky130_fd_sc_hd__a21o_2)
     1    0.02                           u_branch_unit._062_ (net)
                  0.06    0.00   14.99 v u_branch_unit._221_/A2 (sky130_fd_sc_hd__a211o_2)
                  0.07    0.37   15.36 v u_branch_unit._221_/X (sky130_fd_sc_hd__a211o_2)
     3    0.01                           u_branch_unit._073_ (net)
                  0.07    0.00   15.36 v u_branch_unit._225_/B2 (sky130_fd_sc_hd__a2bb2o_2)
                  0.06    0.26   15.62 v u_branch_unit._225_/X (sky130_fd_sc_hd__a2bb2o_2)
     2    0.01                           u_branch_unit._077_ (net)
                  0.06    0.00   15.62 v u_branch_unit._233_/A2 (sky130_fd_sc_hd__a31o_2)
                  0.04    0.23   15.85 v u_branch_unit._233_/X (sky130_fd_sc_hd__a31o_2)
     1    0.00                           u_branch_unit._085_ (net)
                  0.04    0.00   15.85 v u_branch_unit._234_/C1 (sky130_fd_sc_hd__a211o_2)
                  0.10    0.33   16.18 v u_branch_unit._234_/X (sky130_fd_sc_hd__a211o_2)
     2    0.02                           u_branch_unit.take_branch (net)
                  0.10    0.00   16.18 v u_pc_next_logic._0854_/A (sky130_fd_sc_hd__and2_2)
                  0.04    0.19   16.37 v u_pc_next_logic._0854_/X (sky130_fd_sc_hd__and2_2)
     1    0.00                           u_pc_next_logic._0109_ (net)
                  0.04    0.00   16.37 v u_pc_next_logic._0855_/A (sky130_fd_sc_hd__buf_1)
                  0.29    0.28   16.65 v u_pc_next_logic._0855_/X (sky130_fd_sc_hd__buf_1)
     8    0.05                           u_pc_next_logic._0110_ (net)
                  0.29    0.01   16.66 v u_pc_next_logic._1307_/S (sky130_fd_sc_hd__mux2_2)
                  0.05    0.37   17.03 v u_pc_next_logic._1307_/X (sky130_fd_sc_hd__mux2_2)
     1    0.00                           u_pc_next_logic._0543_ (net)
                  0.05    0.00   17.03 v u_pc_next_logic._1313_/A0 (sky130_fd_sc_hd__mux2_2)
                  0.07    0.29   17.32 v u_pc_next_logic._1313_/X (sky130_fd_sc_hd__mux2_2)
     1    0.01                           u_pc_next_logic._0549_ (net)
                  0.07    0.00   17.32 v u_pc_next_logic._1314_/A1 (sky130_fd_sc_hd__mux2_2)
                  0.05    0.26   17.58 v u_pc_next_logic._1314_/X (sky130_fd_sc_hd__mux2_2)
     1    0.00                           u_pc_next_logic._0550_ (net)
                  0.05    0.00   17.58 v u_pc_next_logic._1315_/A (sky130_fd_sc_hd__buf_1)
                  0.02    0.08   17.67 v u_pc_next_logic._1315_/X (sky130_fd_sc_hd__buf_1)
     1    0.00                           u_pc_next_logic.pc_next[19] (net)
                  0.02    0.00   17.67 v u_pc_reg._107_/B (sky130_fd_sc_hd__and2_2)
                  0.04    0.17   17.84 v u_pc_reg._107_/X (sky130_fd_sc_hd__and2_2)
     1    0.00                           u_pc_reg._035_ (net)
                  0.04    0.00   17.84 v u_pc_reg._108_/A (sky130_fd_sc_hd__buf_1)
                  0.02    0.08   17.92 v u_pc_reg._108_/X (sky130_fd_sc_hd__buf_1)
     1    0.00                           u_pc_reg._019_ (net)
                  0.02    0.00   17.92 v u_pc_reg._153_/D (sky130_fd_sc_hd__dfxtp_2)
                                 17.92   data arrival time

                  0.10   20.00   20.00   clock clk (rise edge)
                          0.00   20.00   clock network delay (ideal)
                         -0.20   19.80   clock uncertainty
                          0.00   19.80   clock reconvergence pessimism
                                 19.80 ^ u_pc_reg._153_/CLK (sky130_fd_sc_hd__dfxtp_2)
                         -0.09   19.71   library setup time
                                 19.71   data required time
-----------------------------------------------------------------------------
                                 19.71   data required time
                                -17.92   data arrival time
-----------------------------------------------------------------------------
                                  1.79   slack (MET)


Startpoint: u_imem.u_sram (falling edge-triggered flip-flop clocked by clk)
Endpoint: u_pc_reg._163_ (rising edge-triggered flip-flop clocked by clk)
Path Group: clk
Path Type: max

Fanout     Cap    Slew   Delay    Time   Description
-----------------------------------------------------------------------------
                  0.10   10.00   10.00   clock clk (fall edge)
                          0.00   10.00   clock network delay (ideal)
                  0.10    0.00   10.00 v u_imem.u_sram/clk1 (sky130_sram_1kbyte_1rw1r_32x256_8)
                  0.17    2.10   12.10 v u_imem.u_sram/dout1[22] (sky130_sram_1kbyte_1rw1r_32x256_8)
     6    0.31                           dbg_instr[22] (net)
                  0.13    0.18   12.28 v u_regfile._082_/B (sky130_fd_sc_hd__nor3_2)
                  0.70    0.60   12.88 ^ u_regfile._082_/Y (sky130_fd_sc_hd__nor3_2)
     8    0.04                           u_regfile._011_ (net)
                  0.70    0.00   12.88 ^ u_regfile._083_/A (sky130_fd_sc_hd__buf_1)
                  0.58    0.52   13.40 ^ u_regfile._083_/X (sky130_fd_sc_hd__buf_1)
     9    0.05                           u_regfile._012_ (net)
                  0.58    0.00   13.41 ^ u_regfile._089_/A2 (sky130_fd_sc_hd__a21boi_2)
                  0.27    0.30   13.71 v u_regfile._089_/Y (sky130_fd_sc_hd__a21boi_2)
     4    0.05                           u_branch_unit.rs2_val[5] (net)
                  0.27    0.01   13.71 v u_branch_unit._183_/A (sky130_fd_sc_hd__or2b_2)
                  0.06    0.39   14.10 v u_branch_unit._183_/X (sky130_fd_sc_hd__or2b_2)
     2    0.01                           u_branch_unit._035_ (net)
                  0.06    0.00   14.10 v u_branch_unit._186_/B1 (sky130_fd_sc_hd__o2111a_2)
                  0.04    0.15   14.26 v u_branch_unit._186_/X (sky130_fd_sc_hd__o2111a_2)
     1    0.00                           u_branch_unit._038_ (net)
                  0.04    0.00   14.26 v u_branch_unit._187_/C (sky130_fd_sc_hd__and3_2)
                  0.06    0.23   14.49 v u_branch_unit._187_/X (sky130_fd_sc_hd__and3_2)
     2    0.01                           u_branch_unit._039_ (net)
                  0.06    0.00   14.49 v u_branch_unit._205_/A1 (sky130_fd_sc_hd__a32o_2)
                  0.05    0.26   14.75 v u_branch_unit._205_/X (sky130_fd_sc_hd__a32o_2)
     1    0.01                           u_branch_unit._057_ (net)
                  0.05    0.00   14.75 v u_branch_unit._210_/A2 (sky130_fd_sc_hd__a21o_2)
                  0.06    0.24   14.99 v u_branch_unit._210_/X (sky130_fd_sc_hd__a21o_2)
     1    0.02                           u_branch_unit._062_ (net)
                  0.06    0.00   14.99 v u_branch_unit._221_/A2 (sky130_fd_sc_hd__a211o_2)
                  0.07    0.37   15.36 v u_branch_unit._221_/X (sky130_fd_sc_hd__a211o_2)
     3    0.01                           u_branch_unit._073_ (net)
                  0.07    0.00   15.36 v u_branch_unit._225_/B2 (sky130_fd_sc_hd__a2bb2o_2)
                  0.06    0.26   15.62 v u_branch_unit._225_/X (sky130_fd_sc_hd__a2bb2o_2)
     2    0.01                           u_branch_unit._077_ (net)
                  0.06    0.00   15.62 v u_branch_unit._233_/A2 (sky130_fd_sc_hd__a31o_2)
                  0.04    0.23   15.85 v u_branch_unit._233_/X (sky130_fd_sc_hd__a31o_2)
     1    0.00                           u_branch_unit._085_ (net)
                  0.04    0.00   15.85 v u_branch_unit._234_/C1 (sky130_fd_sc_hd__a211o_2)
                  0.10    0.33   16.18 v u_branch_unit._234_/X (sky130_fd_sc_hd__a211o_2)
     2    0.02                           u_branch_unit.take_branch (net)
                  0.10    0.00   16.18 v u_pc_next_logic._0870_/A (sky130_fd_sc_hd__nand2_2)
                  0.35    0.30   16.48 ^ u_pc_next_logic._0870_/Y (sky130_fd_sc_hd__nand2_2)
    10    0.07                           u_pc_next_logic._0124_ (net)
                  0.35    0.01   16.49 ^ u_pc_next_logic._0871_/A (sky130_fd_sc_hd__buf_1)
                  0.76    0.63   17.12 ^ u_pc_next_logic._0871_/X (sky130_fd_sc_hd__buf_1)
    10    0.07                           u_pc_next_logic._0125_ (net)
                  0.76    0.00   17.12 ^ u_pc_next_logic._1564_/B (sky130_fd_sc_hd__nand2_2)
                  0.11    0.10   17.22 v u_pc_next_logic._1564_/Y (sky130_fd_sc_hd__nand2_2)
     1    0.00                           u_pc_next_logic._0019_ (net)
                  0.11    0.00   17.22 v u_pc_next_logic._1565_/C1 (sky130_fd_sc_hd__o211a_2)
                  0.04    0.14   17.36 v u_pc_next_logic._1565_/X (sky130_fd_sc_hd__o211a_2)
     1    0.00                           u_pc_next_logic._0020_ (net)
                  0.04    0.00   17.36 v u_pc_next_logic._1566_/B1 (sky130_fd_sc_hd__a211o_2)
                  0.07    0.33   17.69 v u_pc_next_logic._1566_/X (sky130_fd_sc_hd__a211o_2)
     1    0.01                           u_pc_next_logic._0021_ (net)
                  0.07    0.00   17.69 v u_pc_next_logic._1567_/B1 (sky130_fd_sc_hd__o21ai_2)
                  0.10    0.05   17.75 ^ u_pc_next_logic._1567_/Y (sky130_fd_sc_hd__o21ai_2)
     1    0.00                           u_pc_next_logic.pc_next[29] (net)
                  0.10    0.00   17.75 ^ u_pc_reg._128_/B (sky130_fd_sc_hd__and2_2)
                  0.05    0.14   17.89 ^ u_pc_reg._128_/X (sky130_fd_sc_hd__and2_2)
     1    0.00                           u_pc_reg._046_ (net)
                  0.05    0.00   17.89 ^ u_pc_reg._129_/A (sky130_fd_sc_hd__buf_1)
                  0.03    0.07   17.96 ^ u_pc_reg._129_/X (sky130_fd_sc_hd__buf_1)
     1    0.00                           u_pc_reg._029_ (net)
                  0.03    0.00   17.96 ^ u_pc_reg._163_/D (sky130_fd_sc_hd__dfxtp_2)
                                 17.96   data arrival time

                  0.10   20.00   20.00   clock clk (rise edge)
                          0.00   20.00   clock network delay (ideal)
                         -0.20   19.80   clock uncertainty
                          0.00   19.80   clock reconvergence pessimism
                                 19.80 ^ u_pc_reg._163_/CLK (sky130_fd_sc_hd__dfxtp_2)
                         -0.05   19.75   library setup time
                                 19.75   data required time
-----------------------------------------------------------------------------
                                 19.75   data required time
                                -17.96   data arrival time
-----------------------------------------------------------------------------
                                  1.79   slack (MET)


Startpoint: u_imem.u_sram (falling edge-triggered flip-flop clocked by clk)
Endpoint: u_pc_reg._135_ (rising edge-triggered flip-flop clocked by clk)
Path Group: clk
Path Type: max

Fanout     Cap    Slew   Delay    Time   Description
-----------------------------------------------------------------------------
                  0.10   10.00   10.00   clock clk (fall edge)
                          0.00   10.00   clock network delay (ideal)
                  0.10    0.00   10.00 v u_imem.u_sram/clk1 (sky130_sram_1kbyte_1rw1r_32x256_8)
                  0.17    2.10   12.10 v u_imem.u_sram/dout1[22] (sky130_sram_1kbyte_1rw1r_32x256_8)
     6    0.31                           dbg_instr[22] (net)
                  0.13    0.18   12.28 v u_regfile._082_/B (sky130_fd_sc_hd__nor3_2)
                  0.70    0.60   12.88 ^ u_regfile._082_/Y (sky130_fd_sc_hd__nor3_2)
     8    0.04                           u_regfile._011_ (net)
                  0.70    0.00   12.88 ^ u_regfile._083_/A (sky130_fd_sc_hd__buf_1)
                  0.58    0.52   13.40 ^ u_regfile._083_/X (sky130_fd_sc_hd__buf_1)
     9    0.05                           u_regfile._012_ (net)
                  0.58    0.00   13.41 ^ u_regfile._089_/A2 (sky130_fd_sc_hd__a21boi_2)
                  0.27    0.30   13.71 v u_regfile._089_/Y (sky130_fd_sc_hd__a21boi_2)
     4    0.05                           u_branch_unit.rs2_val[5] (net)
                  0.27    0.01   13.71 v u_branch_unit._183_/A (sky130_fd_sc_hd__or2b_2)
                  0.06    0.39   14.10 v u_branch_unit._183_/X (sky130_fd_sc_hd__or2b_2)
     2    0.01                           u_branch_unit._035_ (net)
                  0.06    0.00   14.10 v u_branch_unit._186_/B1 (sky130_fd_sc_hd__o2111a_2)
                  0.04    0.15   14.26 v u_branch_unit._186_/X (sky130_fd_sc_hd__o2111a_2)
     1    0.00                           u_branch_unit._038_ (net)
                  0.04    0.00   14.26 v u_branch_unit._187_/C (sky130_fd_sc_hd__and3_2)
                  0.06    0.23   14.49 v u_branch_unit._187_/X (sky130_fd_sc_hd__and3_2)
     2    0.01                           u_branch_unit._039_ (net)
                  0.06    0.00   14.49 v u_branch_unit._205_/A1 (sky130_fd_sc_hd__a32o_2)
                  0.05    0.26   14.75 v u_branch_unit._205_/X (sky130_fd_sc_hd__a32o_2)
     1    0.01                           u_branch_unit._057_ (net)
                  0.05    0.00   14.75 v u_branch_unit._210_/A2 (sky130_fd_sc_hd__a21o_2)
                  0.06    0.24   14.99 v u_branch_unit._210_/X (sky130_fd_sc_hd__a21o_2)
     1    0.02                           u_branch_unit._062_ (net)
                  0.06    0.00   14.99 v u_branch_unit._221_/A2 (sky130_fd_sc_hd__a211o_2)
                  0.07    0.37   15.36 v u_branch_unit._221_/X (sky130_fd_sc_hd__a211o_2)
     3    0.01                           u_branch_unit._073_ (net)
                  0.07    0.00   15.36 v u_branch_unit._225_/B2 (sky130_fd_sc_hd__a2bb2o_2)
                  0.06    0.26   15.62 v u_branch_unit._225_/X (sky130_fd_sc_hd__a2bb2o_2)
     2    0.01                           u_branch_unit._077_ (net)
                  0.06    0.00   15.62 v u_branch_unit._233_/A2 (sky130_fd_sc_hd__a31o_2)
                  0.04    0.23   15.85 v u_branch_unit._233_/X (sky130_fd_sc_hd__a31o_2)
     1    0.00                           u_branch_unit._085_ (net)
                  0.04    0.00   15.85 v u_branch_unit._234_/C1 (sky130_fd_sc_hd__a211o_2)
                  0.10    0.33   16.18 v u_branch_unit._234_/X (sky130_fd_sc_hd__a211o_2)
     2    0.02                           u_branch_unit.take_branch (net)
                  0.10    0.00   16.18 v u_pc_next_logic._0870_/A (sky130_fd_sc_hd__nand2_2)
                  0.35    0.30   16.48 ^ u_pc_next_logic._0870_/Y (sky130_fd_sc_hd__nand2_2)
    10    0.07                           u_pc_next_logic._0124_ (net)
                  0.35    0.01   16.49 ^ u_pc_next_logic._0871_/A (sky130_fd_sc_hd__buf_1)
                  0.76    0.63   17.12 ^ u_pc_next_logic._0871_/X (sky130_fd_sc_hd__buf_1)
    10    0.07                           u_pc_next_logic._0125_ (net)
                  0.76    0.01   17.13 ^ u_pc_next_logic._0877_/A2_N (sky130_fd_sc_hd__o2bb2a_2)
                  0.05    0.31   17.43 v u_pc_next_logic._0877_/X (sky130_fd_sc_hd__o2bb2a_2)
     1    0.00                           u_pc_next_logic._0131_ (net)
                  0.05    0.00   17.44 v u_pc_next_logic._0878_/B1 (sky130_fd_sc_hd__o22a_2)
                  0.05    0.21   17.64 v u_pc_next_logic._0878_/X (sky130_fd_sc_hd__o22a_2)
     1    0.01                           u_pc_next_logic._0132_ (net)
                  0.05    0.00   17.64 v u_pc_next_logic._0885_/A2 (sky130_fd_sc_hd__o21ai_2)
                  0.10    0.09   17.73 ^ u_pc_next_logic._0885_/Y (sky130_fd_sc_hd__o21ai_2)
     1    0.00                           u_pc_next_logic.pc_next[1] (net)
                  0.10    0.00   17.73 ^ u_pc_reg._070_/B (sky130_fd_sc_hd__and2_2)
                  0.04    0.14   17.88 ^ u_pc_reg._070_/X (sky130_fd_sc_hd__and2_2)
     1    0.00                           u_pc_reg._051_ (net)
                  0.04    0.00   17.88 ^ u_pc_reg._071_/A (sky130_fd_sc_hd__buf_1)
                  0.03    0.07   17.95 ^ u_pc_reg._071_/X (sky130_fd_sc_hd__buf_1)
     1    0.00                           u_pc_reg._001_ (net)
                  0.03    0.00   17.95 ^ u_pc_reg._135_/D (sky130_fd_sc_hd__dfxtp_2)
                                 17.95   data arrival time

                  0.10   20.00   20.00   clock clk (rise edge)
                          0.00   20.00   clock network delay (ideal)
                         -0.20   19.80   clock uncertainty
                          0.00   19.80   clock reconvergence pessimism
                                 19.80 ^ u_pc_reg._135_/CLK (sky130_fd_sc_hd__dfxtp_2)
                         -0.05   19.75   library setup time
                                 19.75   data required time
-----------------------------------------------------------------------------
                                 19.75   data required time
                                -17.95   data arrival time
-----------------------------------------------------------------------------
                                  1.80   slack (MET)


Startpoint: u_imem.u_sram (falling edge-triggered flip-flop clocked by clk)
Endpoint: u_pc_reg._138_ (rising edge-triggered flip-flop clocked by clk)
Path Group: clk
Path Type: max

Fanout     Cap    Slew   Delay    Time   Description
-----------------------------------------------------------------------------
                  0.10   10.00   10.00   clock clk (fall edge)
                          0.00   10.00   clock network delay (ideal)
                  0.10    0.00   10.00 v u_imem.u_sram/clk1 (sky130_sram_1kbyte_1rw1r_32x256_8)
                  0.17    2.10   12.10 v u_imem.u_sram/dout1[22] (sky130_sram_1kbyte_1rw1r_32x256_8)
     6    0.31                           dbg_instr[22] (net)
                  0.13    0.18   12.28 v u_regfile._082_/B (sky130_fd_sc_hd__nor3_2)
                  0.70    0.60   12.88 ^ u_regfile._082_/Y (sky130_fd_sc_hd__nor3_2)
     8    0.04                           u_regfile._011_ (net)
                  0.70    0.00   12.88 ^ u_regfile._083_/A (sky130_fd_sc_hd__buf_1)
                  0.58    0.52   13.40 ^ u_regfile._083_/X (sky130_fd_sc_hd__buf_1)
     9    0.05                           u_regfile._012_ (net)
                  0.58    0.00   13.41 ^ u_regfile._089_/A2 (sky130_fd_sc_hd__a21boi_2)
                  0.27    0.30   13.71 v u_regfile._089_/Y (sky130_fd_sc_hd__a21boi_2)
     4    0.05                           u_branch_unit.rs2_val[5] (net)
                  0.27    0.01   13.71 v u_branch_unit._183_/A (sky130_fd_sc_hd__or2b_2)
                  0.06    0.39   14.10 v u_branch_unit._183_/X (sky130_fd_sc_hd__or2b_2)
     2    0.01                           u_branch_unit._035_ (net)
                  0.06    0.00   14.10 v u_branch_unit._186_/B1 (sky130_fd_sc_hd__o2111a_2)
                  0.04    0.15   14.26 v u_branch_unit._186_/X (sky130_fd_sc_hd__o2111a_2)
     1    0.00                           u_branch_unit._038_ (net)
                  0.04    0.00   14.26 v u_branch_unit._187_/C (sky130_fd_sc_hd__and3_2)
                  0.06    0.23   14.49 v u_branch_unit._187_/X (sky130_fd_sc_hd__and3_2)
     2    0.01                           u_branch_unit._039_ (net)
                  0.06    0.00   14.49 v u_branch_unit._205_/A1 (sky130_fd_sc_hd__a32o_2)
                  0.05    0.26   14.75 v u_branch_unit._205_/X (sky130_fd_sc_hd__a32o_2)
     1    0.01                           u_branch_unit._057_ (net)
                  0.05    0.00   14.75 v u_branch_unit._210_/A2 (sky130_fd_sc_hd__a21o_2)
                  0.06    0.24   14.99 v u_branch_unit._210_/X (sky130_fd_sc_hd__a21o_2)
     1    0.02                           u_branch_unit._062_ (net)
                  0.06    0.00   14.99 v u_branch_unit._221_/A2 (sky130_fd_sc_hd__a211o_2)
                  0.07    0.37   15.36 v u_branch_unit._221_/X (sky130_fd_sc_hd__a211o_2)
     3    0.01                           u_branch_unit._073_ (net)
                  0.07    0.00   15.36 v u_branch_unit._225_/B2 (sky130_fd_sc_hd__a2bb2o_2)
                  0.06    0.26   15.62 v u_branch_unit._225_/X (sky130_fd_sc_hd__a2bb2o_2)
     2    0.01                           u_branch_unit._077_ (net)
                  0.06    0.00   15.62 v u_branch_unit._233_/A2 (sky130_fd_sc_hd__a31o_2)
                  0.04    0.23   15.85 v u_branch_unit._233_/X (sky130_fd_sc_hd__a31o_2)
     1    0.00                           u_branch_unit._085_ (net)
                  0.04    0.00   15.85 v u_branch_unit._234_/C1 (sky130_fd_sc_hd__a211o_2)
                  0.10    0.33   16.18 v u_branch_unit._234_/X (sky130_fd_sc_hd__a211o_2)
     2    0.02                           u_branch_unit.take_branch (net)
                  0.10    0.00   16.18 v u_pc_next_logic._0854_/A (sky130_fd_sc_hd__and2_2)
                  0.04    0.19   16.37 v u_pc_next_logic._0854_/X (sky130_fd_sc_hd__and2_2)
     1    0.00                           u_pc_next_logic._0109_ (net)
                  0.04    0.00   16.37 v u_pc_next_logic._0855_/A (sky130_fd_sc_hd__buf_1)
                  0.29    0.28   16.65 v u_pc_next_logic._0855_/X (sky130_fd_sc_hd__buf_1)
     8    0.05                           u_pc_next_logic._0110_ (net)
                  0.29    0.01   16.66 v u_pc_next_logic._0856_/A (sky130_fd_sc_hd__buf_1)
                  0.36    0.43   17.09 v u_pc_next_logic._0856_/X (sky130_fd_sc_hd__buf_1)
    10    0.06                           u_pc_next_logic._0111_ (net)
                  0.36    0.01   17.10 v u_pc_next_logic._0939_/A1 (sky130_fd_sc_hd__a31o_2)
                  0.05    0.33   17.43 v u_pc_next_logic._0939_/X (sky130_fd_sc_hd__a31o_2)
     1    0.01                           u_pc_next_logic._0190_ (net)
                  0.05    0.00   17.43 v u_pc_next_logic._0956_/A2 (sky130_fd_sc_hd__a31o_2)
                  0.04    0.22   17.65 v u_pc_next_logic._0956_/X (sky130_fd_sc_hd__a31o_2)
     1    0.00                           u_pc_next_logic.pc_next[4] (net)
                  0.04    0.00   17.65 v u_pc_reg._076_/B (sky130_fd_sc_hd__and2_2)
                  0.04    0.18   17.83 v u_pc_reg._076_/X (sky130_fd_sc_hd__and2_2)
     1    0.00                           u_pc_reg._054_ (net)
                  0.04    0.00   17.83 v u_pc_reg._077_/A (sky130_fd_sc_hd__buf_1)
                  0.02    0.08   17.90 v u_pc_reg._077_/X (sky130_fd_sc_hd__buf_1)
     1    0.00                           u_pc_reg._004_ (net)
                  0.02    0.00   17.90 v u_pc_reg._138_/D (sky130_fd_sc_hd__dfxtp_2)
                                 17.90   data arrival time

                  0.10   20.00   20.00   clock clk (rise edge)
                          0.00   20.00   clock network delay (ideal)
                         -0.20   19.80   clock uncertainty
                          0.00   19.80   clock reconvergence pessimism
                                 19.80 ^ u_pc_reg._138_/CLK (sky130_fd_sc_hd__dfxtp_2)
                         -0.09   19.71   library setup time
                                 19.71   data required time
-----------------------------------------------------------------------------
                                 19.71   data required time
                                -17.90   data arrival time
-----------------------------------------------------------------------------
                                  1.81   slack (MET)


Startpoint: u_imem.u_sram (falling edge-triggered flip-flop clocked by clk)
Endpoint: u_pc_reg._154_ (rising edge-triggered flip-flop clocked by clk)
Path Group: clk
Path Type: max

Fanout     Cap    Slew   Delay    Time   Description
-----------------------------------------------------------------------------
                  0.10   10.00   10.00   clock clk (fall edge)
                          0.00   10.00   clock network delay (ideal)
                  0.10    0.00   10.00 v u_imem.u_sram/clk1 (sky130_sram_1kbyte_1rw1r_32x256_8)
                  0.17    2.10   12.10 v u_imem.u_sram/dout1[22] (sky130_sram_1kbyte_1rw1r_32x256_8)
     6    0.31                           dbg_instr[22] (net)
                  0.13    0.18   12.28 v u_regfile._082_/B (sky130_fd_sc_hd__nor3_2)
                  0.70    0.60   12.88 ^ u_regfile._082_/Y (sky130_fd_sc_hd__nor3_2)
     8    0.04                           u_regfile._011_ (net)
                  0.70    0.00   12.88 ^ u_regfile._083_/A (sky130_fd_sc_hd__buf_1)
                  0.58    0.52   13.40 ^ u_regfile._083_/X (sky130_fd_sc_hd__buf_1)
     9    0.05                           u_regfile._012_ (net)
                  0.58    0.00   13.41 ^ u_regfile._089_/A2 (sky130_fd_sc_hd__a21boi_2)
                  0.27    0.30   13.71 v u_regfile._089_/Y (sky130_fd_sc_hd__a21boi_2)
     4    0.05                           u_branch_unit.rs2_val[5] (net)
                  0.27    0.01   13.71 v u_branch_unit._183_/A (sky130_fd_sc_hd__or2b_2)
                  0.06    0.39   14.10 v u_branch_unit._183_/X (sky130_fd_sc_hd__or2b_2)
     2    0.01                           u_branch_unit._035_ (net)
                  0.06    0.00   14.10 v u_branch_unit._186_/B1 (sky130_fd_sc_hd__o2111a_2)
                  0.04    0.15   14.26 v u_branch_unit._186_/X (sky130_fd_sc_hd__o2111a_2)
     1    0.00                           u_branch_unit._038_ (net)
                  0.04    0.00   14.26 v u_branch_unit._187_/C (sky130_fd_sc_hd__and3_2)
                  0.06    0.23   14.49 v u_branch_unit._187_/X (sky130_fd_sc_hd__and3_2)
     2    0.01                           u_branch_unit._039_ (net)
                  0.06    0.00   14.49 v u_branch_unit._205_/A1 (sky130_fd_sc_hd__a32o_2)
                  0.05    0.26   14.75 v u_branch_unit._205_/X (sky130_fd_sc_hd__a32o_2)
     1    0.01                           u_branch_unit._057_ (net)
                  0.05    0.00   14.75 v u_branch_unit._210_/A2 (sky130_fd_sc_hd__a21o_2)
                  0.06    0.24   14.99 v u_branch_unit._210_/X (sky130_fd_sc_hd__a21o_2)
     1    0.02                           u_branch_unit._062_ (net)
                  0.06    0.00   14.99 v u_branch_unit._221_/A2 (sky130_fd_sc_hd__a211o_2)
                  0.07    0.37   15.36 v u_branch_unit._221_/X (sky130_fd_sc_hd__a211o_2)
     3    0.01                           u_branch_unit._073_ (net)
                  0.07    0.00   15.36 v u_branch_unit._225_/B2 (sky130_fd_sc_hd__a2bb2o_2)
                  0.06    0.26   15.62 v u_branch_unit._225_/X (sky130_fd_sc_hd__a2bb2o_2)
     2    0.01                           u_branch_unit._077_ (net)
                  0.06    0.00   15.62 v u_branch_unit._233_/A2 (sky130_fd_sc_hd__a31o_2)
                  0.04    0.23   15.85 v u_branch_unit._233_/X (sky130_fd_sc_hd__a31o_2)
     1    0.00                           u_branch_unit._085_ (net)
                  0.04    0.00   15.85 v u_branch_unit._234_/C1 (sky130_fd_sc_hd__a211o_2)
                  0.10    0.33   16.18 v u_branch_unit._234_/X (sky130_fd_sc_hd__a211o_2)
     2    0.02                           u_branch_unit.take_branch (net)
                  0.10    0.00   16.18 v u_pc_next_logic._0870_/A (sky130_fd_sc_hd__nand2_2)
                  0.35    0.30   16.48 ^ u_pc_next_logic._0870_/Y (sky130_fd_sc_hd__nand2_2)
    10    0.07                           u_pc_next_logic._0124_ (net)
                  0.35    0.01   16.49 ^ u_pc_next_logic._0905_/A (sky130_fd_sc_hd__buf_1)
                  0.68    0.57   17.06 ^ u_pc_next_logic._0905_/X (sky130_fd_sc_hd__buf_1)
    10    0.06                           u_pc_next_logic._0158_ (net)
                  0.68    0.00   17.06 ^ u_pc_next_logic._1326_/A2 (sky130_fd_sc_hd__a22o_2)
                  0.04    0.26   17.32 ^ u_pc_next_logic._1326_/X (sky130_fd_sc_hd__a22o_2)
     1    0.00                           u_pc_next_logic._0561_ (net)
                  0.04    0.00   17.32 ^ u_pc_next_logic._1337_/A0 (sky130_fd_sc_hd__mux2_2)
                  0.09    0.18   17.50 ^ u_pc_next_logic._1337_/X (sky130_fd_sc_hd__mux2_2)
     1    0.01                           u_pc_next_logic._0572_ (net)
                  0.09    0.00   17.50 ^ u_pc_next_logic._1349_/A0 (sky130_fd_sc_hd__mux2_2)
                  0.05    0.15   17.65 ^ u_pc_next_logic._1349_/X (sky130_fd_sc_hd__mux2_2)
     1    0.00                           u_pc_next_logic._0584_ (net)
                  0.05    0.00   17.65 ^ u_pc_next_logic._1350_/A (sky130_fd_sc_hd__buf_1)
                  0.04    0.08   17.73 ^ u_pc_next_logic._1350_/X (sky130_fd_sc_hd__buf_1)
     1    0.00                           u_pc_next_logic.pc_next[20] (net)
                  0.04    0.00   17.73 ^ u_pc_reg._109_/B (sky130_fd_sc_hd__and2_2)
                  0.05    0.13   17.86 ^ u_pc_reg._109_/X (sky130_fd_sc_hd__and2_2)
     1    0.00                           u_pc_reg._036_ (net)
                  0.05    0.00   17.86 ^ u_pc_reg._110_/A (sky130_fd_sc_hd__buf_1)
                  0.04    0.08   17.94 ^ u_pc_reg._110_/X (sky130_fd_sc_hd__buf_1)
     1    0.00                           u_pc_reg._020_ (net)
                  0.04    0.00   17.94 ^ u_pc_reg._154_/D (sky130_fd_sc_hd__dfxtp_2)
                                 17.94   data arrival time

                  0.10   20.00   20.00   clock clk (rise edge)
                          0.00   20.00   clock network delay (ideal)
                         -0.20   19.80   clock uncertainty
                          0.00   19.80   clock reconvergence pessimism
                                 19.80 ^ u_pc_reg._154_/CLK (sky130_fd_sc_hd__dfxtp_2)
                         -0.05   19.75   library setup time
                                 19.75   data required time
-----------------------------------------------------------------------------
                                 19.75   data required time
                                -17.94   data arrival time
-----------------------------------------------------------------------------
                                  1.81   slack (MET)


Startpoint: u_imem.u_sram (falling edge-triggered flip-flop clocked by clk)
Endpoint: u_pc_reg._152_ (rising edge-triggered flip-flop clocked by clk)
Path Group: clk
Path Type: max

Fanout     Cap    Slew   Delay    Time   Description
-----------------------------------------------------------------------------
                  0.10   10.00   10.00   clock clk (fall edge)
                          0.00   10.00   clock network delay (ideal)
                  0.10    0.00   10.00 v u_imem.u_sram/clk1 (sky130_sram_1kbyte_1rw1r_32x256_8)
                  0.17    2.10   12.10 v u_imem.u_sram/dout1[22] (sky130_sram_1kbyte_1rw1r_32x256_8)
     6    0.31                           dbg_instr[22] (net)
                  0.13    0.18   12.28 v u_regfile._082_/B (sky130_fd_sc_hd__nor3_2)
                  0.70    0.60   12.88 ^ u_regfile._082_/Y (sky130_fd_sc_hd__nor3_2)
     8    0.04                           u_regfile._011_ (net)
                  0.70    0.00   12.88 ^ u_regfile._083_/A (sky130_fd_sc_hd__buf_1)
                  0.58    0.52   13.40 ^ u_regfile._083_/X (sky130_fd_sc_hd__buf_1)
     9    0.05                           u_regfile._012_ (net)
                  0.58    0.00   13.41 ^ u_regfile._089_/A2 (sky130_fd_sc_hd__a21boi_2)
                  0.27    0.30   13.71 v u_regfile._089_/Y (sky130_fd_sc_hd__a21boi_2)
     4    0.05                           u_branch_unit.rs2_val[5] (net)
                  0.27    0.01   13.71 v u_branch_unit._183_/A (sky130_fd_sc_hd__or2b_2)
                  0.06    0.39   14.10 v u_branch_unit._183_/X (sky130_fd_sc_hd__or2b_2)
     2    0.01                           u_branch_unit._035_ (net)
                  0.06    0.00   14.10 v u_branch_unit._186_/B1 (sky130_fd_sc_hd__o2111a_2)
                  0.04    0.15   14.26 v u_branch_unit._186_/X (sky130_fd_sc_hd__o2111a_2)
     1    0.00                           u_branch_unit._038_ (net)
                  0.04    0.00   14.26 v u_branch_unit._187_/C (sky130_fd_sc_hd__and3_2)
                  0.06    0.23   14.49 v u_branch_unit._187_/X (sky130_fd_sc_hd__and3_2)
     2    0.01                           u_branch_unit._039_ (net)
                  0.06    0.00   14.49 v u_branch_unit._205_/A1 (sky130_fd_sc_hd__a32o_2)
                  0.05    0.26   14.75 v u_branch_unit._205_/X (sky130_fd_sc_hd__a32o_2)
     1    0.01                           u_branch_unit._057_ (net)
                  0.05    0.00   14.75 v u_branch_unit._210_/A2 (sky130_fd_sc_hd__a21o_2)
                  0.06    0.24   14.99 v u_branch_unit._210_/X (sky130_fd_sc_hd__a21o_2)
     1    0.02                           u_branch_unit._062_ (net)
                  0.06    0.00   14.99 v u_branch_unit._221_/A2 (sky130_fd_sc_hd__a211o_2)
                  0.07    0.37   15.36 v u_branch_unit._221_/X (sky130_fd_sc_hd__a211o_2)
     3    0.01                           u_branch_unit._073_ (net)
                  0.07    0.00   15.36 v u_branch_unit._225_/B2 (sky130_fd_sc_hd__a2bb2o_2)
                  0.06    0.26   15.62 v u_branch_unit._225_/X (sky130_fd_sc_hd__a2bb2o_2)
     2    0.01                           u_branch_unit._077_ (net)
                  0.06    0.00   15.62 v u_branch_unit._233_/A2 (sky130_fd_sc_hd__a31o_2)
                  0.04    0.23   15.85 v u_branch_unit._233_/X (sky130_fd_sc_hd__a31o_2)
     1    0.00                           u_branch_unit._085_ (net)
                  0.04    0.00   15.85 v u_branch_unit._234_/C1 (sky130_fd_sc_hd__a211o_2)
                  0.10    0.33   16.18 v u_branch_unit._234_/X (sky130_fd_sc_hd__a211o_2)
     2    0.02                           u_branch_unit.take_branch (net)
                  0.10    0.00   16.18 v u_pc_next_logic._0870_/A (sky130_fd_sc_hd__nand2_2)
                  0.35    0.30   16.48 ^ u_pc_next_logic._0870_/Y (sky130_fd_sc_hd__nand2_2)
    10    0.07                           u_pc_next_logic._0124_ (net)
                  0.35    0.01   16.49 ^ u_pc_next_logic._0871_/A (sky130_fd_sc_hd__buf_1)
                  0.76    0.63   17.12 ^ u_pc_next_logic._0871_/X (sky130_fd_sc_hd__buf_1)
    10    0.07                           u_pc_next_logic._0125_ (net)
                  0.76    0.00   17.12 ^ u_pc_next_logic._1287_/A2 (sky130_fd_sc_hd__a21oi_2)
                  0.13    0.11   17.23 v u_pc_next_logic._1287_/Y (sky130_fd_sc_hd__a21oi_2)
     1    0.00                           u_pc_next_logic._0524_ (net)
                  0.13    0.00   17.23 v u_pc_next_logic._1295_/A2 (sky130_fd_sc_hd__a221o_2)
                  0.07    0.44   17.66 v u_pc_next_logic._1295_/X (sky130_fd_sc_hd__a221o_2)
     1    0.01                           u_pc_next_logic._0532_ (net)
                  0.07    0.00   17.67 v u_pc_next_logic._1296_/B1 (sky130_fd_sc_hd__o21ai_2)
                  0.10    0.05   17.72 ^ u_pc_next_logic._1296_/Y (sky130_fd_sc_hd__o21ai_2)
     1    0.00                           u_pc_next_logic.pc_next[18] (net)
                  0.10    0.00   17.72 ^ u_pc_reg._105_/B (sky130_fd_sc_hd__and2_2)
                  0.05    0.14   17.86 ^ u_pc_reg._105_/X (sky130_fd_sc_hd__and2_2)
     1    0.00                           u_pc_reg._034_ (net)
                  0.05    0.00   17.86 ^ u_pc_reg._106_/A (sky130_fd_sc_hd__buf_1)
                  0.04    0.07   17.94 ^ u_pc_reg._106_/X (sky130_fd_sc_hd__buf_1)
     1    0.00                           u_pc_reg._018_ (net)
                  0.04    0.00   17.94 ^ u_pc_reg._152_/D (sky130_fd_sc_hd__dfxtp_2)
                                 17.94   data arrival time

                  0.10   20.00   20.00   clock clk (rise edge)
                          0.00   20.00   clock network delay (ideal)
                         -0.20   19.80   clock uncertainty
                          0.00   19.80   clock reconvergence pessimism
                                 19.80 ^ u_pc_reg._152_/CLK (sky130_fd_sc_hd__dfxtp_2)
                         -0.05   19.75   library setup time
                                 19.75   data required time
-----------------------------------------------------------------------------
                                 19.75   data required time
                                -17.94   data arrival time
-----------------------------------------------------------------------------
                                  1.82   slack (MET)


Startpoint: u_imem.u_sram (falling edge-triggered flip-flop clocked by clk)
Endpoint: u_pc_reg._146_ (rising edge-triggered flip-flop clocked by clk)
Path Group: clk
Path Type: max

Fanout     Cap    Slew   Delay    Time   Description
-----------------------------------------------------------------------------
                  0.10   10.00   10.00   clock clk (fall edge)
                          0.00   10.00   clock network delay (ideal)
                  0.10    0.00   10.00 v u_imem.u_sram/clk1 (sky130_sram_1kbyte_1rw1r_32x256_8)
                  0.17    2.10   12.10 v u_imem.u_sram/dout1[22] (sky130_sram_1kbyte_1rw1r_32x256_8)
     6    0.31                           dbg_instr[22] (net)
                  0.13    0.18   12.28 v u_regfile._082_/B (sky130_fd_sc_hd__nor3_2)
                  0.70    0.60   12.88 ^ u_regfile._082_/Y (sky130_fd_sc_hd__nor3_2)
     8    0.04                           u_regfile._011_ (net)
                  0.70    0.00   12.88 ^ u_regfile._083_/A (sky130_fd_sc_hd__buf_1)
                  0.58    0.52   13.40 ^ u_regfile._083_/X (sky130_fd_sc_hd__buf_1)
     9    0.05                           u_regfile._012_ (net)
                  0.58    0.00   13.41 ^ u_regfile._089_/A2 (sky130_fd_sc_hd__a21boi_2)
                  0.27    0.30   13.71 v u_regfile._089_/Y (sky130_fd_sc_hd__a21boi_2)
     4    0.05                           u_branch_unit.rs2_val[5] (net)
                  0.27    0.01   13.71 v u_branch_unit._183_/A (sky130_fd_sc_hd__or2b_2)
                  0.06    0.39   14.10 v u_branch_unit._183_/X (sky130_fd_sc_hd__or2b_2)
     2    0.01                           u_branch_unit._035_ (net)
                  0.06    0.00   14.10 v u_branch_unit._186_/B1 (sky130_fd_sc_hd__o2111a_2)
                  0.04    0.15   14.26 v u_branch_unit._186_/X (sky130_fd_sc_hd__o2111a_2)
     1    0.00                           u_branch_unit._038_ (net)
                  0.04    0.00   14.26 v u_branch_unit._187_/C (sky130_fd_sc_hd__and3_2)
                  0.06    0.23   14.49 v u_branch_unit._187_/X (sky130_fd_sc_hd__and3_2)
     2    0.01                           u_branch_unit._039_ (net)
                  0.06    0.00   14.49 v u_branch_unit._205_/A1 (sky130_fd_sc_hd__a32o_2)
                  0.05    0.26   14.75 v u_branch_unit._205_/X (sky130_fd_sc_hd__a32o_2)
     1    0.01                           u_branch_unit._057_ (net)
                  0.05    0.00   14.75 v u_branch_unit._210_/A2 (sky130_fd_sc_hd__a21o_2)
                  0.06    0.24   14.99 v u_branch_unit._210_/X (sky130_fd_sc_hd__a21o_2)
     1    0.02                           u_branch_unit._062_ (net)
                  0.06    0.00   14.99 v u_branch_unit._221_/A2 (sky130_fd_sc_hd__a211o_2)
                  0.07    0.37   15.36 v u_branch_unit._221_/X (sky130_fd_sc_hd__a211o_2)
     3    0.01                           u_branch_unit._073_ (net)
                  0.07    0.00   15.36 v u_branch_unit._225_/B2 (sky130_fd_sc_hd__a2bb2o_2)
                  0.06    0.26   15.62 v u_branch_unit._225_/X (sky130_fd_sc_hd__a2bb2o_2)
     2    0.01                           u_branch_unit._077_ (net)
                  0.06    0.00   15.62 v u_branch_unit._233_/A2 (sky130_fd_sc_hd__a31o_2)
                  0.04    0.23   15.85 v u_branch_unit._233_/X (sky130_fd_sc_hd__a31o_2)
     1    0.00                           u_branch_unit._085_ (net)
                  0.04    0.00   15.85 v u_branch_unit._234_/C1 (sky130_fd_sc_hd__a211o_2)
                  0.10    0.33   16.18 v u_branch_unit._234_/X (sky130_fd_sc_hd__a211o_2)
     2    0.02                           u_branch_unit.take_branch (net)
                  0.10    0.00   16.18 v u_pc_next_logic._0854_/A (sky130_fd_sc_hd__and2_2)
                  0.04    0.19   16.37 v u_pc_next_logic._0854_/X (sky130_fd_sc_hd__and2_2)
     1    0.00                           u_pc_next_logic._0109_ (net)
                  0.04    0.00   16.37 v u_pc_next_logic._0855_/A (sky130_fd_sc_hd__buf_1)
                  0.29    0.28   16.65 v u_pc_next_logic._0855_/X (sky130_fd_sc_hd__buf_1)
     8    0.05                           u_pc_next_logic._0110_ (net)
                  0.29    0.00   16.66 v u_pc_next_logic._1136_/S (sky130_fd_sc_hd__mux2_2)
                  0.05    0.37   17.02 v u_pc_next_logic._1136_/X (sky130_fd_sc_hd__mux2_2)
     1    0.00                           u_pc_next_logic._0379_ (net)
                  0.05    0.00   17.02 v u_pc_next_logic._1146_/A0 (sky130_fd_sc_hd__mux2_2)
                  0.06    0.27   17.29 v u_pc_next_logic._1146_/X (sky130_fd_sc_hd__mux2_2)
     1    0.01                           u_pc_next_logic._0389_ (net)
                  0.06    0.00   17.29 v u_pc_next_logic._1147_/A1 (sky130_fd_sc_hd__mux2_2)
                  0.05    0.26   17.55 v u_pc_next_logic._1147_/X (sky130_fd_sc_hd__mux2_2)
     1    0.00                           u_pc_next_logic._0390_ (net)
                  0.05    0.00   17.55 v u_pc_next_logic._1148_/A (sky130_fd_sc_hd__buf_1)
                  0.02    0.08   17.63 v u_pc_next_logic._1148_/X (sky130_fd_sc_hd__buf_1)
     1    0.00                           u_pc_next_logic.pc_next[12] (net)
                  0.02    0.00   17.63 v u_pc_reg._093_/B (sky130_fd_sc_hd__and2_2)
                  0.04    0.17   17.80 v u_pc_reg._093_/X (sky130_fd_sc_hd__and2_2)
     1    0.00                           u_pc_reg._063_ (net)
                  0.04    0.00   17.80 v u_pc_reg._094_/A (sky130_fd_sc_hd__buf_1)
                  0.02    0.08   17.88 v u_pc_reg._094_/X (sky130_fd_sc_hd__buf_1)
     1    0.00                           u_pc_reg._012_ (net)
                  0.02    0.00   17.88 v u_pc_reg._146_/D (sky130_fd_sc_hd__dfxtp_2)
                                 17.88   data arrival time

                  0.10   20.00   20.00   clock clk (rise edge)
                          0.00   20.00   clock network delay (ideal)
                         -0.20   19.80   clock uncertainty
                          0.00   19.80   clock reconvergence pessimism
                                 19.80 ^ u_pc_reg._146_/CLK (sky130_fd_sc_hd__dfxtp_2)
                         -0.09   19.71   library setup time
                                 19.71   data required time
-----------------------------------------------------------------------------
                                 19.71   data required time
                                -17.88   data arrival time
-----------------------------------------------------------------------------
                                  1.83   slack (MET)


Startpoint: u_imem.u_sram (falling edge-triggered flip-flop clocked by clk)
Endpoint: u_pc_reg._137_ (rising edge-triggered flip-flop clocked by clk)
Path Group: clk
Path Type: max

Fanout     Cap    Slew   Delay    Time   Description
-----------------------------------------------------------------------------
                  0.10   10.00   10.00   clock clk (fall edge)
                          0.00   10.00   clock network delay (ideal)
                  0.10    0.00   10.00 v u_imem.u_sram/clk1 (sky130_sram_1kbyte_1rw1r_32x256_8)
                  0.17    2.10   12.10 v u_imem.u_sram/dout1[22] (sky130_sram_1kbyte_1rw1r_32x256_8)
     6    0.31                           dbg_instr[22] (net)
                  0.13    0.18   12.28 v u_regfile._082_/B (sky130_fd_sc_hd__nor3_2)
                  0.70    0.60   12.88 ^ u_regfile._082_/Y (sky130_fd_sc_hd__nor3_2)
     8    0.04                           u_regfile._011_ (net)
                  0.70    0.00   12.88 ^ u_regfile._083_/A (sky130_fd_sc_hd__buf_1)
                  0.58    0.52   13.40 ^ u_regfile._083_/X (sky130_fd_sc_hd__buf_1)
     9    0.05                           u_regfile._012_ (net)
                  0.58    0.00   13.41 ^ u_regfile._089_/A2 (sky130_fd_sc_hd__a21boi_2)
                  0.27    0.30   13.71 v u_regfile._089_/Y (sky130_fd_sc_hd__a21boi_2)
     4    0.05                           u_branch_unit.rs2_val[5] (net)
                  0.27    0.01   13.71 v u_branch_unit._183_/A (sky130_fd_sc_hd__or2b_2)
                  0.06    0.39   14.10 v u_branch_unit._183_/X (sky130_fd_sc_hd__or2b_2)
     2    0.01                           u_branch_unit._035_ (net)
                  0.06    0.00   14.10 v u_branch_unit._186_/B1 (sky130_fd_sc_hd__o2111a_2)
                  0.04    0.15   14.26 v u_branch_unit._186_/X (sky130_fd_sc_hd__o2111a_2)
     1    0.00                           u_branch_unit._038_ (net)
                  0.04    0.00   14.26 v u_branch_unit._187_/C (sky130_fd_sc_hd__and3_2)
                  0.06    0.23   14.49 v u_branch_unit._187_/X (sky130_fd_sc_hd__and3_2)
     2    0.01                           u_branch_unit._039_ (net)
                  0.06    0.00   14.49 v u_branch_unit._205_/A1 (sky130_fd_sc_hd__a32o_2)
                  0.05    0.26   14.75 v u_branch_unit._205_/X (sky130_fd_sc_hd__a32o_2)
     1    0.01                           u_branch_unit._057_ (net)
                  0.05    0.00   14.75 v u_branch_unit._210_/A2 (sky130_fd_sc_hd__a21o_2)
                  0.06    0.24   14.99 v u_branch_unit._210_/X (sky130_fd_sc_hd__a21o_2)
     1    0.02                           u_branch_unit._062_ (net)
                  0.06    0.00   14.99 v u_branch_unit._221_/A2 (sky130_fd_sc_hd__a211o_2)
                  0.07    0.37   15.36 v u_branch_unit._221_/X (sky130_fd_sc_hd__a211o_2)
     3    0.01                           u_branch_unit._073_ (net)
                  0.07    0.00   15.36 v u_branch_unit._225_/B2 (sky130_fd_sc_hd__a2bb2o_2)
                  0.06    0.26   15.62 v u_branch_unit._225_/X (sky130_fd_sc_hd__a2bb2o_2)
     2    0.01                           u_branch_unit._077_ (net)
                  0.06    0.00   15.62 v u_branch_unit._233_/A2 (sky130_fd_sc_hd__a31o_2)
                  0.04    0.23   15.85 v u_branch_unit._233_/X (sky130_fd_sc_hd__a31o_2)
     1    0.00                           u_branch_unit._085_ (net)
                  0.04    0.00   15.85 v u_branch_unit._234_/C1 (sky130_fd_sc_hd__a211o_2)
                  0.10    0.33   16.18 v u_branch_unit._234_/X (sky130_fd_sc_hd__a211o_2)
     2    0.02                           u_branch_unit.take_branch (net)
                  0.10    0.00   16.18 v u_pc_next_logic._0854_/A (sky130_fd_sc_hd__and2_2)
                  0.04    0.19   16.37 v u_pc_next_logic._0854_/X (sky130_fd_sc_hd__and2_2)
     1    0.00                           u_pc_next_logic._0109_ (net)
                  0.04    0.00   16.37 v u_pc_next_logic._0855_/A (sky130_fd_sc_hd__buf_1)
                  0.29    0.28   16.65 v u_pc_next_logic._0855_/X (sky130_fd_sc_hd__buf_1)
     8    0.05                           u_pc_next_logic._0110_ (net)
                  0.29    0.00   16.65 v u_pc_next_logic._0922_/S (sky130_fd_sc_hd__mux2_2)
                  0.06    0.37   17.02 v u_pc_next_logic._0922_/X (sky130_fd_sc_hd__mux2_2)
     1    0.01                           u_pc_next_logic._0174_ (net)
                  0.06    0.00   17.03 v u_pc_next_logic._0928_/A0 (sky130_fd_sc_hd__mux2_2)
                  0.05    0.27   17.29 v u_pc_next_logic._0928_/X (sky130_fd_sc_hd__mux2_2)
     1    0.00                           u_pc_next_logic._0180_ (net)
                  0.05    0.00   17.29 v u_pc_next_logic._0929_/A1 (sky130_fd_sc_hd__mux2_2)
                  0.05    0.26   17.55 v u_pc_next_logic._0929_/X (sky130_fd_sc_hd__mux2_2)
     1    0.00                           u_pc_next_logic._0181_ (net)
                  0.05    0.00   17.55 v u_pc_next_logic._0930_/A (sky130_fd_sc_hd__buf_1)
                  0.02    0.08   17.63 v u_pc_next_logic._0930_/X (sky130_fd_sc_hd__buf_1)
     1    0.00                           u_pc_next_logic.pc_next[3] (net)
                  0.02    0.00   17.63 v u_pc_reg._074_/B (sky130_fd_sc_hd__and2_2)
                  0.04    0.17   17.80 v u_pc_reg._074_/X (sky130_fd_sc_hd__and2_2)
     1    0.00                           u_pc_reg._053_ (net)
                  0.04    0.00   17.80 v u_pc_reg._075_/A (sky130_fd_sc_hd__buf_1)
                  0.02    0.08   17.88 v u_pc_reg._075_/X (sky130_fd_sc_hd__buf_1)
     1    0.00                           u_pc_reg._003_ (net)
                  0.02    0.00   17.88 v u_pc_reg._137_/D (sky130_fd_sc_hd__dfxtp_2)
                                 17.88   data arrival time

                  0.10   20.00   20.00   clock clk (rise edge)
                          0.00   20.00   clock network delay (ideal)
                         -0.20   19.80   clock uncertainty
                          0.00   19.80   clock reconvergence pessimism
                                 19.80 ^ u_pc_reg._137_/CLK (sky130_fd_sc_hd__dfxtp_2)
                         -0.09   19.71   library setup time
                                 19.71   data required time
-----------------------------------------------------------------------------
                                 19.71   data required time
                                -17.88   data arrival time
-----------------------------------------------------------------------------
                                  1.83   slack (MET)


Startpoint: u_imem.u_sram (falling edge-triggered flip-flop clocked by clk)
Endpoint: u_pc_reg._162_ (rising edge-triggered flip-flop clocked by clk)
Path Group: clk
Path Type: max

Fanout     Cap    Slew   Delay    Time   Description
-----------------------------------------------------------------------------
                  0.10   10.00   10.00   clock clk (fall edge)
                          0.00   10.00   clock network delay (ideal)
                  0.10    0.00   10.00 v u_imem.u_sram/clk1 (sky130_sram_1kbyte_1rw1r_32x256_8)
                  0.17    2.10   12.10 v u_imem.u_sram/dout1[22] (sky130_sram_1kbyte_1rw1r_32x256_8)
     6    0.31                           dbg_instr[22] (net)
                  0.13    0.18   12.28 v u_regfile._082_/B (sky130_fd_sc_hd__nor3_2)
                  0.70    0.60   12.88 ^ u_regfile._082_/Y (sky130_fd_sc_hd__nor3_2)
     8    0.04                           u_regfile._011_ (net)
                  0.70    0.00   12.88 ^ u_regfile._083_/A (sky130_fd_sc_hd__buf_1)
                  0.58    0.52   13.40 ^ u_regfile._083_/X (sky130_fd_sc_hd__buf_1)
     9    0.05                           u_regfile._012_ (net)
                  0.58    0.00   13.41 ^ u_regfile._089_/A2 (sky130_fd_sc_hd__a21boi_2)
                  0.27    0.30   13.71 v u_regfile._089_/Y (sky130_fd_sc_hd__a21boi_2)
     4    0.05                           u_branch_unit.rs2_val[5] (net)
                  0.27    0.01   13.71 v u_branch_unit._183_/A (sky130_fd_sc_hd__or2b_2)
                  0.06    0.39   14.10 v u_branch_unit._183_/X (sky130_fd_sc_hd__or2b_2)
     2    0.01                           u_branch_unit._035_ (net)
                  0.06    0.00   14.10 v u_branch_unit._186_/B1 (sky130_fd_sc_hd__o2111a_2)
                  0.04    0.15   14.26 v u_branch_unit._186_/X (sky130_fd_sc_hd__o2111a_2)
     1    0.00                           u_branch_unit._038_ (net)
                  0.04    0.00   14.26 v u_branch_unit._187_/C (sky130_fd_sc_hd__and3_2)
                  0.06    0.23   14.49 v u_branch_unit._187_/X (sky130_fd_sc_hd__and3_2)
     2    0.01                           u_branch_unit._039_ (net)
                  0.06    0.00   14.49 v u_branch_unit._205_/A1 (sky130_fd_sc_hd__a32o_2)
                  0.05    0.26   14.75 v u_branch_unit._205_/X (sky130_fd_sc_hd__a32o_2)
     1    0.01                           u_branch_unit._057_ (net)
                  0.05    0.00   14.75 v u_branch_unit._210_/A2 (sky130_fd_sc_hd__a21o_2)
                  0.06    0.24   14.99 v u_branch_unit._210_/X (sky130_fd_sc_hd__a21o_2)
     1    0.02                           u_branch_unit._062_ (net)
                  0.06    0.00   14.99 v u_branch_unit._221_/A2 (sky130_fd_sc_hd__a211o_2)
                  0.07    0.37   15.36 v u_branch_unit._221_/X (sky130_fd_sc_hd__a211o_2)
     3    0.01                           u_branch_unit._073_ (net)
                  0.07    0.00   15.36 v u_branch_unit._225_/B2 (sky130_fd_sc_hd__a2bb2o_2)
                  0.06    0.26   15.62 v u_branch_unit._225_/X (sky130_fd_sc_hd__a2bb2o_2)
     2    0.01                           u_branch_unit._077_ (net)
                  0.06    0.00   15.62 v u_branch_unit._233_/A2 (sky130_fd_sc_hd__a31o_2)
                  0.04    0.23   15.85 v u_branch_unit._233_/X (sky130_fd_sc_hd__a31o_2)
     1    0.00                           u_branch_unit._085_ (net)
                  0.04    0.00   15.85 v u_branch_unit._234_/C1 (sky130_fd_sc_hd__a211o_2)
                  0.10    0.33   16.18 v u_branch_unit._234_/X (sky130_fd_sc_hd__a211o_2)
     2    0.02                           u_branch_unit.take_branch (net)
                  0.10    0.00   16.18 v u_pc_next_logic._0870_/A (sky130_fd_sc_hd__nand2_2)
                  0.35    0.30   16.48 ^ u_pc_next_logic._0870_/Y (sky130_fd_sc_hd__nand2_2)
    10    0.07                           u_pc_next_logic._0124_ (net)
                  0.35    0.01   16.49 ^ u_pc_next_logic._0905_/A (sky130_fd_sc_hd__buf_1)
                  0.68    0.57   17.06 ^ u_pc_next_logic._0905_/X (sky130_fd_sc_hd__buf_1)
    10    0.06                           u_pc_next_logic._0158_ (net)
                  0.68    0.00   17.06 ^ u_pc_next_logic._1544_/A2 (sky130_fd_sc_hd__a221o_2)
                  0.07    0.29   17.36 ^ u_pc_next_logic._1544_/X (sky130_fd_sc_hd__a221o_2)
     1    0.01                           u_pc_next_logic._0000_ (net)
                  0.07    0.00   17.36 ^ u_pc_next_logic._1545_/B1 (sky130_fd_sc_hd__o21a_2)
                  0.05    0.13   17.49 ^ u_pc_next_logic._1545_/X (sky130_fd_sc_hd__o21a_2)
     1    0.01                           u_pc_next_logic._0001_ (net)
                  0.05    0.00   17.49 ^ u_pc_next_logic._1546_/A1 (sky130_fd_sc_hd__mux2_2)
                  0.04    0.14   17.63 ^ u_pc_next_logic._1546_/X (sky130_fd_sc_hd__mux2_2)
     1    0.00                           u_pc_next_logic._0002_ (net)
                  0.04    0.00   17.63 ^ u_pc_next_logic._1547_/A (sky130_fd_sc_hd__buf_1)
                  0.04    0.07   17.70 ^ u_pc_next_logic._1547_/X (sky130_fd_sc_hd__buf_1)
     1    0.00                           u_pc_next_logic.pc_next[28] (net)
                  0.04    0.00   17.70 ^ u_pc_reg._126_/B (sky130_fd_sc_hd__and2_2)
                  0.05    0.13   17.83 ^ u_pc_reg._126_/X (sky130_fd_sc_hd__and2_2)
     1    0.00                           u_pc_reg._045_ (net)
                  0.05    0.00   17.83 ^ u_pc_reg._127_/A (sky130_fd_sc_hd__buf_1)
                  0.04    0.08   17.91 ^ u_pc_reg._127_/X (sky130_fd_sc_hd__buf_1)
     1    0.00                           u_pc_reg._028_ (net)
                  0.04    0.00   17.91 ^ u_pc_reg._162_/D (sky130_fd_sc_hd__dfxtp_2)
                                 17.91   data arrival time

                  0.10   20.00   20.00   clock clk (rise edge)
                          0.00   20.00   clock network delay (ideal)
                         -0.20   19.80   clock uncertainty
                          0.00   19.80   clock reconvergence pessimism
                                 19.80 ^ u_pc_reg._162_/CLK (sky130_fd_sc_hd__dfxtp_2)
                         -0.05   19.75   library setup time
                                 19.75   data required time
-----------------------------------------------------------------------------
                                 19.75   data required time
                                -17.91   data arrival time
-----------------------------------------------------------------------------
                                  1.84   slack (MET)


Startpoint: u_imem.u_sram (falling edge-triggered flip-flop clocked by clk)
Endpoint: u_pc_reg._155_ (rising edge-triggered flip-flop clocked by clk)
Path Group: clk
Path Type: max

Fanout     Cap    Slew   Delay    Time   Description
-----------------------------------------------------------------------------
                  0.10   10.00   10.00   clock clk (fall edge)
                          0.00   10.00   clock network delay (ideal)
                  0.10    0.00   10.00 v u_imem.u_sram/clk1 (sky130_sram_1kbyte_1rw1r_32x256_8)
                  0.17    2.10   12.10 v u_imem.u_sram/dout1[22] (sky130_sram_1kbyte_1rw1r_32x256_8)
     6    0.31                           dbg_instr[22] (net)
                  0.13    0.18   12.28 v u_regfile._082_/B (sky130_fd_sc_hd__nor3_2)
                  0.70    0.60   12.88 ^ u_regfile._082_/Y (sky130_fd_sc_hd__nor3_2)
     8    0.04                           u_regfile._011_ (net)
                  0.70    0.00   12.88 ^ u_regfile._083_/A (sky130_fd_sc_hd__buf_1)
                  0.58    0.52   13.40 ^ u_regfile._083_/X (sky130_fd_sc_hd__buf_1)
     9    0.05                           u_regfile._012_ (net)
                  0.58    0.00   13.41 ^ u_regfile._089_/A2 (sky130_fd_sc_hd__a21boi_2)
                  0.27    0.30   13.71 v u_regfile._089_/Y (sky130_fd_sc_hd__a21boi_2)
     4    0.05                           u_branch_unit.rs2_val[5] (net)
                  0.27    0.01   13.71 v u_branch_unit._183_/A (sky130_fd_sc_hd__or2b_2)
                  0.06    0.39   14.10 v u_branch_unit._183_/X (sky130_fd_sc_hd__or2b_2)
     2    0.01                           u_branch_unit._035_ (net)
                  0.06    0.00   14.10 v u_branch_unit._186_/B1 (sky130_fd_sc_hd__o2111a_2)
                  0.04    0.15   14.26 v u_branch_unit._186_/X (sky130_fd_sc_hd__o2111a_2)
     1    0.00                           u_branch_unit._038_ (net)
                  0.04    0.00   14.26 v u_branch_unit._187_/C (sky130_fd_sc_hd__and3_2)
                  0.06    0.23   14.49 v u_branch_unit._187_/X (sky130_fd_sc_hd__and3_2)
     2    0.01                           u_branch_unit._039_ (net)
                  0.06    0.00   14.49 v u_branch_unit._205_/A1 (sky130_fd_sc_hd__a32o_2)
                  0.05    0.26   14.75 v u_branch_unit._205_/X (sky130_fd_sc_hd__a32o_2)
     1    0.01                           u_branch_unit._057_ (net)
                  0.05    0.00   14.75 v u_branch_unit._210_/A2 (sky130_fd_sc_hd__a21o_2)
                  0.06    0.24   14.99 v u_branch_unit._210_/X (sky130_fd_sc_hd__a21o_2)
     1    0.02                           u_branch_unit._062_ (net)
                  0.06    0.00   14.99 v u_branch_unit._221_/A2 (sky130_fd_sc_hd__a211o_2)
                  0.07    0.37   15.36 v u_branch_unit._221_/X (sky130_fd_sc_hd__a211o_2)
     3    0.01                           u_branch_unit._073_ (net)
                  0.07    0.00   15.36 v u_branch_unit._225_/B2 (sky130_fd_sc_hd__a2bb2o_2)
                  0.06    0.26   15.62 v u_branch_unit._225_/X (sky130_fd_sc_hd__a2bb2o_2)
     2    0.01                           u_branch_unit._077_ (net)
                  0.06    0.00   15.62 v u_branch_unit._233_/A2 (sky130_fd_sc_hd__a31o_2)
                  0.04    0.23   15.85 v u_branch_unit._233_/X (sky130_fd_sc_hd__a31o_2)
     1    0.00                           u_branch_unit._085_ (net)
                  0.04    0.00   15.85 v u_branch_unit._234_/C1 (sky130_fd_sc_hd__a211o_2)
                  0.10    0.33   16.18 v u_branch_unit._234_/X (sky130_fd_sc_hd__a211o_2)
     2    0.02                           u_branch_unit.take_branch (net)
                  0.10    0.00   16.18 v u_pc_next_logic._0854_/A (sky130_fd_sc_hd__and2_2)
                  0.04    0.19   16.37 v u_pc_next_logic._0854_/X (sky130_fd_sc_hd__and2_2)
     1    0.00                           u_pc_next_logic._0109_ (net)
                  0.04    0.00   16.37 v u_pc_next_logic._0855_/A (sky130_fd_sc_hd__buf_1)
                  0.29    0.28   16.65 v u_pc_next_logic._0855_/X (sky130_fd_sc_hd__buf_1)
     8    0.05                           u_pc_next_logic._0110_ (net)
                  0.29    0.01   16.66 v u_pc_next_logic._0856_/A (sky130_fd_sc_hd__buf_1)
                  0.36    0.43   17.09 v u_pc_next_logic._0856_/X (sky130_fd_sc_hd__buf_1)
    10    0.06                           u_pc_next_logic._0111_ (net)
                  0.36    0.00   17.09 v u_pc_next_logic._1364_/A1 (sky130_fd_sc_hd__a31o_2)
                  0.04    0.32   17.41 v u_pc_next_logic._1364_/X (sky130_fd_sc_hd__a31o_2)
     1    0.00                           u_pc_next_logic._0598_ (net)
                  0.04    0.00   17.41 v u_pc_next_logic._1371_/B1 (sky130_fd_sc_hd__a22o_2)
                  0.04    0.19   17.60 v u_pc_next_logic._1371_/X (sky130_fd_sc_hd__a22o_2)
     1    0.00                           u_pc_next_logic.pc_next[21] (net)
                  0.04    0.00   17.60 v u_pc_reg._112_/B (sky130_fd_sc_hd__and2_2)
                  0.04    0.18   17.78 v u_pc_reg._112_/X (sky130_fd_sc_hd__and2_2)
     1    0.00                           u_pc_reg._038_ (net)
                  0.04    0.00   17.78 v u_pc_reg._113_/A (sky130_fd_sc_hd__buf_1)
                  0.03    0.08   17.87 v u_pc_reg._113_/X (sky130_fd_sc_hd__buf_1)
     1    0.00                           u_pc_reg._021_ (net)
                  0.03    0.00   17.87 v u_pc_reg._155_/D (sky130_fd_sc_hd__dfxtp_2)
                                 17.87   data arrival time

                  0.10   20.00   20.00   clock clk (rise edge)
                          0.00   20.00   clock network delay (ideal)
                         -0.20   19.80   clock uncertainty
                          0.00   19.80   clock reconvergence pessimism
                                 19.80 ^ u_pc_reg._155_/CLK (sky130_fd_sc_hd__dfxtp_2)
                         -0.09   19.71   library setup time
                                 19.71   data required time
-----------------------------------------------------------------------------
                                 19.71   data required time
                                -17.87   data arrival time
-----------------------------------------------------------------------------
                                  1.84   slack (MET)


Startpoint: u_imem.u_sram (falling edge-triggered flip-flop clocked by clk)
Endpoint: u_pc_reg._148_ (rising edge-triggered flip-flop clocked by clk)
Path Group: clk
Path Type: max

Fanout     Cap    Slew   Delay    Time   Description
-----------------------------------------------------------------------------
                  0.10   10.00   10.00   clock clk (fall edge)
                          0.00   10.00   clock network delay (ideal)
                  0.10    0.00   10.00 v u_imem.u_sram/clk1 (sky130_sram_1kbyte_1rw1r_32x256_8)
                  0.17    2.10   12.10 v u_imem.u_sram/dout1[22] (sky130_sram_1kbyte_1rw1r_32x256_8)
     6    0.31                           dbg_instr[22] (net)
                  0.13    0.18   12.28 v u_regfile._082_/B (sky130_fd_sc_hd__nor3_2)
                  0.70    0.60   12.88 ^ u_regfile._082_/Y (sky130_fd_sc_hd__nor3_2)
     8    0.04                           u_regfile._011_ (net)
                  0.70    0.00   12.88 ^ u_regfile._083_/A (sky130_fd_sc_hd__buf_1)
                  0.58    0.52   13.40 ^ u_regfile._083_/X (sky130_fd_sc_hd__buf_1)
     9    0.05                           u_regfile._012_ (net)
                  0.58    0.00   13.41 ^ u_regfile._089_/A2 (sky130_fd_sc_hd__a21boi_2)
                  0.27    0.30   13.71 v u_regfile._089_/Y (sky130_fd_sc_hd__a21boi_2)
     4    0.05                           u_branch_unit.rs2_val[5] (net)
                  0.27    0.01   13.71 v u_branch_unit._183_/A (sky130_fd_sc_hd__or2b_2)
                  0.06    0.39   14.10 v u_branch_unit._183_/X (sky130_fd_sc_hd__or2b_2)
     2    0.01                           u_branch_unit._035_ (net)
                  0.06    0.00   14.10 v u_branch_unit._186_/B1 (sky130_fd_sc_hd__o2111a_2)
                  0.04    0.15   14.26 v u_branch_unit._186_/X (sky130_fd_sc_hd__o2111a_2)
     1    0.00                           u_branch_unit._038_ (net)
                  0.04    0.00   14.26 v u_branch_unit._187_/C (sky130_fd_sc_hd__and3_2)
                  0.06    0.23   14.49 v u_branch_unit._187_/X (sky130_fd_sc_hd__and3_2)
     2    0.01                           u_branch_unit._039_ (net)
                  0.06    0.00   14.49 v u_branch_unit._205_/A1 (sky130_fd_sc_hd__a32o_2)
                  0.05    0.26   14.75 v u_branch_unit._205_/X (sky130_fd_sc_hd__a32o_2)
     1    0.01                           u_branch_unit._057_ (net)
                  0.05    0.00   14.75 v u_branch_unit._210_/A2 (sky130_fd_sc_hd__a21o_2)
                  0.06    0.24   14.99 v u_branch_unit._210_/X (sky130_fd_sc_hd__a21o_2)
     1    0.02                           u_branch_unit._062_ (net)
                  0.06    0.00   14.99 v u_branch_unit._221_/A2 (sky130_fd_sc_hd__a211o_2)
                  0.07    0.37   15.36 v u_branch_unit._221_/X (sky130_fd_sc_hd__a211o_2)
     3    0.01                           u_branch_unit._073_ (net)
                  0.07    0.00   15.36 v u_branch_unit._225_/B2 (sky130_fd_sc_hd__a2bb2o_2)
                  0.06    0.26   15.62 v u_branch_unit._225_/X (sky130_fd_sc_hd__a2bb2o_2)
     2    0.01                           u_branch_unit._077_ (net)
                  0.06    0.00   15.62 v u_branch_unit._233_/A2 (sky130_fd_sc_hd__a31o_2)
                  0.04    0.23   15.85 v u_branch_unit._233_/X (sky130_fd_sc_hd__a31o_2)
     1    0.00                           u_branch_unit._085_ (net)
                  0.04    0.00   15.85 v u_branch_unit._234_/C1 (sky130_fd_sc_hd__a211o_2)
                  0.10    0.33   16.18 v u_branch_unit._234_/X (sky130_fd_sc_hd__a211o_2)
     2    0.02                           u_branch_unit.take_branch (net)
                  0.10    0.00   16.18 v u_pc_next_logic._0870_/A (sky130_fd_sc_hd__nand2_2)
                  0.35    0.30   16.48 ^ u_pc_next_logic._0870_/Y (sky130_fd_sc_hd__nand2_2)
    10    0.07                           u_pc_next_logic._0124_ (net)
                  0.35    0.01   16.49 ^ u_pc_next_logic._0905_/A (sky130_fd_sc_hd__buf_1)
                  0.68    0.57   17.06 ^ u_pc_next_logic._0905_/X (sky130_fd_sc_hd__buf_1)
    10    0.06                           u_pc_next_logic._0158_ (net)
                  0.68    0.01   17.07 ^ u_pc_next_logic._1183_/A2 (sky130_fd_sc_hd__a221o_2)
                  0.06    0.28   17.35 ^ u_pc_next_logic._1183_/X (sky130_fd_sc_hd__a221o_2)
     1    0.00                           u_pc_next_logic._0424_ (net)
                  0.06    0.00   17.35 ^ u_pc_next_logic._1184_/B1 (sky130_fd_sc_hd__o21a_2)
                  0.04    0.12   17.46 ^ u_pc_next_logic._1184_/X (sky130_fd_sc_hd__o21a_2)
     1    0.00                           u_pc_next_logic._0425_ (net)
                  0.04    0.00   17.46 ^ u_pc_next_logic._1190_/A0 (sky130_fd_sc_hd__mux2_2)
                  0.05    0.13   17.59 ^ u_pc_next_logic._1190_/X (sky130_fd_sc_hd__mux2_2)
     1    0.00                           u_pc_next_logic._0431_ (net)
                  0.05    0.00   17.59 ^ u_pc_next_logic._1191_/A (sky130_fd_sc_hd__buf_1)
                  0.03    0.07   17.66 ^ u_pc_next_logic._1191_/X (sky130_fd_sc_hd__buf_1)
     1    0.00                           u_pc_next_logic.pc_next[14] (net)
                  0.03    0.00   17.66 ^ u_pc_reg._097_/B (sky130_fd_sc_hd__and2_2)
                  0.05    0.12   17.79 ^ u_pc_reg._097_/X (sky130_fd_sc_hd__and2_2)
     1    0.00                           u_pc_reg._065_ (net)
                  0.05    0.00   17.79 ^ u_pc_reg._098_/A (sky130_fd_sc_hd__buf_1)
                  0.04    0.07   17.86 ^ u_pc_reg._098_/X (sky130_fd_sc_hd__buf_1)
     1    0.00                           u_pc_reg._014_ (net)
                  0.04    0.00   17.86 ^ u_pc_reg._148_/D (sky130_fd_sc_hd__dfxtp_2)
                                 17.86   data arrival time

                  0.10   20.00   20.00   clock clk (rise edge)
                          0.00   20.00   clock network delay (ideal)
                         -0.20   19.80   clock uncertainty
                          0.00   19.80   clock reconvergence pessimism
                                 19.80 ^ u_pc_reg._148_/CLK (sky130_fd_sc_hd__dfxtp_2)
                         -0.05   19.75   library setup time
                                 19.75   data required time
-----------------------------------------------------------------------------
                                 19.75   data required time
                                -17.86   data arrival time
-----------------------------------------------------------------------------
                                  1.89   slack (MET)


Startpoint: u_imem.u_sram (falling edge-triggered flip-flop clocked by clk)
Endpoint: u_dmem.u_sram (falling edge-triggered flip-flop clocked by clk)
Path Group: clk
Path Type: max

Fanout     Cap    Slew   Delay    Time   Description
-----------------------------------------------------------------------------
                  0.10   10.00   10.00   clock clk (fall edge)
                          0.00   10.00   clock network delay (ideal)
                  0.10    0.00   10.00 v u_imem.u_sram/clk1 (sky130_sram_1kbyte_1rw1r_32x256_8)
                  0.15    1.86   11.86 v u_imem.u_sram/dout1[6] (sky130_sram_1kbyte_1rw1r_32x256_8)
     8    0.27                           dbg_instr[6] (net)
                  0.11    0.18   12.03 v u_decoder_controller._17_/B (sky130_fd_sc_hd__or3b_2)
                  0.13    0.54   12.57 v u_decoder_controller._17_/X (sky130_fd_sc_hd__or3b_2)
     4    0.02                           u_decoder_controller._03_ (net)
                  0.13    0.00   12.57 v u_decoder_controller._26_/A2 (sky130_fd_sc_hd__a21oi_2)
                  0.15    0.20   12.77 ^ u_decoder_controller._26_/Y (sky130_fd_sc_hd__a21oi_2)
     3    0.01                           u_decoder_controller._08_ (net)
                  0.15    0.00   12.77 ^ u_decoder_controller._32_/B1 (sky130_fd_sc_hd__a21o_2)
                  0.11    0.18   12.95 ^ u_decoder_controller._32_/X (sky130_fd_sc_hd__a21o_2)
     5    0.02                           u_decoder_controller.alu_src (net)
                  0.11    0.00   12.95 ^ _271_/A (sky130_fd_sc_hd__buf_1)
                  0.48    0.40   13.35 ^ _271_/X (sky130_fd_sc_hd__buf_1)
    10    0.04                           _004_ (net)
                  0.48    0.00   13.35 ^ _275_/S (sky130_fd_sc_hd__mux2_2)
                  0.06    0.25   13.60 ^ _275_/X (sky130_fd_sc_hd__mux2_2)
     1    0.00                           _007_ (net)
                  0.06    0.00   13.60 ^ _276_/A (sky130_fd_sc_hd__buf_1)
                  0.07    0.10   13.70 ^ _276_/X (sky130_fd_sc_hd__buf_1)
     2    0.01                           u_alu.B[1] (net)
                  0.07    0.00   13.70 ^ u_alu._1163_/A (sky130_fd_sc_hd__buf_1)
                  0.93    0.69   14.39 ^ u_alu._1163_/X (sky130_fd_sc_hd__buf_1)
    10    0.08                           u_alu._0286_ (net)
                  0.93    0.02   14.41 ^ u_alu._1186_/A (sky130_fd_sc_hd__buf_1)
                  0.62    0.55   14.97 ^ u_alu._1186_/X (sky130_fd_sc_hd__buf_1)
    10    0.05                           u_alu._0309_ (net)
                  0.62    0.00   14.97 ^ u_alu._1263_/A (sky130_fd_sc_hd__buf_1)
                  0.61    0.54   15.51 ^ u_alu._1263_/X (sky130_fd_sc_hd__buf_1)
    10    0.05                           u_alu._0386_ (net)
                  0.61    0.00   15.51 ^ u_alu._1273_/A (sky130_fd_sc_hd__buf_1)
                  0.62    0.55   16.06 ^ u_alu._1273_/X (sky130_fd_sc_hd__buf_1)
    10    0.05                           u_alu._0396_ (net)
                  0.62    0.00   16.07 ^ u_alu._1497_/S (sky130_fd_sc_hd__mux2_2)
                  0.07    0.44   16.51 v u_alu._1497_/X (sky130_fd_sc_hd__mux2_2)
     2    0.01                           u_alu._0617_ (net)
                  0.07    0.00   16.51 v u_alu._1653_/B (sky130_fd_sc_hd__nand2_2)
                  0.10    0.09   16.59 ^ u_alu._1653_/Y (sky130_fd_sc_hd__nand2_2)
     2    0.01                           u_alu._0769_ (net)
                  0.10    0.00   16.59 ^ u_alu._1654_/B (sky130_fd_sc_hd__nor2_2)
                  0.09    0.04   16.63 v u_alu._1654_/Y (sky130_fd_sc_hd__nor2_2)
     1    0.00                           u_alu._0770_ (net)
                  0.09    0.00   16.63 v u_alu._1655_/A2 (sky130_fd_sc_hd__o21a_2)
                  0.03    0.20   16.84 v u_alu._1655_/X (sky130_fd_sc_hd__o21a_2)
     1    0.00                           u_alu._0771_ (net)
                  0.03    0.00   16.84 v u_alu._1656_/B1 (sky130_fd_sc_hd__a21o_2)
                  0.05    0.20   17.03 v u_alu._1656_/X (sky130_fd_sc_hd__a21o_2)
     2    0.01                           u_alu._0772_ (net)
                  0.05    0.00   17.03 v u_alu._2117_/A2 (sky130_fd_sc_hd__a211o_2)
                  0.09    0.38   17.42 v u_alu._2117_/X (sky130_fd_sc_hd__a211o_2)
     1    0.02                           u_alu._0107_ (net)
                  0.09    0.00   17.42 v u_alu._2118_/C1 (sky130_fd_sc_hd__a211o_2)
                  0.13    0.38   17.79 v u_alu._2118_/X (sky130_fd_sc_hd__a211o_2)
     2    0.04                           u_alu.Result[5] (net)
                  0.18    0.00   17.80 v u_dmem.u_sram/addr0[3] (sky130_sram_1kbyte_1rw1r_32x256_8)
                                 17.80   data arrival time

                  0.10   20.00   20.00   clock clk (rise edge)
                          0.00   20.00   clock network delay (ideal)
                         -0.20   19.80   clock uncertainty
                          0.00   19.80   clock reconvergence pessimism
                                 19.80 ^ u_dmem.u_sram/clk0 (sky130_sram_1kbyte_1rw1r_32x256_8)
                         -0.10   19.70   library setup time
                                 19.70   data required time
-----------------------------------------------------------------------------
                                 19.70   data required time
                                -17.80   data arrival time
-----------------------------------------------------------------------------
                                  1.90   slack (MET)


Startpoint: u_imem.u_sram (falling edge-triggered flip-flop clocked by clk)
Endpoint: u_dmem.u_sram (falling edge-triggered flip-flop clocked by clk)
Path Group: clk
Path Type: max

Fanout     Cap    Slew   Delay    Time   Description
-----------------------------------------------------------------------------
                  0.10   10.00   10.00   clock clk (fall edge)
                          0.00   10.00   clock network delay (ideal)
                  0.10    0.00   10.00 v u_imem.u_sram/clk1 (sky130_sram_1kbyte_1rw1r_32x256_8)
                  0.15    1.86   11.86 v u_imem.u_sram/dout1[6] (sky130_sram_1kbyte_1rw1r_32x256_8)
     8    0.27                           dbg_instr[6] (net)
                  0.11    0.18   12.03 v u_decoder_controller._17_/B (sky130_fd_sc_hd__or3b_2)
                  0.13    0.54   12.57 v u_decoder_controller._17_/X (sky130_fd_sc_hd__or3b_2)
     4    0.02                           u_decoder_controller._03_ (net)
                  0.13    0.00   12.57 v u_decoder_controller._26_/A2 (sky130_fd_sc_hd__a21oi_2)
                  0.15    0.20   12.77 ^ u_decoder_controller._26_/Y (sky130_fd_sc_hd__a21oi_2)
     3    0.01                           u_decoder_controller._08_ (net)
                  0.15    0.00   12.77 ^ u_decoder_controller._32_/B1 (sky130_fd_sc_hd__a21o_2)
                  0.11    0.18   12.95 ^ u_decoder_controller._32_/X (sky130_fd_sc_hd__a21o_2)
     5    0.02                           u_decoder_controller.alu_src (net)
                  0.11    0.00   12.95 ^ _271_/A (sky130_fd_sc_hd__buf_1)
                  0.48    0.40   13.35 ^ _271_/X (sky130_fd_sc_hd__buf_1)
    10    0.04                           _004_ (net)
                  0.48    0.00   13.35 ^ _272_/S (sky130_fd_sc_hd__mux2_2)
                  0.05    0.25   13.60 ^ _272_/X (sky130_fd_sc_hd__mux2_2)
     1    0.00                           _005_ (net)
                  0.05    0.00   13.60 ^ _273_/A (sky130_fd_sc_hd__buf_1)
                  0.07    0.11   13.71 ^ _273_/X (sky130_fd_sc_hd__buf_1)
     2    0.01                           u_alu.B[0] (net)
                  0.07    0.00   13.71 ^ u_alu._1162_/A (sky130_fd_sc_hd__buf_1)
                  1.05    0.78   14.48 ^ u_alu._1162_/X (sky130_fd_sc_hd__buf_1)
    10    0.09                           u_alu._0285_ (net)
                  1.05    0.02   14.51 ^ u_alu._1261_/A (sky130_fd_sc_hd__buf_1)
                  0.69    0.61   15.11 ^ u_alu._1261_/X (sky130_fd_sc_hd__buf_1)
    10    0.06                           u_alu._0384_ (net)
                  0.69    0.00   15.11 ^ u_alu._1262_/A (sky130_fd_sc_hd__buf_1)
                  0.76    0.65   15.76 ^ u_alu._1262_/X (sky130_fd_sc_hd__buf_1)
    10    0.07                           u_alu._0385_ (net)
                  0.76    0.00   15.76 ^ u_alu._1484_/S0 (sky130_fd_sc_hd__mux4_2)
                  0.12    0.65   16.41 v u_alu._1484_/X (sky130_fd_sc_hd__mux4_2)
     4    0.01                           u_alu._0604_ (net)
                  0.12    0.00   16.41 v u_alu._1775_/A1 (sky130_fd_sc_hd__mux2_2)
                  0.05    0.29   16.70 v u_alu._1775_/X (sky130_fd_sc_hd__mux2_2)
     1    0.00                           u_alu._0887_ (net)
                  0.05    0.00   16.70 v u_alu._1776_/A2_N (sky130_fd_sc_hd__o2bb2a_2)
                  0.09    0.28   16.99 ^ u_alu._1776_/X (sky130_fd_sc_hd__o2bb2a_2)
     2    0.01                           u_alu._0888_ (net)
                  0.09    0.00   16.99 ^ u_alu._2170_/A2 (sky130_fd_sc_hd__o221a_2)
                  0.07    0.21   17.20 ^ u_alu._2170_/X (sky130_fd_sc_hd__o221a_2)
     1    0.01                           u_alu._0161_ (net)
                  0.07    0.00   17.20 ^ u_alu._2174_/A1 (sky130_fd_sc_hd__o21a_2)
                  0.13    0.20   17.40 ^ u_alu._2174_/X (sky130_fd_sc_hd__o21a_2)
     1    0.02                           u_alu._0166_ (net)
                  0.13    0.00   17.41 ^ u_alu._2175_/B1 (sky130_fd_sc_hd__o21ai_2)
                  0.04    0.07   17.47 v u_alu._2175_/Y (sky130_fd_sc_hd__o21ai_2)
     1    0.00                           u_alu._0167_ (net)
                  0.04    0.00   17.47 v u_alu._2176_/B1 (sky130_fd_sc_hd__a31o_2)
                  0.10    0.29   17.76 v u_alu._2176_/X (sky130_fd_sc_hd__a31o_2)
     2    0.03                           u_alu.Result[9] (net)
                  0.14    0.00   17.77 v u_dmem.u_sram/addr0[7] (sky130_sram_1kbyte_1rw1r_32x256_8)
                                 17.77   data arrival time

                  0.10   20.00   20.00   clock clk (rise edge)
                          0.00   20.00   clock network delay (ideal)
                         -0.20   19.80   clock uncertainty
                          0.00   19.80   clock reconvergence pessimism
                                 19.80 ^ u_dmem.u_sram/clk0 (sky130_sram_1kbyte_1rw1r_32x256_8)
                         -0.10   19.70   library setup time
                                 19.70   data required time
-----------------------------------------------------------------------------
                                 19.70   data required time
                                -17.77   data arrival time
-----------------------------------------------------------------------------
                                  1.93   slack (MET)


Startpoint: u_imem.u_sram (falling edge-triggered flip-flop clocked by clk)
Endpoint: u_dmem.u_sram (falling edge-triggered flip-flop clocked by clk)
Path Group: clk
Path Type: max

Fanout     Cap    Slew   Delay    Time   Description
-----------------------------------------------------------------------------
                  0.10   10.00   10.00   clock clk (fall edge)
                          0.00   10.00   clock network delay (ideal)
                  0.10    0.00   10.00 v u_imem.u_sram/clk1 (sky130_sram_1kbyte_1rw1r_32x256_8)
                  0.15    1.86   11.86 v u_imem.u_sram/dout1[6] (sky130_sram_1kbyte_1rw1r_32x256_8)
     8    0.27                           dbg_instr[6] (net)
                  0.11    0.18   12.03 v u_decoder_controller._17_/B (sky130_fd_sc_hd__or3b_2)
                  0.13    0.54   12.57 v u_decoder_controller._17_/X (sky130_fd_sc_hd__or3b_2)
     4    0.02                           u_decoder_controller._03_ (net)
                  0.13    0.00   12.57 v u_decoder_controller._26_/A2 (sky130_fd_sc_hd__a21oi_2)
                  0.15    0.20   12.77 ^ u_decoder_controller._26_/Y (sky130_fd_sc_hd__a21oi_2)
     3    0.01                           u_decoder_controller._08_ (net)
                  0.15    0.00   12.77 ^ u_decoder_controller._32_/B1 (sky130_fd_sc_hd__a21o_2)
                  0.11    0.18   12.95 ^ u_decoder_controller._32_/X (sky130_fd_sc_hd__a21o_2)
     5    0.02                           u_decoder_controller.alu_src (net)
                  0.11    0.00   12.95 ^ _271_/A (sky130_fd_sc_hd__buf_1)
                  0.48    0.40   13.35 ^ _271_/X (sky130_fd_sc_hd__buf_1)
    10    0.04                           _004_ (net)
                  0.48    0.00   13.35 ^ _275_/S (sky130_fd_sc_hd__mux2_2)
                  0.06    0.25   13.60 ^ _275_/X (sky130_fd_sc_hd__mux2_2)
     1    0.00                           _007_ (net)
                  0.06    0.00   13.60 ^ _276_/A (sky130_fd_sc_hd__buf_1)
                  0.07    0.10   13.70 ^ _276_/X (sky130_fd_sc_hd__buf_1)
     2    0.01                           u_alu.B[1] (net)
                  0.07    0.00   13.70 ^ u_alu._1163_/A (sky130_fd_sc_hd__buf_1)
                  0.93    0.69   14.39 ^ u_alu._1163_/X (sky130_fd_sc_hd__buf_1)
    10    0.08                           u_alu._0286_ (net)
                  0.93    0.02   14.41 ^ u_alu._1186_/A (sky130_fd_sc_hd__buf_1)
                  0.62    0.55   14.97 ^ u_alu._1186_/X (sky130_fd_sc_hd__buf_1)
    10    0.05                           u_alu._0309_ (net)
                  0.62    0.00   14.97 ^ u_alu._1263_/A (sky130_fd_sc_hd__buf_1)
                  0.61    0.54   15.51 ^ u_alu._1263_/X (sky130_fd_sc_hd__buf_1)
    10    0.05                           u_alu._0386_ (net)
                  0.61    0.00   15.51 ^ u_alu._1273_/A (sky130_fd_sc_hd__buf_1)
                  0.62    0.55   16.06 ^ u_alu._1273_/X (sky130_fd_sc_hd__buf_1)
    10    0.05                           u_alu._0396_ (net)
                  0.62    0.00   16.06 ^ u_alu._1391_/S1 (sky130_fd_sc_hd__mux4_2)
                  0.11    0.45   16.52 v u_alu._1391_/X (sky130_fd_sc_hd__mux4_2)
     4    0.01                           u_alu._0513_ (net)
                  0.11    0.00   16.52 v u_alu._2138_/A1 (sky130_fd_sc_hd__mux4_2)
                  0.09    0.48   17.00 v u_alu._2138_/X (sky130_fd_sc_hd__mux4_2)
     1    0.01                           u_alu._0128_ (net)
                  0.09    0.00   17.00 v u_alu._2139_/B (sky130_fd_sc_hd__nand2_2)
                  0.07    0.08   17.08 ^ u_alu._2139_/Y (sky130_fd_sc_hd__nand2_2)
     1    0.00                           u_alu._0129_ (net)
                  0.07    0.00   17.08 ^ u_alu._2140_/A2 (sky130_fd_sc_hd__a21o_2)
                  0.12    0.19   17.27 ^ u_alu._2140_/X (sky130_fd_sc_hd__a21o_2)
     1    0.02                           u_alu._0130_ (net)
                  0.12    0.00   17.27 ^ u_alu._2141_/C1 (sky130_fd_sc_hd__o221a_2)
                  0.05    0.19   17.45 ^ u_alu._2141_/X (sky130_fd_sc_hd__o221a_2)
     1    0.00                           u_alu._0131_ (net)
                  0.05    0.00   17.45 ^ u_alu._2146_/B1 (sky130_fd_sc_hd__o211a_2)
                  0.06    0.18   17.63 ^ u_alu._2146_/X (sky130_fd_sc_hd__o211a_2)
     1    0.01                           u_alu._0137_ (net)
                  0.06    0.00   17.63 ^ u_alu._2147_/B1 (sky130_fd_sc_hd__o21ai_2)
                  0.19    0.13   17.76 v u_alu._2147_/Y (sky130_fd_sc_hd__o21ai_2)
     2    0.03                           u_alu.Result[7] (net)
                  0.26    0.00   17.76 v u_dmem.u_sram/addr0[5] (sky130_sram_1kbyte_1rw1r_32x256_8)
                                 17.76   data arrival time

                  0.10   20.00   20.00   clock clk (rise edge)
                          0.00   20.00   clock network delay (ideal)
                         -0.20   19.80   clock uncertainty
                          0.00   19.80   clock reconvergence pessimism
                                 19.80 ^ u_dmem.u_sram/clk0 (sky130_sram_1kbyte_1rw1r_32x256_8)
                         -0.10   19.70   library setup time
                                 19.70   data required time
-----------------------------------------------------------------------------
                                 19.70   data required time
                                -17.76   data arrival time
-----------------------------------------------------------------------------
                                  1.93   slack (MET)


Startpoint: u_imem.u_sram (falling edge-triggered flip-flop clocked by clk)
Endpoint: u_dmem.u_sram (falling edge-triggered flip-flop clocked by clk)
Path Group: clk
Path Type: max

Fanout     Cap    Slew   Delay    Time   Description
-----------------------------------------------------------------------------
                  0.10   10.00   10.00   clock clk (fall edge)
                          0.00   10.00   clock network delay (ideal)
                  0.10    0.00   10.00 v u_imem.u_sram/clk1 (sky130_sram_1kbyte_1rw1r_32x256_8)
                  0.15    1.86   11.86 v u_imem.u_sram/dout1[6] (sky130_sram_1kbyte_1rw1r_32x256_8)
     8    0.27                           dbg_instr[6] (net)
                  0.11    0.18   12.03 v u_decoder_controller._17_/B (sky130_fd_sc_hd__or3b_2)
                  0.13    0.54   12.57 v u_decoder_controller._17_/X (sky130_fd_sc_hd__or3b_2)
     4    0.02                           u_decoder_controller._03_ (net)
                  0.13    0.00   12.57 v u_decoder_controller._26_/A2 (sky130_fd_sc_hd__a21oi_2)
                  0.15    0.20   12.77 ^ u_decoder_controller._26_/Y (sky130_fd_sc_hd__a21oi_2)
     3    0.01                           u_decoder_controller._08_ (net)
                  0.15    0.00   12.77 ^ u_decoder_controller._32_/B1 (sky130_fd_sc_hd__a21o_2)
                  0.11    0.18   12.95 ^ u_decoder_controller._32_/X (sky130_fd_sc_hd__a21o_2)
     5    0.02                           u_decoder_controller.alu_src (net)
                  0.11    0.00   12.95 ^ _271_/A (sky130_fd_sc_hd__buf_1)
                  0.48    0.40   13.35 ^ _271_/X (sky130_fd_sc_hd__buf_1)
    10    0.04                           _004_ (net)
                  0.48    0.00   13.35 ^ _275_/S (sky130_fd_sc_hd__mux2_2)
                  0.06    0.25   13.60 ^ _275_/X (sky130_fd_sc_hd__mux2_2)
     1    0.00                           _007_ (net)
                  0.06    0.00   13.60 ^ _276_/A (sky130_fd_sc_hd__buf_1)
                  0.07    0.10   13.70 ^ _276_/X (sky130_fd_sc_hd__buf_1)
     2    0.01                           u_alu.B[1] (net)
                  0.07    0.00   13.70 ^ u_alu._1163_/A (sky130_fd_sc_hd__buf_1)
                  0.93    0.69   14.39 ^ u_alu._1163_/X (sky130_fd_sc_hd__buf_1)
    10    0.08                           u_alu._0286_ (net)
                  0.93    0.02   14.41 ^ u_alu._1186_/A (sky130_fd_sc_hd__buf_1)
                  0.62    0.55   14.97 ^ u_alu._1186_/X (sky130_fd_sc_hd__buf_1)
    10    0.05                           u_alu._0309_ (net)
                  0.62    0.00   14.97 ^ u_alu._1263_/A (sky130_fd_sc_hd__buf_1)
                  0.61    0.54   15.51 ^ u_alu._1263_/X (sky130_fd_sc_hd__buf_1)
    10    0.05                           u_alu._0386_ (net)
                  0.61    0.00   15.51 ^ u_alu._1273_/A (sky130_fd_sc_hd__buf_1)
                  0.62    0.55   16.06 ^ u_alu._1273_/X (sky130_fd_sc_hd__buf_1)
    10    0.05                           u_alu._0396_ (net)
                  0.62    0.00   16.06 ^ u_alu._1391_/S1 (sky130_fd_sc_hd__mux4_2)
                  0.11    0.45   16.52 v u_alu._1391_/X (sky130_fd_sc_hd__mux4_2)
     4    0.01                           u_alu._0513_ (net)
                  0.11    0.00   16.52 v u_alu._2082_/A0 (sky130_fd_sc_hd__mux4_2)
                  0.11    0.53   17.04 v u_alu._2082_/X (sky130_fd_sc_hd__mux4_2)
     1    0.01                           u_alu._0070_ (net)
                  0.11    0.00   17.04 v u_alu._2084_/A2 (sky130_fd_sc_hd__a21oi_2)
                  0.17    0.22   17.26 ^ u_alu._2084_/Y (sky130_fd_sc_hd__a21oi_2)
     1    0.01                           u_alu._0073_ (net)
                  0.17    0.00   17.27 ^ u_alu._2085_/B (sky130_fd_sc_hd__nor2_2)
                  0.09    0.05   17.31 v u_alu._2085_/Y (sky130_fd_sc_hd__nor2_2)
     1    0.00                           u_alu._0074_ (net)
                  0.09    0.00   17.31 v u_alu._2086_/C1 (sky130_fd_sc_hd__a211o_2)
                  0.13    0.39   17.70 v u_alu._2086_/X (sky130_fd_sc_hd__a211o_2)
     2    0.04                           u_alu.Result[3] (net)
                  0.18    0.01   17.70 v u_dmem.u_sram/addr0[1] (sky130_sram_1kbyte_1rw1r_32x256_8)
                                 17.70   data arrival time

                  0.10   20.00   20.00   clock clk (rise edge)
                          0.00   20.00   clock network delay (ideal)
                         -0.20   19.80   clock uncertainty
                          0.00   19.80   clock reconvergence pessimism
                                 19.80 ^ u_dmem.u_sram/clk0 (sky130_sram_1kbyte_1rw1r_32x256_8)
                         -0.10   19.70   library setup time
                                 19.70   data required time
-----------------------------------------------------------------------------
                                 19.70   data required time
                                -17.70   data arrival time
-----------------------------------------------------------------------------
                                  1.99   slack (MET)


Startpoint: u_imem.u_sram (falling edge-triggered flip-flop clocked by clk)
Endpoint: u_dmem.u_sram (falling edge-triggered flip-flop clocked by clk)
Path Group: clk
Path Type: max

Fanout     Cap    Slew   Delay    Time   Description
-----------------------------------------------------------------------------
                  0.10   10.00   10.00   clock clk (fall edge)
                          0.00   10.00   clock network delay (ideal)
                  0.10    0.00   10.00 v u_imem.u_sram/clk1 (sky130_sram_1kbyte_1rw1r_32x256_8)
                  0.15    1.86   11.86 v u_imem.u_sram/dout1[6] (sky130_sram_1kbyte_1rw1r_32x256_8)
     8    0.27                           dbg_instr[6] (net)
                  0.11    0.18   12.03 v u_decoder_controller._17_/B (sky130_fd_sc_hd__or3b_2)
                  0.13    0.54   12.57 v u_decoder_controller._17_/X (sky130_fd_sc_hd__or3b_2)
     4    0.02                           u_decoder_controller._03_ (net)
                  0.13    0.00   12.57 v u_decoder_controller._26_/A2 (sky130_fd_sc_hd__a21oi_2)
                  0.15    0.20   12.77 ^ u_decoder_controller._26_/Y (sky130_fd_sc_hd__a21oi_2)
     3    0.01                           u_decoder_controller._08_ (net)
                  0.15    0.00   12.77 ^ u_decoder_controller._32_/B1 (sky130_fd_sc_hd__a21o_2)
                  0.11    0.18   12.95 ^ u_decoder_controller._32_/X (sky130_fd_sc_hd__a21o_2)
     5    0.02                           u_decoder_controller.alu_src (net)
                  0.11    0.00   12.95 ^ _271_/A (sky130_fd_sc_hd__buf_1)
                  0.48    0.40   13.35 ^ _271_/X (sky130_fd_sc_hd__buf_1)
    10    0.04                           _004_ (net)
                  0.48    0.00   13.35 ^ _272_/S (sky130_fd_sc_hd__mux2_2)
                  0.05    0.25   13.60 ^ _272_/X (sky130_fd_sc_hd__mux2_2)
     1    0.00                           _005_ (net)
                  0.05    0.00   13.60 ^ _273_/A (sky130_fd_sc_hd__buf_1)
                  0.07    0.11   13.71 ^ _273_/X (sky130_fd_sc_hd__buf_1)
     2    0.01                           u_alu.B[0] (net)
                  0.07    0.00   13.71 ^ u_alu._1162_/A (sky130_fd_sc_hd__buf_1)
                  1.05    0.78   14.48 ^ u_alu._1162_/X (sky130_fd_sc_hd__buf_1)
    10    0.09                           u_alu._0285_ (net)
                  1.05    0.02   14.51 ^ u_alu._1183_/A (sky130_fd_sc_hd__buf_1)
                  0.64    0.57   15.07 ^ u_alu._1183_/X (sky130_fd_sc_hd__buf_1)
    10    0.06                           u_alu._0306_ (net)
                  0.64    0.00   15.07 ^ u_alu._2088_/S0 (sky130_fd_sc_hd__mux4_2)
                  0.10    0.61   15.68 v u_alu._2088_/X (sky130_fd_sc_hd__mux4_2)
     3    0.01                           u_alu._0076_ (net)
                  0.10    0.00   15.68 v u_alu._2090_/A2 (sky130_fd_sc_hd__mux4_2)
                  0.08    0.48   16.16 v u_alu._2090_/X (sky130_fd_sc_hd__mux4_2)
     1    0.00                           u_alu._0078_ (net)
                  0.08    0.00   16.16 v u_alu._2091_/B1 (sky130_fd_sc_hd__a22o_2)
                  0.04    0.22   16.37 v u_alu._2091_/X (sky130_fd_sc_hd__a22o_2)
     1    0.00                           u_alu._0079_ (net)
                  0.04    0.00   16.37 v u_alu._2092_/A1 (sky130_fd_sc_hd__mux2_2)
                  0.06    0.28   16.66 v u_alu._2092_/X (sky130_fd_sc_hd__mux2_2)
     1    0.01                           u_alu._0080_ (net)
                  0.06    0.00   16.66 v u_alu._2099_/A (sky130_fd_sc_hd__or4bb_2)
                  0.17    0.74   17.39 v u_alu._2099_/X (sky130_fd_sc_hd__or4bb_2)
     1    0.02                           u_alu._0088_ (net)
                  0.17    0.00   17.40 v u_alu._2100_/A (sky130_fd_sc_hd__buf_1)
                  0.15    0.23   17.63 v u_alu._2100_/X (sky130_fd_sc_hd__buf_1)
     2    0.02                           u_alu.Result[2] (net)
                  0.19    0.00   17.63 v u_dmem.u_sram/addr0[0] (sky130_sram_1kbyte_1rw1r_32x256_8)
                                 17.63   data arrival time

                  0.10   20.00   20.00   clock clk (rise edge)
                          0.00   20.00   clock network delay (ideal)
                         -0.20   19.80   clock uncertainty
                          0.00   19.80   clock reconvergence pessimism
                                 19.80 ^ u_dmem.u_sram/clk0 (sky130_sram_1kbyte_1rw1r_32x256_8)
                         -0.10   19.70   library setup time
                                 19.70   data required time
-----------------------------------------------------------------------------
                                 19.70   data required time
                                -17.63   data arrival time
-----------------------------------------------------------------------------
                                  2.07   slack (MET)


Startpoint: u_imem.u_sram (falling edge-triggered flip-flop clocked by clk)
Endpoint: u_dmem.u_sram (falling edge-triggered flip-flop clocked by clk)
Path Group: clk
Path Type: max

Fanout     Cap    Slew   Delay    Time   Description
-----------------------------------------------------------------------------
                  0.10   10.00   10.00   clock clk (fall edge)
                          0.00   10.00   clock network delay (ideal)
                  0.10    0.00   10.00 v u_imem.u_sram/clk1 (sky130_sram_1kbyte_1rw1r_32x256_8)
                  0.15    1.86   11.86 v u_imem.u_sram/dout1[6] (sky130_sram_1kbyte_1rw1r_32x256_8)
     8    0.27                           dbg_instr[6] (net)
                  0.11    0.18   12.03 v u_decoder_controller._17_/B (sky130_fd_sc_hd__or3b_2)
                  0.13    0.54   12.57 v u_decoder_controller._17_/X (sky130_fd_sc_hd__or3b_2)
     4    0.02                           u_decoder_controller._03_ (net)
                  0.13    0.00   12.57 v u_decoder_controller._26_/A2 (sky130_fd_sc_hd__a21oi_2)
                  0.15    0.20   12.77 ^ u_decoder_controller._26_/Y (sky130_fd_sc_hd__a21oi_2)
     3    0.01                           u_decoder_controller._08_ (net)
                  0.15    0.00   12.77 ^ u_decoder_controller._32_/B1 (sky130_fd_sc_hd__a21o_2)
                  0.11    0.18   12.95 ^ u_decoder_controller._32_/X (sky130_fd_sc_hd__a21o_2)
     5    0.02                           u_decoder_controller.alu_src (net)
                  0.11    0.00   12.95 ^ _271_/A (sky130_fd_sc_hd__buf_1)
                  0.48    0.40   13.35 ^ _271_/X (sky130_fd_sc_hd__buf_1)
    10    0.04                           _004_ (net)
                  0.48    0.00   13.35 ^ _272_/S (sky130_fd_sc_hd__mux2_2)
                  0.05    0.25   13.60 ^ _272_/X (sky130_fd_sc_hd__mux2_2)
     1    0.00                           _005_ (net)
                  0.05    0.00   13.60 ^ _273_/A (sky130_fd_sc_hd__buf_1)
                  0.07    0.11   13.71 ^ _273_/X (sky130_fd_sc_hd__buf_1)
     2    0.01                           u_alu.B[0] (net)
                  0.07    0.00   13.71 ^ u_alu._1162_/A (sky130_fd_sc_hd__buf_1)
                  1.05    0.78   14.48 ^ u_alu._1162_/X (sky130_fd_sc_hd__buf_1)
    10    0.09                           u_alu._0285_ (net)
                  1.05    0.02   14.51 ^ u_alu._1393_/A (sky130_fd_sc_hd__buf_1)
                  0.86    0.72   15.23 ^ u_alu._1393_/X (sky130_fd_sc_hd__buf_1)
    10    0.07                           u_alu._0515_ (net)
                  0.86    0.00   15.23 ^ u_alu._2058_/S0 (sky130_fd_sc_hd__mux4_2)
                  0.09    0.61   15.84 v u_alu._2058_/X (sky130_fd_sc_hd__mux4_2)
     2    0.01                           u_alu._0045_ (net)
                  0.09    0.00   15.84 v u_alu._2119_/A3 (sky130_fd_sc_hd__mux4_2)
                  0.09    0.49   16.33 v u_alu._2119_/X (sky130_fd_sc_hd__mux4_2)
     1    0.00                           u_alu._0108_ (net)
                  0.09    0.00   16.33 v u_alu._2120_/B1 (sky130_fd_sc_hd__a22o_2)
                  0.04    0.21   16.54 v u_alu._2120_/X (sky130_fd_sc_hd__a22o_2)
     1    0.00                           u_alu._0109_ (net)
                  0.04    0.00   16.54 v u_alu._2121_/A1 (sky130_fd_sc_hd__mux2_2)
                  0.08    0.30   16.84 v u_alu._2121_/X (sky130_fd_sc_hd__mux2_2)
     1    0.01                           u_alu._0110_ (net)
                  0.08    0.00   16.85 v u_alu._2128_/A (sky130_fd_sc_hd__or3_2)
                  0.08    0.48   17.33 v u_alu._2128_/X (sky130_fd_sc_hd__or3_2)
     1    0.00                           u_alu._0118_ (net)
                  0.08    0.00   17.33 v u_alu._2129_/A (sky130_fd_sc_hd__buf_1)
                  0.21    0.24   17.57 v u_alu._2129_/X (sky130_fd_sc_hd__buf_1)
     2    0.04                           u_alu.Result[4] (net)
                  0.28    0.00   17.57 v u_dmem.u_sram/addr0[2] (sky130_sram_1kbyte_1rw1r_32x256_8)
                                 17.57   data arrival time

                  0.10   20.00   20.00   clock clk (rise edge)
                          0.00   20.00   clock network delay (ideal)
                         -0.20   19.80   clock uncertainty
                          0.00   19.80   clock reconvergence pessimism
                                 19.80 ^ u_dmem.u_sram/clk0 (sky130_sram_1kbyte_1rw1r_32x256_8)
                         -0.10   19.70   library setup time
                                 19.70   data required time
-----------------------------------------------------------------------------
                                 19.70   data required time
                                -17.57   data arrival time
-----------------------------------------------------------------------------
                                  2.12   slack (MET)


Startpoint: u_imem.u_sram (falling edge-triggered flip-flop clocked by clk)
Endpoint: u_dmem.u_sram (falling edge-triggered flip-flop clocked by clk)
Path Group: clk
Path Type: max

Fanout     Cap    Slew   Delay    Time   Description
-----------------------------------------------------------------------------
                  0.10   10.00   10.00   clock clk (fall edge)
                          0.00   10.00   clock network delay (ideal)
                  0.10    0.00   10.00 v u_imem.u_sram/clk1 (sky130_sram_1kbyte_1rw1r_32x256_8)
                  0.17    2.10   12.10 v u_imem.u_sram/dout1[22] (sky130_sram_1kbyte_1rw1r_32x256_8)
     6    0.31                           dbg_instr[22] (net)
                  0.13    0.18   12.28 v u_regfile._082_/B (sky130_fd_sc_hd__nor3_2)
                  0.70    0.60   12.88 ^ u_regfile._082_/Y (sky130_fd_sc_hd__nor3_2)
     8    0.04                           u_regfile._011_ (net)
                  0.70    0.00   12.88 ^ u_regfile._083_/A (sky130_fd_sc_hd__buf_1)
                  0.58    0.52   13.40 ^ u_regfile._083_/X (sky130_fd_sc_hd__buf_1)
     9    0.05                           u_regfile._012_ (net)
                  0.58    0.00   13.41 ^ u_regfile._087_/A2 (sky130_fd_sc_hd__a21boi_2)
                  0.25    0.28   13.69 v u_regfile._087_/Y (sky130_fd_sc_hd__a21boi_2)
     3    0.04                           u_branch_unit.rs2_val[3] (net)
                  0.25    0.01   13.69 v _281_/A0 (sky130_fd_sc_hd__mux2_2)
                  0.05    0.35   14.04 v _281_/X (sky130_fd_sc_hd__mux2_2)
     1    0.00                           _011_ (net)
                  0.05    0.00   14.04 v _282_/A (sky130_fd_sc_hd__buf_1)
                  0.24    0.25   14.29 v _282_/X (sky130_fd_sc_hd__buf_1)
     7    0.04                           u_alu.B[3] (net)
                  0.24    0.00   14.29 v u_alu._1118_/A (sky130_fd_sc_hd__or4_2)
                  0.11    0.74   15.02 v u_alu._1118_/X (sky130_fd_sc_hd__or4_2)
     2    0.01                           u_alu._0060_ (net)
                  0.11    0.00   15.02 v u_alu._1119_/A (sky130_fd_sc_hd__buf_1)
                  0.24    0.28   15.30 v u_alu._1119_/X (sky130_fd_sc_hd__buf_1)
    10    0.04                           u_alu._0071_ (net)
                  0.24    0.00   15.31 v u_alu._1129_/A (sky130_fd_sc_hd__buf_1)
                  0.30    0.37   15.67 v u_alu._1129_/X (sky130_fd_sc_hd__buf_1)
    10    0.05                           u_alu._0174_ (net)
                  0.30    0.00   15.67 v u_alu._1179_/A3 (sky130_fd_sc_hd__o31a_2)
                  0.05    0.37   16.04 v u_alu._1179_/X (sky130_fd_sc_hd__o31a_2)
     1    0.00                           u_alu._0302_ (net)
                  0.05    0.00   16.04 v u_alu._1181_/A_N (sky130_fd_sc_hd__and3b_2)
                  0.10    0.27   16.31 ^ u_alu._1181_/X (sky130_fd_sc_hd__and3b_2)
     3    0.01                           u_alu._0304_ (net)
                  0.10    0.00   16.31 ^ u_alu._1216_/A2_N (sky130_fd_sc_hd__o2bb2a_2)
                  0.04    0.21   16.52 v u_alu._1216_/X (sky130_fd_sc_hd__o2bb2a_2)
     1    0.00                           u_alu._0339_ (net)
                  0.04    0.00   16.52 v u_alu._1217_/B1 (sky130_fd_sc_hd__o211a_2)
                  0.07    0.16   16.69 v u_alu._1217_/X (sky130_fd_sc_hd__o211a_2)
     3    0.02                           u_alu._0340_ (net)
                  0.07    0.00   16.69 v u_alu._2164_/A (sky130_fd_sc_hd__or2_2)
                  0.10    0.36   17.05 v u_alu._2164_/X (sky130_fd_sc_hd__or2_2)
     4    0.02                           u_alu._0155_ (net)
                  0.10    0.00   17.05 v u_alu._2188_/A1 (sky130_fd_sc_hd__a311oi_2)
                  0.22    0.23   17.28 ^ u_alu._2188_/Y (sky130_fd_sc_hd__a311oi_2)
     1    0.01                           u_alu._0180_ (net)
                  0.22    0.00   17.28 ^ u_alu._2189_/B1 (sky130_fd_sc_hd__o21ai_2)
                  0.15    0.18   17.46 v u_alu._2189_/Y (sky130_fd_sc_hd__o21ai_2)
     2    0.03                           u_alu.Result[8] (net)
                  0.20    0.00   17.46 v u_dmem.u_sram/addr0[6] (sky130_sram_1kbyte_1rw1r_32x256_8)
                                 17.46   data arrival time

                  0.10   20.00   20.00   clock clk (rise edge)
                          0.00   20.00   clock network delay (ideal)
                         -0.20   19.80   clock uncertainty
                          0.00   19.80   clock reconvergence pessimism
                                 19.80 ^ u_dmem.u_sram/clk0 (sky130_sram_1kbyte_1rw1r_32x256_8)
                         -0.10   19.70   library setup time
                                 19.70   data required time
-----------------------------------------------------------------------------
                                 19.70   data required time
                                -17.46   data arrival time
-----------------------------------------------------------------------------
                                  2.23   slack (MET)


Startpoint: u_imem.u_sram (falling edge-triggered flip-flop clocked by clk)
Endpoint: u_regfile.u_sram_rs1 (falling edge-triggered flip-flop clocked by clk)
Path Group: clk
Path Type: max

Fanout     Cap    Slew   Delay    Time   Description
-----------------------------------------------------------------------------
                  0.10   10.00   10.00   clock clk (fall edge)
                          0.00   10.00   clock network delay (ideal)
                  0.10    0.00   10.00 v u_imem.u_sram/clk1 (sky130_sram_1kbyte_1rw1r_32x256_8)
                  0.11    1.49   11.49 v u_imem.u_sram/dout1[2] (sky130_sram_1kbyte_1rw1r_32x256_8)
     5    0.21                           dbg_instr[2] (net)
                  0.08    0.13   11.62 v u_decoder_controller._19_/B (sky130_fd_sc_hd__or4bb_2)
                  0.09    0.60   12.22 v u_decoder_controller._19_/X (sky130_fd_sc_hd__or4bb_2)
     1    0.00                           u_decoder_controller._04_ (net)
                  0.09    0.00   12.22 v u_decoder_controller._20_/A (sky130_fd_sc_hd__buf_1)
                  0.17    0.22   12.44 v u_decoder_controller._20_/X (sky130_fd_sc_hd__buf_1)
     6    0.03                           u_decoder_controller._05_ (net)
                  0.17    0.00   12.44 v u_decoder_controller._23_/B (sky130_fd_sc_hd__nor3b_2)
                  0.73    0.65   13.09 ^ u_decoder_controller._23_/Y (sky130_fd_sc_hd__nor3b_2)
     6    0.04                           u_alu_control.alu_op[1] (net)
                  0.73    0.00   13.09 ^ u_decoder_controller._27_/B (sky130_fd_sc_hd__or4_2)
                  0.08    0.28   13.37 ^ u_decoder_controller._27_/X (sky130_fd_sc_hd__or4_2)
     1    0.01                           u_decoder_controller._09_ (net)
                  0.08    0.00   13.37 ^ u_decoder_controller._28_/A (sky130_fd_sc_hd__buf_1)
                  0.07    0.11   13.49 ^ u_decoder_controller._28_/X (sky130_fd_sc_hd__buf_1)
     1    0.01                           u_decoder_controller.reg_write (net)
                  0.07    0.00   13.49 ^ u_regfile._121_/C1 (sky130_fd_sc_hd__o211ai_2)
                  0.60    0.46   13.95 v u_regfile._121_/Y (sky130_fd_sc_hd__o211ai_2)
     4    0.10                           u_regfile._000_ (net)
                  0.81    0.04   13.99 v u_regfile.u_sram_rs1/csb0 (sky130_sram_1kbyte_1rw1r_32x256_8)
                                 13.99   data arrival time

                  0.10   20.00   20.00   clock clk (rise edge)
                          0.00   20.00   clock network delay (ideal)
                         -0.20   19.80   clock uncertainty
                          0.00   19.80   clock reconvergence pessimism
                                 19.80 ^ u_regfile.u_sram_rs1/clk0 (sky130_sram_1kbyte_1rw1r_32x256_8)
                         -0.10   19.70   library setup time
                                 19.70   data required time
-----------------------------------------------------------------------------
                                 19.70   data required time
                                -13.99   data arrival time
-----------------------------------------------------------------------------
                                  5.71   slack (MET)


Startpoint: u_imem.u_sram (falling edge-triggered flip-flop clocked by clk)
Endpoint: u_regfile.u_sram_rs1 (falling edge-triggered flip-flop clocked by clk)
Path Group: clk
Path Type: max

Fanout     Cap    Slew   Delay    Time   Description
-----------------------------------------------------------------------------
                  0.10   10.00   10.00   clock clk (fall edge)
                          0.00   10.00   clock network delay (ideal)
                  0.10    0.00   10.00 v u_imem.u_sram/clk1 (sky130_sram_1kbyte_1rw1r_32x256_8)
                  0.11    1.49   11.49 v u_imem.u_sram/dout1[2] (sky130_sram_1kbyte_1rw1r_32x256_8)
     5    0.21                           dbg_instr[2] (net)
                  0.08    0.13   11.62 v u_decoder_controller._19_/B (sky130_fd_sc_hd__or4bb_2)
                  0.09    0.60   12.22 v u_decoder_controller._19_/X (sky130_fd_sc_hd__or4bb_2)
     1    0.00                           u_decoder_controller._04_ (net)
                  0.09    0.00   12.22 v u_decoder_controller._20_/A (sky130_fd_sc_hd__buf_1)
                  0.17    0.22   12.44 v u_decoder_controller._20_/X (sky130_fd_sc_hd__buf_1)
     6    0.03                           u_decoder_controller._05_ (net)
                  0.17    0.00   12.44 v u_decoder_controller._23_/B (sky130_fd_sc_hd__nor3b_2)
                  0.73    0.65   13.09 ^ u_decoder_controller._23_/Y (sky130_fd_sc_hd__nor3b_2)
     6    0.04                           u_alu_control.alu_op[1] (net)
                  0.73    0.00   13.09 ^ u_decoder_controller._27_/B (sky130_fd_sc_hd__or4_2)
                  0.08    0.28   13.37 ^ u_decoder_controller._27_/X (sky130_fd_sc_hd__or4_2)
     1    0.01                           u_decoder_controller._09_ (net)
                  0.08    0.00   13.37 ^ u_decoder_controller._28_/A (sky130_fd_sc_hd__buf_1)
                  0.07    0.11   13.49 ^ u_decoder_controller._28_/X (sky130_fd_sc_hd__buf_1)
     1    0.01                           u_decoder_controller.reg_write (net)
                  0.07    0.00   13.49 ^ u_regfile._121_/C1 (sky130_fd_sc_hd__o211ai_2)
                  0.60    0.46   13.95 v u_regfile._121_/Y (sky130_fd_sc_hd__o211ai_2)
     4    0.10                           u_regfile._000_ (net)
                  0.81    0.04   13.99 v u_regfile.u_sram_rs1/web0 (sky130_sram_1kbyte_1rw1r_32x256_8)
                                 13.99   data arrival time

                  0.10   20.00   20.00   clock clk (rise edge)
                          0.00   20.00   clock network delay (ideal)
                         -0.20   19.80   clock uncertainty
                          0.00   19.80   clock reconvergence pessimism
                                 19.80 ^ u_regfile.u_sram_rs1/clk0 (sky130_sram_1kbyte_1rw1r_32x256_8)
                         -0.10   19.70   library setup time
                                 19.70   data required time
-----------------------------------------------------------------------------
                                 19.70   data required time
                                -13.99   data arrival time
-----------------------------------------------------------------------------
                                  5.71   slack (MET)


Startpoint: u_imem.u_sram (falling edge-triggered flip-flop clocked by clk)
Endpoint: u_regfile.u_sram_rs2 (falling edge-triggered flip-flop clocked by clk)
Path Group: clk
Path Type: max

Fanout     Cap    Slew   Delay    Time   Description
-----------------------------------------------------------------------------
                  0.10   10.00   10.00   clock clk (fall edge)
                          0.00   10.00   clock network delay (ideal)
                  0.10    0.00   10.00 v u_imem.u_sram/clk1 (sky130_sram_1kbyte_1rw1r_32x256_8)
                  0.11    1.49   11.49 v u_imem.u_sram/dout1[2] (sky130_sram_1kbyte_1rw1r_32x256_8)
     5    0.21                           dbg_instr[2] (net)
                  0.08    0.13   11.62 v u_decoder_controller._19_/B (sky130_fd_sc_hd__or4bb_2)
                  0.09    0.60   12.22 v u_decoder_controller._19_/X (sky130_fd_sc_hd__or4bb_2)
     1    0.00                           u_decoder_controller._04_ (net)
                  0.09    0.00   12.22 v u_decoder_controller._20_/A (sky130_fd_sc_hd__buf_1)
                  0.17    0.22   12.44 v u_decoder_controller._20_/X (sky130_fd_sc_hd__buf_1)
     6    0.03                           u_decoder_controller._05_ (net)
                  0.17    0.00   12.44 v u_decoder_controller._23_/B (sky130_fd_sc_hd__nor3b_2)
                  0.73    0.65   13.09 ^ u_decoder_controller._23_/Y (sky130_fd_sc_hd__nor3b_2)
     6    0.04                           u_alu_control.alu_op[1] (net)
                  0.73    0.00   13.09 ^ u_decoder_controller._27_/B (sky130_fd_sc_hd__or4_2)
                  0.08    0.28   13.37 ^ u_decoder_controller._27_/X (sky130_fd_sc_hd__or4_2)
     1    0.01                           u_decoder_controller._09_ (net)
                  0.08    0.00   13.37 ^ u_decoder_controller._28_/A (sky130_fd_sc_hd__buf_1)
                  0.07    0.11   13.49 ^ u_decoder_controller._28_/X (sky130_fd_sc_hd__buf_1)
     1    0.01                           u_decoder_controller.reg_write (net)
                  0.07    0.00   13.49 ^ u_regfile._121_/C1 (sky130_fd_sc_hd__o211ai_2)
                  0.60    0.46   13.95 v u_regfile._121_/Y (sky130_fd_sc_hd__o211ai_2)
     4    0.10                           u_regfile._000_ (net)
                  0.81    0.02   13.97 v u_regfile.u_sram_rs2/csb0 (sky130_sram_1kbyte_1rw1r_32x256_8)
                                 13.97   data arrival time

                  0.10   20.00   20.00   clock clk (rise edge)
                          0.00   20.00   clock network delay (ideal)
                         -0.20   19.80   clock uncertainty
                          0.00   19.80   clock reconvergence pessimism
                                 19.80 ^ u_regfile.u_sram_rs2/clk0 (sky130_sram_1kbyte_1rw1r_32x256_8)
                         -0.10   19.70   library setup time
                                 19.70   data required time
-----------------------------------------------------------------------------
                                 19.70   data required time
                                -13.97   data arrival time
-----------------------------------------------------------------------------
                                  5.73   slack (MET)


Startpoint: u_imem.u_sram (falling edge-triggered flip-flop clocked by clk)
Endpoint: u_regfile.u_sram_rs2 (falling edge-triggered flip-flop clocked by clk)
Path Group: clk
Path Type: max

Fanout     Cap    Slew   Delay    Time   Description
-----------------------------------------------------------------------------
                  0.10   10.00   10.00   clock clk (fall edge)
                          0.00   10.00   clock network delay (ideal)
                  0.10    0.00   10.00 v u_imem.u_sram/clk1 (sky130_sram_1kbyte_1rw1r_32x256_8)
                  0.11    1.49   11.49 v u_imem.u_sram/dout1[2] (sky130_sram_1kbyte_1rw1r_32x256_8)
     5    0.21                           dbg_instr[2] (net)
                  0.08    0.13   11.62 v u_decoder_controller._19_/B (sky130_fd_sc_hd__or4bb_2)
                  0.09    0.60   12.22 v u_decoder_controller._19_/X (sky130_fd_sc_hd__or4bb_2)
     1    0.00                           u_decoder_controller._04_ (net)
                  0.09    0.00   12.22 v u_decoder_controller._20_/A (sky130_fd_sc_hd__buf_1)
                  0.17    0.22   12.44 v u_decoder_controller._20_/X (sky130_fd_sc_hd__buf_1)
     6    0.03                           u_decoder_controller._05_ (net)
                  0.17    0.00   12.44 v u_decoder_controller._23_/B (sky130_fd_sc_hd__nor3b_2)
                  0.73    0.65   13.09 ^ u_decoder_controller._23_/Y (sky130_fd_sc_hd__nor3b_2)
     6    0.04                           u_alu_control.alu_op[1] (net)
                  0.73    0.00   13.09 ^ u_decoder_controller._27_/B (sky130_fd_sc_hd__or4_2)
                  0.08    0.28   13.37 ^ u_decoder_controller._27_/X (sky130_fd_sc_hd__or4_2)
     1    0.01                           u_decoder_controller._09_ (net)
                  0.08    0.00   13.37 ^ u_decoder_controller._28_/A (sky130_fd_sc_hd__buf_1)
                  0.07    0.11   13.49 ^ u_decoder_controller._28_/X (sky130_fd_sc_hd__buf_1)
     1    0.01                           u_decoder_controller.reg_write (net)
                  0.07    0.00   13.49 ^ u_regfile._121_/C1 (sky130_fd_sc_hd__o211ai_2)
                  0.60    0.46   13.95 v u_regfile._121_/Y (sky130_fd_sc_hd__o211ai_2)
     4    0.10                           u_regfile._000_ (net)
                  0.81    0.02   13.97 v u_regfile.u_sram_rs2/web0 (sky130_sram_1kbyte_1rw1r_32x256_8)
                                 13.97   data arrival time

                  0.10   20.00   20.00   clock clk (rise edge)
                          0.00   20.00   clock network delay (ideal)
                         -0.20   19.80   clock uncertainty
                          0.00   19.80   clock reconvergence pessimism
                                 19.80 ^ u_regfile.u_sram_rs2/clk0 (sky130_sram_1kbyte_1rw1r_32x256_8)
                         -0.10   19.70   library setup time
                                 19.70   data required time
-----------------------------------------------------------------------------
                                 19.70   data required time
                                -13.97   data arrival time
-----------------------------------------------------------------------------
                                  5.73   slack (MET)


Startpoint: u_imem.u_sram (falling edge-triggered flip-flop clocked by clk)
Endpoint: u_pc_reg._134_ (rising edge-triggered flip-flop clocked by clk)
Path Group: clk
Path Type: max

Fanout     Cap    Slew   Delay    Time   Description
-----------------------------------------------------------------------------
                  0.10   10.00   10.00   clock clk (fall edge)
                          0.00   10.00   clock network delay (ideal)
                  0.10    0.00   10.00 v u_imem.u_sram/clk1 (sky130_sram_1kbyte_1rw1r_32x256_8)
                  0.15    1.87   11.87 ^ u_imem.u_sram/dout1[6] (sky130_sram_1kbyte_1rw1r_32x256_8)
     8    0.27                           dbg_instr[6] (net)
                  0.11    0.17   12.04 ^ u_decoder_controller._12_/C (sky130_fd_sc_hd__nand3b_2)
                  0.16    0.17   12.21 v u_decoder_controller._12_/Y (sky130_fd_sc_hd__nand3b_2)
     5    0.02                           u_decoder_controller._00_ (net)
                  0.16    0.00   12.21 v u_decoder_controller._16_/A (sky130_fd_sc_hd__nor2_2)
                  0.54    0.48   12.69 ^ u_decoder_controller._16_/Y (sky130_fd_sc_hd__nor2_2)
     6    0.05                           u_decoder_controller.jalr (net)
                  0.54    0.01   12.70 ^ u_pc_next_logic._0859_/A (sky130_fd_sc_hd__inv_2)
                  0.21    0.26   12.96 v u_pc_next_logic._0859_/Y (sky130_fd_sc_hd__inv_2)
     9    0.06                           u_pc_next_logic._0114_ (net)
                  0.21    0.00   12.96 v u_pc_next_logic._0860_/A (sky130_fd_sc_hd__buf_1)
                  0.44    0.46   13.42 v u_pc_next_logic._0860_/X (sky130_fd_sc_hd__buf_1)
    10    0.08                           u_pc_next_logic._0115_ (net)
                  0.44    0.01   13.43 v u_pc_next_logic._0861_/B1 (sky130_fd_sc_hd__o21ai_2)
                  0.13    0.17   13.60 ^ u_pc_next_logic._0861_/Y (sky130_fd_sc_hd__o21ai_2)
     1    0.00                           u_pc_next_logic._0116_ (net)
                  0.13    0.00   13.60 ^ u_pc_next_logic._0862_/B1 (sky130_fd_sc_hd__a21oi_2)
                  0.07    0.04   13.64 v u_pc_next_logic._0862_/Y (sky130_fd_sc_hd__a21oi_2)
     1    0.00                           u_pc_next_logic.pc_next[0] (net)
                  0.07    0.00   13.64 v u_pc_reg._067_/A (sky130_fd_sc_hd__and2_2)
                  0.04    0.17   13.81 v u_pc_reg._067_/X (sky130_fd_sc_hd__and2_2)
     1    0.00                           u_pc_reg._049_ (net)
                  0.04    0.00   13.81 v u_pc_reg._068_/A (sky130_fd_sc_hd__buf_1)
                  0.02    0.08   13.89 v u_pc_reg._068_/X (sky130_fd_sc_hd__buf_1)
     1    0.00                           u_pc_reg._000_ (net)
                  0.02    0.00   13.89 v u_pc_reg._134_/D (sky130_fd_sc_hd__dfxtp_2)
                                 13.89   data arrival time

                  0.10   20.00   20.00   clock clk (rise edge)
                          0.00   20.00   clock network delay (ideal)
                         -0.20   19.80   clock uncertainty
                          0.00   19.80   clock reconvergence pessimism
                                 19.80 ^ u_pc_reg._134_/CLK (sky130_fd_sc_hd__dfxtp_2)
                         -0.09   19.71   library setup time
                                 19.71   data required time
-----------------------------------------------------------------------------
                                 19.71   data required time
                                -13.89   data arrival time
-----------------------------------------------------------------------------
                                  5.82   slack (MET)


Startpoint: u_imem.u_sram (falling edge-triggered flip-flop clocked by clk)
Endpoint: u_dmem.u_sram (falling edge-triggered flip-flop clocked by clk)
Path Group: clk
Path Type: max

Fanout     Cap    Slew   Delay    Time   Description
-----------------------------------------------------------------------------
                  0.10   10.00   10.00   clock clk (fall edge)
                          0.00   10.00   clock network delay (ideal)
                  0.10    0.00   10.00 v u_imem.u_sram/clk1 (sky130_sram_1kbyte_1rw1r_32x256_8)
                  0.17    2.10   12.10 v u_imem.u_sram/dout1[22] (sky130_sram_1kbyte_1rw1r_32x256_8)
     6    0.31                           dbg_instr[22] (net)
                  0.13    0.18   12.28 v u_regfile._082_/B (sky130_fd_sc_hd__nor3_2)
                  0.70    0.60   12.88 ^ u_regfile._082_/Y (sky130_fd_sc_hd__nor3_2)
     8    0.04                           u_regfile._011_ (net)
                  0.70    0.00   12.88 ^ u_regfile._083_/A (sky130_fd_sc_hd__buf_1)
                  0.58    0.52   13.40 ^ u_regfile._083_/X (sky130_fd_sc_hd__buf_1)
     9    0.05                           u_regfile._012_ (net)
                  0.58    0.00   13.40 ^ u_regfile._090_/A2 (sky130_fd_sc_hd__a21boi_2)
                  0.27    0.31   13.72 v u_regfile._090_/Y (sky130_fd_sc_hd__a21boi_2)
     5    0.05                           u_branch_unit.rs2_val[6] (net)
                  0.36    0.00   13.72 v u_dmem.u_sram/din0[6] (sky130_sram_1kbyte_1rw1r_32x256_8)
                                 13.72   data arrival time

                  0.10   20.00   20.00   clock clk (rise edge)
                          0.00   20.00   clock network delay (ideal)
                         -0.20   19.80   clock uncertainty
                          0.00   19.80   clock reconvergence pessimism
                                 19.80 ^ u_dmem.u_sram/clk0 (sky130_sram_1kbyte_1rw1r_32x256_8)
                         -0.10   19.70   library setup time
                                 19.70   data required time
-----------------------------------------------------------------------------
                                 19.70   data required time
                                -13.72   data arrival time
-----------------------------------------------------------------------------
                                  5.98   slack (MET)


Startpoint: u_imem.u_sram (falling edge-triggered flip-flop clocked by clk)
Endpoint: u_dmem.u_sram (falling edge-triggered flip-flop clocked by clk)
Path Group: clk
Path Type: max

Fanout     Cap    Slew   Delay    Time   Description
-----------------------------------------------------------------------------
                  0.10   10.00   10.00   clock clk (fall edge)
                          0.00   10.00   clock network delay (ideal)
                  0.10    0.00   10.00 v u_imem.u_sram/clk1 (sky130_sram_1kbyte_1rw1r_32x256_8)
                  0.17    2.10   12.10 v u_imem.u_sram/dout1[22] (sky130_sram_1kbyte_1rw1r_32x256_8)
     6    0.31                           dbg_instr[22] (net)
                  0.13    0.18   12.28 v u_regfile._082_/B (sky130_fd_sc_hd__nor3_2)
                  0.70    0.60   12.88 ^ u_regfile._082_/Y (sky130_fd_sc_hd__nor3_2)
     8    0.04                           u_regfile._011_ (net)
                  0.70    0.00   12.88 ^ u_regfile._083_/A (sky130_fd_sc_hd__buf_1)
                  0.58    0.52   13.40 ^ u_regfile._083_/X (sky130_fd_sc_hd__buf_1)
     9    0.05                           u_regfile._012_ (net)
                  0.58    0.00   13.41 ^ u_regfile._089_/A2 (sky130_fd_sc_hd__a21boi_2)
                  0.27    0.30   13.71 v u_regfile._089_/Y (sky130_fd_sc_hd__a21boi_2)
     4    0.05                           u_branch_unit.rs2_val[5] (net)
                  0.36    0.00   13.71 v u_dmem.u_sram/din0[5] (sky130_sram_1kbyte_1rw1r_32x256_8)
                                 13.71   data arrival time

                  0.10   20.00   20.00   clock clk (rise edge)
                          0.00   20.00   clock network delay (ideal)
                         -0.20   19.80   clock uncertainty
                          0.00   19.80   clock reconvergence pessimism
                                 19.80 ^ u_dmem.u_sram/clk0 (sky130_sram_1kbyte_1rw1r_32x256_8)
                         -0.10   19.70   library setup time
                                 19.70   data required time
-----------------------------------------------------------------------------
                                 19.70   data required time
                                -13.71   data arrival time
-----------------------------------------------------------------------------
                                  5.99   slack (MET)


Startpoint: u_imem.u_sram (falling edge-triggered flip-flop clocked by clk)
Endpoint: u_dmem.u_sram (falling edge-triggered flip-flop clocked by clk)
Path Group: clk
Path Type: max

Fanout     Cap    Slew   Delay    Time   Description
-----------------------------------------------------------------------------
                  0.10   10.00   10.00   clock clk (fall edge)
                          0.00   10.00   clock network delay (ideal)
                  0.10    0.00   10.00 v u_imem.u_sram/clk1 (sky130_sram_1kbyte_1rw1r_32x256_8)
                  0.17    2.10   12.10 v u_imem.u_sram/dout1[22] (sky130_sram_1kbyte_1rw1r_32x256_8)
     6    0.31                           dbg_instr[22] (net)
                  0.13    0.18   12.28 v u_regfile._082_/B (sky130_fd_sc_hd__nor3_2)
                  0.70    0.60   12.88 ^ u_regfile._082_/Y (sky130_fd_sc_hd__nor3_2)
     8    0.04                           u_regfile._011_ (net)
                  0.70    0.00   12.88 ^ u_regfile._083_/A (sky130_fd_sc_hd__buf_1)
                  0.58    0.52   13.40 ^ u_regfile._083_/X (sky130_fd_sc_hd__buf_1)
     9    0.05                           u_regfile._012_ (net)
                  0.58    0.00   13.40 ^ u_regfile._091_/A2 (sky130_fd_sc_hd__a21boi_2)
                  0.27    0.30   13.71 v u_regfile._091_/Y (sky130_fd_sc_hd__a21boi_2)
     4    0.05                           u_branch_unit.rs2_val[7] (net)
                  0.36    0.00   13.71 v u_dmem.u_sram/din0[7] (sky130_sram_1kbyte_1rw1r_32x256_8)
                                 13.71   data arrival time

                  0.10   20.00   20.00   clock clk (rise edge)
                          0.00   20.00   clock network delay (ideal)
                         -0.20   19.80   clock uncertainty
                          0.00   19.80   clock reconvergence pessimism
                                 19.80 ^ u_dmem.u_sram/clk0 (sky130_sram_1kbyte_1rw1r_32x256_8)
                         -0.10   19.70   library setup time
                                 19.70   data required time
-----------------------------------------------------------------------------
                                 19.70   data required time
                                -13.71   data arrival time
-----------------------------------------------------------------------------
                                  5.99   slack (MET)


Startpoint: u_imem.u_sram (falling edge-triggered flip-flop clocked by clk)
Endpoint: u_dmem.u_sram (falling edge-triggered flip-flop clocked by clk)
Path Group: clk
Path Type: max

Fanout     Cap    Slew   Delay    Time   Description
-----------------------------------------------------------------------------
                  0.10   10.00   10.00   clock clk (fall edge)
                          0.00   10.00   clock network delay (ideal)
                  0.10    0.00   10.00 v u_imem.u_sram/clk1 (sky130_sram_1kbyte_1rw1r_32x256_8)
                  0.17    2.10   12.10 v u_imem.u_sram/dout1[22] (sky130_sram_1kbyte_1rw1r_32x256_8)
     6    0.31                           dbg_instr[22] (net)
                  0.13    0.18   12.28 v u_regfile._082_/B (sky130_fd_sc_hd__nor3_2)
                  0.70    0.60   12.88 ^ u_regfile._082_/Y (sky130_fd_sc_hd__nor3_2)
     8    0.04                           u_regfile._011_ (net)
                  0.70    0.00   12.88 ^ u_regfile._083_/A (sky130_fd_sc_hd__buf_1)
                  0.58    0.52   13.40 ^ u_regfile._083_/X (sky130_fd_sc_hd__buf_1)
     9    0.05                           u_regfile._012_ (net)
                  0.58    0.00   13.41 ^ u_regfile._088_/A2 (sky130_fd_sc_hd__a21boi_2)
                  0.27    0.30   13.70 v u_regfile._088_/Y (sky130_fd_sc_hd__a21boi_2)
     4    0.05                           u_branch_unit.rs2_val[4] (net)
                  0.36    0.00   13.71 v u_dmem.u_sram/din0[4] (sky130_sram_1kbyte_1rw1r_32x256_8)
                                 13.71   data arrival time

                  0.10   20.00   20.00   clock clk (rise edge)
                          0.00   20.00   clock network delay (ideal)
                         -0.20   19.80   clock uncertainty
                          0.00   19.80   clock reconvergence pessimism
                                 19.80 ^ u_dmem.u_sram/clk0 (sky130_sram_1kbyte_1rw1r_32x256_8)
                         -0.10   19.70   library setup time
                                 19.70   data required time
-----------------------------------------------------------------------------
                                 19.70   data required time
                                -13.71   data arrival time
-----------------------------------------------------------------------------
                                  5.99   slack (MET)


Startpoint: u_imem.u_sram (falling edge-triggered flip-flop clocked by clk)
Endpoint: u_dmem.u_sram (falling edge-triggered flip-flop clocked by clk)
Path Group: clk
Path Type: max

Fanout     Cap    Slew   Delay    Time   Description
-----------------------------------------------------------------------------
                  0.10   10.00   10.00   clock clk (fall edge)
                          0.00   10.00   clock network delay (ideal)
                  0.10    0.00   10.00 v u_imem.u_sram/clk1 (sky130_sram_1kbyte_1rw1r_32x256_8)
                  0.17    2.10   12.10 v u_imem.u_sram/dout1[22] (sky130_sram_1kbyte_1rw1r_32x256_8)
     6    0.31                           dbg_instr[22] (net)
                  0.13    0.18   12.28 v u_regfile._082_/B (sky130_fd_sc_hd__nor3_2)
                  0.70    0.60   12.88 ^ u_regfile._082_/Y (sky130_fd_sc_hd__nor3_2)
     8    0.04                           u_regfile._011_ (net)
                  0.70    0.00   12.88 ^ u_regfile._083_/A (sky130_fd_sc_hd__buf_1)
                  0.58    0.52   13.40 ^ u_regfile._083_/X (sky130_fd_sc_hd__buf_1)
     9    0.05                           u_regfile._012_ (net)
                  0.58    0.00   13.40 ^ u_regfile._092_/A2 (sky130_fd_sc_hd__a21boi_2)
                  0.26    0.29   13.69 v u_regfile._092_/Y (sky130_fd_sc_hd__a21boi_2)
     4    0.04                           u_branch_unit.rs2_val[8] (net)
                  0.34    0.00   13.69 v u_dmem.u_sram/din0[8] (sky130_sram_1kbyte_1rw1r_32x256_8)
                                 13.69   data arrival time

                  0.10   20.00   20.00   clock clk (rise edge)
                          0.00   20.00   clock network delay (ideal)
                         -0.20   19.80   clock uncertainty
                          0.00   19.80   clock reconvergence pessimism
                                 19.80 ^ u_dmem.u_sram/clk0 (sky130_sram_1kbyte_1rw1r_32x256_8)
                         -0.10   19.70   library setup time
                                 19.70   data required time
-----------------------------------------------------------------------------
                                 19.70   data required time
                                -13.69   data arrival time
-----------------------------------------------------------------------------
                                  6.00   slack (MET)


Startpoint: u_imem.u_sram (falling edge-triggered flip-flop clocked by clk)
Endpoint: u_dmem.u_sram (falling edge-triggered flip-flop clocked by clk)
Path Group: clk
Path Type: max

Fanout     Cap    Slew   Delay    Time   Description
-----------------------------------------------------------------------------
                  0.10   10.00   10.00   clock clk (fall edge)
                          0.00   10.00   clock network delay (ideal)
                  0.10    0.00   10.00 v u_imem.u_sram/clk1 (sky130_sram_1kbyte_1rw1r_32x256_8)
                  0.17    2.10   12.10 v u_imem.u_sram/dout1[22] (sky130_sram_1kbyte_1rw1r_32x256_8)
     6    0.31                           dbg_instr[22] (net)
                  0.13    0.18   12.28 v u_regfile._082_/B (sky130_fd_sc_hd__nor3_2)
                  0.70    0.60   12.88 ^ u_regfile._082_/Y (sky130_fd_sc_hd__nor3_2)
     8    0.04                           u_regfile._011_ (net)
                  0.70    0.00   12.88 ^ u_regfile._083_/A (sky130_fd_sc_hd__buf_1)
                  0.58    0.52   13.40 ^ u_regfile._083_/X (sky130_fd_sc_hd__buf_1)
     9    0.05                           u_regfile._012_ (net)
                  0.58    0.00   13.41 ^ u_regfile._086_/A2 (sky130_fd_sc_hd__a21boi_2)
                  0.25    0.28   13.69 v u_regfile._086_/Y (sky130_fd_sc_hd__a21boi_2)
     3    0.04                           u_branch_unit.rs2_val[2] (net)
                  0.34    0.00   13.69 v u_dmem.u_sram/din0[2] (sky130_sram_1kbyte_1rw1r_32x256_8)
                                 13.69   data arrival time

                  0.10   20.00   20.00   clock clk (rise edge)
                          0.00   20.00   clock network delay (ideal)
                         -0.20   19.80   clock uncertainty
                          0.00   19.80   clock reconvergence pessimism
                                 19.80 ^ u_dmem.u_sram/clk0 (sky130_sram_1kbyte_1rw1r_32x256_8)
                         -0.10   19.70   library setup time
                                 19.70   data required time
-----------------------------------------------------------------------------
                                 19.70   data required time
                                -13.69   data arrival time
-----------------------------------------------------------------------------
                                  6.01   slack (MET)


Startpoint: u_imem.u_sram (falling edge-triggered flip-flop clocked by clk)
Endpoint: u_dmem.u_sram (falling edge-triggered flip-flop clocked by clk)
Path Group: clk
Path Type: max

Fanout     Cap    Slew   Delay    Time   Description
-----------------------------------------------------------------------------
                  0.10   10.00   10.00   clock clk (fall edge)
                          0.00   10.00   clock network delay (ideal)
                  0.10    0.00   10.00 v u_imem.u_sram/clk1 (sky130_sram_1kbyte_1rw1r_32x256_8)
                  0.17    2.10   12.10 v u_imem.u_sram/dout1[22] (sky130_sram_1kbyte_1rw1r_32x256_8)
     6    0.31                           dbg_instr[22] (net)
                  0.13    0.18   12.28 v u_regfile._082_/B (sky130_fd_sc_hd__nor3_2)
                  0.70    0.60   12.88 ^ u_regfile._082_/Y (sky130_fd_sc_hd__nor3_2)
     8    0.04                           u_regfile._011_ (net)
                  0.70    0.00   12.88 ^ u_regfile._093_/A (sky130_fd_sc_hd__buf_1)
                  0.57    0.52   13.40 ^ u_regfile._093_/X (sky130_fd_sc_hd__buf_1)
     9    0.05                           u_regfile._013_ (net)
                  0.57    0.00   13.40 ^ u_regfile._102_/A2 (sky130_fd_sc_hd__a21boi_2)
                  0.26    0.29   13.69 v u_regfile._102_/Y (sky130_fd_sc_hd__a21boi_2)
     4    0.05                           u_branch_unit.rs2_val[16] (net)
                  0.35    0.00   13.69 v u_dmem.u_sram/din0[16] (sky130_sram_1kbyte_1rw1r_32x256_8)
                                 13.69   data arrival time

                  0.10   20.00   20.00   clock clk (rise edge)
                          0.00   20.00   clock network delay (ideal)
                         -0.20   19.80   clock uncertainty
                          0.00   19.80   clock reconvergence pessimism
                                 19.80 ^ u_dmem.u_sram/clk0 (sky130_sram_1kbyte_1rw1r_32x256_8)
                         -0.10   19.70   library setup time
                                 19.70   data required time
-----------------------------------------------------------------------------
                                 19.70   data required time
                                -13.69   data arrival time
-----------------------------------------------------------------------------
                                  6.01   slack (MET)


Startpoint: u_imem.u_sram (falling edge-triggered flip-flop clocked by clk)
Endpoint: u_dmem.u_sram (falling edge-triggered flip-flop clocked by clk)
Path Group: clk
Path Type: max

Fanout     Cap    Slew   Delay    Time   Description
-----------------------------------------------------------------------------
                  0.10   10.00   10.00   clock clk (fall edge)
                          0.00   10.00   clock network delay (ideal)
                  0.10    0.00   10.00 v u_imem.u_sram/clk1 (sky130_sram_1kbyte_1rw1r_32x256_8)
                  0.17    2.10   12.10 v u_imem.u_sram/dout1[22] (sky130_sram_1kbyte_1rw1r_32x256_8)
     6    0.31                           dbg_instr[22] (net)
                  0.13    0.18   12.28 v u_regfile._082_/B (sky130_fd_sc_hd__nor3_2)
                  0.70    0.60   12.88 ^ u_regfile._082_/Y (sky130_fd_sc_hd__nor3_2)
     8    0.04                           u_regfile._011_ (net)
                  0.70    0.00   12.88 ^ u_regfile._104_/A (sky130_fd_sc_hd__buf_1)
                  0.56    0.51   13.39 ^ u_regfile._104_/X (sky130_fd_sc_hd__buf_1)
     9    0.05                           u_regfile._015_ (net)
                  0.56    0.00   13.39 ^ u_regfile._106_/A2 (sky130_fd_sc_hd__a21boi_2)
                  0.27    0.30   13.69 v u_regfile._106_/Y (sky130_fd_sc_hd__a21boi_2)
     4    0.05                           u_branch_unit.rs2_val[19] (net)
                  0.37    0.00   13.69 v u_dmem.u_sram/din0[19] (sky130_sram_1kbyte_1rw1r_32x256_8)
                                 13.69   data arrival time

                  0.10   20.00   20.00   clock clk (rise edge)
                          0.00   20.00   clock network delay (ideal)
                         -0.20   19.80   clock uncertainty
                          0.00   19.80   clock reconvergence pessimism
                                 19.80 ^ u_dmem.u_sram/clk0 (sky130_sram_1kbyte_1rw1r_32x256_8)
                         -0.10   19.70   library setup time
                                 19.70   data required time
-----------------------------------------------------------------------------
                                 19.70   data required time
                                -13.69   data arrival time
-----------------------------------------------------------------------------
                                  6.01   slack (MET)


Startpoint: u_imem.u_sram (falling edge-triggered flip-flop clocked by clk)
Endpoint: u_dmem.u_sram (falling edge-triggered flip-flop clocked by clk)
Path Group: clk
Path Type: max

Fanout     Cap    Slew   Delay    Time   Description
-----------------------------------------------------------------------------
                  0.10   10.00   10.00   clock clk (fall edge)
                          0.00   10.00   clock network delay (ideal)
                  0.10    0.00   10.00 v u_imem.u_sram/clk1 (sky130_sram_1kbyte_1rw1r_32x256_8)
                  0.17    2.10   12.10 v u_imem.u_sram/dout1[22] (sky130_sram_1kbyte_1rw1r_32x256_8)
     6    0.31                           dbg_instr[22] (net)
                  0.13    0.18   12.28 v u_regfile._082_/B (sky130_fd_sc_hd__nor3_2)
                  0.70    0.60   12.88 ^ u_regfile._082_/Y (sky130_fd_sc_hd__nor3_2)
     8    0.04                           u_regfile._011_ (net)
                  0.70    0.00   12.88 ^ u_regfile._083_/A (sky130_fd_sc_hd__buf_1)
                  0.58    0.52   13.40 ^ u_regfile._083_/X (sky130_fd_sc_hd__buf_1)
     9    0.05                           u_regfile._012_ (net)
                  0.58    0.00   13.41 ^ u_regfile._085_/A2 (sky130_fd_sc_hd__a21boi_2)
                  0.25    0.28   13.69 v u_regfile._085_/Y (sky130_fd_sc_hd__a21boi_2)
     4    0.04                           u_branch_unit.rs2_val[1] (net)
                  0.34    0.00   13.69 v u_dmem.u_sram/din0[1] (sky130_sram_1kbyte_1rw1r_32x256_8)
                                 13.69   data arrival time

                  0.10   20.00   20.00   clock clk (rise edge)
                          0.00   20.00   clock network delay (ideal)
                         -0.20   19.80   clock uncertainty
                          0.00   19.80   clock reconvergence pessimism
                                 19.80 ^ u_dmem.u_sram/clk0 (sky130_sram_1kbyte_1rw1r_32x256_8)
                         -0.10   19.70   library setup time
                                 19.70   data required time
-----------------------------------------------------------------------------
                                 19.70   data required time
                                -13.69   data arrival time
-----------------------------------------------------------------------------
                                  6.01   slack (MET)


Startpoint: u_imem.u_sram (falling edge-triggered flip-flop clocked by clk)
Endpoint: u_dmem.u_sram (falling edge-triggered flip-flop clocked by clk)
Path Group: clk
Path Type: max

Fanout     Cap    Slew   Delay    Time   Description
-----------------------------------------------------------------------------
                  0.10   10.00   10.00   clock clk (fall edge)
                          0.00   10.00   clock network delay (ideal)
                  0.10    0.00   10.00 v u_imem.u_sram/clk1 (sky130_sram_1kbyte_1rw1r_32x256_8)
                  0.17    2.10   12.10 v u_imem.u_sram/dout1[22] (sky130_sram_1kbyte_1rw1r_32x256_8)
     6    0.31                           dbg_instr[22] (net)
                  0.13    0.18   12.28 v u_regfile._082_/B (sky130_fd_sc_hd__nor3_2)
                  0.70    0.60   12.88 ^ u_regfile._082_/Y (sky130_fd_sc_hd__nor3_2)
     8    0.04                           u_regfile._011_ (net)
                  0.70    0.00   12.88 ^ u_regfile._083_/A (sky130_fd_sc_hd__buf_1)
                  0.58    0.52   13.40 ^ u_regfile._083_/X (sky130_fd_sc_hd__buf_1)
     9    0.05                           u_regfile._012_ (net)
                  0.58    0.00   13.41 ^ u_regfile._084_/A2 (sky130_fd_sc_hd__a21boi_2)
                  0.25    0.28   13.69 v u_regfile._084_/Y (sky130_fd_sc_hd__a21boi_2)
     4    0.04                           u_branch_unit.rs2_val[0] (net)
                  0.34    0.00   13.69 v u_dmem.u_sram/din0[0] (sky130_sram_1kbyte_1rw1r_32x256_8)
                                 13.69   data arrival time

                  0.10   20.00   20.00   clock clk (rise edge)
                          0.00   20.00   clock network delay (ideal)
                         -0.20   19.80   clock uncertainty
                          0.00   19.80   clock reconvergence pessimism
                                 19.80 ^ u_dmem.u_sram/clk0 (sky130_sram_1kbyte_1rw1r_32x256_8)
                         -0.10   19.70   library setup time
                                 19.70   data required time
-----------------------------------------------------------------------------
                                 19.70   data required time
                                -13.69   data arrival time
-----------------------------------------------------------------------------
                                  6.01   slack (MET)


Startpoint: u_imem.u_sram (falling edge-triggered flip-flop clocked by clk)
Endpoint: u_dmem.u_sram (falling edge-triggered flip-flop clocked by clk)
Path Group: clk
Path Type: max

Fanout     Cap    Slew   Delay    Time   Description
-----------------------------------------------------------------------------
                  0.10   10.00   10.00   clock clk (fall edge)
                          0.00   10.00   clock network delay (ideal)
                  0.10    0.00   10.00 v u_imem.u_sram/clk1 (sky130_sram_1kbyte_1rw1r_32x256_8)
                  0.17    2.10   12.10 v u_imem.u_sram/dout1[22] (sky130_sram_1kbyte_1rw1r_32x256_8)
     6    0.31                           dbg_instr[22] (net)
                  0.13    0.18   12.28 v u_regfile._082_/B (sky130_fd_sc_hd__nor3_2)
                  0.70    0.60   12.88 ^ u_regfile._082_/Y (sky130_fd_sc_hd__nor3_2)
     8    0.04                           u_regfile._011_ (net)
                  0.70    0.00   12.88 ^ u_regfile._093_/A (sky130_fd_sc_hd__buf_1)
                  0.57    0.52   13.40 ^ u_regfile._093_/X (sky130_fd_sc_hd__buf_1)
     9    0.05                           u_regfile._013_ (net)
                  0.57    0.00   13.40 ^ u_regfile._101_/A2 (sky130_fd_sc_hd__a21boi_2)
                  0.26    0.29   13.69 v u_regfile._101_/Y (sky130_fd_sc_hd__a21boi_2)
     4    0.05                           u_branch_unit.rs2_val[15] (net)
                  0.35    0.00   13.69 v u_dmem.u_sram/din0[15] (sky130_sram_1kbyte_1rw1r_32x256_8)
                                 13.69   data arrival time

                  0.10   20.00   20.00   clock clk (rise edge)
                          0.00   20.00   clock network delay (ideal)
                         -0.20   19.80   clock uncertainty
                          0.00   19.80   clock reconvergence pessimism
                                 19.80 ^ u_dmem.u_sram/clk0 (sky130_sram_1kbyte_1rw1r_32x256_8)
                         -0.10   19.70   library setup time
                                 19.70   data required time
-----------------------------------------------------------------------------
                                 19.70   data required time
                                -13.69   data arrival time
-----------------------------------------------------------------------------
                                  6.01   slack (MET)


Startpoint: u_imem.u_sram (falling edge-triggered flip-flop clocked by clk)
Endpoint: u_dmem.u_sram (falling edge-triggered flip-flop clocked by clk)
Path Group: clk
Path Type: max

Fanout     Cap    Slew   Delay    Time   Description
-----------------------------------------------------------------------------
                  0.10   10.00   10.00   clock clk (fall edge)
                          0.00   10.00   clock network delay (ideal)
                  0.10    0.00   10.00 v u_imem.u_sram/clk1 (sky130_sram_1kbyte_1rw1r_32x256_8)
                  0.17    2.10   12.10 v u_imem.u_sram/dout1[22] (sky130_sram_1kbyte_1rw1r_32x256_8)
     6    0.31                           dbg_instr[22] (net)
                  0.13    0.18   12.28 v u_regfile._082_/B (sky130_fd_sc_hd__nor3_2)
                  0.70    0.60   12.88 ^ u_regfile._082_/Y (sky130_fd_sc_hd__nor3_2)
     8    0.04                           u_regfile._011_ (net)
                  0.70    0.00   12.88 ^ u_regfile._083_/A (sky130_fd_sc_hd__buf_1)
                  0.58    0.52   13.40 ^ u_regfile._083_/X (sky130_fd_sc_hd__buf_1)
     9    0.05                           u_regfile._012_ (net)
                  0.58    0.00   13.41 ^ u_regfile._087_/A2 (sky130_fd_sc_hd__a21boi_2)
                  0.25    0.28   13.69 v u_regfile._087_/Y (sky130_fd_sc_hd__a21boi_2)
     3    0.04                           u_branch_unit.rs2_val[3] (net)
                  0.34    0.00   13.69 v u_dmem.u_sram/din0[3] (sky130_sram_1kbyte_1rw1r_32x256_8)
                                 13.69   data arrival time

                  0.10   20.00   20.00   clock clk (rise edge)
                          0.00   20.00   clock network delay (ideal)
                         -0.20   19.80   clock uncertainty
                          0.00   19.80   clock reconvergence pessimism
                                 19.80 ^ u_dmem.u_sram/clk0 (sky130_sram_1kbyte_1rw1r_32x256_8)
                         -0.10   19.70   library setup time
                                 19.70   data required time
-----------------------------------------------------------------------------
                                 19.70   data required time
                                -13.69   data arrival time
-----------------------------------------------------------------------------
                                  6.01   slack (MET)


Startpoint: u_imem.u_sram (falling edge-triggered flip-flop clocked by clk)
Endpoint: u_dmem.u_sram (falling edge-triggered flip-flop clocked by clk)
Path Group: clk
Path Type: max

Fanout     Cap    Slew   Delay    Time   Description
-----------------------------------------------------------------------------
                  0.10   10.00   10.00   clock clk (fall edge)
                          0.00   10.00   clock network delay (ideal)
                  0.10    0.00   10.00 v u_imem.u_sram/clk1 (sky130_sram_1kbyte_1rw1r_32x256_8)
                  0.17    2.10   12.10 v u_imem.u_sram/dout1[22] (sky130_sram_1kbyte_1rw1r_32x256_8)
     6    0.31                           dbg_instr[22] (net)
                  0.13    0.18   12.28 v u_regfile._082_/B (sky130_fd_sc_hd__nor3_2)
                  0.70    0.60   12.88 ^ u_regfile._082_/Y (sky130_fd_sc_hd__nor3_2)
     8    0.04                           u_regfile._011_ (net)
                  0.70    0.00   12.88 ^ u_regfile._093_/A (sky130_fd_sc_hd__buf_1)
                  0.57    0.52   13.40 ^ u_regfile._093_/X (sky130_fd_sc_hd__buf_1)
     9    0.05                           u_regfile._013_ (net)
                  0.57    0.00   13.40 ^ u_regfile._098_/A2 (sky130_fd_sc_hd__a21boi_2)
                  0.26    0.29   13.69 v u_regfile._098_/Y (sky130_fd_sc_hd__a21boi_2)
     4    0.05                           u_branch_unit.rs2_val[12] (net)
                  0.35    0.00   13.69 v u_dmem.u_sram/din0[12] (sky130_sram_1kbyte_1rw1r_32x256_8)
                                 13.69   data arrival time

                  0.10   20.00   20.00   clock clk (rise edge)
                          0.00   20.00   clock network delay (ideal)
                         -0.20   19.80   clock uncertainty
                          0.00   19.80   clock reconvergence pessimism
                                 19.80 ^ u_dmem.u_sram/clk0 (sky130_sram_1kbyte_1rw1r_32x256_8)
                         -0.10   19.70   library setup time
                                 19.70   data required time
-----------------------------------------------------------------------------
                                 19.70   data required time
                                -13.69   data arrival time
-----------------------------------------------------------------------------
                                  6.01   slack (MET)


Startpoint: u_imem.u_sram (falling edge-triggered flip-flop clocked by clk)
Endpoint: u_dmem.u_sram (falling edge-triggered flip-flop clocked by clk)
Path Group: clk
Path Type: max

Fanout     Cap    Slew   Delay    Time   Description
-----------------------------------------------------------------------------
                  0.10   10.00   10.00   clock clk (fall edge)
                          0.00   10.00   clock network delay (ideal)
                  0.10    0.00   10.00 v u_imem.u_sram/clk1 (sky130_sram_1kbyte_1rw1r_32x256_8)
                  0.17    2.10   12.10 v u_imem.u_sram/dout1[22] (sky130_sram_1kbyte_1rw1r_32x256_8)
     6    0.31                           dbg_instr[22] (net)
                  0.13    0.18   12.28 v u_regfile._082_/B (sky130_fd_sc_hd__nor3_2)
                  0.70    0.60   12.88 ^ u_regfile._082_/Y (sky130_fd_sc_hd__nor3_2)
     8    0.04                           u_regfile._011_ (net)
                  0.70    0.00   12.88 ^ u_regfile._093_/A (sky130_fd_sc_hd__buf_1)
                  0.57    0.52   13.40 ^ u_regfile._093_/X (sky130_fd_sc_hd__buf_1)
     9    0.05                           u_regfile._013_ (net)
                  0.57    0.00   13.40 ^ u_regfile._097_/A2 (sky130_fd_sc_hd__a21boi_2)
                  0.26    0.29   13.69 v u_regfile._097_/Y (sky130_fd_sc_hd__a21boi_2)
     4    0.05                           u_branch_unit.rs2_val[11] (net)
                  0.34    0.00   13.69 v u_dmem.u_sram/din0[11] (sky130_sram_1kbyte_1rw1r_32x256_8)
                                 13.69   data arrival time

                  0.10   20.00   20.00   clock clk (rise edge)
                          0.00   20.00   clock network delay (ideal)
                         -0.20   19.80   clock uncertainty
                          0.00   19.80   clock reconvergence pessimism
                                 19.80 ^ u_dmem.u_sram/clk0 (sky130_sram_1kbyte_1rw1r_32x256_8)
                         -0.10   19.70   library setup time
                                 19.70   data required time
-----------------------------------------------------------------------------
                                 19.70   data required time
                                -13.69   data arrival time
-----------------------------------------------------------------------------
                                  6.01   slack (MET)


Startpoint: u_imem.u_sram (falling edge-triggered flip-flop clocked by clk)
Endpoint: u_dmem.u_sram (falling edge-triggered flip-flop clocked by clk)
Path Group: clk
Path Type: max

Fanout     Cap    Slew   Delay    Time   Description
-----------------------------------------------------------------------------
                  0.10   10.00   10.00   clock clk (fall edge)
                          0.00   10.00   clock network delay (ideal)
                  0.10    0.00   10.00 v u_imem.u_sram/clk1 (sky130_sram_1kbyte_1rw1r_32x256_8)
                  0.17    2.10   12.10 v u_imem.u_sram/dout1[22] (sky130_sram_1kbyte_1rw1r_32x256_8)
     6    0.31                           dbg_instr[22] (net)
                  0.13    0.18   12.28 v u_regfile._082_/B (sky130_fd_sc_hd__nor3_2)
                  0.70    0.60   12.88 ^ u_regfile._082_/Y (sky130_fd_sc_hd__nor3_2)
     8    0.04                           u_regfile._011_ (net)
                  0.70    0.00   12.88 ^ u_regfile._093_/A (sky130_fd_sc_hd__buf_1)
                  0.57    0.52   13.40 ^ u_regfile._093_/X (sky130_fd_sc_hd__buf_1)
     9    0.05                           u_regfile._013_ (net)
                  0.57    0.00   13.40 ^ u_regfile._103_/A2 (sky130_fd_sc_hd__a21boi_2)
                  0.26    0.29   13.68 v u_regfile._103_/Y (sky130_fd_sc_hd__a21boi_2)
     4    0.04                           u_branch_unit.rs2_val[17] (net)
                  0.34    0.00   13.69 v u_dmem.u_sram/din0[17] (sky130_sram_1kbyte_1rw1r_32x256_8)
                                 13.69   data arrival time

                  0.10   20.00   20.00   clock clk (rise edge)
                          0.00   20.00   clock network delay (ideal)
                         -0.20   19.80   clock uncertainty
                          0.00   19.80   clock reconvergence pessimism
                                 19.80 ^ u_dmem.u_sram/clk0 (sky130_sram_1kbyte_1rw1r_32x256_8)
                         -0.10   19.70   library setup time
                                 19.70   data required time
-----------------------------------------------------------------------------
                                 19.70   data required time
                                -13.69   data arrival time
-----------------------------------------------------------------------------
                                  6.01   slack (MET)


Startpoint: u_imem.u_sram (falling edge-triggered flip-flop clocked by clk)
Endpoint: u_dmem.u_sram (falling edge-triggered flip-flop clocked by clk)
Path Group: clk
Path Type: max

Fanout     Cap    Slew   Delay    Time   Description
-----------------------------------------------------------------------------
                  0.10   10.00   10.00   clock clk (fall edge)
                          0.00   10.00   clock network delay (ideal)
                  0.10    0.00   10.00 v u_imem.u_sram/clk1 (sky130_sram_1kbyte_1rw1r_32x256_8)
                  0.17    2.10   12.10 v u_imem.u_sram/dout1[22] (sky130_sram_1kbyte_1rw1r_32x256_8)
     6    0.31                           dbg_instr[22] (net)
                  0.13    0.18   12.28 v u_regfile._082_/B (sky130_fd_sc_hd__nor3_2)
                  0.70    0.60   12.88 ^ u_regfile._082_/Y (sky130_fd_sc_hd__nor3_2)
     8    0.04                           u_regfile._011_ (net)
                  0.70    0.00   12.88 ^ u_regfile._093_/A (sky130_fd_sc_hd__buf_1)
                  0.57    0.52   13.40 ^ u_regfile._093_/X (sky130_fd_sc_hd__buf_1)
     9    0.05                           u_regfile._013_ (net)
                  0.57    0.00   13.40 ^ u_regfile._096_/A2 (sky130_fd_sc_hd__a21boi_2)
                  0.26    0.29   13.68 v u_regfile._096_/Y (sky130_fd_sc_hd__a21boi_2)
     4    0.04                           u_branch_unit.rs2_val[10] (net)
                  0.34    0.00   13.69 v u_dmem.u_sram/din0[10] (sky130_sram_1kbyte_1rw1r_32x256_8)
                                 13.69   data arrival time

                  0.10   20.00   20.00   clock clk (rise edge)
                          0.00   20.00   clock network delay (ideal)
                         -0.20   19.80   clock uncertainty
                          0.00   19.80   clock reconvergence pessimism
                                 19.80 ^ u_dmem.u_sram/clk0 (sky130_sram_1kbyte_1rw1r_32x256_8)
                         -0.10   19.70   library setup time
                                 19.70   data required time
-----------------------------------------------------------------------------
                                 19.70   data required time
                                -13.69   data arrival time
-----------------------------------------------------------------------------
                                  6.01   slack (MET)


Startpoint: u_imem.u_sram (falling edge-triggered flip-flop clocked by clk)
Endpoint: u_dmem.u_sram (falling edge-triggered flip-flop clocked by clk)
Path Group: clk
Path Type: max

Fanout     Cap    Slew   Delay    Time   Description
-----------------------------------------------------------------------------
                  0.10   10.00   10.00   clock clk (fall edge)
                          0.00   10.00   clock network delay (ideal)
                  0.10    0.00   10.00 v u_imem.u_sram/clk1 (sky130_sram_1kbyte_1rw1r_32x256_8)
                  0.17    2.10   12.10 v u_imem.u_sram/dout1[22] (sky130_sram_1kbyte_1rw1r_32x256_8)
     6    0.31                           dbg_instr[22] (net)
                  0.13    0.18   12.28 v u_regfile._082_/B (sky130_fd_sc_hd__nor3_2)
                  0.70    0.60   12.88 ^ u_regfile._082_/Y (sky130_fd_sc_hd__nor3_2)
     8    0.04                           u_regfile._011_ (net)
                  0.70    0.00   12.88 ^ u_regfile._093_/A (sky130_fd_sc_hd__buf_1)
                  0.57    0.52   13.40 ^ u_regfile._093_/X (sky130_fd_sc_hd__buf_1)
     9    0.05                           u_regfile._013_ (net)
                  0.57    0.00   13.40 ^ u_regfile._094_/A2 (sky130_fd_sc_hd__a21boi_2)
                  0.26    0.28   13.68 v u_regfile._094_/Y (sky130_fd_sc_hd__a21boi_2)
     4    0.04                           u_branch_unit.rs2_val[9] (net)
                  0.34    0.00   13.68 v u_dmem.u_sram/din0[9] (sky130_sram_1kbyte_1rw1r_32x256_8)
                                 13.68   data arrival time

                  0.10   20.00   20.00   clock clk (rise edge)
                          0.00   20.00   clock network delay (ideal)
                         -0.20   19.80   clock uncertainty
                          0.00   19.80   clock reconvergence pessimism
                                 19.80 ^ u_dmem.u_sram/clk0 (sky130_sram_1kbyte_1rw1r_32x256_8)
                         -0.10   19.70   library setup time
                                 19.70   data required time
-----------------------------------------------------------------------------
                                 19.70   data required time
                                -13.68   data arrival time
-----------------------------------------------------------------------------
                                  6.01   slack (MET)


Startpoint: u_imem.u_sram (falling edge-triggered flip-flop clocked by clk)
Endpoint: u_dmem.u_sram (falling edge-triggered flip-flop clocked by clk)
Path Group: clk
Path Type: max

Fanout     Cap    Slew   Delay    Time   Description
-----------------------------------------------------------------------------
                  0.10   10.00   10.00   clock clk (fall edge)
                          0.00   10.00   clock network delay (ideal)
                  0.10    0.00   10.00 v u_imem.u_sram/clk1 (sky130_sram_1kbyte_1rw1r_32x256_8)
                  0.17    2.10   12.10 v u_imem.u_sram/dout1[22] (sky130_sram_1kbyte_1rw1r_32x256_8)
     6    0.31                           dbg_instr[22] (net)
                  0.13    0.18   12.28 v u_regfile._082_/B (sky130_fd_sc_hd__nor3_2)
                  0.70    0.60   12.88 ^ u_regfile._082_/Y (sky130_fd_sc_hd__nor3_2)
     8    0.04                           u_regfile._011_ (net)
                  0.70    0.00   12.88 ^ u_regfile._104_/A (sky130_fd_sc_hd__buf_1)
                  0.56    0.51   13.39 ^ u_regfile._104_/X (sky130_fd_sc_hd__buf_1)
     9    0.05                           u_regfile._015_ (net)
                  0.56    0.00   13.39 ^ u_regfile._105_/A2 (sky130_fd_sc_hd__a21boi_2)
                  0.27    0.29   13.68 v u_regfile._105_/Y (sky130_fd_sc_hd__a21boi_2)
     4    0.05                           u_branch_unit.rs2_val[18] (net)
                  0.35    0.00   13.68 v u_dmem.u_sram/din0[18] (sky130_sram_1kbyte_1rw1r_32x256_8)
                                 13.68   data arrival time

                  0.10   20.00   20.00   clock clk (rise edge)
                          0.00   20.00   clock network delay (ideal)
                         -0.20   19.80   clock uncertainty
                          0.00   19.80   clock reconvergence pessimism
                                 19.80 ^ u_dmem.u_sram/clk0 (sky130_sram_1kbyte_1rw1r_32x256_8)
                         -0.10   19.70   library setup time
                                 19.70   data required time
-----------------------------------------------------------------------------
                                 19.70   data required time
                                -13.68   data arrival time
-----------------------------------------------------------------------------
                                  6.01   slack (MET)


Startpoint: u_imem.u_sram (falling edge-triggered flip-flop clocked by clk)
Endpoint: u_dmem.u_sram (falling edge-triggered flip-flop clocked by clk)
Path Group: clk
Path Type: max

Fanout     Cap    Slew   Delay    Time   Description
-----------------------------------------------------------------------------
                  0.10   10.00   10.00   clock clk (fall edge)
                          0.00   10.00   clock network delay (ideal)
                  0.10    0.00   10.00 v u_imem.u_sram/clk1 (sky130_sram_1kbyte_1rw1r_32x256_8)
                  0.17    2.10   12.10 v u_imem.u_sram/dout1[22] (sky130_sram_1kbyte_1rw1r_32x256_8)
     6    0.31                           dbg_instr[22] (net)
                  0.13    0.18   12.28 v u_regfile._082_/B (sky130_fd_sc_hd__nor3_2)
                  0.70    0.60   12.88 ^ u_regfile._082_/Y (sky130_fd_sc_hd__nor3_2)
     8    0.04                           u_regfile._011_ (net)
                  0.70    0.00   12.88 ^ u_regfile._093_/A (sky130_fd_sc_hd__buf_1)
                  0.57    0.52   13.40 ^ u_regfile._093_/X (sky130_fd_sc_hd__buf_1)
     9    0.05                           u_regfile._013_ (net)
                  0.57    0.00   13.40 ^ u_regfile._100_/A2 (sky130_fd_sc_hd__a21boi_2)
                  0.25    0.28   13.68 v u_regfile._100_/Y (sky130_fd_sc_hd__a21boi_2)
     3    0.04                           u_branch_unit.rs2_val[14] (net)
                  0.34    0.00   13.68 v u_dmem.u_sram/din0[14] (sky130_sram_1kbyte_1rw1r_32x256_8)
                                 13.68   data arrival time

                  0.10   20.00   20.00   clock clk (rise edge)
                          0.00   20.00   clock network delay (ideal)
                         -0.20   19.80   clock uncertainty
                          0.00   19.80   clock reconvergence pessimism
                                 19.80 ^ u_dmem.u_sram/clk0 (sky130_sram_1kbyte_1rw1r_32x256_8)
                         -0.10   19.70   library setup time
                                 19.70   data required time
-----------------------------------------------------------------------------
                                 19.70   data required time
                                -13.68   data arrival time
-----------------------------------------------------------------------------
                                  6.02   slack (MET)


Startpoint: u_imem.u_sram (falling edge-triggered flip-flop clocked by clk)
Endpoint: u_dmem.u_sram (falling edge-triggered flip-flop clocked by clk)
Path Group: clk
Path Type: max

Fanout     Cap    Slew   Delay    Time   Description
-----------------------------------------------------------------------------
                  0.10   10.00   10.00   clock clk (fall edge)
                          0.00   10.00   clock network delay (ideal)
                  0.10    0.00   10.00 v u_imem.u_sram/clk1 (sky130_sram_1kbyte_1rw1r_32x256_8)
                  0.17    2.10   12.10 v u_imem.u_sram/dout1[22] (sky130_sram_1kbyte_1rw1r_32x256_8)
     6    0.31                           dbg_instr[22] (net)
                  0.13    0.18   12.28 v u_regfile._082_/B (sky130_fd_sc_hd__nor3_2)
                  0.70    0.60   12.88 ^ u_regfile._082_/Y (sky130_fd_sc_hd__nor3_2)
     8    0.04                           u_regfile._011_ (net)
                  0.70    0.00   12.88 ^ u_regfile._093_/A (sky130_fd_sc_hd__buf_1)
                  0.57    0.52   13.40 ^ u_regfile._093_/X (sky130_fd_sc_hd__buf_1)
     9    0.05                           u_regfile._013_ (net)
                  0.57    0.00   13.40 ^ u_regfile._099_/A2 (sky130_fd_sc_hd__a21boi_2)
                  0.25    0.28   13.68 v u_regfile._099_/Y (sky130_fd_sc_hd__a21boi_2)
     3    0.04                           u_branch_unit.rs2_val[13] (net)
                  0.34    0.00   13.68 v u_dmem.u_sram/din0[13] (sky130_sram_1kbyte_1rw1r_32x256_8)
                                 13.68   data arrival time

                  0.10   20.00   20.00   clock clk (rise edge)
                          0.00   20.00   clock network delay (ideal)
                         -0.20   19.80   clock uncertainty
                          0.00   19.80   clock reconvergence pessimism
                                 19.80 ^ u_dmem.u_sram/clk0 (sky130_sram_1kbyte_1rw1r_32x256_8)
                         -0.10   19.70   library setup time
                                 19.70   data required time
-----------------------------------------------------------------------------
                                 19.70   data required time
                                -13.68   data arrival time
-----------------------------------------------------------------------------
                                  6.02   slack (MET)


Startpoint: u_imem.u_sram (falling edge-triggered flip-flop clocked by clk)
Endpoint: u_dmem.u_sram (falling edge-triggered flip-flop clocked by clk)
Path Group: clk
Path Type: max

Fanout     Cap    Slew   Delay    Time   Description
-----------------------------------------------------------------------------
                  0.10   10.00   10.00   clock clk (fall edge)
                          0.00   10.00   clock network delay (ideal)
                  0.10    0.00   10.00 v u_imem.u_sram/clk1 (sky130_sram_1kbyte_1rw1r_32x256_8)
                  0.17    2.10   12.10 v u_imem.u_sram/dout1[22] (sky130_sram_1kbyte_1rw1r_32x256_8)
     6    0.31                           dbg_instr[22] (net)
                  0.13    0.18   12.28 v u_regfile._082_/B (sky130_fd_sc_hd__nor3_2)
                  0.70    0.60   12.88 ^ u_regfile._082_/Y (sky130_fd_sc_hd__nor3_2)
     8    0.04                           u_regfile._011_ (net)
                  0.70    0.00   12.88 ^ u_regfile._104_/A (sky130_fd_sc_hd__buf_1)
                  0.56    0.51   13.39 ^ u_regfile._104_/X (sky130_fd_sc_hd__buf_1)
     9    0.05                           u_regfile._015_ (net)
                  0.56    0.00   13.39 ^ u_regfile._108_/A2 (sky130_fd_sc_hd__a21boi_2)
                  0.25    0.29   13.68 v u_regfile._108_/Y (sky130_fd_sc_hd__a21boi_2)
     4    0.05                           u_branch_unit.rs2_val[20] (net)
                  0.33    0.00   13.68 v u_dmem.u_sram/din0[20] (sky130_sram_1kbyte_1rw1r_32x256_8)
                                 13.68   data arrival time

                  0.10   20.00   20.00   clock clk (rise edge)
                          0.00   20.00   clock network delay (ideal)
                         -0.20   19.80   clock uncertainty
                          0.00   19.80   clock reconvergence pessimism
                                 19.80 ^ u_dmem.u_sram/clk0 (sky130_sram_1kbyte_1rw1r_32x256_8)
                         -0.10   19.70   library setup time
                                 19.70   data required time
-----------------------------------------------------------------------------
                                 19.70   data required time
                                -13.68   data arrival time
-----------------------------------------------------------------------------
                                  6.02   slack (MET)


Startpoint: u_imem.u_sram (falling edge-triggered flip-flop clocked by clk)
Endpoint: u_dmem.u_sram (falling edge-triggered flip-flop clocked by clk)
Path Group: clk
Path Type: max

Fanout     Cap    Slew   Delay    Time   Description
-----------------------------------------------------------------------------
                  0.10   10.00   10.00   clock clk (fall edge)
                          0.00   10.00   clock network delay (ideal)
                  0.10    0.00   10.00 v u_imem.u_sram/clk1 (sky130_sram_1kbyte_1rw1r_32x256_8)
                  0.17    2.10   12.10 v u_imem.u_sram/dout1[22] (sky130_sram_1kbyte_1rw1r_32x256_8)
     6    0.31                           dbg_instr[22] (net)
                  0.13    0.18   12.28 v u_regfile._082_/B (sky130_fd_sc_hd__nor3_2)
                  0.70    0.60   12.88 ^ u_regfile._082_/Y (sky130_fd_sc_hd__nor3_2)
     8    0.04                           u_regfile._011_ (net)
                  0.70    0.00   12.88 ^ u_regfile._104_/A (sky130_fd_sc_hd__buf_1)
                  0.56    0.51   13.39 ^ u_regfile._104_/X (sky130_fd_sc_hd__buf_1)
     9    0.05                           u_regfile._015_ (net)
                  0.56    0.00   13.39 ^ u_regfile._111_/A2 (sky130_fd_sc_hd__a21boi_2)
                  0.24    0.28   13.67 v u_regfile._111_/Y (sky130_fd_sc_hd__a21boi_2)
     4    0.04                           u_branch_unit.rs2_val[23] (net)
                  0.32    0.00   13.67 v u_dmem.u_sram/din0[23] (sky130_sram_1kbyte_1rw1r_32x256_8)
                                 13.67   data arrival time

                  0.10   20.00   20.00   clock clk (rise edge)
                          0.00   20.00   clock network delay (ideal)
                         -0.20   19.80   clock uncertainty
                          0.00   19.80   clock reconvergence pessimism
                                 19.80 ^ u_dmem.u_sram/clk0 (sky130_sram_1kbyte_1rw1r_32x256_8)
                         -0.10   19.70   library setup time
                                 19.70   data required time
-----------------------------------------------------------------------------
                                 19.70   data required time
                                -13.67   data arrival time
-----------------------------------------------------------------------------
                                  6.03   slack (MET)


Startpoint: u_imem.u_sram (falling edge-triggered flip-flop clocked by clk)
Endpoint: u_dmem.u_sram (falling edge-triggered flip-flop clocked by clk)
Path Group: clk
Path Type: max

Fanout     Cap    Slew   Delay    Time   Description
-----------------------------------------------------------------------------
                  0.10   10.00   10.00   clock clk (fall edge)
                          0.00   10.00   clock network delay (ideal)
                  0.10    0.00   10.00 v u_imem.u_sram/clk1 (sky130_sram_1kbyte_1rw1r_32x256_8)
                  0.17    2.10   12.10 v u_imem.u_sram/dout1[22] (sky130_sram_1kbyte_1rw1r_32x256_8)
     6    0.31                           dbg_instr[22] (net)
                  0.13    0.18   12.28 v u_regfile._082_/B (sky130_fd_sc_hd__nor3_2)
                  0.70    0.60   12.88 ^ u_regfile._082_/Y (sky130_fd_sc_hd__nor3_2)
     8    0.04                           u_regfile._011_ (net)
                  0.70    0.00   12.88 ^ u_regfile._104_/A (sky130_fd_sc_hd__buf_1)
                  0.56    0.51   13.39 ^ u_regfile._104_/X (sky130_fd_sc_hd__buf_1)
     9    0.05                           u_regfile._015_ (net)
                  0.56    0.00   13.39 ^ u_regfile._109_/A2 (sky130_fd_sc_hd__a21boi_2)
                  0.23    0.27   13.66 v u_regfile._109_/Y (sky130_fd_sc_hd__a21boi_2)
     3    0.04                           u_branch_unit.rs2_val[21] (net)
                  0.31    0.00   13.66 v u_dmem.u_sram/din0[21] (sky130_sram_1kbyte_1rw1r_32x256_8)
                                 13.66   data arrival time

                  0.10   20.00   20.00   clock clk (rise edge)
                          0.00   20.00   clock network delay (ideal)
                         -0.20   19.80   clock uncertainty
                          0.00   19.80   clock reconvergence pessimism
                                 19.80 ^ u_dmem.u_sram/clk0 (sky130_sram_1kbyte_1rw1r_32x256_8)
                         -0.10   19.70   library setup time
                                 19.70   data required time
-----------------------------------------------------------------------------
                                 19.70   data required time
                                -13.66   data arrival time
-----------------------------------------------------------------------------
                                  6.03   slack (MET)


Startpoint: u_imem.u_sram (falling edge-triggered flip-flop clocked by clk)
Endpoint: u_dmem.u_sram (falling edge-triggered flip-flop clocked by clk)
Path Group: clk
Path Type: max

Fanout     Cap    Slew   Delay    Time   Description
-----------------------------------------------------------------------------
                  0.10   10.00   10.00   clock clk (fall edge)
                          0.00   10.00   clock network delay (ideal)
                  0.10    0.00   10.00 v u_imem.u_sram/clk1 (sky130_sram_1kbyte_1rw1r_32x256_8)
                  0.17    2.10   12.10 v u_imem.u_sram/dout1[22] (sky130_sram_1kbyte_1rw1r_32x256_8)
     6    0.31                           dbg_instr[22] (net)
                  0.13    0.18   12.28 v u_regfile._082_/B (sky130_fd_sc_hd__nor3_2)
                  0.70    0.60   12.88 ^ u_regfile._082_/Y (sky130_fd_sc_hd__nor3_2)
     8    0.04                           u_regfile._011_ (net)
                  0.70    0.00   12.88 ^ u_regfile._104_/A (sky130_fd_sc_hd__buf_1)
                  0.56    0.51   13.39 ^ u_regfile._104_/X (sky130_fd_sc_hd__buf_1)
     9    0.05                           u_regfile._015_ (net)
                  0.56    0.00   13.39 ^ u_regfile._110_/A2 (sky130_fd_sc_hd__a21boi_2)
                  0.23    0.27   13.66 v u_regfile._110_/Y (sky130_fd_sc_hd__a21boi_2)
     3    0.04                           u_branch_unit.rs2_val[22] (net)
                  0.31    0.00   13.66 v u_dmem.u_sram/din0[22] (sky130_sram_1kbyte_1rw1r_32x256_8)
                                 13.66   data arrival time

                  0.10   20.00   20.00   clock clk (rise edge)
                          0.00   20.00   clock network delay (ideal)
                         -0.20   19.80   clock uncertainty
                          0.00   19.80   clock reconvergence pessimism
                                 19.80 ^ u_dmem.u_sram/clk0 (sky130_sram_1kbyte_1rw1r_32x256_8)
                         -0.10   19.70   library setup time
                                 19.70   data required time
-----------------------------------------------------------------------------
                                 19.70   data required time
                                -13.66   data arrival time
-----------------------------------------------------------------------------
                                  6.03   slack (MET)


Startpoint: u_imem.u_sram (falling edge-triggered flip-flop clocked by clk)
Endpoint: u_dmem.u_sram (falling edge-triggered flip-flop clocked by clk)
Path Group: clk
Path Type: max

Fanout     Cap    Slew   Delay    Time   Description
-----------------------------------------------------------------------------
                  0.10   10.00   10.00   clock clk (fall edge)
                          0.00   10.00   clock network delay (ideal)
                  0.10    0.00   10.00 v u_imem.u_sram/clk1 (sky130_sram_1kbyte_1rw1r_32x256_8)
                  0.17    2.10   12.10 v u_imem.u_sram/dout1[22] (sky130_sram_1kbyte_1rw1r_32x256_8)
     6    0.31                           dbg_instr[22] (net)
                  0.13    0.18   12.28 v u_regfile._082_/B (sky130_fd_sc_hd__nor3_2)
                  0.70    0.60   12.88 ^ u_regfile._082_/Y (sky130_fd_sc_hd__nor3_2)
     8    0.04                           u_regfile._011_ (net)
                  0.70    0.00   12.88 ^ u_regfile._104_/A (sky130_fd_sc_hd__buf_1)
                  0.56    0.51   13.39 ^ u_regfile._104_/X (sky130_fd_sc_hd__buf_1)
     9    0.05                           u_regfile._015_ (net)
                  0.56    0.00   13.39 ^ u_regfile._112_/A2 (sky130_fd_sc_hd__a21boi_2)
                  0.23    0.27   13.66 v u_regfile._112_/Y (sky130_fd_sc_hd__a21boi_2)
     4    0.04                           u_branch_unit.rs2_val[24] (net)
                  0.31    0.00   13.66 v u_dmem.u_sram/din0[24] (sky130_sram_1kbyte_1rw1r_32x256_8)
                                 13.66   data arrival time

                  0.10   20.00   20.00   clock clk (rise edge)
                          0.00   20.00   clock network delay (ideal)
                         -0.20   19.80   clock uncertainty
                          0.00   19.80   clock reconvergence pessimism
                                 19.80 ^ u_dmem.u_sram/clk0 (sky130_sram_1kbyte_1rw1r_32x256_8)
                         -0.10   19.70   library setup time
                                 19.70   data required time
-----------------------------------------------------------------------------
                                 19.70   data required time
                                -13.66   data arrival time
-----------------------------------------------------------------------------
                                  6.04   slack (MET)


Startpoint: u_imem.u_sram (falling edge-triggered flip-flop clocked by clk)
Endpoint: u_dmem.u_sram (falling edge-triggered flip-flop clocked by clk)
Path Group: clk
Path Type: max

Fanout     Cap    Slew   Delay    Time   Description
-----------------------------------------------------------------------------
                  0.10   10.00   10.00   clock clk (fall edge)
                          0.00   10.00   clock network delay (ideal)
                  0.10    0.00   10.00 v u_imem.u_sram/clk1 (sky130_sram_1kbyte_1rw1r_32x256_8)
                  0.17    2.10   12.10 v u_imem.u_sram/dout1[22] (sky130_sram_1kbyte_1rw1r_32x256_8)
     6    0.31                           dbg_instr[22] (net)
                  0.13    0.18   12.28 v u_regfile._082_/B (sky130_fd_sc_hd__nor3_2)
                  0.70    0.60   12.88 ^ u_regfile._082_/Y (sky130_fd_sc_hd__nor3_2)
     8    0.04                           u_regfile._011_ (net)
                  0.70    0.00   12.88 ^ u_regfile._104_/A (sky130_fd_sc_hd__buf_1)
                  0.56    0.51   13.39 ^ u_regfile._104_/X (sky130_fd_sc_hd__buf_1)
     9    0.05                           u_regfile._015_ (net)
                  0.56    0.00   13.39 ^ u_regfile._113_/A2 (sky130_fd_sc_hd__a21boi_2)
                  0.22    0.26   13.65 v u_regfile._113_/Y (sky130_fd_sc_hd__a21boi_2)
     4    0.04                           u_branch_unit.rs2_val[25] (net)
                  0.29    0.00   13.65 v u_dmem.u_sram/din0[25] (sky130_sram_1kbyte_1rw1r_32x256_8)
                                 13.65   data arrival time

                  0.10   20.00   20.00   clock clk (rise edge)
                          0.00   20.00   clock network delay (ideal)
                         -0.20   19.80   clock uncertainty
                          0.00   19.80   clock reconvergence pessimism
                                 19.80 ^ u_dmem.u_sram/clk0 (sky130_sram_1kbyte_1rw1r_32x256_8)
                         -0.10   19.70   library setup time
                                 19.70   data required time
-----------------------------------------------------------------------------
                                 19.70   data required time
                                -13.65   data arrival time
-----------------------------------------------------------------------------
                                  6.05   slack (MET)


Startpoint: u_imem.u_sram (falling edge-triggered flip-flop clocked by clk)
Endpoint: u_dmem.u_sram (falling edge-triggered flip-flop clocked by clk)
Path Group: clk
Path Type: max

Fanout     Cap    Slew   Delay    Time   Description
-----------------------------------------------------------------------------
                  0.10   10.00   10.00   clock clk (fall edge)
                          0.00   10.00   clock network delay (ideal)
                  0.10    0.00   10.00 v u_imem.u_sram/clk1 (sky130_sram_1kbyte_1rw1r_32x256_8)
                  0.17    2.10   12.10 v u_imem.u_sram/dout1[22] (sky130_sram_1kbyte_1rw1r_32x256_8)
     6    0.31                           dbg_instr[22] (net)
                  0.13    0.18   12.28 v u_regfile._082_/B (sky130_fd_sc_hd__nor3_2)
                  0.70    0.60   12.88 ^ u_regfile._082_/Y (sky130_fd_sc_hd__nor3_2)
     8    0.04                           u_regfile._011_ (net)
                  0.70    0.00   12.88 ^ u_regfile._104_/A (sky130_fd_sc_hd__buf_1)
                  0.56    0.51   13.39 ^ u_regfile._104_/X (sky130_fd_sc_hd__buf_1)
     9    0.05                           u_regfile._015_ (net)
                  0.56    0.00   13.39 ^ u_regfile._114_/A2 (sky130_fd_sc_hd__a21boi_2)
                  0.22    0.25   13.64 v u_regfile._114_/Y (sky130_fd_sc_hd__a21boi_2)
     4    0.04                           u_branch_unit.rs2_val[26] (net)
                  0.29    0.00   13.65 v u_dmem.u_sram/din0[26] (sky130_sram_1kbyte_1rw1r_32x256_8)
                                 13.65   data arrival time

                  0.10   20.00   20.00   clock clk (rise edge)
                          0.00   20.00   clock network delay (ideal)
                         -0.20   19.80   clock uncertainty
                          0.00   19.80   clock reconvergence pessimism
                                 19.80 ^ u_dmem.u_sram/clk0 (sky130_sram_1kbyte_1rw1r_32x256_8)
                         -0.10   19.70   library setup time
                                 19.70   data required time
-----------------------------------------------------------------------------
                                 19.70   data required time
                                -13.65   data arrival time
-----------------------------------------------------------------------------
                                  6.05   slack (MET)


Startpoint: u_imem.u_sram (falling edge-triggered flip-flop clocked by clk)
Endpoint: u_dmem.u_sram (falling edge-triggered flip-flop clocked by clk)
Path Group: clk
Path Type: max

Fanout     Cap    Slew   Delay    Time   Description
-----------------------------------------------------------------------------
                  0.10   10.00   10.00   clock clk (fall edge)
                          0.00   10.00   clock network delay (ideal)
                  0.10    0.00   10.00 v u_imem.u_sram/clk1 (sky130_sram_1kbyte_1rw1r_32x256_8)
                  0.15    1.86   11.86 v u_imem.u_sram/dout1[6] (sky130_sram_1kbyte_1rw1r_32x256_8)
     8    0.27                           dbg_instr[6] (net)
                  0.11    0.18   12.03 v u_decoder_controller._21_/C (sky130_fd_sc_hd__or3_2)
                  0.10    0.46   12.49 v u_decoder_controller._21_/X (sky130_fd_sc_hd__or3_2)
     2    0.01                           u_decoder_controller._06_ (net)
                  0.10    0.00   12.49 v u_decoder_controller._22_/B (sky130_fd_sc_hd__nor2_2)
                  0.39    0.33   12.83 ^ u_decoder_controller._22_/Y (sky130_fd_sc_hd__nor2_2)
     6    0.04                           u_decoder_controller.mem_read (net)
                  0.39    0.00   12.83 ^ u_dmem._048_/A (sky130_fd_sc_hd__buf_1)
                  0.35    0.34   13.17 ^ u_dmem._048_/X (sky130_fd_sc_hd__buf_1)
    10    0.03                           u_dmem._018_ (net)
                  0.35    0.00   13.17 ^ u_dmem._115_/A (sky130_fd_sc_hd__nor2_2)
                  0.08    0.10   13.27 v u_dmem._115_/Y (sky130_fd_sc_hd__nor2_2)
     1    0.01                           u_dmem.csb0_sram (net)
                  0.11    0.00   13.27 v u_dmem.u_sram/csb0 (sky130_sram_1kbyte_1rw1r_32x256_8)
                                 13.27   data arrival time

                  0.10   20.00   20.00   clock clk (rise edge)
                          0.00   20.00   clock network delay (ideal)
                         -0.20   19.80   clock uncertainty
                          0.00   19.80   clock reconvergence pessimism
                                 19.80 ^ u_dmem.u_sram/clk0 (sky130_sram_1kbyte_1rw1r_32x256_8)
                         -0.10   19.70   library setup time
                                 19.70   data required time
-----------------------------------------------------------------------------
                                 19.70   data required time
                                -13.27   data arrival time
-----------------------------------------------------------------------------
                                  6.42   slack (MET)


Startpoint: u_imem.u_sram (falling edge-triggered flip-flop clocked by clk)
Endpoint: u_dmem.u_sram (falling edge-triggered flip-flop clocked by clk)
Path Group: clk
Path Type: max

Fanout     Cap    Slew   Delay    Time   Description
-----------------------------------------------------------------------------
                  0.10   10.00   10.00   clock clk (fall edge)
                          0.00   10.00   clock network delay (ideal)
                  0.10    0.00   10.00 v u_imem.u_sram/clk1 (sky130_sram_1kbyte_1rw1r_32x256_8)
                  0.17    2.10   12.10 v u_imem.u_sram/dout1[22] (sky130_sram_1kbyte_1rw1r_32x256_8)
     6    0.31                           dbg_instr[22] (net)
                  0.13    0.18   12.28 v u_regfile._082_/B (sky130_fd_sc_hd__nor3_2)
                  0.70    0.60   12.88 ^ u_regfile._082_/Y (sky130_fd_sc_hd__nor3_2)
     8    0.04                           u_regfile._011_ (net)
                  0.70    0.00   12.88 ^ u_regfile._119_/A2 (sky130_fd_sc_hd__a21boi_2)
                  0.28    0.36   13.24 v u_regfile._119_/Y (sky130_fd_sc_hd__a21boi_2)
     6    0.06                           u_branch_unit.rs2_val[31] (net)
                  0.37    0.00   13.25 v u_dmem.u_sram/din0[31] (sky130_sram_1kbyte_1rw1r_32x256_8)
                                 13.25   data arrival time

                  0.10   20.00   20.00   clock clk (rise edge)
                          0.00   20.00   clock network delay (ideal)
                         -0.20   19.80   clock uncertainty
                          0.00   19.80   clock reconvergence pessimism
                                 19.80 ^ u_dmem.u_sram/clk0 (sky130_sram_1kbyte_1rw1r_32x256_8)
                         -0.10   19.70   library setup time
                                 19.70   data required time
-----------------------------------------------------------------------------
                                 19.70   data required time
                                -13.25   data arrival time
-----------------------------------------------------------------------------
                                  6.45   slack (MET)


Startpoint: u_imem.u_sram (falling edge-triggered flip-flop clocked by clk)
Endpoint: u_dmem.u_sram (falling edge-triggered flip-flop clocked by clk)
Path Group: clk
Path Type: max

Fanout     Cap    Slew   Delay    Time   Description
-----------------------------------------------------------------------------
                  0.10   10.00   10.00   clock clk (fall edge)
                          0.00   10.00   clock network delay (ideal)
                  0.10    0.00   10.00 v u_imem.u_sram/clk1 (sky130_sram_1kbyte_1rw1r_32x256_8)
                  0.17    2.10   12.10 v u_imem.u_sram/dout1[22] (sky130_sram_1kbyte_1rw1r_32x256_8)
     6    0.31                           dbg_instr[22] (net)
                  0.13    0.18   12.28 v u_regfile._082_/B (sky130_fd_sc_hd__nor3_2)
                  0.70    0.60   12.88 ^ u_regfile._082_/Y (sky130_fd_sc_hd__nor3_2)
     8    0.04                           u_regfile._011_ (net)
                  0.70    0.00   12.88 ^ u_regfile._118_/A2 (sky130_fd_sc_hd__a21boi_2)
                  0.26    0.33   13.21 v u_regfile._118_/Y (sky130_fd_sc_hd__a21boi_2)
     4    0.05                           u_branch_unit.rs2_val[30] (net)
                  0.35    0.00   13.21 v u_dmem.u_sram/din0[30] (sky130_sram_1kbyte_1rw1r_32x256_8)
                                 13.21   data arrival time

                  0.10   20.00   20.00   clock clk (rise edge)
                          0.00   20.00   clock network delay (ideal)
                         -0.20   19.80   clock uncertainty
                          0.00   19.80   clock reconvergence pessimism
                                 19.80 ^ u_dmem.u_sram/clk0 (sky130_sram_1kbyte_1rw1r_32x256_8)
                         -0.10   19.70   library setup time
                                 19.70   data required time
-----------------------------------------------------------------------------
                                 19.70   data required time
                                -13.21   data arrival time
-----------------------------------------------------------------------------
                                  6.48   slack (MET)


Startpoint: u_imem.u_sram (falling edge-triggered flip-flop clocked by clk)
Endpoint: u_dmem.u_sram (falling edge-triggered flip-flop clocked by clk)
Path Group: clk
Path Type: max

Fanout     Cap    Slew   Delay    Time   Description
-----------------------------------------------------------------------------
                  0.10   10.00   10.00   clock clk (fall edge)
                          0.00   10.00   clock network delay (ideal)
                  0.10    0.00   10.00 v u_imem.u_sram/clk1 (sky130_sram_1kbyte_1rw1r_32x256_8)
                  0.17    2.10   12.10 v u_imem.u_sram/dout1[22] (sky130_sram_1kbyte_1rw1r_32x256_8)
     6    0.31                           dbg_instr[22] (net)
                  0.13    0.18   12.28 v u_regfile._082_/B (sky130_fd_sc_hd__nor3_2)
                  0.70    0.60   12.88 ^ u_regfile._082_/Y (sky130_fd_sc_hd__nor3_2)
     8    0.04                           u_regfile._011_ (net)
                  0.70    0.00   12.88 ^ u_regfile._116_/A2 (sky130_fd_sc_hd__a21boi_2)
                  0.25    0.31   13.19 v u_regfile._116_/Y (sky130_fd_sc_hd__a21boi_2)
     4    0.04                           u_branch_unit.rs2_val[28] (net)
                  0.33    0.00   13.19 v u_dmem.u_sram/din0[28] (sky130_sram_1kbyte_1rw1r_32x256_8)
                                 13.19   data arrival time

                  0.10   20.00   20.00   clock clk (rise edge)
                          0.00   20.00   clock network delay (ideal)
                         -0.20   19.80   clock uncertainty
                          0.00   19.80   clock reconvergence pessimism
                                 19.80 ^ u_dmem.u_sram/clk0 (sky130_sram_1kbyte_1rw1r_32x256_8)
                         -0.10   19.70   library setup time
                                 19.70   data required time
-----------------------------------------------------------------------------
                                 19.70   data required time
                                -13.19   data arrival time
-----------------------------------------------------------------------------
                                  6.50   slack (MET)


Startpoint: u_imem.u_sram (falling edge-triggered flip-flop clocked by clk)
Endpoint: u_dmem.u_sram (falling edge-triggered flip-flop clocked by clk)
Path Group: clk
Path Type: max

Fanout     Cap    Slew   Delay    Time   Description
-----------------------------------------------------------------------------
                  0.10   10.00   10.00   clock clk (fall edge)
                          0.00   10.00   clock network delay (ideal)
                  0.10    0.00   10.00 v u_imem.u_sram/clk1 (sky130_sram_1kbyte_1rw1r_32x256_8)
                  0.17    2.10   12.10 v u_imem.u_sram/dout1[22] (sky130_sram_1kbyte_1rw1r_32x256_8)
     6    0.31                           dbg_instr[22] (net)
                  0.13    0.18   12.28 v u_regfile._082_/B (sky130_fd_sc_hd__nor3_2)
                  0.70    0.60   12.88 ^ u_regfile._082_/Y (sky130_fd_sc_hd__nor3_2)
     8    0.04                           u_regfile._011_ (net)
                  0.70    0.00   12.88 ^ u_regfile._117_/A2 (sky130_fd_sc_hd__a21boi_2)
                  0.24    0.30   13.19 v u_regfile._117_/Y (sky130_fd_sc_hd__a21boi_2)
     4    0.04                           u_branch_unit.rs2_val[29] (net)
                  0.32    0.00   13.19 v u_dmem.u_sram/din0[29] (sky130_sram_1kbyte_1rw1r_32x256_8)
                                 13.19   data arrival time

                  0.10   20.00   20.00   clock clk (rise edge)
                          0.00   20.00   clock network delay (ideal)
                         -0.20   19.80   clock uncertainty
                          0.00   19.80   clock reconvergence pessimism
                                 19.80 ^ u_dmem.u_sram/clk0 (sky130_sram_1kbyte_1rw1r_32x256_8)
                         -0.10   19.70   library setup time
                                 19.70   data required time
-----------------------------------------------------------------------------
                                 19.70   data required time
                                -13.19   data arrival time
-----------------------------------------------------------------------------
                                  6.51   slack (MET)


Startpoint: u_imem.u_sram (falling edge-triggered flip-flop clocked by clk)
Endpoint: u_dmem.u_sram (falling edge-triggered flip-flop clocked by clk)
Path Group: clk
Path Type: max

Fanout     Cap    Slew   Delay    Time   Description
-----------------------------------------------------------------------------
                  0.10   10.00   10.00   clock clk (fall edge)
                          0.00   10.00   clock network delay (ideal)
                  0.10    0.00   10.00 v u_imem.u_sram/clk1 (sky130_sram_1kbyte_1rw1r_32x256_8)
                  0.17    2.10   12.10 v u_imem.u_sram/dout1[22] (sky130_sram_1kbyte_1rw1r_32x256_8)
     6    0.31                           dbg_instr[22] (net)
                  0.13    0.18   12.28 v u_regfile._082_/B (sky130_fd_sc_hd__nor3_2)
                  0.70    0.60   12.88 ^ u_regfile._082_/Y (sky130_fd_sc_hd__nor3_2)
     8    0.04                           u_regfile._011_ (net)
                  0.70    0.00   12.88 ^ u_regfile._115_/A2 (sky130_fd_sc_hd__a21boi_2)
                  0.22    0.28   13.16 v u_regfile._115_/Y (sky130_fd_sc_hd__a21boi_2)
     4    0.04                           u_branch_unit.rs2_val[27] (net)
                  0.29    0.00   13.17 v u_dmem.u_sram/din0[27] (sky130_sram_1kbyte_1rw1r_32x256_8)
                                 13.17   data arrival time

                  0.10   20.00   20.00   clock clk (rise edge)
                          0.00   20.00   clock network delay (ideal)
                         -0.20   19.80   clock uncertainty
                          0.00   19.80   clock reconvergence pessimism
                                 19.80 ^ u_dmem.u_sram/clk0 (sky130_sram_1kbyte_1rw1r_32x256_8)
                         -0.10   19.70   library setup time
                                 19.70   data required time
-----------------------------------------------------------------------------
                                 19.70   data required time
                                -13.17   data arrival time
-----------------------------------------------------------------------------
                                  6.53   slack (MET)


Startpoint: u_imem.u_sram (falling edge-triggered flip-flop clocked by clk)
Endpoint: u_dmem.u_sram (falling edge-triggered flip-flop clocked by clk)
Path Group: clk
Path Type: max

Fanout     Cap    Slew   Delay    Time   Description
-----------------------------------------------------------------------------
                  0.10   10.00   10.00   clock clk (fall edge)
                          0.00   10.00   clock network delay (ideal)
                  0.10    0.00   10.00 v u_imem.u_sram/clk1 (sky130_sram_1kbyte_1rw1r_32x256_8)
                  0.11    1.49   11.49 v u_imem.u_sram/dout1[2] (sky130_sram_1kbyte_1rw1r_32x256_8)
     5    0.21                           dbg_instr[2] (net)
                  0.08    0.13   11.62 v u_decoder_controller._19_/B (sky130_fd_sc_hd__or4bb_2)
                  0.09    0.60   12.22 v u_decoder_controller._19_/X (sky130_fd_sc_hd__or4bb_2)
     1    0.00                           u_decoder_controller._04_ (net)
                  0.09    0.00   12.22 v u_decoder_controller._20_/A (sky130_fd_sc_hd__buf_1)
                  0.17    0.22   12.44 v u_decoder_controller._20_/X (sky130_fd_sc_hd__buf_1)
     6    0.03                           u_decoder_controller._05_ (net)
                  0.17    0.00   12.44 v u_decoder_controller._29_/B (sky130_fd_sc_hd__nor2_2)
                  0.10    0.14   12.58 ^ u_decoder_controller._29_/Y (sky130_fd_sc_hd__nor2_2)
     2    0.01                           u_decoder_controller._10_ (net)
                  0.10    0.00   12.58 ^ u_decoder_controller._30_/C (sky130_fd_sc_hd__and3b_2)
                  0.06    0.20   12.78 ^ u_decoder_controller._30_/X (sky130_fd_sc_hd__and3b_2)
     1    0.01                           u_decoder_controller._11_ (net)
                  0.06    0.00   12.78 ^ u_decoder_controller._31_/A (sky130_fd_sc_hd__buf_1)
                  0.15    0.16   12.94 ^ u_decoder_controller._31_/X (sky130_fd_sc_hd__buf_1)
     2    0.01                           u_decoder_controller.mem_write (net)
                  0.15    0.00   12.94 ^ u_dmem._116_/A (sky130_fd_sc_hd__inv_2)
                  0.04    0.06   13.00 v u_dmem._116_/Y (sky130_fd_sc_hd__inv_2)
     1    0.01                           u_dmem.web0_sram (net)
                  0.06    0.00   13.00 v u_dmem.u_sram/web0 (sky130_sram_1kbyte_1rw1r_32x256_8)
                                 13.00   data arrival time

                  0.10   20.00   20.00   clock clk (rise edge)
                          0.00   20.00   clock network delay (ideal)
                         -0.20   19.80   clock uncertainty
                          0.00   19.80   clock reconvergence pessimism
                                 19.80 ^ u_dmem.u_sram/clk0 (sky130_sram_1kbyte_1rw1r_32x256_8)
                         -0.10   19.70   library setup time
                                 19.70   data required time
-----------------------------------------------------------------------------
                                 19.70   data required time
                                -13.00   data arrival time
-----------------------------------------------------------------------------
                                  6.70   slack (MET)


Startpoint: u_imem.u_sram (falling edge-triggered flip-flop clocked by clk)
Endpoint: u_regfile.u_sram_rs2 (falling edge-triggered flip-flop clocked by clk)
Path Group: clk
Path Type: max

Fanout     Cap    Slew   Delay    Time   Description
-----------------------------------------------------------------------------
                  0.10   10.00   10.00   clock clk (fall edge)
                          0.00   10.00   clock network delay (ideal)
                  0.10    0.00   10.00 v u_imem.u_sram/clk1 (sky130_sram_1kbyte_1rw1r_32x256_8)
                  0.17    2.10   12.10 ^ u_imem.u_sram/dout1[22] (sky130_sram_1kbyte_1rw1r_32x256_8)
     6    0.32                           dbg_instr[22] (net)
                  0.17    0.27   12.37 ^ u_regfile.u_sram_rs2/addr1[2] (sky130_sram_1kbyte_1rw1r_32x256_8)
                                 12.37   data arrival time

                  0.10   20.00   20.00   clock clk (rise edge)
                          0.00   20.00   clock network delay (ideal)
                         -0.20   19.80   clock uncertainty
                          0.00   19.80   clock reconvergence pessimism
                                 19.80 ^ u_regfile.u_sram_rs2/clk1 (sky130_sram_1kbyte_1rw1r_32x256_8)
                         -0.10   19.70   library setup time
                                 19.70   data required time
-----------------------------------------------------------------------------
                                 19.70   data required time
                                -12.37   data arrival time
-----------------------------------------------------------------------------
                                  7.32   slack (MET)


Startpoint: u_imem.u_sram (falling edge-triggered flip-flop clocked by clk)
Endpoint: u_regfile.u_sram_rs2 (falling edge-triggered flip-flop clocked by clk)
Path Group: clk
Path Type: max

Fanout     Cap    Slew   Delay    Time   Description
-----------------------------------------------------------------------------
                  0.10   10.00   10.00   clock clk (fall edge)
                          0.00   10.00   clock network delay (ideal)
                  0.10    0.00   10.00 v u_imem.u_sram/clk1 (sky130_sram_1kbyte_1rw1r_32x256_8)
                  0.17    2.13   12.13 ^ u_imem.u_sram/dout1[24] (sky130_sram_1kbyte_1rw1r_32x256_8)
     6    0.32                           dbg_instr[24] (net)
                  0.17    0.15   12.28 ^ u_regfile.u_sram_rs2/addr1[4] (sky130_sram_1kbyte_1rw1r_32x256_8)
                                 12.28   data arrival time

                  0.10   20.00   20.00   clock clk (rise edge)
                          0.00   20.00   clock network delay (ideal)
                         -0.20   19.80   clock uncertainty
                          0.00   19.80   clock reconvergence pessimism
                                 19.80 ^ u_regfile.u_sram_rs2/clk1 (sky130_sram_1kbyte_1rw1r_32x256_8)
                         -0.10   19.70   library setup time
                                 19.70   data required time
-----------------------------------------------------------------------------
                                 19.70   data required time
                                -12.28   data arrival time
-----------------------------------------------------------------------------
                                  7.42   slack (MET)


Startpoint: u_imem.u_sram (falling edge-triggered flip-flop clocked by clk)
Endpoint: u_regfile.u_sram_rs1 (falling edge-triggered flip-flop clocked by clk)
Path Group: clk
Path Type: max

Fanout     Cap    Slew   Delay    Time   Description
-----------------------------------------------------------------------------
                  0.10   10.00   10.00   clock clk (fall edge)
                          0.00   10.00   clock network delay (ideal)
                  0.10    0.00   10.00 v u_imem.u_sram/clk1 (sky130_sram_1kbyte_1rw1r_32x256_8)
                  0.17    2.06   12.06 ^ u_imem.u_sram/dout1[7] (sky130_sram_1kbyte_1rw1r_32x256_8)
     6    0.31                           dbg_instr[7] (net)
                  0.17    0.18   12.24 ^ u_regfile.u_sram_rs1/addr0[0] (sky130_sram_1kbyte_1rw1r_32x256_8)
                                 12.24   data arrival time

                  0.10   20.00   20.00   clock clk (rise edge)
                          0.00   20.00   clock network delay (ideal)
                         -0.20   19.80   clock uncertainty
                          0.00   19.80   clock reconvergence pessimism
                                 19.80 ^ u_regfile.u_sram_rs1/clk0 (sky130_sram_1kbyte_1rw1r_32x256_8)
                         -0.10   19.70   library setup time
                                 19.70   data required time
-----------------------------------------------------------------------------
                                 19.70   data required time
                                -12.24   data arrival time
-----------------------------------------------------------------------------
                                  7.46   slack (MET)


Startpoint: u_imem.u_sram (falling edge-triggered flip-flop clocked by clk)
Endpoint: u_regfile.u_sram_rs2 (falling edge-triggered flip-flop clocked by clk)
Path Group: clk
Path Type: max

Fanout     Cap    Slew   Delay    Time   Description
-----------------------------------------------------------------------------
                  0.10   10.00   10.00   clock clk (fall edge)
                          0.00   10.00   clock network delay (ideal)
                  0.10    0.00   10.00 v u_imem.u_sram/clk1 (sky130_sram_1kbyte_1rw1r_32x256_8)
                  0.17    2.06   12.06 ^ u_imem.u_sram/dout1[7] (sky130_sram_1kbyte_1rw1r_32x256_8)
     6    0.31                           dbg_instr[7] (net)
                  0.17    0.17   12.23 ^ u_regfile.u_sram_rs2/addr0[0] (sky130_sram_1kbyte_1rw1r_32x256_8)
                                 12.23   data arrival time

                  0.10   20.00   20.00   clock clk (rise edge)
                          0.00   20.00   clock network delay (ideal)
                         -0.20   19.80   clock uncertainty
                          0.00   19.80   clock reconvergence pessimism
                                 19.80 ^ u_regfile.u_sram_rs2/clk0 (sky130_sram_1kbyte_1rw1r_32x256_8)
                         -0.10   19.70   library setup time
                                 19.70   data required time
-----------------------------------------------------------------------------
                                 19.70   data required time
                                -12.23   data arrival time
-----------------------------------------------------------------------------
                                  7.47   slack (MET)


Startpoint: u_imem.u_sram (falling edge-triggered flip-flop clocked by clk)
Endpoint: u_regfile.u_sram_rs1 (falling edge-triggered flip-flop clocked by clk)
Path Group: clk
Path Type: max

Fanout     Cap    Slew   Delay    Time   Description
-----------------------------------------------------------------------------
                  0.10   10.00   10.00   clock clk (fall edge)
                          0.00   10.00   clock network delay (ideal)
                  0.10    0.00   10.00 v u_imem.u_sram/clk1 (sky130_sram_1kbyte_1rw1r_32x256_8)
                  0.17    2.09   12.09 ^ u_imem.u_sram/dout1[11] (sky130_sram_1kbyte_1rw1r_32x256_8)
     6    0.31                           dbg_instr[11] (net)
                  0.17    0.14   12.22 ^ u_regfile.u_sram_rs1/addr0[4] (sky130_sram_1kbyte_1rw1r_32x256_8)
                                 12.22   data arrival time

                  0.10   20.00   20.00   clock clk (rise edge)
                          0.00   20.00   clock network delay (ideal)
                         -0.20   19.80   clock uncertainty
                          0.00   19.80   clock reconvergence pessimism
                                 19.80 ^ u_regfile.u_sram_rs1/clk0 (sky130_sram_1kbyte_1rw1r_32x256_8)
                         -0.10   19.70   library setup time
                                 19.70   data required time
-----------------------------------------------------------------------------
                                 19.70   data required time
                                -12.22   data arrival time
-----------------------------------------------------------------------------
                                  7.47   slack (MET)


Startpoint: u_imem.u_sram (falling edge-triggered flip-flop clocked by clk)
Endpoint: u_regfile.u_sram_rs2 (falling edge-triggered flip-flop clocked by clk)
Path Group: clk
Path Type: max

Fanout     Cap    Slew   Delay    Time   Description
-----------------------------------------------------------------------------
                  0.10   10.00   10.00   clock clk (fall edge)
                          0.00   10.00   clock network delay (ideal)
                  0.10    0.00   10.00 v u_imem.u_sram/clk1 (sky130_sram_1kbyte_1rw1r_32x256_8)
                  0.17    2.09   12.09 ^ u_imem.u_sram/dout1[11] (sky130_sram_1kbyte_1rw1r_32x256_8)
     6    0.31                           dbg_instr[11] (net)
                  0.17    0.13   12.21 ^ u_regfile.u_sram_rs2/addr0[4] (sky130_sram_1kbyte_1rw1r_32x256_8)
                                 12.21   data arrival time

                  0.10   20.00   20.00   clock clk (rise edge)
                          0.00   20.00   clock network delay (ideal)
                         -0.20   19.80   clock uncertainty
                          0.00   19.80   clock reconvergence pessimism
                                 19.80 ^ u_regfile.u_sram_rs2/clk0 (sky130_sram_1kbyte_1rw1r_32x256_8)
                         -0.10   19.70   library setup time
                                 19.70   data required time
-----------------------------------------------------------------------------
                                 19.70   data required time
                                -12.21   data arrival time
-----------------------------------------------------------------------------
                                  7.48   slack (MET)


Startpoint: u_imem.u_sram (falling edge-triggered flip-flop clocked by clk)
Endpoint: u_regfile.u_sram_rs2 (falling edge-triggered flip-flop clocked by clk)
Path Group: clk
Path Type: max

Fanout     Cap    Slew   Delay    Time   Description
-----------------------------------------------------------------------------
                  0.10   10.00   10.00   clock clk (fall edge)
                          0.00   10.00   clock network delay (ideal)
                  0.10    0.00   10.00 v u_imem.u_sram/clk1 (sky130_sram_1kbyte_1rw1r_32x256_8)
                  0.15    1.88   11.88 ^ u_imem.u_sram/dout1[21] (sky130_sram_1kbyte_1rw1r_32x256_8)
     6    0.28                           dbg_instr[21] (net)
                  0.15    0.27   12.15 ^ u_regfile.u_sram_rs2/addr1[1] (sky130_sram_1kbyte_1rw1r_32x256_8)
                                 12.15   data arrival time

                  0.10   20.00   20.00   clock clk (rise edge)
                          0.00   20.00   clock network delay (ideal)
                         -0.20   19.80   clock uncertainty
                          0.00   19.80   clock reconvergence pessimism
                                 19.80 ^ u_regfile.u_sram_rs2/clk1 (sky130_sram_1kbyte_1rw1r_32x256_8)
                         -0.10   19.70   library setup time
                                 19.70   data required time
-----------------------------------------------------------------------------
                                 19.70   data required time
                                -12.15   data arrival time
-----------------------------------------------------------------------------
                                  7.55   slack (MET)


Startpoint: u_imem.u_sram (falling edge-triggered flip-flop clocked by clk)
Endpoint: u_regfile.u_sram_rs2 (falling edge-triggered flip-flop clocked by clk)
Path Group: clk
Path Type: max

Fanout     Cap    Slew   Delay    Time   Description
-----------------------------------------------------------------------------
                  0.10   10.00   10.00   clock clk (fall edge)
                          0.00   10.00   clock network delay (ideal)
                  0.10    0.00   10.00 v u_imem.u_sram/clk1 (sky130_sram_1kbyte_1rw1r_32x256_8)
                  0.16    1.96   11.96 ^ u_imem.u_sram/dout1[8] (sky130_sram_1kbyte_1rw1r_32x256_8)
     6    0.29                           dbg_instr[8] (net)
                  0.16    0.08   12.04 ^ u_regfile.u_sram_rs2/addr0[1] (sky130_sram_1kbyte_1rw1r_32x256_8)
                                 12.04   data arrival time

                  0.10   20.00   20.00   clock clk (rise edge)
                          0.00   20.00   clock network delay (ideal)
                         -0.20   19.80   clock uncertainty
                          0.00   19.80   clock reconvergence pessimism
                                 19.80 ^ u_regfile.u_sram_rs2/clk0 (sky130_sram_1kbyte_1rw1r_32x256_8)
                         -0.10   19.70   library setup time
                                 19.70   data required time
-----------------------------------------------------------------------------
                                 19.70   data required time
                                -12.04   data arrival time
-----------------------------------------------------------------------------
                                  7.66   slack (MET)


Startpoint: u_imem.u_sram (falling edge-triggered flip-flop clocked by clk)
Endpoint: u_regfile.u_sram_rs1 (falling edge-triggered flip-flop clocked by clk)
Path Group: clk
Path Type: max

Fanout     Cap    Slew   Delay    Time   Description
-----------------------------------------------------------------------------
                  0.10   10.00   10.00   clock clk (fall edge)
                          0.00   10.00   clock network delay (ideal)
                  0.10    0.00   10.00 v u_imem.u_sram/clk1 (sky130_sram_1kbyte_1rw1r_32x256_8)
                  0.16    1.96   11.96 ^ u_imem.u_sram/dout1[8] (sky130_sram_1kbyte_1rw1r_32x256_8)
     6    0.29                           dbg_instr[8] (net)
                  0.16    0.07   12.02 ^ u_regfile.u_sram_rs1/addr0[1] (sky130_sram_1kbyte_1rw1r_32x256_8)
                                 12.02   data arrival time

                  0.10   20.00   20.00   clock clk (rise edge)
                          0.00   20.00   clock network delay (ideal)
                         -0.20   19.80   clock uncertainty
                          0.00   19.80   clock reconvergence pessimism
                                 19.80 ^ u_regfile.u_sram_rs1/clk0 (sky130_sram_1kbyte_1rw1r_32x256_8)
                         -0.10   19.70   library setup time
                                 19.70   data required time
-----------------------------------------------------------------------------
                                 19.70   data required time
                                -12.02   data arrival time
-----------------------------------------------------------------------------
                                  7.67   slack (MET)


Startpoint: u_imem.u_sram (falling edge-triggered flip-flop clocked by clk)
Endpoint: u_regfile.u_sram_rs2 (falling edge-triggered flip-flop clocked by clk)
Path Group: clk
Path Type: max

Fanout     Cap    Slew   Delay    Time   Description
-----------------------------------------------------------------------------
                  0.10   10.00   10.00   clock clk (fall edge)
                          0.00   10.00   clock network delay (ideal)
                  0.10    0.00   10.00 v u_imem.u_sram/clk1 (sky130_sram_1kbyte_1rw1r_32x256_8)
                  0.15    1.88   11.88 ^ u_imem.u_sram/dout1[23] (sky130_sram_1kbyte_1rw1r_32x256_8)
     6    0.28                           dbg_instr[23] (net)
                  0.15    0.13   12.01 ^ u_regfile.u_sram_rs2/addr1[3] (sky130_sram_1kbyte_1rw1r_32x256_8)
                                 12.01   data arrival time

                  0.10   20.00   20.00   clock clk (rise edge)
                          0.00   20.00   clock network delay (ideal)
                         -0.20   19.80   clock uncertainty
                          0.00   19.80   clock reconvergence pessimism
                                 19.80 ^ u_regfile.u_sram_rs2/clk1 (sky130_sram_1kbyte_1rw1r_32x256_8)
                         -0.10   19.70   library setup time
                                 19.70   data required time
-----------------------------------------------------------------------------
                                 19.70   data required time
                                -12.01   data arrival time
-----------------------------------------------------------------------------
                                  7.69   slack (MET)


Startpoint: u_imem.u_sram (falling edge-triggered flip-flop clocked by clk)
Endpoint: u_regfile.u_sram_rs1 (falling edge-triggered flip-flop clocked by clk)
Path Group: clk
Path Type: max

Fanout     Cap    Slew   Delay    Time   Description
-----------------------------------------------------------------------------
                  0.10   10.00   10.00   clock clk (fall edge)
                          0.00   10.00   clock network delay (ideal)
                  0.10    0.00   10.00 v u_imem.u_sram/clk1 (sky130_sram_1kbyte_1rw1r_32x256_8)
                  0.15    1.89   11.89 ^ u_imem.u_sram/dout1[18] (sky130_sram_1kbyte_1rw1r_32x256_8)
     5    0.28                           dbg_instr[18] (net)
                  0.15    0.07   11.95 ^ u_regfile.u_sram_rs1/addr1[3] (sky130_sram_1kbyte_1rw1r_32x256_8)
                                 11.95   data arrival time

                  0.10   20.00   20.00   clock clk (rise edge)
                          0.00   20.00   clock network delay (ideal)
                         -0.20   19.80   clock uncertainty
                          0.00   19.80   clock reconvergence pessimism
                                 19.80 ^ u_regfile.u_sram_rs1/clk1 (sky130_sram_1kbyte_1rw1r_32x256_8)
                         -0.10   19.70   library setup time
                                 19.70   data required time
-----------------------------------------------------------------------------
                                 19.70   data required time
                                -11.95   data arrival time
-----------------------------------------------------------------------------
                                  7.74   slack (MET)


Startpoint: u_imem.u_sram (falling edge-triggered flip-flop clocked by clk)
Endpoint: u_regfile.u_sram_rs1 (falling edge-triggered flip-flop clocked by clk)
Path Group: clk
Path Type: max

Fanout     Cap    Slew   Delay    Time   Description
-----------------------------------------------------------------------------
                  0.10   10.00   10.00   clock clk (fall edge)
                          0.00   10.00   clock network delay (ideal)
                  0.10    0.00   10.00 v u_imem.u_sram/clk1 (sky130_sram_1kbyte_1rw1r_32x256_8)
                  0.13    1.73   11.73 ^ u_imem.u_sram/dout1[19] (sky130_sram_1kbyte_1rw1r_32x256_8)
     5    0.25                           dbg_instr[19] (net)
                  0.13    0.19   11.92 ^ u_regfile.u_sram_rs1/addr1[4] (sky130_sram_1kbyte_1rw1r_32x256_8)
                                 11.92   data arrival time

                  0.10   20.00   20.00   clock clk (rise edge)
                          0.00   20.00   clock network delay (ideal)
                         -0.20   19.80   clock uncertainty
                          0.00   19.80   clock reconvergence pessimism
                                 19.80 ^ u_regfile.u_sram_rs1/clk1 (sky130_sram_1kbyte_1rw1r_32x256_8)
                         -0.10   19.70   library setup time
                                 19.70   data required time
-----------------------------------------------------------------------------
                                 19.70   data required time
                                -11.92   data arrival time
-----------------------------------------------------------------------------
                                  7.78   slack (MET)


Startpoint: u_imem.u_sram (falling edge-triggered flip-flop clocked by clk)
Endpoint: u_regfile.u_sram_rs2 (falling edge-triggered flip-flop clocked by clk)
Path Group: clk
Path Type: max

Fanout     Cap    Slew   Delay    Time   Description
-----------------------------------------------------------------------------
                  0.10   10.00   10.00   clock clk (fall edge)
                          0.00   10.00   clock network delay (ideal)
                  0.10    0.00   10.00 v u_imem.u_sram/clk1 (sky130_sram_1kbyte_1rw1r_32x256_8)
                  0.14    1.82   11.82 ^ u_imem.u_sram/dout1[9] (sky130_sram_1kbyte_1rw1r_32x256_8)
     6    0.27                           dbg_instr[9] (net)
                  0.14    0.08   11.90 ^ u_regfile.u_sram_rs2/addr0[2] (sky130_sram_1kbyte_1rw1r_32x256_8)
                                 11.90   data arrival time

                  0.10   20.00   20.00   clock clk (rise edge)
                          0.00   20.00   clock network delay (ideal)
                         -0.20   19.80   clock uncertainty
                          0.00   19.80   clock reconvergence pessimism
                                 19.80 ^ u_regfile.u_sram_rs2/clk0 (sky130_sram_1kbyte_1rw1r_32x256_8)
                         -0.10   19.70   library setup time
                                 19.70   data required time
-----------------------------------------------------------------------------
                                 19.70   data required time
                                -11.90   data arrival time
-----------------------------------------------------------------------------
                                  7.79   slack (MET)


Startpoint: u_imem.u_sram (falling edge-triggered flip-flop clocked by clk)
Endpoint: u_regfile.u_sram_rs1 (falling edge-triggered flip-flop clocked by clk)
Path Group: clk
Path Type: max

Fanout     Cap    Slew   Delay    Time   Description
-----------------------------------------------------------------------------
                  0.10   10.00   10.00   clock clk (fall edge)
                          0.00   10.00   clock network delay (ideal)
                  0.10    0.00   10.00 v u_imem.u_sram/clk1 (sky130_sram_1kbyte_1rw1r_32x256_8)
                  0.14    1.82   11.82 ^ u_imem.u_sram/dout1[9] (sky130_sram_1kbyte_1rw1r_32x256_8)
     6    0.27                           dbg_instr[9] (net)
                  0.14    0.07   11.89 ^ u_regfile.u_sram_rs1/addr0[2] (sky130_sram_1kbyte_1rw1r_32x256_8)
                                 11.89   data arrival time

                  0.10   20.00   20.00   clock clk (rise edge)
                          0.00   20.00   clock network delay (ideal)
                         -0.20   19.80   clock uncertainty
                          0.00   19.80   clock reconvergence pessimism
                                 19.80 ^ u_regfile.u_sram_rs1/clk0 (sky130_sram_1kbyte_1rw1r_32x256_8)
                         -0.10   19.70   library setup time
                                 19.70   data required time
-----------------------------------------------------------------------------
                                 19.70   data required time
                                -11.89   data arrival time
-----------------------------------------------------------------------------
                                  7.81   slack (MET)


Startpoint: u_imem.u_sram (falling edge-triggered flip-flop clocked by clk)
Endpoint: u_regfile.u_sram_rs2 (falling edge-triggered flip-flop clocked by clk)
Path Group: clk
Path Type: max

Fanout     Cap    Slew   Delay    Time   Description
-----------------------------------------------------------------------------
                  0.10   10.00   10.00   clock clk (fall edge)
                          0.00   10.00   clock network delay (ideal)
                  0.10    0.00   10.00 v u_imem.u_sram/clk1 (sky130_sram_1kbyte_1rw1r_32x256_8)
                  0.12    1.58   11.58 ^ u_imem.u_sram/dout1[20] (sky130_sram_1kbyte_1rw1r_32x256_8)
     6    0.22                           dbg_instr[20] (net)
                  0.12    0.10   11.68 ^ u_regfile.u_sram_rs2/addr1[0] (sky130_sram_1kbyte_1rw1r_32x256_8)
                                 11.68   data arrival time

                  0.10   20.00   20.00   clock clk (rise edge)
                          0.00   20.00   clock network delay (ideal)
                         -0.20   19.80   clock uncertainty
                          0.00   19.80   clock reconvergence pessimism
                                 19.80 ^ u_regfile.u_sram_rs2/clk1 (sky130_sram_1kbyte_1rw1r_32x256_8)
                         -0.10   19.70   library setup time
                                 19.70   data required time
-----------------------------------------------------------------------------
                                 19.70   data required time
                                -11.68   data arrival time
-----------------------------------------------------------------------------
                                  8.02   slack (MET)


Startpoint: u_imem.u_sram (falling edge-triggered flip-flop clocked by clk)
Endpoint: u_regfile.u_sram_rs1 (falling edge-triggered flip-flop clocked by clk)
Path Group: clk
Path Type: max

Fanout     Cap    Slew   Delay    Time   Description
-----------------------------------------------------------------------------
                  0.10   10.00   10.00   clock clk (fall edge)
                          0.00   10.00   clock network delay (ideal)
                  0.10    0.00   10.00 v u_imem.u_sram/clk1 (sky130_sram_1kbyte_1rw1r_32x256_8)
                  0.12    1.54   11.54 ^ u_imem.u_sram/dout1[10] (sky130_sram_1kbyte_1rw1r_32x256_8)
     6    0.22                           dbg_instr[10] (net)
                  0.12    0.11   11.65 ^ u_regfile.u_sram_rs1/addr0[3] (sky130_sram_1kbyte_1rw1r_32x256_8)
                                 11.65   data arrival time

                  0.10   20.00   20.00   clock clk (rise edge)
                          0.00   20.00   clock network delay (ideal)
                         -0.20   19.80   clock uncertainty
                          0.00   19.80   clock reconvergence pessimism
                                 19.80 ^ u_regfile.u_sram_rs1/clk0 (sky130_sram_1kbyte_1rw1r_32x256_8)
                         -0.10   19.70   library setup time
                                 19.70   data required time
-----------------------------------------------------------------------------
                                 19.70   data required time
                                -11.65   data arrival time
-----------------------------------------------------------------------------
                                  8.05   slack (MET)


Startpoint: u_imem.u_sram (falling edge-triggered flip-flop clocked by clk)
Endpoint: u_regfile.u_sram_rs2 (falling edge-triggered flip-flop clocked by clk)
Path Group: clk
Path Type: max

Fanout     Cap    Slew   Delay    Time   Description
-----------------------------------------------------------------------------
                  0.10   10.00   10.00   clock clk (fall edge)
                          0.00   10.00   clock network delay (ideal)
                  0.10    0.00   10.00 v u_imem.u_sram/clk1 (sky130_sram_1kbyte_1rw1r_32x256_8)
                  0.12    1.54   11.54 ^ u_imem.u_sram/dout1[10] (sky130_sram_1kbyte_1rw1r_32x256_8)
     6    0.22                           dbg_instr[10] (net)
                  0.12    0.10   11.64 ^ u_regfile.u_sram_rs2/addr0[3] (sky130_sram_1kbyte_1rw1r_32x256_8)
                                 11.64   data arrival time

                  0.10   20.00   20.00   clock clk (rise edge)
                          0.00   20.00   clock network delay (ideal)
                         -0.20   19.80   clock uncertainty
                          0.00   19.80   clock reconvergence pessimism
                                 19.80 ^ u_regfile.u_sram_rs2/clk0 (sky130_sram_1kbyte_1rw1r_32x256_8)
                         -0.10   19.70   library setup time
                                 19.70   data required time
-----------------------------------------------------------------------------
                                 19.70   data required time
                                -11.64   data arrival time
-----------------------------------------------------------------------------
                                  8.05   slack (MET)


Startpoint: u_imem.u_sram (falling edge-triggered flip-flop clocked by clk)
Endpoint: u_regfile.u_sram_rs1 (falling edge-triggered flip-flop clocked by clk)
Path Group: clk
Path Type: max

Fanout     Cap    Slew   Delay    Time   Description
-----------------------------------------------------------------------------
                  0.10   10.00   10.00   clock clk (fall edge)
                          0.00   10.00   clock network delay (ideal)
                  0.10    0.00   10.00 v u_imem.u_sram/clk1 (sky130_sram_1kbyte_1rw1r_32x256_8)
                  0.10    1.41   11.41 ^ u_imem.u_sram/dout1[17] (sky130_sram_1kbyte_1rw1r_32x256_8)
     5    0.19                           dbg_instr[17] (net)
                  0.10    0.12   11.53 ^ u_regfile.u_sram_rs1/addr1[2] (sky130_sram_1kbyte_1rw1r_32x256_8)
                                 11.53   data arrival time

                  0.10   20.00   20.00   clock clk (rise edge)
                          0.00   20.00   clock network delay (ideal)
                         -0.20   19.80   clock uncertainty
                          0.00   19.80   clock reconvergence pessimism
                                 19.80 ^ u_regfile.u_sram_rs1/clk1 (sky130_sram_1kbyte_1rw1r_32x256_8)
                         -0.10   19.70   library setup time
                                 19.70   data required time
-----------------------------------------------------------------------------
                                 19.70   data required time
                                -11.53   data arrival time
-----------------------------------------------------------------------------
                                  8.17   slack (MET)


Startpoint: u_imem.u_sram (falling edge-triggered flip-flop clocked by clk)
Endpoint: u_regfile.u_sram_rs1 (falling edge-triggered flip-flop clocked by clk)
Path Group: clk
Path Type: max

Fanout     Cap    Slew   Delay    Time   Description
-----------------------------------------------------------------------------
                  0.10   10.00   10.00   clock clk (fall edge)
                          0.00   10.00   clock network delay (ideal)
                  0.10    0.00   10.00 v u_imem.u_sram/clk1 (sky130_sram_1kbyte_1rw1r_32x256_8)
                  0.11    1.43   11.43 ^ u_imem.u_sram/dout1[16] (sky130_sram_1kbyte_1rw1r_32x256_8)
     5    0.20                           dbg_instr[16] (net)
                  0.11    0.07   11.50 ^ u_regfile.u_sram_rs1/addr1[1] (sky130_sram_1kbyte_1rw1r_32x256_8)
                                 11.50   data arrival time

                  0.10   20.00   20.00   clock clk (rise edge)
                          0.00   20.00   clock network delay (ideal)
                         -0.20   19.80   clock uncertainty
                          0.00   19.80   clock reconvergence pessimism
                                 19.80 ^ u_regfile.u_sram_rs1/clk1 (sky130_sram_1kbyte_1rw1r_32x256_8)
                         -0.10   19.70   library setup time
                                 19.70   data required time
-----------------------------------------------------------------------------
                                 19.70   data required time
                                -11.50   data arrival time
-----------------------------------------------------------------------------
                                  8.20   slack (MET)


Startpoint: u_imem.u_sram (falling edge-triggered flip-flop clocked by clk)
Endpoint: u_regfile.u_sram_rs1 (falling edge-triggered flip-flop clocked by clk)
Path Group: clk
Path Type: max

Fanout     Cap    Slew   Delay    Time   Description
-----------------------------------------------------------------------------
                  0.10   10.00   10.00   clock clk (fall edge)
                          0.00   10.00   clock network delay (ideal)
                  0.10    0.00   10.00 v u_imem.u_sram/clk1 (sky130_sram_1kbyte_1rw1r_32x256_8)
                  0.10    1.36   11.36 ^ u_imem.u_sram/dout1[15] (sky130_sram_1kbyte_1rw1r_32x256_8)
     5    0.18                           dbg_instr[15] (net)
                  0.10    0.05   11.41 ^ u_regfile.u_sram_rs1/addr1[0] (sky130_sram_1kbyte_1rw1r_32x256_8)
                                 11.41   data arrival time

                  0.10   20.00   20.00   clock clk (rise edge)
                          0.00   20.00   clock network delay (ideal)
                         -0.20   19.80   clock uncertainty
                          0.00   19.80   clock reconvergence pessimism
                                 19.80 ^ u_regfile.u_sram_rs1/clk1 (sky130_sram_1kbyte_1rw1r_32x256_8)
                         -0.10   19.70   library setup time
                                 19.70   data required time
-----------------------------------------------------------------------------
                                 19.70   data required time
                                -11.41   data arrival time
-----------------------------------------------------------------------------
                                  8.29   slack (MET)


Startpoint: u_pc_reg._136_ (rising edge-triggered flip-flop clocked by clk)
Endpoint: u_imem.u_sram (falling edge-triggered flip-flop clocked by clk)
Path Group: clk
Path Type: max

Fanout     Cap    Slew   Delay    Time   Description
-----------------------------------------------------------------------------
                  0.10    0.00    0.00   clock clk (rise edge)
                          0.00    0.00   clock network delay (ideal)
                  0.10    0.00    0.00 ^ u_pc_reg._136_/CLK (sky130_fd_sc_hd__dfxtp_2)
                  0.64    0.76    0.76 ^ u_pc_reg._136_/Q (sky130_fd_sc_hd__dfxtp_2)
    16    0.13                           u_imem.addr[2] (net)
                  0.86    0.01    0.77 ^ u_imem.u_sram/addr1[0] (sky130_sram_1kbyte_1rw1r_32x256_8)
                                  0.77   data arrival time

                  0.10   20.00   20.00   clock clk (rise edge)
                          0.00   20.00   clock network delay (ideal)
                         -0.20   19.80   clock uncertainty
                          0.00   19.80   clock reconvergence pessimism
                                 19.80 ^ u_imem.u_sram/clk1 (sky130_sram_1kbyte_1rw1r_32x256_8)
                         -0.10   19.70   library setup time
                                 19.70   data required time
-----------------------------------------------------------------------------
                                 19.70   data required time
                                 -0.77   data arrival time
-----------------------------------------------------------------------------
                                 18.93   slack (MET)


Startpoint: u_pc_reg._140_ (rising edge-triggered flip-flop clocked by clk)
Endpoint: u_imem.u_sram (falling edge-triggered flip-flop clocked by clk)
Path Group: clk
Path Type: max

Fanout     Cap    Slew   Delay    Time   Description
-----------------------------------------------------------------------------
                  0.10    0.00    0.00   clock clk (rise edge)
                          0.00    0.00   clock network delay (ideal)
                  0.10    0.00    0.00 ^ u_pc_reg._140_/CLK (sky130_fd_sc_hd__dfxtp_2)
                  0.52    0.66    0.66 ^ u_pc_reg._140_/Q (sky130_fd_sc_hd__dfxtp_2)
    13    0.10                           u_imem.addr[6] (net)
                  0.70    0.01    0.67 ^ u_imem.u_sram/addr1[4] (sky130_sram_1kbyte_1rw1r_32x256_8)
                                  0.67   data arrival time

                  0.10   20.00   20.00   clock clk (rise edge)
                          0.00   20.00   clock network delay (ideal)
                         -0.20   19.80   clock uncertainty
                          0.00   19.80   clock reconvergence pessimism
                                 19.80 ^ u_imem.u_sram/clk1 (sky130_sram_1kbyte_1rw1r_32x256_8)
                         -0.10   19.70   library setup time
                                 19.70   data required time
-----------------------------------------------------------------------------
                                 19.70   data required time
                                 -0.67   data arrival time
-----------------------------------------------------------------------------
                                 19.03   slack (MET)


Startpoint: u_pc_reg._141_ (rising edge-triggered flip-flop clocked by clk)
Endpoint: u_imem.u_sram (falling edge-triggered flip-flop clocked by clk)
Path Group: clk
Path Type: max

Fanout     Cap    Slew   Delay    Time   Description
-----------------------------------------------------------------------------
                  0.10    0.00    0.00   clock clk (rise edge)
                          0.00    0.00   clock network delay (ideal)
                  0.10    0.00    0.00 ^ u_pc_reg._141_/CLK (sky130_fd_sc_hd__dfxtp_2)
                  0.51    0.66    0.66 ^ u_pc_reg._141_/Q (sky130_fd_sc_hd__dfxtp_2)
    14    0.10                           u_imem.addr[7] (net)
                  0.68    0.00    0.66 ^ u_imem.u_sram/addr1[5] (sky130_sram_1kbyte_1rw1r_32x256_8)
                                  0.66   data arrival time

                  0.10   20.00   20.00   clock clk (rise edge)
                          0.00   20.00   clock network delay (ideal)
                         -0.20   19.80   clock uncertainty
                          0.00   19.80   clock reconvergence pessimism
                                 19.80 ^ u_imem.u_sram/clk1 (sky130_sram_1kbyte_1rw1r_32x256_8)
                         -0.10   19.70   library setup time
                                 19.70   data required time
-----------------------------------------------------------------------------
                                 19.70   data required time
                                 -0.66   data arrival time
-----------------------------------------------------------------------------
                                 19.04   slack (MET)


Startpoint: u_pc_reg._143_ (rising edge-triggered flip-flop clocked by clk)
Endpoint: u_imem.u_sram (falling edge-triggered flip-flop clocked by clk)
Path Group: clk
Path Type: max

Fanout     Cap    Slew   Delay    Time   Description
-----------------------------------------------------------------------------
                  0.10    0.00    0.00   clock clk (rise edge)
                          0.00    0.00   clock network delay (ideal)
                  0.10    0.00    0.00 ^ u_pc_reg._143_/CLK (sky130_fd_sc_hd__dfxtp_2)
                  0.50    0.66    0.66 ^ u_pc_reg._143_/Q (sky130_fd_sc_hd__dfxtp_2)
    16    0.10                           u_imem.addr[9] (net)
                  0.66    0.00    0.66 ^ u_imem.u_sram/addr1[7] (sky130_sram_1kbyte_1rw1r_32x256_8)
                                  0.66   data arrival time

                  0.10   20.00   20.00   clock clk (rise edge)
                          0.00   20.00   clock network delay (ideal)
                         -0.20   19.80   clock uncertainty
                          0.00   19.80   clock reconvergence pessimism
                                 19.80 ^ u_imem.u_sram/clk1 (sky130_sram_1kbyte_1rw1r_32x256_8)
                         -0.10   19.70   library setup time
                                 19.70   data required time
-----------------------------------------------------------------------------
                                 19.70   data required time
                                 -0.66   data arrival time
-----------------------------------------------------------------------------
                                 19.04   slack (MET)


Startpoint: u_pc_reg._139_ (rising edge-triggered flip-flop clocked by clk)
Endpoint: u_imem.u_sram (falling edge-triggered flip-flop clocked by clk)
Path Group: clk
Path Type: max

Fanout     Cap    Slew   Delay    Time   Description
-----------------------------------------------------------------------------
                  0.10    0.00    0.00   clock clk (rise edge)
                          0.00    0.00   clock network delay (ideal)
                  0.10    0.00    0.00 ^ u_pc_reg._139_/CLK (sky130_fd_sc_hd__dfxtp_2)
                  0.48    0.64    0.64 ^ u_pc_reg._139_/Q (sky130_fd_sc_hd__dfxtp_2)
    14    0.10                           u_imem.addr[5] (net)
                  0.64    0.00    0.65 ^ u_imem.u_sram/addr1[3] (sky130_sram_1kbyte_1rw1r_32x256_8)
                                  0.65   data arrival time

                  0.10   20.00   20.00   clock clk (rise edge)
                          0.00   20.00   clock network delay (ideal)
                         -0.20   19.80   clock uncertainty
                          0.00   19.80   clock reconvergence pessimism
                                 19.80 ^ u_imem.u_sram/clk1 (sky130_sram_1kbyte_1rw1r_32x256_8)
                         -0.10   19.70   library setup time
                                 19.70   data required time
-----------------------------------------------------------------------------
                                 19.70   data required time
                                 -0.65   data arrival time
-----------------------------------------------------------------------------
                                 19.05   slack (MET)


Startpoint: u_pc_reg._137_ (rising edge-triggered flip-flop clocked by clk)
Endpoint: u_imem.u_sram (falling edge-triggered flip-flop clocked by clk)
Path Group: clk
Path Type: max

Fanout     Cap    Slew   Delay    Time   Description
-----------------------------------------------------------------------------
                  0.10    0.00    0.00   clock clk (rise edge)
                          0.00    0.00   clock network delay (ideal)
                  0.10    0.00    0.00 ^ u_pc_reg._137_/CLK (sky130_fd_sc_hd__dfxtp_2)
                  0.42    0.60    0.60 ^ u_pc_reg._137_/Q (sky130_fd_sc_hd__dfxtp_2)
    13    0.08                           u_imem.addr[3] (net)
                  0.55    0.00    0.61 ^ u_imem.u_sram/addr1[1] (sky130_sram_1kbyte_1rw1r_32x256_8)
                                  0.61   data arrival time

                  0.10   20.00   20.00   clock clk (rise edge)
                          0.00   20.00   clock network delay (ideal)
                         -0.20   19.80   clock uncertainty
                          0.00   19.80   clock reconvergence pessimism
                                 19.80 ^ u_imem.u_sram/clk1 (sky130_sram_1kbyte_1rw1r_32x256_8)
                         -0.10   19.70   library setup time
                                 19.70   data required time
-----------------------------------------------------------------------------
                                 19.70   data required time
                                 -0.61   data arrival time
-----------------------------------------------------------------------------
                                 19.09   slack (MET)


Startpoint: u_pc_reg._138_ (rising edge-triggered flip-flop clocked by clk)
Endpoint: u_imem.u_sram (falling edge-triggered flip-flop clocked by clk)
Path Group: clk
Path Type: max

Fanout     Cap    Slew   Delay    Time   Description
-----------------------------------------------------------------------------
                  0.10    0.00    0.00   clock clk (rise edge)
                          0.00    0.00   clock network delay (ideal)
                  0.10    0.00    0.00 ^ u_pc_reg._138_/CLK (sky130_fd_sc_hd__dfxtp_2)
                  0.40    0.59    0.59 ^ u_pc_reg._138_/Q (sky130_fd_sc_hd__dfxtp_2)
    13    0.08                           u_imem.addr[4] (net)
                  0.54    0.00    0.60 ^ u_imem.u_sram/addr1[2] (sky130_sram_1kbyte_1rw1r_32x256_8)
                                  0.60   data arrival time

                  0.10   20.00   20.00   clock clk (rise edge)
                          0.00   20.00   clock network delay (ideal)
                         -0.20   19.80   clock uncertainty
                          0.00   19.80   clock reconvergence pessimism
                                 19.80 ^ u_imem.u_sram/clk1 (sky130_sram_1kbyte_1rw1r_32x256_8)
                         -0.10   19.70   library setup time
                                 19.70   data required time
-----------------------------------------------------------------------------
                                 19.70   data required time
                                 -0.60   data arrival time
-----------------------------------------------------------------------------
                                 19.10   slack (MET)


Startpoint: u_pc_reg._142_ (rising edge-triggered flip-flop clocked by clk)
Endpoint: u_imem.u_sram (falling edge-triggered flip-flop clocked by clk)
Path Group: clk
Path Type: max

Fanout     Cap    Slew   Delay    Time   Description
-----------------------------------------------------------------------------
                  0.10    0.00    0.00   clock clk (rise edge)
                          0.00    0.00   clock network delay (ideal)
                  0.10    0.00    0.00 ^ u_pc_reg._142_/CLK (sky130_fd_sc_hd__dfxtp_2)
                  0.40    0.59    0.59 ^ u_pc_reg._142_/Q (sky130_fd_sc_hd__dfxtp_2)
    12    0.08                           u_imem.addr[8] (net)
                  0.53    0.00    0.59 ^ u_imem.u_sram/addr1[6] (sky130_sram_1kbyte_1rw1r_32x256_8)
                                  0.59   data arrival time

                  0.10   20.00   20.00   clock clk (rise edge)
                          0.00   20.00   clock network delay (ideal)
                         -0.20   19.80   clock uncertainty
                          0.00   19.80   clock reconvergence pessimism
                                 19.80 ^ u_imem.u_sram/clk1 (sky130_sram_1kbyte_1rw1r_32x256_8)
                         -0.10   19.70   library setup time
                                 19.70   data required time
-----------------------------------------------------------------------------
                                 19.70   data required time
                                 -0.59   data arrival time
-----------------------------------------------------------------------------
                                 19.11   slack (MET)



