
===========================================================================
report_checks -path_delay min (Hold)
============================================================================
======================= Typical Corner ===================================

Startpoint: u_pc_reg._142_ (rising edge-triggered flip-flop clocked by clk)
Endpoint: u_imem.u_sram (falling edge-triggered flip-flop clocked by clk)
Path Group: clk
Path Type: min

Fanout     Cap    Slew   Delay    Time   Description
-----------------------------------------------------------------------------
                  0.10    0.00    0.00   clock clk (rise edge)
                          0.00    0.00   clock network delay (ideal)
                  0.10    0.00    0.00 ^ u_pc_reg._142_/CLK (sky130_fd_sc_hd__dfxtp_2)
                  0.18    0.46    0.46 v u_pc_reg._142_/Q (sky130_fd_sc_hd__dfxtp_2)
    12    0.08                           u_imem.addr[8] (net)
                  0.24    0.00    0.46 v u_imem.u_sram/addr1[6] (sky130_sram_1kbyte_1rw1r_32x256_8)
                                  0.46   data arrival time

                  0.10    0.00    0.00   clock clk (rise edge)
                          0.00    0.00   clock network delay (ideal)
                          0.20    0.20   clock uncertainty
                          0.00    0.20   clock reconvergence pessimism
                                  0.20 ^ u_imem.u_sram/clk1 (sky130_sram_1kbyte_1rw1r_32x256_8)
                         -0.06    0.14   library hold time
                                  0.14   data required time
-----------------------------------------------------------------------------
                                  0.14   data required time
                                 -0.46   data arrival time
-----------------------------------------------------------------------------
                                  0.32   slack (MET)


Startpoint: u_pc_reg._138_ (rising edge-triggered flip-flop clocked by clk)
Endpoint: u_imem.u_sram (falling edge-triggered flip-flop clocked by clk)
Path Group: clk
Path Type: min

Fanout     Cap    Slew   Delay    Time   Description
-----------------------------------------------------------------------------
                  0.10    0.00    0.00   clock clk (rise edge)
                          0.00    0.00   clock network delay (ideal)
                  0.10    0.00    0.00 ^ u_pc_reg._138_/CLK (sky130_fd_sc_hd__dfxtp_2)
                  0.18    0.46    0.46 v u_pc_reg._138_/Q (sky130_fd_sc_hd__dfxtp_2)
    13    0.08                           u_imem.addr[4] (net)
                  0.24    0.00    0.46 v u_imem.u_sram/addr1[2] (sky130_sram_1kbyte_1rw1r_32x256_8)
                                  0.46   data arrival time

                  0.10    0.00    0.00   clock clk (rise edge)
                          0.00    0.00   clock network delay (ideal)
                          0.20    0.20   clock uncertainty
                          0.00    0.20   clock reconvergence pessimism
                                  0.20 ^ u_imem.u_sram/clk1 (sky130_sram_1kbyte_1rw1r_32x256_8)
                         -0.06    0.14   library hold time
                                  0.14   data required time
-----------------------------------------------------------------------------
                                  0.14   data required time
                                 -0.46   data arrival time
-----------------------------------------------------------------------------
                                  0.32   slack (MET)


Startpoint: u_pc_reg._137_ (rising edge-triggered flip-flop clocked by clk)
Endpoint: u_imem.u_sram (falling edge-triggered flip-flop clocked by clk)
Path Group: clk
Path Type: min

Fanout     Cap    Slew   Delay    Time   Description
-----------------------------------------------------------------------------
                  0.10    0.00    0.00   clock clk (rise edge)
                          0.00    0.00   clock network delay (ideal)
                  0.10    0.00    0.00 ^ u_pc_reg._137_/CLK (sky130_fd_sc_hd__dfxtp_2)
                  0.19    0.46    0.46 v u_pc_reg._137_/Q (sky130_fd_sc_hd__dfxtp_2)
    13    0.08                           u_imem.addr[3] (net)
                  0.25    0.00    0.47 v u_imem.u_sram/addr1[1] (sky130_sram_1kbyte_1rw1r_32x256_8)
                                  0.47   data arrival time

                  0.10    0.00    0.00   clock clk (rise edge)
                          0.00    0.00   clock network delay (ideal)
                          0.20    0.20   clock uncertainty
                          0.00    0.20   clock reconvergence pessimism
                                  0.20 ^ u_imem.u_sram/clk1 (sky130_sram_1kbyte_1rw1r_32x256_8)
                         -0.06    0.14   library hold time
                                  0.14   data required time
-----------------------------------------------------------------------------
                                  0.14   data required time
                                 -0.47   data arrival time
-----------------------------------------------------------------------------
                                  0.32   slack (MET)


Startpoint: u_pc_reg._139_ (rising edge-triggered flip-flop clocked by clk)
Endpoint: u_imem.u_sram (falling edge-triggered flip-flop clocked by clk)
Path Group: clk
Path Type: min

Fanout     Cap    Slew   Delay    Time   Description
-----------------------------------------------------------------------------
                  0.10    0.00    0.00   clock clk (rise edge)
                          0.00    0.00   clock network delay (ideal)
                  0.10    0.00    0.00 ^ u_pc_reg._139_/CLK (sky130_fd_sc_hd__dfxtp_2)
                  0.22    0.48    0.48 v u_pc_reg._139_/Q (sky130_fd_sc_hd__dfxtp_2)
    14    0.09                           u_imem.addr[5] (net)
                  0.29    0.00    0.48 v u_imem.u_sram/addr1[3] (sky130_sram_1kbyte_1rw1r_32x256_8)
                                  0.48   data arrival time

                  0.10    0.00    0.00   clock clk (rise edge)
                          0.00    0.00   clock network delay (ideal)
                          0.20    0.20   clock uncertainty
                          0.00    0.20   clock reconvergence pessimism
                                  0.20 ^ u_imem.u_sram/clk1 (sky130_sram_1kbyte_1rw1r_32x256_8)
                         -0.06    0.14   library hold time
                                  0.14   data required time
-----------------------------------------------------------------------------
                                  0.14   data required time
                                 -0.48   data arrival time
-----------------------------------------------------------------------------
                                  0.34   slack (MET)


Startpoint: u_pc_reg._141_ (rising edge-triggered flip-flop clocked by clk)
Endpoint: u_imem.u_sram (falling edge-triggered flip-flop clocked by clk)
Path Group: clk
Path Type: min

Fanout     Cap    Slew   Delay    Time   Description
-----------------------------------------------------------------------------
                  0.10    0.00    0.00   clock clk (rise edge)
                          0.00    0.00   clock network delay (ideal)
                  0.10    0.00    0.00 ^ u_pc_reg._141_/CLK (sky130_fd_sc_hd__dfxtp_2)
                  0.23    0.49    0.49 v u_pc_reg._141_/Q (sky130_fd_sc_hd__dfxtp_2)
    14    0.10                           u_imem.addr[7] (net)
                  0.30    0.00    0.49 v u_imem.u_sram/addr1[5] (sky130_sram_1kbyte_1rw1r_32x256_8)
                                  0.49   data arrival time

                  0.10    0.00    0.00   clock clk (rise edge)
                          0.00    0.00   clock network delay (ideal)
                          0.20    0.20   clock uncertainty
                          0.00    0.20   clock reconvergence pessimism
                                  0.20 ^ u_imem.u_sram/clk1 (sky130_sram_1kbyte_1rw1r_32x256_8)
                         -0.06    0.14   library hold time
                                  0.14   data required time
-----------------------------------------------------------------------------
                                  0.14   data required time
                                 -0.49   data arrival time
-----------------------------------------------------------------------------
                                  0.34   slack (MET)


Startpoint: u_pc_reg._143_ (rising edge-triggered flip-flop clocked by clk)
Endpoint: u_imem.u_sram (falling edge-triggered flip-flop clocked by clk)
Path Group: clk
Path Type: min

Fanout     Cap    Slew   Delay    Time   Description
-----------------------------------------------------------------------------
                  0.10    0.00    0.00   clock clk (rise edge)
                          0.00    0.00   clock network delay (ideal)
                  0.10    0.00    0.00 ^ u_pc_reg._143_/CLK (sky130_fd_sc_hd__dfxtp_2)
                  0.22    0.49    0.49 v u_pc_reg._143_/Q (sky130_fd_sc_hd__dfxtp_2)
    16    0.10                           u_imem.addr[9] (net)
                  0.30    0.00    0.49 v u_imem.u_sram/addr1[7] (sky130_sram_1kbyte_1rw1r_32x256_8)
                                  0.49   data arrival time

                  0.10    0.00    0.00   clock clk (rise edge)
                          0.00    0.00   clock network delay (ideal)
                          0.20    0.20   clock uncertainty
                          0.00    0.20   clock reconvergence pessimism
                                  0.20 ^ u_imem.u_sram/clk1 (sky130_sram_1kbyte_1rw1r_32x256_8)
                         -0.06    0.14   library hold time
                                  0.14   data required time
-----------------------------------------------------------------------------
                                  0.14   data required time
                                 -0.49   data arrival time
-----------------------------------------------------------------------------
                                  0.35   slack (MET)


Startpoint: u_pc_reg._140_ (rising edge-triggered flip-flop clocked by clk)
Endpoint: u_imem.u_sram (falling edge-triggered flip-flop clocked by clk)
Path Group: clk
Path Type: min

Fanout     Cap    Slew   Delay    Time   Description
-----------------------------------------------------------------------------
                  0.10    0.00    0.00   clock clk (rise edge)
                          0.00    0.00   clock network delay (ideal)
                  0.10    0.00    0.00 ^ u_pc_reg._140_/CLK (sky130_fd_sc_hd__dfxtp_2)
                  0.23    0.49    0.49 v u_pc_reg._140_/Q (sky130_fd_sc_hd__dfxtp_2)
    13    0.10                           u_imem.addr[6] (net)
                  0.31    0.01    0.49 v u_imem.u_sram/addr1[4] (sky130_sram_1kbyte_1rw1r_32x256_8)
                                  0.49   data arrival time

                  0.10    0.00    0.00   clock clk (rise edge)
                          0.00    0.00   clock network delay (ideal)
                          0.20    0.20   clock uncertainty
                          0.00    0.20   clock reconvergence pessimism
                                  0.20 ^ u_imem.u_sram/clk1 (sky130_sram_1kbyte_1rw1r_32x256_8)
                         -0.06    0.14   library hold time
                                  0.14   data required time
-----------------------------------------------------------------------------
                                  0.14   data required time
                                 -0.49   data arrival time
-----------------------------------------------------------------------------
                                  0.35   slack (MET)


Startpoint: u_pc_reg._136_ (rising edge-triggered flip-flop clocked by clk)
Endpoint: u_imem.u_sram (falling edge-triggered flip-flop clocked by clk)
Path Group: clk
Path Type: min

Fanout     Cap    Slew   Delay    Time   Description
-----------------------------------------------------------------------------
                  0.10    0.00    0.00   clock clk (rise edge)
                          0.00    0.00   clock network delay (ideal)
                  0.10    0.00    0.00 ^ u_pc_reg._136_/CLK (sky130_fd_sc_hd__dfxtp_2)
                  0.29    0.53    0.53 v u_pc_reg._136_/Q (sky130_fd_sc_hd__dfxtp_2)
    16    0.13                           u_imem.addr[2] (net)
                  0.38    0.01    0.54 v u_imem.u_sram/addr1[0] (sky130_sram_1kbyte_1rw1r_32x256_8)
                                  0.54   data arrival time

                  0.10    0.00    0.00   clock clk (rise edge)
                          0.00    0.00   clock network delay (ideal)
                          0.20    0.20   clock uncertainty
                          0.00    0.20   clock reconvergence pessimism
                                  0.20 ^ u_imem.u_sram/clk1 (sky130_sram_1kbyte_1rw1r_32x256_8)
                         -0.06    0.14   library hold time
                                  0.14   data required time
-----------------------------------------------------------------------------
                                  0.14   data required time
                                 -0.54   data arrival time
-----------------------------------------------------------------------------
                                  0.40   slack (MET)


Startpoint: u_pc_reg._134_ (rising edge-triggered flip-flop clocked by clk)
Endpoint: u_pc_reg._134_ (rising edge-triggered flip-flop clocked by clk)
Path Group: clk
Path Type: min

Fanout     Cap    Slew   Delay    Time   Description
-----------------------------------------------------------------------------
                  0.10    0.00    0.00   clock clk (rise edge)
                          0.00    0.00   clock network delay (ideal)
                  0.10    0.00    0.00 ^ u_pc_reg._134_/CLK (sky130_fd_sc_hd__dfxtp_2)
                  0.15    0.44    0.44 v u_pc_reg._134_/Q (sky130_fd_sc_hd__dfxtp_2)
    11    0.07                           u_imem.addr[0] (net)
                  0.15    0.00    0.44 v u_pc_next_logic._0862_/A1 (sky130_fd_sc_hd__a21oi_2)
                  0.06    0.14    0.58 ^ u_pc_next_logic._0862_/Y (sky130_fd_sc_hd__a21oi_2)
     1    0.00                           u_pc_next_logic.pc_next[0] (net)
                  0.06    0.00    0.58 ^ u_pc_reg._067_/A (sky130_fd_sc_hd__and2_2)
                  0.04    0.13    0.71 ^ u_pc_reg._067_/X (sky130_fd_sc_hd__and2_2)
     1    0.00                           u_pc_reg._049_ (net)
                  0.04    0.00    0.71 ^ u_pc_reg._068_/A (sky130_fd_sc_hd__buf_1)
                  0.04    0.07    0.78 ^ u_pc_reg._068_/X (sky130_fd_sc_hd__buf_1)
     1    0.00                           u_pc_reg._000_ (net)
                  0.04    0.00    0.78 ^ u_pc_reg._134_/D (sky130_fd_sc_hd__dfxtp_2)
                                  0.78   data arrival time

                  0.10    0.00    0.00   clock clk (rise edge)
                          0.00    0.00   clock network delay (ideal)
                          0.20    0.20   clock uncertainty
                          0.00    0.20   clock reconvergence pessimism
                                  0.20 ^ u_pc_reg._134_/CLK (sky130_fd_sc_hd__dfxtp_2)
                         -0.02    0.18   library hold time
                                  0.18   data required time
-----------------------------------------------------------------------------
                                  0.18   data required time
                                 -0.78   data arrival time
-----------------------------------------------------------------------------
                                  0.60   slack (MET)


Startpoint: u_pc_reg._137_ (rising edge-triggered flip-flop clocked by clk)
Endpoint: u_pc_reg._138_ (rising edge-triggered flip-flop clocked by clk)
Path Group: clk
Path Type: min

Fanout     Cap    Slew   Delay    Time   Description
-----------------------------------------------------------------------------
                  0.10    0.00    0.00   clock clk (rise edge)
                          0.00    0.00   clock network delay (ideal)
                  0.10    0.00    0.00 ^ u_pc_reg._137_/CLK (sky130_fd_sc_hd__dfxtp_2)
                  0.19    0.46    0.46 v u_pc_reg._137_/Q (sky130_fd_sc_hd__dfxtp_2)
    13    0.08                           u_imem.addr[3] (net)
                  0.19    0.00    0.47 v u_pc_next_logic._0925_/A (sky130_fd_sc_hd__nand2_2)
                  0.07    0.13    0.59 ^ u_pc_next_logic._0925_/Y (sky130_fd_sc_hd__nand2_2)
     3    0.01                           u_pc_next_logic._0177_ (net)
                  0.07    0.00    0.59 ^ u_pc_next_logic._0944_/B1 (sky130_fd_sc_hd__o21ai_2)
                  0.05    0.07    0.66 v u_pc_next_logic._0944_/Y (sky130_fd_sc_hd__o21ai_2)
     2    0.01                           u_pc_next_logic._0195_ (net)
                  0.05    0.00    0.66 v u_pc_next_logic._0945_/B (sky130_fd_sc_hd__nand2_2)
                  0.03    0.06    0.72 ^ u_pc_next_logic._0945_/Y (sky130_fd_sc_hd__nand2_2)
     1    0.00                           u_pc_next_logic._0196_ (net)
                  0.03    0.00    0.72 ^ u_pc_next_logic._0948_/A1 (sky130_fd_sc_hd__a21o_2)
                  0.04    0.11    0.83 ^ u_pc_next_logic._0948_/X (sky130_fd_sc_hd__a21o_2)
     1    0.00                           u_pc_next_logic._0199_ (net)
                  0.04    0.00    0.83 ^ u_pc_next_logic._0956_/A3 (sky130_fd_sc_hd__a31o_2)
                  0.03    0.14    0.97 ^ u_pc_next_logic._0956_/X (sky130_fd_sc_hd__a31o_2)
     1    0.00                           u_pc_next_logic.pc_next[4] (net)
                  0.03    0.00    0.97 ^ u_pc_reg._076_/B (sky130_fd_sc_hd__and2_2)
                  0.04    0.12    1.09 ^ u_pc_reg._076_/X (sky130_fd_sc_hd__and2_2)
     1    0.00                           u_pc_reg._054_ (net)
                  0.04    0.00    1.09 ^ u_pc_reg._077_/A (sky130_fd_sc_hd__buf_1)
                  0.04    0.07    1.16 ^ u_pc_reg._077_/X (sky130_fd_sc_hd__buf_1)
     1    0.00                           u_pc_reg._004_ (net)
                  0.04    0.00    1.16 ^ u_pc_reg._138_/D (sky130_fd_sc_hd__dfxtp_2)
                                  1.16   data arrival time

                  0.10    0.00    0.00   clock clk (rise edge)
                          0.00    0.00   clock network delay (ideal)
                          0.20    0.20   clock uncertainty
                          0.00    0.20   clock reconvergence pessimism
                                  0.20 ^ u_pc_reg._138_/CLK (sky130_fd_sc_hd__dfxtp_2)
                         -0.02    0.18   library hold time
                                  0.18   data required time
-----------------------------------------------------------------------------
                                  0.18   data required time
                                 -1.16   data arrival time
-----------------------------------------------------------------------------
                                  0.98   slack (MET)


Startpoint: u_pc_reg._165_ (rising edge-triggered flip-flop clocked by clk)
Endpoint: u_regfile.u_sram_rs1 (falling edge-triggered flip-flop clocked by clk)
Path Group: clk
Path Type: min

Fanout     Cap    Slew   Delay    Time   Description
-----------------------------------------------------------------------------
                  0.10    0.00    0.00   clock clk (rise edge)
                          0.00    0.00   clock network delay (ideal)
                  0.10    0.00    0.00 ^ u_pc_reg._165_/CLK (sky130_fd_sc_hd__dfxtp_2)
                  0.18    0.45    0.45 v u_pc_reg._165_/Q (sky130_fd_sc_hd__dfxtp_2)
     6    0.08                           u_imem.addr[31] (net)
                  0.18    0.02    0.47 v u_pc_next_logic._0851_/A (sky130_fd_sc_hd__xnor2_2)
                  0.06    0.23    0.70 ^ u_pc_next_logic._0851_/Y (sky130_fd_sc_hd__xnor2_2)
     2    0.01                           u_pc_next_logic.pc_plus4[31] (net)
                  0.06    0.00    0.70 ^ u_wb_mux._199_/A1 (sky130_fd_sc_hd__a22o_2)
                  0.03    0.13    0.83 ^ u_wb_mux._199_/X (sky130_fd_sc_hd__a22o_2)
     1    0.00                           u_wb_mux._083_ (net)
                  0.03    0.00    0.83 ^ u_wb_mux._201_/B1 (sky130_fd_sc_hd__a211o_2)
                  0.34    0.30    1.13 ^ u_wb_mux._201_/X (sky130_fd_sc_hd__a211o_2)
     3    0.07                           u_regfile.wd[31] (net)
                  0.45    0.01    1.14 ^ u_regfile.u_sram_rs1/din0[31] (sky130_sram_1kbyte_1rw1r_32x256_8)
                                  1.14   data arrival time

                  0.10    0.00    0.00   clock clk (rise edge)
                          0.00    0.00   clock network delay (ideal)
                          0.20    0.20   clock uncertainty
                          0.00    0.20   clock reconvergence pessimism
                                  0.20 ^ u_regfile.u_sram_rs1/clk0 (sky130_sram_1kbyte_1rw1r_32x256_8)
                         -0.06    0.14   library hold time
                                  0.14   data required time
-----------------------------------------------------------------------------
                                  0.14   data required time
                                 -1.14   data arrival time
-----------------------------------------------------------------------------
                                  1.00   slack (MET)


Startpoint: u_pc_reg._165_ (rising edge-triggered flip-flop clocked by clk)
Endpoint: u_regfile.u_sram_rs2 (falling edge-triggered flip-flop clocked by clk)
Path Group: clk
Path Type: min

Fanout     Cap    Slew   Delay    Time   Description
-----------------------------------------------------------------------------
                  0.10    0.00    0.00   clock clk (rise edge)
                          0.00    0.00   clock network delay (ideal)
                  0.10    0.00    0.00 ^ u_pc_reg._165_/CLK (sky130_fd_sc_hd__dfxtp_2)
                  0.18    0.45    0.45 v u_pc_reg._165_/Q (sky130_fd_sc_hd__dfxtp_2)
     6    0.08                           u_imem.addr[31] (net)
                  0.18    0.02    0.47 v u_pc_next_logic._0851_/A (sky130_fd_sc_hd__xnor2_2)
                  0.06    0.23    0.70 ^ u_pc_next_logic._0851_/Y (sky130_fd_sc_hd__xnor2_2)
     2    0.01                           u_pc_next_logic.pc_plus4[31] (net)
                  0.06    0.00    0.70 ^ u_wb_mux._199_/A1 (sky130_fd_sc_hd__a22o_2)
                  0.03    0.13    0.83 ^ u_wb_mux._199_/X (sky130_fd_sc_hd__a22o_2)
     1    0.00                           u_wb_mux._083_ (net)
                  0.03    0.00    0.83 ^ u_wb_mux._201_/B1 (sky130_fd_sc_hd__a211o_2)
                  0.34    0.30    1.13 ^ u_wb_mux._201_/X (sky130_fd_sc_hd__a211o_2)
     3    0.07                           u_regfile.wd[31] (net)
                  0.45    0.01    1.14 ^ u_regfile.u_sram_rs2/din0[31] (sky130_sram_1kbyte_1rw1r_32x256_8)
                                  1.14   data arrival time

                  0.10    0.00    0.00   clock clk (rise edge)
                          0.00    0.00   clock network delay (ideal)
                          0.20    0.20   clock uncertainty
                          0.00    0.20   clock reconvergence pessimism
                                  0.20 ^ u_regfile.u_sram_rs2/clk0 (sky130_sram_1kbyte_1rw1r_32x256_8)
                         -0.06    0.14   library hold time
                                  0.14   data required time
-----------------------------------------------------------------------------
                                  0.14   data required time
                                 -1.14   data arrival time
-----------------------------------------------------------------------------
                                  1.00   slack (MET)


Startpoint: u_pc_reg._135_ (rising edge-triggered flip-flop clocked by clk)
Endpoint: u_pc_reg._135_ (rising edge-triggered flip-flop clocked by clk)
Path Group: clk
Path Type: min

Fanout     Cap    Slew   Delay    Time   Description
-----------------------------------------------------------------------------
                  0.10    0.00    0.00   clock clk (rise edge)
                          0.00    0.00   clock network delay (ideal)
                  0.10    0.00    0.00 ^ u_pc_reg._135_/CLK (sky130_fd_sc_hd__dfxtp_2)
                  0.18    0.46    0.46 v u_pc_reg._135_/Q (sky130_fd_sc_hd__dfxtp_2)
    11    0.08                           u_imem.addr[1] (net)
                  0.18    0.00    0.46 v u_pc_next_logic._0877_/A1_N (sky130_fd_sc_hd__o2bb2a_2)
                  0.04    0.30    0.76 ^ u_pc_next_logic._0877_/X (sky130_fd_sc_hd__o2bb2a_2)
     1    0.00                           u_pc_next_logic._0131_ (net)
                  0.04    0.00    0.76 ^ u_pc_next_logic._0878_/B1 (sky130_fd_sc_hd__o22a_2)
                  0.05    0.14    0.91 ^ u_pc_next_logic._0878_/X (sky130_fd_sc_hd__o22a_2)
     1    0.01                           u_pc_next_logic._0132_ (net)
                  0.05    0.00    0.91 ^ u_pc_next_logic._0885_/A2 (sky130_fd_sc_hd__o21ai_2)
                  0.02    0.04    0.95 v u_pc_next_logic._0885_/Y (sky130_fd_sc_hd__o21ai_2)
     1    0.00                           u_pc_next_logic.pc_next[1] (net)
                  0.02    0.00    0.95 v u_pc_reg._070_/B (sky130_fd_sc_hd__and2_2)
                  0.03    0.17    1.11 v u_pc_reg._070_/X (sky130_fd_sc_hd__and2_2)
     1    0.00                           u_pc_reg._051_ (net)
                  0.03    0.00    1.11 v u_pc_reg._071_/A (sky130_fd_sc_hd__buf_1)
                  0.02    0.08    1.19 v u_pc_reg._071_/X (sky130_fd_sc_hd__buf_1)
     1    0.00                           u_pc_reg._001_ (net)
                  0.02    0.00    1.19 v u_pc_reg._135_/D (sky130_fd_sc_hd__dfxtp_2)
                                  1.19   data arrival time

                  0.10    0.00    0.00   clock clk (rise edge)
                          0.00    0.00   clock network delay (ideal)
                          0.20    0.20   clock uncertainty
                          0.00    0.20   clock reconvergence pessimism
                                  0.20 ^ u_pc_reg._135_/CLK (sky130_fd_sc_hd__dfxtp_2)
                         -0.02    0.18   library hold time
                                  0.18   data required time
-----------------------------------------------------------------------------
                                  0.18   data required time
                                 -1.19   data arrival time
-----------------------------------------------------------------------------
                                  1.02   slack (MET)


Startpoint: u_pc_reg._155_ (rising edge-triggered flip-flop clocked by clk)
Endpoint: u_pc_reg._155_ (rising edge-triggered flip-flop clocked by clk)
Path Group: clk
Path Type: min

Fanout     Cap    Slew   Delay    Time   Description
-----------------------------------------------------------------------------
                  0.10    0.00    0.00   clock clk (rise edge)
                          0.00    0.00   clock network delay (ideal)
                  0.10    0.00    0.00 ^ u_pc_reg._155_/CLK (sky130_fd_sc_hd__dfxtp_2)
                  0.20    0.47    0.47 v u_pc_reg._155_/Q (sky130_fd_sc_hd__dfxtp_2)
    12    0.09                           u_imem.addr[21] (net)
                  0.20    0.00    0.47 v u_pc_next_logic._0819_/B (sky130_fd_sc_hd__nand3_2)
                  0.09    0.16    0.64 ^ u_pc_next_logic._0819_/Y (sky130_fd_sc_hd__nand3_2)
     4    0.01                           u_pc_next_logic._0085_ (net)
                  0.09    0.00    0.64 ^ u_pc_next_logic._1363_/A2 (sky130_fd_sc_hd__a31o_2)
                  0.05    0.16    0.80 ^ u_pc_next_logic._1363_/X (sky130_fd_sc_hd__a31o_2)
     1    0.00                           u_pc_next_logic._0597_ (net)
                  0.05    0.00    0.80 ^ u_pc_next_logic._1364_/B1 (sky130_fd_sc_hd__a31o_2)
                  0.03    0.09    0.89 ^ u_pc_next_logic._1364_/X (sky130_fd_sc_hd__a31o_2)
     1    0.00                           u_pc_next_logic._0598_ (net)
                  0.03    0.00    0.89 ^ u_pc_next_logic._1371_/B1 (sky130_fd_sc_hd__a22o_2)
                  0.03    0.11    1.00 ^ u_pc_next_logic._1371_/X (sky130_fd_sc_hd__a22o_2)
     1    0.00                           u_pc_next_logic.pc_next[21] (net)
                  0.03    0.00    1.00 ^ u_pc_reg._112_/B (sky130_fd_sc_hd__and2_2)
                  0.04    0.13    1.13 ^ u_pc_reg._112_/X (sky130_fd_sc_hd__and2_2)
     1    0.00                           u_pc_reg._038_ (net)
                  0.04    0.00    1.13 ^ u_pc_reg._113_/A (sky130_fd_sc_hd__buf_1)
                  0.04    0.08    1.20 ^ u_pc_reg._113_/X (sky130_fd_sc_hd__buf_1)
     1    0.00                           u_pc_reg._021_ (net)
                  0.04    0.00    1.20 ^ u_pc_reg._155_/D (sky130_fd_sc_hd__dfxtp_2)
                                  1.20   data arrival time

                  0.10    0.00    0.00   clock clk (rise edge)
                          0.00    0.00   clock network delay (ideal)
                          0.20    0.20   clock uncertainty
                          0.00    0.20   clock reconvergence pessimism
                                  0.20 ^ u_pc_reg._155_/CLK (sky130_fd_sc_hd__dfxtp_2)
                         -0.02    0.18   library hold time
                                  0.18   data required time
-----------------------------------------------------------------------------
                                  0.18   data required time
                                 -1.20   data arrival time
-----------------------------------------------------------------------------
                                  1.03   slack (MET)


Startpoint: u_pc_reg._156_ (rising edge-triggered flip-flop clocked by clk)
Endpoint: u_pc_reg._156_ (rising edge-triggered flip-flop clocked by clk)
Path Group: clk
Path Type: min

Fanout     Cap    Slew   Delay    Time   Description
-----------------------------------------------------------------------------
                  0.10    0.00    0.00   clock clk (rise edge)
                          0.00    0.00   clock network delay (ideal)
                  0.10    0.00    0.00 ^ u_pc_reg._156_/CLK (sky130_fd_sc_hd__dfxtp_2)
                  0.20    0.47    0.47 v u_pc_reg._156_/Q (sky130_fd_sc_hd__dfxtp_2)
    11    0.09                           u_imem.addr[22] (net)
                  0.20    0.00    0.48 v u_pc_next_logic._1384_/A (sky130_fd_sc_hd__nand2_2)
                  0.08    0.15    0.63 ^ u_pc_next_logic._1384_/Y (sky130_fd_sc_hd__nand2_2)
     3    0.01                           u_pc_next_logic._0617_ (net)
                  0.08    0.00    0.63 ^ u_pc_next_logic._1386_/A (sky130_fd_sc_hd__nand2_2)
                  0.05    0.07    0.70 v u_pc_next_logic._1386_/Y (sky130_fd_sc_hd__nand2_2)
     2    0.01                           u_pc_next_logic._0619_ (net)
                  0.05    0.00    0.70 v u_pc_next_logic._1391_/A (sky130_fd_sc_hd__xnor2_2)
                  0.04    0.14    0.84 v u_pc_next_logic._1391_/Y (sky130_fd_sc_hd__xnor2_2)
     1    0.01                           u_pc_next_logic._0624_ (net)
                  0.04    0.00    0.84 v u_pc_next_logic._1392_/B (sky130_fd_sc_hd__nand2_2)
                  0.04    0.06    0.90 ^ u_pc_next_logic._1392_/Y (sky130_fd_sc_hd__nand2_2)
     1    0.00                           u_pc_next_logic._0625_ (net)
                  0.04    0.00    0.90 ^ u_pc_next_logic._1393_/B2 (sky130_fd_sc_hd__a22o_2)
                  0.03    0.12    1.02 ^ u_pc_next_logic._1393_/X (sky130_fd_sc_hd__a22o_2)
     1    0.00                           u_pc_next_logic.pc_next[22] (net)
                  0.03    0.00    1.02 ^ u_pc_reg._114_/B (sky130_fd_sc_hd__and2_2)
                  0.04    0.13    1.15 ^ u_pc_reg._114_/X (sky130_fd_sc_hd__and2_2)
     1    0.00                           u_pc_reg._039_ (net)
                  0.04    0.00    1.15 ^ u_pc_reg._115_/A (sky130_fd_sc_hd__buf_1)
                  0.04    0.08    1.23 ^ u_pc_reg._115_/X (sky130_fd_sc_hd__buf_1)
     1    0.00                           u_pc_reg._022_ (net)
                  0.04    0.00    1.23 ^ u_pc_reg._156_/D (sky130_fd_sc_hd__dfxtp_2)
                                  1.23   data arrival time

                  0.10    0.00    0.00   clock clk (rise edge)
                          0.00    0.00   clock network delay (ideal)
                          0.20    0.20   clock uncertainty
                          0.00    0.20   clock reconvergence pessimism
                                  0.20 ^ u_pc_reg._156_/CLK (sky130_fd_sc_hd__dfxtp_2)
                         -0.02    0.18   library hold time
                                  0.18   data required time
-----------------------------------------------------------------------------
                                  0.18   data required time
                                 -1.23   data arrival time
-----------------------------------------------------------------------------
                                  1.05   slack (MET)


Startpoint: u_pc_reg._163_ (rising edge-triggered flip-flop clocked by clk)
Endpoint: u_pc_reg._163_ (rising edge-triggered flip-flop clocked by clk)
Path Group: clk
Path Type: min

Fanout     Cap    Slew   Delay    Time   Description
-----------------------------------------------------------------------------
                  0.10    0.00    0.00   clock clk (rise edge)
                          0.00    0.00   clock network delay (ideal)
                  0.10    0.00    0.00 ^ u_pc_reg._163_/CLK (sky130_fd_sc_hd__dfxtp_2)
                  0.21    0.48    0.48 v u_pc_reg._163_/Q (sky130_fd_sc_hd__dfxtp_2)
    11    0.09                           u_imem.addr[29] (net)
                  0.21    0.00    0.49 v u_pc_next_logic._1555_/A (sky130_fd_sc_hd__nand2_2)
                  0.05    0.11    0.60 ^ u_pc_next_logic._1555_/Y (sky130_fd_sc_hd__nand2_2)
     1    0.00                           u_pc_next_logic._0010_ (net)
                  0.05    0.00    0.60 ^ u_pc_next_logic._1556_/B (sky130_fd_sc_hd__nand2_2)
                  0.05    0.06    0.66 v u_pc_next_logic._1556_/Y (sky130_fd_sc_hd__nand2_2)
     1    0.01                           u_pc_next_logic._0011_ (net)
                  0.05    0.00    0.66 v u_pc_next_logic._1558_/A (sky130_fd_sc_hd__xnor2_2)
                  0.03    0.13    0.80 ^ u_pc_next_logic._1558_/Y (sky130_fd_sc_hd__xnor2_2)
     1    0.00                           u_pc_next_logic._0013_ (net)
                  0.03    0.00    0.80 ^ u_pc_next_logic._1566_/A2 (sky130_fd_sc_hd__a211o_2)
                  0.06    0.14    0.94 ^ u_pc_next_logic._1566_/X (sky130_fd_sc_hd__a211o_2)
     1    0.01                           u_pc_next_logic._0021_ (net)
                  0.06    0.00    0.94 ^ u_pc_next_logic._1567_/B1 (sky130_fd_sc_hd__o21ai_2)
                  0.03    0.04    0.99 v u_pc_next_logic._1567_/Y (sky130_fd_sc_hd__o21ai_2)
     1    0.00                           u_pc_next_logic.pc_next[29] (net)
                  0.03    0.00    0.99 v u_pc_reg._128_/B (sky130_fd_sc_hd__and2_2)
                  0.03    0.17    1.16 v u_pc_reg._128_/X (sky130_fd_sc_hd__and2_2)
     1    0.00                           u_pc_reg._046_ (net)
                  0.03    0.00    1.16 v u_pc_reg._129_/A (sky130_fd_sc_hd__buf_1)
                  0.02    0.08    1.23 v u_pc_reg._129_/X (sky130_fd_sc_hd__buf_1)
     1    0.00                           u_pc_reg._029_ (net)
                  0.02    0.00    1.23 v u_pc_reg._163_/D (sky130_fd_sc_hd__dfxtp_2)
                                  1.23   data arrival time

                  0.10    0.00    0.00   clock clk (rise edge)
                          0.00    0.00   clock network delay (ideal)
                          0.20    0.20   clock uncertainty
                          0.00    0.20   clock reconvergence pessimism
                                  0.20 ^ u_pc_reg._163_/CLK (sky130_fd_sc_hd__dfxtp_2)
                         -0.02    0.18   library hold time
                                  0.18   data required time
-----------------------------------------------------------------------------
                                  0.18   data required time
                                 -1.23   data arrival time
-----------------------------------------------------------------------------
                                  1.06   slack (MET)


Startpoint: u_pc_reg._150_ (rising edge-triggered flip-flop clocked by clk)
Endpoint: u_pc_reg._150_ (rising edge-triggered flip-flop clocked by clk)
Path Group: clk
Path Type: min

Fanout     Cap    Slew   Delay    Time   Description
-----------------------------------------------------------------------------
                  0.10    0.00    0.00   clock clk (rise edge)
                          0.00    0.00   clock network delay (ideal)
                  0.10    0.00    0.00 ^ u_pc_reg._150_/CLK (sky130_fd_sc_hd__dfxtp_2)
                  0.23    0.49    0.49 v u_pc_reg._150_/Q (sky130_fd_sc_hd__dfxtp_2)
    13    0.10                           u_imem.addr[16] (net)
                  0.23    0.00    0.50 v u_pc_next_logic._1248_/A (sky130_fd_sc_hd__nand2_2)
                  0.08    0.16    0.66 ^ u_pc_next_logic._1248_/Y (sky130_fd_sc_hd__nand2_2)
     3    0.01                           u_pc_next_logic._0487_ (net)
                  0.08    0.00    0.66 ^ u_pc_next_logic._1250_/A (sky130_fd_sc_hd__nand2_2)
                  0.07    0.08    0.74 v u_pc_next_logic._1250_/Y (sky130_fd_sc_hd__nand2_2)
     3    0.02                           u_pc_next_logic._0489_ (net)
                  0.07    0.00    0.74 v u_pc_next_logic._1251_/B (sky130_fd_sc_hd__xnor2_2)
                  0.06    0.15    0.89 v u_pc_next_logic._1251_/Y (sky130_fd_sc_hd__xnor2_2)
     1    0.01                           u_pc_next_logic._0490_ (net)
                  0.06    0.00    0.89 v u_pc_next_logic._1252_/B (sky130_fd_sc_hd__nand2_2)
                  0.04    0.07    0.96 ^ u_pc_next_logic._1252_/Y (sky130_fd_sc_hd__nand2_2)
     1    0.00                           u_pc_next_logic._0491_ (net)
                  0.04    0.00    0.96 ^ u_pc_next_logic._1253_/B2 (sky130_fd_sc_hd__a32o_2)
                  0.04    0.11    1.07 ^ u_pc_next_logic._1253_/X (sky130_fd_sc_hd__a32o_2)
     1    0.00                           u_pc_next_logic.pc_next[16] (net)
                  0.04    0.00    1.07 ^ u_pc_reg._101_/B (sky130_fd_sc_hd__and2_2)
                  0.04    0.12    1.19 ^ u_pc_reg._101_/X (sky130_fd_sc_hd__and2_2)
     1    0.00                           u_pc_reg._032_ (net)
                  0.04    0.00    1.19 ^ u_pc_reg._102_/A (sky130_fd_sc_hd__buf_1)
                  0.03    0.07    1.26 ^ u_pc_reg._102_/X (sky130_fd_sc_hd__buf_1)
     1    0.00                           u_pc_reg._016_ (net)
                  0.03    0.00    1.26 ^ u_pc_reg._150_/D (sky130_fd_sc_hd__dfxtp_2)
                                  1.26   data arrival time

                  0.10    0.00    0.00   clock clk (rise edge)
                          0.00    0.00   clock network delay (ideal)
                          0.20    0.20   clock uncertainty
                          0.00    0.20   clock reconvergence pessimism
                                  0.20 ^ u_pc_reg._150_/CLK (sky130_fd_sc_hd__dfxtp_2)
                         -0.02    0.18   library hold time
                                  0.18   data required time
-----------------------------------------------------------------------------
                                  0.18   data required time
                                 -1.26   data arrival time
-----------------------------------------------------------------------------
                                  1.08   slack (MET)


Startpoint: u_pc_reg._156_ (rising edge-triggered flip-flop clocked by clk)
Endpoint: u_regfile.u_sram_rs2 (falling edge-triggered flip-flop clocked by clk)
Path Group: clk
Path Type: min

Fanout     Cap    Slew   Delay    Time   Description
-----------------------------------------------------------------------------
                  0.10    0.00    0.00   clock clk (rise edge)
                          0.00    0.00   clock network delay (ideal)
                  0.10    0.00    0.00 ^ u_pc_reg._156_/CLK (sky130_fd_sc_hd__dfxtp_2)
                  0.20    0.47    0.47 v u_pc_reg._156_/Q (sky130_fd_sc_hd__dfxtp_2)
    11    0.09                           u_imem.addr[22] (net)
                  0.20    0.01    0.48 v _565_/A (sky130_fd_sc_hd__nand2_2)
                  0.07    0.14    0.62 ^ _565_/Y (sky130_fd_sc_hd__nand2_2)
     3    0.01                           _213_ (net)
                  0.07    0.00    0.62 ^ _574_/A (sky130_fd_sc_hd__nand2_2)
                  0.04    0.06    0.68 v _574_/Y (sky130_fd_sc_hd__nand2_2)
     1    0.01                           _221_ (net)
                  0.04    0.00    0.68 v _575_/B (sky130_fd_sc_hd__xnor2_2)
                  0.04    0.12    0.80 ^ _575_/Y (sky130_fd_sc_hd__xnor2_2)
     1    0.00                           u_wb_mux.pc_plus_imm[23] (net)
                  0.04    0.00    0.80 ^ u_wb_mux._175_/B2 (sky130_fd_sc_hd__a22o_2)
                  0.04    0.12    0.92 ^ u_wb_mux._175_/X (sky130_fd_sc_hd__a22o_2)
     1    0.00                           u_wb_mux._067_ (net)
                  0.04    0.00    0.92 ^ u_wb_mux._177_/B1 (sky130_fd_sc_hd__a211o_2)
                  0.35    0.31    1.23 ^ u_wb_mux._177_/X (sky130_fd_sc_hd__a211o_2)
     3    0.07                           u_regfile.wd[23] (net)
                  0.46    0.01    1.24 ^ u_regfile.u_sram_rs2/din0[23] (sky130_sram_1kbyte_1rw1r_32x256_8)
                                  1.24   data arrival time

                  0.10    0.00    0.00   clock clk (rise edge)
                          0.00    0.00   clock network delay (ideal)
                          0.20    0.20   clock uncertainty
                          0.00    0.20   clock reconvergence pessimism
                                  0.20 ^ u_regfile.u_sram_rs2/clk0 (sky130_sram_1kbyte_1rw1r_32x256_8)
                         -0.06    0.14   library hold time
                                  0.14   data required time
-----------------------------------------------------------------------------
                                  0.14   data required time
                                 -1.24   data arrival time
-----------------------------------------------------------------------------
                                  1.09   slack (MET)


Startpoint: u_pc_reg._161_ (rising edge-triggered flip-flop clocked by clk)
Endpoint: u_regfile.u_sram_rs2 (falling edge-triggered flip-flop clocked by clk)
Path Group: clk
Path Type: min

Fanout     Cap    Slew   Delay    Time   Description
-----------------------------------------------------------------------------
                  0.10    0.00    0.00   clock clk (rise edge)
                          0.00    0.00   clock network delay (ideal)
                  0.10    0.00    0.00 ^ u_pc_reg._161_/CLK (sky130_fd_sc_hd__dfxtp_2)
                  0.26    0.52    0.52 v u_pc_reg._161_/Q (sky130_fd_sc_hd__dfxtp_2)
    13    0.11                           u_imem.addr[27] (net)
                  0.26    0.01    0.52 v u_pc_next_logic._0840_/A (sky130_fd_sc_hd__nand2_2)
                  0.06    0.15    0.67 ^ u_pc_next_logic._0840_/Y (sky130_fd_sc_hd__nand2_2)
     1    0.01                           u_pc_next_logic._0099_ (net)
                  0.06    0.00    0.67 ^ u_pc_next_logic._0841_/B (sky130_fd_sc_hd__xnor2_2)
                  0.07    0.13    0.81 ^ u_pc_next_logic._0841_/Y (sky130_fd_sc_hd__xnor2_2)
     2    0.01                           u_pc_next_logic.pc_plus4[28] (net)
                  0.07    0.00    0.81 ^ u_wb_mux._190_/A1 (sky130_fd_sc_hd__a22o_2)
                  0.04    0.14    0.94 ^ u_wb_mux._190_/X (sky130_fd_sc_hd__a22o_2)
     1    0.00                           u_wb_mux._077_ (net)
                  0.04    0.00    0.94 ^ u_wb_mux._192_/B1 (sky130_fd_sc_hd__a211o_2)
                  0.32    0.29    1.23 ^ u_wb_mux._192_/X (sky130_fd_sc_hd__a211o_2)
     3    0.07                           u_regfile.wd[28] (net)
                  0.42    0.00    1.24 ^ u_regfile.u_sram_rs2/din0[28] (sky130_sram_1kbyte_1rw1r_32x256_8)
                                  1.24   data arrival time

                  0.10    0.00    0.00   clock clk (rise edge)
                          0.00    0.00   clock network delay (ideal)
                          0.20    0.20   clock uncertainty
                          0.00    0.20   clock reconvergence pessimism
                                  0.20 ^ u_regfile.u_sram_rs2/clk0 (sky130_sram_1kbyte_1rw1r_32x256_8)
                         -0.06    0.14   library hold time
                                  0.14   data required time
-----------------------------------------------------------------------------
                                  0.14   data required time
                                 -1.24   data arrival time
-----------------------------------------------------------------------------
                                  1.10   slack (MET)


Startpoint: u_pc_reg._156_ (rising edge-triggered flip-flop clocked by clk)
Endpoint: u_regfile.u_sram_rs1 (falling edge-triggered flip-flop clocked by clk)
Path Group: clk
Path Type: min

Fanout     Cap    Slew   Delay    Time   Description
-----------------------------------------------------------------------------
                  0.10    0.00    0.00   clock clk (rise edge)
                          0.00    0.00   clock network delay (ideal)
                  0.10    0.00    0.00 ^ u_pc_reg._156_/CLK (sky130_fd_sc_hd__dfxtp_2)
                  0.20    0.47    0.47 v u_pc_reg._156_/Q (sky130_fd_sc_hd__dfxtp_2)
    11    0.09                           u_imem.addr[22] (net)
                  0.20    0.01    0.48 v _565_/A (sky130_fd_sc_hd__nand2_2)
                  0.07    0.14    0.62 ^ _565_/Y (sky130_fd_sc_hd__nand2_2)
     3    0.01                           _213_ (net)
                  0.07    0.00    0.62 ^ _574_/A (sky130_fd_sc_hd__nand2_2)
                  0.04    0.06    0.68 v _574_/Y (sky130_fd_sc_hd__nand2_2)
     1    0.01                           _221_ (net)
                  0.04    0.00    0.68 v _575_/B (sky130_fd_sc_hd__xnor2_2)
                  0.04    0.12    0.80 ^ _575_/Y (sky130_fd_sc_hd__xnor2_2)
     1    0.00                           u_wb_mux.pc_plus_imm[23] (net)
                  0.04    0.00    0.80 ^ u_wb_mux._175_/B2 (sky130_fd_sc_hd__a22o_2)
                  0.04    0.12    0.92 ^ u_wb_mux._175_/X (sky130_fd_sc_hd__a22o_2)
     1    0.00                           u_wb_mux._067_ (net)
                  0.04    0.00    0.92 ^ u_wb_mux._177_/B1 (sky130_fd_sc_hd__a211o_2)
                  0.35    0.31    1.23 ^ u_wb_mux._177_/X (sky130_fd_sc_hd__a211o_2)
     3    0.07                           u_regfile.wd[23] (net)
                  0.46    0.01    1.24 ^ u_regfile.u_sram_rs1/din0[23] (sky130_sram_1kbyte_1rw1r_32x256_8)
                                  1.24   data arrival time

                  0.10    0.00    0.00   clock clk (rise edge)
                          0.00    0.00   clock network delay (ideal)
                          0.20    0.20   clock uncertainty
                          0.00    0.20   clock reconvergence pessimism
                                  0.20 ^ u_regfile.u_sram_rs1/clk0 (sky130_sram_1kbyte_1rw1r_32x256_8)
                         -0.06    0.14   library hold time
                                  0.14   data required time
-----------------------------------------------------------------------------
                                  0.14   data required time
                                 -1.24   data arrival time
-----------------------------------------------------------------------------
                                  1.10   slack (MET)


Startpoint: u_pc_reg._161_ (rising edge-triggered flip-flop clocked by clk)
Endpoint: u_regfile.u_sram_rs1 (falling edge-triggered flip-flop clocked by clk)
Path Group: clk
Path Type: min

Fanout     Cap    Slew   Delay    Time   Description
-----------------------------------------------------------------------------
                  0.10    0.00    0.00   clock clk (rise edge)
                          0.00    0.00   clock network delay (ideal)
                  0.10    0.00    0.00 ^ u_pc_reg._161_/CLK (sky130_fd_sc_hd__dfxtp_2)
                  0.26    0.52    0.52 v u_pc_reg._161_/Q (sky130_fd_sc_hd__dfxtp_2)
    13    0.11                           u_imem.addr[27] (net)
                  0.26    0.01    0.52 v u_pc_next_logic._0840_/A (sky130_fd_sc_hd__nand2_2)
                  0.06    0.15    0.67 ^ u_pc_next_logic._0840_/Y (sky130_fd_sc_hd__nand2_2)
     1    0.01                           u_pc_next_logic._0099_ (net)
                  0.06    0.00    0.67 ^ u_pc_next_logic._0841_/B (sky130_fd_sc_hd__xnor2_2)
                  0.07    0.13    0.81 ^ u_pc_next_logic._0841_/Y (sky130_fd_sc_hd__xnor2_2)
     2    0.01                           u_pc_next_logic.pc_plus4[28] (net)
                  0.07    0.00    0.81 ^ u_wb_mux._190_/A1 (sky130_fd_sc_hd__a22o_2)
                  0.04    0.14    0.94 ^ u_wb_mux._190_/X (sky130_fd_sc_hd__a22o_2)
     1    0.00                           u_wb_mux._077_ (net)
                  0.04    0.00    0.94 ^ u_wb_mux._192_/B1 (sky130_fd_sc_hd__a211o_2)
                  0.32    0.29    1.23 ^ u_wb_mux._192_/X (sky130_fd_sc_hd__a211o_2)
     3    0.07                           u_regfile.wd[28] (net)
                  0.42    0.01    1.24 ^ u_regfile.u_sram_rs1/din0[28] (sky130_sram_1kbyte_1rw1r_32x256_8)
                                  1.24   data arrival time

                  0.10    0.00    0.00   clock clk (rise edge)
                          0.00    0.00   clock network delay (ideal)
                          0.20    0.20   clock uncertainty
                          0.00    0.20   clock reconvergence pessimism
                                  0.20 ^ u_regfile.u_sram_rs1/clk0 (sky130_sram_1kbyte_1rw1r_32x256_8)
                         -0.06    0.14   library hold time
                                  0.14   data required time
-----------------------------------------------------------------------------
                                  0.14   data required time
                                 -1.24   data arrival time
-----------------------------------------------------------------------------
                                  1.10   slack (MET)


Startpoint: u_pc_reg._142_ (rising edge-triggered flip-flop clocked by clk)
Endpoint: u_pc_reg._143_ (rising edge-triggered flip-flop clocked by clk)
Path Group: clk
Path Type: min

Fanout     Cap    Slew   Delay    Time   Description
-----------------------------------------------------------------------------
                  0.10    0.00    0.00   clock clk (rise edge)
                          0.00    0.00   clock network delay (ideal)
                  0.10    0.00    0.00 ^ u_pc_reg._142_/CLK (sky130_fd_sc_hd__dfxtp_2)
                  0.18    0.46    0.46 v u_pc_reg._142_/Q (sky130_fd_sc_hd__dfxtp_2)
    12    0.08                           u_imem.addr[8] (net)
                  0.18    0.00    0.46 v u_pc_next_logic._1025_/A (sky130_fd_sc_hd__nand2_2)
                  0.08    0.14    0.60 ^ u_pc_next_logic._1025_/Y (sky130_fd_sc_hd__nand2_2)
     3    0.01                           u_pc_next_logic._0272_ (net)
                  0.08    0.00    0.60 ^ u_pc_next_logic._1062_/B1 (sky130_fd_sc_hd__o21ai_2)
                  0.05    0.07    0.67 v u_pc_next_logic._1062_/Y (sky130_fd_sc_hd__o21ai_2)
     1    0.01                           u_pc_next_logic._0308_ (net)
                  0.05    0.00    0.67 v u_pc_next_logic._1063_/B (sky130_fd_sc_hd__xnor2_2)
                  0.04    0.11    0.78 ^ u_pc_next_logic._1063_/Y (sky130_fd_sc_hd__xnor2_2)
     1    0.00                           u_pc_next_logic._0309_ (net)
                  0.04    0.00    0.78 ^ u_pc_next_logic._1070_/A0 (sky130_fd_sc_hd__mux2_2)
                  0.08    0.17    0.96 ^ u_pc_next_logic._1070_/X (sky130_fd_sc_hd__mux2_2)
     1    0.01                           u_pc_next_logic._0316_ (net)
                  0.08    0.00    0.96 ^ u_pc_next_logic._1071_/B1 (sky130_fd_sc_hd__o22a_2)
                  0.03    0.13    1.09 ^ u_pc_next_logic._1071_/X (sky130_fd_sc_hd__o22a_2)
     1    0.00                           u_pc_next_logic.pc_next[9] (net)
                  0.03    0.00    1.09 ^ u_pc_reg._086_/B (sky130_fd_sc_hd__and2_2)
                  0.04    0.12    1.21 ^ u_pc_reg._086_/X (sky130_fd_sc_hd__and2_2)
     1    0.00                           u_pc_reg._059_ (net)
                  0.04    0.00    1.21 ^ u_pc_reg._087_/A (sky130_fd_sc_hd__buf_1)
                  0.04    0.07    1.28 ^ u_pc_reg._087_/X (sky130_fd_sc_hd__buf_1)
     1    0.00                           u_pc_reg._009_ (net)
                  0.04    0.00    1.28 ^ u_pc_reg._143_/D (sky130_fd_sc_hd__dfxtp_2)
                                  1.28   data arrival time

                  0.10    0.00    0.00   clock clk (rise edge)
                          0.00    0.00   clock network delay (ideal)
                          0.20    0.20   clock uncertainty
                          0.00    0.20   clock reconvergence pessimism
                                  0.20 ^ u_pc_reg._143_/CLK (sky130_fd_sc_hd__dfxtp_2)
                         -0.02    0.18   library hold time
                                  0.18   data required time
-----------------------------------------------------------------------------
                                  0.18   data required time
                                 -1.28   data arrival time
-----------------------------------------------------------------------------
                                  1.10   slack (MET)


Startpoint: u_pc_reg._164_ (rising edge-triggered flip-flop clocked by clk)
Endpoint: u_pc_reg._165_ (rising edge-triggered flip-flop clocked by clk)
Path Group: clk
Path Type: min

Fanout     Cap    Slew   Delay    Time   Description
-----------------------------------------------------------------------------
                  0.10    0.00    0.00   clock clk (rise edge)
                          0.00    0.00   clock network delay (ideal)
                  0.10    0.00    0.00 ^ u_pc_reg._164_/CLK (sky130_fd_sc_hd__dfxtp_2)
                  0.17    0.44    0.44 v u_pc_reg._164_/Q (sky130_fd_sc_hd__dfxtp_2)
    10    0.07                           u_imem.addr[30] (net)
                  0.17    0.01    0.46 v u_pc_next_logic._1581_/A (sky130_fd_sc_hd__nand2_2)
                  0.11    0.16    0.62 ^ u_pc_next_logic._1581_/Y (sky130_fd_sc_hd__nand2_2)
     4    0.02                           u_pc_next_logic._0035_ (net)
                  0.11    0.00    0.62 ^ u_pc_next_logic._1600_/A1 (sky130_fd_sc_hd__a21oi_2)
                  0.03    0.07    0.68 v u_pc_next_logic._1600_/Y (sky130_fd_sc_hd__a21oi_2)
     1    0.01                           u_pc_next_logic._0053_ (net)
                  0.03    0.00    0.68 v u_pc_next_logic._1602_/A1 (sky130_fd_sc_hd__o21ai_2)
                  0.19    0.25    0.93 ^ u_pc_next_logic._1602_/Y (sky130_fd_sc_hd__o21ai_2)
     1    0.02                           u_pc_next_logic._0055_ (net)
                  0.19    0.00    0.93 ^ u_pc_next_logic._1603_/B2 (sky130_fd_sc_hd__o32a_2)
                  0.03    0.16    1.09 ^ u_pc_next_logic._1603_/X (sky130_fd_sc_hd__o32a_2)
     1    0.00                           u_pc_next_logic.pc_next[31] (net)
                  0.03    0.00    1.09 ^ u_pc_reg._132_/B (sky130_fd_sc_hd__and2_2)
                  0.04    0.12    1.21 ^ u_pc_reg._132_/X (sky130_fd_sc_hd__and2_2)
     1    0.00                           u_pc_reg._048_ (net)
                  0.04    0.00    1.21 ^ u_pc_reg._133_/A (sky130_fd_sc_hd__buf_1)
                  0.04    0.07    1.28 ^ u_pc_reg._133_/X (sky130_fd_sc_hd__buf_1)
     1    0.00                           u_pc_reg._031_ (net)
                  0.04    0.00    1.28 ^ u_pc_reg._165_/D (sky130_fd_sc_hd__dfxtp_2)
                                  1.28   data arrival time

                  0.10    0.00    0.00   clock clk (rise edge)
                          0.00    0.00   clock network delay (ideal)
                          0.20    0.20   clock uncertainty
                          0.00    0.20   clock reconvergence pessimism
                                  0.20 ^ u_pc_reg._165_/CLK (sky130_fd_sc_hd__dfxtp_2)
                         -0.02    0.18   library hold time
                                  0.18   data required time
-----------------------------------------------------------------------------
                                  0.18   data required time
                                 -1.28   data arrival time
-----------------------------------------------------------------------------
                                  1.11   slack (MET)


Startpoint: u_pc_reg._136_ (rising edge-triggered flip-flop clocked by clk)
Endpoint: u_regfile.u_sram_rs2 (falling edge-triggered flip-flop clocked by clk)
Path Group: clk
Path Type: min

Fanout     Cap    Slew   Delay    Time   Description
-----------------------------------------------------------------------------
                  0.10    0.00    0.00   clock clk (rise edge)
                          0.00    0.00   clock network delay (ideal)
                  0.10    0.00    0.00 ^ u_pc_reg._136_/CLK (sky130_fd_sc_hd__dfxtp_2)
                  0.29    0.53    0.53 v u_pc_reg._136_/Q (sky130_fd_sc_hd__dfxtp_2)
    16    0.13                           u_imem.addr[2] (net)
                  0.29    0.02    0.55 v u_pc_next_logic._0771_/A (sky130_fd_sc_hd__inv_2)
                  0.06    0.10    0.65 ^ u_pc_next_logic._0771_/Y (sky130_fd_sc_hd__inv_2)
     1    0.00                           u_pc_next_logic.pc_plus4[2] (net)
                  0.06    0.00    0.65 ^ u_wb_mux._102_/A1 (sky130_fd_sc_hd__a22o_2)
                  0.03    0.13    0.78 ^ u_wb_mux._102_/X (sky130_fd_sc_hd__a22o_2)
     1    0.00                           u_wb_mux._015_ (net)
                  0.03    0.00    0.78 ^ u_wb_mux._104_/B1 (sky130_fd_sc_hd__a211o_2)
                  0.57    0.44    1.22 ^ u_wb_mux._104_/X (sky130_fd_sc_hd__a211o_2)
     3    0.12                           u_regfile.wd[2] (net)
                  0.76    0.04    1.26 ^ u_regfile.u_sram_rs2/din0[2] (sky130_sram_1kbyte_1rw1r_32x256_8)
                                  1.26   data arrival time

                  0.10    0.00    0.00   clock clk (rise edge)
                          0.00    0.00   clock network delay (ideal)
                          0.20    0.20   clock uncertainty
                          0.00    0.20   clock reconvergence pessimism
                                  0.20 ^ u_regfile.u_sram_rs2/clk0 (sky130_sram_1kbyte_1rw1r_32x256_8)
                         -0.06    0.14   library hold time
                                  0.14   data required time
-----------------------------------------------------------------------------
                                  0.14   data required time
                                 -1.26   data arrival time
-----------------------------------------------------------------------------
                                  1.11   slack (MET)


Startpoint: u_pc_reg._163_ (rising edge-triggered flip-flop clocked by clk)
Endpoint: u_regfile.u_sram_rs2 (falling edge-triggered flip-flop clocked by clk)
Path Group: clk
Path Type: min

Fanout     Cap    Slew   Delay    Time   Description
-----------------------------------------------------------------------------
                  0.10    0.00    0.00   clock clk (rise edge)
                          0.00    0.00   clock network delay (ideal)
                  0.10    0.00    0.00 ^ u_pc_reg._163_/CLK (sky130_fd_sc_hd__dfxtp_2)
                  0.21    0.48    0.48 v u_pc_reg._163_/Q (sky130_fd_sc_hd__dfxtp_2)
    11    0.09                           u_imem.addr[29] (net)
                  0.21    0.01    0.49 v u_pc_next_logic._0842_/A (sky130_fd_sc_hd__inv_2)
                  0.07    0.11    0.60 ^ u_pc_next_logic._0842_/Y (sky130_fd_sc_hd__inv_2)
     2    0.01                           u_pc_next_logic._0100_ (net)
                  0.07    0.00    0.60 ^ u_pc_next_logic._0845_/A (sky130_fd_sc_hd__nor2_2)
                  0.04    0.06    0.65 v u_pc_next_logic._0845_/Y (sky130_fd_sc_hd__nor2_2)
     3    0.01                           u_pc_next_logic._0103_ (net)
                  0.04    0.00    0.65 v u_pc_next_logic._0846_/B (sky130_fd_sc_hd__nor2_2)
                  0.17    0.15    0.80 ^ u_pc_next_logic._0846_/Y (sky130_fd_sc_hd__nor2_2)
     2    0.01                           u_pc_next_logic.pc_plus4[29] (net)
                  0.17    0.00    0.80 ^ u_wb_mux._193_/A1 (sky130_fd_sc_hd__a22o_2)
                  0.03    0.17    0.97 ^ u_wb_mux._193_/X (sky130_fd_sc_hd__a22o_2)
     1    0.00                           u_wb_mux._079_ (net)
                  0.03    0.00    0.97 ^ u_wb_mux._195_/B1 (sky130_fd_sc_hd__a211o_2)
                  0.31    0.29    1.26 ^ u_wb_mux._195_/X (sky130_fd_sc_hd__a211o_2)
     3    0.07                           u_regfile.wd[29] (net)
                  0.42    0.00    1.27 ^ u_regfile.u_sram_rs2/din0[29] (sky130_sram_1kbyte_1rw1r_32x256_8)
                                  1.27   data arrival time

                  0.10    0.00    0.00   clock clk (rise edge)
                          0.00    0.00   clock network delay (ideal)
                          0.20    0.20   clock uncertainty
                          0.00    0.20   clock reconvergence pessimism
                                  0.20 ^ u_regfile.u_sram_rs2/clk0 (sky130_sram_1kbyte_1rw1r_32x256_8)
                         -0.06    0.14   library hold time
                                  0.14   data required time
-----------------------------------------------------------------------------
                                  0.14   data required time
                                 -1.27   data arrival time
-----------------------------------------------------------------------------
                                  1.12   slack (MET)


Startpoint: u_pc_reg._136_ (rising edge-triggered flip-flop clocked by clk)
Endpoint: u_regfile.u_sram_rs1 (falling edge-triggered flip-flop clocked by clk)
Path Group: clk
Path Type: min

Fanout     Cap    Slew   Delay    Time   Description
-----------------------------------------------------------------------------
                  0.10    0.00    0.00   clock clk (rise edge)
                          0.00    0.00   clock network delay (ideal)
                  0.10    0.00    0.00 ^ u_pc_reg._136_/CLK (sky130_fd_sc_hd__dfxtp_2)
                  0.29    0.53    0.53 v u_pc_reg._136_/Q (sky130_fd_sc_hd__dfxtp_2)
    16    0.13                           u_imem.addr[2] (net)
                  0.29    0.02    0.55 v u_pc_next_logic._0771_/A (sky130_fd_sc_hd__inv_2)
                  0.06    0.10    0.65 ^ u_pc_next_logic._0771_/Y (sky130_fd_sc_hd__inv_2)
     1    0.00                           u_pc_next_logic.pc_plus4[2] (net)
                  0.06    0.00    0.65 ^ u_wb_mux._102_/A1 (sky130_fd_sc_hd__a22o_2)
                  0.03    0.13    0.78 ^ u_wb_mux._102_/X (sky130_fd_sc_hd__a22o_2)
     1    0.00                           u_wb_mux._015_ (net)
                  0.03    0.00    0.78 ^ u_wb_mux._104_/B1 (sky130_fd_sc_hd__a211o_2)
                  0.57    0.44    1.22 ^ u_wb_mux._104_/X (sky130_fd_sc_hd__a211o_2)
     3    0.12                           u_regfile.wd[2] (net)
                  0.76    0.04    1.27 ^ u_regfile.u_sram_rs1/din0[2] (sky130_sram_1kbyte_1rw1r_32x256_8)
                                  1.27   data arrival time

                  0.10    0.00    0.00   clock clk (rise edge)
                          0.00    0.00   clock network delay (ideal)
                          0.20    0.20   clock uncertainty
                          0.00    0.20   clock reconvergence pessimism
                                  0.20 ^ u_regfile.u_sram_rs1/clk0 (sky130_sram_1kbyte_1rw1r_32x256_8)
                         -0.06    0.14   library hold time
                                  0.14   data required time
-----------------------------------------------------------------------------
                                  0.14   data required time
                                 -1.27   data arrival time
-----------------------------------------------------------------------------
                                  1.12   slack (MET)


Startpoint: u_pc_reg._158_ (rising edge-triggered flip-flop clocked by clk)
Endpoint: u_pc_reg._158_ (rising edge-triggered flip-flop clocked by clk)
Path Group: clk
Path Type: min

Fanout     Cap    Slew   Delay    Time   Description
-----------------------------------------------------------------------------
                  0.10    0.00    0.00   clock clk (rise edge)
                          0.00    0.00   clock network delay (ideal)
                  0.10    0.00    0.00 ^ u_pc_reg._158_/CLK (sky130_fd_sc_hd__dfxtp_2)
                  0.25    0.51    0.51 v u_pc_reg._158_/Q (sky130_fd_sc_hd__dfxtp_2)
    12    0.11                           u_imem.addr[24] (net)
                  0.25    0.00    0.51 v u_pc_next_logic._1420_/A (sky130_fd_sc_hd__nand2_2)
                  0.10    0.18    0.69 ^ u_pc_next_logic._1420_/Y (sky130_fd_sc_hd__nand2_2)
     4    0.02                           u_pc_next_logic._0651_ (net)
                  0.10    0.00    0.69 ^ u_pc_next_logic._1422_/A (sky130_fd_sc_hd__nand2_2)
                  0.05    0.07    0.77 v u_pc_next_logic._1422_/Y (sky130_fd_sc_hd__nand2_2)
     3    0.01                           u_pc_next_logic._0653_ (net)
                  0.05    0.00    0.77 v u_pc_next_logic._1424_/C (sky130_fd_sc_hd__nand3_2)
                  0.04    0.07    0.83 ^ u_pc_next_logic._1424_/Y (sky130_fd_sc_hd__nand3_2)
     1    0.00                           u_pc_next_logic._0655_ (net)
                  0.04    0.00    0.83 ^ u_pc_next_logic._1425_/A2 (sky130_fd_sc_hd__a21o_2)
                  0.04    0.12    0.96 ^ u_pc_next_logic._1425_/X (sky130_fd_sc_hd__a21o_2)
     1    0.01                           u_pc_next_logic._0656_ (net)
                  0.04    0.00    0.96 ^ u_pc_next_logic._1452_/A2 (sky130_fd_sc_hd__a31o_2)
                  0.03    0.14    1.09 ^ u_pc_next_logic._1452_/X (sky130_fd_sc_hd__a31o_2)
     1    0.00                           u_pc_next_logic.pc_next[24] (net)
                  0.03    0.00    1.09 ^ u_pc_reg._118_/B (sky130_fd_sc_hd__and2_2)
                  0.04    0.13    1.22 ^ u_pc_reg._118_/X (sky130_fd_sc_hd__and2_2)
     1    0.00                           u_pc_reg._041_ (net)
                  0.04    0.00    1.22 ^ u_pc_reg._119_/A (sky130_fd_sc_hd__buf_1)
                  0.04    0.08    1.30 ^ u_pc_reg._119_/X (sky130_fd_sc_hd__buf_1)
     1    0.00                           u_pc_reg._024_ (net)
                  0.04    0.00    1.30 ^ u_pc_reg._158_/D (sky130_fd_sc_hd__dfxtp_2)
                                  1.30   data arrival time

                  0.10    0.00    0.00   clock clk (rise edge)
                          0.00    0.00   clock network delay (ideal)
                          0.20    0.20   clock uncertainty
                          0.00    0.20   clock reconvergence pessimism
                                  0.20 ^ u_pc_reg._158_/CLK (sky130_fd_sc_hd__dfxtp_2)
                         -0.02    0.18   library hold time
                                  0.18   data required time
-----------------------------------------------------------------------------
                                  0.18   data required time
                                 -1.30   data arrival time
-----------------------------------------------------------------------------
                                  1.12   slack (MET)


Startpoint: u_pc_reg._163_ (rising edge-triggered flip-flop clocked by clk)
Endpoint: u_regfile.u_sram_rs1 (falling edge-triggered flip-flop clocked by clk)
Path Group: clk
Path Type: min

Fanout     Cap    Slew   Delay    Time   Description
-----------------------------------------------------------------------------
                  0.10    0.00    0.00   clock clk (rise edge)
                          0.00    0.00   clock network delay (ideal)
                  0.10    0.00    0.00 ^ u_pc_reg._163_/CLK (sky130_fd_sc_hd__dfxtp_2)
                  0.21    0.48    0.48 v u_pc_reg._163_/Q (sky130_fd_sc_hd__dfxtp_2)
    11    0.09                           u_imem.addr[29] (net)
                  0.21    0.01    0.49 v u_pc_next_logic._0842_/A (sky130_fd_sc_hd__inv_2)
                  0.07    0.11    0.60 ^ u_pc_next_logic._0842_/Y (sky130_fd_sc_hd__inv_2)
     2    0.01                           u_pc_next_logic._0100_ (net)
                  0.07    0.00    0.60 ^ u_pc_next_logic._0845_/A (sky130_fd_sc_hd__nor2_2)
                  0.04    0.06    0.65 v u_pc_next_logic._0845_/Y (sky130_fd_sc_hd__nor2_2)
     3    0.01                           u_pc_next_logic._0103_ (net)
                  0.04    0.00    0.65 v u_pc_next_logic._0846_/B (sky130_fd_sc_hd__nor2_2)
                  0.17    0.15    0.80 ^ u_pc_next_logic._0846_/Y (sky130_fd_sc_hd__nor2_2)
     2    0.01                           u_pc_next_logic.pc_plus4[29] (net)
                  0.17    0.00    0.80 ^ u_wb_mux._193_/A1 (sky130_fd_sc_hd__a22o_2)
                  0.03    0.17    0.97 ^ u_wb_mux._193_/X (sky130_fd_sc_hd__a22o_2)
     1    0.00                           u_wb_mux._079_ (net)
                  0.03    0.00    0.97 ^ u_wb_mux._195_/B1 (sky130_fd_sc_hd__a211o_2)
                  0.31    0.29    1.26 ^ u_wb_mux._195_/X (sky130_fd_sc_hd__a211o_2)
     3    0.07                           u_regfile.wd[29] (net)
                  0.42    0.01    1.27 ^ u_regfile.u_sram_rs1/din0[29] (sky130_sram_1kbyte_1rw1r_32x256_8)
                                  1.27   data arrival time

                  0.10    0.00    0.00   clock clk (rise edge)
                          0.00    0.00   clock network delay (ideal)
                          0.20    0.20   clock uncertainty
                          0.00    0.20   clock reconvergence pessimism
                                  0.20 ^ u_regfile.u_sram_rs1/clk0 (sky130_sram_1kbyte_1rw1r_32x256_8)
                         -0.06    0.14   library hold time
                                  0.14   data required time
-----------------------------------------------------------------------------
                                  0.14   data required time
                                 -1.27   data arrival time
-----------------------------------------------------------------------------
                                  1.12   slack (MET)


Startpoint: u_pc_reg._161_ (rising edge-triggered flip-flop clocked by clk)
Endpoint: u_regfile.u_sram_rs2 (falling edge-triggered flip-flop clocked by clk)
Path Group: clk
Path Type: min

Fanout     Cap    Slew   Delay    Time   Description
-----------------------------------------------------------------------------
                  0.10    0.00    0.00   clock clk (rise edge)
                          0.00    0.00   clock network delay (ideal)
                  0.10    0.00    0.00 ^ u_pc_reg._161_/CLK (sky130_fd_sc_hd__dfxtp_2)
                  0.26    0.52    0.52 v u_pc_reg._161_/Q (sky130_fd_sc_hd__dfxtp_2)
    13    0.11                           u_imem.addr[27] (net)
                  0.26    0.01    0.52 v u_pc_next_logic._0839_/A (sky130_fd_sc_hd__xor2_2)
                  0.16    0.28    0.81 ^ u_pc_next_logic._0839_/X (sky130_fd_sc_hd__xor2_2)
     2    0.01                           u_pc_next_logic.pc_plus4[27] (net)
                  0.16    0.00    0.81 ^ u_wb_mux._187_/A1 (sky130_fd_sc_hd__a22o_2)
                  0.04    0.16    0.97 ^ u_wb_mux._187_/X (sky130_fd_sc_hd__a22o_2)
     1    0.00                           u_wb_mux._075_ (net)
                  0.04    0.00    0.97 ^ u_wb_mux._189_/B1 (sky130_fd_sc_hd__a211o_2)
                  0.31    0.29    1.26 ^ u_wb_mux._189_/X (sky130_fd_sc_hd__a211o_2)
     3    0.07                           u_regfile.wd[27] (net)
                  0.42    0.01    1.27 ^ u_regfile.u_sram_rs2/din0[27] (sky130_sram_1kbyte_1rw1r_32x256_8)
                                  1.27   data arrival time

                  0.10    0.00    0.00   clock clk (rise edge)
                          0.00    0.00   clock network delay (ideal)
                          0.20    0.20   clock uncertainty
                          0.00    0.20   clock reconvergence pessimism
                                  0.20 ^ u_regfile.u_sram_rs2/clk0 (sky130_sram_1kbyte_1rw1r_32x256_8)
                         -0.06    0.14   library hold time
                                  0.14   data required time
-----------------------------------------------------------------------------
                                  0.14   data required time
                                 -1.27   data arrival time
-----------------------------------------------------------------------------
                                  1.12   slack (MET)


Startpoint: u_pc_reg._161_ (rising edge-triggered flip-flop clocked by clk)
Endpoint: u_regfile.u_sram_rs1 (falling edge-triggered flip-flop clocked by clk)
Path Group: clk
Path Type: min

Fanout     Cap    Slew   Delay    Time   Description
-----------------------------------------------------------------------------
                  0.10    0.00    0.00   clock clk (rise edge)
                          0.00    0.00   clock network delay (ideal)
                  0.10    0.00    0.00 ^ u_pc_reg._161_/CLK (sky130_fd_sc_hd__dfxtp_2)
                  0.26    0.52    0.52 v u_pc_reg._161_/Q (sky130_fd_sc_hd__dfxtp_2)
    13    0.11                           u_imem.addr[27] (net)
                  0.26    0.01    0.52 v u_pc_next_logic._0839_/A (sky130_fd_sc_hd__xor2_2)
                  0.16    0.28    0.81 ^ u_pc_next_logic._0839_/X (sky130_fd_sc_hd__xor2_2)
     2    0.01                           u_pc_next_logic.pc_plus4[27] (net)
                  0.16    0.00    0.81 ^ u_wb_mux._187_/A1 (sky130_fd_sc_hd__a22o_2)
                  0.04    0.16    0.97 ^ u_wb_mux._187_/X (sky130_fd_sc_hd__a22o_2)
     1    0.00                           u_wb_mux._075_ (net)
                  0.04    0.00    0.97 ^ u_wb_mux._189_/B1 (sky130_fd_sc_hd__a211o_2)
                  0.31    0.29    1.26 ^ u_wb_mux._189_/X (sky130_fd_sc_hd__a211o_2)
     3    0.07                           u_regfile.wd[27] (net)
                  0.42    0.01    1.27 ^ u_regfile.u_sram_rs1/din0[27] (sky130_sram_1kbyte_1rw1r_32x256_8)
                                  1.27   data arrival time

                  0.10    0.00    0.00   clock clk (rise edge)
                          0.00    0.00   clock network delay (ideal)
                          0.20    0.20   clock uncertainty
                          0.00    0.20   clock reconvergence pessimism
                                  0.20 ^ u_regfile.u_sram_rs1/clk0 (sky130_sram_1kbyte_1rw1r_32x256_8)
                         -0.06    0.14   library hold time
                                  0.14   data required time
-----------------------------------------------------------------------------
                                  0.14   data required time
                                 -1.27   data arrival time
-----------------------------------------------------------------------------
                                  1.13   slack (MET)


Startpoint: u_pc_reg._164_ (rising edge-triggered flip-flop clocked by clk)
Endpoint: u_regfile.u_sram_rs2 (falling edge-triggered flip-flop clocked by clk)
Path Group: clk
Path Type: min

Fanout     Cap    Slew   Delay    Time   Description
-----------------------------------------------------------------------------
                  0.10    0.00    0.00   clock clk (rise edge)
                          0.00    0.00   clock network delay (ideal)
                  0.10    0.00    0.00 ^ u_pc_reg._164_/CLK (sky130_fd_sc_hd__dfxtp_2)
                  0.17    0.44    0.44 v u_pc_reg._164_/Q (sky130_fd_sc_hd__dfxtp_2)
    10    0.07                           u_imem.addr[30] (net)
                  0.17    0.02    0.46 v _620_/A (sky130_fd_sc_hd__nand2_2)
                  0.05    0.10    0.56 ^ _620_/Y (sky130_fd_sc_hd__nand2_2)
     2    0.00                           _260_ (net)
                  0.05    0.00    0.56 ^ _621_/B (sky130_fd_sc_hd__and2b_2)
                  0.06    0.16    0.72 ^ _621_/X (sky130_fd_sc_hd__and2b_2)
     1    0.01                           _261_ (net)
                  0.06    0.00    0.72 ^ _624_/A (sky130_fd_sc_hd__xnor2_2)
                  0.06    0.13    0.85 ^ _624_/Y (sky130_fd_sc_hd__xnor2_2)
     1    0.01                           u_wb_mux.pc_plus_imm[30] (net)
                  0.06    0.00    0.85 ^ u_wb_mux._196_/B2 (sky130_fd_sc_hd__a22o_2)
                  0.04    0.13    0.98 ^ u_wb_mux._196_/X (sky130_fd_sc_hd__a22o_2)
     1    0.00                           u_wb_mux._081_ (net)
                  0.04    0.00    0.98 ^ u_wb_mux._198_/B1 (sky130_fd_sc_hd__a211o_2)
                  0.31    0.29    1.27 ^ u_wb_mux._198_/X (sky130_fd_sc_hd__a211o_2)
     3    0.07                           u_regfile.wd[30] (net)
                  0.42    0.01    1.27 ^ u_regfile.u_sram_rs2/din0[30] (sky130_sram_1kbyte_1rw1r_32x256_8)
                                  1.27   data arrival time

                  0.10    0.00    0.00   clock clk (rise edge)
                          0.00    0.00   clock network delay (ideal)
                          0.20    0.20   clock uncertainty
                          0.00    0.20   clock reconvergence pessimism
                                  0.20 ^ u_regfile.u_sram_rs2/clk0 (sky130_sram_1kbyte_1rw1r_32x256_8)
                         -0.06    0.14   library hold time
                                  0.14   data required time
-----------------------------------------------------------------------------
                                  0.14   data required time
                                 -1.27   data arrival time
-----------------------------------------------------------------------------
                                  1.13   slack (MET)


Startpoint: u_pc_reg._164_ (rising edge-triggered flip-flop clocked by clk)
Endpoint: u_regfile.u_sram_rs1 (falling edge-triggered flip-flop clocked by clk)
Path Group: clk
Path Type: min

Fanout     Cap    Slew   Delay    Time   Description
-----------------------------------------------------------------------------
                  0.10    0.00    0.00   clock clk (rise edge)
                          0.00    0.00   clock network delay (ideal)
                  0.10    0.00    0.00 ^ u_pc_reg._164_/CLK (sky130_fd_sc_hd__dfxtp_2)
                  0.17    0.44    0.44 v u_pc_reg._164_/Q (sky130_fd_sc_hd__dfxtp_2)
    10    0.07                           u_imem.addr[30] (net)
                  0.17    0.02    0.46 v _620_/A (sky130_fd_sc_hd__nand2_2)
                  0.05    0.10    0.56 ^ _620_/Y (sky130_fd_sc_hd__nand2_2)
     2    0.00                           _260_ (net)
                  0.05    0.00    0.56 ^ _621_/B (sky130_fd_sc_hd__and2b_2)
                  0.06    0.16    0.72 ^ _621_/X (sky130_fd_sc_hd__and2b_2)
     1    0.01                           _261_ (net)
                  0.06    0.00    0.72 ^ _624_/A (sky130_fd_sc_hd__xnor2_2)
                  0.06    0.13    0.85 ^ _624_/Y (sky130_fd_sc_hd__xnor2_2)
     1    0.01                           u_wb_mux.pc_plus_imm[30] (net)
                  0.06    0.00    0.85 ^ u_wb_mux._196_/B2 (sky130_fd_sc_hd__a22o_2)
                  0.04    0.13    0.98 ^ u_wb_mux._196_/X (sky130_fd_sc_hd__a22o_2)
     1    0.00                           u_wb_mux._081_ (net)
                  0.04    0.00    0.98 ^ u_wb_mux._198_/B1 (sky130_fd_sc_hd__a211o_2)
                  0.31    0.29    1.27 ^ u_wb_mux._198_/X (sky130_fd_sc_hd__a211o_2)
     3    0.07                           u_regfile.wd[30] (net)
                  0.42    0.01    1.27 ^ u_regfile.u_sram_rs1/din0[30] (sky130_sram_1kbyte_1rw1r_32x256_8)
                                  1.27   data arrival time

                  0.10    0.00    0.00   clock clk (rise edge)
                          0.00    0.00   clock network delay (ideal)
                          0.20    0.20   clock uncertainty
                          0.00    0.20   clock reconvergence pessimism
                                  0.20 ^ u_regfile.u_sram_rs1/clk0 (sky130_sram_1kbyte_1rw1r_32x256_8)
                         -0.06    0.14   library hold time
                                  0.14   data required time
-----------------------------------------------------------------------------
                                  0.14   data required time
                                 -1.27   data arrival time
-----------------------------------------------------------------------------
                                  1.13   slack (MET)


Startpoint: u_pc_reg._149_ (rising edge-triggered flip-flop clocked by clk)
Endpoint: u_pc_reg._149_ (rising edge-triggered flip-flop clocked by clk)
Path Group: clk
Path Type: min

Fanout     Cap    Slew   Delay    Time   Description
-----------------------------------------------------------------------------
                  0.10    0.00    0.00   clock clk (rise edge)
                          0.00    0.00   clock network delay (ideal)
                  0.10    0.00    0.00 ^ u_pc_reg._149_/CLK (sky130_fd_sc_hd__dfxtp_2)
                  0.20    0.47    0.47 v u_pc_reg._149_/Q (sky130_fd_sc_hd__dfxtp_2)
    12    0.09                           u_imem.addr[15] (net)
                  0.20    0.01    0.48 v u_pc_next_logic._1198_/A (sky130_fd_sc_hd__nand2_2)
                  0.05    0.12    0.60 ^ u_pc_next_logic._1198_/Y (sky130_fd_sc_hd__nand2_2)
     2    0.01                           u_pc_next_logic._0438_ (net)
                  0.05    0.00    0.60 ^ u_pc_next_logic._1200_/A (sky130_fd_sc_hd__nand2_2)
                  0.06    0.07    0.67 v u_pc_next_logic._1200_/Y (sky130_fd_sc_hd__nand2_2)
     2    0.01                           u_pc_next_logic._0440_ (net)
                  0.06    0.00    0.67 v u_pc_next_logic._1203_/A (sky130_fd_sc_hd__xnor2_2)
                  0.04    0.15    0.82 ^ u_pc_next_logic._1203_/Y (sky130_fd_sc_hd__xnor2_2)
     1    0.00                           u_pc_next_logic._0443_ (net)
                  0.04    0.00    0.82 ^ u_pc_next_logic._1211_/A2 (sky130_fd_sc_hd__a211o_2)
                  0.10    0.17    0.99 ^ u_pc_next_logic._1211_/X (sky130_fd_sc_hd__a211o_2)
     1    0.02                           u_pc_next_logic._0451_ (net)
                  0.10    0.00    0.99 ^ u_pc_next_logic._1212_/B1 (sky130_fd_sc_hd__o21a_2)
                  0.03    0.13    1.12 ^ u_pc_next_logic._1212_/X (sky130_fd_sc_hd__o21a_2)
     1    0.00                           u_pc_next_logic.pc_next[15] (net)
                  0.03    0.00    1.12 ^ u_pc_reg._099_/B (sky130_fd_sc_hd__and2_2)
                  0.04    0.12    1.24 ^ u_pc_reg._099_/X (sky130_fd_sc_hd__and2_2)
     1    0.00                           u_pc_reg._066_ (net)
                  0.04    0.00    1.24 ^ u_pc_reg._100_/A (sky130_fd_sc_hd__buf_1)
                  0.04    0.07    1.31 ^ u_pc_reg._100_/X (sky130_fd_sc_hd__buf_1)
     1    0.00                           u_pc_reg._015_ (net)
                  0.04    0.00    1.31 ^ u_pc_reg._149_/D (sky130_fd_sc_hd__dfxtp_2)
                                  1.31   data arrival time

                  0.10    0.00    0.00   clock clk (rise edge)
                          0.00    0.00   clock network delay (ideal)
                          0.20    0.20   clock uncertainty
                          0.00    0.20   clock reconvergence pessimism
                                  0.20 ^ u_pc_reg._149_/CLK (sky130_fd_sc_hd__dfxtp_2)
                         -0.02    0.18   library hold time
                                  0.18   data required time
-----------------------------------------------------------------------------
                                  0.18   data required time
                                 -1.31   data arrival time
-----------------------------------------------------------------------------
                                  1.13   slack (MET)


Startpoint: u_pc_reg._147_ (rising edge-triggered flip-flop clocked by clk)
Endpoint: u_pc_reg._147_ (rising edge-triggered flip-flop clocked by clk)
Path Group: clk
Path Type: min

Fanout     Cap    Slew   Delay    Time   Description
-----------------------------------------------------------------------------
                  0.10    0.00    0.00   clock clk (rise edge)
                          0.00    0.00   clock network delay (ideal)
                  0.10    0.00    0.00 ^ u_pc_reg._147_/CLK (sky130_fd_sc_hd__dfxtp_2)
                  0.19    0.46    0.46 v u_pc_reg._147_/Q (sky130_fd_sc_hd__dfxtp_2)
    13    0.08                           u_imem.addr[13] (net)
                  0.19    0.00    0.47 v u_pc_next_logic._1149_/A (sky130_fd_sc_hd__xor2_2)
                  0.05    0.24    0.71 v u_pc_next_logic._1149_/X (sky130_fd_sc_hd__xor2_2)
     3    0.01                           u_pc_next_logic._0391_ (net)
                  0.05    0.00    0.71 v u_pc_next_logic._1152_/A1 (sky130_fd_sc_hd__a21o_2)
                  0.03    0.18    0.89 v u_pc_next_logic._1152_/X (sky130_fd_sc_hd__a21o_2)
     1    0.00                           u_pc_next_logic._0394_ (net)
                  0.03    0.00    0.89 v u_pc_next_logic._1166_/A1_N (sky130_fd_sc_hd__o2bb2a_2)
                  0.04    0.23    1.12 ^ u_pc_next_logic._1166_/X (sky130_fd_sc_hd__o2bb2a_2)
     1    0.00                           u_pc_next_logic.pc_next[13] (net)
                  0.04    0.00    1.12 ^ u_pc_reg._095_/B (sky130_fd_sc_hd__and2_2)
                  0.04    0.13    1.24 ^ u_pc_reg._095_/X (sky130_fd_sc_hd__and2_2)
     1    0.00                           u_pc_reg._064_ (net)
                  0.04    0.00    1.24 ^ u_pc_reg._096_/A (sky130_fd_sc_hd__buf_1)
                  0.04    0.08    1.32 ^ u_pc_reg._096_/X (sky130_fd_sc_hd__buf_1)
     1    0.00                           u_pc_reg._013_ (net)
                  0.04    0.00    1.32 ^ u_pc_reg._147_/D (sky130_fd_sc_hd__dfxtp_2)
                                  1.32   data arrival time

                  0.10    0.00    0.00   clock clk (rise edge)
                          0.00    0.00   clock network delay (ideal)
                          0.20    0.20   clock uncertainty
                          0.00    0.20   clock reconvergence pessimism
                                  0.20 ^ u_pc_reg._147_/CLK (sky130_fd_sc_hd__dfxtp_2)
                         -0.02    0.18   library hold time
                                  0.18   data required time
-----------------------------------------------------------------------------
                                  0.18   data required time
                                 -1.32   data arrival time
-----------------------------------------------------------------------------
                                  1.14   slack (MET)


Startpoint: u_pc_reg._164_ (rising edge-triggered flip-flop clocked by clk)
Endpoint: u_pc_reg._164_ (rising edge-triggered flip-flop clocked by clk)
Path Group: clk
Path Type: min

Fanout     Cap    Slew   Delay    Time   Description
-----------------------------------------------------------------------------
                  0.10    0.00    0.00   clock clk (rise edge)
                          0.00    0.00   clock network delay (ideal)
                  0.10    0.00    0.00 ^ u_pc_reg._164_/CLK (sky130_fd_sc_hd__dfxtp_2)
                  0.17    0.44    0.44 v u_pc_reg._164_/Q (sky130_fd_sc_hd__dfxtp_2)
    10    0.07                           u_imem.addr[30] (net)
                  0.17    0.01    0.46 v u_pc_next_logic._1581_/A (sky130_fd_sc_hd__nand2_2)
                  0.11    0.16    0.62 ^ u_pc_next_logic._1581_/Y (sky130_fd_sc_hd__nand2_2)
     4    0.02                           u_pc_next_logic._0035_ (net)
                  0.11    0.00    0.62 ^ u_pc_next_logic._1583_/A (sky130_fd_sc_hd__nand2_2)
                  0.03    0.06    0.67 v u_pc_next_logic._1583_/Y (sky130_fd_sc_hd__nand2_2)
     1    0.00                           u_pc_next_logic._0037_ (net)
                  0.03    0.00    0.67 v u_pc_next_logic._1586_/A1 (sky130_fd_sc_hd__a21oi_2)
                  0.07    0.10    0.77 ^ u_pc_next_logic._1586_/Y (sky130_fd_sc_hd__a21oi_2)
     1    0.00                           u_pc_next_logic._0040_ (net)
                  0.07    0.00    0.77 ^ u_pc_next_logic._1588_/B1 (sky130_fd_sc_hd__a22o_2)
                  0.13    0.20    0.98 ^ u_pc_next_logic._1588_/X (sky130_fd_sc_hd__a22o_2)
     1    0.02                           u_pc_next_logic._0042_ (net)
                  0.13    0.00    0.98 ^ u_pc_next_logic._1589_/B1 (sky130_fd_sc_hd__a2bb2o_2)
                  0.03    0.16    1.14 ^ u_pc_next_logic._1589_/X (sky130_fd_sc_hd__a2bb2o_2)
     1    0.00                           u_pc_next_logic.pc_next[30] (net)
                  0.03    0.00    1.14 ^ u_pc_reg._130_/B (sky130_fd_sc_hd__and2_2)
                  0.03    0.12    1.26 ^ u_pc_reg._130_/X (sky130_fd_sc_hd__and2_2)
     1    0.00                           u_pc_reg._047_ (net)
                  0.03    0.00    1.26 ^ u_pc_reg._131_/A (sky130_fd_sc_hd__buf_1)
                  0.03    0.07    1.33 ^ u_pc_reg._131_/X (sky130_fd_sc_hd__buf_1)
     1    0.00                           u_pc_reg._030_ (net)
                  0.03    0.00    1.33 ^ u_pc_reg._164_/D (sky130_fd_sc_hd__dfxtp_2)
                                  1.33   data arrival time

                  0.10    0.00    0.00   clock clk (rise edge)
                          0.00    0.00   clock network delay (ideal)
                          0.20    0.20   clock uncertainty
                          0.00    0.20   clock reconvergence pessimism
                                  0.20 ^ u_pc_reg._164_/CLK (sky130_fd_sc_hd__dfxtp_2)
                         -0.02    0.18   library hold time
                                  0.18   data required time
-----------------------------------------------------------------------------
                                  0.18   data required time
                                 -1.33   data arrival time
-----------------------------------------------------------------------------
                                  1.15   slack (MET)


Startpoint: u_pc_reg._145_ (rising edge-triggered flip-flop clocked by clk)
Endpoint: u_pc_reg._145_ (rising edge-triggered flip-flop clocked by clk)
Path Group: clk
Path Type: min

Fanout     Cap    Slew   Delay    Time   Description
-----------------------------------------------------------------------------
                  0.10    0.00    0.00   clock clk (rise edge)
                          0.00    0.00   clock network delay (ideal)
                  0.10    0.00    0.00 ^ u_pc_reg._145_/CLK (sky130_fd_sc_hd__dfxtp_2)
                  0.16    0.45    0.45 v u_pc_reg._145_/Q (sky130_fd_sc_hd__dfxtp_2)
    12    0.07                           u_imem.addr[11] (net)
                  0.16    0.00    0.45 v u_pc_next_logic._1101_/A (sky130_fd_sc_hd__nor2_2)
                  0.10    0.17    0.62 ^ u_pc_next_logic._1101_/Y (sky130_fd_sc_hd__nor2_2)
     2    0.01                           u_pc_next_logic._0345_ (net)
                  0.10    0.00    0.62 ^ u_pc_next_logic._1102_/B (sky130_fd_sc_hd__nor2_2)
                  0.04    0.06    0.68 v u_pc_next_logic._1102_/Y (sky130_fd_sc_hd__nor2_2)
     1    0.01                           u_pc_next_logic._0346_ (net)
                  0.04    0.00    0.68 v u_pc_next_logic._1104_/A (sky130_fd_sc_hd__xnor2_2)
                  0.03    0.13    0.80 ^ u_pc_next_logic._1104_/Y (sky130_fd_sc_hd__xnor2_2)
     1    0.00                           u_pc_next_logic._0348_ (net)
                  0.03    0.00    0.80 ^ u_pc_next_logic._1112_/A0 (sky130_fd_sc_hd__mux2_2)
                  0.03    0.13    0.93 ^ u_pc_next_logic._1112_/X (sky130_fd_sc_hd__mux2_2)
     1    0.00                           u_pc_next_logic._0356_ (net)
                  0.03    0.00    0.93 ^ u_pc_next_logic._1113_/A1 (sky130_fd_sc_hd__mux2_2)
                  0.04    0.13    1.06 ^ u_pc_next_logic._1113_/X (sky130_fd_sc_hd__mux2_2)
     1    0.00                           u_pc_next_logic._0357_ (net)
                  0.04    0.00    1.06 ^ u_pc_next_logic._1114_/A (sky130_fd_sc_hd__buf_1)
                  0.04    0.07    1.13 ^ u_pc_next_logic._1114_/X (sky130_fd_sc_hd__buf_1)
     1    0.00                           u_pc_next_logic.pc_next[11] (net)
                  0.04    0.00    1.13 ^ u_pc_reg._091_/B (sky130_fd_sc_hd__and2_2)
                  0.04    0.13    1.26 ^ u_pc_reg._091_/X (sky130_fd_sc_hd__and2_2)
     1    0.00                           u_pc_reg._062_ (net)
                  0.04    0.00    1.26 ^ u_pc_reg._092_/A (sky130_fd_sc_hd__buf_1)
                  0.04    0.07    1.33 ^ u_pc_reg._092_/X (sky130_fd_sc_hd__buf_1)
     1    0.00                           u_pc_reg._011_ (net)
                  0.04    0.00    1.33 ^ u_pc_reg._145_/D (sky130_fd_sc_hd__dfxtp_2)
                                  1.33   data arrival time

                  0.10    0.00    0.00   clock clk (rise edge)
                          0.00    0.00   clock network delay (ideal)
                          0.20    0.20   clock uncertainty
                          0.00    0.20   clock reconvergence pessimism
                                  0.20 ^ u_pc_reg._145_/CLK (sky130_fd_sc_hd__dfxtp_2)
                         -0.02    0.18   library hold time
                                  0.18   data required time
-----------------------------------------------------------------------------
                                  0.18   data required time
                                 -1.33   data arrival time
-----------------------------------------------------------------------------
                                  1.16   slack (MET)


Startpoint: u_pc_reg._160_ (rising edge-triggered flip-flop clocked by clk)
Endpoint: u_regfile.u_sram_rs2 (falling edge-triggered flip-flop clocked by clk)
Path Group: clk
Path Type: min

Fanout     Cap    Slew   Delay    Time   Description
-----------------------------------------------------------------------------
                  0.10    0.00    0.00   clock clk (rise edge)
                          0.00    0.00   clock network delay (ideal)
                  0.10    0.00    0.00 ^ u_pc_reg._160_/CLK (sky130_fd_sc_hd__dfxtp_2)
                  0.24    0.49    0.49 v u_pc_reg._160_/Q (sky130_fd_sc_hd__dfxtp_2)
    12    0.10                           u_imem.addr[26] (net)
                  0.24    0.03    0.52 v u_pc_next_logic._0836_/A (sky130_fd_sc_hd__xor2_2)
                  0.14    0.27    0.78 ^ u_pc_next_logic._0836_/X (sky130_fd_sc_hd__xor2_2)
     2    0.01                           u_pc_next_logic.pc_plus4[26] (net)
                  0.14    0.00    0.78 ^ u_wb_mux._184_/A1 (sky130_fd_sc_hd__a22o_2)
                  0.04    0.16    0.94 ^ u_wb_mux._184_/X (sky130_fd_sc_hd__a22o_2)
     1    0.00                           u_wb_mux._073_ (net)
                  0.04    0.00    0.94 ^ u_wb_mux._186_/B1 (sky130_fd_sc_hd__a211o_2)
                  0.42    0.36    1.30 ^ u_wb_mux._186_/X (sky130_fd_sc_hd__a211o_2)
     3    0.09                           u_regfile.wd[26] (net)
                  0.56    0.01    1.31 ^ u_regfile.u_sram_rs2/din0[26] (sky130_sram_1kbyte_1rw1r_32x256_8)
                                  1.31   data arrival time

                  0.10    0.00    0.00   clock clk (rise edge)
                          0.00    0.00   clock network delay (ideal)
                          0.20    0.20   clock uncertainty
                          0.00    0.20   clock reconvergence pessimism
                                  0.20 ^ u_regfile.u_sram_rs2/clk0 (sky130_sram_1kbyte_1rw1r_32x256_8)
                         -0.06    0.14   library hold time
                                  0.14   data required time
-----------------------------------------------------------------------------
                                  0.14   data required time
                                 -1.31   data arrival time
-----------------------------------------------------------------------------
                                  1.17   slack (MET)


Startpoint: u_pc_reg._161_ (rising edge-triggered flip-flop clocked by clk)
Endpoint: u_pc_reg._161_ (rising edge-triggered flip-flop clocked by clk)
Path Group: clk
Path Type: min

Fanout     Cap    Slew   Delay    Time   Description
-----------------------------------------------------------------------------
                  0.10    0.00    0.00   clock clk (rise edge)
                          0.00    0.00   clock network delay (ideal)
                  0.10    0.00    0.00 ^ u_pc_reg._161_/CLK (sky130_fd_sc_hd__dfxtp_2)
                  0.26    0.52    0.52 v u_pc_reg._161_/Q (sky130_fd_sc_hd__dfxtp_2)
    13    0.11                           u_imem.addr[27] (net)
                  0.26    0.00    0.52 v u_pc_next_logic._1509_/A (sky130_fd_sc_hd__nor2_2)
                  0.15    0.24    0.76 ^ u_pc_next_logic._1509_/Y (sky130_fd_sc_hd__nor2_2)
     4    0.01                           u_pc_next_logic._0737_ (net)
                  0.15    0.00    0.76 ^ u_pc_next_logic._1512_/B (sky130_fd_sc_hd__or3_2)
                  0.03    0.14    0.90 ^ u_pc_next_logic._1512_/X (sky130_fd_sc_hd__or3_2)
     1    0.00                           u_pc_next_logic._0740_ (net)
                  0.03    0.00    0.90 ^ u_pc_next_logic._1513_/A3 (sky130_fd_sc_hd__a31o_2)
                  0.04    0.14    1.04 ^ u_pc_next_logic._1513_/X (sky130_fd_sc_hd__a31o_2)
     1    0.00                           u_pc_next_logic._0741_ (net)
                  0.04    0.00    1.04 ^ u_pc_next_logic._1514_/B2 (sky130_fd_sc_hd__o22a_2)
                  0.03    0.11    1.15 ^ u_pc_next_logic._1514_/X (sky130_fd_sc_hd__o22a_2)
     1    0.00                           u_pc_next_logic.pc_next[27] (net)
                  0.03    0.00    1.15 ^ u_pc_reg._124_/B (sky130_fd_sc_hd__and2_2)
                  0.04    0.12    1.27 ^ u_pc_reg._124_/X (sky130_fd_sc_hd__and2_2)
     1    0.00                           u_pc_reg._044_ (net)
                  0.04    0.00    1.27 ^ u_pc_reg._125_/A (sky130_fd_sc_hd__buf_1)
                  0.04    0.07    1.34 ^ u_pc_reg._125_/X (sky130_fd_sc_hd__buf_1)
     1    0.00                           u_pc_reg._027_ (net)
                  0.04    0.00    1.34 ^ u_pc_reg._161_/D (sky130_fd_sc_hd__dfxtp_2)
                                  1.34   data arrival time

                  0.10    0.00    0.00   clock clk (rise edge)
                          0.00    0.00   clock network delay (ideal)
                          0.20    0.20   clock uncertainty
                          0.00    0.20   clock reconvergence pessimism
                                  0.20 ^ u_pc_reg._161_/CLK (sky130_fd_sc_hd__dfxtp_2)
                         -0.02    0.18   library hold time
                                  0.18   data required time
-----------------------------------------------------------------------------
                                  0.18   data required time
                                 -1.34   data arrival time
-----------------------------------------------------------------------------
                                  1.17   slack (MET)


Startpoint: u_pc_reg._160_ (rising edge-triggered flip-flop clocked by clk)
Endpoint: u_regfile.u_sram_rs1 (falling edge-triggered flip-flop clocked by clk)
Path Group: clk
Path Type: min

Fanout     Cap    Slew   Delay    Time   Description
-----------------------------------------------------------------------------
                  0.10    0.00    0.00   clock clk (rise edge)
                          0.00    0.00   clock network delay (ideal)
                  0.10    0.00    0.00 ^ u_pc_reg._160_/CLK (sky130_fd_sc_hd__dfxtp_2)
                  0.24    0.49    0.49 v u_pc_reg._160_/Q (sky130_fd_sc_hd__dfxtp_2)
    12    0.10                           u_imem.addr[26] (net)
                  0.24    0.03    0.52 v u_pc_next_logic._0836_/A (sky130_fd_sc_hd__xor2_2)
                  0.14    0.27    0.78 ^ u_pc_next_logic._0836_/X (sky130_fd_sc_hd__xor2_2)
     2    0.01                           u_pc_next_logic.pc_plus4[26] (net)
                  0.14    0.00    0.78 ^ u_wb_mux._184_/A1 (sky130_fd_sc_hd__a22o_2)
                  0.04    0.16    0.94 ^ u_wb_mux._184_/X (sky130_fd_sc_hd__a22o_2)
     1    0.00                           u_wb_mux._073_ (net)
                  0.04    0.00    0.94 ^ u_wb_mux._186_/B1 (sky130_fd_sc_hd__a211o_2)
                  0.42    0.36    1.30 ^ u_wb_mux._186_/X (sky130_fd_sc_hd__a211o_2)
     3    0.09                           u_regfile.wd[26] (net)
                  0.56    0.01    1.32 ^ u_regfile.u_sram_rs1/din0[26] (sky130_sram_1kbyte_1rw1r_32x256_8)
                                  1.32   data arrival time

                  0.10    0.00    0.00   clock clk (rise edge)
                          0.00    0.00   clock network delay (ideal)
                          0.20    0.20   clock uncertainty
                          0.00    0.20   clock reconvergence pessimism
                                  0.20 ^ u_regfile.u_sram_rs1/clk0 (sky130_sram_1kbyte_1rw1r_32x256_8)
                         -0.06    0.14   library hold time
                                  0.14   data required time
-----------------------------------------------------------------------------
                                  0.14   data required time
                                 -1.32   data arrival time
-----------------------------------------------------------------------------
                                  1.18   slack (MET)


Startpoint: u_pc_reg._146_ (rising edge-triggered flip-flop clocked by clk)
Endpoint: u_pc_reg._146_ (rising edge-triggered flip-flop clocked by clk)
Path Group: clk
Path Type: min

Fanout     Cap    Slew   Delay    Time   Description
-----------------------------------------------------------------------------
                  0.10    0.00    0.00   clock clk (rise edge)
                          0.00    0.00   clock network delay (ideal)
                  0.10    0.00    0.00 ^ u_pc_reg._146_/CLK (sky130_fd_sc_hd__dfxtp_2)
                  0.17    0.45    0.45 v u_pc_reg._146_/Q (sky130_fd_sc_hd__dfxtp_2)
    12    0.07                           u_imem.addr[12] (net)
                  0.17    0.00    0.45 v u_pc_next_logic._1138_/A (sky130_fd_sc_hd__nor2_2)
                  0.09    0.16    0.61 ^ u_pc_next_logic._1138_/Y (sky130_fd_sc_hd__nor2_2)
     1    0.01                           u_pc_next_logic._0381_ (net)
                  0.09    0.00    0.61 ^ u_pc_next_logic._1139_/B (sky130_fd_sc_hd__nor2_2)
                  0.05    0.07    0.67 v u_pc_next_logic._1139_/Y (sky130_fd_sc_hd__nor2_2)
     3    0.02                           u_pc_next_logic._0382_ (net)
                  0.05    0.00    0.67 v u_pc_next_logic._1145_/A (sky130_fd_sc_hd__xor2_2)
                  0.07    0.13    0.81 ^ u_pc_next_logic._1145_/X (sky130_fd_sc_hd__xor2_2)
     1    0.00                           u_pc_next_logic._0388_ (net)
                  0.07    0.00    0.81 ^ u_pc_next_logic._1146_/A1 (sky130_fd_sc_hd__mux2_2)
                  0.05    0.16    0.96 ^ u_pc_next_logic._1146_/X (sky130_fd_sc_hd__mux2_2)
     1    0.01                           u_pc_next_logic._0389_ (net)
                  0.05    0.00    0.96 ^ u_pc_next_logic._1147_/A1 (sky130_fd_sc_hd__mux2_2)
                  0.04    0.13    1.09 ^ u_pc_next_logic._1147_/X (sky130_fd_sc_hd__mux2_2)
     1    0.00                           u_pc_next_logic._0390_ (net)
                  0.04    0.00    1.09 ^ u_pc_next_logic._1148_/A (sky130_fd_sc_hd__buf_1)
                  0.03    0.07    1.16 ^ u_pc_next_logic._1148_/X (sky130_fd_sc_hd__buf_1)
     1    0.00                           u_pc_next_logic.pc_next[12] (net)
                  0.03    0.00    1.16 ^ u_pc_reg._093_/B (sky130_fd_sc_hd__and2_2)
                  0.04    0.12    1.29 ^ u_pc_reg._093_/X (sky130_fd_sc_hd__and2_2)
     1    0.00                           u_pc_reg._063_ (net)
                  0.04    0.00    1.29 ^ u_pc_reg._094_/A (sky130_fd_sc_hd__buf_1)
                  0.04    0.07    1.36 ^ u_pc_reg._094_/X (sky130_fd_sc_hd__buf_1)
     1    0.00                           u_pc_reg._012_ (net)
                  0.04    0.00    1.36 ^ u_pc_reg._146_/D (sky130_fd_sc_hd__dfxtp_2)
                                  1.36   data arrival time

                  0.10    0.00    0.00   clock clk (rise edge)
                          0.00    0.00   clock network delay (ideal)
                          0.20    0.20   clock uncertainty
                          0.00    0.20   clock reconvergence pessimism
                                  0.20 ^ u_pc_reg._146_/CLK (sky130_fd_sc_hd__dfxtp_2)
                         -0.02    0.18   library hold time
                                  0.18   data required time
-----------------------------------------------------------------------------
                                  0.18   data required time
                                 -1.36   data arrival time
-----------------------------------------------------------------------------
                                  1.18   slack (MET)


Startpoint: u_pc_reg._146_ (rising edge-triggered flip-flop clocked by clk)
Endpoint: u_regfile.u_sram_rs2 (falling edge-triggered flip-flop clocked by clk)
Path Group: clk
Path Type: min

Fanout     Cap    Slew   Delay    Time   Description
-----------------------------------------------------------------------------
                  0.10    0.00    0.00   clock clk (rise edge)
                          0.00    0.00   clock network delay (ideal)
                  0.10    0.00    0.00 ^ u_pc_reg._146_/CLK (sky130_fd_sc_hd__dfxtp_2)
                  0.17    0.45    0.45 v u_pc_reg._146_/Q (sky130_fd_sc_hd__dfxtp_2)
    12    0.07                           u_imem.addr[12] (net)
                  0.17    0.00    0.45 v u_pc_next_logic._0795_/A (sky130_fd_sc_hd__xor2_2)
                  0.11    0.22    0.67 ^ u_pc_next_logic._0795_/X (sky130_fd_sc_hd__xor2_2)
     2    0.01                           u_pc_next_logic.pc_plus4[12] (net)
                  0.11    0.00    0.67 ^ u_wb_mux._137_/A1 (sky130_fd_sc_hd__a22o_2)
                  0.04    0.15    0.82 ^ u_wb_mux._137_/X (sky130_fd_sc_hd__a22o_2)
     1    0.00                           u_wb_mux._040_ (net)
                  0.04    0.00    0.82 ^ u_wb_mux._139_/B1 (sky130_fd_sc_hd__a211o_2)
                  0.66    0.49    1.31 ^ u_wb_mux._139_/X (sky130_fd_sc_hd__a211o_2)
     3    0.14                           u_regfile.wd[12] (net)
                  0.88    0.03    1.33 ^ u_regfile.u_sram_rs2/din0[12] (sky130_sram_1kbyte_1rw1r_32x256_8)
                                  1.33   data arrival time

                  0.10    0.00    0.00   clock clk (rise edge)
                          0.00    0.00   clock network delay (ideal)
                          0.20    0.20   clock uncertainty
                          0.00    0.20   clock reconvergence pessimism
                                  0.20 ^ u_regfile.u_sram_rs2/clk0 (sky130_sram_1kbyte_1rw1r_32x256_8)
                         -0.06    0.14   library hold time
                                  0.14   data required time
-----------------------------------------------------------------------------
                                  0.14   data required time
                                 -1.33   data arrival time
-----------------------------------------------------------------------------
                                  1.19   slack (MET)


Startpoint: u_pc_reg._150_ (rising edge-triggered flip-flop clocked by clk)
Endpoint: u_pc_reg._151_ (rising edge-triggered flip-flop clocked by clk)
Path Group: clk
Path Type: min

Fanout     Cap    Slew   Delay    Time   Description
-----------------------------------------------------------------------------
                  0.10    0.00    0.00   clock clk (rise edge)
                          0.00    0.00   clock network delay (ideal)
                  0.10    0.00    0.00 ^ u_pc_reg._150_/CLK (sky130_fd_sc_hd__dfxtp_2)
                  0.23    0.49    0.49 v u_pc_reg._150_/Q (sky130_fd_sc_hd__dfxtp_2)
    13    0.10                           u_imem.addr[16] (net)
                  0.23    0.00    0.50 v u_pc_next_logic._1248_/A (sky130_fd_sc_hd__nand2_2)
                  0.08    0.16    0.66 ^ u_pc_next_logic._1248_/Y (sky130_fd_sc_hd__nand2_2)
     3    0.01                           u_pc_next_logic._0487_ (net)
                  0.08    0.00    0.66 ^ u_pc_next_logic._1260_/B1 (sky130_fd_sc_hd__o21ai_2)
                  0.05    0.07    0.73 v u_pc_next_logic._1260_/Y (sky130_fd_sc_hd__o21ai_2)
     1    0.01                           u_pc_next_logic._0498_ (net)
                  0.05    0.00    0.73 v u_pc_next_logic._1261_/B (sky130_fd_sc_hd__xnor2_2)
                  0.04    0.12    0.85 ^ u_pc_next_logic._1261_/Y (sky130_fd_sc_hd__xnor2_2)
     1    0.00                           u_pc_next_logic._0499_ (net)
                  0.04    0.00    0.85 ^ u_pc_next_logic._1267_/A2 (sky130_fd_sc_hd__a211o_2)
                  0.13    0.20    1.04 ^ u_pc_next_logic._1267_/X (sky130_fd_sc_hd__a211o_2)
     1    0.03                           u_pc_next_logic._0505_ (net)
                  0.13    0.00    1.05 ^ u_pc_next_logic._1268_/B1 (sky130_fd_sc_hd__o21a_2)
                  0.03    0.14    1.19 ^ u_pc_next_logic._1268_/X (sky130_fd_sc_hd__o21a_2)
     1    0.00                           u_pc_next_logic.pc_next[17] (net)
                  0.03    0.00    1.19 ^ u_pc_reg._103_/B (sky130_fd_sc_hd__and2_2)
                  0.04    0.12    1.31 ^ u_pc_reg._103_/X (sky130_fd_sc_hd__and2_2)
     1    0.00                           u_pc_reg._033_ (net)
                  0.04    0.00    1.31 ^ u_pc_reg._104_/A (sky130_fd_sc_hd__buf_1)
                  0.03    0.07    1.37 ^ u_pc_reg._104_/X (sky130_fd_sc_hd__buf_1)
     1    0.00                           u_pc_reg._017_ (net)
                  0.03    0.00    1.37 ^ u_pc_reg._151_/D (sky130_fd_sc_hd__dfxtp_2)
                                  1.37   data arrival time

                  0.10    0.00    0.00   clock clk (rise edge)
                          0.00    0.00   clock network delay (ideal)
                          0.20    0.20   clock uncertainty
                          0.00    0.20   clock reconvergence pessimism
                                  0.20 ^ u_pc_reg._151_/CLK (sky130_fd_sc_hd__dfxtp_2)
                         -0.02    0.18   library hold time
                                  0.18   data required time
-----------------------------------------------------------------------------
                                  0.18   data required time
                                 -1.37   data arrival time
-----------------------------------------------------------------------------
                                  1.20   slack (MET)


Startpoint: u_pc_reg._147_ (rising edge-triggered flip-flop clocked by clk)
Endpoint: u_pc_reg._148_ (rising edge-triggered flip-flop clocked by clk)
Path Group: clk
Path Type: min

Fanout     Cap    Slew   Delay    Time   Description
-----------------------------------------------------------------------------
                  0.10    0.00    0.00   clock clk (rise edge)
                          0.00    0.00   clock network delay (ideal)
                  0.10    0.00    0.00 ^ u_pc_reg._147_/CLK (sky130_fd_sc_hd__dfxtp_2)
                  0.19    0.46    0.46 v u_pc_reg._147_/Q (sky130_fd_sc_hd__dfxtp_2)
    13    0.08                           u_imem.addr[13] (net)
                  0.19    0.00    0.47 v u_pc_next_logic._1173_/A1 (sky130_fd_sc_hd__a21oi_2)
                  0.13    0.21    0.67 ^ u_pc_next_logic._1173_/Y (sky130_fd_sc_hd__a21oi_2)
     2    0.01                           u_pc_next_logic._0414_ (net)
                  0.13    0.00    0.67 ^ u_pc_next_logic._1174_/B (sky130_fd_sc_hd__nand2_2)
                  0.06    0.09    0.77 v u_pc_next_logic._1174_/Y (sky130_fd_sc_hd__nand2_2)
     2    0.01                           u_pc_next_logic._0415_ (net)
                  0.06    0.00    0.77 v u_pc_next_logic._1175_/B (sky130_fd_sc_hd__xnor2_2)
                  0.04    0.12    0.89 ^ u_pc_next_logic._1175_/Y (sky130_fd_sc_hd__xnor2_2)
     1    0.00                           u_pc_next_logic._0416_ (net)
                  0.04    0.00    0.89 ^ u_pc_next_logic._1184_/A2 (sky130_fd_sc_hd__o21a_2)
                  0.03    0.10    0.99 ^ u_pc_next_logic._1184_/X (sky130_fd_sc_hd__o21a_2)
     1    0.00                           u_pc_next_logic._0425_ (net)
                  0.03    0.00    0.99 ^ u_pc_next_logic._1190_/A0 (sky130_fd_sc_hd__mux2_2)
                  0.04    0.13    1.11 ^ u_pc_next_logic._1190_/X (sky130_fd_sc_hd__mux2_2)
     1    0.00                           u_pc_next_logic._0431_ (net)
                  0.04    0.00    1.11 ^ u_pc_next_logic._1191_/A (sky130_fd_sc_hd__buf_1)
                  0.03    0.07    1.18 ^ u_pc_next_logic._1191_/X (sky130_fd_sc_hd__buf_1)
     1    0.00                           u_pc_next_logic.pc_next[14] (net)
                  0.03    0.00    1.18 ^ u_pc_reg._097_/B (sky130_fd_sc_hd__and2_2)
                  0.04    0.12    1.30 ^ u_pc_reg._097_/X (sky130_fd_sc_hd__and2_2)
     1    0.00                           u_pc_reg._065_ (net)
                  0.04    0.00    1.30 ^ u_pc_reg._098_/A (sky130_fd_sc_hd__buf_1)
                  0.04    0.07    1.37 ^ u_pc_reg._098_/X (sky130_fd_sc_hd__buf_1)
     1    0.00                           u_pc_reg._014_ (net)
                  0.04    0.00    1.37 ^ u_pc_reg._148_/D (sky130_fd_sc_hd__dfxtp_2)
                                  1.37   data arrival time

                  0.10    0.00    0.00   clock clk (rise edge)
                          0.00    0.00   clock network delay (ideal)
                          0.20    0.20   clock uncertainty
                          0.00    0.20   clock reconvergence pessimism
                                  0.20 ^ u_pc_reg._148_/CLK (sky130_fd_sc_hd__dfxtp_2)
                         -0.02    0.18   library hold time
                                  0.18   data required time
-----------------------------------------------------------------------------
                                  0.18   data required time
                                 -1.37   data arrival time
-----------------------------------------------------------------------------
                                  1.20   slack (MET)


Startpoint: u_pc_reg._137_ (rising edge-triggered flip-flop clocked by clk)
Endpoint: u_pc_reg._137_ (rising edge-triggered flip-flop clocked by clk)
Path Group: clk
Path Type: min

Fanout     Cap    Slew   Delay    Time   Description
-----------------------------------------------------------------------------
                  0.10    0.00    0.00   clock clk (rise edge)
                          0.00    0.00   clock network delay (ideal)
                  0.10    0.00    0.00 ^ u_pc_reg._137_/CLK (sky130_fd_sc_hd__dfxtp_2)
                  0.19    0.46    0.46 v u_pc_reg._137_/Q (sky130_fd_sc_hd__dfxtp_2)
    13    0.08                           u_imem.addr[3] (net)
                  0.19    0.00    0.47 v u_pc_next_logic._0772_/B (sky130_fd_sc_hd__xor2_2)
                  0.12    0.20    0.67 ^ u_pc_next_logic._0772_/X (sky130_fd_sc_hd__xor2_2)
     2    0.01                           u_pc_next_logic.pc_plus4[3] (net)
                  0.12    0.00    0.67 ^ u_pc_next_logic._0922_/A0 (sky130_fd_sc_hd__mux2_2)
                  0.05    0.17    0.84 ^ u_pc_next_logic._0922_/X (sky130_fd_sc_hd__mux2_2)
     1    0.01                           u_pc_next_logic._0174_ (net)
                  0.05    0.00    0.84 ^ u_pc_next_logic._0928_/A0 (sky130_fd_sc_hd__mux2_2)
                  0.05    0.15    0.99 ^ u_pc_next_logic._0928_/X (sky130_fd_sc_hd__mux2_2)
     1    0.01                           u_pc_next_logic._0180_ (net)
                  0.05    0.00    0.99 ^ u_pc_next_logic._0929_/A1 (sky130_fd_sc_hd__mux2_2)
                  0.04    0.13    1.12 ^ u_pc_next_logic._0929_/X (sky130_fd_sc_hd__mux2_2)
     1    0.00                           u_pc_next_logic._0181_ (net)
                  0.04    0.00    1.12 ^ u_pc_next_logic._0930_/A (sky130_fd_sc_hd__buf_1)
                  0.03    0.07    1.19 ^ u_pc_next_logic._0930_/X (sky130_fd_sc_hd__buf_1)
     1    0.00                           u_pc_next_logic.pc_next[3] (net)
                  0.03    0.00    1.19 ^ u_pc_reg._074_/B (sky130_fd_sc_hd__and2_2)
                  0.04    0.12    1.31 ^ u_pc_reg._074_/X (sky130_fd_sc_hd__and2_2)
     1    0.00                           u_pc_reg._053_ (net)
                  0.04    0.00    1.31 ^ u_pc_reg._075_/A (sky130_fd_sc_hd__buf_1)
                  0.03    0.07    1.38 ^ u_pc_reg._075_/X (sky130_fd_sc_hd__buf_1)
     1    0.00                           u_pc_reg._003_ (net)
                  0.03    0.00    1.38 ^ u_pc_reg._137_/D (sky130_fd_sc_hd__dfxtp_2)
                                  1.38   data arrival time

                  0.10    0.00    0.00   clock clk (rise edge)
                          0.00    0.00   clock network delay (ideal)
                          0.20    0.20   clock uncertainty
                          0.00    0.20   clock reconvergence pessimism
                                  0.20 ^ u_pc_reg._137_/CLK (sky130_fd_sc_hd__dfxtp_2)
                         -0.02    0.18   library hold time
                                  0.18   data required time
-----------------------------------------------------------------------------
                                  0.18   data required time
                                 -1.38   data arrival time
-----------------------------------------------------------------------------
                                  1.20   slack (MET)


Startpoint: u_pc_reg._143_ (rising edge-triggered flip-flop clocked by clk)
Endpoint: u_pc_reg._144_ (rising edge-triggered flip-flop clocked by clk)
Path Group: clk
Path Type: min

Fanout     Cap    Slew   Delay    Time   Description
-----------------------------------------------------------------------------
                  0.10    0.00    0.00   clock clk (rise edge)
                          0.00    0.00   clock network delay (ideal)
                  0.10    0.00    0.00 ^ u_pc_reg._143_/CLK (sky130_fd_sc_hd__dfxtp_2)
                  0.22    0.49    0.49 v u_pc_reg._143_/Q (sky130_fd_sc_hd__dfxtp_2)
    16    0.10                           u_imem.addr[9] (net)
                  0.22    0.01    0.50 v u_pc_next_logic._0789_/A1 (sky130_fd_sc_hd__a21oi_2)
                  0.10    0.19    0.69 ^ u_pc_next_logic._0789_/Y (sky130_fd_sc_hd__a21oi_2)
     1    0.00                           u_pc_next_logic._0066_ (net)
                  0.10    0.00    0.69 ^ u_pc_next_logic._0790_/B (sky130_fd_sc_hd__nor2_2)
                  0.04    0.06    0.75 v u_pc_next_logic._0790_/Y (sky130_fd_sc_hd__nor2_2)
     2    0.01                           u_pc_next_logic.pc_plus4[10] (net)
                  0.04    0.00    0.75 v u_pc_next_logic._1085_/A1 (sky130_fd_sc_hd__a21oi_2)
                  0.08    0.11    0.86 ^ u_pc_next_logic._1085_/Y (sky130_fd_sc_hd__a21oi_2)
     1    0.00                           u_pc_next_logic._0330_ (net)
                  0.08    0.00    0.86 ^ u_pc_next_logic._1093_/A2 (sky130_fd_sc_hd__a221o_2)
                  0.10    0.21    1.06 ^ u_pc_next_logic._1093_/X (sky130_fd_sc_hd__a221o_2)
     1    0.02                           u_pc_next_logic._0338_ (net)
                  0.10    0.00    1.07 ^ u_pc_next_logic._1094_/B1 (sky130_fd_sc_hd__o31ai_2)
                  0.02    0.07    1.13 v u_pc_next_logic._1094_/Y (sky130_fd_sc_hd__o31ai_2)
     1    0.00                           u_pc_next_logic.pc_next[10] (net)
                  0.02    0.00    1.13 v u_pc_reg._088_/B (sky130_fd_sc_hd__and2_2)
                  0.03    0.17    1.30 v u_pc_reg._088_/X (sky130_fd_sc_hd__and2_2)
     1    0.00                           u_pc_reg._060_ (net)
                  0.03    0.00    1.30 v u_pc_reg._089_/A (sky130_fd_sc_hd__buf_1)
                  0.02    0.08    1.38 v u_pc_reg._089_/X (sky130_fd_sc_hd__buf_1)
     1    0.00                           u_pc_reg._010_ (net)
                  0.02    0.00    1.38 v u_pc_reg._144_/D (sky130_fd_sc_hd__dfxtp_2)
                                  1.38   data arrival time

                  0.10    0.00    0.00   clock clk (rise edge)
                          0.00    0.00   clock network delay (ideal)
                          0.20    0.20   clock uncertainty
                          0.00    0.20   clock reconvergence pessimism
                                  0.20 ^ u_pc_reg._144_/CLK (sky130_fd_sc_hd__dfxtp_2)
                         -0.02    0.18   library hold time
                                  0.18   data required time
-----------------------------------------------------------------------------
                                  0.18   data required time
                                 -1.38   data arrival time
-----------------------------------------------------------------------------
                                  1.21   slack (MET)


Startpoint: u_pc_reg._136_ (rising edge-triggered flip-flop clocked by clk)
Endpoint: u_pc_reg._136_ (rising edge-triggered flip-flop clocked by clk)
Path Group: clk
Path Type: min

Fanout     Cap    Slew   Delay    Time   Description
-----------------------------------------------------------------------------
                  0.10    0.00    0.00   clock clk (rise edge)
                          0.00    0.00   clock network delay (ideal)
                  0.10    0.00    0.00 ^ u_pc_reg._136_/CLK (sky130_fd_sc_hd__dfxtp_2)
                  0.29    0.53    0.53 v u_pc_reg._136_/Q (sky130_fd_sc_hd__dfxtp_2)
    16    0.13                           u_imem.addr[2] (net)
                  0.29    0.01    0.55 v u_pc_next_logic._0897_/A (sky130_fd_sc_hd__nand2_2)
                  0.05    0.15    0.69 ^ u_pc_next_logic._0897_/Y (sky130_fd_sc_hd__nand2_2)
     2    0.01                           u_pc_next_logic._0150_ (net)
                  0.05    0.00    0.69 ^ u_pc_next_logic._0898_/B (sky130_fd_sc_hd__nand2_2)
                  0.04    0.06    0.76 v u_pc_next_logic._0898_/Y (sky130_fd_sc_hd__nand2_2)
     1    0.01                           u_pc_next_logic._0151_ (net)
                  0.04    0.00    0.76 v u_pc_next_logic._0899_/B (sky130_fd_sc_hd__xor2_2)
                  0.08    0.12    0.87 ^ u_pc_next_logic._0899_/X (sky130_fd_sc_hd__xor2_2)
     1    0.00                           u_pc_next_logic._0152_ (net)
                  0.08    0.00    0.87 ^ u_pc_next_logic._0910_/A2 (sky130_fd_sc_hd__a211o_2)
                  0.09    0.18    1.06 ^ u_pc_next_logic._0910_/X (sky130_fd_sc_hd__a211o_2)
     1    0.02                           u_pc_next_logic._0163_ (net)
                  0.09    0.00    1.06 ^ u_pc_next_logic._0911_/B1 (sky130_fd_sc_hd__o21ai_2)
                  0.03    0.07    1.12 v u_pc_next_logic._0911_/Y (sky130_fd_sc_hd__o21ai_2)
     1    0.01                           u_pc_next_logic.pc_next[2] (net)
                  0.03    0.00    1.12 v u_pc_reg._072_/B (sky130_fd_sc_hd__and2_2)
                  0.03    0.18    1.30 v u_pc_reg._072_/X (sky130_fd_sc_hd__and2_2)
     1    0.00                           u_pc_reg._052_ (net)
                  0.03    0.00    1.30 v u_pc_reg._073_/A (sky130_fd_sc_hd__buf_1)
                  0.02    0.08    1.38 v u_pc_reg._073_/X (sky130_fd_sc_hd__buf_1)
     1    0.00                           u_pc_reg._002_ (net)
                  0.02    0.00    1.38 v u_pc_reg._136_/D (sky130_fd_sc_hd__dfxtp_2)
                                  1.38   data arrival time

                  0.10    0.00    0.00   clock clk (rise edge)
                          0.00    0.00   clock network delay (ideal)
                          0.20    0.20   clock uncertainty
                          0.00    0.20   clock reconvergence pessimism
                                  0.20 ^ u_pc_reg._136_/CLK (sky130_fd_sc_hd__dfxtp_2)
                         -0.03    0.17   library hold time
                                  0.17   data required time
-----------------------------------------------------------------------------
                                  0.17   data required time
                                 -1.38   data arrival time
-----------------------------------------------------------------------------
                                  1.21   slack (MET)


Startpoint: u_pc_reg._148_ (rising edge-triggered flip-flop clocked by clk)
Endpoint: u_regfile.u_sram_rs2 (falling edge-triggered flip-flop clocked by clk)
Path Group: clk
Path Type: min

Fanout     Cap    Slew   Delay    Time   Description
-----------------------------------------------------------------------------
                  0.10    0.00    0.00   clock clk (rise edge)
                          0.00    0.00   clock network delay (ideal)
                  0.10    0.00    0.00 ^ u_pc_reg._148_/CLK (sky130_fd_sc_hd__dfxtp_2)
                  0.21    0.48    0.48 v u_pc_reg._148_/Q (sky130_fd_sc_hd__dfxtp_2)
    13    0.09                           u_imem.addr[14] (net)
                  0.21    0.00    0.48 v u_pc_next_logic._0801_/A (sky130_fd_sc_hd__xor2_2)
                  0.14    0.25    0.73 ^ u_pc_next_logic._0801_/X (sky130_fd_sc_hd__xor2_2)
     2    0.01                           u_pc_next_logic.pc_plus4[14] (net)
                  0.14    0.00    0.73 ^ u_wb_mux._143_/A1 (sky130_fd_sc_hd__a22o_2)
                  0.04    0.16    0.89 ^ u_wb_mux._143_/X (sky130_fd_sc_hd__a22o_2)
     1    0.00                           u_wb_mux._044_ (net)
                  0.04    0.00    0.89 ^ u_wb_mux._145_/B1 (sky130_fd_sc_hd__a211o_2)
                  0.58    0.45    1.34 ^ u_wb_mux._145_/X (sky130_fd_sc_hd__a211o_2)
     3    0.13                           u_regfile.wd[14] (net)
                  0.78    0.02    1.36 ^ u_regfile.u_sram_rs2/din0[14] (sky130_sram_1kbyte_1rw1r_32x256_8)
                                  1.36   data arrival time

                  0.10    0.00    0.00   clock clk (rise edge)
                          0.00    0.00   clock network delay (ideal)
                          0.20    0.20   clock uncertainty
                          0.00    0.20   clock reconvergence pessimism
                                  0.20 ^ u_regfile.u_sram_rs2/clk0 (sky130_sram_1kbyte_1rw1r_32x256_8)
                         -0.06    0.14   library hold time
                                  0.14   data required time
-----------------------------------------------------------------------------
                                  0.14   data required time
                                 -1.36   data arrival time
-----------------------------------------------------------------------------
                                  1.22   slack (MET)


Startpoint: u_pc_reg._150_ (rising edge-triggered flip-flop clocked by clk)
Endpoint: u_regfile.u_sram_rs2 (falling edge-triggered flip-flop clocked by clk)
Path Group: clk
Path Type: min

Fanout     Cap    Slew   Delay    Time   Description
-----------------------------------------------------------------------------
                  0.10    0.00    0.00   clock clk (rise edge)
                          0.00    0.00   clock network delay (ideal)
                  0.10    0.00    0.00 ^ u_pc_reg._150_/CLK (sky130_fd_sc_hd__dfxtp_2)
                  0.23    0.49    0.49 v u_pc_reg._150_/Q (sky130_fd_sc_hd__dfxtp_2)
    13    0.10                           u_imem.addr[16] (net)
                  0.23    0.00    0.50 v _529_/A (sky130_fd_sc_hd__nand2_2)
                  0.06    0.13    0.63 ^ _529_/Y (sky130_fd_sc_hd__nand2_2)
     2    0.01                           _183_ (net)
                  0.06    0.00    0.63 ^ _531_/A (sky130_fd_sc_hd__nand2_2)
                  0.07    0.08    0.71 v _531_/Y (sky130_fd_sc_hd__nand2_2)
     3    0.01                           _185_ (net)
                  0.07    0.00    0.71 v _532_/B (sky130_fd_sc_hd__xor2_2)
                  0.07    0.12    0.82 ^ _532_/X (sky130_fd_sc_hd__xor2_2)
     1    0.00                           u_wb_mux.pc_plus_imm[16] (net)
                  0.07    0.00    0.82 ^ u_wb_mux._149_/B2 (sky130_fd_sc_hd__a22o_2)
                  0.04    0.13    0.95 ^ u_wb_mux._149_/X (sky130_fd_sc_hd__a22o_2)
     1    0.00                           u_wb_mux._048_ (net)
                  0.04    0.00    0.95 ^ u_wb_mux._151_/B1 (sky130_fd_sc_hd__a211o_2)
                  0.49    0.40    1.35 ^ u_wb_mux._151_/X (sky130_fd_sc_hd__a211o_2)
     3    0.10                           u_regfile.wd[16] (net)
                  0.65    0.01    1.36 ^ u_regfile.u_sram_rs2/din0[16] (sky130_sram_1kbyte_1rw1r_32x256_8)
                                  1.36   data arrival time

                  0.10    0.00    0.00   clock clk (rise edge)
                          0.00    0.00   clock network delay (ideal)
                          0.20    0.20   clock uncertainty
                          0.00    0.20   clock reconvergence pessimism
                                  0.20 ^ u_regfile.u_sram_rs2/clk0 (sky130_sram_1kbyte_1rw1r_32x256_8)
                         -0.06    0.14   library hold time
                                  0.14   data required time
-----------------------------------------------------------------------------
                                  0.14   data required time
                                 -1.36   data arrival time
-----------------------------------------------------------------------------
                                  1.22   slack (MET)


Startpoint: u_pc_reg._146_ (rising edge-triggered flip-flop clocked by clk)
Endpoint: u_regfile.u_sram_rs1 (falling edge-triggered flip-flop clocked by clk)
Path Group: clk
Path Type: min

Fanout     Cap    Slew   Delay    Time   Description
-----------------------------------------------------------------------------
                  0.10    0.00    0.00   clock clk (rise edge)
                          0.00    0.00   clock network delay (ideal)
                  0.10    0.00    0.00 ^ u_pc_reg._146_/CLK (sky130_fd_sc_hd__dfxtp_2)
                  0.17    0.45    0.45 v u_pc_reg._146_/Q (sky130_fd_sc_hd__dfxtp_2)
    12    0.07                           u_imem.addr[12] (net)
                  0.17    0.00    0.45 v u_pc_next_logic._0795_/A (sky130_fd_sc_hd__xor2_2)
                  0.11    0.22    0.67 ^ u_pc_next_logic._0795_/X (sky130_fd_sc_hd__xor2_2)
     2    0.01                           u_pc_next_logic.pc_plus4[12] (net)
                  0.11    0.00    0.67 ^ u_wb_mux._137_/A1 (sky130_fd_sc_hd__a22o_2)
                  0.04    0.15    0.82 ^ u_wb_mux._137_/X (sky130_fd_sc_hd__a22o_2)
     1    0.00                           u_wb_mux._040_ (net)
                  0.04    0.00    0.82 ^ u_wb_mux._139_/B1 (sky130_fd_sc_hd__a211o_2)
                  0.66    0.49    1.31 ^ u_wb_mux._139_/X (sky130_fd_sc_hd__a211o_2)
     3    0.14                           u_regfile.wd[12] (net)
                  0.88    0.05    1.36 ^ u_regfile.u_sram_rs1/din0[12] (sky130_sram_1kbyte_1rw1r_32x256_8)
                                  1.36   data arrival time

                  0.10    0.00    0.00   clock clk (rise edge)
                          0.00    0.00   clock network delay (ideal)
                          0.20    0.20   clock uncertainty
                          0.00    0.20   clock reconvergence pessimism
                                  0.20 ^ u_regfile.u_sram_rs1/clk0 (sky130_sram_1kbyte_1rw1r_32x256_8)
                         -0.06    0.14   library hold time
                                  0.14   data required time
-----------------------------------------------------------------------------
                                  0.14   data required time
                                 -1.36   data arrival time
-----------------------------------------------------------------------------
                                  1.22   slack (MET)


Startpoint: u_pc_reg._156_ (rising edge-triggered flip-flop clocked by clk)
Endpoint: u_pc_reg._157_ (rising edge-triggered flip-flop clocked by clk)
Path Group: clk
Path Type: min

Fanout     Cap    Slew   Delay    Time   Description
-----------------------------------------------------------------------------
                  0.10    0.00    0.00   clock clk (rise edge)
                          0.00    0.00   clock network delay (ideal)
                  0.10    0.00    0.00 ^ u_pc_reg._156_/CLK (sky130_fd_sc_hd__dfxtp_2)
                  0.20    0.47    0.47 v u_pc_reg._156_/Q (sky130_fd_sc_hd__dfxtp_2)
    11    0.09                           u_imem.addr[22] (net)
                  0.20    0.00    0.48 v u_pc_next_logic._1384_/A (sky130_fd_sc_hd__nand2_2)
                  0.08    0.15    0.63 ^ u_pc_next_logic._1384_/Y (sky130_fd_sc_hd__nand2_2)
     3    0.01                           u_pc_next_logic._0617_ (net)
                  0.08    0.00    0.63 ^ u_pc_next_logic._1410_/B1 (sky130_fd_sc_hd__o21ai_2)
                  0.05    0.07    0.70 v u_pc_next_logic._1410_/Y (sky130_fd_sc_hd__o21ai_2)
     1    0.01                           u_pc_next_logic._0642_ (net)
                  0.05    0.00    0.70 v u_pc_next_logic._1411_/B (sky130_fd_sc_hd__xnor2_2)
                  0.05    0.14    0.84 ^ u_pc_next_logic._1411_/Y (sky130_fd_sc_hd__xnor2_2)
     1    0.01                           u_pc_next_logic._0643_ (net)
                  0.05    0.00    0.84 ^ u_pc_next_logic._1412_/B1 (sky130_fd_sc_hd__a22o_2)
                  0.07    0.15    0.99 ^ u_pc_next_logic._1412_/X (sky130_fd_sc_hd__a22o_2)
     1    0.01                           u_pc_next_logic._0644_ (net)
                  0.07    0.00    0.99 ^ u_pc_next_logic._1413_/A1 (sky130_fd_sc_hd__mux2_2)
                  0.04    0.14    1.13 ^ u_pc_next_logic._1413_/X (sky130_fd_sc_hd__mux2_2)
     1    0.00                           u_pc_next_logic._0645_ (net)
                  0.04    0.00    1.13 ^ u_pc_next_logic._1414_/A (sky130_fd_sc_hd__buf_1)
                  0.04    0.07    1.20 ^ u_pc_next_logic._1414_/X (sky130_fd_sc_hd__buf_1)
     1    0.00                           u_pc_next_logic.pc_next[23] (net)
                  0.04    0.00    1.20 ^ u_pc_reg._116_/B (sky130_fd_sc_hd__and2_2)
                  0.04    0.13    1.33 ^ u_pc_reg._116_/X (sky130_fd_sc_hd__and2_2)
     1    0.00                           u_pc_reg._040_ (net)
                  0.04    0.00    1.33 ^ u_pc_reg._117_/A (sky130_fd_sc_hd__buf_1)
                  0.04    0.08    1.41 ^ u_pc_reg._117_/X (sky130_fd_sc_hd__buf_1)
     1    0.00                           u_pc_reg._023_ (net)
                  0.04    0.00    1.41 ^ u_pc_reg._157_/D (sky130_fd_sc_hd__dfxtp_2)
                                  1.41   data arrival time

                  0.10    0.00    0.00   clock clk (rise edge)
                          0.00    0.00   clock network delay (ideal)
                          0.20    0.20   clock uncertainty
                          0.00    0.20   clock reconvergence pessimism
                                  0.20 ^ u_pc_reg._157_/CLK (sky130_fd_sc_hd__dfxtp_2)
                         -0.02    0.18   library hold time
                                  0.18   data required time
-----------------------------------------------------------------------------
                                  0.18   data required time
                                 -1.41   data arrival time
-----------------------------------------------------------------------------
                                  1.23   slack (MET)


Startpoint: u_pc_reg._150_ (rising edge-triggered flip-flop clocked by clk)
Endpoint: u_regfile.u_sram_rs1 (falling edge-triggered flip-flop clocked by clk)
Path Group: clk
Path Type: min

Fanout     Cap    Slew   Delay    Time   Description
-----------------------------------------------------------------------------
                  0.10    0.00    0.00   clock clk (rise edge)
                          0.00    0.00   clock network delay (ideal)
                  0.10    0.00    0.00 ^ u_pc_reg._150_/CLK (sky130_fd_sc_hd__dfxtp_2)
                  0.23    0.49    0.49 v u_pc_reg._150_/Q (sky130_fd_sc_hd__dfxtp_2)
    13    0.10                           u_imem.addr[16] (net)
                  0.23    0.00    0.50 v _529_/A (sky130_fd_sc_hd__nand2_2)
                  0.06    0.13    0.63 ^ _529_/Y (sky130_fd_sc_hd__nand2_2)
     2    0.01                           _183_ (net)
                  0.06    0.00    0.63 ^ _531_/A (sky130_fd_sc_hd__nand2_2)
                  0.07    0.08    0.71 v _531_/Y (sky130_fd_sc_hd__nand2_2)
     3    0.01                           _185_ (net)
                  0.07    0.00    0.71 v _532_/B (sky130_fd_sc_hd__xor2_2)
                  0.07    0.12    0.82 ^ _532_/X (sky130_fd_sc_hd__xor2_2)
     1    0.00                           u_wb_mux.pc_plus_imm[16] (net)
                  0.07    0.00    0.82 ^ u_wb_mux._149_/B2 (sky130_fd_sc_hd__a22o_2)
                  0.04    0.13    0.95 ^ u_wb_mux._149_/X (sky130_fd_sc_hd__a22o_2)
     1    0.00                           u_wb_mux._048_ (net)
                  0.04    0.00    0.95 ^ u_wb_mux._151_/B1 (sky130_fd_sc_hd__a211o_2)
                  0.49    0.40    1.35 ^ u_wb_mux._151_/X (sky130_fd_sc_hd__a211o_2)
     3    0.10                           u_regfile.wd[16] (net)
                  0.66    0.03    1.38 ^ u_regfile.u_sram_rs1/din0[16] (sky130_sram_1kbyte_1rw1r_32x256_8)
                                  1.38   data arrival time

                  0.10    0.00    0.00   clock clk (rise edge)
                          0.00    0.00   clock network delay (ideal)
                          0.20    0.20   clock uncertainty
                          0.00    0.20   clock reconvergence pessimism
                                  0.20 ^ u_regfile.u_sram_rs1/clk0 (sky130_sram_1kbyte_1rw1r_32x256_8)
                         -0.06    0.14   library hold time
                                  0.14   data required time
-----------------------------------------------------------------------------
                                  0.14   data required time
                                 -1.38   data arrival time
-----------------------------------------------------------------------------
                                  1.23   slack (MET)


Startpoint: u_pc_reg._149_ (rising edge-triggered flip-flop clocked by clk)
Endpoint: u_regfile.u_sram_rs1 (falling edge-triggered flip-flop clocked by clk)
Path Group: clk
Path Type: min

Fanout     Cap    Slew   Delay    Time   Description
-----------------------------------------------------------------------------
                  0.10    0.00    0.00   clock clk (rise edge)
                          0.00    0.00   clock network delay (ideal)
                  0.10    0.00    0.00 ^ u_pc_reg._149_/CLK (sky130_fd_sc_hd__dfxtp_2)
                  0.45    0.62    0.62 ^ u_pc_reg._149_/Q (sky130_fd_sc_hd__dfxtp_2)
    12    0.09                           u_imem.addr[15] (net)
                  0.45    0.01    0.63 ^ u_pc_next_logic._0802_/B1 (sky130_fd_sc_hd__a21oi_2)
                  0.04    0.06    0.69 v u_pc_next_logic._0802_/Y (sky130_fd_sc_hd__a21oi_2)
     1    0.00                           u_pc_next_logic._0074_ (net)
                  0.04    0.00    0.69 v u_pc_next_logic._0804_/A (sky130_fd_sc_hd__nor2_2)
                  0.09    0.12    0.81 ^ u_pc_next_logic._0804_/Y (sky130_fd_sc_hd__nor2_2)
     2    0.01                           u_pc_next_logic.pc_plus4[15] (net)
                  0.09    0.00    0.81 ^ u_wb_mux._146_/A1 (sky130_fd_sc_hd__a22o_2)
                  0.03    0.14    0.95 ^ u_wb_mux._146_/X (sky130_fd_sc_hd__a22o_2)
     1    0.00                           u_wb_mux._046_ (net)
                  0.03    0.00    0.95 ^ u_wb_mux._148_/B1 (sky130_fd_sc_hd__a211o_2)
                  0.50    0.41    1.36 ^ u_wb_mux._148_/X (sky130_fd_sc_hd__a211o_2)
     3    0.11                           u_regfile.wd[15] (net)
                  0.67    0.02    1.38 ^ u_regfile.u_sram_rs1/din0[15] (sky130_sram_1kbyte_1rw1r_32x256_8)
                                  1.38   data arrival time

                  0.10    0.00    0.00   clock clk (rise edge)
                          0.00    0.00   clock network delay (ideal)
                          0.20    0.20   clock uncertainty
                          0.00    0.20   clock reconvergence pessimism
                                  0.20 ^ u_regfile.u_sram_rs1/clk0 (sky130_sram_1kbyte_1rw1r_32x256_8)
                         -0.06    0.14   library hold time
                                  0.14   data required time
-----------------------------------------------------------------------------
                                  0.14   data required time
                                 -1.38   data arrival time
-----------------------------------------------------------------------------
                                  1.23   slack (MET)


Startpoint: u_pc_reg._152_ (rising edge-triggered flip-flop clocked by clk)
Endpoint: u_pc_reg._152_ (rising edge-triggered flip-flop clocked by clk)
Path Group: clk
Path Type: min

Fanout     Cap    Slew   Delay    Time   Description
-----------------------------------------------------------------------------
                  0.10    0.00    0.00   clock clk (rise edge)
                          0.00    0.00   clock network delay (ideal)
                  0.10    0.00    0.00 ^ u_pc_reg._152_/CLK (sky130_fd_sc_hd__dfxtp_2)
                  0.28    0.53    0.53 v u_pc_reg._152_/Q (sky130_fd_sc_hd__dfxtp_2)
    14    0.12                           u_imem.addr[18] (net)
                  0.28    0.01    0.54 v u_pc_next_logic._0811_/A (sky130_fd_sc_hd__xnor2_2)
                  0.09    0.28    0.82 v u_pc_next_logic._0811_/Y (sky130_fd_sc_hd__xnor2_2)
     2    0.02                           u_pc_next_logic.pc_plus4[18] (net)
                  0.09    0.00    0.82 v u_pc_next_logic._1287_/A1 (sky130_fd_sc_hd__a21oi_2)
                  0.07    0.12    0.94 ^ u_pc_next_logic._1287_/Y (sky130_fd_sc_hd__a21oi_2)
     1    0.00                           u_pc_next_logic._0524_ (net)
                  0.07    0.00    0.94 ^ u_pc_next_logic._1295_/A2 (sky130_fd_sc_hd__a221o_2)
                  0.06    0.17    1.11 ^ u_pc_next_logic._1295_/X (sky130_fd_sc_hd__a221o_2)
     1    0.01                           u_pc_next_logic._0532_ (net)
                  0.06    0.00    1.11 ^ u_pc_next_logic._1296_/B1 (sky130_fd_sc_hd__o21ai_2)
                  0.03    0.05    1.16 v u_pc_next_logic._1296_/Y (sky130_fd_sc_hd__o21ai_2)
     1    0.00                           u_pc_next_logic.pc_next[18] (net)
                  0.03    0.00    1.16 v u_pc_reg._105_/B (sky130_fd_sc_hd__and2_2)
                  0.03    0.17    1.33 v u_pc_reg._105_/X (sky130_fd_sc_hd__and2_2)
     1    0.00                           u_pc_reg._034_ (net)
                  0.03    0.00    1.33 v u_pc_reg._106_/A (sky130_fd_sc_hd__buf_1)
                  0.02    0.08    1.41 v u_pc_reg._106_/X (sky130_fd_sc_hd__buf_1)
     1    0.00                           u_pc_reg._018_ (net)
                  0.02    0.00    1.41 v u_pc_reg._152_/D (sky130_fd_sc_hd__dfxtp_2)
                                  1.41   data arrival time

                  0.10    0.00    0.00   clock clk (rise edge)
                          0.00    0.00   clock network delay (ideal)
                          0.20    0.20   clock uncertainty
                          0.00    0.20   clock reconvergence pessimism
                                  0.20 ^ u_pc_reg._152_/CLK (sky130_fd_sc_hd__dfxtp_2)
                         -0.02    0.18   library hold time
                                  0.18   data required time
-----------------------------------------------------------------------------
                                  0.18   data required time
                                 -1.41   data arrival time
-----------------------------------------------------------------------------
                                  1.23   slack (MET)


Startpoint: u_pc_reg._149_ (rising edge-triggered flip-flop clocked by clk)
Endpoint: u_regfile.u_sram_rs2 (falling edge-triggered flip-flop clocked by clk)
Path Group: clk
Path Type: min

Fanout     Cap    Slew   Delay    Time   Description
-----------------------------------------------------------------------------
                  0.10    0.00    0.00   clock clk (rise edge)
                          0.00    0.00   clock network delay (ideal)
                  0.10    0.00    0.00 ^ u_pc_reg._149_/CLK (sky130_fd_sc_hd__dfxtp_2)
                  0.45    0.62    0.62 ^ u_pc_reg._149_/Q (sky130_fd_sc_hd__dfxtp_2)
    12    0.09                           u_imem.addr[15] (net)
                  0.45    0.01    0.63 ^ u_pc_next_logic._0802_/B1 (sky130_fd_sc_hd__a21oi_2)
                  0.04    0.06    0.69 v u_pc_next_logic._0802_/Y (sky130_fd_sc_hd__a21oi_2)
     1    0.00                           u_pc_next_logic._0074_ (net)
                  0.04    0.00    0.69 v u_pc_next_logic._0804_/A (sky130_fd_sc_hd__nor2_2)
                  0.09    0.12    0.81 ^ u_pc_next_logic._0804_/Y (sky130_fd_sc_hd__nor2_2)
     2    0.01                           u_pc_next_logic.pc_plus4[15] (net)
                  0.09    0.00    0.81 ^ u_wb_mux._146_/A1 (sky130_fd_sc_hd__a22o_2)
                  0.03    0.14    0.95 ^ u_wb_mux._146_/X (sky130_fd_sc_hd__a22o_2)
     1    0.00                           u_wb_mux._046_ (net)
                  0.03    0.00    0.95 ^ u_wb_mux._148_/B1 (sky130_fd_sc_hd__a211o_2)
                  0.50    0.41    1.36 ^ u_wb_mux._148_/X (sky130_fd_sc_hd__a211o_2)
     3    0.11                           u_regfile.wd[15] (net)
                  0.67    0.02    1.38 ^ u_regfile.u_sram_rs2/din0[15] (sky130_sram_1kbyte_1rw1r_32x256_8)
                                  1.38   data arrival time

                  0.10    0.00    0.00   clock clk (rise edge)
                          0.00    0.00   clock network delay (ideal)
                          0.20    0.20   clock uncertainty
                          0.00    0.20   clock reconvergence pessimism
                                  0.20 ^ u_regfile.u_sram_rs2/clk0 (sky130_sram_1kbyte_1rw1r_32x256_8)
                         -0.06    0.14   library hold time
                                  0.14   data required time
-----------------------------------------------------------------------------
                                  0.14   data required time
                                 -1.38   data arrival time
-----------------------------------------------------------------------------
                                  1.24   slack (MET)


Startpoint: u_pc_reg._148_ (rising edge-triggered flip-flop clocked by clk)
Endpoint: u_regfile.u_sram_rs1 (falling edge-triggered flip-flop clocked by clk)
Path Group: clk
Path Type: min

Fanout     Cap    Slew   Delay    Time   Description
-----------------------------------------------------------------------------
                  0.10    0.00    0.00   clock clk (rise edge)
                          0.00    0.00   clock network delay (ideal)
                  0.10    0.00    0.00 ^ u_pc_reg._148_/CLK (sky130_fd_sc_hd__dfxtp_2)
                  0.21    0.48    0.48 v u_pc_reg._148_/Q (sky130_fd_sc_hd__dfxtp_2)
    13    0.09                           u_imem.addr[14] (net)
                  0.21    0.00    0.48 v u_pc_next_logic._0801_/A (sky130_fd_sc_hd__xor2_2)
                  0.14    0.25    0.73 ^ u_pc_next_logic._0801_/X (sky130_fd_sc_hd__xor2_2)
     2    0.01                           u_pc_next_logic.pc_plus4[14] (net)
                  0.14    0.00    0.73 ^ u_wb_mux._143_/A1 (sky130_fd_sc_hd__a22o_2)
                  0.04    0.16    0.89 ^ u_wb_mux._143_/X (sky130_fd_sc_hd__a22o_2)
     1    0.00                           u_wb_mux._044_ (net)
                  0.04    0.00    0.89 ^ u_wb_mux._145_/B1 (sky130_fd_sc_hd__a211o_2)
                  0.58    0.45    1.34 ^ u_wb_mux._145_/X (sky130_fd_sc_hd__a211o_2)
     3    0.13                           u_regfile.wd[14] (net)
                  0.78    0.04    1.38 ^ u_regfile.u_sram_rs1/din0[14] (sky130_sram_1kbyte_1rw1r_32x256_8)
                                  1.38   data arrival time

                  0.10    0.00    0.00   clock clk (rise edge)
                          0.00    0.00   clock network delay (ideal)
                          0.20    0.20   clock uncertainty
                          0.00    0.20   clock reconvergence pessimism
                                  0.20 ^ u_regfile.u_sram_rs1/clk0 (sky130_sram_1kbyte_1rw1r_32x256_8)
                         -0.06    0.14   library hold time
                                  0.14   data required time
-----------------------------------------------------------------------------
                                  0.14   data required time
                                 -1.38   data arrival time
-----------------------------------------------------------------------------
                                  1.24   slack (MET)


Startpoint: u_pc_reg._146_ (rising edge-triggered flip-flop clocked by clk)
Endpoint: u_regfile.u_sram_rs2 (falling edge-triggered flip-flop clocked by clk)
Path Group: clk
Path Type: min

Fanout     Cap    Slew   Delay    Time   Description
-----------------------------------------------------------------------------
                  0.10    0.00    0.00   clock clk (rise edge)
                          0.00    0.00   clock network delay (ideal)
                  0.10    0.00    0.00 ^ u_pc_reg._146_/CLK (sky130_fd_sc_hd__dfxtp_2)
                  0.37    0.57    0.57 ^ u_pc_reg._146_/Q (sky130_fd_sc_hd__dfxtp_2)
    12    0.07                           u_imem.addr[12] (net)
                  0.37    0.00    0.57 ^ _510_/A1 (sky130_fd_sc_hd__a21oi_2)
                  0.07    0.15    0.73 v _510_/Y (sky130_fd_sc_hd__a21oi_2)
     3    0.02                           _167_ (net)
                  0.07    0.00    0.73 v _511_/B (sky130_fd_sc_hd__xnor2_2)
                  0.04    0.12    0.85 ^ _511_/Y (sky130_fd_sc_hd__xnor2_2)
     1    0.00                           u_wb_mux.pc_plus_imm[13] (net)
                  0.04    0.00    0.85 ^ u_wb_mux._140_/B2 (sky130_fd_sc_hd__a22o_2)
                  0.03    0.12    0.96 ^ u_wb_mux._140_/X (sky130_fd_sc_hd__a22o_2)
     1    0.00                           u_wb_mux._042_ (net)
                  0.03    0.00    0.96 ^ u_wb_mux._142_/B1 (sky130_fd_sc_hd__a211o_2)
                  0.51    0.41    1.38 ^ u_wb_mux._142_/X (sky130_fd_sc_hd__a211o_2)
     3    0.11                           u_regfile.wd[13] (net)
                  0.68    0.02    1.40 ^ u_regfile.u_sram_rs2/din0[13] (sky130_sram_1kbyte_1rw1r_32x256_8)
                                  1.40   data arrival time

                  0.10    0.00    0.00   clock clk (rise edge)
                          0.00    0.00   clock network delay (ideal)
                          0.20    0.20   clock uncertainty
                          0.00    0.20   clock reconvergence pessimism
                                  0.20 ^ u_regfile.u_sram_rs2/clk0 (sky130_sram_1kbyte_1rw1r_32x256_8)
                         -0.06    0.14   library hold time
                                  0.14   data required time
-----------------------------------------------------------------------------
                                  0.14   data required time
                                 -1.40   data arrival time
-----------------------------------------------------------------------------
                                  1.25   slack (MET)


Startpoint: u_pc_reg._146_ (rising edge-triggered flip-flop clocked by clk)
Endpoint: u_regfile.u_sram_rs1 (falling edge-triggered flip-flop clocked by clk)
Path Group: clk
Path Type: min

Fanout     Cap    Slew   Delay    Time   Description
-----------------------------------------------------------------------------
                  0.10    0.00    0.00   clock clk (rise edge)
                          0.00    0.00   clock network delay (ideal)
                  0.10    0.00    0.00 ^ u_pc_reg._146_/CLK (sky130_fd_sc_hd__dfxtp_2)
                  0.37    0.57    0.57 ^ u_pc_reg._146_/Q (sky130_fd_sc_hd__dfxtp_2)
    12    0.07                           u_imem.addr[12] (net)
                  0.37    0.00    0.57 ^ _510_/A1 (sky130_fd_sc_hd__a21oi_2)
                  0.07    0.15    0.73 v _510_/Y (sky130_fd_sc_hd__a21oi_2)
     3    0.02                           _167_ (net)
                  0.07    0.00    0.73 v _511_/B (sky130_fd_sc_hd__xnor2_2)
                  0.04    0.12    0.85 ^ _511_/Y (sky130_fd_sc_hd__xnor2_2)
     1    0.00                           u_wb_mux.pc_plus_imm[13] (net)
                  0.04    0.00    0.85 ^ u_wb_mux._140_/B2 (sky130_fd_sc_hd__a22o_2)
                  0.03    0.12    0.96 ^ u_wb_mux._140_/X (sky130_fd_sc_hd__a22o_2)
     1    0.00                           u_wb_mux._042_ (net)
                  0.03    0.00    0.96 ^ u_wb_mux._142_/B1 (sky130_fd_sc_hd__a211o_2)
                  0.51    0.41    1.38 ^ u_wb_mux._142_/X (sky130_fd_sc_hd__a211o_2)
     3    0.11                           u_regfile.wd[13] (net)
                  0.68    0.02    1.40 ^ u_regfile.u_sram_rs1/din0[13] (sky130_sram_1kbyte_1rw1r_32x256_8)
                                  1.40   data arrival time

                  0.10    0.00    0.00   clock clk (rise edge)
                          0.00    0.00   clock network delay (ideal)
                          0.20    0.20   clock uncertainty
                          0.00    0.20   clock reconvergence pessimism
                                  0.20 ^ u_regfile.u_sram_rs1/clk0 (sky130_sram_1kbyte_1rw1r_32x256_8)
                         -0.06    0.14   library hold time
                                  0.14   data required time
-----------------------------------------------------------------------------
                                  0.14   data required time
                                 -1.40   data arrival time
-----------------------------------------------------------------------------
                                  1.26   slack (MET)


Startpoint: u_pc_reg._158_ (rising edge-triggered flip-flop clocked by clk)
Endpoint: u_pc_reg._159_ (rising edge-triggered flip-flop clocked by clk)
Path Group: clk
Path Type: min

Fanout     Cap    Slew   Delay    Time   Description
-----------------------------------------------------------------------------
                  0.10    0.00    0.00   clock clk (rise edge)
                          0.00    0.00   clock network delay (ideal)
                  0.10    0.00    0.00 ^ u_pc_reg._158_/CLK (sky130_fd_sc_hd__dfxtp_2)
                  0.25    0.51    0.51 v u_pc_reg._158_/Q (sky130_fd_sc_hd__dfxtp_2)
    12    0.11                           u_imem.addr[24] (net)
                  0.25    0.00    0.51 v u_pc_next_logic._1420_/A (sky130_fd_sc_hd__nand2_2)
                  0.10    0.18    0.69 ^ u_pc_next_logic._1420_/Y (sky130_fd_sc_hd__nand2_2)
     4    0.02                           u_pc_next_logic._0651_ (net)
                  0.10    0.00    0.69 ^ u_pc_next_logic._1462_/A (sky130_fd_sc_hd__nand2_2)
                  0.04    0.07    0.76 v u_pc_next_logic._1462_/Y (sky130_fd_sc_hd__nand2_2)
     2    0.01                           u_pc_next_logic._0692_ (net)
                  0.04    0.00    0.76 v u_pc_next_logic._1463_/B (sky130_fd_sc_hd__nor2_2)
                  0.06    0.07    0.83 ^ u_pc_next_logic._1463_/Y (sky130_fd_sc_hd__nor2_2)
     1    0.00                           u_pc_next_logic._0693_ (net)
                  0.06    0.00    0.83 ^ u_pc_next_logic._1472_/A1 (sky130_fd_sc_hd__o22a_2)
                  0.15    0.24    1.06 ^ u_pc_next_logic._1472_/X (sky130_fd_sc_hd__o22a_2)
     1    0.03                           u_pc_next_logic._0702_ (net)
                  0.15    0.00    1.07 ^ u_pc_next_logic._1473_/B2 (sky130_fd_sc_hd__a2bb2o_2)
                  0.03    0.17    1.24 ^ u_pc_next_logic._1473_/X (sky130_fd_sc_hd__a2bb2o_2)
     1    0.00                           u_pc_next_logic.pc_next[25] (net)
                  0.03    0.00    1.24 ^ u_pc_reg._120_/B (sky130_fd_sc_hd__and2_2)
                  0.04    0.12    1.36 ^ u_pc_reg._120_/X (sky130_fd_sc_hd__and2_2)
     1    0.00                           u_pc_reg._042_ (net)
                  0.04    0.00    1.36 ^ u_pc_reg._121_/A (sky130_fd_sc_hd__buf_1)
                  0.04    0.07    1.43 ^ u_pc_reg._121_/X (sky130_fd_sc_hd__buf_1)
     1    0.00                           u_pc_reg._025_ (net)
                  0.04    0.00    1.43 ^ u_pc_reg._159_/D (sky130_fd_sc_hd__dfxtp_2)
                                  1.43   data arrival time

                  0.10    0.00    0.00   clock clk (rise edge)
                          0.00    0.00   clock network delay (ideal)
                          0.20    0.20   clock uncertainty
                          0.00    0.20   clock reconvergence pessimism
                                  0.20 ^ u_pc_reg._159_/CLK (sky130_fd_sc_hd__dfxtp_2)
                         -0.02    0.18   library hold time
                                  0.18   data required time
-----------------------------------------------------------------------------
                                  0.18   data required time
                                 -1.43   data arrival time
-----------------------------------------------------------------------------
                                  1.26   slack (MET)


Startpoint: u_pc_reg._141_ (rising edge-triggered flip-flop clocked by clk)
Endpoint: u_regfile.u_sram_rs2 (falling edge-triggered flip-flop clocked by clk)
Path Group: clk
Path Type: min

Fanout     Cap    Slew   Delay    Time   Description
-----------------------------------------------------------------------------
                  0.10    0.00    0.00   clock clk (rise edge)
                          0.00    0.00   clock network delay (ideal)
                  0.10    0.00    0.00 ^ u_pc_reg._141_/CLK (sky130_fd_sc_hd__dfxtp_2)
                  0.23    0.49    0.49 v u_pc_reg._141_/Q (sky130_fd_sc_hd__dfxtp_2)
    14    0.10                           u_imem.addr[7] (net)
                  0.23    0.02    0.51 v u_pc_next_logic._0782_/A (sky130_fd_sc_hd__xnor2_2)
                  0.06    0.26    0.77 ^ u_pc_next_logic._0782_/Y (sky130_fd_sc_hd__xnor2_2)
     2    0.01                           u_pc_next_logic.pc_plus4[7] (net)
                  0.06    0.00    0.77 ^ u_wb_mux._117_/A1 (sky130_fd_sc_hd__a22o_2)
                  0.04    0.13    0.90 ^ u_wb_mux._117_/X (sky130_fd_sc_hd__a22o_2)
     1    0.00                           u_wb_mux._025_ (net)
                  0.04    0.00    0.90 ^ u_wb_mux._119_/B1 (sky130_fd_sc_hd__a211o_2)
                  0.61    0.47    1.37 ^ u_wb_mux._119_/X (sky130_fd_sc_hd__a211o_2)
     3    0.13                           u_regfile.wd[7] (net)
                  0.82    0.04    1.41 ^ u_regfile.u_sram_rs2/din0[7] (sky130_sram_1kbyte_1rw1r_32x256_8)
                                  1.41   data arrival time

                  0.10    0.00    0.00   clock clk (rise edge)
                          0.00    0.00   clock network delay (ideal)
                          0.20    0.20   clock uncertainty
                          0.00    0.20   clock reconvergence pessimism
                                  0.20 ^ u_regfile.u_sram_rs2/clk0 (sky130_sram_1kbyte_1rw1r_32x256_8)
                         -0.06    0.14   library hold time
                                  0.14   data required time
-----------------------------------------------------------------------------
                                  0.14   data required time
                                 -1.41   data arrival time
-----------------------------------------------------------------------------
                                  1.26   slack (MET)


Startpoint: u_pc_reg._141_ (rising edge-triggered flip-flop clocked by clk)
Endpoint: u_regfile.u_sram_rs1 (falling edge-triggered flip-flop clocked by clk)
Path Group: clk
Path Type: min

Fanout     Cap    Slew   Delay    Time   Description
-----------------------------------------------------------------------------
                  0.10    0.00    0.00   clock clk (rise edge)
                          0.00    0.00   clock network delay (ideal)
                  0.10    0.00    0.00 ^ u_pc_reg._141_/CLK (sky130_fd_sc_hd__dfxtp_2)
                  0.23    0.49    0.49 v u_pc_reg._141_/Q (sky130_fd_sc_hd__dfxtp_2)
    14    0.10                           u_imem.addr[7] (net)
                  0.23    0.02    0.51 v u_pc_next_logic._0782_/A (sky130_fd_sc_hd__xnor2_2)
                  0.06    0.26    0.77 ^ u_pc_next_logic._0782_/Y (sky130_fd_sc_hd__xnor2_2)
     2    0.01                           u_pc_next_logic.pc_plus4[7] (net)
                  0.06    0.00    0.77 ^ u_wb_mux._117_/A1 (sky130_fd_sc_hd__a22o_2)
                  0.04    0.13    0.90 ^ u_wb_mux._117_/X (sky130_fd_sc_hd__a22o_2)
     1    0.00                           u_wb_mux._025_ (net)
                  0.04    0.00    0.90 ^ u_wb_mux._119_/B1 (sky130_fd_sc_hd__a211o_2)
                  0.61    0.47    1.37 ^ u_wb_mux._119_/X (sky130_fd_sc_hd__a211o_2)
     3    0.13                           u_regfile.wd[7] (net)
                  0.82    0.04    1.41 ^ u_regfile.u_sram_rs1/din0[7] (sky130_sram_1kbyte_1rw1r_32x256_8)
                                  1.41   data arrival time

                  0.10    0.00    0.00   clock clk (rise edge)
                          0.00    0.00   clock network delay (ideal)
                          0.20    0.20   clock uncertainty
                          0.00    0.20   clock reconvergence pessimism
                                  0.20 ^ u_regfile.u_sram_rs1/clk0 (sky130_sram_1kbyte_1rw1r_32x256_8)
                         -0.06    0.14   library hold time
                                  0.14   data required time
-----------------------------------------------------------------------------
                                  0.14   data required time
                                 -1.41   data arrival time
-----------------------------------------------------------------------------
                                  1.27   slack (MET)


Startpoint: u_pc_reg._139_ (rising edge-triggered flip-flop clocked by clk)
Endpoint: u_pc_reg._140_ (rising edge-triggered flip-flop clocked by clk)
Path Group: clk
Path Type: min

Fanout     Cap    Slew   Delay    Time   Description
-----------------------------------------------------------------------------
                  0.10    0.00    0.00   clock clk (rise edge)
                          0.00    0.00   clock network delay (ideal)
                  0.10    0.00    0.00 ^ u_pc_reg._139_/CLK (sky130_fd_sc_hd__dfxtp_2)
                  0.22    0.48    0.48 v u_pc_reg._139_/Q (sky130_fd_sc_hd__dfxtp_2)
    14    0.09                           u_imem.addr[5] (net)
                  0.22    0.01    0.49 v u_pc_next_logic._0981_/A (sky130_fd_sc_hd__nand2_2)
                  0.07    0.14    0.64 ^ u_pc_next_logic._0981_/Y (sky130_fd_sc_hd__nand2_2)
     2    0.01                           u_pc_next_logic._0230_ (net)
                  0.07    0.00    0.64 ^ u_pc_next_logic._0982_/A1 (sky130_fd_sc_hd__a21oi_2)
                  0.06    0.08    0.72 v u_pc_next_logic._0982_/Y (sky130_fd_sc_hd__a21oi_2)
     2    0.01                           u_pc_next_logic._0231_ (net)
                  0.06    0.00    0.72 v u_pc_next_logic._0983_/B (sky130_fd_sc_hd__xnor2_2)
                  0.04    0.12    0.83 ^ u_pc_next_logic._0983_/Y (sky130_fd_sc_hd__xnor2_2)
     1    0.00                           u_pc_next_logic._0232_ (net)
                  0.04    0.00    0.83 ^ u_pc_next_logic._0989_/A2 (sky130_fd_sc_hd__o21a_2)
                  0.12    0.18    1.01 ^ u_pc_next_logic._0989_/X (sky130_fd_sc_hd__o21a_2)
     1    0.02                           u_pc_next_logic._0238_ (net)
                  0.12    0.00    1.01 ^ u_pc_next_logic._0996_/A0 (sky130_fd_sc_hd__mux2_2)
                  0.04    0.16    1.17 ^ u_pc_next_logic._0996_/X (sky130_fd_sc_hd__mux2_2)
     1    0.00                           u_pc_next_logic._0245_ (net)
                  0.04    0.00    1.17 ^ u_pc_next_logic._0997_/A (sky130_fd_sc_hd__buf_1)
                  0.04    0.07    1.25 ^ u_pc_next_logic._0997_/X (sky130_fd_sc_hd__buf_1)
     1    0.00                           u_pc_next_logic.pc_next[6] (net)
                  0.04    0.00    1.25 ^ u_pc_reg._080_/B (sky130_fd_sc_hd__and2_2)
                  0.04    0.13    1.37 ^ u_pc_reg._080_/X (sky130_fd_sc_hd__and2_2)
     1    0.00                           u_pc_reg._056_ (net)
                  0.04    0.00    1.37 ^ u_pc_reg._081_/A (sky130_fd_sc_hd__buf_1)
                  0.04    0.07    1.44 ^ u_pc_reg._081_/X (sky130_fd_sc_hd__buf_1)
     1    0.00                           u_pc_reg._006_ (net)
                  0.04    0.00    1.44 ^ u_pc_reg._140_/D (sky130_fd_sc_hd__dfxtp_2)
                                  1.44   data arrival time

                  0.10    0.00    0.00   clock clk (rise edge)
                          0.00    0.00   clock network delay (ideal)
                          0.20    0.20   clock uncertainty
                          0.00    0.20   clock reconvergence pessimism
                                  0.20 ^ u_pc_reg._140_/CLK (sky130_fd_sc_hd__dfxtp_2)
                         -0.02    0.18   library hold time
                                  0.18   data required time
-----------------------------------------------------------------------------
                                  0.18   data required time
                                 -1.44   data arrival time
-----------------------------------------------------------------------------
                                  1.27   slack (MET)


Startpoint: u_pc_reg._142_ (rising edge-triggered flip-flop clocked by clk)
Endpoint: u_pc_reg._142_ (rising edge-triggered flip-flop clocked by clk)
Path Group: clk
Path Type: min

Fanout     Cap    Slew   Delay    Time   Description
-----------------------------------------------------------------------------
                  0.10    0.00    0.00   clock clk (rise edge)
                          0.00    0.00   clock network delay (ideal)
                  0.10    0.00    0.00 ^ u_pc_reg._142_/CLK (sky130_fd_sc_hd__dfxtp_2)
                  0.18    0.46    0.46 v u_pc_reg._142_/Q (sky130_fd_sc_hd__dfxtp_2)
    12    0.08                           u_imem.addr[8] (net)
                  0.18    0.00    0.46 v u_pc_next_logic._1025_/A (sky130_fd_sc_hd__nand2_2)
                  0.08    0.14    0.60 ^ u_pc_next_logic._1025_/Y (sky130_fd_sc_hd__nand2_2)
     3    0.01                           u_pc_next_logic._0272_ (net)
                  0.08    0.00    0.60 ^ u_pc_next_logic._1027_/A (sky130_fd_sc_hd__nand2_2)
                  0.07    0.08    0.69 v u_pc_next_logic._1027_/Y (sky130_fd_sc_hd__nand2_2)
     3    0.02                           u_pc_next_logic._0274_ (net)
                  0.07    0.00    0.69 v u_pc_next_logic._1028_/B (sky130_fd_sc_hd__xnor2_2)
                  0.04    0.14    0.83 v u_pc_next_logic._1028_/Y (sky130_fd_sc_hd__xnor2_2)
     1    0.01                           u_pc_next_logic._0275_ (net)
                  0.04    0.00    0.83 v u_pc_next_logic._1042_/A2 (sky130_fd_sc_hd__a21boi_2)
                  0.17    0.19    1.02 ^ u_pc_next_logic._1042_/Y (sky130_fd_sc_hd__a21boi_2)
     1    0.01                           u_pc_next_logic._0289_ (net)
                  0.17    0.00    1.02 ^ u_pc_next_logic._1053_/A0 (sky130_fd_sc_hd__mux2_2)
                  0.04    0.17    1.19 ^ u_pc_next_logic._1053_/X (sky130_fd_sc_hd__mux2_2)
     1    0.00                           u_pc_next_logic._0300_ (net)
                  0.04    0.00    1.19 ^ u_pc_next_logic._1054_/A (sky130_fd_sc_hd__buf_1)
                  0.04    0.07    1.26 ^ u_pc_next_logic._1054_/X (sky130_fd_sc_hd__buf_1)
     1    0.00                           u_pc_next_logic.pc_next[8] (net)
                  0.04    0.00    1.26 ^ u_pc_reg._084_/B (sky130_fd_sc_hd__and2_2)
                  0.04    0.12    1.39 ^ u_pc_reg._084_/X (sky130_fd_sc_hd__and2_2)
     1    0.00                           u_pc_reg._058_ (net)
                  0.04    0.00    1.39 ^ u_pc_reg._085_/A (sky130_fd_sc_hd__buf_1)
                  0.04    0.07    1.46 ^ u_pc_reg._085_/X (sky130_fd_sc_hd__buf_1)
     1    0.00                           u_pc_reg._008_ (net)
                  0.04    0.00    1.46 ^ u_pc_reg._142_/D (sky130_fd_sc_hd__dfxtp_2)
                                  1.46   data arrival time

                  0.10    0.00    0.00   clock clk (rise edge)
                          0.00    0.00   clock network delay (ideal)
                          0.20    0.20   clock uncertainty
                          0.00    0.20   clock reconvergence pessimism
                                  0.20 ^ u_pc_reg._142_/CLK (sky130_fd_sc_hd__dfxtp_2)
                         -0.02    0.18   library hold time
                                  0.18   data required time
-----------------------------------------------------------------------------
                                  0.18   data required time
                                 -1.46   data arrival time
-----------------------------------------------------------------------------
                                  1.28   slack (MET)


Startpoint: u_pc_reg._162_ (rising edge-triggered flip-flop clocked by clk)
Endpoint: u_pc_reg._162_ (rising edge-triggered flip-flop clocked by clk)
Path Group: clk
Path Type: min

Fanout     Cap    Slew   Delay    Time   Description
-----------------------------------------------------------------------------
                  0.10    0.00    0.00   clock clk (rise edge)
                          0.00    0.00   clock network delay (ideal)
                  0.10    0.00    0.00 ^ u_pc_reg._162_/CLK (sky130_fd_sc_hd__dfxtp_2)
                  0.27    0.52    0.52 v u_pc_reg._162_/Q (sky130_fd_sc_hd__dfxtp_2)
    11    0.12                           u_imem.addr[28] (net)
                  0.27    0.00    0.52 v u_pc_next_logic._1530_/A (sky130_fd_sc_hd__xnor2_2)
                  0.05    0.25    0.78 ^ u_pc_next_logic._1530_/Y (sky130_fd_sc_hd__xnor2_2)
     2    0.01                           u_pc_next_logic._0757_ (net)
                  0.05    0.00    0.78 ^ u_pc_next_logic._1531_/B1 (sky130_fd_sc_hd__a21oi_2)
                  0.05    0.06    0.84 v u_pc_next_logic._1531_/Y (sky130_fd_sc_hd__a21oi_2)
     4    0.02                           u_pc_next_logic._0758_ (net)
                  0.05    0.00    0.84 v u_pc_next_logic._1533_/A (sky130_fd_sc_hd__nor2_2)
                  0.06    0.10    0.94 ^ u_pc_next_logic._1533_/Y (sky130_fd_sc_hd__nor2_2)
     1    0.00                           u_pc_next_logic._0760_ (net)
                  0.06    0.00    0.94 ^ u_pc_next_logic._1545_/A2 (sky130_fd_sc_hd__o21a_2)
                  0.04    0.12    1.06 ^ u_pc_next_logic._1545_/X (sky130_fd_sc_hd__o21a_2)
     1    0.01                           u_pc_next_logic._0001_ (net)
                  0.04    0.00    1.06 ^ u_pc_next_logic._1546_/A1 (sky130_fd_sc_hd__mux2_2)
                  0.04    0.13    1.19 ^ u_pc_next_logic._1546_/X (sky130_fd_sc_hd__mux2_2)
     1    0.00                           u_pc_next_logic._0002_ (net)
                  0.04    0.00    1.19 ^ u_pc_next_logic._1547_/A (sky130_fd_sc_hd__buf_1)
                  0.04    0.07    1.26 ^ u_pc_next_logic._1547_/X (sky130_fd_sc_hd__buf_1)
     1    0.00                           u_pc_next_logic.pc_next[28] (net)
                  0.04    0.00    1.26 ^ u_pc_reg._126_/B (sky130_fd_sc_hd__and2_2)
                  0.04    0.13    1.39 ^ u_pc_reg._126_/X (sky130_fd_sc_hd__and2_2)
     1    0.00                           u_pc_reg._045_ (net)
                  0.04    0.00    1.39 ^ u_pc_reg._127_/A (sky130_fd_sc_hd__buf_1)
                  0.04    0.08    1.47 ^ u_pc_reg._127_/X (sky130_fd_sc_hd__buf_1)
     1    0.00                           u_pc_reg._028_ (net)
                  0.04    0.00    1.47 ^ u_pc_reg._162_/D (sky130_fd_sc_hd__dfxtp_2)
                                  1.47   data arrival time

                  0.10    0.00    0.00   clock clk (rise edge)
                          0.00    0.00   clock network delay (ideal)
                          0.20    0.20   clock uncertainty
                          0.00    0.20   clock reconvergence pessimism
                                  0.20 ^ u_pc_reg._162_/CLK (sky130_fd_sc_hd__dfxtp_2)
                         -0.02    0.18   library hold time
                                  0.18   data required time
-----------------------------------------------------------------------------
                                  0.18   data required time
                                 -1.47   data arrival time
-----------------------------------------------------------------------------
                                  1.29   slack (MET)


Startpoint: u_pc_reg._152_ (rising edge-triggered flip-flop clocked by clk)
Endpoint: u_regfile.u_sram_rs2 (falling edge-triggered flip-flop clocked by clk)
Path Group: clk
Path Type: min

Fanout     Cap    Slew   Delay    Time   Description
-----------------------------------------------------------------------------
                  0.10    0.00    0.00   clock clk (rise edge)
                          0.00    0.00   clock network delay (ideal)
                  0.10    0.00    0.00 ^ u_pc_reg._152_/CLK (sky130_fd_sc_hd__dfxtp_2)
                  0.28    0.53    0.53 v u_pc_reg._152_/Q (sky130_fd_sc_hd__dfxtp_2)
    14    0.12                           u_imem.addr[18] (net)
                  0.28    0.01    0.54 v u_pc_next_logic._0811_/A (sky130_fd_sc_hd__xnor2_2)
                  0.11    0.36    0.90 ^ u_pc_next_logic._0811_/Y (sky130_fd_sc_hd__xnor2_2)
     2    0.02                           u_pc_next_logic.pc_plus4[18] (net)
                  0.11    0.00    0.90 ^ u_wb_mux._155_/A1 (sky130_fd_sc_hd__a22o_2)
                  0.04    0.15    1.05 ^ u_wb_mux._155_/X (sky130_fd_sc_hd__a22o_2)
     1    0.00                           u_wb_mux._052_ (net)
                  0.04    0.00    1.05 ^ u_wb_mux._157_/B1 (sky130_fd_sc_hd__a211o_2)
                  0.47    0.38    1.43 ^ u_wb_mux._157_/X (sky130_fd_sc_hd__a211o_2)
     3    0.10                           u_regfile.wd[18] (net)
                  0.62    0.01    1.44 ^ u_regfile.u_sram_rs2/din0[18] (sky130_sram_1kbyte_1rw1r_32x256_8)
                                  1.44   data arrival time

                  0.10    0.00    0.00   clock clk (rise edge)
                          0.00    0.00   clock network delay (ideal)
                          0.20    0.20   clock uncertainty
                          0.00    0.20   clock reconvergence pessimism
                                  0.20 ^ u_regfile.u_sram_rs2/clk0 (sky130_sram_1kbyte_1rw1r_32x256_8)
                         -0.06    0.14   library hold time
                                  0.14   data required time
-----------------------------------------------------------------------------
                                  0.14   data required time
                                 -1.44   data arrival time
-----------------------------------------------------------------------------
                                  1.30   slack (MET)


Startpoint: u_pc_reg._140_ (rising edge-triggered flip-flop clocked by clk)
Endpoint: u_pc_reg._141_ (rising edge-triggered flip-flop clocked by clk)
Path Group: clk
Path Type: min

Fanout     Cap    Slew   Delay    Time   Description
-----------------------------------------------------------------------------
                  0.10    0.00    0.00   clock clk (rise edge)
                          0.00    0.00   clock network delay (ideal)
                  0.10    0.00    0.00 ^ u_pc_reg._140_/CLK (sky130_fd_sc_hd__dfxtp_2)
                  0.23    0.49    0.49 v u_pc_reg._140_/Q (sky130_fd_sc_hd__dfxtp_2)
    13    0.10                           u_imem.addr[6] (net)
                  0.24    0.02    0.51 v u_pc_next_logic._0978_/A (sky130_fd_sc_hd__nand2_2)
                  0.12    0.19    0.70 ^ u_pc_next_logic._0978_/Y (sky130_fd_sc_hd__nand2_2)
     5    0.02                           u_pc_next_logic._0227_ (net)
                  0.12    0.00    0.70 ^ u_pc_next_logic._1009_/A1 (sky130_fd_sc_hd__a21oi_2)
                  0.03    0.06    0.76 v u_pc_next_logic._1009_/Y (sky130_fd_sc_hd__a21oi_2)
     1    0.00                           u_pc_next_logic._0257_ (net)
                  0.03    0.00    0.76 v u_pc_next_logic._1017_/A2_N (sky130_fd_sc_hd__a2bb2o_2)
                  0.13    0.28    1.04 ^ u_pc_next_logic._1017_/X (sky130_fd_sc_hd__a2bb2o_2)
     1    0.02                           u_pc_next_logic._0265_ (net)
                  0.13    0.00    1.04 ^ u_pc_next_logic._1018_/A1 (sky130_fd_sc_hd__mux2_2)
                  0.04    0.16    1.20 ^ u_pc_next_logic._1018_/X (sky130_fd_sc_hd__mux2_2)
     1    0.00                           u_pc_next_logic._0266_ (net)
                  0.04    0.00    1.20 ^ u_pc_next_logic._1019_/A (sky130_fd_sc_hd__buf_1)
                  0.04    0.07    1.28 ^ u_pc_next_logic._1019_/X (sky130_fd_sc_hd__buf_1)
     1    0.00                           u_pc_next_logic.pc_next[7] (net)
                  0.04    0.00    1.28 ^ u_pc_reg._082_/B (sky130_fd_sc_hd__and2_2)
                  0.04    0.13    1.40 ^ u_pc_reg._082_/X (sky130_fd_sc_hd__and2_2)
     1    0.00                           u_pc_reg._057_ (net)
                  0.04    0.00    1.40 ^ u_pc_reg._083_/A (sky130_fd_sc_hd__buf_1)
                  0.04    0.08    1.48 ^ u_pc_reg._083_/X (sky130_fd_sc_hd__buf_1)
     1    0.00                           u_pc_reg._007_ (net)
                  0.04    0.00    1.48 ^ u_pc_reg._141_/D (sky130_fd_sc_hd__dfxtp_2)
                                  1.48   data arrival time

                  0.10    0.00    0.00   clock clk (rise edge)
                          0.00    0.00   clock network delay (ideal)
                          0.20    0.20   clock uncertainty
                          0.00    0.20   clock reconvergence pessimism
                                  0.20 ^ u_pc_reg._141_/CLK (sky130_fd_sc_hd__dfxtp_2)
                         -0.02    0.18   library hold time
                                  0.18   data required time
-----------------------------------------------------------------------------
                                  0.18   data required time
                                 -1.48   data arrival time
-----------------------------------------------------------------------------
                                  1.30   slack (MET)


Startpoint: u_pc_reg._155_ (rising edge-triggered flip-flop clocked by clk)
Endpoint: u_regfile.u_sram_rs1 (falling edge-triggered flip-flop clocked by clk)
Path Group: clk
Path Type: min

Fanout     Cap    Slew   Delay    Time   Description
-----------------------------------------------------------------------------
                  0.10    0.00    0.00   clock clk (rise edge)
                          0.00    0.00   clock network delay (ideal)
                  0.10    0.00    0.00 ^ u_pc_reg._155_/CLK (sky130_fd_sc_hd__dfxtp_2)
                  0.20    0.47    0.47 v u_pc_reg._155_/Q (sky130_fd_sc_hd__dfxtp_2)
    12    0.09                           u_imem.addr[21] (net)
                  0.20    0.00    0.47 v u_pc_next_logic._0819_/B (sky130_fd_sc_hd__nand3_2)
                  0.09    0.16    0.64 ^ u_pc_next_logic._0819_/Y (sky130_fd_sc_hd__nand3_2)
     4    0.01                           u_pc_next_logic._0085_ (net)
                  0.09    0.00    0.64 ^ u_pc_next_logic._0820_/B (sky130_fd_sc_hd__and2_2)
                  0.04    0.15    0.79 ^ u_pc_next_logic._0820_/X (sky130_fd_sc_hd__and2_2)
     1    0.00                           u_pc_next_logic._0086_ (net)
                  0.04    0.00    0.79 ^ u_pc_next_logic._0821_/A (sky130_fd_sc_hd__buf_1)
                  0.06    0.09    0.88 ^ u_pc_next_logic._0821_/X (sky130_fd_sc_hd__buf_1)
     1    0.00                           u_pc_next_logic.pc_plus4[21] (net)
                  0.06    0.00    0.88 ^ u_wb_mux._169_/A1 (sky130_fd_sc_hd__a22o_2)
                  0.04    0.14    1.02 ^ u_wb_mux._169_/X (sky130_fd_sc_hd__a22o_2)
     1    0.00                           u_wb_mux._063_ (net)
                  0.04    0.00    1.02 ^ u_wb_mux._171_/B1 (sky130_fd_sc_hd__a211o_2)
                  0.52    0.43    1.45 ^ u_wb_mux._171_/X (sky130_fd_sc_hd__a211o_2)
     3    0.11                           u_regfile.wd[21] (net)
                  0.69    0.01    1.45 ^ u_regfile.u_sram_rs1/din0[21] (sky130_sram_1kbyte_1rw1r_32x256_8)
                                  1.45   data arrival time

                  0.10    0.00    0.00   clock clk (rise edge)
                          0.00    0.00   clock network delay (ideal)
                          0.20    0.20   clock uncertainty
                          0.00    0.20   clock reconvergence pessimism
                                  0.20 ^ u_regfile.u_sram_rs1/clk0 (sky130_sram_1kbyte_1rw1r_32x256_8)
                         -0.06    0.14   library hold time
                                  0.14   data required time
-----------------------------------------------------------------------------
                                  0.14   data required time
                                 -1.45   data arrival time
-----------------------------------------------------------------------------
                                  1.31   slack (MET)


Startpoint: u_pc_reg._152_ (rising edge-triggered flip-flop clocked by clk)
Endpoint: u_regfile.u_sram_rs1 (falling edge-triggered flip-flop clocked by clk)
Path Group: clk
Path Type: min

Fanout     Cap    Slew   Delay    Time   Description
-----------------------------------------------------------------------------
                  0.10    0.00    0.00   clock clk (rise edge)
                          0.00    0.00   clock network delay (ideal)
                  0.10    0.00    0.00 ^ u_pc_reg._152_/CLK (sky130_fd_sc_hd__dfxtp_2)
                  0.28    0.53    0.53 v u_pc_reg._152_/Q (sky130_fd_sc_hd__dfxtp_2)
    14    0.12                           u_imem.addr[18] (net)
                  0.28    0.01    0.54 v u_pc_next_logic._0811_/A (sky130_fd_sc_hd__xnor2_2)
                  0.11    0.36    0.90 ^ u_pc_next_logic._0811_/Y (sky130_fd_sc_hd__xnor2_2)
     2    0.02                           u_pc_next_logic.pc_plus4[18] (net)
                  0.11    0.00    0.90 ^ u_wb_mux._155_/A1 (sky130_fd_sc_hd__a22o_2)
                  0.04    0.15    1.05 ^ u_wb_mux._155_/X (sky130_fd_sc_hd__a22o_2)
     1    0.00                           u_wb_mux._052_ (net)
                  0.04    0.00    1.05 ^ u_wb_mux._157_/B1 (sky130_fd_sc_hd__a211o_2)
                  0.47    0.38    1.43 ^ u_wb_mux._157_/X (sky130_fd_sc_hd__a211o_2)
     3    0.10                           u_regfile.wd[18] (net)
                  0.62    0.03    1.46 ^ u_regfile.u_sram_rs1/din0[18] (sky130_sram_1kbyte_1rw1r_32x256_8)
                                  1.46   data arrival time

                  0.10    0.00    0.00   clock clk (rise edge)
                          0.00    0.00   clock network delay (ideal)
                          0.20    0.20   clock uncertainty
                          0.00    0.20   clock reconvergence pessimism
                                  0.20 ^ u_regfile.u_sram_rs1/clk0 (sky130_sram_1kbyte_1rw1r_32x256_8)
                         -0.06    0.14   library hold time
                                  0.14   data required time
-----------------------------------------------------------------------------
                                  0.14   data required time
                                 -1.46   data arrival time
-----------------------------------------------------------------------------
                                  1.31   slack (MET)


Startpoint: u_pc_reg._135_ (rising edge-triggered flip-flop clocked by clk)
Endpoint: u_regfile.u_sram_rs2 (falling edge-triggered flip-flop clocked by clk)
Path Group: clk
Path Type: min

Fanout     Cap    Slew   Delay    Time   Description
-----------------------------------------------------------------------------
                  0.10    0.00    0.00   clock clk (rise edge)
                          0.00    0.00   clock network delay (ideal)
                  0.10    0.00    0.00 ^ u_pc_reg._135_/CLK (sky130_fd_sc_hd__dfxtp_2)
                  0.40    0.59    0.59 ^ u_pc_reg._135_/Q (sky130_fd_sc_hd__dfxtp_2)
    11    0.08                           u_imem.addr[1] (net)
                  0.40    0.00    0.60 ^ u_pc_next_logic._1605_/A (sky130_fd_sc_hd__buf_2)
                  0.04    0.18    0.77 ^ u_pc_next_logic._1605_/X (sky130_fd_sc_hd__buf_2)
     1    0.00                           u_pc_next_logic.pc_plus4[1] (net)
                  0.04    0.00    0.77 ^ u_wb_mux._099_/A1 (sky130_fd_sc_hd__a22o_2)
                  0.03    0.12    0.90 ^ u_wb_mux._099_/X (sky130_fd_sc_hd__a22o_2)
     1    0.00                           u_wb_mux._013_ (net)
                  0.03    0.00    0.90 ^ u_wb_mux._101_/B1 (sky130_fd_sc_hd__a211o_2)
                  0.69    0.54    1.44 ^ u_wb_mux._101_/X (sky130_fd_sc_hd__a211o_2)
     3    0.15                           u_regfile.wd[1] (net)
                  0.92    0.03    1.46 ^ u_regfile.u_sram_rs2/din0[1] (sky130_sram_1kbyte_1rw1r_32x256_8)
                                  1.46   data arrival time

                  0.10    0.00    0.00   clock clk (rise edge)
                          0.00    0.00   clock network delay (ideal)
                          0.20    0.20   clock uncertainty
                          0.00    0.20   clock reconvergence pessimism
                                  0.20 ^ u_regfile.u_sram_rs2/clk0 (sky130_sram_1kbyte_1rw1r_32x256_8)
                         -0.06    0.14   library hold time
                                  0.14   data required time
-----------------------------------------------------------------------------
                                  0.14   data required time
                                 -1.46   data arrival time
-----------------------------------------------------------------------------
                                  1.32   slack (MET)


Startpoint: u_pc_reg._155_ (rising edge-triggered flip-flop clocked by clk)
Endpoint: u_regfile.u_sram_rs2 (falling edge-triggered flip-flop clocked by clk)
Path Group: clk
Path Type: min

Fanout     Cap    Slew   Delay    Time   Description
-----------------------------------------------------------------------------
                  0.10    0.00    0.00   clock clk (rise edge)
                          0.00    0.00   clock network delay (ideal)
                  0.10    0.00    0.00 ^ u_pc_reg._155_/CLK (sky130_fd_sc_hd__dfxtp_2)
                  0.20    0.47    0.47 v u_pc_reg._155_/Q (sky130_fd_sc_hd__dfxtp_2)
    12    0.09                           u_imem.addr[21] (net)
                  0.20    0.00    0.47 v u_pc_next_logic._0819_/B (sky130_fd_sc_hd__nand3_2)
                  0.09    0.16    0.64 ^ u_pc_next_logic._0819_/Y (sky130_fd_sc_hd__nand3_2)
     4    0.01                           u_pc_next_logic._0085_ (net)
                  0.09    0.00    0.64 ^ u_pc_next_logic._0820_/B (sky130_fd_sc_hd__and2_2)
                  0.04    0.15    0.79 ^ u_pc_next_logic._0820_/X (sky130_fd_sc_hd__and2_2)
     1    0.00                           u_pc_next_logic._0086_ (net)
                  0.04    0.00    0.79 ^ u_pc_next_logic._0821_/A (sky130_fd_sc_hd__buf_1)
                  0.06    0.09    0.88 ^ u_pc_next_logic._0821_/X (sky130_fd_sc_hd__buf_1)
     1    0.00                           u_pc_next_logic.pc_plus4[21] (net)
                  0.06    0.00    0.88 ^ u_wb_mux._169_/A1 (sky130_fd_sc_hd__a22o_2)
                  0.04    0.14    1.02 ^ u_wb_mux._169_/X (sky130_fd_sc_hd__a22o_2)
     1    0.00                           u_wb_mux._063_ (net)
                  0.04    0.00    1.02 ^ u_wb_mux._171_/B1 (sky130_fd_sc_hd__a211o_2)
                  0.52    0.43    1.45 ^ u_wb_mux._171_/X (sky130_fd_sc_hd__a211o_2)
     3    0.11                           u_regfile.wd[21] (net)
                  0.69    0.02    1.46 ^ u_regfile.u_sram_rs2/din0[21] (sky130_sram_1kbyte_1rw1r_32x256_8)
                                  1.46   data arrival time

                  0.10    0.00    0.00   clock clk (rise edge)
                          0.00    0.00   clock network delay (ideal)
                          0.20    0.20   clock uncertainty
                          0.00    0.20   clock reconvergence pessimism
                                  0.20 ^ u_regfile.u_sram_rs2/clk0 (sky130_sram_1kbyte_1rw1r_32x256_8)
                         -0.06    0.14   library hold time
                                  0.14   data required time
-----------------------------------------------------------------------------
                                  0.14   data required time
                                 -1.46   data arrival time
-----------------------------------------------------------------------------
                                  1.32   slack (MET)


Startpoint: u_pc_reg._154_ (rising edge-triggered flip-flop clocked by clk)
Endpoint: u_regfile.u_sram_rs2 (falling edge-triggered flip-flop clocked by clk)
Path Group: clk
Path Type: min

Fanout     Cap    Slew   Delay    Time   Description
-----------------------------------------------------------------------------
                  0.10    0.00    0.00   clock clk (rise edge)
                          0.00    0.00   clock network delay (ideal)
                  0.10    0.00    0.00 ^ u_pc_reg._154_/CLK (sky130_fd_sc_hd__dfxtp_2)
                  0.25    0.50    0.50 v u_pc_reg._154_/Q (sky130_fd_sc_hd__dfxtp_2)
    13    0.11                           u_imem.addr[20] (net)
                  0.25    0.01    0.52 v u_pc_next_logic._0817_/A (sky130_fd_sc_hd__xor2_2)
                  0.18    0.30    0.81 ^ u_pc_next_logic._0817_/X (sky130_fd_sc_hd__xor2_2)
     2    0.01                           u_pc_next_logic.pc_plus4[20] (net)
                  0.18    0.00    0.81 ^ u_wb_mux._163_/A1 (sky130_fd_sc_hd__a22o_2)
                  0.05    0.19    1.00 ^ u_wb_mux._163_/X (sky130_fd_sc_hd__a22o_2)
     1    0.01                           u_wb_mux._058_ (net)
                  0.05    0.00    1.00 ^ u_wb_mux._167_/B1 (sky130_fd_sc_hd__a211o_2)
                  0.57    0.46    1.46 ^ u_wb_mux._167_/X (sky130_fd_sc_hd__a211o_2)
     3    0.12                           u_regfile.wd[20] (net)
                  0.76    0.01    1.47 ^ u_regfile.u_sram_rs2/din0[20] (sky130_sram_1kbyte_1rw1r_32x256_8)
                                  1.47   data arrival time

                  0.10    0.00    0.00   clock clk (rise edge)
                          0.00    0.00   clock network delay (ideal)
                          0.20    0.20   clock uncertainty
                          0.00    0.20   clock reconvergence pessimism
                                  0.20 ^ u_regfile.u_sram_rs2/clk0 (sky130_sram_1kbyte_1rw1r_32x256_8)
                         -0.06    0.14   library hold time
                                  0.14   data required time
-----------------------------------------------------------------------------
                                  0.14   data required time
                                 -1.47   data arrival time
-----------------------------------------------------------------------------
                                  1.33   slack (MET)


Startpoint: u_pc_reg._153_ (rising edge-triggered flip-flop clocked by clk)
Endpoint: u_pc_reg._153_ (rising edge-triggered flip-flop clocked by clk)
Path Group: clk
Path Type: min

Fanout     Cap    Slew   Delay    Time   Description
-----------------------------------------------------------------------------
                  0.10    0.00    0.00   clock clk (rise edge)
                          0.00    0.00   clock network delay (ideal)
                  0.10    0.00    0.00 ^ u_pc_reg._153_/CLK (sky130_fd_sc_hd__dfxtp_2)
                  0.26    0.52    0.52 v u_pc_reg._153_/Q (sky130_fd_sc_hd__dfxtp_2)
    12    0.12                           u_imem.addr[19] (net)
                  0.26    0.00    0.53 v u_pc_next_logic._1309_/A (sky130_fd_sc_hd__nor2_2)
                  0.05    0.16    0.68 ^ u_pc_next_logic._1309_/Y (sky130_fd_sc_hd__nor2_2)
     1    0.00                           u_pc_next_logic._0545_ (net)
                  0.05    0.00    0.68 ^ u_pc_next_logic._1310_/B (sky130_fd_sc_hd__or2_2)
                  0.07    0.13    0.82 ^ u_pc_next_logic._1310_/X (sky130_fd_sc_hd__or2_2)
     2    0.01                           u_pc_next_logic._0546_ (net)
                  0.07    0.00    0.82 ^ u_pc_next_logic._1312_/A (sky130_fd_sc_hd__xnor2_2)
                  0.03    0.11    0.92 ^ u_pc_next_logic._1312_/Y (sky130_fd_sc_hd__xnor2_2)
     1    0.00                           u_pc_next_logic._0548_ (net)
                  0.03    0.00    0.92 ^ u_pc_next_logic._1313_/A1 (sky130_fd_sc_hd__mux2_2)
                  0.07    0.17    1.09 ^ u_pc_next_logic._1313_/X (sky130_fd_sc_hd__mux2_2)
     1    0.01                           u_pc_next_logic._0549_ (net)
                  0.07    0.00    1.09 ^ u_pc_next_logic._1314_/A1 (sky130_fd_sc_hd__mux2_2)
                  0.04    0.14    1.23 ^ u_pc_next_logic._1314_/X (sky130_fd_sc_hd__mux2_2)
     1    0.00                           u_pc_next_logic._0550_ (net)
                  0.04    0.00    1.23 ^ u_pc_next_logic._1315_/A (sky130_fd_sc_hd__buf_1)
                  0.04    0.07    1.30 ^ u_pc_next_logic._1315_/X (sky130_fd_sc_hd__buf_1)
     1    0.00                           u_pc_next_logic.pc_next[19] (net)
                  0.04    0.00    1.30 ^ u_pc_reg._107_/B (sky130_fd_sc_hd__and2_2)
                  0.04    0.13    1.43 ^ u_pc_reg._107_/X (sky130_fd_sc_hd__and2_2)
     1    0.00                           u_pc_reg._035_ (net)
                  0.04    0.00    1.43 ^ u_pc_reg._108_/A (sky130_fd_sc_hd__buf_1)
                  0.04    0.08    1.50 ^ u_pc_reg._108_/X (sky130_fd_sc_hd__buf_1)
     1    0.00                           u_pc_reg._019_ (net)
                  0.04    0.00    1.50 ^ u_pc_reg._153_/D (sky130_fd_sc_hd__dfxtp_2)
                                  1.50   data arrival time

                  0.10    0.00    0.00   clock clk (rise edge)
                          0.00    0.00   clock network delay (ideal)
                          0.20    0.20   clock uncertainty
                          0.00    0.20   clock reconvergence pessimism
                                  0.20 ^ u_pc_reg._153_/CLK (sky130_fd_sc_hd__dfxtp_2)
                         -0.02    0.18   library hold time
                                  0.18   data required time
-----------------------------------------------------------------------------
                                  0.18   data required time
                                 -1.50   data arrival time
-----------------------------------------------------------------------------
                                  1.33   slack (MET)


Startpoint: u_pc_reg._135_ (rising edge-triggered flip-flop clocked by clk)
Endpoint: u_regfile.u_sram_rs1 (falling edge-triggered flip-flop clocked by clk)
Path Group: clk
Path Type: min

Fanout     Cap    Slew   Delay    Time   Description
-----------------------------------------------------------------------------
                  0.10    0.00    0.00   clock clk (rise edge)
                          0.00    0.00   clock network delay (ideal)
                  0.10    0.00    0.00 ^ u_pc_reg._135_/CLK (sky130_fd_sc_hd__dfxtp_2)
                  0.40    0.59    0.59 ^ u_pc_reg._135_/Q (sky130_fd_sc_hd__dfxtp_2)
    11    0.08                           u_imem.addr[1] (net)
                  0.40    0.00    0.60 ^ u_pc_next_logic._1605_/A (sky130_fd_sc_hd__buf_2)
                  0.04    0.18    0.77 ^ u_pc_next_logic._1605_/X (sky130_fd_sc_hd__buf_2)
     1    0.00                           u_pc_next_logic.pc_plus4[1] (net)
                  0.04    0.00    0.77 ^ u_wb_mux._099_/A1 (sky130_fd_sc_hd__a22o_2)
                  0.03    0.12    0.90 ^ u_wb_mux._099_/X (sky130_fd_sc_hd__a22o_2)
     1    0.00                           u_wb_mux._013_ (net)
                  0.03    0.00    0.90 ^ u_wb_mux._101_/B1 (sky130_fd_sc_hd__a211o_2)
                  0.69    0.54    1.44 ^ u_wb_mux._101_/X (sky130_fd_sc_hd__a211o_2)
     3    0.15                           u_regfile.wd[1] (net)
                  0.93    0.04    1.47 ^ u_regfile.u_sram_rs1/din0[1] (sky130_sram_1kbyte_1rw1r_32x256_8)
                                  1.47   data arrival time

                  0.10    0.00    0.00   clock clk (rise edge)
                          0.00    0.00   clock network delay (ideal)
                          0.20    0.20   clock uncertainty
                          0.00    0.20   clock reconvergence pessimism
                                  0.20 ^ u_regfile.u_sram_rs1/clk0 (sky130_sram_1kbyte_1rw1r_32x256_8)
                         -0.06    0.14   library hold time
                                  0.14   data required time
-----------------------------------------------------------------------------
                                  0.14   data required time
                                 -1.47   data arrival time
-----------------------------------------------------------------------------
                                  1.33   slack (MET)


Startpoint: u_pc_reg._145_ (rising edge-triggered flip-flop clocked by clk)
Endpoint: u_regfile.u_sram_rs2 (falling edge-triggered flip-flop clocked by clk)
Path Group: clk
Path Type: min

Fanout     Cap    Slew   Delay    Time   Description
-----------------------------------------------------------------------------
                  0.10    0.00    0.00   clock clk (rise edge)
                          0.00    0.00   clock network delay (ideal)
                  0.10    0.00    0.00 ^ u_pc_reg._145_/CLK (sky130_fd_sc_hd__dfxtp_2)
                  0.16    0.45    0.45 v u_pc_reg._145_/Q (sky130_fd_sc_hd__dfxtp_2)
    12    0.07                           u_imem.addr[11] (net)
                  0.16    0.00    0.45 v u_pc_next_logic._0793_/A (sky130_fd_sc_hd__nor2_2)
                  0.09    0.15    0.61 ^ u_pc_next_logic._0793_/Y (sky130_fd_sc_hd__nor2_2)
     1    0.01                           u_pc_next_logic._0069_ (net)
                  0.09    0.00    0.61 ^ u_pc_next_logic._0794_/B (sky130_fd_sc_hd__nor2_2)
                  0.03    0.05    0.66 v u_pc_next_logic._0794_/Y (sky130_fd_sc_hd__nor2_2)
     2    0.01                           u_pc_next_logic.pc_plus4[11] (net)
                  0.03    0.00    0.66 v u_wb_mux._134_/A1 (sky130_fd_sc_hd__a22o_2)
                  0.04    0.22    0.88 v u_wb_mux._134_/X (sky130_fd_sc_hd__a22o_2)
     1    0.00                           u_wb_mux._038_ (net)
                  0.04    0.00    0.88 v u_wb_mux._136_/B1 (sky130_fd_sc_hd__a211o_2)
                  0.38    0.60    1.48 v u_wb_mux._136_/X (sky130_fd_sc_hd__a211o_2)
     3    0.17                           u_regfile.wd[11] (net)
                  0.51    0.01    1.49 v u_regfile.u_sram_rs2/din0[11] (sky130_sram_1kbyte_1rw1r_32x256_8)
                                  1.49   data arrival time

                  0.10    0.00    0.00   clock clk (rise edge)
                          0.00    0.00   clock network delay (ideal)
                          0.20    0.20   clock uncertainty
                          0.00    0.20   clock reconvergence pessimism
                                  0.20 ^ u_regfile.u_sram_rs2/clk0 (sky130_sram_1kbyte_1rw1r_32x256_8)
                         -0.06    0.14   library hold time
                                  0.14   data required time
-----------------------------------------------------------------------------
                                  0.14   data required time
                                 -1.49   data arrival time
-----------------------------------------------------------------------------
                                  1.35   slack (MET)


Startpoint: u_pc_reg._154_ (rising edge-triggered flip-flop clocked by clk)
Endpoint: u_regfile.u_sram_rs1 (falling edge-triggered flip-flop clocked by clk)
Path Group: clk
Path Type: min

Fanout     Cap    Slew   Delay    Time   Description
-----------------------------------------------------------------------------
                  0.10    0.00    0.00   clock clk (rise edge)
                          0.00    0.00   clock network delay (ideal)
                  0.10    0.00    0.00 ^ u_pc_reg._154_/CLK (sky130_fd_sc_hd__dfxtp_2)
                  0.25    0.50    0.50 v u_pc_reg._154_/Q (sky130_fd_sc_hd__dfxtp_2)
    13    0.11                           u_imem.addr[20] (net)
                  0.25    0.01    0.52 v u_pc_next_logic._0817_/A (sky130_fd_sc_hd__xor2_2)
                  0.18    0.30    0.81 ^ u_pc_next_logic._0817_/X (sky130_fd_sc_hd__xor2_2)
     2    0.01                           u_pc_next_logic.pc_plus4[20] (net)
                  0.18    0.00    0.81 ^ u_wb_mux._163_/A1 (sky130_fd_sc_hd__a22o_2)
                  0.05    0.19    1.00 ^ u_wb_mux._163_/X (sky130_fd_sc_hd__a22o_2)
     1    0.01                           u_wb_mux._058_ (net)
                  0.05    0.00    1.00 ^ u_wb_mux._167_/B1 (sky130_fd_sc_hd__a211o_2)
                  0.57    0.46    1.46 ^ u_wb_mux._167_/X (sky130_fd_sc_hd__a211o_2)
     3    0.12                           u_regfile.wd[20] (net)
                  0.77    0.03    1.49 ^ u_regfile.u_sram_rs1/din0[20] (sky130_sram_1kbyte_1rw1r_32x256_8)
                                  1.49   data arrival time

                  0.10    0.00    0.00   clock clk (rise edge)
                          0.00    0.00   clock network delay (ideal)
                          0.20    0.20   clock uncertainty
                          0.00    0.20   clock reconvergence pessimism
                                  0.20 ^ u_regfile.u_sram_rs1/clk0 (sky130_sram_1kbyte_1rw1r_32x256_8)
                         -0.06    0.14   library hold time
                                  0.14   data required time
-----------------------------------------------------------------------------
                                  0.14   data required time
                                 -1.49   data arrival time
-----------------------------------------------------------------------------
                                  1.35   slack (MET)


Startpoint: u_pc_reg._134_ (rising edge-triggered flip-flop clocked by clk)
Endpoint: u_regfile.u_sram_rs2 (falling edge-triggered flip-flop clocked by clk)
Path Group: clk
Path Type: min

Fanout     Cap    Slew   Delay    Time   Description
-----------------------------------------------------------------------------
                  0.10    0.00    0.00   clock clk (rise edge)
                          0.00    0.00   clock network delay (ideal)
                  0.10    0.00    0.00 ^ u_pc_reg._134_/CLK (sky130_fd_sc_hd__dfxtp_2)
                  0.34    0.55    0.55 ^ u_pc_reg._134_/Q (sky130_fd_sc_hd__dfxtp_2)
    11    0.07                           u_imem.addr[0] (net)
                  0.34    0.00    0.55 ^ _628_/A (sky130_fd_sc_hd__nor2_2)
                  0.07    0.08    0.63 v _628_/Y (sky130_fd_sc_hd__nor2_2)
     1    0.00                           _266_ (net)
                  0.07    0.00    0.63 v _629_/B (sky130_fd_sc_hd__nor2_2)
                  0.06    0.08    0.71 ^ _629_/Y (sky130_fd_sc_hd__nor2_2)
     1    0.00                           u_wb_mux.pc_plus_imm[0] (net)
                  0.06    0.00    0.71 ^ u_wb_mux._091_/B2 (sky130_fd_sc_hd__a22o_2)
                  0.07    0.16    0.86 ^ u_wb_mux._091_/X (sky130_fd_sc_hd__a22o_2)
     1    0.01                           u_wb_mux._006_ (net)
                  0.07    0.00    0.86 ^ u_wb_mux._097_/B1 (sky130_fd_sc_hd__a211o_2)
                  0.76    0.56    1.43 ^ u_wb_mux._097_/X (sky130_fd_sc_hd__a211o_2)
     3    0.16                           u_regfile.wd[0] (net)
                  1.03    0.07    1.49 ^ u_regfile.u_sram_rs2/din0[0] (sky130_sram_1kbyte_1rw1r_32x256_8)
                                  1.49   data arrival time

                  0.10    0.00    0.00   clock clk (rise edge)
                          0.00    0.00   clock network delay (ideal)
                          0.20    0.20   clock uncertainty
                          0.00    0.20   clock reconvergence pessimism
                                  0.20 ^ u_regfile.u_sram_rs2/clk0 (sky130_sram_1kbyte_1rw1r_32x256_8)
                         -0.06    0.14   library hold time
                                  0.14   data required time
-----------------------------------------------------------------------------
                                  0.14   data required time
                                 -1.49   data arrival time
-----------------------------------------------------------------------------
                                  1.35   slack (MET)


Startpoint: u_pc_reg._159_ (rising edge-triggered flip-flop clocked by clk)
Endpoint: u_regfile.u_sram_rs1 (falling edge-triggered flip-flop clocked by clk)
Path Group: clk
Path Type: min

Fanout     Cap    Slew   Delay    Time   Description
-----------------------------------------------------------------------------
                  0.10    0.00    0.00   clock clk (rise edge)
                          0.00    0.00   clock network delay (ideal)
                  0.10    0.00    0.00 ^ u_pc_reg._159_/CLK (sky130_fd_sc_hd__dfxtp_2)
                  0.27    0.51    0.51 v u_pc_reg._159_/Q (sky130_fd_sc_hd__dfxtp_2)
    14    0.12                           u_imem.addr[25] (net)
                  0.27    0.02    0.54 v _588_/A (sky130_fd_sc_hd__nor2_2)
                  0.11    0.21    0.75 ^ _588_/Y (sky130_fd_sc_hd__nor2_2)
     2    0.01                           _233_ (net)
                  0.11    0.00    0.75 ^ _589_/B (sky130_fd_sc_hd__nor2_2)
                  0.04    0.06    0.81 v _589_/Y (sky130_fd_sc_hd__nor2_2)
     2    0.01                           _234_ (net)
                  0.04    0.00    0.81 v _591_/A (sky130_fd_sc_hd__xnor2_2)
                  0.05    0.16    0.97 ^ _591_/Y (sky130_fd_sc_hd__xnor2_2)
     1    0.01                           u_wb_mux.pc_plus_imm[25] (net)
                  0.05    0.00    0.97 ^ u_wb_mux._181_/B2 (sky130_fd_sc_hd__a22o_2)
                  0.04    0.12    1.09 ^ u_wb_mux._181_/X (sky130_fd_sc_hd__a22o_2)
     1    0.00                           u_wb_mux._071_ (net)
                  0.04    0.00    1.09 ^ u_wb_mux._183_/B1 (sky130_fd_sc_hd__a211o_2)
                  0.47    0.39    1.49 ^ u_wb_mux._183_/X (sky130_fd_sc_hd__a211o_2)
     3    0.10                           u_regfile.wd[25] (net)
                  0.62    0.01    1.49 ^ u_regfile.u_sram_rs1/din0[25] (sky130_sram_1kbyte_1rw1r_32x256_8)
                                  1.49   data arrival time

                  0.10    0.00    0.00   clock clk (rise edge)
                          0.00    0.00   clock network delay (ideal)
                          0.20    0.20   clock uncertainty
                          0.00    0.20   clock reconvergence pessimism
                                  0.20 ^ u_regfile.u_sram_rs1/clk0 (sky130_sram_1kbyte_1rw1r_32x256_8)
                         -0.06    0.14   library hold time
                                  0.14   data required time
-----------------------------------------------------------------------------
                                  0.14   data required time
                                 -1.49   data arrival time
-----------------------------------------------------------------------------
                                  1.35   slack (MET)


Startpoint: u_pc_reg._134_ (rising edge-triggered flip-flop clocked by clk)
Endpoint: u_regfile.u_sram_rs1 (falling edge-triggered flip-flop clocked by clk)
Path Group: clk
Path Type: min

Fanout     Cap    Slew   Delay    Time   Description
-----------------------------------------------------------------------------
                  0.10    0.00    0.00   clock clk (rise edge)
                          0.00    0.00   clock network delay (ideal)
                  0.10    0.00    0.00 ^ u_pc_reg._134_/CLK (sky130_fd_sc_hd__dfxtp_2)
                  0.34    0.55    0.55 ^ u_pc_reg._134_/Q (sky130_fd_sc_hd__dfxtp_2)
    11    0.07                           u_imem.addr[0] (net)
                  0.34    0.00    0.55 ^ _628_/A (sky130_fd_sc_hd__nor2_2)
                  0.07    0.08    0.63 v _628_/Y (sky130_fd_sc_hd__nor2_2)
     1    0.00                           _266_ (net)
                  0.07    0.00    0.63 v _629_/B (sky130_fd_sc_hd__nor2_2)
                  0.06    0.08    0.71 ^ _629_/Y (sky130_fd_sc_hd__nor2_2)
     1    0.00                           u_wb_mux.pc_plus_imm[0] (net)
                  0.06    0.00    0.71 ^ u_wb_mux._091_/B2 (sky130_fd_sc_hd__a22o_2)
                  0.07    0.16    0.86 ^ u_wb_mux._091_/X (sky130_fd_sc_hd__a22o_2)
     1    0.01                           u_wb_mux._006_ (net)
                  0.07    0.00    0.86 ^ u_wb_mux._097_/B1 (sky130_fd_sc_hd__a211o_2)
                  0.76    0.56    1.43 ^ u_wb_mux._097_/X (sky130_fd_sc_hd__a211o_2)
     3    0.16                           u_regfile.wd[0] (net)
                  1.03    0.07    1.50 ^ u_regfile.u_sram_rs1/din0[0] (sky130_sram_1kbyte_1rw1r_32x256_8)
                                  1.50   data arrival time

                  0.10    0.00    0.00   clock clk (rise edge)
                          0.00    0.00   clock network delay (ideal)
                          0.20    0.20   clock uncertainty
                          0.00    0.20   clock reconvergence pessimism
                                  0.20 ^ u_regfile.u_sram_rs1/clk0 (sky130_sram_1kbyte_1rw1r_32x256_8)
                         -0.06    0.14   library hold time
                                  0.14   data required time
-----------------------------------------------------------------------------
                                  0.14   data required time
                                 -1.50   data arrival time
-----------------------------------------------------------------------------
                                  1.35   slack (MET)


Startpoint: u_pc_reg._160_ (rising edge-triggered flip-flop clocked by clk)
Endpoint: u_pc_reg._160_ (rising edge-triggered flip-flop clocked by clk)
Path Group: clk
Path Type: min

Fanout     Cap    Slew   Delay    Time   Description
-----------------------------------------------------------------------------
                  0.10    0.00    0.00   clock clk (rise edge)
                          0.00    0.00   clock network delay (ideal)
                  0.10    0.00    0.00 ^ u_pc_reg._160_/CLK (sky130_fd_sc_hd__dfxtp_2)
                  0.24    0.49    0.49 v u_pc_reg._160_/Q (sky130_fd_sc_hd__dfxtp_2)
    12    0.10                           u_imem.addr[26] (net)
                  0.24    0.02    0.51 v u_pc_next_logic._1482_/A (sky130_fd_sc_hd__nand2_2)
                  0.07    0.16    0.67 ^ u_pc_next_logic._1482_/Y (sky130_fd_sc_hd__nand2_2)
     3    0.01                           u_pc_next_logic._0711_ (net)
                  0.07    0.00    0.67 ^ u_pc_next_logic._1484_/A (sky130_fd_sc_hd__nand2_2)
                  0.06    0.08    0.75 v u_pc_next_logic._1484_/Y (sky130_fd_sc_hd__nand2_2)
     3    0.01                           u_pc_next_logic._0713_ (net)
                  0.06    0.00    0.75 v u_pc_next_logic._1487_/A (sky130_fd_sc_hd__xor2_2)
                  0.07    0.14    0.89 ^ u_pc_next_logic._1487_/X (sky130_fd_sc_hd__xor2_2)
     1    0.00                           u_pc_next_logic._0716_ (net)
                  0.07    0.00    0.89 ^ u_pc_next_logic._1488_/A1 (sky130_fd_sc_hd__mux2_2)
                  0.13    0.22    1.11 ^ u_pc_next_logic._1488_/X (sky130_fd_sc_hd__mux2_2)
     1    0.02                           u_pc_next_logic._0717_ (net)
                  0.13    0.00    1.12 ^ u_pc_next_logic._1494_/A0 (sky130_fd_sc_hd__mux2_2)
                  0.04    0.16    1.27 ^ u_pc_next_logic._1494_/X (sky130_fd_sc_hd__mux2_2)
     1    0.00                           u_pc_next_logic._0723_ (net)
                  0.04    0.00    1.27 ^ u_pc_next_logic._1495_/A (sky130_fd_sc_hd__buf_1)
                  0.03    0.07    1.34 ^ u_pc_next_logic._1495_/X (sky130_fd_sc_hd__buf_1)
     1    0.00                           u_pc_next_logic.pc_next[26] (net)
                  0.03    0.00    1.34 ^ u_pc_reg._122_/B (sky130_fd_sc_hd__and2_2)
                  0.04    0.12    1.46 ^ u_pc_reg._122_/X (sky130_fd_sc_hd__and2_2)
     1    0.00                           u_pc_reg._043_ (net)
                  0.04    0.00    1.46 ^ u_pc_reg._123_/A (sky130_fd_sc_hd__buf_1)
                  0.03    0.07    1.53 ^ u_pc_reg._123_/X (sky130_fd_sc_hd__buf_1)
     1    0.00                           u_pc_reg._026_ (net)
                  0.03    0.00    1.53 ^ u_pc_reg._160_/D (sky130_fd_sc_hd__dfxtp_2)
                                  1.53   data arrival time

                  0.10    0.00    0.00   clock clk (rise edge)
                          0.00    0.00   clock network delay (ideal)
                          0.20    0.20   clock uncertainty
                          0.00    0.20   clock reconvergence pessimism
                                  0.20 ^ u_pc_reg._160_/CLK (sky130_fd_sc_hd__dfxtp_2)
                         -0.02    0.18   library hold time
                                  0.18   data required time
-----------------------------------------------------------------------------
                                  0.18   data required time
                                 -1.53   data arrival time
-----------------------------------------------------------------------------
                                  1.36   slack (MET)


Startpoint: u_pc_reg._159_ (rising edge-triggered flip-flop clocked by clk)
Endpoint: u_regfile.u_sram_rs2 (falling edge-triggered flip-flop clocked by clk)
Path Group: clk
Path Type: min

Fanout     Cap    Slew   Delay    Time   Description
-----------------------------------------------------------------------------
                  0.10    0.00    0.00   clock clk (rise edge)
                          0.00    0.00   clock network delay (ideal)
                  0.10    0.00    0.00 ^ u_pc_reg._159_/CLK (sky130_fd_sc_hd__dfxtp_2)
                  0.27    0.51    0.51 v u_pc_reg._159_/Q (sky130_fd_sc_hd__dfxtp_2)
    14    0.12                           u_imem.addr[25] (net)
                  0.27    0.02    0.54 v _588_/A (sky130_fd_sc_hd__nor2_2)
                  0.11    0.21    0.75 ^ _588_/Y (sky130_fd_sc_hd__nor2_2)
     2    0.01                           _233_ (net)
                  0.11    0.00    0.75 ^ _589_/B (sky130_fd_sc_hd__nor2_2)
                  0.04    0.06    0.81 v _589_/Y (sky130_fd_sc_hd__nor2_2)
     2    0.01                           _234_ (net)
                  0.04    0.00    0.81 v _591_/A (sky130_fd_sc_hd__xnor2_2)
                  0.05    0.16    0.97 ^ _591_/Y (sky130_fd_sc_hd__xnor2_2)
     1    0.01                           u_wb_mux.pc_plus_imm[25] (net)
                  0.05    0.00    0.97 ^ u_wb_mux._181_/B2 (sky130_fd_sc_hd__a22o_2)
                  0.04    0.12    1.09 ^ u_wb_mux._181_/X (sky130_fd_sc_hd__a22o_2)
     1    0.00                           u_wb_mux._071_ (net)
                  0.04    0.00    1.09 ^ u_wb_mux._183_/B1 (sky130_fd_sc_hd__a211o_2)
                  0.47    0.39    1.49 ^ u_wb_mux._183_/X (sky130_fd_sc_hd__a211o_2)
     3    0.10                           u_regfile.wd[25] (net)
                  0.62    0.01    1.50 ^ u_regfile.u_sram_rs2/din0[25] (sky130_sram_1kbyte_1rw1r_32x256_8)
                                  1.50   data arrival time

                  0.10    0.00    0.00   clock clk (rise edge)
                          0.00    0.00   clock network delay (ideal)
                          0.20    0.20   clock uncertainty
                          0.00    0.20   clock reconvergence pessimism
                                  0.20 ^ u_regfile.u_sram_rs2/clk0 (sky130_sram_1kbyte_1rw1r_32x256_8)
                         -0.06    0.14   library hold time
                                  0.14   data required time
-----------------------------------------------------------------------------
                                  0.14   data required time
                                 -1.50   data arrival time
-----------------------------------------------------------------------------
                                  1.36   slack (MET)


Startpoint: u_pc_reg._143_ (rising edge-triggered flip-flop clocked by clk)
Endpoint: u_regfile.u_sram_rs2 (falling edge-triggered flip-flop clocked by clk)
Path Group: clk
Path Type: min

Fanout     Cap    Slew   Delay    Time   Description
-----------------------------------------------------------------------------
                  0.10    0.00    0.00   clock clk (rise edge)
                          0.00    0.00   clock network delay (ideal)
                  0.10    0.00    0.00 ^ u_pc_reg._143_/CLK (sky130_fd_sc_hd__dfxtp_2)
                  0.22    0.49    0.49 v u_pc_reg._143_/Q (sky130_fd_sc_hd__dfxtp_2)
    16    0.10                           u_imem.addr[9] (net)
                  0.22    0.01    0.50 v u_pc_next_logic._0787_/A (sky130_fd_sc_hd__xor2_2)
                  0.12    0.24    0.74 ^ u_pc_next_logic._0787_/X (sky130_fd_sc_hd__xor2_2)
     2    0.01                           u_pc_next_logic.pc_plus4[9] (net)
                  0.12    0.00    0.74 ^ u_wb_mux._123_/A1 (sky130_fd_sc_hd__a22o_2)
                  0.04    0.15    0.89 ^ u_wb_mux._123_/X (sky130_fd_sc_hd__a22o_2)
     1    0.00                           u_wb_mux._029_ (net)
                  0.04    0.00    0.89 ^ u_wb_mux._125_/B1 (sky130_fd_sc_hd__a211o_2)
                  0.82    0.61    1.50 ^ u_wb_mux._125_/X (sky130_fd_sc_hd__a211o_2)
     3    0.18                           u_regfile.wd[9] (net)
                  1.10    0.01    1.51 ^ u_regfile.u_sram_rs2/din0[9] (sky130_sram_1kbyte_1rw1r_32x256_8)
                                  1.51   data arrival time

                  0.10    0.00    0.00   clock clk (rise edge)
                          0.00    0.00   clock network delay (ideal)
                          0.20    0.20   clock uncertainty
                          0.00    0.20   clock reconvergence pessimism
                                  0.20 ^ u_regfile.u_sram_rs2/clk0 (sky130_sram_1kbyte_1rw1r_32x256_8)
                         -0.06    0.14   library hold time
                                  0.14   data required time
-----------------------------------------------------------------------------
                                  0.14   data required time
                                 -1.51   data arrival time
-----------------------------------------------------------------------------
                                  1.37   slack (MET)


Startpoint: u_pc_reg._155_ (rising edge-triggered flip-flop clocked by clk)
Endpoint: u_regfile.u_sram_rs1 (falling edge-triggered flip-flop clocked by clk)
Path Group: clk
Path Type: min

Fanout     Cap    Slew   Delay    Time   Description
-----------------------------------------------------------------------------
                  0.10    0.00    0.00   clock clk (rise edge)
                          0.00    0.00   clock network delay (ideal)
                  0.10    0.00    0.00 ^ u_pc_reg._155_/CLK (sky130_fd_sc_hd__dfxtp_2)
                  0.20    0.47    0.47 v u_pc_reg._155_/Q (sky130_fd_sc_hd__dfxtp_2)
    12    0.09                           u_imem.addr[21] (net)
                  0.20    0.00    0.48 v _567_/A (sky130_fd_sc_hd__nand2_2)
                  0.08    0.14    0.62 ^ _567_/Y (sky130_fd_sc_hd__nand2_2)
     3    0.01                           _215_ (net)
                  0.08    0.00    0.62 ^ _568_/A1 (sky130_fd_sc_hd__a21oi_2)
                  0.05    0.07    0.69 v _568_/Y (sky130_fd_sc_hd__a21oi_2)
     1    0.01                           _216_ (net)
                  0.05    0.00    0.69 v _569_/B (sky130_fd_sc_hd__xnor2_2)
                  0.04    0.11    0.80 ^ _569_/Y (sky130_fd_sc_hd__xnor2_2)
     1    0.00                           u_wb_mux.pc_plus_imm[22] (net)
                  0.04    0.00    0.80 ^ u_wb_mux._172_/B2 (sky130_fd_sc_hd__a22o_2)
                  0.04    0.13    0.93 ^ u_wb_mux._172_/X (sky130_fd_sc_hd__a22o_2)
     1    0.00                           u_wb_mux._065_ (net)
                  0.04    0.00    0.93 ^ u_wb_mux._174_/B1 (sky130_fd_sc_hd__a211o_2)
                  0.77    0.58    1.51 ^ u_wb_mux._174_/X (sky130_fd_sc_hd__a211o_2)
     3    0.17                           u_regfile.wd[22] (net)
                  1.03    0.01    1.52 ^ u_regfile.u_sram_rs1/din0[22] (sky130_sram_1kbyte_1rw1r_32x256_8)
                                  1.52   data arrival time

                  0.10    0.00    0.00   clock clk (rise edge)
                          0.00    0.00   clock network delay (ideal)
                          0.20    0.20   clock uncertainty
                          0.00    0.20   clock reconvergence pessimism
                                  0.20 ^ u_regfile.u_sram_rs1/clk0 (sky130_sram_1kbyte_1rw1r_32x256_8)
                         -0.06    0.14   library hold time
                                  0.14   data required time
-----------------------------------------------------------------------------
                                  0.14   data required time
                                 -1.52   data arrival time
-----------------------------------------------------------------------------
                                  1.37   slack (MET)


Startpoint: u_pc_reg._138_ (rising edge-triggered flip-flop clocked by clk)
Endpoint: u_pc_reg._139_ (rising edge-triggered flip-flop clocked by clk)
Path Group: clk
Path Type: min

Fanout     Cap    Slew   Delay    Time   Description
-----------------------------------------------------------------------------
                  0.10    0.00    0.00   clock clk (rise edge)
                          0.00    0.00   clock network delay (ideal)
                  0.10    0.00    0.00 ^ u_pc_reg._138_/CLK (sky130_fd_sc_hd__dfxtp_2)
                  0.18    0.46    0.46 v u_pc_reg._138_/Q (sky130_fd_sc_hd__dfxtp_2)
    13    0.08                           u_imem.addr[4] (net)
                  0.18    0.00    0.46 v u_pc_next_logic._0940_/A (sky130_fd_sc_hd__nand2_2)
                  0.09    0.15    0.61 ^ u_pc_next_logic._0940_/Y (sky130_fd_sc_hd__nand2_2)
     3    0.01                           u_pc_next_logic._0191_ (net)
                  0.09    0.00    0.61 ^ u_pc_next_logic._0965_/B1 (sky130_fd_sc_hd__o21a_2)
                  0.09    0.18    0.79 ^ u_pc_next_logic._0965_/X (sky130_fd_sc_hd__o21a_2)
     3    0.01                           u_pc_next_logic._0215_ (net)
                  0.09    0.00    0.79 ^ u_pc_next_logic._0966_/B (sky130_fd_sc_hd__nand2_2)
                  0.03    0.05    0.84 v u_pc_next_logic._0966_/Y (sky130_fd_sc_hd__nand2_2)
     1    0.00                           u_pc_next_logic._0216_ (net)
                  0.03    0.00    0.84 v u_pc_next_logic._0975_/A1_N (sky130_fd_sc_hd__o2bb2a_2)
                  0.11    0.30    1.13 ^ u_pc_next_logic._0975_/X (sky130_fd_sc_hd__o2bb2a_2)
     1    0.02                           u_pc_next_logic._0225_ (net)
                  0.11    0.00    1.13 ^ u_pc_next_logic._0976_/A1 (sky130_fd_sc_hd__mux2_2)
                  0.04    0.16    1.29 ^ u_pc_next_logic._0976_/X (sky130_fd_sc_hd__mux2_2)
     1    0.00                           u_pc_next_logic._0226_ (net)
                  0.04    0.00    1.29 ^ u_pc_next_logic._0977_/A (sky130_fd_sc_hd__buf_1)
                  0.04    0.07    1.36 ^ u_pc_next_logic._0977_/X (sky130_fd_sc_hd__buf_1)
     1    0.00                           u_pc_next_logic.pc_next[5] (net)
                  0.04    0.00    1.36 ^ u_pc_reg._078_/B (sky130_fd_sc_hd__and2_2)
                  0.04    0.12    1.49 ^ u_pc_reg._078_/X (sky130_fd_sc_hd__and2_2)
     1    0.00                           u_pc_reg._055_ (net)
                  0.04    0.00    1.49 ^ u_pc_reg._079_/A (sky130_fd_sc_hd__buf_1)
                  0.04    0.07    1.56 ^ u_pc_reg._079_/X (sky130_fd_sc_hd__buf_1)
     1    0.00                           u_pc_reg._005_ (net)
                  0.04    0.00    1.56 ^ u_pc_reg._139_/D (sky130_fd_sc_hd__dfxtp_2)
                                  1.56   data arrival time

                  0.10    0.00    0.00   clock clk (rise edge)
                          0.00    0.00   clock network delay (ideal)
                          0.20    0.20   clock uncertainty
                          0.00    0.20   clock reconvergence pessimism
                                  0.20 ^ u_pc_reg._139_/CLK (sky130_fd_sc_hd__dfxtp_2)
                         -0.02    0.18   library hold time
                                  0.18   data required time
-----------------------------------------------------------------------------
                                  0.18   data required time
                                 -1.56   data arrival time
-----------------------------------------------------------------------------
                                  1.38   slack (MET)


Startpoint: u_pc_reg._145_ (rising edge-triggered flip-flop clocked by clk)
Endpoint: u_regfile.u_sram_rs1 (falling edge-triggered flip-flop clocked by clk)
Path Group: clk
Path Type: min

Fanout     Cap    Slew   Delay    Time   Description
-----------------------------------------------------------------------------
                  0.10    0.00    0.00   clock clk (rise edge)
                          0.00    0.00   clock network delay (ideal)
                  0.10    0.00    0.00 ^ u_pc_reg._145_/CLK (sky130_fd_sc_hd__dfxtp_2)
                  0.16    0.45    0.45 v u_pc_reg._145_/Q (sky130_fd_sc_hd__dfxtp_2)
    12    0.07                           u_imem.addr[11] (net)
                  0.16    0.00    0.45 v u_pc_next_logic._0793_/A (sky130_fd_sc_hd__nor2_2)
                  0.09    0.15    0.61 ^ u_pc_next_logic._0793_/Y (sky130_fd_sc_hd__nor2_2)
     1    0.01                           u_pc_next_logic._0069_ (net)
                  0.09    0.00    0.61 ^ u_pc_next_logic._0794_/B (sky130_fd_sc_hd__nor2_2)
                  0.03    0.05    0.66 v u_pc_next_logic._0794_/Y (sky130_fd_sc_hd__nor2_2)
     2    0.01                           u_pc_next_logic.pc_plus4[11] (net)
                  0.03    0.00    0.66 v u_wb_mux._134_/A1 (sky130_fd_sc_hd__a22o_2)
                  0.04    0.22    0.88 v u_wb_mux._134_/X (sky130_fd_sc_hd__a22o_2)
     1    0.00                           u_wb_mux._038_ (net)
                  0.04    0.00    0.88 v u_wb_mux._136_/B1 (sky130_fd_sc_hd__a211o_2)
                  0.38    0.60    1.48 v u_wb_mux._136_/X (sky130_fd_sc_hd__a211o_2)
     3    0.17                           u_regfile.wd[11] (net)
                  0.52    0.04    1.52 v u_regfile.u_sram_rs1/din0[11] (sky130_sram_1kbyte_1rw1r_32x256_8)
                                  1.52   data arrival time

                  0.10    0.00    0.00   clock clk (rise edge)
                          0.00    0.00   clock network delay (ideal)
                          0.20    0.20   clock uncertainty
                          0.00    0.20   clock reconvergence pessimism
                                  0.20 ^ u_regfile.u_sram_rs1/clk0 (sky130_sram_1kbyte_1rw1r_32x256_8)
                         -0.06    0.14   library hold time
                                  0.14   data required time
-----------------------------------------------------------------------------
                                  0.14   data required time
                                 -1.52   data arrival time
-----------------------------------------------------------------------------
                                  1.38   slack (MET)


Startpoint: u_pc_reg._154_ (rising edge-triggered flip-flop clocked by clk)
Endpoint: u_pc_reg._154_ (rising edge-triggered flip-flop clocked by clk)
Path Group: clk
Path Type: min

Fanout     Cap    Slew   Delay    Time   Description
-----------------------------------------------------------------------------
                  0.10    0.00    0.00   clock clk (rise edge)
                          0.00    0.00   clock network delay (ideal)
                  0.10    0.00    0.00 ^ u_pc_reg._154_/CLK (sky130_fd_sc_hd__dfxtp_2)
                  0.25    0.50    0.50 v u_pc_reg._154_/Q (sky130_fd_sc_hd__dfxtp_2)
    13    0.11                           u_imem.addr[20] (net)
                  0.25    0.02    0.52 v u_pc_next_logic._1328_/A (sky130_fd_sc_hd__nor2_2)
                  0.08    0.18    0.70 ^ u_pc_next_logic._1328_/Y (sky130_fd_sc_hd__nor2_2)
     1    0.01                           u_pc_next_logic._0563_ (net)
                  0.08    0.00    0.70 ^ u_pc_next_logic._1329_/B (sky130_fd_sc_hd__nor2_2)
                  0.05    0.07    0.77 v u_pc_next_logic._1329_/Y (sky130_fd_sc_hd__nor2_2)
     3    0.02                           u_pc_next_logic._0564_ (net)
                  0.05    0.00    0.77 v u_pc_next_logic._1336_/A (sky130_fd_sc_hd__xor2_2)
                  0.10    0.16    0.93 ^ u_pc_next_logic._1336_/X (sky130_fd_sc_hd__xor2_2)
     1    0.01                           u_pc_next_logic._0571_ (net)
                  0.10    0.00    0.93 ^ u_pc_next_logic._1337_/A1 (sky130_fd_sc_hd__mux2_2)
                  0.08    0.20    1.13 ^ u_pc_next_logic._1337_/X (sky130_fd_sc_hd__mux2_2)
     1    0.01                           u_pc_next_logic._0572_ (net)
                  0.08    0.00    1.13 ^ u_pc_next_logic._1349_/A0 (sky130_fd_sc_hd__mux2_2)
                  0.04    0.15    1.28 ^ u_pc_next_logic._1349_/X (sky130_fd_sc_hd__mux2_2)
     1    0.00                           u_pc_next_logic._0584_ (net)
                  0.04    0.00    1.28 ^ u_pc_next_logic._1350_/A (sky130_fd_sc_hd__buf_1)
                  0.04    0.08    1.35 ^ u_pc_next_logic._1350_/X (sky130_fd_sc_hd__buf_1)
     1    0.00                           u_pc_next_logic.pc_next[20] (net)
                  0.04    0.00    1.35 ^ u_pc_reg._109_/B (sky130_fd_sc_hd__and2_2)
                  0.04    0.13    1.49 ^ u_pc_reg._109_/X (sky130_fd_sc_hd__and2_2)
     1    0.00                           u_pc_reg._036_ (net)
                  0.04    0.00    1.49 ^ u_pc_reg._110_/A (sky130_fd_sc_hd__buf_1)
                  0.04    0.08    1.56 ^ u_pc_reg._110_/X (sky130_fd_sc_hd__buf_1)
     1    0.00                           u_pc_reg._020_ (net)
                  0.04    0.00    1.56 ^ u_pc_reg._154_/D (sky130_fd_sc_hd__dfxtp_2)
                                  1.56   data arrival time

                  0.10    0.00    0.00   clock clk (rise edge)
                          0.00    0.00   clock network delay (ideal)
                          0.20    0.20   clock uncertainty
                          0.00    0.20   clock reconvergence pessimism
                                  0.20 ^ u_pc_reg._154_/CLK (sky130_fd_sc_hd__dfxtp_2)
                         -0.02    0.18   library hold time
                                  0.18   data required time
-----------------------------------------------------------------------------
                                  0.18   data required time
                                 -1.56   data arrival time
-----------------------------------------------------------------------------
                                  1.38   slack (MET)


Startpoint: u_pc_reg._155_ (rising edge-triggered flip-flop clocked by clk)
Endpoint: u_regfile.u_sram_rs2 (falling edge-triggered flip-flop clocked by clk)
Path Group: clk
Path Type: min

Fanout     Cap    Slew   Delay    Time   Description
-----------------------------------------------------------------------------
                  0.10    0.00    0.00   clock clk (rise edge)
                          0.00    0.00   clock network delay (ideal)
                  0.10    0.00    0.00 ^ u_pc_reg._155_/CLK (sky130_fd_sc_hd__dfxtp_2)
                  0.20    0.47    0.47 v u_pc_reg._155_/Q (sky130_fd_sc_hd__dfxtp_2)
    12    0.09                           u_imem.addr[21] (net)
                  0.20    0.00    0.48 v _567_/A (sky130_fd_sc_hd__nand2_2)
                  0.08    0.14    0.62 ^ _567_/Y (sky130_fd_sc_hd__nand2_2)
     3    0.01                           _215_ (net)
                  0.08    0.00    0.62 ^ _568_/A1 (sky130_fd_sc_hd__a21oi_2)
                  0.05    0.07    0.69 v _568_/Y (sky130_fd_sc_hd__a21oi_2)
     1    0.01                           _216_ (net)
                  0.05    0.00    0.69 v _569_/B (sky130_fd_sc_hd__xnor2_2)
                  0.04    0.11    0.80 ^ _569_/Y (sky130_fd_sc_hd__xnor2_2)
     1    0.00                           u_wb_mux.pc_plus_imm[22] (net)
                  0.04    0.00    0.80 ^ u_wb_mux._172_/B2 (sky130_fd_sc_hd__a22o_2)
                  0.04    0.13    0.93 ^ u_wb_mux._172_/X (sky130_fd_sc_hd__a22o_2)
     1    0.00                           u_wb_mux._065_ (net)
                  0.04    0.00    0.93 ^ u_wb_mux._174_/B1 (sky130_fd_sc_hd__a211o_2)
                  0.77    0.58    1.51 ^ u_wb_mux._174_/X (sky130_fd_sc_hd__a211o_2)
     3    0.17                           u_regfile.wd[22] (net)
                  1.03    0.03    1.54 ^ u_regfile.u_sram_rs2/din0[22] (sky130_sram_1kbyte_1rw1r_32x256_8)
                                  1.54   data arrival time

                  0.10    0.00    0.00   clock clk (rise edge)
                          0.00    0.00   clock network delay (ideal)
                          0.20    0.20   clock uncertainty
                          0.00    0.20   clock reconvergence pessimism
                                  0.20 ^ u_regfile.u_sram_rs2/clk0 (sky130_sram_1kbyte_1rw1r_32x256_8)
                         -0.06    0.14   library hold time
                                  0.14   data required time
-----------------------------------------------------------------------------
                                  0.14   data required time
                                 -1.54   data arrival time
-----------------------------------------------------------------------------
                                  1.39   slack (MET)


Startpoint: u_pc_reg._137_ (rising edge-triggered flip-flop clocked by clk)
Endpoint: u_regfile.u_sram_rs2 (falling edge-triggered flip-flop clocked by clk)
Path Group: clk
Path Type: min

Fanout     Cap    Slew   Delay    Time   Description
-----------------------------------------------------------------------------
                  0.10    0.00    0.00   clock clk (rise edge)
                          0.00    0.00   clock network delay (ideal)
                  0.10    0.00    0.00 ^ u_pc_reg._137_/CLK (sky130_fd_sc_hd__dfxtp_2)
                  0.19    0.46    0.46 v u_pc_reg._137_/Q (sky130_fd_sc_hd__dfxtp_2)
    13    0.08                           u_imem.addr[3] (net)
                  0.19    0.00    0.47 v u_pc_next_logic._0772_/B (sky130_fd_sc_hd__xor2_2)
                  0.12    0.20    0.67 ^ u_pc_next_logic._0772_/X (sky130_fd_sc_hd__xor2_2)
     2    0.01                           u_pc_next_logic.pc_plus4[3] (net)
                  0.12    0.00    0.67 ^ u_wb_mux._105_/A1 (sky130_fd_sc_hd__a22o_2)
                  0.04    0.16    0.83 ^ u_wb_mux._105_/X (sky130_fd_sc_hd__a22o_2)
     1    0.00                           u_wb_mux._017_ (net)
                  0.04    0.00    0.83 ^ u_wb_mux._107_/B1 (sky130_fd_sc_hd__a211o_2)
                  0.91    0.66    1.49 ^ u_wb_mux._107_/X (sky130_fd_sc_hd__a211o_2)
     3    0.20                           u_regfile.wd[3] (net)
                  1.22    0.05    1.54 ^ u_regfile.u_sram_rs2/din0[3] (sky130_sram_1kbyte_1rw1r_32x256_8)
                                  1.54   data arrival time

                  0.10    0.00    0.00   clock clk (rise edge)
                          0.00    0.00   clock network delay (ideal)
                          0.20    0.20   clock uncertainty
                          0.00    0.20   clock reconvergence pessimism
                                  0.20 ^ u_regfile.u_sram_rs2/clk0 (sky130_sram_1kbyte_1rw1r_32x256_8)
                         -0.06    0.14   library hold time
                                  0.14   data required time
-----------------------------------------------------------------------------
                                  0.14   data required time
                                 -1.54   data arrival time
-----------------------------------------------------------------------------
                                  1.40   slack (MET)


Startpoint: u_pc_reg._151_ (rising edge-triggered flip-flop clocked by clk)
Endpoint: u_regfile.u_sram_rs1 (falling edge-triggered flip-flop clocked by clk)
Path Group: clk
Path Type: min

Fanout     Cap    Slew   Delay    Time   Description
-----------------------------------------------------------------------------
                  0.10    0.00    0.00   clock clk (rise edge)
                          0.00    0.00   clock network delay (ideal)
                  0.10    0.00    0.00 ^ u_pc_reg._151_/CLK (sky130_fd_sc_hd__dfxtp_2)
                  0.24    0.49    0.49 v u_pc_reg._151_/Q (sky130_fd_sc_hd__dfxtp_2)
    15    0.11                           u_imem.addr[17] (net)
                  0.25    0.02    0.51 v u_pc_next_logic._0808_/A (sky130_fd_sc_hd__xor2_2)
                  0.16    0.28    0.80 ^ u_pc_next_logic._0808_/X (sky130_fd_sc_hd__xor2_2)
     2    0.01                           u_pc_next_logic.pc_plus4[17] (net)
                  0.16    0.00    0.80 ^ u_wb_mux._152_/A1 (sky130_fd_sc_hd__a22o_2)
                  0.04    0.17    0.96 ^ u_wb_mux._152_/X (sky130_fd_sc_hd__a22o_2)
     1    0.00                           u_wb_mux._050_ (net)
                  0.04    0.00    0.96 ^ u_wb_mux._154_/B1 (sky130_fd_sc_hd__a211o_2)
                  0.73    0.57    1.53 ^ u_wb_mux._154_/X (sky130_fd_sc_hd__a211o_2)
     3    0.16                           u_regfile.wd[17] (net)
                  0.98    0.01    1.54 ^ u_regfile.u_sram_rs1/din0[17] (sky130_sram_1kbyte_1rw1r_32x256_8)
                                  1.54   data arrival time

                  0.10    0.00    0.00   clock clk (rise edge)
                          0.00    0.00   clock network delay (ideal)
                          0.20    0.20   clock uncertainty
                          0.00    0.20   clock reconvergence pessimism
                                  0.20 ^ u_regfile.u_sram_rs1/clk0 (sky130_sram_1kbyte_1rw1r_32x256_8)
                         -0.06    0.14   library hold time
                                  0.14   data required time
-----------------------------------------------------------------------------
                                  0.14   data required time
                                 -1.54   data arrival time
-----------------------------------------------------------------------------
                                  1.40   slack (MET)


Startpoint: u_pc_reg._151_ (rising edge-triggered flip-flop clocked by clk)
Endpoint: u_regfile.u_sram_rs2 (falling edge-triggered flip-flop clocked by clk)
Path Group: clk
Path Type: min

Fanout     Cap    Slew   Delay    Time   Description
-----------------------------------------------------------------------------
                  0.10    0.00    0.00   clock clk (rise edge)
                          0.00    0.00   clock network delay (ideal)
                  0.10    0.00    0.00 ^ u_pc_reg._151_/CLK (sky130_fd_sc_hd__dfxtp_2)
                  0.24    0.49    0.49 v u_pc_reg._151_/Q (sky130_fd_sc_hd__dfxtp_2)
    15    0.11                           u_imem.addr[17] (net)
                  0.25    0.02    0.51 v u_pc_next_logic._0808_/A (sky130_fd_sc_hd__xor2_2)
                  0.16    0.28    0.80 ^ u_pc_next_logic._0808_/X (sky130_fd_sc_hd__xor2_2)
     2    0.01                           u_pc_next_logic.pc_plus4[17] (net)
                  0.16    0.00    0.80 ^ u_wb_mux._152_/A1 (sky130_fd_sc_hd__a22o_2)
                  0.04    0.17    0.96 ^ u_wb_mux._152_/X (sky130_fd_sc_hd__a22o_2)
     1    0.00                           u_wb_mux._050_ (net)
                  0.04    0.00    0.96 ^ u_wb_mux._154_/B1 (sky130_fd_sc_hd__a211o_2)
                  0.73    0.57    1.53 ^ u_wb_mux._154_/X (sky130_fd_sc_hd__a211o_2)
     3    0.16                           u_regfile.wd[17] (net)
                  0.98    0.02    1.55 ^ u_regfile.u_sram_rs2/din0[17] (sky130_sram_1kbyte_1rw1r_32x256_8)
                                  1.55   data arrival time

                  0.10    0.00    0.00   clock clk (rise edge)
                          0.00    0.00   clock network delay (ideal)
                          0.20    0.20   clock uncertainty
                          0.00    0.20   clock reconvergence pessimism
                                  0.20 ^ u_regfile.u_sram_rs2/clk0 (sky130_sram_1kbyte_1rw1r_32x256_8)
                         -0.06    0.14   library hold time
                                  0.14   data required time
-----------------------------------------------------------------------------
                                  0.14   data required time
                                 -1.55   data arrival time
-----------------------------------------------------------------------------
                                  1.40   slack (MET)


Startpoint: u_pc_reg._143_ (rising edge-triggered flip-flop clocked by clk)
Endpoint: u_regfile.u_sram_rs1 (falling edge-triggered flip-flop clocked by clk)
Path Group: clk
Path Type: min

Fanout     Cap    Slew   Delay    Time   Description
-----------------------------------------------------------------------------
                  0.10    0.00    0.00   clock clk (rise edge)
                          0.00    0.00   clock network delay (ideal)
                  0.10    0.00    0.00 ^ u_pc_reg._143_/CLK (sky130_fd_sc_hd__dfxtp_2)
                  0.22    0.49    0.49 v u_pc_reg._143_/Q (sky130_fd_sc_hd__dfxtp_2)
    16    0.10                           u_imem.addr[9] (net)
                  0.22    0.01    0.50 v u_pc_next_logic._0787_/A (sky130_fd_sc_hd__xor2_2)
                  0.12    0.24    0.74 ^ u_pc_next_logic._0787_/X (sky130_fd_sc_hd__xor2_2)
     2    0.01                           u_pc_next_logic.pc_plus4[9] (net)
                  0.12    0.00    0.74 ^ u_wb_mux._123_/A1 (sky130_fd_sc_hd__a22o_2)
                  0.04    0.15    0.89 ^ u_wb_mux._123_/X (sky130_fd_sc_hd__a22o_2)
     1    0.00                           u_wb_mux._029_ (net)
                  0.04    0.00    0.89 ^ u_wb_mux._125_/B1 (sky130_fd_sc_hd__a211o_2)
                  0.82    0.61    1.50 ^ u_wb_mux._125_/X (sky130_fd_sc_hd__a211o_2)
     3    0.18                           u_regfile.wd[9] (net)
                  1.10    0.05    1.56 ^ u_regfile.u_sram_rs1/din0[9] (sky130_sram_1kbyte_1rw1r_32x256_8)
                                  1.56   data arrival time

                  0.10    0.00    0.00   clock clk (rise edge)
                          0.00    0.00   clock network delay (ideal)
                          0.20    0.20   clock uncertainty
                          0.00    0.20   clock reconvergence pessimism
                                  0.20 ^ u_regfile.u_sram_rs1/clk0 (sky130_sram_1kbyte_1rw1r_32x256_8)
                         -0.06    0.14   library hold time
                                  0.14   data required time
-----------------------------------------------------------------------------
                                  0.14   data required time
                                 -1.56   data arrival time
-----------------------------------------------------------------------------
                                  1.41   slack (MET)


Startpoint: u_pc_reg._140_ (rising edge-triggered flip-flop clocked by clk)
Endpoint: u_regfile.u_sram_rs2 (falling edge-triggered flip-flop clocked by clk)
Path Group: clk
Path Type: min

Fanout     Cap    Slew   Delay    Time   Description
-----------------------------------------------------------------------------
                  0.10    0.00    0.00   clock clk (rise edge)
                          0.00    0.00   clock network delay (ideal)
                  0.10    0.00    0.00 ^ u_pc_reg._140_/CLK (sky130_fd_sc_hd__dfxtp_2)
                  0.23    0.49    0.49 v u_pc_reg._140_/Q (sky130_fd_sc_hd__dfxtp_2)
    13    0.10                           u_imem.addr[6] (net)
                  0.24    0.02    0.51 v u_pc_next_logic._0780_/A (sky130_fd_sc_hd__xor2_2)
                  0.15    0.27    0.78 ^ u_pc_next_logic._0780_/X (sky130_fd_sc_hd__xor2_2)
     2    0.01                           u_pc_next_logic.pc_plus4[6] (net)
                  0.15    0.00    0.78 ^ u_wb_mux._114_/A1 (sky130_fd_sc_hd__a22o_2)
                  0.04    0.16    0.95 ^ u_wb_mux._114_/X (sky130_fd_sc_hd__a22o_2)
     1    0.00                           u_wb_mux._023_ (net)
                  0.04    0.00    0.95 ^ u_wb_mux._116_/B1 (sky130_fd_sc_hd__a211o_2)
                  0.80    0.60    1.55 ^ u_wb_mux._116_/X (sky130_fd_sc_hd__a211o_2)
     3    0.17                           u_regfile.wd[6] (net)
                  1.06    0.01    1.56 ^ u_regfile.u_sram_rs2/din0[6] (sky130_sram_1kbyte_1rw1r_32x256_8)
                                  1.56   data arrival time

                  0.10    0.00    0.00   clock clk (rise edge)
                          0.00    0.00   clock network delay (ideal)
                          0.20    0.20   clock uncertainty
                          0.00    0.20   clock reconvergence pessimism
                                  0.20 ^ u_regfile.u_sram_rs2/clk0 (sky130_sram_1kbyte_1rw1r_32x256_8)
                         -0.06    0.14   library hold time
                                  0.14   data required time
-----------------------------------------------------------------------------
                                  0.14   data required time
                                 -1.56   data arrival time
-----------------------------------------------------------------------------
                                  1.41   slack (MET)


Startpoint: u_pc_reg._137_ (rising edge-triggered flip-flop clocked by clk)
Endpoint: u_regfile.u_sram_rs1 (falling edge-triggered flip-flop clocked by clk)
Path Group: clk
Path Type: min

Fanout     Cap    Slew   Delay    Time   Description
-----------------------------------------------------------------------------
                  0.10    0.00    0.00   clock clk (rise edge)
                          0.00    0.00   clock network delay (ideal)
                  0.10    0.00    0.00 ^ u_pc_reg._137_/CLK (sky130_fd_sc_hd__dfxtp_2)
                  0.19    0.46    0.46 v u_pc_reg._137_/Q (sky130_fd_sc_hd__dfxtp_2)
    13    0.08                           u_imem.addr[3] (net)
                  0.19    0.00    0.47 v u_pc_next_logic._0772_/B (sky130_fd_sc_hd__xor2_2)
                  0.12    0.20    0.67 ^ u_pc_next_logic._0772_/X (sky130_fd_sc_hd__xor2_2)
     2    0.01                           u_pc_next_logic.pc_plus4[3] (net)
                  0.12    0.00    0.67 ^ u_wb_mux._105_/A1 (sky130_fd_sc_hd__a22o_2)
                  0.04    0.16    0.83 ^ u_wb_mux._105_/X (sky130_fd_sc_hd__a22o_2)
     1    0.00                           u_wb_mux._017_ (net)
                  0.04    0.00    0.83 ^ u_wb_mux._107_/B1 (sky130_fd_sc_hd__a211o_2)
                  0.91    0.66    1.49 ^ u_wb_mux._107_/X (sky130_fd_sc_hd__a211o_2)
     3    0.20                           u_regfile.wd[3] (net)
                  1.22    0.07    1.56 ^ u_regfile.u_sram_rs1/din0[3] (sky130_sram_1kbyte_1rw1r_32x256_8)
                                  1.56   data arrival time

                  0.10    0.00    0.00   clock clk (rise edge)
                          0.00    0.00   clock network delay (ideal)
                          0.20    0.20   clock uncertainty
                          0.00    0.20   clock reconvergence pessimism
                                  0.20 ^ u_regfile.u_sram_rs1/clk0 (sky130_sram_1kbyte_1rw1r_32x256_8)
                         -0.06    0.14   library hold time
                                  0.14   data required time
-----------------------------------------------------------------------------
                                  0.14   data required time
                                 -1.56   data arrival time
-----------------------------------------------------------------------------
                                  1.42   slack (MET)


Startpoint: u_pc_reg._142_ (rising edge-triggered flip-flop clocked by clk)
Endpoint: u_regfile.u_sram_rs2 (falling edge-triggered flip-flop clocked by clk)
Path Group: clk
Path Type: min

Fanout     Cap    Slew   Delay    Time   Description
-----------------------------------------------------------------------------
                  0.10    0.00    0.00   clock clk (rise edge)
                          0.00    0.00   clock network delay (ideal)
                  0.10    0.00    0.00 ^ u_pc_reg._142_/CLK (sky130_fd_sc_hd__dfxtp_2)
                  0.40    0.59    0.59 ^ u_pc_reg._142_/Q (sky130_fd_sc_hd__dfxtp_2)
    12    0.08                           u_imem.addr[8] (net)
                  0.40    0.01    0.60 ^ _477_/A (sky130_fd_sc_hd__nor2_2)
                  0.07    0.08    0.68 v _477_/Y (sky130_fd_sc_hd__nor2_2)
     2    0.00                           _139_ (net)
                  0.07    0.00    0.68 v _479_/A_N (sky130_fd_sc_hd__and2b_2)
                  0.09    0.26    0.94 ^ _479_/X (sky130_fd_sc_hd__and2b_2)
     2    0.02                           _141_ (net)
                  0.09    0.00    0.94 ^ _480_/B (sky130_fd_sc_hd__xnor2_2)
                  0.04    0.11    1.04 ^ _480_/Y (sky130_fd_sc_hd__xnor2_2)
     1    0.00                           u_wb_mux.pc_plus_imm[8] (net)
                  0.04    0.00    1.04 ^ u_wb_mux._120_/B2 (sky130_fd_sc_hd__a22o_2)
                  0.04    0.12    1.16 ^ u_wb_mux._120_/X (sky130_fd_sc_hd__a22o_2)
     1    0.00                           u_wb_mux._027_ (net)
                  0.04    0.00    1.16 ^ u_wb_mux._122_/B1 (sky130_fd_sc_hd__a211o_2)
                  0.47    0.38    1.54 ^ u_wb_mux._122_/X (sky130_fd_sc_hd__a211o_2)
     3    0.10                           u_regfile.wd[8] (net)
                  0.63    0.02    1.56 ^ u_regfile.u_sram_rs2/din0[8] (sky130_sram_1kbyte_1rw1r_32x256_8)
                                  1.56   data arrival time

                  0.10    0.00    0.00   clock clk (rise edge)
                          0.00    0.00   clock network delay (ideal)
                          0.20    0.20   clock uncertainty
                          0.00    0.20   clock reconvergence pessimism
                                  0.20 ^ u_regfile.u_sram_rs2/clk0 (sky130_sram_1kbyte_1rw1r_32x256_8)
                         -0.06    0.14   library hold time
                                  0.14   data required time
-----------------------------------------------------------------------------
                                  0.14   data required time
                                 -1.56   data arrival time
-----------------------------------------------------------------------------
                                  1.42   slack (MET)


Startpoint: u_pc_reg._142_ (rising edge-triggered flip-flop clocked by clk)
Endpoint: u_regfile.u_sram_rs1 (falling edge-triggered flip-flop clocked by clk)
Path Group: clk
Path Type: min

Fanout     Cap    Slew   Delay    Time   Description
-----------------------------------------------------------------------------
                  0.10    0.00    0.00   clock clk (rise edge)
                          0.00    0.00   clock network delay (ideal)
                  0.10    0.00    0.00 ^ u_pc_reg._142_/CLK (sky130_fd_sc_hd__dfxtp_2)
                  0.40    0.59    0.59 ^ u_pc_reg._142_/Q (sky130_fd_sc_hd__dfxtp_2)
    12    0.08                           u_imem.addr[8] (net)
                  0.40    0.01    0.60 ^ _477_/A (sky130_fd_sc_hd__nor2_2)
                  0.07    0.08    0.68 v _477_/Y (sky130_fd_sc_hd__nor2_2)
     2    0.00                           _139_ (net)
                  0.07    0.00    0.68 v _479_/A_N (sky130_fd_sc_hd__and2b_2)
                  0.09    0.26    0.94 ^ _479_/X (sky130_fd_sc_hd__and2b_2)
     2    0.02                           _141_ (net)
                  0.09    0.00    0.94 ^ _480_/B (sky130_fd_sc_hd__xnor2_2)
                  0.04    0.11    1.04 ^ _480_/Y (sky130_fd_sc_hd__xnor2_2)
     1    0.00                           u_wb_mux.pc_plus_imm[8] (net)
                  0.04    0.00    1.04 ^ u_wb_mux._120_/B2 (sky130_fd_sc_hd__a22o_2)
                  0.04    0.12    1.16 ^ u_wb_mux._120_/X (sky130_fd_sc_hd__a22o_2)
     1    0.00                           u_wb_mux._027_ (net)
                  0.04    0.00    1.16 ^ u_wb_mux._122_/B1 (sky130_fd_sc_hd__a211o_2)
                  0.47    0.38    1.54 ^ u_wb_mux._122_/X (sky130_fd_sc_hd__a211o_2)
     3    0.10                           u_regfile.wd[8] (net)
                  0.63    0.04    1.58 ^ u_regfile.u_sram_rs1/din0[8] (sky130_sram_1kbyte_1rw1r_32x256_8)
                                  1.58   data arrival time

                  0.10    0.00    0.00   clock clk (rise edge)
                          0.00    0.00   clock network delay (ideal)
                          0.20    0.20   clock uncertainty
                          0.00    0.20   clock reconvergence pessimism
                                  0.20 ^ u_regfile.u_sram_rs1/clk0 (sky130_sram_1kbyte_1rw1r_32x256_8)
                         -0.06    0.14   library hold time
                                  0.14   data required time
-----------------------------------------------------------------------------
                                  0.14   data required time
                                 -1.58   data arrival time
-----------------------------------------------------------------------------
                                  1.44   slack (MET)


Startpoint: u_pc_reg._138_ (rising edge-triggered flip-flop clocked by clk)
Endpoint: u_regfile.u_sram_rs2 (falling edge-triggered flip-flop clocked by clk)
Path Group: clk
Path Type: min

Fanout     Cap    Slew   Delay    Time   Description
-----------------------------------------------------------------------------
                  0.10    0.00    0.00   clock clk (rise edge)
                          0.00    0.00   clock network delay (ideal)
                  0.10    0.00    0.00 ^ u_pc_reg._138_/CLK (sky130_fd_sc_hd__dfxtp_2)
                  0.18    0.46    0.46 v u_pc_reg._138_/Q (sky130_fd_sc_hd__dfxtp_2)
    13    0.08                           u_imem.addr[4] (net)
                  0.18    0.00    0.46 v u_pc_next_logic._0774_/B1 (sky130_fd_sc_hd__a21oi_2)
                  0.11    0.16    0.63 ^ u_pc_next_logic._0774_/Y (sky130_fd_sc_hd__a21oi_2)
     1    0.00                           u_pc_next_logic._0057_ (net)
                  0.11    0.00    0.63 ^ u_pc_next_logic._0775_/B (sky130_fd_sc_hd__nor2_2)
                  0.04    0.06    0.68 v u_pc_next_logic._0775_/Y (sky130_fd_sc_hd__nor2_2)
     2    0.01                           u_pc_next_logic.pc_plus4[4] (net)
                  0.04    0.00    0.68 v u_wb_mux._108_/A1 (sky130_fd_sc_hd__a22o_2)
                  0.04    0.22    0.91 v u_wb_mux._108_/X (sky130_fd_sc_hd__a22o_2)
     1    0.00                           u_wb_mux._019_ (net)
                  0.04    0.00    0.91 v u_wb_mux._110_/B1 (sky130_fd_sc_hd__a211o_2)
                  0.44    0.63    1.54 v u_wb_mux._110_/X (sky130_fd_sc_hd__a211o_2)
     3    0.19                           u_regfile.wd[4] (net)
                  0.59    0.05    1.58 v u_regfile.u_sram_rs2/din0[4] (sky130_sram_1kbyte_1rw1r_32x256_8)
                                  1.58   data arrival time

                  0.10    0.00    0.00   clock clk (rise edge)
                          0.00    0.00   clock network delay (ideal)
                          0.20    0.20   clock uncertainty
                          0.00    0.20   clock reconvergence pessimism
                                  0.20 ^ u_regfile.u_sram_rs2/clk0 (sky130_sram_1kbyte_1rw1r_32x256_8)
                         -0.06    0.14   library hold time
                                  0.14   data required time
-----------------------------------------------------------------------------
                                  0.14   data required time
                                 -1.58   data arrival time
-----------------------------------------------------------------------------
                                  1.44   slack (MET)


Startpoint: u_pc_reg._140_ (rising edge-triggered flip-flop clocked by clk)
Endpoint: u_regfile.u_sram_rs1 (falling edge-triggered flip-flop clocked by clk)
Path Group: clk
Path Type: min

Fanout     Cap    Slew   Delay    Time   Description
-----------------------------------------------------------------------------
                  0.10    0.00    0.00   clock clk (rise edge)
                          0.00    0.00   clock network delay (ideal)
                  0.10    0.00    0.00 ^ u_pc_reg._140_/CLK (sky130_fd_sc_hd__dfxtp_2)
                  0.23    0.49    0.49 v u_pc_reg._140_/Q (sky130_fd_sc_hd__dfxtp_2)
    13    0.10                           u_imem.addr[6] (net)
                  0.24    0.02    0.51 v u_pc_next_logic._0780_/A (sky130_fd_sc_hd__xor2_2)
                  0.15    0.27    0.78 ^ u_pc_next_logic._0780_/X (sky130_fd_sc_hd__xor2_2)
     2    0.01                           u_pc_next_logic.pc_plus4[6] (net)
                  0.15    0.00    0.78 ^ u_wb_mux._114_/A1 (sky130_fd_sc_hd__a22o_2)
                  0.04    0.16    0.95 ^ u_wb_mux._114_/X (sky130_fd_sc_hd__a22o_2)
     1    0.00                           u_wb_mux._023_ (net)
                  0.04    0.00    0.95 ^ u_wb_mux._116_/B1 (sky130_fd_sc_hd__a211o_2)
                  0.80    0.60    1.55 ^ u_wb_mux._116_/X (sky130_fd_sc_hd__a211o_2)
     3    0.17                           u_regfile.wd[6] (net)
                  1.07    0.05    1.59 ^ u_regfile.u_sram_rs1/din0[6] (sky130_sram_1kbyte_1rw1r_32x256_8)
                                  1.59   data arrival time

                  0.10    0.00    0.00   clock clk (rise edge)
                          0.00    0.00   clock network delay (ideal)
                          0.20    0.20   clock uncertainty
                          0.00    0.20   clock reconvergence pessimism
                                  0.20 ^ u_regfile.u_sram_rs1/clk0 (sky130_sram_1kbyte_1rw1r_32x256_8)
                         -0.06    0.14   library hold time
                                  0.14   data required time
-----------------------------------------------------------------------------
                                  0.14   data required time
                                 -1.59   data arrival time
-----------------------------------------------------------------------------
                                  1.45   slack (MET)


Startpoint: u_pc_reg._138_ (rising edge-triggered flip-flop clocked by clk)
Endpoint: u_regfile.u_sram_rs1 (falling edge-triggered flip-flop clocked by clk)
Path Group: clk
Path Type: min

Fanout     Cap    Slew   Delay    Time   Description
-----------------------------------------------------------------------------
                  0.10    0.00    0.00   clock clk (rise edge)
                          0.00    0.00   clock network delay (ideal)
                  0.10    0.00    0.00 ^ u_pc_reg._138_/CLK (sky130_fd_sc_hd__dfxtp_2)
                  0.18    0.46    0.46 v u_pc_reg._138_/Q (sky130_fd_sc_hd__dfxtp_2)
    13    0.08                           u_imem.addr[4] (net)
                  0.18    0.00    0.46 v u_pc_next_logic._0774_/B1 (sky130_fd_sc_hd__a21oi_2)
                  0.11    0.16    0.63 ^ u_pc_next_logic._0774_/Y (sky130_fd_sc_hd__a21oi_2)
     1    0.00                           u_pc_next_logic._0057_ (net)
                  0.11    0.00    0.63 ^ u_pc_next_logic._0775_/B (sky130_fd_sc_hd__nor2_2)
                  0.04    0.06    0.68 v u_pc_next_logic._0775_/Y (sky130_fd_sc_hd__nor2_2)
     2    0.01                           u_pc_next_logic.pc_plus4[4] (net)
                  0.04    0.00    0.68 v u_wb_mux._108_/A1 (sky130_fd_sc_hd__a22o_2)
                  0.04    0.22    0.91 v u_wb_mux._108_/X (sky130_fd_sc_hd__a22o_2)
     1    0.00                           u_wb_mux._019_ (net)
                  0.04    0.00    0.91 v u_wb_mux._110_/B1 (sky130_fd_sc_hd__a211o_2)
                  0.44    0.63    1.54 v u_wb_mux._110_/X (sky130_fd_sc_hd__a211o_2)
     3    0.19                           u_regfile.wd[4] (net)
                  0.60    0.06    1.60 v u_regfile.u_sram_rs1/din0[4] (sky130_sram_1kbyte_1rw1r_32x256_8)
                                  1.60   data arrival time

                  0.10    0.00    0.00   clock clk (rise edge)
                          0.00    0.00   clock network delay (ideal)
                          0.20    0.20   clock uncertainty
                          0.00    0.20   clock reconvergence pessimism
                                  0.20 ^ u_regfile.u_sram_rs1/clk0 (sky130_sram_1kbyte_1rw1r_32x256_8)
                         -0.06    0.14   library hold time
                                  0.14   data required time
-----------------------------------------------------------------------------
                                  0.14   data required time
                                 -1.60   data arrival time
-----------------------------------------------------------------------------
                                  1.46   slack (MET)


Startpoint: u_pc_reg._158_ (rising edge-triggered flip-flop clocked by clk)
Endpoint: u_regfile.u_sram_rs1 (falling edge-triggered flip-flop clocked by clk)
Path Group: clk
Path Type: min

Fanout     Cap    Slew   Delay    Time   Description
-----------------------------------------------------------------------------
                  0.10    0.00    0.00   clock clk (rise edge)
                          0.00    0.00   clock network delay (ideal)
                  0.10    0.00    0.00 ^ u_pc_reg._158_/CLK (sky130_fd_sc_hd__dfxtp_2)
                  0.25    0.51    0.51 v u_pc_reg._158_/Q (sky130_fd_sc_hd__dfxtp_2)
    12    0.11                           u_imem.addr[24] (net)
                  0.25    0.01    0.51 v u_pc_next_logic._0832_/A (sky130_fd_sc_hd__xor2_2)
                  0.16    0.28    0.79 ^ u_pc_next_logic._0832_/X (sky130_fd_sc_hd__xor2_2)
     2    0.01                           u_pc_next_logic.pc_plus4[24] (net)
                  0.16    0.00    0.79 ^ u_wb_mux._178_/A1 (sky130_fd_sc_hd__a22o_2)
                  0.04    0.16    0.96 ^ u_wb_mux._178_/X (sky130_fd_sc_hd__a22o_2)
     1    0.00                           u_wb_mux._069_ (net)
                  0.04    0.00    0.96 ^ u_wb_mux._180_/B1 (sky130_fd_sc_hd__a211o_2)
                  0.89    0.64    1.60 ^ u_wb_mux._180_/X (sky130_fd_sc_hd__a211o_2)
     3    0.19                           u_regfile.wd[24] (net)
                  1.18    0.01    1.61 ^ u_regfile.u_sram_rs1/din0[24] (sky130_sram_1kbyte_1rw1r_32x256_8)
                                  1.61   data arrival time

                  0.10    0.00    0.00   clock clk (rise edge)
                          0.00    0.00   clock network delay (ideal)
                          0.20    0.20   clock uncertainty
                          0.00    0.20   clock reconvergence pessimism
                                  0.20 ^ u_regfile.u_sram_rs1/clk0 (sky130_sram_1kbyte_1rw1r_32x256_8)
                         -0.06    0.14   library hold time
                                  0.14   data required time
-----------------------------------------------------------------------------
                                  0.14   data required time
                                 -1.61   data arrival time
-----------------------------------------------------------------------------
                                  1.46   slack (MET)


Startpoint: u_pc_reg._139_ (rising edge-triggered flip-flop clocked by clk)
Endpoint: u_regfile.u_sram_rs2 (falling edge-triggered flip-flop clocked by clk)
Path Group: clk
Path Type: min

Fanout     Cap    Slew   Delay    Time   Description
-----------------------------------------------------------------------------
                  0.10    0.00    0.00   clock clk (rise edge)
                          0.00    0.00   clock network delay (ideal)
                  0.10    0.00    0.00 ^ u_pc_reg._139_/CLK (sky130_fd_sc_hd__dfxtp_2)
                  0.22    0.48    0.48 v u_pc_reg._139_/Q (sky130_fd_sc_hd__dfxtp_2)
    14    0.09                           u_imem.addr[5] (net)
                  0.22    0.02    0.49 v u_pc_next_logic._0778_/A (sky130_fd_sc_hd__nor2_2)
                  0.09    0.17    0.67 ^ u_pc_next_logic._0778_/Y (sky130_fd_sc_hd__nor2_2)
     1    0.01                           u_pc_next_logic._0060_ (net)
                  0.09    0.00    0.67 ^ u_pc_next_logic._0779_/B (sky130_fd_sc_hd__nor2_2)
                  0.04    0.05    0.72 v u_pc_next_logic._0779_/Y (sky130_fd_sc_hd__nor2_2)
     2    0.01                           u_pc_next_logic.pc_plus4[5] (net)
                  0.04    0.00    0.72 v u_wb_mux._111_/A1 (sky130_fd_sc_hd__a22o_2)
                  0.04    0.22    0.95 v u_wb_mux._111_/X (sky130_fd_sc_hd__a22o_2)
     1    0.00                           u_wb_mux._021_ (net)
                  0.04    0.00    0.95 v u_wb_mux._113_/B1 (sky130_fd_sc_hd__a211o_2)
                  0.45    0.66    1.61 v u_wb_mux._113_/X (sky130_fd_sc_hd__a211o_2)
     3    0.20                           u_regfile.wd[5] (net)
                  0.60    0.02    1.63 v u_regfile.u_sram_rs2/din0[5] (sky130_sram_1kbyte_1rw1r_32x256_8)
                                  1.63   data arrival time

                  0.10    0.00    0.00   clock clk (rise edge)
                          0.00    0.00   clock network delay (ideal)
                          0.20    0.20   clock uncertainty
                          0.00    0.20   clock reconvergence pessimism
                                  0.20 ^ u_regfile.u_sram_rs2/clk0 (sky130_sram_1kbyte_1rw1r_32x256_8)
                         -0.06    0.14   library hold time
                                  0.14   data required time
-----------------------------------------------------------------------------
                                  0.14   data required time
                                 -1.63   data arrival time
-----------------------------------------------------------------------------
                                  1.49   slack (MET)


Startpoint: u_pc_reg._143_ (rising edge-triggered flip-flop clocked by clk)
Endpoint: u_regfile.u_sram_rs2 (falling edge-triggered flip-flop clocked by clk)
Path Group: clk
Path Type: min

Fanout     Cap    Slew   Delay    Time   Description
-----------------------------------------------------------------------------
                  0.10    0.00    0.00   clock clk (rise edge)
                          0.00    0.00   clock network delay (ideal)
                  0.10    0.00    0.00 ^ u_pc_reg._143_/CLK (sky130_fd_sc_hd__dfxtp_2)
                  0.22    0.49    0.49 v u_pc_reg._143_/Q (sky130_fd_sc_hd__dfxtp_2)
    16    0.10                           u_imem.addr[9] (net)
                  0.22    0.01    0.50 v u_pc_next_logic._0789_/A1 (sky130_fd_sc_hd__a21oi_2)
                  0.10    0.19    0.69 ^ u_pc_next_logic._0789_/Y (sky130_fd_sc_hd__a21oi_2)
     1    0.00                           u_pc_next_logic._0066_ (net)
                  0.10    0.00    0.69 ^ u_pc_next_logic._0790_/B (sky130_fd_sc_hd__nor2_2)
                  0.04    0.06    0.75 v u_pc_next_logic._0790_/Y (sky130_fd_sc_hd__nor2_2)
     2    0.01                           u_pc_next_logic.pc_plus4[10] (net)
                  0.04    0.00    0.75 v u_wb_mux._128_/A1 (sky130_fd_sc_hd__a22o_2)
                  0.04    0.23    0.98 v u_wb_mux._128_/X (sky130_fd_sc_hd__a22o_2)
     1    0.00                           u_wb_mux._033_ (net)
                  0.04    0.00    0.98 v u_wb_mux._132_/B1 (sky130_fd_sc_hd__a211o_2)
                  0.41    0.63    1.61 v u_wb_mux._132_/X (sky130_fd_sc_hd__a211o_2)
     3    0.18                           u_regfile.wd[10] (net)
                  0.54    0.02    1.63 v u_regfile.u_sram_rs2/din0[10] (sky130_sram_1kbyte_1rw1r_32x256_8)
                                  1.63   data arrival time

                  0.10    0.00    0.00   clock clk (rise edge)
                          0.00    0.00   clock network delay (ideal)
                          0.20    0.20   clock uncertainty
                          0.00    0.20   clock reconvergence pessimism
                                  0.20 ^ u_regfile.u_sram_rs2/clk0 (sky130_sram_1kbyte_1rw1r_32x256_8)
                         -0.06    0.14   library hold time
                                  0.14   data required time
-----------------------------------------------------------------------------
                                  0.14   data required time
                                 -1.63   data arrival time
-----------------------------------------------------------------------------
                                  1.49   slack (MET)


Startpoint: u_pc_reg._158_ (rising edge-triggered flip-flop clocked by clk)
Endpoint: u_regfile.u_sram_rs2 (falling edge-triggered flip-flop clocked by clk)
Path Group: clk
Path Type: min

Fanout     Cap    Slew   Delay    Time   Description
-----------------------------------------------------------------------------
                  0.10    0.00    0.00   clock clk (rise edge)
                          0.00    0.00   clock network delay (ideal)
                  0.10    0.00    0.00 ^ u_pc_reg._158_/CLK (sky130_fd_sc_hd__dfxtp_2)
                  0.25    0.51    0.51 v u_pc_reg._158_/Q (sky130_fd_sc_hd__dfxtp_2)
    12    0.11                           u_imem.addr[24] (net)
                  0.25    0.01    0.51 v u_pc_next_logic._0832_/A (sky130_fd_sc_hd__xor2_2)
                  0.16    0.28    0.79 ^ u_pc_next_logic._0832_/X (sky130_fd_sc_hd__xor2_2)
     2    0.01                           u_pc_next_logic.pc_plus4[24] (net)
                  0.16    0.00    0.79 ^ u_wb_mux._178_/A1 (sky130_fd_sc_hd__a22o_2)
                  0.04    0.16    0.96 ^ u_wb_mux._178_/X (sky130_fd_sc_hd__a22o_2)
     1    0.00                           u_wb_mux._069_ (net)
                  0.04    0.00    0.96 ^ u_wb_mux._180_/B1 (sky130_fd_sc_hd__a211o_2)
                  0.89    0.64    1.60 ^ u_wb_mux._180_/X (sky130_fd_sc_hd__a211o_2)
     3    0.19                           u_regfile.wd[24] (net)
                  1.18    0.04    1.63 ^ u_regfile.u_sram_rs2/din0[24] (sky130_sram_1kbyte_1rw1r_32x256_8)
                                  1.63   data arrival time

                  0.10    0.00    0.00   clock clk (rise edge)
                          0.00    0.00   clock network delay (ideal)
                          0.20    0.20   clock uncertainty
                          0.00    0.20   clock reconvergence pessimism
                                  0.20 ^ u_regfile.u_sram_rs2/clk0 (sky130_sram_1kbyte_1rw1r_32x256_8)
                         -0.06    0.14   library hold time
                                  0.14   data required time
-----------------------------------------------------------------------------
                                  0.14   data required time
                                 -1.63   data arrival time
-----------------------------------------------------------------------------
                                  1.49   slack (MET)


Startpoint: u_pc_reg._143_ (rising edge-triggered flip-flop clocked by clk)
Endpoint: u_regfile.u_sram_rs1 (falling edge-triggered flip-flop clocked by clk)
Path Group: clk
Path Type: min

Fanout     Cap    Slew   Delay    Time   Description
-----------------------------------------------------------------------------
                  0.10    0.00    0.00   clock clk (rise edge)
                          0.00    0.00   clock network delay (ideal)
                  0.10    0.00    0.00 ^ u_pc_reg._143_/CLK (sky130_fd_sc_hd__dfxtp_2)
                  0.22    0.49    0.49 v u_pc_reg._143_/Q (sky130_fd_sc_hd__dfxtp_2)
    16    0.10                           u_imem.addr[9] (net)
                  0.22    0.01    0.50 v u_pc_next_logic._0789_/A1 (sky130_fd_sc_hd__a21oi_2)
                  0.10    0.19    0.69 ^ u_pc_next_logic._0789_/Y (sky130_fd_sc_hd__a21oi_2)
     1    0.00                           u_pc_next_logic._0066_ (net)
                  0.10    0.00    0.69 ^ u_pc_next_logic._0790_/B (sky130_fd_sc_hd__nor2_2)
                  0.04    0.06    0.75 v u_pc_next_logic._0790_/Y (sky130_fd_sc_hd__nor2_2)
     2    0.01                           u_pc_next_logic.pc_plus4[10] (net)
                  0.04    0.00    0.75 v u_wb_mux._128_/A1 (sky130_fd_sc_hd__a22o_2)
                  0.04    0.23    0.98 v u_wb_mux._128_/X (sky130_fd_sc_hd__a22o_2)
     1    0.00                           u_wb_mux._033_ (net)
                  0.04    0.00    0.98 v u_wb_mux._132_/B1 (sky130_fd_sc_hd__a211o_2)
                  0.41    0.63    1.61 v u_wb_mux._132_/X (sky130_fd_sc_hd__a211o_2)
     3    0.18                           u_regfile.wd[10] (net)
                  0.54    0.02    1.64 v u_regfile.u_sram_rs1/din0[10] (sky130_sram_1kbyte_1rw1r_32x256_8)
                                  1.64   data arrival time

                  0.10    0.00    0.00   clock clk (rise edge)
                          0.00    0.00   clock network delay (ideal)
                          0.20    0.20   clock uncertainty
                          0.00    0.20   clock reconvergence pessimism
                                  0.20 ^ u_regfile.u_sram_rs1/clk0 (sky130_sram_1kbyte_1rw1r_32x256_8)
                         -0.06    0.14   library hold time
                                  0.14   data required time
-----------------------------------------------------------------------------
                                  0.14   data required time
                                 -1.64   data arrival time
-----------------------------------------------------------------------------
                                  1.49   slack (MET)


Startpoint: u_pc_reg._139_ (rising edge-triggered flip-flop clocked by clk)
Endpoint: u_regfile.u_sram_rs1 (falling edge-triggered flip-flop clocked by clk)
Path Group: clk
Path Type: min

Fanout     Cap    Slew   Delay    Time   Description
-----------------------------------------------------------------------------
                  0.10    0.00    0.00   clock clk (rise edge)
                          0.00    0.00   clock network delay (ideal)
                  0.10    0.00    0.00 ^ u_pc_reg._139_/CLK (sky130_fd_sc_hd__dfxtp_2)
                  0.22    0.48    0.48 v u_pc_reg._139_/Q (sky130_fd_sc_hd__dfxtp_2)
    14    0.09                           u_imem.addr[5] (net)
                  0.22    0.02    0.49 v u_pc_next_logic._0778_/A (sky130_fd_sc_hd__nor2_2)
                  0.09    0.17    0.67 ^ u_pc_next_logic._0778_/Y (sky130_fd_sc_hd__nor2_2)
     1    0.01                           u_pc_next_logic._0060_ (net)
                  0.09    0.00    0.67 ^ u_pc_next_logic._0779_/B (sky130_fd_sc_hd__nor2_2)
                  0.04    0.05    0.72 v u_pc_next_logic._0779_/Y (sky130_fd_sc_hd__nor2_2)
     2    0.01                           u_pc_next_logic.pc_plus4[5] (net)
                  0.04    0.00    0.72 v u_wb_mux._111_/A1 (sky130_fd_sc_hd__a22o_2)
                  0.04    0.22    0.95 v u_wb_mux._111_/X (sky130_fd_sc_hd__a22o_2)
     1    0.00                           u_wb_mux._021_ (net)
                  0.04    0.00    0.95 v u_wb_mux._113_/B1 (sky130_fd_sc_hd__a211o_2)
                  0.45    0.66    1.61 v u_wb_mux._113_/X (sky130_fd_sc_hd__a211o_2)
     3    0.20                           u_regfile.wd[5] (net)
                  0.60    0.03    1.64 v u_regfile.u_sram_rs1/din0[5] (sky130_sram_1kbyte_1rw1r_32x256_8)
                                  1.64   data arrival time

                  0.10    0.00    0.00   clock clk (rise edge)
                          0.00    0.00   clock network delay (ideal)
                          0.20    0.20   clock uncertainty
                          0.00    0.20   clock reconvergence pessimism
                                  0.20 ^ u_regfile.u_sram_rs1/clk0 (sky130_sram_1kbyte_1rw1r_32x256_8)
                         -0.06    0.14   library hold time
                                  0.14   data required time
-----------------------------------------------------------------------------
                                  0.14   data required time
                                 -1.64   data arrival time
-----------------------------------------------------------------------------
                                  1.50   slack (MET)


Startpoint: u_pc_reg._153_ (rising edge-triggered flip-flop clocked by clk)
Endpoint: u_regfile.u_sram_rs2 (falling edge-triggered flip-flop clocked by clk)
Path Group: clk
Path Type: min

Fanout     Cap    Slew   Delay    Time   Description
-----------------------------------------------------------------------------
                  0.10    0.00    0.00   clock clk (rise edge)
                          0.00    0.00   clock network delay (ideal)
                  0.10    0.00    0.00 ^ u_pc_reg._153_/CLK (sky130_fd_sc_hd__dfxtp_2)
                  0.26    0.52    0.52 v u_pc_reg._153_/Q (sky130_fd_sc_hd__dfxtp_2)
    12    0.12                           u_imem.addr[19] (net)
                  0.26    0.00    0.53 v _545_/A (sky130_fd_sc_hd__xnor2_2)
                  0.08    0.26    0.78 v _545_/Y (sky130_fd_sc_hd__xnor2_2)
     3    0.01                           _196_ (net)
                  0.08    0.00    0.78 v _547_/A (sky130_fd_sc_hd__xnor2_2)
                  0.04    0.15    0.94 ^ _547_/Y (sky130_fd_sc_hd__xnor2_2)
     1    0.00                           u_wb_mux.pc_plus_imm[19] (net)
                  0.04    0.00    0.94 ^ u_wb_mux._158_/B2 (sky130_fd_sc_hd__a22o_2)
                  0.04    0.12    1.06 ^ u_wb_mux._158_/X (sky130_fd_sc_hd__a22o_2)
     1    0.00                           u_wb_mux._054_ (net)
                  0.04    0.00    1.06 ^ u_wb_mux._160_/B1 (sky130_fd_sc_hd__a211o_2)
                  0.84    0.60    1.65 ^ u_wb_mux._160_/X (sky130_fd_sc_hd__a211o_2)
     3    0.18                           u_regfile.wd[19] (net)
                  1.12    0.02    1.68 ^ u_regfile.u_sram_rs2/din0[19] (sky130_sram_1kbyte_1rw1r_32x256_8)
                                  1.68   data arrival time

                  0.10    0.00    0.00   clock clk (rise edge)
                          0.00    0.00   clock network delay (ideal)
                          0.20    0.20   clock uncertainty
                          0.00    0.20   clock reconvergence pessimism
                                  0.20 ^ u_regfile.u_sram_rs2/clk0 (sky130_sram_1kbyte_1rw1r_32x256_8)
                         -0.06    0.14   library hold time
                                  0.14   data required time
-----------------------------------------------------------------------------
                                  0.14   data required time
                                 -1.68   data arrival time
-----------------------------------------------------------------------------
                                  1.53   slack (MET)


Startpoint: u_pc_reg._141_ (rising edge-triggered flip-flop clocked by clk)
Endpoint: u_dmem.u_sram (falling edge-triggered flip-flop clocked by clk)
Path Group: clk
Path Type: min

Fanout     Cap    Slew   Delay    Time   Description
-----------------------------------------------------------------------------
                  0.10    0.00    0.00   clock clk (rise edge)
                          0.00    0.00   clock network delay (ideal)
                  0.10    0.00    0.00 ^ u_pc_reg._141_/CLK (sky130_fd_sc_hd__dfxtp_2)
                  0.23    0.49    0.49 v u_pc_reg._141_/Q (sky130_fd_sc_hd__dfxtp_2)
    14    0.10                           u_imem.addr[7] (net)
                  0.23    0.00    0.49 v _386_/A1 (sky130_fd_sc_hd__mux2_2)
                  0.05    0.34    0.82 v _386_/X (sky130_fd_sc_hd__mux2_2)
     1    0.00                           _080_ (net)
                  0.05    0.00    0.82 v _387_/A (sky130_fd_sc_hd__buf_1)
                  0.15    0.19    1.01 v _387_/X (sky130_fd_sc_hd__buf_1)
     3    0.03                           u_alu.A[7] (net)
                  0.15    0.00    1.02 v u_alu._1213_/A (sky130_fd_sc_hd__nand2_2)
                  0.13    0.16    1.18 ^ u_alu._1213_/Y (sky130_fd_sc_hd__nand2_2)
     4    0.02                           u_alu._0336_ (net)
                  0.13    0.00    1.18 ^ u_alu._2141_/A1 (sky130_fd_sc_hd__o221a_2)
                  0.04    0.20    1.38 ^ u_alu._2141_/X (sky130_fd_sc_hd__o221a_2)
     1    0.00                           u_alu._0131_ (net)
                  0.04    0.00    1.38 ^ u_alu._2146_/B1 (sky130_fd_sc_hd__o211a_2)
                  0.06    0.18    1.56 ^ u_alu._2146_/X (sky130_fd_sc_hd__o211a_2)
     1    0.01                           u_alu._0137_ (net)
                  0.06    0.00    1.56 ^ u_alu._2147_/B1 (sky130_fd_sc_hd__o21ai_2)
                  0.13    0.13    1.69 v u_alu._2147_/Y (sky130_fd_sc_hd__o21ai_2)
     2    0.03                           u_alu.Result[7] (net)
                  0.17    0.00    1.69 v u_dmem.u_sram/addr0[5] (sky130_sram_1kbyte_1rw1r_32x256_8)
                                  1.69   data arrival time

                  0.10    0.00    0.00   clock clk (rise edge)
                          0.00    0.00   clock network delay (ideal)
                          0.20    0.20   clock uncertainty
                          0.00    0.20   clock reconvergence pessimism
                                  0.20 ^ u_dmem.u_sram/clk0 (sky130_sram_1kbyte_1rw1r_32x256_8)
                         -0.06    0.14   library hold time
                                  0.14   data required time
-----------------------------------------------------------------------------
                                  0.14   data required time
                                 -1.69   data arrival time
-----------------------------------------------------------------------------
                                  1.55   slack (MET)


Startpoint: u_pc_reg._141_ (rising edge-triggered flip-flop clocked by clk)
Endpoint: u_dmem.u_sram (falling edge-triggered flip-flop clocked by clk)
Path Group: clk
Path Type: min

Fanout     Cap    Slew   Delay    Time   Description
-----------------------------------------------------------------------------
                  0.10    0.00    0.00   clock clk (rise edge)
                          0.00    0.00   clock network delay (ideal)
                  0.10    0.00    0.00 ^ u_pc_reg._141_/CLK (sky130_fd_sc_hd__dfxtp_2)
                  0.23    0.49    0.49 v u_pc_reg._141_/Q (sky130_fd_sc_hd__dfxtp_2)
    14    0.10                           u_imem.addr[7] (net)
                  0.23    0.00    0.49 v _386_/A1 (sky130_fd_sc_hd__mux2_2)
                  0.05    0.34    0.82 v _386_/X (sky130_fd_sc_hd__mux2_2)
     1    0.00                           _080_ (net)
                  0.05    0.00    0.82 v _387_/A (sky130_fd_sc_hd__buf_1)
                  0.15    0.19    1.01 v _387_/X (sky130_fd_sc_hd__buf_1)
     3    0.03                           u_alu.A[7] (net)
                  0.15    0.00    1.02 v u_alu._1212_/A (sky130_fd_sc_hd__or2_2)
                  0.10    0.40    1.41 v u_alu._1212_/X (sky130_fd_sc_hd__or2_2)
     5    0.02                           u_alu._0335_ (net)
                  0.10    0.00    1.41 v u_alu._2177_/A1 (sky130_fd_sc_hd__a21oi_2)
                  0.10    0.15    1.56 ^ u_alu._2177_/Y (sky130_fd_sc_hd__a21oi_2)
     1    0.01                           u_alu._0168_ (net)
                  0.10    0.00    1.56 ^ u_alu._2189_/A1 (sky130_fd_sc_hd__o21ai_2)
                  0.13    0.15    1.71 v u_alu._2189_/Y (sky130_fd_sc_hd__o21ai_2)
     2    0.03                           u_alu.Result[8] (net)
                  0.18    0.00    1.71 v u_dmem.u_sram/addr0[6] (sky130_sram_1kbyte_1rw1r_32x256_8)
                                  1.71   data arrival time

                  0.10    0.00    0.00   clock clk (rise edge)
                          0.00    0.00   clock network delay (ideal)
                          0.20    0.20   clock uncertainty
                          0.00    0.20   clock reconvergence pessimism
                                  0.20 ^ u_dmem.u_sram/clk0 (sky130_sram_1kbyte_1rw1r_32x256_8)
                         -0.06    0.14   library hold time
                                  0.14   data required time
-----------------------------------------------------------------------------
                                  0.14   data required time
                                 -1.71   data arrival time
-----------------------------------------------------------------------------
                                  1.57   slack (MET)


Startpoint: u_pc_reg._153_ (rising edge-triggered flip-flop clocked by clk)
Endpoint: u_regfile.u_sram_rs1 (falling edge-triggered flip-flop clocked by clk)
Path Group: clk
Path Type: min

Fanout     Cap    Slew   Delay    Time   Description
-----------------------------------------------------------------------------
                  0.10    0.00    0.00   clock clk (rise edge)
                          0.00    0.00   clock network delay (ideal)
                  0.10    0.00    0.00 ^ u_pc_reg._153_/CLK (sky130_fd_sc_hd__dfxtp_2)
                  0.26    0.52    0.52 v u_pc_reg._153_/Q (sky130_fd_sc_hd__dfxtp_2)
    12    0.12                           u_imem.addr[19] (net)
                  0.26    0.00    0.53 v _545_/A (sky130_fd_sc_hd__xnor2_2)
                  0.08    0.26    0.78 v _545_/Y (sky130_fd_sc_hd__xnor2_2)
     3    0.01                           _196_ (net)
                  0.08    0.00    0.78 v _547_/A (sky130_fd_sc_hd__xnor2_2)
                  0.04    0.15    0.94 ^ _547_/Y (sky130_fd_sc_hd__xnor2_2)
     1    0.00                           u_wb_mux.pc_plus_imm[19] (net)
                  0.04    0.00    0.94 ^ u_wb_mux._158_/B2 (sky130_fd_sc_hd__a22o_2)
                  0.04    0.12    1.06 ^ u_wb_mux._158_/X (sky130_fd_sc_hd__a22o_2)
     1    0.00                           u_wb_mux._054_ (net)
                  0.04    0.00    1.06 ^ u_wb_mux._160_/B1 (sky130_fd_sc_hd__a211o_2)
                  0.84    0.60    1.65 ^ u_wb_mux._160_/X (sky130_fd_sc_hd__a211o_2)
     3    0.18                           u_regfile.wd[19] (net)
                  1.13    0.06    1.72 ^ u_regfile.u_sram_rs1/din0[19] (sky130_sram_1kbyte_1rw1r_32x256_8)
                                  1.72   data arrival time

                  0.10    0.00    0.00   clock clk (rise edge)
                          0.00    0.00   clock network delay (ideal)
                          0.20    0.20   clock uncertainty
                          0.00    0.20   clock reconvergence pessimism
                                  0.20 ^ u_regfile.u_sram_rs1/clk0 (sky130_sram_1kbyte_1rw1r_32x256_8)
                         -0.06    0.14   library hold time
                                  0.14   data required time
-----------------------------------------------------------------------------
                                  0.14   data required time
                                 -1.72   data arrival time
-----------------------------------------------------------------------------
                                  1.57   slack (MET)


Startpoint: u_pc_reg._139_ (rising edge-triggered flip-flop clocked by clk)
Endpoint: u_dmem.u_sram (falling edge-triggered flip-flop clocked by clk)
Path Group: clk
Path Type: min

Fanout     Cap    Slew   Delay    Time   Description
-----------------------------------------------------------------------------
                  0.10    0.00    0.00   clock clk (rise edge)
                          0.00    0.00   clock network delay (ideal)
                  0.10    0.00    0.00 ^ u_pc_reg._139_/CLK (sky130_fd_sc_hd__dfxtp_2)
                  0.22    0.48    0.48 v u_pc_reg._139_/Q (sky130_fd_sc_hd__dfxtp_2)
    14    0.09                           u_imem.addr[5] (net)
                  0.22    0.00    0.48 v _382_/A1 (sky130_fd_sc_hd__mux2_2)
                  0.05    0.33    0.81 v _382_/X (sky130_fd_sc_hd__mux2_2)
     1    0.00                           _078_ (net)
                  0.05    0.00    0.81 v _383_/A (sky130_fd_sc_hd__buf_1)
                  0.29    0.28    1.10 v _383_/X (sky130_fd_sc_hd__buf_1)
     5    0.05                           u_alu.A[5] (net)
                  0.29    0.01    1.11 v u_alu._1206_/A (sky130_fd_sc_hd__nor2_2)
                  0.10    0.20    1.31 ^ u_alu._1206_/Y (sky130_fd_sc_hd__nor2_2)
     1    0.01                           u_alu._0329_ (net)
                  0.10    0.00    1.31 ^ u_alu._1208_/A (sky130_fd_sc_hd__nor2_2)
                  0.05    0.07    1.38 v u_alu._1208_/Y (sky130_fd_sc_hd__nor2_2)
     4    0.01                           u_alu._0331_ (net)
                  0.05    0.00    1.38 v u_alu._2107_/B1 (sky130_fd_sc_hd__o21ai_2)
                  0.04    0.05    1.43 ^ u_alu._2107_/Y (sky130_fd_sc_hd__o21ai_2)
     1    0.00                           u_alu._0096_ (net)
                  0.04    0.00    1.43 ^ u_alu._2108_/C1 (sky130_fd_sc_hd__o311a_2)
                  0.05    0.16    1.59 ^ u_alu._2108_/X (sky130_fd_sc_hd__o311a_2)
     1    0.00                           u_alu._0097_ (net)
                  0.05    0.00    1.59 ^ u_alu._2118_/B1 (sky130_fd_sc_hd__a211o_2)
                  0.17    0.20    1.78 ^ u_alu._2118_/X (sky130_fd_sc_hd__a211o_2)
     2    0.04                           u_alu.Result[5] (net)
                  0.23    0.00    1.79 ^ u_dmem.u_sram/addr0[3] (sky130_sram_1kbyte_1rw1r_32x256_8)
                                  1.79   data arrival time

                  0.10    0.00    0.00   clock clk (rise edge)
                          0.00    0.00   clock network delay (ideal)
                          0.20    0.20   clock uncertainty
                          0.00    0.20   clock reconvergence pessimism
                                  0.20 ^ u_dmem.u_sram/clk0 (sky130_sram_1kbyte_1rw1r_32x256_8)
                         -0.06    0.14   library hold time
                                  0.14   data required time
-----------------------------------------------------------------------------
                                  0.14   data required time
                                 -1.79   data arrival time
-----------------------------------------------------------------------------
                                  1.64   slack (MET)


Startpoint: u_pc_reg._141_ (rising edge-triggered flip-flop clocked by clk)
Endpoint: u_dmem.u_sram (falling edge-triggered flip-flop clocked by clk)
Path Group: clk
Path Type: min

Fanout     Cap    Slew   Delay    Time   Description
-----------------------------------------------------------------------------
                  0.10    0.00    0.00   clock clk (rise edge)
                          0.00    0.00   clock network delay (ideal)
                  0.10    0.00    0.00 ^ u_pc_reg._141_/CLK (sky130_fd_sc_hd__dfxtp_2)
                  0.51    0.66    0.66 ^ u_pc_reg._141_/Q (sky130_fd_sc_hd__dfxtp_2)
    14    0.10                           u_imem.addr[7] (net)
                  0.51    0.00    0.66 ^ _386_/A1 (sky130_fd_sc_hd__mux2_2)
                  0.04    0.26    0.92 ^ _386_/X (sky130_fd_sc_hd__mux2_2)
     1    0.00                           _080_ (net)
                  0.04    0.00    0.92 ^ _387_/A (sky130_fd_sc_hd__buf_1)
                  0.31    0.27    1.18 ^ _387_/X (sky130_fd_sc_hd__buf_1)
     3    0.03                           u_alu.A[7] (net)
                  0.31    0.00    1.19 ^ u_alu._1212_/A (sky130_fd_sc_hd__or2_2)
                  0.12    0.25    1.43 ^ u_alu._1212_/X (sky130_fd_sc_hd__or2_2)
     5    0.02                           u_alu._0335_ (net)
                  0.12    0.00    1.43 ^ u_alu._2161_/A1 (sky130_fd_sc_hd__a31oi_2)
                  0.06    0.12    1.55 v u_alu._2161_/Y (sky130_fd_sc_hd__a31oi_2)
     3    0.01                           u_alu._0151_ (net)
                  0.06    0.00    1.55 v u_alu._2162_/B (sky130_fd_sc_hd__nand2_2)
                  0.04    0.06    1.61 ^ u_alu._2162_/Y (sky130_fd_sc_hd__nand2_2)
     1    0.00                           u_alu._0152_ (net)
                  0.04    0.00    1.61 ^ u_alu._2176_/A2 (sky130_fd_sc_hd__a31o_2)
                  0.19    0.26    1.87 ^ u_alu._2176_/X (sky130_fd_sc_hd__a31o_2)
     2    0.03                           u_alu.Result[9] (net)
                  0.26    0.00    1.88 ^ u_dmem.u_sram/addr0[7] (sky130_sram_1kbyte_1rw1r_32x256_8)
                                  1.88   data arrival time

                  0.10    0.00    0.00   clock clk (rise edge)
                          0.00    0.00   clock network delay (ideal)
                          0.20    0.20   clock uncertainty
                          0.00    0.20   clock reconvergence pessimism
                                  0.20 ^ u_dmem.u_sram/clk0 (sky130_sram_1kbyte_1rw1r_32x256_8)
                         -0.06    0.14   library hold time
                                  0.14   data required time
-----------------------------------------------------------------------------
                                  0.14   data required time
                                 -1.88   data arrival time
-----------------------------------------------------------------------------
                                  1.73   slack (MET)


Startpoint: u_pc_reg._137_ (rising edge-triggered flip-flop clocked by clk)
Endpoint: u_dmem.u_sram (falling edge-triggered flip-flop clocked by clk)
Path Group: clk
Path Type: min

Fanout     Cap    Slew   Delay    Time   Description
-----------------------------------------------------------------------------
                  0.10    0.00    0.00   clock clk (rise edge)
                          0.00    0.00   clock network delay (ideal)
                  0.10    0.00    0.00 ^ u_pc_reg._137_/CLK (sky130_fd_sc_hd__dfxtp_2)
                  0.19    0.46    0.46 v u_pc_reg._137_/Q (sky130_fd_sc_hd__dfxtp_2)
    13    0.08                           u_imem.addr[3] (net)
                  0.19    0.00    0.47 v _378_/A1 (sky130_fd_sc_hd__mux2_2)
                  0.11    0.39    0.86 v _378_/X (sky130_fd_sc_hd__mux2_2)
     1    0.03                           _076_ (net)
                  0.11    0.00    0.86 v _379_/A (sky130_fd_sc_hd__buf_1)
                  0.16    0.22    1.08 v _379_/X (sky130_fd_sc_hd__buf_1)
     6    0.03                           u_alu.A[3] (net)
                  0.16    0.00    1.09 v u_alu._1196_/B (sky130_fd_sc_hd__nand2_2)
                  0.10    0.15    1.24 ^ u_alu._1196_/Y (sky130_fd_sc_hd__nand2_2)
     3    0.01                           u_alu._0319_ (net)
                  0.10    0.00    1.24 ^ u_alu._2077_/A1 (sky130_fd_sc_hd__o221a_2)
                  0.05    0.21    1.44 ^ u_alu._2077_/X (sky130_fd_sc_hd__o221a_2)
     1    0.01                           u_alu._0065_ (net)
                  0.05    0.00    1.44 ^ u_alu._2078_/B1 (sky130_fd_sc_hd__o21ai_2)
                  0.02    0.05    1.49 v u_alu._2078_/Y (sky130_fd_sc_hd__o21ai_2)
     1    0.00                           u_alu._0066_ (net)
                  0.02    0.00    1.49 v u_alu._2086_/B1 (sky130_fd_sc_hd__a211o_2)
                  0.13    0.40    1.89 v u_alu._2086_/X (sky130_fd_sc_hd__a211o_2)
     2    0.04                           u_alu.Result[3] (net)
                  0.17    0.01    1.90 v u_dmem.u_sram/addr0[1] (sky130_sram_1kbyte_1rw1r_32x256_8)
                                  1.90   data arrival time

                  0.10    0.00    0.00   clock clk (rise edge)
                          0.00    0.00   clock network delay (ideal)
                          0.20    0.20   clock uncertainty
                          0.00    0.20   clock reconvergence pessimism
                                  0.20 ^ u_dmem.u_sram/clk0 (sky130_sram_1kbyte_1rw1r_32x256_8)
                         -0.06    0.14   library hold time
                                  0.14   data required time
-----------------------------------------------------------------------------
                                  0.14   data required time
                                 -1.90   data arrival time
-----------------------------------------------------------------------------
                                  1.76   slack (MET)


Startpoint: u_pc_reg._140_ (rising edge-triggered flip-flop clocked by clk)
Endpoint: u_dmem.u_sram (falling edge-triggered flip-flop clocked by clk)
Path Group: clk
Path Type: min

Fanout     Cap    Slew   Delay    Time   Description
-----------------------------------------------------------------------------
                  0.10    0.00    0.00   clock clk (rise edge)
                          0.00    0.00   clock network delay (ideal)
                  0.10    0.00    0.00 ^ u_pc_reg._140_/CLK (sky130_fd_sc_hd__dfxtp_2)
                  0.23    0.49    0.49 v u_pc_reg._140_/Q (sky130_fd_sc_hd__dfxtp_2)
    13    0.10                           u_imem.addr[6] (net)
                  0.23    0.01    0.49 v _384_/A1 (sky130_fd_sc_hd__mux2_2)
                  0.05    0.34    0.83 v _384_/X (sky130_fd_sc_hd__mux2_2)
     1    0.00                           _079_ (net)
                  0.05    0.00    0.83 v _385_/A (sky130_fd_sc_hd__buf_1)
                  0.30    0.29    1.12 v _385_/X (sky130_fd_sc_hd__buf_1)
     5    0.05                           u_alu.A[6] (net)
                  0.30    0.01    1.13 v u_alu._1209_/A (sky130_fd_sc_hd__nand2_2)
                  0.16    0.25    1.38 ^ u_alu._1209_/Y (sky130_fd_sc_hd__nand2_2)
     6    0.03                           u_alu._0332_ (net)
                  0.16    0.00    1.38 ^ u_alu._2151_/A1 (sky130_fd_sc_hd__a211o_2)
                  0.03    0.15    1.53 ^ u_alu._2151_/X (sky130_fd_sc_hd__a211o_2)
     1    0.00                           u_alu._0141_ (net)
                  0.03    0.00    1.53 ^ u_alu._2152_/B1 (sky130_fd_sc_hd__a22o_2)
                  0.03    0.11    1.63 ^ u_alu._2152_/X (sky130_fd_sc_hd__a22o_2)
     1    0.00                           u_alu._0142_ (net)
                  0.03    0.00    1.63 ^ u_alu._2159_/A (sky130_fd_sc_hd__or3b_2)
                  0.05    0.11    1.75 ^ u_alu._2159_/X (sky130_fd_sc_hd__or3b_2)
     1    0.01                           u_alu._0150_ (net)
                  0.05    0.00    1.75 ^ u_alu._2160_/B1 (sky130_fd_sc_hd__a31o_2)
                  0.19    0.21    1.95 ^ u_alu._2160_/X (sky130_fd_sc_hd__a31o_2)
     2    0.03                           u_alu.Result[6] (net)
                  0.25    0.00    1.96 ^ u_dmem.u_sram/addr0[4] (sky130_sram_1kbyte_1rw1r_32x256_8)
                                  1.96   data arrival time

                  0.10    0.00    0.00   clock clk (rise edge)
                          0.00    0.00   clock network delay (ideal)
                          0.20    0.20   clock uncertainty
                          0.00    0.20   clock reconvergence pessimism
                                  0.20 ^ u_dmem.u_sram/clk0 (sky130_sram_1kbyte_1rw1r_32x256_8)
                         -0.06    0.14   library hold time
                                  0.14   data required time
-----------------------------------------------------------------------------
                                  0.14   data required time
                                 -1.96   data arrival time
-----------------------------------------------------------------------------
                                  1.81   slack (MET)


Startpoint: u_pc_reg._138_ (rising edge-triggered flip-flop clocked by clk)
Endpoint: u_dmem.u_sram (falling edge-triggered flip-flop clocked by clk)
Path Group: clk
Path Type: min

Fanout     Cap    Slew   Delay    Time   Description
-----------------------------------------------------------------------------
                  0.10    0.00    0.00   clock clk (rise edge)
                          0.00    0.00   clock network delay (ideal)
                  0.10    0.00    0.00 ^ u_pc_reg._138_/CLK (sky130_fd_sc_hd__dfxtp_2)
                  0.40    0.59    0.59 ^ u_pc_reg._138_/Q (sky130_fd_sc_hd__dfxtp_2)
    13    0.08                           u_imem.addr[4] (net)
                  0.40    0.00    0.60 ^ _380_/A1 (sky130_fd_sc_hd__mux2_2)
                  0.04    0.24    0.83 ^ _380_/X (sky130_fd_sc_hd__mux2_2)
     1    0.00                           _077_ (net)
                  0.04    0.00    0.83 ^ _381_/A (sky130_fd_sc_hd__buf_1)
                  0.50    0.39    1.22 ^ _381_/X (sky130_fd_sc_hd__buf_1)
     4    0.04                           u_alu.A[4] (net)
                  0.50    0.01    1.23 ^ u_alu._1204_/B (sky130_fd_sc_hd__nor2_2)
                  0.09    0.09    1.32 v u_alu._1204_/Y (sky130_fd_sc_hd__nor2_2)
     2    0.01                           u_alu._0327_ (net)
                  0.09    0.00    1.32 v u_alu._2126_/B1 (sky130_fd_sc_hd__a21o_2)
                  0.04    0.20    1.52 v u_alu._2126_/X (sky130_fd_sc_hd__a21o_2)
     1    0.00                           u_alu._0116_ (net)
                  0.04    0.00    1.52 v u_alu._2127_/B1 (sky130_fd_sc_hd__o31ai_2)
                  0.04    0.05    1.57 ^ u_alu._2127_/Y (sky130_fd_sc_hd__o31ai_2)
     1    0.00                           u_alu._0117_ (net)
                  0.04    0.00    1.57 ^ u_alu._2128_/C (sky130_fd_sc_hd__or3_2)
                  0.03    0.10    1.67 ^ u_alu._2128_/X (sky130_fd_sc_hd__or3_2)
     1    0.00                           u_alu._0118_ (net)
                  0.03    0.00    1.67 ^ u_alu._2129_/A (sky130_fd_sc_hd__buf_1)
                  0.43    0.34    2.01 ^ u_alu._2129_/X (sky130_fd_sc_hd__buf_1)
     2    0.04                           u_alu.Result[4] (net)
                  0.57    0.00    2.02 ^ u_dmem.u_sram/addr0[2] (sky130_sram_1kbyte_1rw1r_32x256_8)
                                  2.02   data arrival time

                  0.10    0.00    0.00   clock clk (rise edge)
                          0.00    0.00   clock network delay (ideal)
                          0.20    0.20   clock uncertainty
                          0.00    0.20   clock reconvergence pessimism
                                  0.20 ^ u_dmem.u_sram/clk0 (sky130_sram_1kbyte_1rw1r_32x256_8)
                         -0.06    0.14   library hold time
                                  0.14   data required time
-----------------------------------------------------------------------------
                                  0.14   data required time
                                 -2.02   data arrival time
-----------------------------------------------------------------------------
                                  1.87   slack (MET)


Startpoint: u_pc_reg._134_ (rising edge-triggered flip-flop clocked by clk)
Endpoint: u_dmem.u_sram (falling edge-triggered flip-flop clocked by clk)
Path Group: clk
Path Type: min

Fanout     Cap    Slew   Delay    Time   Description
-----------------------------------------------------------------------------
                  0.10    0.00    0.00   clock clk (rise edge)
                          0.00    0.00   clock network delay (ideal)
                  0.10    0.00    0.00 ^ u_pc_reg._134_/CLK (sky130_fd_sc_hd__dfxtp_2)
                  0.15    0.44    0.44 v u_pc_reg._134_/Q (sky130_fd_sc_hd__dfxtp_2)
    11    0.07                           u_imem.addr[0] (net)
                  0.15    0.01    0.45 v _372_/A1 (sky130_fd_sc_hd__mux2_2)
                  0.11    0.39    0.83 v _372_/X (sky130_fd_sc_hd__mux2_2)
     1    0.03                           _073_ (net)
                  0.11    0.00    0.84 v _373_/A (sky130_fd_sc_hd__buf_1)
                  0.25    0.28    1.12 v _373_/X (sky130_fd_sc_hd__buf_1)
     9    0.04                           u_alu.A[0] (net)
                  0.25    0.00    1.12 v u_alu._1337_/A2 (sky130_fd_sc_hd__a22o_2)
                  0.06    0.37    1.49 v u_alu._1337_/X (sky130_fd_sc_hd__a22o_2)
     4    0.01                           u_alu._0460_ (net)
                  0.06    0.00    1.49 v u_alu._2093_/D (sky130_fd_sc_hd__nand4_2)
                  0.05    0.09    1.58 ^ u_alu._2093_/Y (sky130_fd_sc_hd__nand4_2)
     1    0.00                           u_alu._0082_ (net)
                  0.05    0.00    1.58 ^ u_alu._2095_/B (sky130_fd_sc_hd__and3_2)
                  0.04    0.16    1.74 ^ u_alu._2095_/X (sky130_fd_sc_hd__and3_2)
     1    0.00                           u_alu._0084_ (net)
                  0.04    0.00    1.74 ^ u_alu._2099_/B (sky130_fd_sc_hd__or4bb_2)
                  0.13    0.18    1.92 ^ u_alu._2099_/X (sky130_fd_sc_hd__or4bb_2)
     1    0.02                           u_alu._0088_ (net)
                  0.13    0.00    1.92 ^ u_alu._2100_/A (sky130_fd_sc_hd__buf_1)
                  0.29    0.28    2.20 ^ u_alu._2100_/X (sky130_fd_sc_hd__buf_1)
     2    0.02                           u_alu.Result[2] (net)
                  0.39    0.00    2.20 ^ u_dmem.u_sram/addr0[0] (sky130_sram_1kbyte_1rw1r_32x256_8)
                                  2.20   data arrival time

                  0.10    0.00    0.00   clock clk (rise edge)
                          0.00    0.00   clock network delay (ideal)
                          0.20    0.20   clock uncertainty
                          0.00    0.20   clock reconvergence pessimism
                                  0.20 ^ u_dmem.u_sram/clk0 (sky130_sram_1kbyte_1rw1r_32x256_8)
                         -0.06    0.14   library hold time
                                  0.14   data required time
-----------------------------------------------------------------------------
                                  0.14   data required time
                                 -2.20   data arrival time
-----------------------------------------------------------------------------
                                  2.05   slack (MET)


Startpoint: u_regfile.u_sram_rs2
            (falling edge-triggered flip-flop clocked by clk)
Endpoint: u_dmem.u_sram (falling edge-triggered flip-flop clocked by clk)
Path Group: clk
Path Type: min

Fanout     Cap    Slew   Delay    Time   Description
-----------------------------------------------------------------------------
                  0.10   10.00   10.00   clock clk (fall edge)
                          0.00   10.00   clock network delay (ideal)
                  0.10    0.00   10.00 v u_regfile.u_sram_rs2/clk1 (sky130_sram_1kbyte_1rw1r_32x256_8)
                  0.00    0.36   10.36 v u_regfile.u_sram_rs2/dout1[21] (sky130_sram_1kbyte_1rw1r_32x256_8)
     1    0.00                           u_regfile.rd2_sram[21] (net)
                  0.00    0.00   10.36 v u_regfile._109_/B1_N (sky130_fd_sc_hd__a21boi_2)
                  0.11    0.21   10.57 v u_regfile._109_/Y (sky130_fd_sc_hd__a21boi_2)
     3    0.04                           u_branch_unit.rs2_val[21] (net)
                  0.15    0.00   10.57 v u_dmem.u_sram/din0[21] (sky130_sram_1kbyte_1rw1r_32x256_8)
                                 10.57   data arrival time

                  0.10    0.00    0.00   clock clk (rise edge)
                          0.00    0.00   clock network delay (ideal)
                          0.20    0.20   clock uncertainty
                          0.00    0.20   clock reconvergence pessimism
                                  0.20 ^ u_dmem.u_sram/clk0 (sky130_sram_1kbyte_1rw1r_32x256_8)
                         -0.06    0.14   library hold time
                                  0.14   data required time
-----------------------------------------------------------------------------
                                  0.14   data required time
                                -10.57   data arrival time
-----------------------------------------------------------------------------
                                 10.43   slack (MET)


Startpoint: u_regfile.u_sram_rs2
            (falling edge-triggered flip-flop clocked by clk)
Endpoint: u_dmem.u_sram (falling edge-triggered flip-flop clocked by clk)
Path Group: clk
Path Type: min

Fanout     Cap    Slew   Delay    Time   Description
-----------------------------------------------------------------------------
                  0.10   10.00   10.00   clock clk (fall edge)
                          0.00   10.00   clock network delay (ideal)
                  0.10    0.00   10.00 v u_regfile.u_sram_rs2/clk1 (sky130_sram_1kbyte_1rw1r_32x256_8)
                  0.00    0.37   10.37 v u_regfile.u_sram_rs2/dout1[27] (sky130_sram_1kbyte_1rw1r_32x256_8)
     1    0.01                           u_regfile.rd2_sram[27] (net)
                  0.00    0.00   10.37 v u_regfile._115_/B1_N (sky130_fd_sc_hd__a21boi_2)
                  0.10    0.20   10.57 v u_regfile._115_/Y (sky130_fd_sc_hd__a21boi_2)
     4    0.04                           u_branch_unit.rs2_val[27] (net)
                  0.14    0.00   10.57 v u_dmem.u_sram/din0[27] (sky130_sram_1kbyte_1rw1r_32x256_8)
                                 10.57   data arrival time

                  0.10    0.00    0.00   clock clk (rise edge)
                          0.00    0.00   clock network delay (ideal)
                          0.20    0.20   clock uncertainty
                          0.00    0.20   clock reconvergence pessimism
                                  0.20 ^ u_dmem.u_sram/clk0 (sky130_sram_1kbyte_1rw1r_32x256_8)
                         -0.06    0.14   library hold time
                                  0.14   data required time
-----------------------------------------------------------------------------
                                  0.14   data required time
                                -10.57   data arrival time
-----------------------------------------------------------------------------
                                 10.43   slack (MET)


Startpoint: u_regfile.u_sram_rs2
            (falling edge-triggered flip-flop clocked by clk)
Endpoint: u_dmem.u_sram (falling edge-triggered flip-flop clocked by clk)
Path Group: clk
Path Type: min

Fanout     Cap    Slew   Delay    Time   Description
-----------------------------------------------------------------------------
                  0.10   10.00   10.00   clock clk (fall edge)
                          0.00   10.00   clock network delay (ideal)
                  0.10    0.00   10.00 v u_regfile.u_sram_rs2/clk1 (sky130_sram_1kbyte_1rw1r_32x256_8)
                  0.00    0.37   10.37 v u_regfile.u_sram_rs2/dout1[25] (sky130_sram_1kbyte_1rw1r_32x256_8)
     1    0.01                           u_regfile.rd2_sram[25] (net)
                  0.00    0.00   10.37 v u_regfile._113_/B1_N (sky130_fd_sc_hd__a21boi_2)
                  0.10    0.20   10.57 v u_regfile._113_/Y (sky130_fd_sc_hd__a21boi_2)
     4    0.04                           u_branch_unit.rs2_val[25] (net)
                  0.14    0.00   10.57 v u_dmem.u_sram/din0[25] (sky130_sram_1kbyte_1rw1r_32x256_8)
                                 10.57   data arrival time

                  0.10    0.00    0.00   clock clk (rise edge)
                          0.00    0.00   clock network delay (ideal)
                          0.20    0.20   clock uncertainty
                          0.00    0.20   clock reconvergence pessimism
                                  0.20 ^ u_dmem.u_sram/clk0 (sky130_sram_1kbyte_1rw1r_32x256_8)
                         -0.06    0.14   library hold time
                                  0.14   data required time
-----------------------------------------------------------------------------
                                  0.14   data required time
                                -10.57   data arrival time
-----------------------------------------------------------------------------
                                 10.43   slack (MET)


Startpoint: u_regfile.u_sram_rs2
            (falling edge-triggered flip-flop clocked by clk)
Endpoint: u_dmem.u_sram (falling edge-triggered flip-flop clocked by clk)
Path Group: clk
Path Type: min

Fanout     Cap    Slew   Delay    Time   Description
-----------------------------------------------------------------------------
                  0.10   10.00   10.00   clock clk (fall edge)
                          0.00   10.00   clock network delay (ideal)
                  0.10    0.00   10.00 v u_regfile.u_sram_rs2/clk1 (sky130_sram_1kbyte_1rw1r_32x256_8)
                  0.00    0.36   10.36 v u_regfile.u_sram_rs2/dout1[22] (sky130_sram_1kbyte_1rw1r_32x256_8)
     1    0.01                           u_regfile.rd2_sram[22] (net)
                  0.00    0.00   10.36 v u_regfile._110_/B1_N (sky130_fd_sc_hd__a21boi_2)
                  0.11    0.21   10.57 v u_regfile._110_/Y (sky130_fd_sc_hd__a21boi_2)
     3    0.04                           u_branch_unit.rs2_val[22] (net)
                  0.15    0.00   10.57 v u_dmem.u_sram/din0[22] (sky130_sram_1kbyte_1rw1r_32x256_8)
                                 10.57   data arrival time

                  0.10    0.00    0.00   clock clk (rise edge)
                          0.00    0.00   clock network delay (ideal)
                          0.20    0.20   clock uncertainty
                          0.00    0.20   clock reconvergence pessimism
                                  0.20 ^ u_dmem.u_sram/clk0 (sky130_sram_1kbyte_1rw1r_32x256_8)
                         -0.06    0.14   library hold time
                                  0.14   data required time
-----------------------------------------------------------------------------
                                  0.14   data required time
                                -10.57   data arrival time
-----------------------------------------------------------------------------
                                 10.43   slack (MET)


Startpoint: u_regfile.u_sram_rs2
            (falling edge-triggered flip-flop clocked by clk)
Endpoint: u_dmem.u_sram (falling edge-triggered flip-flop clocked by clk)
Path Group: clk
Path Type: min

Fanout     Cap    Slew   Delay    Time   Description
-----------------------------------------------------------------------------
                  0.10   10.00   10.00   clock clk (fall edge)
                          0.00   10.00   clock network delay (ideal)
                  0.10    0.00   10.00 v u_regfile.u_sram_rs2/clk1 (sky130_sram_1kbyte_1rw1r_32x256_8)
                  0.00    0.37   10.37 v u_regfile.u_sram_rs2/dout1[26] (sky130_sram_1kbyte_1rw1r_32x256_8)
     1    0.01                           u_regfile.rd2_sram[26] (net)
                  0.00    0.00   10.37 v u_regfile._114_/B1_N (sky130_fd_sc_hd__a21boi_2)
                  0.10    0.20   10.57 v u_regfile._114_/Y (sky130_fd_sc_hd__a21boi_2)
     4    0.04                           u_branch_unit.rs2_val[26] (net)
                  0.14    0.00   10.57 v u_dmem.u_sram/din0[26] (sky130_sram_1kbyte_1rw1r_32x256_8)
                                 10.57   data arrival time

                  0.10    0.00    0.00   clock clk (rise edge)
                          0.00    0.00   clock network delay (ideal)
                          0.20    0.20   clock uncertainty
                          0.00    0.20   clock reconvergence pessimism
                                  0.20 ^ u_dmem.u_sram/clk0 (sky130_sram_1kbyte_1rw1r_32x256_8)
                         -0.06    0.14   library hold time
                                  0.14   data required time
-----------------------------------------------------------------------------
                                  0.14   data required time
                                -10.57   data arrival time
-----------------------------------------------------------------------------
                                 10.43   slack (MET)


Startpoint: u_regfile.u_sram_rs2
            (falling edge-triggered flip-flop clocked by clk)
Endpoint: u_dmem.u_sram (falling edge-triggered flip-flop clocked by clk)
Path Group: clk
Path Type: min

Fanout     Cap    Slew   Delay    Time   Description
-----------------------------------------------------------------------------
                  0.10   10.00   10.00   clock clk (fall edge)
                          0.00   10.00   clock network delay (ideal)
                  0.10    0.00   10.00 v u_regfile.u_sram_rs2/clk1 (sky130_sram_1kbyte_1rw1r_32x256_8)
                  0.00    0.35   10.35 v u_regfile.u_sram_rs2/dout1[20] (sky130_sram_1kbyte_1rw1r_32x256_8)
     1    0.00                           u_regfile.rd2_sram[20] (net)
                  0.00    0.00   10.35 v u_regfile._108_/B1_N (sky130_fd_sc_hd__a21boi_2)
                  0.12    0.22   10.57 v u_regfile._108_/Y (sky130_fd_sc_hd__a21boi_2)
     4    0.05                           u_branch_unit.rs2_val[20] (net)
                  0.16    0.00   10.58 v u_dmem.u_sram/din0[20] (sky130_sram_1kbyte_1rw1r_32x256_8)
                                 10.58   data arrival time

                  0.10    0.00    0.00   clock clk (rise edge)
                          0.00    0.00   clock network delay (ideal)
                          0.20    0.20   clock uncertainty
                          0.00    0.20   clock reconvergence pessimism
                                  0.20 ^ u_dmem.u_sram/clk0 (sky130_sram_1kbyte_1rw1r_32x256_8)
                         -0.06    0.14   library hold time
                                  0.14   data required time
-----------------------------------------------------------------------------
                                  0.14   data required time
                                -10.58   data arrival time
-----------------------------------------------------------------------------
                                 10.43   slack (MET)


Startpoint: u_regfile.u_sram_rs2
            (falling edge-triggered flip-flop clocked by clk)
Endpoint: u_dmem.u_sram (falling edge-triggered flip-flop clocked by clk)
Path Group: clk
Path Type: min

Fanout     Cap    Slew   Delay    Time   Description
-----------------------------------------------------------------------------
                  0.10   10.00   10.00   clock clk (fall edge)
                          0.00   10.00   clock network delay (ideal)
                  0.10    0.00   10.00 v u_regfile.u_sram_rs2/clk1 (sky130_sram_1kbyte_1rw1r_32x256_8)
                  0.00    0.36   10.36 v u_regfile.u_sram_rs2/dout1[24] (sky130_sram_1kbyte_1rw1r_32x256_8)
     1    0.01                           u_regfile.rd2_sram[24] (net)
                  0.00    0.00   10.37 v u_regfile._112_/B1_N (sky130_fd_sc_hd__a21boi_2)
                  0.11    0.21   10.57 v u_regfile._112_/Y (sky130_fd_sc_hd__a21boi_2)
     4    0.04                           u_branch_unit.rs2_val[24] (net)
                  0.15    0.00   10.58 v u_dmem.u_sram/din0[24] (sky130_sram_1kbyte_1rw1r_32x256_8)
                                 10.58   data arrival time

                  0.10    0.00    0.00   clock clk (rise edge)
                          0.00    0.00   clock network delay (ideal)
                          0.20    0.20   clock uncertainty
                          0.00    0.20   clock reconvergence pessimism
                                  0.20 ^ u_dmem.u_sram/clk0 (sky130_sram_1kbyte_1rw1r_32x256_8)
                         -0.06    0.14   library hold time
                                  0.14   data required time
-----------------------------------------------------------------------------
                                  0.14   data required time
                                -10.58   data arrival time
-----------------------------------------------------------------------------
                                 10.43   slack (MET)


Startpoint: u_regfile.u_sram_rs2
            (falling edge-triggered flip-flop clocked by clk)
Endpoint: u_dmem.u_sram (falling edge-triggered flip-flop clocked by clk)
Path Group: clk
Path Type: min

Fanout     Cap    Slew   Delay    Time   Description
-----------------------------------------------------------------------------
                  0.10   10.00   10.00   clock clk (fall edge)
                          0.00   10.00   clock network delay (ideal)
                  0.10    0.00   10.00 v u_regfile.u_sram_rs2/clk1 (sky130_sram_1kbyte_1rw1r_32x256_8)
                  0.00    0.36   10.36 v u_regfile.u_sram_rs2/dout1[0] (sky130_sram_1kbyte_1rw1r_32x256_8)
     1    0.01                           u_regfile.rd2_sram[0] (net)
                  0.00    0.00   10.36 v u_regfile._084_/B1_N (sky130_fd_sc_hd__a21boi_2)
                  0.12    0.21   10.57 v u_regfile._084_/Y (sky130_fd_sc_hd__a21boi_2)
     4    0.04                           u_branch_unit.rs2_val[0] (net)
                  0.16    0.00   10.58 v u_dmem.u_sram/din0[0] (sky130_sram_1kbyte_1rw1r_32x256_8)
                                 10.58   data arrival time

                  0.10    0.00    0.00   clock clk (rise edge)
                          0.00    0.00   clock network delay (ideal)
                          0.20    0.20   clock uncertainty
                          0.00    0.20   clock reconvergence pessimism
                                  0.20 ^ u_dmem.u_sram/clk0 (sky130_sram_1kbyte_1rw1r_32x256_8)
                         -0.06    0.14   library hold time
                                  0.14   data required time
-----------------------------------------------------------------------------
                                  0.14   data required time
                                -10.58   data arrival time
-----------------------------------------------------------------------------
                                 10.43   slack (MET)


Startpoint: u_regfile.u_sram_rs2
            (falling edge-triggered flip-flop clocked by clk)
Endpoint: u_dmem.u_sram (falling edge-triggered flip-flop clocked by clk)
Path Group: clk
Path Type: min

Fanout     Cap    Slew   Delay    Time   Description
-----------------------------------------------------------------------------
                  0.10   10.00   10.00   clock clk (fall edge)
                          0.00   10.00   clock network delay (ideal)
                  0.10    0.00   10.00 v u_regfile.u_sram_rs2/clk1 (sky130_sram_1kbyte_1rw1r_32x256_8)
                  0.00    0.36   10.36 v u_regfile.u_sram_rs2/dout1[23] (sky130_sram_1kbyte_1rw1r_32x256_8)
     1    0.01                           u_regfile.rd2_sram[23] (net)
                  0.00    0.00   10.36 v u_regfile._111_/B1_N (sky130_fd_sc_hd__a21boi_2)
                  0.12    0.21   10.58 v u_regfile._111_/Y (sky130_fd_sc_hd__a21boi_2)
     4    0.04                           u_branch_unit.rs2_val[23] (net)
                  0.15    0.00   10.58 v u_dmem.u_sram/din0[23] (sky130_sram_1kbyte_1rw1r_32x256_8)
                                 10.58   data arrival time

                  0.10    0.00    0.00   clock clk (rise edge)
                          0.00    0.00   clock network delay (ideal)
                          0.20    0.20   clock uncertainty
                          0.00    0.20   clock reconvergence pessimism
                                  0.20 ^ u_dmem.u_sram/clk0 (sky130_sram_1kbyte_1rw1r_32x256_8)
                         -0.06    0.14   library hold time
                                  0.14   data required time
-----------------------------------------------------------------------------
                                  0.14   data required time
                                -10.58   data arrival time
-----------------------------------------------------------------------------
                                 10.43   slack (MET)


Startpoint: u_regfile.u_sram_rs2
            (falling edge-triggered flip-flop clocked by clk)
Endpoint: u_dmem.u_sram (falling edge-triggered flip-flop clocked by clk)
Path Group: clk
Path Type: min

Fanout     Cap    Slew   Delay    Time   Description
-----------------------------------------------------------------------------
                  0.10   10.00   10.00   clock clk (fall edge)
                          0.00   10.00   clock network delay (ideal)
                  0.10    0.00   10.00 v u_regfile.u_sram_rs2/clk1 (sky130_sram_1kbyte_1rw1r_32x256_8)
                  0.00    0.36   10.36 v u_regfile.u_sram_rs2/dout1[1] (sky130_sram_1kbyte_1rw1r_32x256_8)
     1    0.01                           u_regfile.rd2_sram[1] (net)
                  0.00    0.00   10.36 v u_regfile._085_/B1_N (sky130_fd_sc_hd__a21boi_2)
                  0.12    0.21   10.58 v u_regfile._085_/Y (sky130_fd_sc_hd__a21boi_2)
     4    0.04                           u_branch_unit.rs2_val[1] (net)
                  0.16    0.00   10.58 v u_dmem.u_sram/din0[1] (sky130_sram_1kbyte_1rw1r_32x256_8)
                                 10.58   data arrival time

                  0.10    0.00    0.00   clock clk (rise edge)
                          0.00    0.00   clock network delay (ideal)
                          0.20    0.20   clock uncertainty
                          0.00    0.20   clock reconvergence pessimism
                                  0.20 ^ u_dmem.u_sram/clk0 (sky130_sram_1kbyte_1rw1r_32x256_8)
                         -0.06    0.14   library hold time
                                  0.14   data required time
-----------------------------------------------------------------------------
                                  0.14   data required time
                                -10.58   data arrival time
-----------------------------------------------------------------------------
                                 10.43   slack (MET)


Startpoint: u_regfile.u_sram_rs2
            (falling edge-triggered flip-flop clocked by clk)
Endpoint: u_dmem.u_sram (falling edge-triggered flip-flop clocked by clk)
Path Group: clk
Path Type: min

Fanout     Cap    Slew   Delay    Time   Description
-----------------------------------------------------------------------------
                  0.10   10.00   10.00   clock clk (fall edge)
                          0.00   10.00   clock network delay (ideal)
                  0.10    0.00   10.00 v u_regfile.u_sram_rs2/clk1 (sky130_sram_1kbyte_1rw1r_32x256_8)
                  0.00    0.36   10.36 v u_regfile.u_sram_rs2/dout1[18] (sky130_sram_1kbyte_1rw1r_32x256_8)
     1    0.01                           u_regfile.rd2_sram[18] (net)
                  0.00    0.00   10.36 v u_regfile._105_/B1_N (sky130_fd_sc_hd__a21boi_2)
                  0.13    0.22   10.58 v u_regfile._105_/Y (sky130_fd_sc_hd__a21boi_2)
     4    0.05                           u_branch_unit.rs2_val[18] (net)
                  0.17    0.00   10.58 v u_dmem.u_sram/din0[18] (sky130_sram_1kbyte_1rw1r_32x256_8)
                                 10.58   data arrival time

                  0.10    0.00    0.00   clock clk (rise edge)
                          0.00    0.00   clock network delay (ideal)
                          0.20    0.20   clock uncertainty
                          0.00    0.20   clock reconvergence pessimism
                                  0.20 ^ u_dmem.u_sram/clk0 (sky130_sram_1kbyte_1rw1r_32x256_8)
                         -0.06    0.14   library hold time
                                  0.14   data required time
-----------------------------------------------------------------------------
                                  0.14   data required time
                                -10.58   data arrival time
-----------------------------------------------------------------------------
                                 10.44   slack (MET)


Startpoint: u_regfile.u_sram_rs2
            (falling edge-triggered flip-flop clocked by clk)
Endpoint: u_dmem.u_sram (falling edge-triggered flip-flop clocked by clk)
Path Group: clk
Path Type: min

Fanout     Cap    Slew   Delay    Time   Description
-----------------------------------------------------------------------------
                  0.10   10.00   10.00   clock clk (fall edge)
                          0.00   10.00   clock network delay (ideal)
                  0.10    0.00   10.00 v u_regfile.u_sram_rs2/clk1 (sky130_sram_1kbyte_1rw1r_32x256_8)
                  0.00    0.37   10.37 v u_regfile.u_sram_rs2/dout1[29] (sky130_sram_1kbyte_1rw1r_32x256_8)
     1    0.01                           u_regfile.rd2_sram[29] (net)
                  0.00    0.00   10.37 v u_regfile._117_/B1_N (sky130_fd_sc_hd__a21boi_2)
                  0.11    0.21   10.58 v u_regfile._117_/Y (sky130_fd_sc_hd__a21boi_2)
     4    0.04                           u_branch_unit.rs2_val[29] (net)
                  0.15    0.00   10.58 v u_dmem.u_sram/din0[29] (sky130_sram_1kbyte_1rw1r_32x256_8)
                                 10.58   data arrival time

                  0.10    0.00    0.00   clock clk (rise edge)
                          0.00    0.00   clock network delay (ideal)
                          0.20    0.20   clock uncertainty
                          0.00    0.20   clock reconvergence pessimism
                                  0.20 ^ u_dmem.u_sram/clk0 (sky130_sram_1kbyte_1rw1r_32x256_8)
                         -0.06    0.14   library hold time
                                  0.14   data required time
-----------------------------------------------------------------------------
                                  0.14   data required time
                                -10.58   data arrival time
-----------------------------------------------------------------------------
                                 10.44   slack (MET)


Startpoint: u_regfile.u_sram_rs2
            (falling edge-triggered flip-flop clocked by clk)
Endpoint: u_dmem.u_sram (falling edge-triggered flip-flop clocked by clk)
Path Group: clk
Path Type: min

Fanout     Cap    Slew   Delay    Time   Description
-----------------------------------------------------------------------------
                  0.10   10.00   10.00   clock clk (fall edge)
                          0.00   10.00   clock network delay (ideal)
                  0.10    0.00   10.00 v u_regfile.u_sram_rs2/clk1 (sky130_sram_1kbyte_1rw1r_32x256_8)
                  0.00    0.37   10.37 v u_regfile.u_sram_rs2/dout1[2] (sky130_sram_1kbyte_1rw1r_32x256_8)
     1    0.01                           u_regfile.rd2_sram[2] (net)
                  0.00    0.00   10.37 v u_regfile._086_/B1_N (sky130_fd_sc_hd__a21boi_2)
                  0.12    0.22   10.58 v u_regfile._086_/Y (sky130_fd_sc_hd__a21boi_2)
     3    0.04                           u_branch_unit.rs2_val[2] (net)
                  0.16    0.00   10.58 v u_dmem.u_sram/din0[2] (sky130_sram_1kbyte_1rw1r_32x256_8)
                                 10.58   data arrival time

                  0.10    0.00    0.00   clock clk (rise edge)
                          0.00    0.00   clock network delay (ideal)
                          0.20    0.20   clock uncertainty
                          0.00    0.20   clock reconvergence pessimism
                                  0.20 ^ u_dmem.u_sram/clk0 (sky130_sram_1kbyte_1rw1r_32x256_8)
                         -0.06    0.14   library hold time
                                  0.14   data required time
-----------------------------------------------------------------------------
                                  0.14   data required time
                                -10.58   data arrival time
-----------------------------------------------------------------------------
                                 10.44   slack (MET)


Startpoint: u_regfile.u_sram_rs2
            (falling edge-triggered flip-flop clocked by clk)
Endpoint: u_dmem.u_sram (falling edge-triggered flip-flop clocked by clk)
Path Group: clk
Path Type: min

Fanout     Cap    Slew   Delay    Time   Description
-----------------------------------------------------------------------------
                  0.10   10.00   10.00   clock clk (fall edge)
                          0.00   10.00   clock network delay (ideal)
                  0.10    0.00   10.00 v u_regfile.u_sram_rs2/clk1 (sky130_sram_1kbyte_1rw1r_32x256_8)
                  0.00    0.37   10.37 v u_regfile.u_sram_rs2/dout1[28] (sky130_sram_1kbyte_1rw1r_32x256_8)
     1    0.01                           u_regfile.rd2_sram[28] (net)
                  0.00    0.00   10.37 v u_regfile._116_/B1_N (sky130_fd_sc_hd__a21boi_2)
                  0.12    0.22   10.58 v u_regfile._116_/Y (sky130_fd_sc_hd__a21boi_2)
     4    0.04                           u_branch_unit.rs2_val[28] (net)
                  0.16    0.00   10.58 v u_dmem.u_sram/din0[28] (sky130_sram_1kbyte_1rw1r_32x256_8)
                                 10.58   data arrival time

                  0.10    0.00    0.00   clock clk (rise edge)
                          0.00    0.00   clock network delay (ideal)
                          0.20    0.20   clock uncertainty
                          0.00    0.20   clock reconvergence pessimism
                                  0.20 ^ u_dmem.u_sram/clk0 (sky130_sram_1kbyte_1rw1r_32x256_8)
                         -0.06    0.14   library hold time
                                  0.14   data required time
-----------------------------------------------------------------------------
                                  0.14   data required time
                                -10.58   data arrival time
-----------------------------------------------------------------------------
                                 10.44   slack (MET)


Startpoint: u_regfile.u_sram_rs2
            (falling edge-triggered flip-flop clocked by clk)
Endpoint: u_dmem.u_sram (falling edge-triggered flip-flop clocked by clk)
Path Group: clk
Path Type: min

Fanout     Cap    Slew   Delay    Time   Description
-----------------------------------------------------------------------------
                  0.10   10.00   10.00   clock clk (fall edge)
                          0.00   10.00   clock network delay (ideal)
                  0.10    0.00   10.00 v u_regfile.u_sram_rs2/clk1 (sky130_sram_1kbyte_1rw1r_32x256_8)
                  0.01    0.37   10.37 v u_regfile.u_sram_rs2/dout1[3] (sky130_sram_1kbyte_1rw1r_32x256_8)
     1    0.01                           u_regfile.rd2_sram[3] (net)
                  0.00    0.00   10.37 v u_regfile._087_/B1_N (sky130_fd_sc_hd__a21boi_2)
                  0.12    0.22   10.58 v u_regfile._087_/Y (sky130_fd_sc_hd__a21boi_2)
     3    0.04                           u_branch_unit.rs2_val[3] (net)
                  0.16    0.00   10.59 v u_dmem.u_sram/din0[3] (sky130_sram_1kbyte_1rw1r_32x256_8)
                                 10.59   data arrival time

                  0.10    0.00    0.00   clock clk (rise edge)
                          0.00    0.00   clock network delay (ideal)
                          0.20    0.20   clock uncertainty
                          0.00    0.20   clock reconvergence pessimism
                                  0.20 ^ u_dmem.u_sram/clk0 (sky130_sram_1kbyte_1rw1r_32x256_8)
                         -0.06    0.14   library hold time
                                  0.14   data required time
-----------------------------------------------------------------------------
                                  0.14   data required time
                                -10.59   data arrival time
-----------------------------------------------------------------------------
                                 10.44   slack (MET)


Startpoint: u_regfile.u_sram_rs2
            (falling edge-triggered flip-flop clocked by clk)
Endpoint: u_dmem.u_sram (falling edge-triggered flip-flop clocked by clk)
Path Group: clk
Path Type: min

Fanout     Cap    Slew   Delay    Time   Description
-----------------------------------------------------------------------------
                  0.10   10.00   10.00   clock clk (fall edge)
                          0.00   10.00   clock network delay (ideal)
                  0.10    0.00   10.00 v u_regfile.u_sram_rs2/clk1 (sky130_sram_1kbyte_1rw1r_32x256_8)
                  0.01    0.37   10.37 v u_regfile.u_sram_rs2/dout1[9] (sky130_sram_1kbyte_1rw1r_32x256_8)
     1    0.01                           u_regfile.rd2_sram[9] (net)
                  0.00    0.00   10.37 v u_regfile._094_/B1_N (sky130_fd_sc_hd__a21boi_2)
                  0.12    0.22   10.58 v u_regfile._094_/Y (sky130_fd_sc_hd__a21boi_2)
     4    0.04                           u_branch_unit.rs2_val[9] (net)
                  0.16    0.00   10.59 v u_dmem.u_sram/din0[9] (sky130_sram_1kbyte_1rw1r_32x256_8)
                                 10.59   data arrival time

                  0.10    0.00    0.00   clock clk (rise edge)
                          0.00    0.00   clock network delay (ideal)
                          0.20    0.20   clock uncertainty
                          0.00    0.20   clock reconvergence pessimism
                                  0.20 ^ u_dmem.u_sram/clk0 (sky130_sram_1kbyte_1rw1r_32x256_8)
                         -0.06    0.14   library hold time
                                  0.14   data required time
-----------------------------------------------------------------------------
                                  0.14   data required time
                                -10.59   data arrival time
-----------------------------------------------------------------------------
                                 10.44   slack (MET)


Startpoint: u_regfile.u_sram_rs2
            (falling edge-triggered flip-flop clocked by clk)
Endpoint: u_dmem.u_sram (falling edge-triggered flip-flop clocked by clk)
Path Group: clk
Path Type: min

Fanout     Cap    Slew   Delay    Time   Description
-----------------------------------------------------------------------------
                  0.10   10.00   10.00   clock clk (fall edge)
                          0.00   10.00   clock network delay (ideal)
                  0.10    0.00   10.00 v u_regfile.u_sram_rs2/clk1 (sky130_sram_1kbyte_1rw1r_32x256_8)
                  0.01    0.37   10.37 v u_regfile.u_sram_rs2/dout1[10] (sky130_sram_1kbyte_1rw1r_32x256_8)
     1    0.01                           u_regfile.rd2_sram[10] (net)
                  0.00    0.00   10.37 v u_regfile._096_/B1_N (sky130_fd_sc_hd__a21boi_2)
                  0.12    0.22   10.59 v u_regfile._096_/Y (sky130_fd_sc_hd__a21boi_2)
     4    0.04                           u_branch_unit.rs2_val[10] (net)
                  0.16    0.00   10.59 v u_dmem.u_sram/din0[10] (sky130_sram_1kbyte_1rw1r_32x256_8)
                                 10.59   data arrival time

                  0.10    0.00    0.00   clock clk (rise edge)
                          0.00    0.00   clock network delay (ideal)
                          0.20    0.20   clock uncertainty
                          0.00    0.20   clock reconvergence pessimism
                                  0.20 ^ u_dmem.u_sram/clk0 (sky130_sram_1kbyte_1rw1r_32x256_8)
                         -0.06    0.14   library hold time
                                  0.14   data required time
-----------------------------------------------------------------------------
                                  0.14   data required time
                                -10.59   data arrival time
-----------------------------------------------------------------------------
                                 10.44   slack (MET)


Startpoint: u_regfile.u_sram_rs2
            (falling edge-triggered flip-flop clocked by clk)
Endpoint: u_dmem.u_sram (falling edge-triggered flip-flop clocked by clk)
Path Group: clk
Path Type: min

Fanout     Cap    Slew   Delay    Time   Description
-----------------------------------------------------------------------------
                  0.10   10.00   10.00   clock clk (fall edge)
                          0.00   10.00   clock network delay (ideal)
                  0.10    0.00   10.00 v u_regfile.u_sram_rs2/clk1 (sky130_sram_1kbyte_1rw1r_32x256_8)
                  0.00    0.36   10.36 v u_regfile.u_sram_rs2/dout1[19] (sky130_sram_1kbyte_1rw1r_32x256_8)
     1    0.01                           u_regfile.rd2_sram[19] (net)
                  0.00    0.00   10.36 v u_regfile._106_/B1_N (sky130_fd_sc_hd__a21boi_2)
                  0.13    0.23   10.59 v u_regfile._106_/Y (sky130_fd_sc_hd__a21boi_2)
     4    0.05                           u_branch_unit.rs2_val[19] (net)
                  0.17    0.00   10.59 v u_dmem.u_sram/din0[19] (sky130_sram_1kbyte_1rw1r_32x256_8)
                                 10.59   data arrival time

                  0.10    0.00    0.00   clock clk (rise edge)
                          0.00    0.00   clock network delay (ideal)
                          0.20    0.20   clock uncertainty
                          0.00    0.20   clock reconvergence pessimism
                                  0.20 ^ u_dmem.u_sram/clk0 (sky130_sram_1kbyte_1rw1r_32x256_8)
                         -0.06    0.14   library hold time
                                  0.14   data required time
-----------------------------------------------------------------------------
                                  0.14   data required time
                                -10.59   data arrival time
-----------------------------------------------------------------------------
                                 10.44   slack (MET)


Startpoint: u_regfile.u_sram_rs2
            (falling edge-triggered flip-flop clocked by clk)
Endpoint: u_dmem.u_sram (falling edge-triggered flip-flop clocked by clk)
Path Group: clk
Path Type: min

Fanout     Cap    Slew   Delay    Time   Description
-----------------------------------------------------------------------------
                  0.10   10.00   10.00   clock clk (fall edge)
                          0.00   10.00   clock network delay (ideal)
                  0.10    0.00   10.00 v u_regfile.u_sram_rs2/clk1 (sky130_sram_1kbyte_1rw1r_32x256_8)
                  0.00    0.37   10.37 v u_regfile.u_sram_rs2/dout1[12] (sky130_sram_1kbyte_1rw1r_32x256_8)
     1    0.01                           u_regfile.rd2_sram[12] (net)
                  0.00    0.00   10.37 v u_regfile._098_/B1_N (sky130_fd_sc_hd__a21boi_2)
                  0.12    0.22   10.59 v u_regfile._098_/Y (sky130_fd_sc_hd__a21boi_2)
     4    0.05                           u_branch_unit.rs2_val[12] (net)
                  0.16    0.00   10.59 v u_dmem.u_sram/din0[12] (sky130_sram_1kbyte_1rw1r_32x256_8)
                                 10.59   data arrival time

                  0.10    0.00    0.00   clock clk (rise edge)
                          0.00    0.00   clock network delay (ideal)
                          0.20    0.20   clock uncertainty
                          0.00    0.20   clock reconvergence pessimism
                                  0.20 ^ u_dmem.u_sram/clk0 (sky130_sram_1kbyte_1rw1r_32x256_8)
                         -0.06    0.14   library hold time
                                  0.14   data required time
-----------------------------------------------------------------------------
                                  0.14   data required time
                                -10.59   data arrival time
-----------------------------------------------------------------------------
                                 10.44   slack (MET)


Startpoint: u_regfile.u_sram_rs2
            (falling edge-triggered flip-flop clocked by clk)
Endpoint: u_dmem.u_sram (falling edge-triggered flip-flop clocked by clk)
Path Group: clk
Path Type: min

Fanout     Cap    Slew   Delay    Time   Description
-----------------------------------------------------------------------------
                  0.10   10.00   10.00   clock clk (fall edge)
                          0.00   10.00   clock network delay (ideal)
                  0.10    0.00   10.00 v u_regfile.u_sram_rs2/clk1 (sky130_sram_1kbyte_1rw1r_32x256_8)
                  0.01    0.37   10.37 v u_regfile.u_sram_rs2/dout1[13] (sky130_sram_1kbyte_1rw1r_32x256_8)
     1    0.01                           u_regfile.rd2_sram[13] (net)
                  0.00    0.00   10.37 v u_regfile._099_/B1_N (sky130_fd_sc_hd__a21boi_2)
                  0.12    0.22   10.59 v u_regfile._099_/Y (sky130_fd_sc_hd__a21boi_2)
     3    0.04                           u_branch_unit.rs2_val[13] (net)
                  0.16    0.00   10.59 v u_dmem.u_sram/din0[13] (sky130_sram_1kbyte_1rw1r_32x256_8)
                                 10.59   data arrival time

                  0.10    0.00    0.00   clock clk (rise edge)
                          0.00    0.00   clock network delay (ideal)
                          0.20    0.20   clock uncertainty
                          0.00    0.20   clock reconvergence pessimism
                                  0.20 ^ u_dmem.u_sram/clk0 (sky130_sram_1kbyte_1rw1r_32x256_8)
                         -0.06    0.14   library hold time
                                  0.14   data required time
-----------------------------------------------------------------------------
                                  0.14   data required time
                                -10.59   data arrival time
-----------------------------------------------------------------------------
                                 10.44   slack (MET)


Startpoint: u_regfile.u_sram_rs2
            (falling edge-triggered flip-flop clocked by clk)
Endpoint: u_dmem.u_sram (falling edge-triggered flip-flop clocked by clk)
Path Group: clk
Path Type: min

Fanout     Cap    Slew   Delay    Time   Description
-----------------------------------------------------------------------------
                  0.10   10.00   10.00   clock clk (fall edge)
                          0.00   10.00   clock network delay (ideal)
                  0.10    0.00   10.00 v u_regfile.u_sram_rs2/clk1 (sky130_sram_1kbyte_1rw1r_32x256_8)
                  0.01    0.37   10.37 v u_regfile.u_sram_rs2/dout1[11] (sky130_sram_1kbyte_1rw1r_32x256_8)
     1    0.01                           u_regfile.rd2_sram[11] (net)
                  0.00    0.00   10.37 v u_regfile._097_/B1_N (sky130_fd_sc_hd__a21boi_2)
                  0.12    0.22   10.59 v u_regfile._097_/Y (sky130_fd_sc_hd__a21boi_2)
     4    0.05                           u_branch_unit.rs2_val[11] (net)
                  0.16    0.00   10.59 v u_dmem.u_sram/din0[11] (sky130_sram_1kbyte_1rw1r_32x256_8)
                                 10.59   data arrival time

                  0.10    0.00    0.00   clock clk (rise edge)
                          0.00    0.00   clock network delay (ideal)
                          0.20    0.20   clock uncertainty
                          0.00    0.20   clock reconvergence pessimism
                                  0.20 ^ u_dmem.u_sram/clk0 (sky130_sram_1kbyte_1rw1r_32x256_8)
                         -0.06    0.14   library hold time
                                  0.14   data required time
-----------------------------------------------------------------------------
                                  0.14   data required time
                                -10.59   data arrival time
-----------------------------------------------------------------------------
                                 10.45   slack (MET)


Startpoint: u_regfile.u_sram_rs2
            (falling edge-triggered flip-flop clocked by clk)
Endpoint: u_dmem.u_sram (falling edge-triggered flip-flop clocked by clk)
Path Group: clk
Path Type: min

Fanout     Cap    Slew   Delay    Time   Description
-----------------------------------------------------------------------------
                  0.10   10.00   10.00   clock clk (fall edge)
                          0.00   10.00   clock network delay (ideal)
                  0.10    0.00   10.00 v u_regfile.u_sram_rs2/clk1 (sky130_sram_1kbyte_1rw1r_32x256_8)
                  0.01    0.37   10.37 v u_regfile.u_sram_rs2/dout1[14] (sky130_sram_1kbyte_1rw1r_32x256_8)
     1    0.01                           u_regfile.rd2_sram[14] (net)
                  0.00    0.00   10.37 v u_regfile._100_/B1_N (sky130_fd_sc_hd__a21boi_2)
                  0.12    0.22   10.59 v u_regfile._100_/Y (sky130_fd_sc_hd__a21boi_2)
     3    0.04                           u_branch_unit.rs2_val[14] (net)
                  0.16    0.00   10.59 v u_dmem.u_sram/din0[14] (sky130_sram_1kbyte_1rw1r_32x256_8)
                                 10.59   data arrival time

                  0.10    0.00    0.00   clock clk (rise edge)
                          0.00    0.00   clock network delay (ideal)
                          0.20    0.20   clock uncertainty
                          0.00    0.20   clock reconvergence pessimism
                                  0.20 ^ u_dmem.u_sram/clk0 (sky130_sram_1kbyte_1rw1r_32x256_8)
                         -0.06    0.14   library hold time
                                  0.14   data required time
-----------------------------------------------------------------------------
                                  0.14   data required time
                                -10.59   data arrival time
-----------------------------------------------------------------------------
                                 10.45   slack (MET)


Startpoint: u_regfile.u_sram_rs2
            (falling edge-triggered flip-flop clocked by clk)
Endpoint: u_dmem.u_sram (falling edge-triggered flip-flop clocked by clk)
Path Group: clk
Path Type: min

Fanout     Cap    Slew   Delay    Time   Description
-----------------------------------------------------------------------------
                  0.10   10.00   10.00   clock clk (fall edge)
                          0.00   10.00   clock network delay (ideal)
                  0.10    0.00   10.00 v u_regfile.u_sram_rs2/clk1 (sky130_sram_1kbyte_1rw1r_32x256_8)
                  0.01    0.37   10.37 v u_regfile.u_sram_rs2/dout1[17] (sky130_sram_1kbyte_1rw1r_32x256_8)
     1    0.01                           u_regfile.rd2_sram[17] (net)
                  0.00    0.00   10.37 v u_regfile._103_/B1_N (sky130_fd_sc_hd__a21boi_2)
                  0.12    0.22   10.59 v u_regfile._103_/Y (sky130_fd_sc_hd__a21boi_2)
     4    0.04                           u_branch_unit.rs2_val[17] (net)
                  0.16    0.00   10.59 v u_dmem.u_sram/din0[17] (sky130_sram_1kbyte_1rw1r_32x256_8)
                                 10.59   data arrival time

                  0.10    0.00    0.00   clock clk (rise edge)
                          0.00    0.00   clock network delay (ideal)
                          0.20    0.20   clock uncertainty
                          0.00    0.20   clock reconvergence pessimism
                                  0.20 ^ u_dmem.u_sram/clk0 (sky130_sram_1kbyte_1rw1r_32x256_8)
                         -0.06    0.14   library hold time
                                  0.14   data required time
-----------------------------------------------------------------------------
                                  0.14   data required time
                                -10.59   data arrival time
-----------------------------------------------------------------------------
                                 10.45   slack (MET)


Startpoint: u_regfile.u_sram_rs2
            (falling edge-triggered flip-flop clocked by clk)
Endpoint: u_dmem.u_sram (falling edge-triggered flip-flop clocked by clk)
Path Group: clk
Path Type: min

Fanout     Cap    Slew   Delay    Time   Description
-----------------------------------------------------------------------------
                  0.10   10.00   10.00   clock clk (fall edge)
                          0.00   10.00   clock network delay (ideal)
                  0.10    0.00   10.00 v u_regfile.u_sram_rs2/clk1 (sky130_sram_1kbyte_1rw1r_32x256_8)
                  0.01    0.37   10.37 v u_regfile.u_sram_rs2/dout1[16] (sky130_sram_1kbyte_1rw1r_32x256_8)
     1    0.01                           u_regfile.rd2_sram[16] (net)
                  0.00    0.00   10.37 v u_regfile._102_/B1_N (sky130_fd_sc_hd__a21boi_2)
                  0.12    0.22   10.59 v u_regfile._102_/Y (sky130_fd_sc_hd__a21boi_2)
     4    0.05                           u_branch_unit.rs2_val[16] (net)
                  0.16    0.00   10.59 v u_dmem.u_sram/din0[16] (sky130_sram_1kbyte_1rw1r_32x256_8)
                                 10.59   data arrival time

                  0.10    0.00    0.00   clock clk (rise edge)
                          0.00    0.00   clock network delay (ideal)
                          0.20    0.20   clock uncertainty
                          0.00    0.20   clock reconvergence pessimism
                                  0.20 ^ u_dmem.u_sram/clk0 (sky130_sram_1kbyte_1rw1r_32x256_8)
                         -0.06    0.14   library hold time
                                  0.14   data required time
-----------------------------------------------------------------------------
                                  0.14   data required time
                                -10.59   data arrival time
-----------------------------------------------------------------------------
                                 10.45   slack (MET)


Startpoint: u_regfile.u_sram_rs2
            (falling edge-triggered flip-flop clocked by clk)
Endpoint: u_dmem.u_sram (falling edge-triggered flip-flop clocked by clk)
Path Group: clk
Path Type: min

Fanout     Cap    Slew   Delay    Time   Description
-----------------------------------------------------------------------------
                  0.10   10.00   10.00   clock clk (fall edge)
                          0.00   10.00   clock network delay (ideal)
                  0.10    0.00   10.00 v u_regfile.u_sram_rs2/clk1 (sky130_sram_1kbyte_1rw1r_32x256_8)
                  0.01    0.38   10.38 v u_regfile.u_sram_rs2/dout1[8] (sky130_sram_1kbyte_1rw1r_32x256_8)
     1    0.01                           u_regfile.rd2_sram[8] (net)
                  0.00    0.00   10.38 v u_regfile._092_/B1_N (sky130_fd_sc_hd__a21boi_2)
                  0.12    0.22   10.59 v u_regfile._092_/Y (sky130_fd_sc_hd__a21boi_2)
     4    0.04                           u_branch_unit.rs2_val[8] (net)
                  0.16    0.00   10.60 v u_dmem.u_sram/din0[8] (sky130_sram_1kbyte_1rw1r_32x256_8)
                                 10.60   data arrival time

                  0.10    0.00    0.00   clock clk (rise edge)
                          0.00    0.00   clock network delay (ideal)
                          0.20    0.20   clock uncertainty
                          0.00    0.20   clock reconvergence pessimism
                                  0.20 ^ u_dmem.u_sram/clk0 (sky130_sram_1kbyte_1rw1r_32x256_8)
                         -0.06    0.14   library hold time
                                  0.14   data required time
-----------------------------------------------------------------------------
                                  0.14   data required time
                                -10.60   data arrival time
-----------------------------------------------------------------------------
                                 10.45   slack (MET)


Startpoint: u_regfile.u_sram_rs2
            (falling edge-triggered flip-flop clocked by clk)
Endpoint: u_dmem.u_sram (falling edge-triggered flip-flop clocked by clk)
Path Group: clk
Path Type: min

Fanout     Cap    Slew   Delay    Time   Description
-----------------------------------------------------------------------------
                  0.10   10.00   10.00   clock clk (fall edge)
                          0.00   10.00   clock network delay (ideal)
                  0.10    0.00   10.00 v u_regfile.u_sram_rs2/clk1 (sky130_sram_1kbyte_1rw1r_32x256_8)
                  0.01    0.37   10.37 v u_regfile.u_sram_rs2/dout1[15] (sky130_sram_1kbyte_1rw1r_32x256_8)
     1    0.01                           u_regfile.rd2_sram[15] (net)
                  0.00    0.00   10.38 v u_regfile._101_/B1_N (sky130_fd_sc_hd__a21boi_2)
                  0.12    0.22   10.59 v u_regfile._101_/Y (sky130_fd_sc_hd__a21boi_2)
     4    0.05                           u_branch_unit.rs2_val[15] (net)
                  0.16    0.00   10.60 v u_dmem.u_sram/din0[15] (sky130_sram_1kbyte_1rw1r_32x256_8)
                                 10.60   data arrival time

                  0.10    0.00    0.00   clock clk (rise edge)
                          0.00    0.00   clock network delay (ideal)
                          0.20    0.20   clock uncertainty
                          0.00    0.20   clock reconvergence pessimism
                                  0.20 ^ u_dmem.u_sram/clk0 (sky130_sram_1kbyte_1rw1r_32x256_8)
                         -0.06    0.14   library hold time
                                  0.14   data required time
-----------------------------------------------------------------------------
                                  0.14   data required time
                                -10.60   data arrival time
-----------------------------------------------------------------------------
                                 10.45   slack (MET)


Startpoint: u_regfile.u_sram_rs2
            (falling edge-triggered flip-flop clocked by clk)
Endpoint: u_dmem.u_sram (falling edge-triggered flip-flop clocked by clk)
Path Group: clk
Path Type: min

Fanout     Cap    Slew   Delay    Time   Description
-----------------------------------------------------------------------------
                  0.10   10.00   10.00   clock clk (fall edge)
                          0.00   10.00   clock network delay (ideal)
                  0.10    0.00   10.00 v u_regfile.u_sram_rs2/clk1 (sky130_sram_1kbyte_1rw1r_32x256_8)
                  0.01    0.37   10.37 v u_regfile.u_sram_rs2/dout1[4] (sky130_sram_1kbyte_1rw1r_32x256_8)
     1    0.01                           u_regfile.rd2_sram[4] (net)
                  0.00    0.00   10.37 v u_regfile._088_/B1_N (sky130_fd_sc_hd__a21boi_2)
                  0.13    0.22   10.60 v u_regfile._088_/Y (sky130_fd_sc_hd__a21boi_2)
     4    0.05                           u_branch_unit.rs2_val[4] (net)
                  0.17    0.00   10.60 v u_dmem.u_sram/din0[4] (sky130_sram_1kbyte_1rw1r_32x256_8)
                                 10.60   data arrival time

                  0.10    0.00    0.00   clock clk (rise edge)
                          0.00    0.00   clock network delay (ideal)
                          0.20    0.20   clock uncertainty
                          0.00    0.20   clock reconvergence pessimism
                                  0.20 ^ u_dmem.u_sram/clk0 (sky130_sram_1kbyte_1rw1r_32x256_8)
                         -0.06    0.14   library hold time
                                  0.14   data required time
-----------------------------------------------------------------------------
                                  0.14   data required time
                                -10.60   data arrival time
-----------------------------------------------------------------------------
                                 10.45   slack (MET)


Startpoint: u_regfile.u_sram_rs2
            (falling edge-triggered flip-flop clocked by clk)
Endpoint: u_dmem.u_sram (falling edge-triggered flip-flop clocked by clk)
Path Group: clk
Path Type: min

Fanout     Cap    Slew   Delay    Time   Description
-----------------------------------------------------------------------------
                  0.10   10.00   10.00   clock clk (fall edge)
                          0.00   10.00   clock network delay (ideal)
                  0.10    0.00   10.00 v u_regfile.u_sram_rs2/clk1 (sky130_sram_1kbyte_1rw1r_32x256_8)
                  0.01    0.37   10.37 v u_regfile.u_sram_rs2/dout1[30] (sky130_sram_1kbyte_1rw1r_32x256_8)
     1    0.01                           u_regfile.rd2_sram[30] (net)
                  0.00    0.00   10.37 v u_regfile._118_/B1_N (sky130_fd_sc_hd__a21boi_2)
                  0.13    0.23   10.60 v u_regfile._118_/Y (sky130_fd_sc_hd__a21boi_2)
     4    0.05                           u_branch_unit.rs2_val[30] (net)
                  0.17    0.00   10.60 v u_dmem.u_sram/din0[30] (sky130_sram_1kbyte_1rw1r_32x256_8)
                                 10.60   data arrival time

                  0.10    0.00    0.00   clock clk (rise edge)
                          0.00    0.00   clock network delay (ideal)
                          0.20    0.20   clock uncertainty
                          0.00    0.20   clock reconvergence pessimism
                                  0.20 ^ u_dmem.u_sram/clk0 (sky130_sram_1kbyte_1rw1r_32x256_8)
                         -0.06    0.14   library hold time
                                  0.14   data required time
-----------------------------------------------------------------------------
                                  0.14   data required time
                                -10.60   data arrival time
-----------------------------------------------------------------------------
                                 10.45   slack (MET)


Startpoint: u_regfile.u_sram_rs2
            (falling edge-triggered flip-flop clocked by clk)
Endpoint: u_dmem.u_sram (falling edge-triggered flip-flop clocked by clk)
Path Group: clk
Path Type: min

Fanout     Cap    Slew   Delay    Time   Description
-----------------------------------------------------------------------------
                  0.10   10.00   10.00   clock clk (fall edge)
                          0.00   10.00   clock network delay (ideal)
                  0.10    0.00   10.00 v u_regfile.u_sram_rs2/clk1 (sky130_sram_1kbyte_1rw1r_32x256_8)
                  0.01    0.37   10.37 v u_regfile.u_sram_rs2/dout1[5] (sky130_sram_1kbyte_1rw1r_32x256_8)
     1    0.01                           u_regfile.rd2_sram[5] (net)
                  0.00    0.00   10.37 v u_regfile._089_/B1_N (sky130_fd_sc_hd__a21boi_2)
                  0.13    0.22   10.60 v u_regfile._089_/Y (sky130_fd_sc_hd__a21boi_2)
     4    0.05                           u_branch_unit.rs2_val[5] (net)
                  0.17    0.00   10.60 v u_dmem.u_sram/din0[5] (sky130_sram_1kbyte_1rw1r_32x256_8)
                                 10.60   data arrival time

                  0.10    0.00    0.00   clock clk (rise edge)
                          0.00    0.00   clock network delay (ideal)
                          0.20    0.20   clock uncertainty
                          0.00    0.20   clock reconvergence pessimism
                                  0.20 ^ u_dmem.u_sram/clk0 (sky130_sram_1kbyte_1rw1r_32x256_8)
                         -0.06    0.14   library hold time
                                  0.14   data required time
-----------------------------------------------------------------------------
                                  0.14   data required time
                                -10.60   data arrival time
-----------------------------------------------------------------------------
                                 10.45   slack (MET)


Startpoint: u_regfile.u_sram_rs2
            (falling edge-triggered flip-flop clocked by clk)
Endpoint: u_dmem.u_sram (falling edge-triggered flip-flop clocked by clk)
Path Group: clk
Path Type: min

Fanout     Cap    Slew   Delay    Time   Description
-----------------------------------------------------------------------------
                  0.10   10.00   10.00   clock clk (fall edge)
                          0.00   10.00   clock network delay (ideal)
                  0.10    0.00   10.00 v u_regfile.u_sram_rs2/clk1 (sky130_sram_1kbyte_1rw1r_32x256_8)
                  0.01    0.37   10.37 v u_regfile.u_sram_rs2/dout1[7] (sky130_sram_1kbyte_1rw1r_32x256_8)
     1    0.01                           u_regfile.rd2_sram[7] (net)
                  0.00    0.00   10.37 v u_regfile._091_/B1_N (sky130_fd_sc_hd__a21boi_2)
                  0.13    0.22   10.60 v u_regfile._091_/Y (sky130_fd_sc_hd__a21boi_2)
     4    0.05                           u_branch_unit.rs2_val[7] (net)
                  0.17    0.00   10.60 v u_dmem.u_sram/din0[7] (sky130_sram_1kbyte_1rw1r_32x256_8)
                                 10.60   data arrival time

                  0.10    0.00    0.00   clock clk (rise edge)
                          0.00    0.00   clock network delay (ideal)
                          0.20    0.20   clock uncertainty
                          0.00    0.20   clock reconvergence pessimism
                                  0.20 ^ u_dmem.u_sram/clk0 (sky130_sram_1kbyte_1rw1r_32x256_8)
                         -0.06    0.14   library hold time
                                  0.14   data required time
-----------------------------------------------------------------------------
                                  0.14   data required time
                                -10.60   data arrival time
-----------------------------------------------------------------------------
                                 10.46   slack (MET)


Startpoint: u_regfile.u_sram_rs2
            (falling edge-triggered flip-flop clocked by clk)
Endpoint: u_dmem.u_sram (falling edge-triggered flip-flop clocked by clk)
Path Group: clk
Path Type: min

Fanout     Cap    Slew   Delay    Time   Description
-----------------------------------------------------------------------------
                  0.10   10.00   10.00   clock clk (fall edge)
                          0.00   10.00   clock network delay (ideal)
                  0.10    0.00   10.00 v u_regfile.u_sram_rs2/clk1 (sky130_sram_1kbyte_1rw1r_32x256_8)
                  0.01    0.37   10.37 v u_regfile.u_sram_rs2/dout1[6] (sky130_sram_1kbyte_1rw1r_32x256_8)
     1    0.01                           u_regfile.rd2_sram[6] (net)
                  0.00    0.00   10.37 v u_regfile._090_/B1_N (sky130_fd_sc_hd__a21boi_2)
                  0.13    0.23   10.60 v u_regfile._090_/Y (sky130_fd_sc_hd__a21boi_2)
     5    0.05                           u_branch_unit.rs2_val[6] (net)
                  0.17    0.00   10.60 v u_dmem.u_sram/din0[6] (sky130_sram_1kbyte_1rw1r_32x256_8)
                                 10.60   data arrival time

                  0.10    0.00    0.00   clock clk (rise edge)
                          0.00    0.00   clock network delay (ideal)
                          0.20    0.20   clock uncertainty
                          0.00    0.20   clock reconvergence pessimism
                                  0.20 ^ u_dmem.u_sram/clk0 (sky130_sram_1kbyte_1rw1r_32x256_8)
                         -0.06    0.14   library hold time
                                  0.14   data required time
-----------------------------------------------------------------------------
                                  0.14   data required time
                                -10.60   data arrival time
-----------------------------------------------------------------------------
                                 10.46   slack (MET)


Startpoint: u_regfile.u_sram_rs2
            (falling edge-triggered flip-flop clocked by clk)
Endpoint: u_dmem.u_sram (falling edge-triggered flip-flop clocked by clk)
Path Group: clk
Path Type: min

Fanout     Cap    Slew   Delay    Time   Description
-----------------------------------------------------------------------------
                  0.10   10.00   10.00   clock clk (fall edge)
                          0.00   10.00   clock network delay (ideal)
                  0.10    0.00   10.00 v u_regfile.u_sram_rs2/clk1 (sky130_sram_1kbyte_1rw1r_32x256_8)
                  0.01    0.37   10.37 v u_regfile.u_sram_rs2/dout1[31] (sky130_sram_1kbyte_1rw1r_32x256_8)
     1    0.01                           u_regfile.rd2_sram[31] (net)
                  0.00    0.00   10.37 v u_regfile._119_/B1_N (sky130_fd_sc_hd__a21boi_2)
                  0.15    0.24   10.62 v u_regfile._119_/Y (sky130_fd_sc_hd__a21boi_2)
     6    0.06                           u_branch_unit.rs2_val[31] (net)
                  0.20    0.00   10.62 v u_dmem.u_sram/din0[31] (sky130_sram_1kbyte_1rw1r_32x256_8)
                                 10.62   data arrival time

                  0.10    0.00    0.00   clock clk (rise edge)
                          0.00    0.00   clock network delay (ideal)
                          0.20    0.20   clock uncertainty
                          0.00    0.20   clock reconvergence pessimism
                                  0.20 ^ u_dmem.u_sram/clk0 (sky130_sram_1kbyte_1rw1r_32x256_8)
                         -0.06    0.14   library hold time
                                  0.14   data required time
-----------------------------------------------------------------------------
                                  0.14   data required time
                                -10.62   data arrival time
-----------------------------------------------------------------------------
                                 10.47   slack (MET)


Startpoint: u_imem.u_sram (falling edge-triggered flip-flop clocked by clk)
Endpoint: u_regfile.u_sram_rs1 (falling edge-triggered flip-flop clocked by clk)
Path Group: clk
Path Type: min

Fanout     Cap    Slew   Delay    Time   Description
-----------------------------------------------------------------------------
                  0.10   10.00   10.00   clock clk (fall edge)
                          0.00   10.00   clock network delay (ideal)
                  0.10    0.00   10.00 v u_imem.u_sram/clk1 (sky130_sram_1kbyte_1rw1r_32x256_8)
                  0.10    1.35   11.35 v u_imem.u_sram/dout1[15] (sky130_sram_1kbyte_1rw1r_32x256_8)
     5    0.18                           dbg_instr[15] (net)
                  0.10    0.05   11.40 v u_regfile.u_sram_rs1/addr1[0] (sky130_sram_1kbyte_1rw1r_32x256_8)
                                 11.40   data arrival time

                  0.10    0.00    0.00   clock clk (rise edge)
                          0.00    0.00   clock network delay (ideal)
                          0.20    0.20   clock uncertainty
                          0.00    0.20   clock reconvergence pessimism
                                  0.20 ^ u_regfile.u_sram_rs1/clk1 (sky130_sram_1kbyte_1rw1r_32x256_8)
                         -0.06    0.14   library hold time
                                  0.14   data required time
-----------------------------------------------------------------------------
                                  0.14   data required time
                                -11.40   data arrival time
-----------------------------------------------------------------------------
                                 11.26   slack (MET)


Startpoint: u_imem.u_sram (falling edge-triggered flip-flop clocked by clk)
Endpoint: u_regfile.u_sram_rs1 (falling edge-triggered flip-flop clocked by clk)
Path Group: clk
Path Type: min

Fanout     Cap    Slew   Delay    Time   Description
-----------------------------------------------------------------------------
                  0.10   10.00   10.00   clock clk (fall edge)
                          0.00   10.00   clock network delay (ideal)
                  0.10    0.00   10.00 v u_imem.u_sram/clk1 (sky130_sram_1kbyte_1rw1r_32x256_8)
                  0.11    1.42   11.42 v u_imem.u_sram/dout1[16] (sky130_sram_1kbyte_1rw1r_32x256_8)
     5    0.20                           dbg_instr[16] (net)
                  0.11    0.07   11.49 v u_regfile.u_sram_rs1/addr1[1] (sky130_sram_1kbyte_1rw1r_32x256_8)
                                 11.49   data arrival time

                  0.10    0.00    0.00   clock clk (rise edge)
                          0.00    0.00   clock network delay (ideal)
                          0.20    0.20   clock uncertainty
                          0.00    0.20   clock reconvergence pessimism
                                  0.20 ^ u_regfile.u_sram_rs1/clk1 (sky130_sram_1kbyte_1rw1r_32x256_8)
                         -0.06    0.14   library hold time
                                  0.14   data required time
-----------------------------------------------------------------------------
                                  0.14   data required time
                                -11.49   data arrival time
-----------------------------------------------------------------------------
                                 11.35   slack (MET)


Startpoint: u_imem.u_sram (falling edge-triggered flip-flop clocked by clk)
Endpoint: u_regfile.u_sram_rs1 (falling edge-triggered flip-flop clocked by clk)
Path Group: clk
Path Type: min

Fanout     Cap    Slew   Delay    Time   Description
-----------------------------------------------------------------------------
                  0.10   10.00   10.00   clock clk (fall edge)
                          0.00   10.00   clock network delay (ideal)
                  0.10    0.00   10.00 v u_imem.u_sram/clk1 (sky130_sram_1kbyte_1rw1r_32x256_8)
                  0.10    1.40   11.40 v u_imem.u_sram/dout1[17] (sky130_sram_1kbyte_1rw1r_32x256_8)
     5    0.19                           dbg_instr[17] (net)
                  0.10    0.12   11.52 v u_regfile.u_sram_rs1/addr1[2] (sky130_sram_1kbyte_1rw1r_32x256_8)
                                 11.52   data arrival time

                  0.10    0.00    0.00   clock clk (rise edge)
                          0.00    0.00   clock network delay (ideal)
                          0.20    0.20   clock uncertainty
                          0.00    0.20   clock reconvergence pessimism
                                  0.20 ^ u_regfile.u_sram_rs1/clk1 (sky130_sram_1kbyte_1rw1r_32x256_8)
                         -0.06    0.14   library hold time
                                  0.14   data required time
-----------------------------------------------------------------------------
                                  0.14   data required time
                                -11.52   data arrival time
-----------------------------------------------------------------------------
                                 11.38   slack (MET)


Startpoint: u_imem.u_sram (falling edge-triggered flip-flop clocked by clk)
Endpoint: u_regfile.u_sram_rs2 (falling edge-triggered flip-flop clocked by clk)
Path Group: clk
Path Type: min

Fanout     Cap    Slew   Delay    Time   Description
-----------------------------------------------------------------------------
                  0.10   10.00   10.00   clock clk (fall edge)
                          0.00   10.00   clock network delay (ideal)
                  0.10    0.00   10.00 v u_imem.u_sram/clk1 (sky130_sram_1kbyte_1rw1r_32x256_8)
                  0.12    1.54   11.54 v u_imem.u_sram/dout1[10] (sky130_sram_1kbyte_1rw1r_32x256_8)
     6    0.22                           dbg_instr[10] (net)
                  0.12    0.10   11.64 v u_regfile.u_sram_rs2/addr0[3] (sky130_sram_1kbyte_1rw1r_32x256_8)
                                 11.64   data arrival time

                  0.10    0.00    0.00   clock clk (rise edge)
                          0.00    0.00   clock network delay (ideal)
                          0.20    0.20   clock uncertainty
                          0.00    0.20   clock reconvergence pessimism
                                  0.20 ^ u_regfile.u_sram_rs2/clk0 (sky130_sram_1kbyte_1rw1r_32x256_8)
                         -0.06    0.14   library hold time
                                  0.14   data required time
-----------------------------------------------------------------------------
                                  0.14   data required time
                                -11.64   data arrival time
-----------------------------------------------------------------------------
                                 11.50   slack (MET)


Startpoint: u_imem.u_sram (falling edge-triggered flip-flop clocked by clk)
Endpoint: u_regfile.u_sram_rs1 (falling edge-triggered flip-flop clocked by clk)
Path Group: clk
Path Type: min

Fanout     Cap    Slew   Delay    Time   Description
-----------------------------------------------------------------------------
                  0.10   10.00   10.00   clock clk (fall edge)
                          0.00   10.00   clock network delay (ideal)
                  0.10    0.00   10.00 v u_imem.u_sram/clk1 (sky130_sram_1kbyte_1rw1r_32x256_8)
                  0.12    1.54   11.54 v u_imem.u_sram/dout1[10] (sky130_sram_1kbyte_1rw1r_32x256_8)
     6    0.22                           dbg_instr[10] (net)
                  0.12    0.11   11.65 v u_regfile.u_sram_rs1/addr0[3] (sky130_sram_1kbyte_1rw1r_32x256_8)
                                 11.65   data arrival time

                  0.10    0.00    0.00   clock clk (rise edge)
                          0.00    0.00   clock network delay (ideal)
                          0.20    0.20   clock uncertainty
                          0.00    0.20   clock reconvergence pessimism
                                  0.20 ^ u_regfile.u_sram_rs1/clk0 (sky130_sram_1kbyte_1rw1r_32x256_8)
                         -0.06    0.14   library hold time
                                  0.14   data required time
-----------------------------------------------------------------------------
                                  0.14   data required time
                                -11.65   data arrival time
-----------------------------------------------------------------------------
                                 11.50   slack (MET)


Startpoint: u_imem.u_sram (falling edge-triggered flip-flop clocked by clk)
Endpoint: u_regfile.u_sram_rs2 (falling edge-triggered flip-flop clocked by clk)
Path Group: clk
Path Type: min

Fanout     Cap    Slew   Delay    Time   Description
-----------------------------------------------------------------------------
                  0.10   10.00   10.00   clock clk (fall edge)
                          0.00   10.00   clock network delay (ideal)
                  0.10    0.00   10.00 v u_imem.u_sram/clk1 (sky130_sram_1kbyte_1rw1r_32x256_8)
                  0.12    1.57   11.57 v u_imem.u_sram/dout1[20] (sky130_sram_1kbyte_1rw1r_32x256_8)
     6    0.22                           dbg_instr[20] (net)
                  0.12    0.10   11.67 v u_regfile.u_sram_rs2/addr1[0] (sky130_sram_1kbyte_1rw1r_32x256_8)
                                 11.67   data arrival time

                  0.10    0.00    0.00   clock clk (rise edge)
                          0.00    0.00   clock network delay (ideal)
                          0.20    0.20   clock uncertainty
                          0.00    0.20   clock reconvergence pessimism
                                  0.20 ^ u_regfile.u_sram_rs2/clk1 (sky130_sram_1kbyte_1rw1r_32x256_8)
                         -0.06    0.14   library hold time
                                  0.14   data required time
-----------------------------------------------------------------------------
                                  0.14   data required time
                                -11.67   data arrival time
-----------------------------------------------------------------------------
                                 11.53   slack (MET)


Startpoint: u_imem.u_sram (falling edge-triggered flip-flop clocked by clk)
Endpoint: u_regfile.u_sram_rs1 (falling edge-triggered flip-flop clocked by clk)
Path Group: clk
Path Type: min

Fanout     Cap    Slew   Delay    Time   Description
-----------------------------------------------------------------------------
                  0.10   10.00   10.00   clock clk (fall edge)
                          0.00   10.00   clock network delay (ideal)
                  0.10    0.00   10.00 v u_imem.u_sram/clk1 (sky130_sram_1kbyte_1rw1r_32x256_8)
                  0.14    1.82   11.82 v u_imem.u_sram/dout1[9] (sky130_sram_1kbyte_1rw1r_32x256_8)
     6    0.27                           dbg_instr[9] (net)
                  0.14    0.07   11.89 v u_regfile.u_sram_rs1/addr0[2] (sky130_sram_1kbyte_1rw1r_32x256_8)
                                 11.89   data arrival time

                  0.10    0.00    0.00   clock clk (rise edge)
                          0.00    0.00   clock network delay (ideal)
                          0.20    0.20   clock uncertainty
                          0.00    0.20   clock reconvergence pessimism
                                  0.20 ^ u_regfile.u_sram_rs1/clk0 (sky130_sram_1kbyte_1rw1r_32x256_8)
                         -0.06    0.14   library hold time
                                  0.14   data required time
-----------------------------------------------------------------------------
                                  0.14   data required time
                                -11.89   data arrival time
-----------------------------------------------------------------------------
                                 11.74   slack (MET)


Startpoint: u_imem.u_sram (falling edge-triggered flip-flop clocked by clk)
Endpoint: u_regfile.u_sram_rs2 (falling edge-triggered flip-flop clocked by clk)
Path Group: clk
Path Type: min

Fanout     Cap    Slew   Delay    Time   Description
-----------------------------------------------------------------------------
                  0.10   10.00   10.00   clock clk (fall edge)
                          0.00   10.00   clock network delay (ideal)
                  0.10    0.00   10.00 v u_imem.u_sram/clk1 (sky130_sram_1kbyte_1rw1r_32x256_8)
                  0.14    1.82   11.82 v u_imem.u_sram/dout1[9] (sky130_sram_1kbyte_1rw1r_32x256_8)
     6    0.27                           dbg_instr[9] (net)
                  0.14    0.08   11.90 v u_regfile.u_sram_rs2/addr0[2] (sky130_sram_1kbyte_1rw1r_32x256_8)
                                 11.90   data arrival time

                  0.10    0.00    0.00   clock clk (rise edge)
                          0.00    0.00   clock network delay (ideal)
                          0.20    0.20   clock uncertainty
                          0.00    0.20   clock reconvergence pessimism
                                  0.20 ^ u_regfile.u_sram_rs2/clk0 (sky130_sram_1kbyte_1rw1r_32x256_8)
                         -0.06    0.14   library hold time
                                  0.14   data required time
-----------------------------------------------------------------------------
                                  0.14   data required time
                                -11.90   data arrival time
-----------------------------------------------------------------------------
                                 11.76   slack (MET)


Startpoint: u_imem.u_sram (falling edge-triggered flip-flop clocked by clk)
Endpoint: u_regfile.u_sram_rs1 (falling edge-triggered flip-flop clocked by clk)
Path Group: clk
Path Type: min

Fanout     Cap    Slew   Delay    Time   Description
-----------------------------------------------------------------------------
                  0.10   10.00   10.00   clock clk (fall edge)
                          0.00   10.00   clock network delay (ideal)
                  0.10    0.00   10.00 v u_imem.u_sram/clk1 (sky130_sram_1kbyte_1rw1r_32x256_8)
                  0.13    1.72   11.72 v u_imem.u_sram/dout1[19] (sky130_sram_1kbyte_1rw1r_32x256_8)
     5    0.25                           dbg_instr[19] (net)
                  0.13    0.19   11.91 v u_regfile.u_sram_rs1/addr1[4] (sky130_sram_1kbyte_1rw1r_32x256_8)
                                 11.91   data arrival time

                  0.10    0.00    0.00   clock clk (rise edge)
                          0.00    0.00   clock network delay (ideal)
                          0.20    0.20   clock uncertainty
                          0.00    0.20   clock reconvergence pessimism
                                  0.20 ^ u_regfile.u_sram_rs1/clk1 (sky130_sram_1kbyte_1rw1r_32x256_8)
                         -0.06    0.14   library hold time
                                  0.14   data required time
-----------------------------------------------------------------------------
                                  0.14   data required time
                                -11.91   data arrival time
-----------------------------------------------------------------------------
                                 11.77   slack (MET)


Startpoint: u_imem.u_sram (falling edge-triggered flip-flop clocked by clk)
Endpoint: u_regfile.u_sram_rs1 (falling edge-triggered flip-flop clocked by clk)
Path Group: clk
Path Type: min

Fanout     Cap    Slew   Delay    Time   Description
-----------------------------------------------------------------------------
                  0.10   10.00   10.00   clock clk (fall edge)
                          0.00   10.00   clock network delay (ideal)
                  0.10    0.00   10.00 v u_imem.u_sram/clk1 (sky130_sram_1kbyte_1rw1r_32x256_8)
                  0.15    1.88   11.88 v u_imem.u_sram/dout1[18] (sky130_sram_1kbyte_1rw1r_32x256_8)
     5    0.28                           dbg_instr[18] (net)
                  0.15    0.07   11.95 v u_regfile.u_sram_rs1/addr1[3] (sky130_sram_1kbyte_1rw1r_32x256_8)
                                 11.95   data arrival time

                  0.10    0.00    0.00   clock clk (rise edge)
                          0.00    0.00   clock network delay (ideal)
                          0.20    0.20   clock uncertainty
                          0.00    0.20   clock reconvergence pessimism
                                  0.20 ^ u_regfile.u_sram_rs1/clk1 (sky130_sram_1kbyte_1rw1r_32x256_8)
                         -0.06    0.14   library hold time
                                  0.14   data required time
-----------------------------------------------------------------------------
                                  0.14   data required time
                                -11.95   data arrival time
-----------------------------------------------------------------------------
                                 11.81   slack (MET)


Startpoint: u_imem.u_sram (falling edge-triggered flip-flop clocked by clk)
Endpoint: u_regfile.u_sram_rs2 (falling edge-triggered flip-flop clocked by clk)
Path Group: clk
Path Type: min

Fanout     Cap    Slew   Delay    Time   Description
-----------------------------------------------------------------------------
                  0.10   10.00   10.00   clock clk (fall edge)
                          0.00   10.00   clock network delay (ideal)
                  0.10    0.00   10.00 v u_imem.u_sram/clk1 (sky130_sram_1kbyte_1rw1r_32x256_8)
                  0.15    1.87   11.87 v u_imem.u_sram/dout1[23] (sky130_sram_1kbyte_1rw1r_32x256_8)
     6    0.27                           dbg_instr[23] (net)
                  0.15    0.13   12.00 v u_regfile.u_sram_rs2/addr1[3] (sky130_sram_1kbyte_1rw1r_32x256_8)
                                 12.00   data arrival time

                  0.10    0.00    0.00   clock clk (rise edge)
                          0.00    0.00   clock network delay (ideal)
                          0.20    0.20   clock uncertainty
                          0.00    0.20   clock reconvergence pessimism
                                  0.20 ^ u_regfile.u_sram_rs2/clk1 (sky130_sram_1kbyte_1rw1r_32x256_8)
                         -0.06    0.14   library hold time
                                  0.14   data required time
-----------------------------------------------------------------------------
                                  0.14   data required time
                                -12.00   data arrival time
-----------------------------------------------------------------------------
                                 11.86   slack (MET)


Startpoint: u_imem.u_sram (falling edge-triggered flip-flop clocked by clk)
Endpoint: u_regfile.u_sram_rs1 (falling edge-triggered flip-flop clocked by clk)
Path Group: clk
Path Type: min

Fanout     Cap    Slew   Delay    Time   Description
-----------------------------------------------------------------------------
                  0.10   10.00   10.00   clock clk (fall edge)
                          0.00   10.00   clock network delay (ideal)
                  0.10    0.00   10.00 v u_imem.u_sram/clk1 (sky130_sram_1kbyte_1rw1r_32x256_8)
                  0.16    1.95   11.95 v u_imem.u_sram/dout1[8] (sky130_sram_1kbyte_1rw1r_32x256_8)
     6    0.29                           dbg_instr[8] (net)
                  0.16    0.07   12.02 v u_regfile.u_sram_rs1/addr0[1] (sky130_sram_1kbyte_1rw1r_32x256_8)
                                 12.02   data arrival time

                  0.10    0.00    0.00   clock clk (rise edge)
                          0.00    0.00   clock network delay (ideal)
                          0.20    0.20   clock uncertainty
                          0.00    0.20   clock reconvergence pessimism
                                  0.20 ^ u_regfile.u_sram_rs1/clk0 (sky130_sram_1kbyte_1rw1r_32x256_8)
                         -0.06    0.14   library hold time
                                  0.14   data required time
-----------------------------------------------------------------------------
                                  0.14   data required time
                                -12.02   data arrival time
-----------------------------------------------------------------------------
                                 11.87   slack (MET)


Startpoint: u_imem.u_sram (falling edge-triggered flip-flop clocked by clk)
Endpoint: u_dmem.u_sram (falling edge-triggered flip-flop clocked by clk)
Path Group: clk
Path Type: min

Fanout     Cap    Slew   Delay    Time   Description
-----------------------------------------------------------------------------
                  0.10   10.00   10.00   clock clk (fall edge)
                          0.00   10.00   clock network delay (ideal)
                  0.10    0.00   10.00 v u_imem.u_sram/clk1 (sky130_sram_1kbyte_1rw1r_32x256_8)
                  0.11    1.52   11.52 ^ u_imem.u_sram/dout1[4] (sky130_sram_1kbyte_1rw1r_32x256_8)
     8    0.21                           dbg_instr[4] (net)
                  0.09    0.09   11.61 ^ u_decoder_controller._30_/A_N (sky130_fd_sc_hd__and3b_2)
                  0.04    0.22   11.83 v u_decoder_controller._30_/X (sky130_fd_sc_hd__and3b_2)
     1    0.01                           u_decoder_controller._11_ (net)
                  0.04    0.00   11.83 v u_decoder_controller._31_/A (sky130_fd_sc_hd__buf_1)
                  0.07    0.12   11.95 v u_decoder_controller._31_/X (sky130_fd_sc_hd__buf_1)
     2    0.01                           u_decoder_controller.mem_write (net)
                  0.07    0.00   11.95 v u_dmem._116_/A (sky130_fd_sc_hd__inv_2)
                  0.05    0.07   12.02 ^ u_dmem._116_/Y (sky130_fd_sc_hd__inv_2)
     1    0.01                           u_dmem.web0_sram (net)
                  0.06    0.00   12.02 ^ u_dmem.u_sram/web0 (sky130_sram_1kbyte_1rw1r_32x256_8)
                                 12.02   data arrival time

                  0.10    0.00    0.00   clock clk (rise edge)
                          0.00    0.00   clock network delay (ideal)
                          0.20    0.20   clock uncertainty
                          0.00    0.20   clock reconvergence pessimism
                                  0.20 ^ u_dmem.u_sram/clk0 (sky130_sram_1kbyte_1rw1r_32x256_8)
                         -0.06    0.14   library hold time
                                  0.14   data required time
-----------------------------------------------------------------------------
                                  0.14   data required time
                                -12.02   data arrival time
-----------------------------------------------------------------------------
                                 11.88   slack (MET)


Startpoint: u_imem.u_sram (falling edge-triggered flip-flop clocked by clk)
Endpoint: u_regfile.u_sram_rs2 (falling edge-triggered flip-flop clocked by clk)
Path Group: clk
Path Type: min

Fanout     Cap    Slew   Delay    Time   Description
-----------------------------------------------------------------------------
                  0.10   10.00   10.00   clock clk (fall edge)
                          0.00   10.00   clock network delay (ideal)
                  0.10    0.00   10.00 v u_imem.u_sram/clk1 (sky130_sram_1kbyte_1rw1r_32x256_8)
                  0.16    1.95   11.95 v u_imem.u_sram/dout1[8] (sky130_sram_1kbyte_1rw1r_32x256_8)
     6    0.29                           dbg_instr[8] (net)
                  0.16    0.08   12.03 v u_regfile.u_sram_rs2/addr0[1] (sky130_sram_1kbyte_1rw1r_32x256_8)
                                 12.03   data arrival time

                  0.10    0.00    0.00   clock clk (rise edge)
                          0.00    0.00   clock network delay (ideal)
                          0.20    0.20   clock uncertainty
                          0.00    0.20   clock reconvergence pessimism
                                  0.20 ^ u_regfile.u_sram_rs2/clk0 (sky130_sram_1kbyte_1rw1r_32x256_8)
                         -0.06    0.14   library hold time
                                  0.14   data required time
-----------------------------------------------------------------------------
                                  0.14   data required time
                                -12.03   data arrival time
-----------------------------------------------------------------------------
                                 11.89   slack (MET)


Startpoint: u_imem.u_sram (falling edge-triggered flip-flop clocked by clk)
Endpoint: u_dmem.u_sram (falling edge-triggered flip-flop clocked by clk)
Path Group: clk
Path Type: min

Fanout     Cap    Slew   Delay    Time   Description
-----------------------------------------------------------------------------
                  0.10   10.00   10.00   clock clk (fall edge)
                          0.00   10.00   clock network delay (ideal)
                  0.10    0.00   10.00 v u_imem.u_sram/clk1 (sky130_sram_1kbyte_1rw1r_32x256_8)
                  0.11    1.52   11.52 ^ u_imem.u_sram/dout1[4] (sky130_sram_1kbyte_1rw1r_32x256_8)
     8    0.21                           dbg_instr[4] (net)
                  0.09    0.09   11.61 ^ u_decoder_controller._30_/A_N (sky130_fd_sc_hd__and3b_2)
                  0.04    0.22   11.83 v u_decoder_controller._30_/X (sky130_fd_sc_hd__and3b_2)
     1    0.01                           u_decoder_controller._11_ (net)
                  0.04    0.00   11.83 v u_decoder_controller._31_/A (sky130_fd_sc_hd__buf_1)
                  0.07    0.12   11.95 v u_decoder_controller._31_/X (sky130_fd_sc_hd__buf_1)
     2    0.01                           u_decoder_controller.mem_write (net)
                  0.07    0.00   11.95 v u_dmem._115_/B (sky130_fd_sc_hd__nor2_2)
                  0.11    0.12   12.07 ^ u_dmem._115_/Y (sky130_fd_sc_hd__nor2_2)
     1    0.01                           u_dmem.csb0_sram (net)
                  0.15    0.00   12.07 ^ u_dmem.u_sram/csb0 (sky130_sram_1kbyte_1rw1r_32x256_8)
                                 12.07   data arrival time

                  0.10    0.00    0.00   clock clk (rise edge)
                          0.00    0.00   clock network delay (ideal)
                          0.20    0.20   clock uncertainty
                          0.00    0.20   clock reconvergence pessimism
                                  0.20 ^ u_dmem.u_sram/clk0 (sky130_sram_1kbyte_1rw1r_32x256_8)
                         -0.06    0.14   library hold time
                                  0.14   data required time
-----------------------------------------------------------------------------
                                  0.14   data required time
                                -12.07   data arrival time
-----------------------------------------------------------------------------
                                 11.93   slack (MET)


Startpoint: u_imem.u_sram (falling edge-triggered flip-flop clocked by clk)
Endpoint: u_regfile.u_sram_rs2 (falling edge-triggered flip-flop clocked by clk)
Path Group: clk
Path Type: min

Fanout     Cap    Slew   Delay    Time   Description
-----------------------------------------------------------------------------
                  0.10   10.00   10.00   clock clk (fall edge)
                          0.00   10.00   clock network delay (ideal)
                  0.10    0.00   10.00 v u_imem.u_sram/clk1 (sky130_sram_1kbyte_1rw1r_32x256_8)
                  0.15    1.87   11.87 v u_imem.u_sram/dout1[21] (sky130_sram_1kbyte_1rw1r_32x256_8)
     6    0.28                           dbg_instr[21] (net)
                  0.15    0.27   12.15 v u_regfile.u_sram_rs2/addr1[1] (sky130_sram_1kbyte_1rw1r_32x256_8)
                                 12.15   data arrival time

                  0.10    0.00    0.00   clock clk (rise edge)
                          0.00    0.00   clock network delay (ideal)
                          0.20    0.20   clock uncertainty
                          0.00    0.20   clock reconvergence pessimism
                                  0.20 ^ u_regfile.u_sram_rs2/clk1 (sky130_sram_1kbyte_1rw1r_32x256_8)
                         -0.06    0.14   library hold time
                                  0.14   data required time
-----------------------------------------------------------------------------
                                  0.14   data required time
                                -12.15   data arrival time
-----------------------------------------------------------------------------
                                 12.00   slack (MET)


Startpoint: u_imem.u_sram (falling edge-triggered flip-flop clocked by clk)
Endpoint: u_regfile.u_sram_rs2 (falling edge-triggered flip-flop clocked by clk)
Path Group: clk
Path Type: min

Fanout     Cap    Slew   Delay    Time   Description
-----------------------------------------------------------------------------
                  0.10   10.00   10.00   clock clk (fall edge)
                          0.00   10.00   clock network delay (ideal)
                  0.10    0.00   10.00 v u_imem.u_sram/clk1 (sky130_sram_1kbyte_1rw1r_32x256_8)
                  0.17    2.08   12.08 v u_imem.u_sram/dout1[11] (sky130_sram_1kbyte_1rw1r_32x256_8)
     6    0.31                           dbg_instr[11] (net)
                  0.17    0.13   12.21 v u_regfile.u_sram_rs2/addr0[4] (sky130_sram_1kbyte_1rw1r_32x256_8)
                                 12.21   data arrival time

                  0.10    0.00    0.00   clock clk (rise edge)
                          0.00    0.00   clock network delay (ideal)
                          0.20    0.20   clock uncertainty
                          0.00    0.20   clock reconvergence pessimism
                                  0.20 ^ u_regfile.u_sram_rs2/clk0 (sky130_sram_1kbyte_1rw1r_32x256_8)
                         -0.06    0.14   library hold time
                                  0.14   data required time
-----------------------------------------------------------------------------
                                  0.14   data required time
                                -12.21   data arrival time
-----------------------------------------------------------------------------
                                 12.07   slack (MET)


Startpoint: u_imem.u_sram (falling edge-triggered flip-flop clocked by clk)
Endpoint: u_regfile.u_sram_rs1 (falling edge-triggered flip-flop clocked by clk)
Path Group: clk
Path Type: min

Fanout     Cap    Slew   Delay    Time   Description
-----------------------------------------------------------------------------
                  0.10   10.00   10.00   clock clk (fall edge)
                          0.00   10.00   clock network delay (ideal)
                  0.10    0.00   10.00 v u_imem.u_sram/clk1 (sky130_sram_1kbyte_1rw1r_32x256_8)
                  0.17    2.08   12.08 v u_imem.u_sram/dout1[11] (sky130_sram_1kbyte_1rw1r_32x256_8)
     6    0.31                           dbg_instr[11] (net)
                  0.17    0.14   12.22 v u_regfile.u_sram_rs1/addr0[4] (sky130_sram_1kbyte_1rw1r_32x256_8)
                                 12.22   data arrival time

                  0.10    0.00    0.00   clock clk (rise edge)
                          0.00    0.00   clock network delay (ideal)
                          0.20    0.20   clock uncertainty
                          0.00    0.20   clock reconvergence pessimism
                                  0.20 ^ u_regfile.u_sram_rs1/clk0 (sky130_sram_1kbyte_1rw1r_32x256_8)
                         -0.06    0.14   library hold time
                                  0.14   data required time
-----------------------------------------------------------------------------
                                  0.14   data required time
                                -12.22   data arrival time
-----------------------------------------------------------------------------
                                 12.08   slack (MET)


Startpoint: u_imem.u_sram (falling edge-triggered flip-flop clocked by clk)
Endpoint: u_regfile.u_sram_rs2 (falling edge-triggered flip-flop clocked by clk)
Path Group: clk
Path Type: min

Fanout     Cap    Slew   Delay    Time   Description
-----------------------------------------------------------------------------
                  0.10   10.00   10.00   clock clk (fall edge)
                          0.00   10.00   clock network delay (ideal)
                  0.10    0.00   10.00 v u_imem.u_sram/clk1 (sky130_sram_1kbyte_1rw1r_32x256_8)
                  0.16    2.05   12.05 v u_imem.u_sram/dout1[7] (sky130_sram_1kbyte_1rw1r_32x256_8)
     6    0.31                           dbg_instr[7] (net)
                  0.16    0.17   12.23 v u_regfile.u_sram_rs2/addr0[0] (sky130_sram_1kbyte_1rw1r_32x256_8)
                                 12.23   data arrival time

                  0.10    0.00    0.00   clock clk (rise edge)
                          0.00    0.00   clock network delay (ideal)
                          0.20    0.20   clock uncertainty
                          0.00    0.20   clock reconvergence pessimism
                                  0.20 ^ u_regfile.u_sram_rs2/clk0 (sky130_sram_1kbyte_1rw1r_32x256_8)
                         -0.06    0.14   library hold time
                                  0.14   data required time
-----------------------------------------------------------------------------
                                  0.14   data required time
                                -12.23   data arrival time
-----------------------------------------------------------------------------
                                 12.08   slack (MET)


Startpoint: u_imem.u_sram (falling edge-triggered flip-flop clocked by clk)
Endpoint: u_regfile.u_sram_rs1 (falling edge-triggered flip-flop clocked by clk)
Path Group: clk
Path Type: min

Fanout     Cap    Slew   Delay    Time   Description
-----------------------------------------------------------------------------
                  0.10   10.00   10.00   clock clk (fall edge)
                          0.00   10.00   clock network delay (ideal)
                  0.10    0.00   10.00 v u_imem.u_sram/clk1 (sky130_sram_1kbyte_1rw1r_32x256_8)
                  0.16    2.05   12.05 v u_imem.u_sram/dout1[7] (sky130_sram_1kbyte_1rw1r_32x256_8)
     6    0.31                           dbg_instr[7] (net)
                  0.16    0.18   12.24 v u_regfile.u_sram_rs1/addr0[0] (sky130_sram_1kbyte_1rw1r_32x256_8)
                                 12.24   data arrival time

                  0.10    0.00    0.00   clock clk (rise edge)
                          0.00    0.00   clock network delay (ideal)
                          0.20    0.20   clock uncertainty
                          0.00    0.20   clock reconvergence pessimism
                                  0.20 ^ u_regfile.u_sram_rs1/clk0 (sky130_sram_1kbyte_1rw1r_32x256_8)
                         -0.06    0.14   library hold time
                                  0.14   data required time
-----------------------------------------------------------------------------
                                  0.14   data required time
                                -12.24   data arrival time
-----------------------------------------------------------------------------
                                 12.09   slack (MET)


Startpoint: u_imem.u_sram (falling edge-triggered flip-flop clocked by clk)
Endpoint: u_regfile.u_sram_rs2 (falling edge-triggered flip-flop clocked by clk)
Path Group: clk
Path Type: min

Fanout     Cap    Slew   Delay    Time   Description
-----------------------------------------------------------------------------
                  0.10   10.00   10.00   clock clk (fall edge)
                          0.00   10.00   clock network delay (ideal)
                  0.10    0.00   10.00 v u_imem.u_sram/clk1 (sky130_sram_1kbyte_1rw1r_32x256_8)
                  0.12    1.54   11.54 ^ u_imem.u_sram/dout1[10] (sky130_sram_1kbyte_1rw1r_32x256_8)
     6    0.22                           dbg_instr[10] (net)
                  0.09    0.10   11.64 ^ u_regfile._120_/B (sky130_fd_sc_hd__or4_2)
                  0.04    0.13   11.77 ^ u_regfile._120_/X (sky130_fd_sc_hd__or4_2)
     1    0.00                           u_regfile._017_ (net)
                  0.04    0.00   11.77 ^ u_regfile._121_/A2 (sky130_fd_sc_hd__o211ai_2)
                  0.59    0.44   12.21 v u_regfile._121_/Y (sky130_fd_sc_hd__o211ai_2)
     4    0.10                           u_regfile._000_ (net)
                  0.79    0.02   12.24 v u_regfile.u_sram_rs2/web0 (sky130_sram_1kbyte_1rw1r_32x256_8)
                                 12.24   data arrival time

                  0.10    0.00    0.00   clock clk (rise edge)
                          0.00    0.00   clock network delay (ideal)
                          0.20    0.20   clock uncertainty
                          0.00    0.20   clock reconvergence pessimism
                                  0.20 ^ u_regfile.u_sram_rs2/clk0 (sky130_sram_1kbyte_1rw1r_32x256_8)
                         -0.06    0.14   library hold time
                                  0.14   data required time
-----------------------------------------------------------------------------
                                  0.14   data required time
                                -12.24   data arrival time
-----------------------------------------------------------------------------
                                 12.09   slack (MET)


Startpoint: u_imem.u_sram (falling edge-triggered flip-flop clocked by clk)
Endpoint: u_regfile.u_sram_rs2 (falling edge-triggered flip-flop clocked by clk)
Path Group: clk
Path Type: min

Fanout     Cap    Slew   Delay    Time   Description
-----------------------------------------------------------------------------
                  0.10   10.00   10.00   clock clk (fall edge)
                          0.00   10.00   clock network delay (ideal)
                  0.10    0.00   10.00 v u_imem.u_sram/clk1 (sky130_sram_1kbyte_1rw1r_32x256_8)
                  0.12    1.54   11.54 ^ u_imem.u_sram/dout1[10] (sky130_sram_1kbyte_1rw1r_32x256_8)
     6    0.22                           dbg_instr[10] (net)
                  0.09    0.10   11.64 ^ u_regfile._120_/B (sky130_fd_sc_hd__or4_2)
                  0.04    0.13   11.77 ^ u_regfile._120_/X (sky130_fd_sc_hd__or4_2)
     1    0.00                           u_regfile._017_ (net)
                  0.04    0.00   11.77 ^ u_regfile._121_/A2 (sky130_fd_sc_hd__o211ai_2)
                  0.59    0.44   12.21 v u_regfile._121_/Y (sky130_fd_sc_hd__o211ai_2)
     4    0.10                           u_regfile._000_ (net)
                  0.79    0.02   12.24 v u_regfile.u_sram_rs2/csb0 (sky130_sram_1kbyte_1rw1r_32x256_8)
                                 12.24   data arrival time

                  0.10    0.00    0.00   clock clk (rise edge)
                          0.00    0.00   clock network delay (ideal)
                          0.20    0.20   clock uncertainty
                          0.00    0.20   clock reconvergence pessimism
                                  0.20 ^ u_regfile.u_sram_rs2/clk0 (sky130_sram_1kbyte_1rw1r_32x256_8)
                         -0.06    0.14   library hold time
                                  0.14   data required time
-----------------------------------------------------------------------------
                                  0.14   data required time
                                -12.24   data arrival time
-----------------------------------------------------------------------------
                                 12.09   slack (MET)


Startpoint: u_imem.u_sram (falling edge-triggered flip-flop clocked by clk)
Endpoint: u_regfile.u_sram_rs1 (falling edge-triggered flip-flop clocked by clk)
Path Group: clk
Path Type: min

Fanout     Cap    Slew   Delay    Time   Description
-----------------------------------------------------------------------------
                  0.10   10.00   10.00   clock clk (fall edge)
                          0.00   10.00   clock network delay (ideal)
                  0.10    0.00   10.00 v u_imem.u_sram/clk1 (sky130_sram_1kbyte_1rw1r_32x256_8)
                  0.12    1.54   11.54 ^ u_imem.u_sram/dout1[10] (sky130_sram_1kbyte_1rw1r_32x256_8)
     6    0.22                           dbg_instr[10] (net)
                  0.09    0.10   11.64 ^ u_regfile._120_/B (sky130_fd_sc_hd__or4_2)
                  0.04    0.13   11.77 ^ u_regfile._120_/X (sky130_fd_sc_hd__or4_2)
     1    0.00                           u_regfile._017_ (net)
                  0.04    0.00   11.77 ^ u_regfile._121_/A2 (sky130_fd_sc_hd__o211ai_2)
                  0.59    0.44   12.21 v u_regfile._121_/Y (sky130_fd_sc_hd__o211ai_2)
     4    0.10                           u_regfile._000_ (net)
                  0.79    0.04   12.26 v u_regfile.u_sram_rs1/web0 (sky130_sram_1kbyte_1rw1r_32x256_8)
                                 12.26   data arrival time

                  0.10    0.00    0.00   clock clk (rise edge)
                          0.00    0.00   clock network delay (ideal)
                          0.20    0.20   clock uncertainty
                          0.00    0.20   clock reconvergence pessimism
                                  0.20 ^ u_regfile.u_sram_rs1/clk0 (sky130_sram_1kbyte_1rw1r_32x256_8)
                         -0.06    0.14   library hold time
                                  0.14   data required time
-----------------------------------------------------------------------------
                                  0.14   data required time
                                -12.26   data arrival time
-----------------------------------------------------------------------------
                                 12.11   slack (MET)


Startpoint: u_imem.u_sram (falling edge-triggered flip-flop clocked by clk)
Endpoint: u_regfile.u_sram_rs1 (falling edge-triggered flip-flop clocked by clk)
Path Group: clk
Path Type: min

Fanout     Cap    Slew   Delay    Time   Description
-----------------------------------------------------------------------------
                  0.10   10.00   10.00   clock clk (fall edge)
                          0.00   10.00   clock network delay (ideal)
                  0.10    0.00   10.00 v u_imem.u_sram/clk1 (sky130_sram_1kbyte_1rw1r_32x256_8)
                  0.12    1.54   11.54 ^ u_imem.u_sram/dout1[10] (sky130_sram_1kbyte_1rw1r_32x256_8)
     6    0.22                           dbg_instr[10] (net)
                  0.09    0.10   11.64 ^ u_regfile._120_/B (sky130_fd_sc_hd__or4_2)
                  0.04    0.13   11.77 ^ u_regfile._120_/X (sky130_fd_sc_hd__or4_2)
     1    0.00                           u_regfile._017_ (net)
                  0.04    0.00   11.77 ^ u_regfile._121_/A2 (sky130_fd_sc_hd__o211ai_2)
                  0.59    0.44   12.21 v u_regfile._121_/Y (sky130_fd_sc_hd__o211ai_2)
     4    0.10                           u_regfile._000_ (net)
                  0.79    0.04   12.26 v u_regfile.u_sram_rs1/csb0 (sky130_sram_1kbyte_1rw1r_32x256_8)
                                 12.26   data arrival time

                  0.10    0.00    0.00   clock clk (rise edge)
                          0.00    0.00   clock network delay (ideal)
                          0.20    0.20   clock uncertainty
                          0.00    0.20   clock reconvergence pessimism
                                  0.20 ^ u_regfile.u_sram_rs1/clk0 (sky130_sram_1kbyte_1rw1r_32x256_8)
                         -0.06    0.14   library hold time
                                  0.14   data required time
-----------------------------------------------------------------------------
                                  0.14   data required time
                                -12.26   data arrival time
-----------------------------------------------------------------------------
                                 12.11   slack (MET)


Startpoint: u_imem.u_sram (falling edge-triggered flip-flop clocked by clk)
Endpoint: u_regfile.u_sram_rs2 (falling edge-triggered flip-flop clocked by clk)
Path Group: clk
Path Type: min

Fanout     Cap    Slew   Delay    Time   Description
-----------------------------------------------------------------------------
                  0.10   10.00   10.00   clock clk (fall edge)
                          0.00   10.00   clock network delay (ideal)
                  0.10    0.00   10.00 v u_imem.u_sram/clk1 (sky130_sram_1kbyte_1rw1r_32x256_8)
                  0.17    2.13   12.13 v u_imem.u_sram/dout1[24] (sky130_sram_1kbyte_1rw1r_32x256_8)
     6    0.32                           dbg_instr[24] (net)
                  0.17    0.14   12.27 v u_regfile.u_sram_rs2/addr1[4] (sky130_sram_1kbyte_1rw1r_32x256_8)
                                 12.27   data arrival time

                  0.10    0.00    0.00   clock clk (rise edge)
                          0.00    0.00   clock network delay (ideal)
                          0.20    0.20   clock uncertainty
                          0.00    0.20   clock reconvergence pessimism
                                  0.20 ^ u_regfile.u_sram_rs2/clk1 (sky130_sram_1kbyte_1rw1r_32x256_8)
                         -0.06    0.14   library hold time
                                  0.14   data required time
-----------------------------------------------------------------------------
                                  0.14   data required time
                                -12.27   data arrival time
-----------------------------------------------------------------------------
                                 12.13   slack (MET)


Startpoint: u_imem.u_sram (falling edge-triggered flip-flop clocked by clk)
Endpoint: u_regfile.u_sram_rs2 (falling edge-triggered flip-flop clocked by clk)
Path Group: clk
Path Type: min

Fanout     Cap    Slew   Delay    Time   Description
-----------------------------------------------------------------------------
                  0.10   10.00   10.00   clock clk (fall edge)
                          0.00   10.00   clock network delay (ideal)
                  0.10    0.00   10.00 v u_imem.u_sram/clk1 (sky130_sram_1kbyte_1rw1r_32x256_8)
                  0.17    2.10   12.10 v u_imem.u_sram/dout1[22] (sky130_sram_1kbyte_1rw1r_32x256_8)
     6    0.31                           dbg_instr[22] (net)
                  0.17    0.27   12.37 v u_regfile.u_sram_rs2/addr1[2] (sky130_sram_1kbyte_1rw1r_32x256_8)
                                 12.37   data arrival time

                  0.10    0.00    0.00   clock clk (rise edge)
                          0.00    0.00   clock network delay (ideal)
                          0.20    0.20   clock uncertainty
                          0.00    0.20   clock reconvergence pessimism
                                  0.20 ^ u_regfile.u_sram_rs2/clk1 (sky130_sram_1kbyte_1rw1r_32x256_8)
                         -0.06    0.14   library hold time
                                  0.14   data required time
-----------------------------------------------------------------------------
                                  0.14   data required time
                                -12.37   data arrival time
-----------------------------------------------------------------------------
                                 12.22   slack (MET)



