
Magic 8.3 revision 413 - Compiled on Wed Jul 12 10:04:40 UTC 2023.
Starting magic under Tcl interpreter
Using the terminal as the console.
Using NULL graphics device.
Processing system .magicrc file
Sourcing design .magicrc for technology sky130A ...
2 Magic internal units = 1 Lambda
Input style sky130(): scaleFactor=2, multiplier=2
The following types are not handled by extraction and will be treated as non-electrical types:
    ubm 
Scaled tech values by 2 / 1 to match internal grid scaling
Loading sky130A Device Generator Menu ...
Using technology "sky130A", version 1.0.493-0-g0fe599b
Warning: Calma reading is not undoable!  I hope that's OK.
Library written using GDS-II Release 3.0
Library name: riscv32_singlecycle_top
Reading "sky130_fd_sc_hd__clkbuf_8".
Reading "sky130_fd_sc_hd__buf_4".
Reading "sky130_fd_sc_hd__decap_3".
Reading "sky130_fd_sc_hd__fill_2".
Reading "sky130_fd_sc_hd__diode_2".
Reading "sky130_ef_sc_hd__decap_12".
Reading "sky130_fd_sc_hd__decap_8".
Reading "sky130_fd_sc_hd__tapvpwrvgnd_1".
Reading "sky130_fd_sc_hd__decap_6".
Reading "sky130_fd_sc_hd__fill_1".
Reading "sky130_fd_sc_hd__clkbuf_1".
Reading "sky130_fd_sc_hd__decap_4".
Reading "sky130_fd_sc_hd__clkbuf_4".
Reading "sky130_fd_sc_hd__buf_2".
Reading "sky130_fd_sc_hd__buf_1".
Reading "sky130_fd_sc_hd__conb_1".
Reading "sky130_fd_sc_hd__buf_8".
Reading "sky130_fd_sc_hd__buf_6".
Reading "sky130_fd_sc_hd__xnor2_1".
Reading "sky130_fd_sc_hd__nor2_1".
Reading "sky130_fd_sc_hd__nand2_1".
Reading "sky130_fd_sc_hd__or2_1".
Reading "sky130_fd_sc_hd__and2_1".
Reading "sky130_fd_sc_hd__o21ba_1".
Reading "sky130_fd_sc_hd__a21oi_1".
Reading "sky130_fd_sc_hd__or3_1".
Reading "sky130_fd_sc_hd__o21ai_1".
Reading "sky130_fd_sc_hd__inv_2".
Reading "sky130_fd_sc_hd__o21a_1".
Reading "sky130_fd_sc_hd__a22o_1".
Reading "sky130_fd_sc_hd__a31o_1".
Reading "sky130_fd_sc_hd__a21o_1".
Reading "sky130_fd_sc_hd__or2b_1".
Reading "sky130_fd_sc_hd__or4_1".
Reading "sky130_fd_sc_hd__nand3_1".
Reading "sky130_fd_sc_hd__a31oi_1".
Reading "sky130_fd_sc_hd__and2b_1".
Reading "sky130_fd_sc_hd__dlymetal6s2s_1".
Reading "sky130_fd_sc_hd__o211a_1".
Reading "sky130_fd_sc_hd__xor2_1".
Reading "sky130_fd_sc_hd__a211o_1".
Reading "sky130_fd_sc_hd__dfxtp_4".
Reading "sky130_fd_sc_hd__and3_1".
Reading "sky130_fd_sc_hd__xor2_2".
Reading "sky130_fd_sc_hd__a311o_1".
Reading "sky130_fd_sc_hd__a21boi_1".
Reading "sky130_fd_sc_hd__mux2_1".
Reading "sky130_fd_sc_hd__a211oi_1".
Reading "sky130_fd_sc_hd__and3_2".
Reading "sky130_fd_sc_hd__a2111o_1".
Reading "sky130_fd_sc_hd__o31a_1".
Reading "sky130_fd_sc_hd__nor3_1".
Reading "sky130_fd_sc_hd__and4_1".
Reading "sky130_fd_sc_hd__o21bai_2".
Reading "sky130_fd_sc_hd__clkbuf_2".
Reading "sky130_fd_sc_hd__a211o_4".
Reading "sky130_sram_1kbyte_1rw1r_32x256_8_contact_19".
Reading "sky130_sram_1kbyte_1rw1r_32x256_8_contact_13".
Reading "sky130_sram_1kbyte_1rw1r_32x256_8_contact_14".
Reading "sky130_sram_1kbyte_1rw1r_32x256_8_contact_40".
Reading "sky130_sram_1kbyte_1rw1r_32x256_8_contact_34".
Reading "sky130_sram_1kbyte_1rw1r_32x256_8_contact_7".
Reading "sky130_sram_1kbyte_1rw1r_32x256_8_contact_39".
Reading "sky130_sram_1kbyte_1rw1r_32x256_8_contact_33".
Reading "sky130_fd_bd_sram__openram_dff".
Reading "sky130_sram_1kbyte_1rw1r_32x256_8_row_addr_dff".
Error while reading cell "sky130_sram_1kbyte_1rw1r_32x256_8_row_addr_dff" (byte position 337386): Warning: cell "sky130_sram_1kbyte_1rw1r_32x256_8_contact_14" placed on top of itself.  Ignoring the extra one.
Error while reading cell "sky130_sram_1kbyte_1rw1r_32x256_8_row_addr_dff" (byte position 337460): Warning: cell "sky130_sram_1kbyte_1rw1r_32x256_8_contact_19" placed on top of itself.  Ignoring the extra one.
Error while reading cell "sky130_sram_1kbyte_1rw1r_32x256_8_row_addr_dff" (byte position 337534): Warning: cell "sky130_sram_1kbyte_1rw1r_32x256_8_contact_7" placed on top of itself.  Ignoring the extra one.
Error while reading cell "sky130_sram_1kbyte_1rw1r_32x256_8_row_addr_dff" (byte position 338052): Warning: cell "sky130_sram_1kbyte_1rw1r_32x256_8_contact_14" placed on top of itself.  Ignoring the extra one.
Error while reading cell "sky130_sram_1kbyte_1rw1r_32x256_8_row_addr_dff" (byte position 338126): Warning: cell "sky130_sram_1kbyte_1rw1r_32x256_8_contact_19" placed on top of itself.  Ignoring the extra one.
Error while reading cell "sky130_sram_1kbyte_1rw1r_32x256_8_row_addr_dff" (byte position 338200): Warning: cell "sky130_sram_1kbyte_1rw1r_32x256_8_contact_7" placed on top of itself.  Ignoring the extra one.
Error while reading cell "sky130_sram_1kbyte_1rw1r_32x256_8_row_addr_dff" (byte position 338274): Warning: cell "sky130_sram_1kbyte_1rw1r_32x256_8_contact_14" placed on top of itself.  Ignoring the extra one.
Error while reading cell "sky130_sram_1kbyte_1rw1r_32x256_8_row_addr_dff" (byte position 338348): Warning: cell "sky130_sram_1kbyte_1rw1r_32x256_8_contact_19" placed on top of itself.  Ignoring the extra one.
Error while reading cell "sky130_sram_1kbyte_1rw1r_32x256_8_row_addr_dff" (byte position 338422): Warning: cell "sky130_sram_1kbyte_1rw1r_32x256_8_contact_7" placed on top of itself.  Ignoring the extra one.
Error while reading cell "sky130_sram_1kbyte_1rw1r_32x256_8_row_addr_dff" (byte position 338940): Warning: cell "sky130_sram_1kbyte_1rw1r_32x256_8_contact_14" placed on top of itself.  Ignoring the extra one.
Error while reading cell "sky130_sram_1kbyte_1rw1r_32x256_8_row_addr_dff" (byte position 339014): Warning: cell "sky130_sram_1kbyte_1rw1r_32x256_8_contact_19" placed on top of itself.  Ignoring the extra one.
Error while reading cell "sky130_sram_1kbyte_1rw1r_32x256_8_row_addr_dff" (byte position 339088): Warning: cell "sky130_sram_1kbyte_1rw1r_32x256_8_contact_7" placed on top of itself.  Ignoring the extra one.
Error while reading cell "sky130_sram_1kbyte_1rw1r_32x256_8_row_addr_dff" (byte position 339162): Warning: cell "sky130_sram_1kbyte_1rw1r_32x256_8_contact_14" placed on top of itself.  Ignoring the extra one.
Error while reading cell "sky130_sram_1kbyte_1rw1r_32x256_8_row_addr_dff" (byte position 339236): Warning: cell "sky130_sram_1kbyte_1rw1r_32x256_8_contact_19" placed on top of itself.  Ignoring the extra one.
Error while reading cell "sky130_sram_1kbyte_1rw1r_32x256_8_row_addr_dff" (byte position 339310): Warning: cell "sky130_sram_1kbyte_1rw1r_32x256_8_contact_7" placed on top of itself.  Ignoring the extra one.
Error while reading cell "sky130_sram_1kbyte_1rw1r_32x256_8_row_addr_dff" (byte position 339828): Warning: cell "sky130_sram_1kbyte_1rw1r_32x256_8_contact_14" placed on top of itself.  Ignoring the extra one.
Error while reading cell "sky130_sram_1kbyte_1rw1r_32x256_8_row_addr_dff" (byte position 339902): Warning: cell "sky130_sram_1kbyte_1rw1r_32x256_8_contact_19" placed on top of itself.  Ignoring the extra one.
Error while reading cell "sky130_sram_1kbyte_1rw1r_32x256_8_row_addr_dff" (byte position 339976): Warning: cell "sky130_sram_1kbyte_1rw1r_32x256_8_contact_7" placed on top of itself.  Ignoring the extra one.
Reading "sky130_sram_1kbyte_1rw1r_32x256_8_col_addr_dff".
Reading "sky130_sram_1kbyte_1rw1r_32x256_8_wmask_dff".
Reading "sky130_sram_1kbyte_1rw1r_32x256_8_cr_3".
Reading "sky130_sram_1kbyte_1rw1r_32x256_8_contact_16".
Reading "sky130_sram_1kbyte_1rw1r_32x256_8_contact_29".
Reading "sky130_sram_1kbyte_1rw1r_32x256_8_contact_28".
Reading "sky130_sram_1kbyte_1rw1r_32x256_8_contact_11".
Reading "sky130_sram_1kbyte_1rw1r_32x256_8_nmos_m1_w0_360_sli_dli_da_p".
Reading "sky130_sram_1kbyte_1rw1r_32x256_8_contact_12".
Reading "sky130_sram_1kbyte_1rw1r_32x256_8_pmos_m1_w1_120_sli_dli_da_p".
Reading "sky130_sram_1kbyte_1rw1r_32x256_8_pinv_0".
Reading "sky130_sram_1kbyte_1rw1r_32x256_8_nmos_m1_w0_740_sactive_dli".
Reading "sky130_sram_1kbyte_1rw1r_32x256_8_nmos_m1_w0_740_sli_dactive".
Reading "sky130_sram_1kbyte_1rw1r_32x256_8_pmos_m1_w1_120_sli_dli".
Reading "sky130_sram_1kbyte_1rw1r_32x256_8_pnand2_1".
Reading "sky130_sram_1kbyte_1rw1r_32x256_8_nmos_m3_w1_680_sli_dli_da_p".
Reading "sky130_sram_1kbyte_1rw1r_32x256_8_pmos_m3_w1_680_sli_dli_da_p".
Reading "sky130_sram_1kbyte_1rw1r_32x256_8_pinv_2".
Reading "sky130_sram_1kbyte_1rw1r_32x256_8_nmos_m2_w0_740_sli_dli_da_p".
Reading "sky130_sram_1kbyte_1rw1r_32x256_8_pmos_m2_w1_260_sli_dli_da_p".
Reading "sky130_sram_1kbyte_1rw1r_32x256_8_pinv_1".
Reading "sky130_sram_1kbyte_1rw1r_32x256_8_dff_buf_0".
Reading "sky130_sram_1kbyte_1rw1r_32x256_8_dff_buf_array".
Error while reading cell "sky130_sram_1kbyte_1rw1r_32x256_8_dff_buf_array" (byte position 377510): Warning: cell "sky130_sram_1kbyte_1rw1r_32x256_8_contact_14" placed on top of itself.  Ignoring the extra one.
Error while reading cell "sky130_sram_1kbyte_1rw1r_32x256_8_dff_buf_array" (byte position 377584): Warning: cell "sky130_sram_1kbyte_1rw1r_32x256_8_contact_19" placed on top of itself.  Ignoring the extra one.
Error while reading cell "sky130_sram_1kbyte_1rw1r_32x256_8_dff_buf_array" (byte position 377658): Warning: cell "sky130_sram_1kbyte_1rw1r_32x256_8_contact_7" placed on top of itself.  Ignoring the extra one.
Reading "sky130_sram_1kbyte_1rw1r_32x256_8_nmos_m7_w1_680_sli_dli_da_p".
Reading "sky130_sram_1kbyte_1rw1r_32x256_8_pmos_m7_w2_000_sli_dli_da_p".
Reading "sky130_sram_1kbyte_1rw1r_32x256_8_pinv_3".
Reading "sky130_sram_1kbyte_1rw1r_32x256_8_pdriver_0".
Reading "sky130_sram_1kbyte_1rw1r_32x256_8_pnand2_0".
Reading "sky130_sram_1kbyte_1rw1r_32x256_8_pand2_0".
Reading "sky130_sram_1kbyte_1rw1r_32x256_8_nmos_m12_w2_000_sli_dli_da_p".
Reading "sky130_sram_1kbyte_1rw1r_32x256_8_pmos_m12_w2_000_sli_dli_da_p".
Reading "sky130_sram_1kbyte_1rw1r_32x256_8_pinv_18".
Reading "sky130_sram_1kbyte_1rw1r_32x256_8_nmos_m4_w1_260_sli_dli_da_p".
Reading "sky130_sram_1kbyte_1rw1r_32x256_8_pmos_m4_w2_000_sli_dli_da_p".
Reading "sky130_sram_1kbyte_1rw1r_32x256_8_pinv_17".
Reading "sky130_sram_1kbyte_1rw1r_32x256_8_pinv_11".
Reading "sky130_sram_1kbyte_1rw1r_32x256_8_pinv_6".
Reading "sky130_sram_1kbyte_1rw1r_32x256_8_pdriver_5".
Reading "sky130_sram_1kbyte_1rw1r_32x256_8_pinv_19".
Reading "sky130_sram_1kbyte_1rw1r_32x256_8_delay_chain".
Error while reading cell "sky130_sram_1kbyte_1rw1r_32x256_8_delay_chain" (byte position 432576): Warning: cell "sky130_sram_1kbyte_1rw1r_32x256_8_contact_14" placed on top of itself.  Ignoring the extra one.
Error while reading cell "sky130_sram_1kbyte_1rw1r_32x256_8_delay_chain" (byte position 432650): Warning: cell "sky130_sram_1kbyte_1rw1r_32x256_8_contact_19" placed on top of itself.  Ignoring the extra one.
Error while reading cell "sky130_sram_1kbyte_1rw1r_32x256_8_delay_chain" (byte position 432724): Warning: cell "sky130_sram_1kbyte_1rw1r_32x256_8_contact_7" placed on top of itself.  Ignoring the extra one.
Error while reading cell "sky130_sram_1kbyte_1rw1r_32x256_8_delay_chain" (byte position 433242): Warning: cell "sky130_sram_1kbyte_1rw1r_32x256_8_contact_14" placed on top of itself.  Ignoring the extra one.
Error while reading cell "sky130_sram_1kbyte_1rw1r_32x256_8_delay_chain" (byte position 433316): Warning: cell "sky130_sram_1kbyte_1rw1r_32x256_8_contact_19" placed on top of itself.  Ignoring the extra one.
Error while reading cell "sky130_sram_1kbyte_1rw1r_32x256_8_delay_chain" (byte position 433390): Warning: cell "sky130_sram_1kbyte_1rw1r_32x256_8_contact_7" placed on top of itself.  Ignoring the extra one.
Error while reading cell "sky130_sram_1kbyte_1rw1r_32x256_8_delay_chain" (byte position 433464): Warning: cell "sky130_sram_1kbyte_1rw1r_32x256_8_contact_14" placed on top of itself.  Ignoring the extra one.
Error while reading cell "sky130_sram_1kbyte_1rw1r_32x256_8_delay_chain" (byte position 434714): Warning: cell "sky130_sram_1kbyte_1rw1r_32x256_8_contact_14" placed on top of itself.  Ignoring the extra one.
Error while reading cell "sky130_sram_1kbyte_1rw1r_32x256_8_delay_chain" (byte position 434788): Warning: cell "sky130_sram_1kbyte_1rw1r_32x256_8_contact_19" placed on top of itself.  Ignoring the extra one.
Error while reading cell "sky130_sram_1kbyte_1rw1r_32x256_8_delay_chain" (byte position 434862): Warning: cell "sky130_sram_1kbyte_1rw1r_32x256_8_contact_7" placed on top of itself.  Ignoring the extra one.
Error while reading cell "sky130_sram_1kbyte_1rw1r_32x256_8_delay_chain" (byte position 436046): Warning: cell "sky130_sram_1kbyte_1rw1r_32x256_8_contact_14" placed on top of itself.  Ignoring the extra one.
Error while reading cell "sky130_sram_1kbyte_1rw1r_32x256_8_delay_chain" (byte position 436120): Warning: cell "sky130_sram_1kbyte_1rw1r_32x256_8_contact_19" placed on top of itself.  Ignoring the extra one.
Error while reading cell "sky130_sram_1kbyte_1rw1r_32x256_8_delay_chain" (byte position 436194): Warning: cell "sky130_sram_1kbyte_1rw1r_32x256_8_contact_7" placed on top of itself.  Ignoring the extra one.
Error while reading cell "sky130_sram_1kbyte_1rw1r_32x256_8_delay_chain" (byte position 437230): Warning: cell "sky130_sram_1kbyte_1rw1r_32x256_8_contact_19" placed on top of itself.  Ignoring the extra one.
Error while reading cell "sky130_sram_1kbyte_1rw1r_32x256_8_delay_chain" (byte position 437304): Warning: cell "sky130_sram_1kbyte_1rw1r_32x256_8_contact_7" placed on top of itself.  Ignoring the extra one.
Error while reading cell "sky130_sram_1kbyte_1rw1r_32x256_8_delay_chain" (byte position 438928): Warning: cell "sky130_sram_1kbyte_1rw1r_32x256_8_contact_14" placed on top of itself.  Ignoring the extra one.
Error while reading cell "sky130_sram_1kbyte_1rw1r_32x256_8_delay_chain" (byte position 439002): Warning: cell "sky130_sram_1kbyte_1rw1r_32x256_8_contact_19" placed on top of itself.  Ignoring the extra one.
Error while reading cell "sky130_sram_1kbyte_1rw1r_32x256_8_delay_chain" (byte position 439076): Warning: cell "sky130_sram_1kbyte_1rw1r_32x256_8_contact_7" placed on top of itself.  Ignoring the extra one.
Error while reading cell "sky130_sram_1kbyte_1rw1r_32x256_8_delay_chain" (byte position 439150): Warning: cell "sky130_sram_1kbyte_1rw1r_32x256_8_contact_14" placed on top of itself.  Ignoring the extra one.
Error while reading cell "sky130_sram_1kbyte_1rw1r_32x256_8_delay_chain" (byte position 439742): Warning: cell "sky130_sram_1kbyte_1rw1r_32x256_8_contact_19" placed on top of itself.  Ignoring the extra one.
Error while reading cell "sky130_sram_1kbyte_1rw1r_32x256_8_delay_chain" (byte position 439816): Warning: cell "sky130_sram_1kbyte_1rw1r_32x256_8_contact_7" placed on top of itself.  Ignoring the extra one.
Error while reading cell "sky130_sram_1kbyte_1rw1r_32x256_8_delay_chain" (byte position 440258): Warning: cell "sky130_sram_1kbyte_1rw1r_32x256_8_contact_7" placed on top of itself.  Ignoring the extra one.
Error while reading cell "sky130_sram_1kbyte_1rw1r_32x256_8_delay_chain" (byte position 440922): Warning: cell "sky130_sram_1kbyte_1rw1r_32x256_8_contact_14" placed on top of itself.  Ignoring the extra one.
Error while reading cell "sky130_sram_1kbyte_1rw1r_32x256_8_delay_chain" (byte position 440996): Warning: cell "sky130_sram_1kbyte_1rw1r_32x256_8_contact_14" placed on top of itself.  Ignoring the extra one.
Error while reading cell "sky130_sram_1kbyte_1rw1r_32x256_8_delay_chain" (byte position 441070): Warning: cell "sky130_sram_1kbyte_1rw1r_32x256_8_contact_19" placed on top of itself.  Ignoring the extra one.
Error while reading cell "sky130_sram_1kbyte_1rw1r_32x256_8_delay_chain" (byte position 441942): Warning: cell "sky130_sram_1kbyte_1rw1r_32x256_8_contact_7" placed on top of itself.  Ignoring the extra one.
Error while reading cell "sky130_sram_1kbyte_1rw1r_32x256_8_delay_chain" (byte position 442238): Warning: cell "sky130_sram_1kbyte_1rw1r_32x256_8_contact_14" placed on top of itself.  Ignoring the extra one.
Error while reading cell "sky130_sram_1kbyte_1rw1r_32x256_8_delay_chain" (byte position 442312): Warning: cell "sky130_sram_1kbyte_1rw1r_32x256_8_contact_19" placed on top of itself.  Ignoring the extra one.
Error while reading cell "sky130_sram_1kbyte_1rw1r_32x256_8_delay_chain" (byte position 442386): Warning: cell "sky130_sram_1kbyte_1rw1r_32x256_8_contact_7" placed on top of itself.  Ignoring the extra one.
Error while reading cell "sky130_sram_1kbyte_1rw1r_32x256_8_delay_chain" (byte position 443792): Warning: cell "sky130_sram_1kbyte_1rw1r_32x256_8_contact_14" placed on top of itself.  Ignoring the extra one.
Error while reading cell "sky130_sram_1kbyte_1rw1r_32x256_8_delay_chain" (byte position 444010): Warning: cell "sky130_sram_1kbyte_1rw1r_32x256_8_contact_19" placed on top of itself.  Ignoring the extra one.
Error while reading cell "sky130_sram_1kbyte_1rw1r_32x256_8_delay_chain" (byte position 444824): Warning: cell "sky130_sram_1kbyte_1rw1r_32x256_8_contact_19" placed on top of itself.  Ignoring the extra one.
Error while reading cell "sky130_sram_1kbyte_1rw1r_32x256_8_delay_chain" (byte position 444898): Warning: cell "sky130_sram_1kbyte_1rw1r_32x256_8_contact_7" placed on top of itself.  Ignoring the extra one.
Error while reading cell "sky130_sram_1kbyte_1rw1r_32x256_8_delay_chain" (byte position 446156): Warning: cell "sky130_sram_1kbyte_1rw1r_32x256_8_contact_7" placed on top of itself.  Ignoring the extra one.
Error while reading cell "sky130_sram_1kbyte_1rw1r_32x256_8_delay_chain" (byte position 446748): Warning: cell "sky130_sram_1kbyte_1rw1r_32x256_8_contact_14" placed on top of itself.  Ignoring the extra one.
Error while reading cell "sky130_sram_1kbyte_1rw1r_32x256_8_delay_chain" (byte position 447410): Warning: cell "sky130_sram_1kbyte_1rw1r_32x256_8_contact_14" placed on top of itself.  Ignoring the extra one.
Error while reading cell "sky130_sram_1kbyte_1rw1r_32x256_8_delay_chain" (byte position 447484): Warning: cell "sky130_sram_1kbyte_1rw1r_32x256_8_contact_19" placed on top of itself.  Ignoring the extra one.
Error while reading cell "sky130_sram_1kbyte_1rw1r_32x256_8_delay_chain" (byte position 449848): Warning: cell "sky130_sram_1kbyte_1rw1r_32x256_8_contact_14" placed on top of itself.  Ignoring the extra one.
Error while reading cell "sky130_sram_1kbyte_1rw1r_32x256_8_delay_chain" (byte position 449922): Warning: cell "sky130_sram_1kbyte_1rw1r_32x256_8_contact_19" placed on top of itself.  Ignoring the extra one.
Error while reading cell "sky130_sram_1kbyte_1rw1r_32x256_8_delay_chain" (byte position 449996): Warning: cell "sky130_sram_1kbyte_1rw1r_32x256_8_contact_7" placed on top of itself.  Ignoring the extra one.
Error while reading cell "sky130_sram_1kbyte_1rw1r_32x256_8_delay_chain" (byte position 450070): Warning: cell "sky130_sram_1kbyte_1rw1r_32x256_8_contact_14" placed on top of itself.  Ignoring the extra one.
Error while reading cell "sky130_sram_1kbyte_1rw1r_32x256_8_delay_chain" (byte position 450144): Warning: cell "sky130_sram_1kbyte_1rw1r_32x256_8_contact_19" placed on top of itself.  Ignoring the extra one.
Error while reading cell "sky130_sram_1kbyte_1rw1r_32x256_8_delay_chain" (byte position 450218): Warning: cell "sky130_sram_1kbyte_1rw1r_32x256_8_contact_7" placed on top of itself.  Ignoring the extra one.
Error while reading cell "sky130_sram_1kbyte_1rw1r_32x256_8_delay_chain" (byte position 451616): Warning: cell "sky130_sram_1kbyte_1rw1r_32x256_8_contact_19" placed on top of itself.  Ignoring the extra one.
Error while reading cell "sky130_sram_1kbyte_1rw1r_32x256_8_delay_chain" (byte position 451690): Warning: cell "sky130_sram_1kbyte_1rw1r_32x256_8_contact_7" placed on top of itself.  Ignoring the extra one.
Error while reading cell "sky130_sram_1kbyte_1rw1r_32x256_8_delay_chain" (byte position 452500): Warning: cell "sky130_sram_1kbyte_1rw1r_32x256_8_contact_14" placed on top of itself.  Ignoring the extra one.
Error while reading cell "sky130_sram_1kbyte_1rw1r_32x256_8_delay_chain" (byte position 452574): Warning: cell "sky130_sram_1kbyte_1rw1r_32x256_8_contact_19" placed on top of itself.  Ignoring the extra one.
Error while reading cell "sky130_sram_1kbyte_1rw1r_32x256_8_delay_chain" (byte position 452648): Warning: cell "sky130_sram_1kbyte_1rw1r_32x256_8_contact_7" placed on top of itself.  Ignoring the extra one.
Error while reading cell "sky130_sram_1kbyte_1rw1r_32x256_8_delay_chain" (byte position 452944): Warning: cell "sky130_sram_1kbyte_1rw1r_32x256_8_contact_14" placed on top of itself.  Ignoring the extra one.
Reading "sky130_sram_1kbyte_1rw1r_32x256_8_nmos_m18_w2_000_sli_dli_da_p".
Reading "sky130_sram_1kbyte_1rw1r_32x256_8_pmos_m18_w2_000_sli_dli_da_p".
Reading "sky130_sram_1kbyte_1rw1r_32x256_8_pinv_16".
Reading "sky130_sram_1kbyte_1rw1r_32x256_8_pdriver_4".
Reading "sky130_sram_1kbyte_1rw1r_32x256_8_nmos_m1_w0_740_sactive_dactive".
Reading "sky130_sram_1kbyte_1rw1r_32x256_8_pnand3".
Reading "sky130_sram_1kbyte_1rw1r_32x256_8_pand3_0".
Reading "sky130_sram_1kbyte_1rw1r_32x256_8_nmos_m22_w2_000_sli_dli_da_p".
Reading "sky130_sram_1kbyte_1rw1r_32x256_8_pmos_m22_w2_000_sli_dli_da_p".
Reading "sky130_sram_1kbyte_1rw1r_32x256_8_pinv_15".
Reading "sky130_sram_1kbyte_1rw1r_32x256_8_pdriver_3".
Reading "sky130_sram_1kbyte_1rw1r_32x256_8_pand3".
Reading "sky130_sram_1kbyte_1rw1r_32x256_8_nmos_m24_w2_000_sli_dli_da_p".
Reading "sky130_sram_1kbyte_1rw1r_32x256_8_pmos_m24_w2_000_sli_dli_da_p".
Reading "sky130_sram_1kbyte_1rw1r_32x256_8_pinv_14".
Reading "sky130_sram_1kbyte_1rw1r_32x256_8_nmos_m8_w2_000_sli_dli_da_p".
Reading "sky130_sram_1kbyte_1rw1r_32x256_8_pmos_m8_w2_000_sli_dli_da_p".
Reading "sky130_sram_1kbyte_1rw1r_32x256_8_pinv_13".
Reading "sky130_sram_1kbyte_1rw1r_32x256_8_nmos_m3_w2_000_sli_dli_da_p".
Reading "sky130_sram_1kbyte_1rw1r_32x256_8_pmos_m3_w2_000_sli_dli_da_p".
Reading "sky130_sram_1kbyte_1rw1r_32x256_8_pinv_12".
Reading "sky130_sram_1kbyte_1rw1r_32x256_8_pdriver_2".
Reading "sky130_sram_1kbyte_1rw1r_32x256_8_nmos_m40_w2_000_sli_dli_da_p".
Reading "sky130_sram_1kbyte_1rw1r_32x256_8_pmos_m40_w2_000_sli_dli_da_p".
Reading "sky130_sram_1kbyte_1rw1r_32x256_8_pinv_10".
Reading "sky130_sram_1kbyte_1rw1r_32x256_8_nmos_m13_w2_000_sli_dli_da_p".
Reading "sky130_sram_1kbyte_1rw1r_32x256_8_pmos_m13_w2_000_sli_dli_da_p".
Reading "sky130_sram_1kbyte_1rw1r_32x256_8_pinv_9".
Reading "sky130_sram_1kbyte_1rw1r_32x256_8_nmos_m5_w1_680_sli_dli_da_p".
Reading "sky130_sram_1kbyte_1rw1r_32x256_8_pmos_m5_w2_000_sli_dli_da_p".
Reading "sky130_sram_1kbyte_1rw1r_32x256_8_pinv_8".
Reading "sky130_sram_1kbyte_1rw1r_32x256_8_nmos_m2_w1_260_sli_dli_da_p".
Reading "sky130_sram_1kbyte_1rw1r_32x256_8_pmos_m2_w2_000_sli_dli_da_p".
Reading "sky130_sram_1kbyte_1rw1r_32x256_8_pinv_7".
Reading "sky130_sram_1kbyte_1rw1r_32x256_8_pdriver_1".
Reading "sky130_sram_1kbyte_1rw1r_32x256_8_control_logic_rw".
Error while reading cell "sky130_sram_1kbyte_1rw1r_32x256_8_control_logic_rw" (byte position 580982): Warning: cell "sky130_sram_1kbyte_1rw1r_32x256_8_contact_14" placed on top of itself.  Ignoring the extra one.
Error while reading cell "sky130_sram_1kbyte_1rw1r_32x256_8_control_logic_rw" (byte position 581056): Warning: cell "sky130_sram_1kbyte_1rw1r_32x256_8_contact_19" placed on top of itself.  Ignoring the extra one.
Error while reading cell "sky130_sram_1kbyte_1rw1r_32x256_8_control_logic_rw" (byte position 581130): Warning: cell "sky130_sram_1kbyte_1rw1r_32x256_8_contact_7" placed on top of itself.  Ignoring the extra one.
Error while reading cell "sky130_sram_1kbyte_1rw1r_32x256_8_control_logic_rw" (byte position 584606): Warning: cell "sky130_sram_1kbyte_1rw1r_32x256_8_contact_14" placed on top of itself.  Ignoring the extra one.
Error while reading cell "sky130_sram_1kbyte_1rw1r_32x256_8_control_logic_rw" (byte position 584680): Warning: cell "sky130_sram_1kbyte_1rw1r_32x256_8_contact_19" placed on top of itself.  Ignoring the extra one.
Error while reading cell "sky130_sram_1kbyte_1rw1r_32x256_8_control_logic_rw" (byte position 584754): Warning: cell "sky130_sram_1kbyte_1rw1r_32x256_8_contact_7" placed on top of itself.  Ignoring the extra one.
Error while reading cell "sky130_sram_1kbyte_1rw1r_32x256_8_control_logic_rw" (byte position 585716): Warning: cell "sky130_sram_1kbyte_1rw1r_32x256_8_contact_14" placed on top of itself.  Ignoring the extra one.
Error while reading cell "sky130_sram_1kbyte_1rw1r_32x256_8_control_logic_rw" (byte position 585790): Warning: cell "sky130_sram_1kbyte_1rw1r_32x256_8_contact_19" placed on top of itself.  Ignoring the extra one.
Error while reading cell "sky130_sram_1kbyte_1rw1r_32x256_8_control_logic_rw" (byte position 586970): Warning: cell "sky130_sram_1kbyte_1rw1r_32x256_8_contact_7" placed on top of itself.  Ignoring the extra one.
Error while reading cell "sky130_sram_1kbyte_1rw1r_32x256_8_control_logic_rw" (byte position 587488): Warning: cell "sky130_sram_1kbyte_1rw1r_32x256_8_contact_14" placed on top of itself.  Ignoring the extra one.
Error while reading cell "sky130_sram_1kbyte_1rw1r_32x256_8_control_logic_rw" (byte position 587562): Warning: cell "sky130_sram_1kbyte_1rw1r_32x256_8_contact_19" placed on top of itself.  Ignoring the extra one.
Error while reading cell "sky130_sram_1kbyte_1rw1r_32x256_8_control_logic_rw" (byte position 587636): Warning: cell "sky130_sram_1kbyte_1rw1r_32x256_8_contact_7" placed on top of itself.  Ignoring the extra one.
Error while reading cell "sky130_sram_1kbyte_1rw1r_32x256_8_control_logic_rw" (byte position 587710): Warning: cell "sky130_sram_1kbyte_1rw1r_32x256_8_contact_14" placed on top of itself.  Ignoring the extra one.
Error while reading cell "sky130_sram_1kbyte_1rw1r_32x256_8_control_logic_rw" (byte position 587784): Warning: cell "sky130_sram_1kbyte_1rw1r_32x256_8_contact_19" placed on top of itself.  Ignoring the extra one.
Error while reading cell "sky130_sram_1kbyte_1rw1r_32x256_8_control_logic_rw" (byte position 587858): Warning: cell "sky130_sram_1kbyte_1rw1r_32x256_8_contact_7" placed on top of itself.  Ignoring the extra one.
Error while reading cell "sky130_sram_1kbyte_1rw1r_32x256_8_control_logic_rw" (byte position 588376): Warning: cell "sky130_sram_1kbyte_1rw1r_32x256_8_contact_14" placed on top of itself.  Ignoring the extra one.
Error while reading cell "sky130_sram_1kbyte_1rw1r_32x256_8_control_logic_rw" (byte position 588450): Warning: cell "sky130_sram_1kbyte_1rw1r_32x256_8_contact_19" placed on top of itself.  Ignoring the extra one.
Error while reading cell "sky130_sram_1kbyte_1rw1r_32x256_8_control_logic_rw" (byte position 588524): Warning: cell "sky130_sram_1kbyte_1rw1r_32x256_8_contact_7" placed on top of itself.  Ignoring the extra one.
Error while reading cell "sky130_sram_1kbyte_1rw1r_32x256_8_control_logic_rw" (byte position 588598): Warning: cell "sky130_sram_1kbyte_1rw1r_32x256_8_contact_14" placed on top of itself.  Ignoring the extra one.
Error while reading cell "sky130_sram_1kbyte_1rw1r_32x256_8_control_logic_rw" (byte position 588672): Warning: cell "sky130_sram_1kbyte_1rw1r_32x256_8_contact_19" placed on top of itself.  Ignoring the extra one.
Error while reading cell "sky130_sram_1kbyte_1rw1r_32x256_8_control_logic_rw" (byte position 588746): Warning: cell "sky130_sram_1kbyte_1rw1r_32x256_8_contact_7" placed on top of itself.  Ignoring the extra one.
Error while reading cell "sky130_sram_1kbyte_1rw1r_32x256_8_control_logic_rw" (byte position 589264): Warning: cell "sky130_sram_1kbyte_1rw1r_32x256_8_contact_14" placed on top of itself.  Ignoring the extra one.
Error while reading cell "sky130_sram_1kbyte_1rw1r_32x256_8_control_logic_rw" (byte position 589338): Warning: cell "sky130_sram_1kbyte_1rw1r_32x256_8_contact_19" placed on top of itself.  Ignoring the extra one.
Error while reading cell "sky130_sram_1kbyte_1rw1r_32x256_8_control_logic_rw" (byte position 589412): Warning: cell "sky130_sram_1kbyte_1rw1r_32x256_8_contact_7" placed on top of itself.  Ignoring the extra one.
Error while reading cell "sky130_sram_1kbyte_1rw1r_32x256_8_control_logic_rw" (byte position 589486): Warning: cell "sky130_sram_1kbyte_1rw1r_32x256_8_contact_14" placed on top of itself.  Ignoring the extra one.
Error while reading cell "sky130_sram_1kbyte_1rw1r_32x256_8_control_logic_rw" (byte position 589560): Warning: cell "sky130_sram_1kbyte_1rw1r_32x256_8_contact_19" placed on top of itself.  Ignoring the extra one.
Error while reading cell "sky130_sram_1kbyte_1rw1r_32x256_8_control_logic_rw" (byte position 589782): Warning: cell "sky130_sram_1kbyte_1rw1r_32x256_8_contact_14" placed on top of itself.  Ignoring the extra one.
Error while reading cell "sky130_sram_1kbyte_1rw1r_32x256_8_control_logic_rw" (byte position 589856): Warning: cell "sky130_sram_1kbyte_1rw1r_32x256_8_contact_19" placed on top of itself.  Ignoring the extra one.
Reading "sky130_sram_1kbyte_1rw1r_32x256_8_cr_5".
Reading "sky130_sram_1kbyte_1rw1r_32x256_8_dff_buf_array_0".
Reading "sky130_sram_1kbyte_1rw1r_32x256_8_nmos_m39_w2_000_sli_dli_da_p".
Reading "sky130_sram_1kbyte_1rw1r_32x256_8_pmos_m39_w2_000_sli_dli_da_p".
Reading "sky130_sram_1kbyte_1rw1r_32x256_8_pinv_20".
Reading "sky130_sram_1kbyte_1rw1r_32x256_8_pdriver_6".
Reading "sky130_sram_1kbyte_1rw1r_32x256_8_control_logic_r".
Error while reading cell "sky130_sram_1kbyte_1rw1r_32x256_8_control_logic_r" (byte position 634466): Warning: cell "sky130_sram_1kbyte_1rw1r_32x256_8_contact_14" placed on top of itself.  Ignoring the extra one.
Error while reading cell "sky130_sram_1kbyte_1rw1r_32x256_8_control_logic_r" (byte position 634540): Warning: cell "sky130_sram_1kbyte_1rw1r_32x256_8_contact_19" placed on top of itself.  Ignoring the extra one.
Error while reading cell "sky130_sram_1kbyte_1rw1r_32x256_8_control_logic_r" (byte position 634614): Warning: cell "sky130_sram_1kbyte_1rw1r_32x256_8_contact_7" placed on top of itself.  Ignoring the extra one.
Error while reading cell "sky130_sram_1kbyte_1rw1r_32x256_8_control_logic_r" (byte position 635576): Warning: cell "sky130_sram_1kbyte_1rw1r_32x256_8_contact_14" placed on top of itself.  Ignoring the extra one.
Error while reading cell "sky130_sram_1kbyte_1rw1r_32x256_8_control_logic_r" (byte position 635650): Warning: cell "sky130_sram_1kbyte_1rw1r_32x256_8_contact_19" placed on top of itself.  Ignoring the extra one.
Error while reading cell "sky130_sram_1kbyte_1rw1r_32x256_8_control_logic_r" (byte position 635872): Warning: cell "sky130_sram_1kbyte_1rw1r_32x256_8_contact_14" placed on top of itself.  Ignoring the extra one.
Error while reading cell "sky130_sram_1kbyte_1rw1r_32x256_8_control_logic_r" (byte position 635946): Warning: cell "sky130_sram_1kbyte_1rw1r_32x256_8_contact_19" placed on top of itself.  Ignoring the extra one.
Error while reading cell "sky130_sram_1kbyte_1rw1r_32x256_8_control_logic_r" (byte position 636834): Warning: cell "sky130_sram_1kbyte_1rw1r_32x256_8_contact_14" placed on top of itself.  Ignoring the extra one.
Error while reading cell "sky130_sram_1kbyte_1rw1r_32x256_8_control_logic_r" (byte position 636908): Warning: cell "sky130_sram_1kbyte_1rw1r_32x256_8_contact_19" placed on top of itself.  Ignoring the extra one.
Error while reading cell "sky130_sram_1kbyte_1rw1r_32x256_8_control_logic_r" (byte position 636982): Warning: cell "sky130_sram_1kbyte_1rw1r_32x256_8_contact_7" placed on top of itself.  Ignoring the extra one.
Error while reading cell "sky130_sram_1kbyte_1rw1r_32x256_8_control_logic_r" (byte position 637500): Warning: cell "sky130_sram_1kbyte_1rw1r_32x256_8_contact_14" placed on top of itself.  Ignoring the extra one.
Error while reading cell "sky130_sram_1kbyte_1rw1r_32x256_8_control_logic_r" (byte position 637574): Warning: cell "sky130_sram_1kbyte_1rw1r_32x256_8_contact_19" placed on top of itself.  Ignoring the extra one.
Error while reading cell "sky130_sram_1kbyte_1rw1r_32x256_8_control_logic_r" (byte position 637648): Warning: cell "sky130_sram_1kbyte_1rw1r_32x256_8_contact_7" placed on top of itself.  Ignoring the extra one.
Error while reading cell "sky130_sram_1kbyte_1rw1r_32x256_8_control_logic_r" (byte position 637722): Warning: cell "sky130_sram_1kbyte_1rw1r_32x256_8_contact_14" placed on top of itself.  Ignoring the extra one.
Error while reading cell "sky130_sram_1kbyte_1rw1r_32x256_8_control_logic_r" (byte position 637796): Warning: cell "sky130_sram_1kbyte_1rw1r_32x256_8_contact_19" placed on top of itself.  Ignoring the extra one.
Error while reading cell "sky130_sram_1kbyte_1rw1r_32x256_8_control_logic_r" (byte position 637870): Warning: cell "sky130_sram_1kbyte_1rw1r_32x256_8_contact_7" placed on top of itself.  Ignoring the extra one.
Error while reading cell "sky130_sram_1kbyte_1rw1r_32x256_8_control_logic_r" (byte position 638388): Warning: cell "sky130_sram_1kbyte_1rw1r_32x256_8_contact_14" placed on top of itself.  Ignoring the extra one.
Error while reading cell "sky130_sram_1kbyte_1rw1r_32x256_8_control_logic_r" (byte position 638462): Warning: cell "sky130_sram_1kbyte_1rw1r_32x256_8_contact_19" placed on top of itself.  Ignoring the extra one.
Error while reading cell "sky130_sram_1kbyte_1rw1r_32x256_8_control_logic_r" (byte position 638536): Warning: cell "sky130_sram_1kbyte_1rw1r_32x256_8_contact_7" placed on top of itself.  Ignoring the extra one.
Error while reading cell "sky130_sram_1kbyte_1rw1r_32x256_8_control_logic_r" (byte position 638610): Warning: cell "sky130_sram_1kbyte_1rw1r_32x256_8_contact_14" placed on top of itself.  Ignoring the extra one.
Error while reading cell "sky130_sram_1kbyte_1rw1r_32x256_8_control_logic_r" (byte position 638684): Warning: cell "sky130_sram_1kbyte_1rw1r_32x256_8_contact_19" placed on top of itself.  Ignoring the extra one.
Error while reading cell "sky130_sram_1kbyte_1rw1r_32x256_8_control_logic_r" (byte position 638758): Warning: cell "sky130_sram_1kbyte_1rw1r_32x256_8_contact_7" placed on top of itself.  Ignoring the extra one.
Reading "sky130_sram_1kbyte_1rw1r_32x256_8_cr_4".
Reading "sky130_sram_1kbyte_1rw1r_32x256_8_data_dff".
Reading "sky130_sram_1kbyte_1rw1r_32x256_8_pinvbuf".
Reading "sky130_sram_1kbyte_1rw1r_32x256_8_contact_15".
Reading "sky130_sram_1kbyte_1rw1r_32x256_8_nmos_m1_w7_000_sli_dli_da_p".
Reading "sky130_sram_1kbyte_1rw1r_32x256_8_pmos_m1_w7_000_sli_dli_da_p".
Reading "sky130_sram_1kbyte_1rw1r_32x256_8_pinv_dec_0".
CIF file read warning: CIF style sky130(): units rescaled by factor of 5 / 1
Reading "sky130_fd_bd_sram__openram_dp_nand2_dec".
Reading "sky130_sram_1kbyte_1rw1r_32x256_8_and2_dec_0".
Reading "sky130_sram_1kbyte_1rw1r_32x256_8_wordline_driver".
Reading "sky130_sram_1kbyte_1rw1r_32x256_8_wordline_driver_array".
Reading "sky130_sram_1kbyte_1rw1r_32x256_8_contact_20".
Reading "sky130_sram_1kbyte_1rw1r_32x256_8_contact_17".
Reading "sky130_sram_1kbyte_1rw1r_32x256_8_pinv_dec".
Reading "sky130_fd_bd_sram__openram_dp_nand3_dec".
Reading "sky130_sram_1kbyte_1rw1r_32x256_8_and3_dec".
Reading "sky130_sram_1kbyte_1rw1r_32x256_8_hierarchical_predecode3x8".
Reading "sky130_sram_1kbyte_1rw1r_32x256_8_and2_dec".
Reading "sky130_sram_1kbyte_1rw1r_32x256_8_hierarchical_predecode2x4".
Reading "sky130_sram_1kbyte_1rw1r_32x256_8_hierarchical_decoder".
Reading "sky130_sram_1kbyte_1rw1r_32x256_8_port_address_0".
Reading "sky130_sram_1kbyte_1rw1r_32x256_8_port_address".
Reading "sky130_sram_1kbyte_1rw1r_32x256_8_contact_27".
Reading "sky130_sram_1kbyte_1rw1r_32x256_8_contact_26".
Reading "sky130_sram_1kbyte_1rw1r_32x256_8_nmos_m1_w2_880_sli_dli".
Reading "sky130_sram_1kbyte_1rw1r_32x256_8_column_mux_0".
Reading "sky130_sram_1kbyte_1rw1r_32x256_8_contact_25".
Reading "sky130_sram_1kbyte_1rw1r_32x256_8_contact_24".
Reading "sky130_sram_1kbyte_1rw1r_32x256_8_column_mux_array_0".
Reading "sky130_fd_bd_sram__openram_sense_amp".
Reading "sky130_sram_1kbyte_1rw1r_32x256_8_sense_amp_array".
Reading "sky130_sram_1kbyte_1rw1r_32x256_8_contact_23".
Reading "sky130_sram_1kbyte_1rw1r_32x256_8_contact_21".
Reading "sky130_sram_1kbyte_1rw1r_32x256_8_contact_22".
Reading "sky130_sram_1kbyte_1rw1r_32x256_8_pmos_m1_w0_550_sli_dli".
Reading "sky130_sram_1kbyte_1rw1r_32x256_8_precharge_1".
Reading "sky130_sram_1kbyte_1rw1r_32x256_8_precharge_array_0".
Reading "sky130_sram_1kbyte_1rw1r_32x256_8_port_data_0".
Reading "sky130_sram_1kbyte_1rw1r_32x256_8_column_mux".
Reading "sky130_sram_1kbyte_1rw1r_32x256_8_column_mux_array".
Reading "sky130_sram_1kbyte_1rw1r_32x256_8_pinv".
Reading "sky130_sram_1kbyte_1rw1r_32x256_8_pdriver".
Reading "sky130_sram_1kbyte_1rw1r_32x256_8_pnand2".
Reading "sky130_sram_1kbyte_1rw1r_32x256_8_pand2".
Reading "sky130_sram_1kbyte_1rw1r_32x256_8_write_mask_and_array".
Error while reading cell "sky130_sram_1kbyte_1rw1r_32x256_8_write_mask_and_array" (byte position 2124442): Warning: cell "sky130_sram_1kbyte_1rw1r_32x256_8_contact_14" placed on top of itself.  Ignoring the extra one.
Error while reading cell "sky130_sram_1kbyte_1rw1r_32x256_8_write_mask_and_array" (byte position 2124738): Warning: cell "sky130_sram_1kbyte_1rw1r_32x256_8_contact_14" placed on top of itself.  Ignoring the extra one.
Error while reading cell "sky130_sram_1kbyte_1rw1r_32x256_8_write_mask_and_array" (byte position 2125034): Warning: cell "sky130_sram_1kbyte_1rw1r_32x256_8_contact_14" placed on top of itself.  Ignoring the extra one.
Error while reading cell "sky130_sram_1kbyte_1rw1r_32x256_8_write_mask_and_array" (byte position 2125330): Warning: cell "sky130_sram_1kbyte_1rw1r_32x256_8_contact_14" placed on top of itself.  Ignoring the extra one.
Reading "sky130_fd_bd_sram__openram_write_driver".
Reading "sky130_sram_1kbyte_1rw1r_32x256_8_write_driver_array".
Reading "sky130_sram_1kbyte_1rw1r_32x256_8_precharge_0".
Reading "sky130_sram_1kbyte_1rw1r_32x256_8_precharge_array".
Reading "sky130_sram_1kbyte_1rw1r_32x256_8_port_data".
Reading "sky130_sram_1kbyte_1rw1r_32x256_8_contact_9".
Reading "sky130_sram_1kbyte_1rw1r_32x256_8_contact_8".
Reading "sky130_fd_bd_sram__openram_dp_cell_cap_row".
Error while reading cell "sky130_fd_bd_sram__openram_dp_cell_cap_row" (byte position 2460424): Unknown layer/datatype in boundary, layer=33 type=42
Error while reading cell "sky130_fd_bd_sram__openram_dp_cell_cap_row" (byte position 2461128): Unknown layer/datatype in boundary, layer=33 type=43
Error while reading cell "sky130_fd_bd_sram__openram_dp_cell_cap_row" (byte position 2462088): Unknown layer/datatype in boundary, layer=22 type=21
Reading "sky130_sram_1kbyte_1rw1r_32x256_8_row_cap_array_0".
Error while reading cell "sky130_sram_1kbyte_1rw1r_32x256_8_row_cap_array_0" (byte position 2521370): Warning: cell "sky130_sram_1kbyte_1rw1r_32x256_8_contact_7" placed on top of itself.  Ignoring the extra one.
Error while reading cell "sky130_sram_1kbyte_1rw1r_32x256_8_row_cap_array_0" (byte position 2524512): Warning: cell "sky130_sram_1kbyte_1rw1r_32x256_8_contact_7" placed on top of itself.  Ignoring the extra one.
Error while reading cell "sky130_sram_1kbyte_1rw1r_32x256_8_row_cap_array_0" (byte position 2524808): Warning: cell "sky130_sram_1kbyte_1rw1r_32x256_8_contact_7" placed on top of itself.  Ignoring the extra one.
Error while reading cell "sky130_sram_1kbyte_1rw1r_32x256_8_row_cap_array_0" (byte position 2525104): Warning: cell "sky130_sram_1kbyte_1rw1r_32x256_8_contact_7" placed on top of itself.  Ignoring the extra one.
Error while reading cell "sky130_sram_1kbyte_1rw1r_32x256_8_row_cap_array_0" (byte position 2525400): Warning: cell "sky130_sram_1kbyte_1rw1r_32x256_8_contact_7" placed on top of itself.  Ignoring the extra one.
Error while reading cell "sky130_sram_1kbyte_1rw1r_32x256_8_row_cap_array_0" (byte position 2525696): Warning: cell "sky130_sram_1kbyte_1rw1r_32x256_8_contact_7" placed on top of itself.  Ignoring the extra one.
Error while reading cell "sky130_sram_1kbyte_1rw1r_32x256_8_row_cap_array_0" (byte position 2525992): Warning: cell "sky130_sram_1kbyte_1rw1r_32x256_8_contact_7" placed on top of itself.  Ignoring the extra one.
Error while reading cell "sky130_sram_1kbyte_1rw1r_32x256_8_row_cap_array_0" (byte position 2526288): Warning: cell "sky130_sram_1kbyte_1rw1r_32x256_8_contact_7" placed on top of itself.  Ignoring the extra one.
Error while reading cell "sky130_sram_1kbyte_1rw1r_32x256_8_row_cap_array_0" (byte position 2526584): Warning: cell "sky130_sram_1kbyte_1rw1r_32x256_8_contact_7" placed on top of itself.  Ignoring the extra one.
Error while reading cell "sky130_sram_1kbyte_1rw1r_32x256_8_row_cap_array_0" (byte position 2526880): Warning: cell "sky130_sram_1kbyte_1rw1r_32x256_8_contact_7" placed on top of itself.  Ignoring the extra one.
Error while reading cell "sky130_sram_1kbyte_1rw1r_32x256_8_row_cap_array_0" (byte position 2527176): Warning: cell "sky130_sram_1kbyte_1rw1r_32x256_8_contact_7" placed on top of itself.  Ignoring the extra one.
Error while reading cell "sky130_sram_1kbyte_1rw1r_32x256_8_row_cap_array_0" (byte position 2527472): Warning: cell "sky130_sram_1kbyte_1rw1r_32x256_8_contact_7" placed on top of itself.  Ignoring the extra one.
Error while reading cell "sky130_sram_1kbyte_1rw1r_32x256_8_row_cap_array_0" (byte position 2527768): Warning: cell "sky130_sram_1kbyte_1rw1r_32x256_8_contact_7" placed on top of itself.  Ignoring the extra one.
Error while reading cell "sky130_sram_1kbyte_1rw1r_32x256_8_row_cap_array_0" (byte position 2528064): Warning: cell "sky130_sram_1kbyte_1rw1r_32x256_8_contact_7" placed on top of itself.  Ignoring the extra one.
Error while reading cell "sky130_sram_1kbyte_1rw1r_32x256_8_row_cap_array_0" (byte position 2528360): Warning: cell "sky130_sram_1kbyte_1rw1r_32x256_8_contact_7" placed on top of itself.  Ignoring the extra one.
Error while reading cell "sky130_sram_1kbyte_1rw1r_32x256_8_row_cap_array_0" (byte position 2528656): Warning: cell "sky130_sram_1kbyte_1rw1r_32x256_8_contact_7" placed on top of itself.  Ignoring the extra one.
Error while reading cell "sky130_sram_1kbyte_1rw1r_32x256_8_row_cap_array_0" (byte position 2529174): Warning: cell "sky130_sram_1kbyte_1rw1r_32x256_8_contact_7" placed on top of itself.  Ignoring the extra one.
Error while reading cell "sky130_sram_1kbyte_1rw1r_32x256_8_row_cap_array_0" (byte position 2529470): Warning: cell "sky130_sram_1kbyte_1rw1r_32x256_8_contact_7" placed on top of itself.  Ignoring the extra one.
Error while reading cell "sky130_sram_1kbyte_1rw1r_32x256_8_row_cap_array_0" (byte position 2529766): Warning: cell "sky130_sram_1kbyte_1rw1r_32x256_8_contact_7" placed on top of itself.  Ignoring the extra one.
Error while reading cell "sky130_sram_1kbyte_1rw1r_32x256_8_row_cap_array_0" (byte position 2530062): Warning: cell "sky130_sram_1kbyte_1rw1r_32x256_8_contact_7" placed on top of itself.  Ignoring the extra one.
Error while reading cell "sky130_sram_1kbyte_1rw1r_32x256_8_row_cap_array_0" (byte position 2530358): Warning: cell "sky130_sram_1kbyte_1rw1r_32x256_8_contact_7" placed on top of itself.  Ignoring the extra one.
Error while reading cell "sky130_sram_1kbyte_1rw1r_32x256_8_row_cap_array_0" (byte position 2530654): Warning: cell "sky130_sram_1kbyte_1rw1r_32x256_8_contact_7" placed on top of itself.  Ignoring the extra one.
Error while reading cell "sky130_sram_1kbyte_1rw1r_32x256_8_row_cap_array_0" (byte position 2530950): Warning: cell "sky130_sram_1kbyte_1rw1r_32x256_8_contact_7" placed on top of itself.  Ignoring the extra one.
Error while reading cell "sky130_sram_1kbyte_1rw1r_32x256_8_row_cap_array_0" (byte position 2531256): Warning: cell "sky130_sram_1kbyte_1rw1r_32x256_8_contact_7" placed on top of itself.  Ignoring the extra one.
Error while reading cell "sky130_sram_1kbyte_1rw1r_32x256_8_row_cap_array_0" (byte position 2534146): Warning: cell "sky130_sram_1kbyte_1rw1r_32x256_8_contact_7" placed on top of itself.  Ignoring the extra one.
Error while reading cell "sky130_sram_1kbyte_1rw1r_32x256_8_row_cap_array_0" (byte position 2534442): Warning: cell "sky130_sram_1kbyte_1rw1r_32x256_8_contact_7" placed on top of itself.  Ignoring the extra one.
Error while reading cell "sky130_sram_1kbyte_1rw1r_32x256_8_row_cap_array_0" (byte position 2534738): Warning: cell "sky130_sram_1kbyte_1rw1r_32x256_8_contact_7" placed on top of itself.  Ignoring the extra one.
Error while reading cell "sky130_sram_1kbyte_1rw1r_32x256_8_row_cap_array_0" (byte position 2535034): Warning: cell "sky130_sram_1kbyte_1rw1r_32x256_8_contact_7" placed on top of itself.  Ignoring the extra one.
Error while reading cell "sky130_sram_1kbyte_1rw1r_32x256_8_row_cap_array_0" (byte position 2535330): Warning: cell "sky130_sram_1kbyte_1rw1r_32x256_8_contact_7" placed on top of itself.  Ignoring the extra one.
Error while reading cell "sky130_sram_1kbyte_1rw1r_32x256_8_row_cap_array_0" (byte position 2535626): Warning: cell "sky130_sram_1kbyte_1rw1r_32x256_8_contact_7" placed on top of itself.  Ignoring the extra one.
Error while reading cell "sky130_sram_1kbyte_1rw1r_32x256_8_row_cap_array_0" (byte position 2535922): Warning: cell "sky130_sram_1kbyte_1rw1r_32x256_8_contact_7" placed on top of itself.  Ignoring the extra one.
Error while reading cell "sky130_sram_1kbyte_1rw1r_32x256_8_row_cap_array_0" (byte position 2536070): Warning: cell "sky130_sram_1kbyte_1rw1r_32x256_8_contact_7" placed on top of itself.  Ignoring the extra one.
Error while reading cell "sky130_sram_1kbyte_1rw1r_32x256_8_row_cap_array_0" (byte position 2536524): Warning: cell "sky130_sram_1kbyte_1rw1r_32x256_8_contact_7" placed on top of itself.  Ignoring the extra one.
Error while reading cell "sky130_sram_1kbyte_1rw1r_32x256_8_row_cap_array_0" (byte position 2536820): Warning: cell "sky130_sram_1kbyte_1rw1r_32x256_8_contact_7" placed on top of itself.  Ignoring the extra one.
Error while reading cell "sky130_sram_1kbyte_1rw1r_32x256_8_row_cap_array_0" (byte position 2537116): Warning: cell "sky130_sram_1kbyte_1rw1r_32x256_8_contact_7" placed on top of itself.  Ignoring the extra one.
Error while reading cell "sky130_sram_1kbyte_1rw1r_32x256_8_row_cap_array_0" (byte position 2537412): Warning: cell "sky130_sram_1kbyte_1rw1r_32x256_8_contact_7" placed on top of itself.  Ignoring the extra one.
Error while reading cell "sky130_sram_1kbyte_1rw1r_32x256_8_row_cap_array_0" (byte position 2537708): Warning: cell "sky130_sram_1kbyte_1rw1r_32x256_8_contact_7" placed on top of itself.  Ignoring the extra one.
Error while reading cell "sky130_sram_1kbyte_1rw1r_32x256_8_row_cap_array_0" (byte position 2538004): Warning: cell "sky130_sram_1kbyte_1rw1r_32x256_8_contact_7" placed on top of itself.  Ignoring the extra one.
Error while reading cell "sky130_sram_1kbyte_1rw1r_32x256_8_row_cap_array_0" (byte position 2538300): Warning: cell "sky130_sram_1kbyte_1rw1r_32x256_8_contact_7" placed on top of itself.  Ignoring the extra one.
Error while reading cell "sky130_sram_1kbyte_1rw1r_32x256_8_row_cap_array_0" (byte position 2538596): Warning: cell "sky130_sram_1kbyte_1rw1r_32x256_8_contact_7" placed on top of itself.  Ignoring the extra one.
Error while reading cell "sky130_sram_1kbyte_1rw1r_32x256_8_row_cap_array_0" (byte position 2538892): Warning: cell "sky130_sram_1kbyte_1rw1r_32x256_8_contact_7" placed on top of itself.  Ignoring the extra one.
Error while reading cell "sky130_sram_1kbyte_1rw1r_32x256_8_row_cap_array_0" (byte position 2539188): Warning: cell "sky130_sram_1kbyte_1rw1r_32x256_8_contact_7" placed on top of itself.  Ignoring the extra one.
Error while reading cell "sky130_sram_1kbyte_1rw1r_32x256_8_row_cap_array_0" (byte position 2539484): Warning: cell "sky130_sram_1kbyte_1rw1r_32x256_8_contact_7" placed on top of itself.  Ignoring the extra one.
Error while reading cell "sky130_sram_1kbyte_1rw1r_32x256_8_row_cap_array_0" (byte position 2539780): Warning: cell "sky130_sram_1kbyte_1rw1r_32x256_8_contact_7" placed on top of itself.  Ignoring the extra one.
Error while reading cell "sky130_sram_1kbyte_1rw1r_32x256_8_row_cap_array_0" (byte position 2540076): Warning: cell "sky130_sram_1kbyte_1rw1r_32x256_8_contact_7" placed on top of itself.  Ignoring the extra one.
Error while reading cell "sky130_sram_1kbyte_1rw1r_32x256_8_row_cap_array_0" (byte position 2540372): Warning: cell "sky130_sram_1kbyte_1rw1r_32x256_8_contact_7" placed on top of itself.  Ignoring the extra one.
Error while reading cell "sky130_sram_1kbyte_1rw1r_32x256_8_row_cap_array_0" (byte position 2540668): Warning: cell "sky130_sram_1kbyte_1rw1r_32x256_8_contact_7" placed on top of itself.  Ignoring the extra one.
Error while reading cell "sky130_sram_1kbyte_1rw1r_32x256_8_row_cap_array_0" (byte position 2543568): Warning: cell "sky130_sram_1kbyte_1rw1r_32x256_8_contact_7" placed on top of itself.  Ignoring the extra one.
Error while reading cell "sky130_sram_1kbyte_1rw1r_32x256_8_row_cap_array_0" (byte position 2546522): Warning: cell "sky130_sram_1kbyte_1rw1r_32x256_8_contact_7" placed on top of itself.  Ignoring the extra one.
Error while reading cell "sky130_sram_1kbyte_1rw1r_32x256_8_row_cap_array_0" (byte position 2546818): Warning: cell "sky130_sram_1kbyte_1rw1r_32x256_8_contact_7" placed on top of itself.  Ignoring the extra one.
Error while reading cell "sky130_sram_1kbyte_1rw1r_32x256_8_row_cap_array_0" (byte position 2547114): Warning: cell "sky130_sram_1kbyte_1rw1r_32x256_8_contact_7" placed on top of itself.  Ignoring the extra one.
Error while reading cell "sky130_sram_1kbyte_1rw1r_32x256_8_row_cap_array_0" (byte position 2547410): Warning: cell "sky130_sram_1kbyte_1rw1r_32x256_8_contact_7" placed on top of itself.  Ignoring the extra one.
Error while reading cell "sky130_sram_1kbyte_1rw1r_32x256_8_row_cap_array_0" (byte position 2547706): Warning: cell "sky130_sram_1kbyte_1rw1r_32x256_8_contact_7" placed on top of itself.  Ignoring the extra one.
Error while reading cell "sky130_sram_1kbyte_1rw1r_32x256_8_row_cap_array_0" (byte position 2548002): Warning: cell "sky130_sram_1kbyte_1rw1r_32x256_8_contact_7" placed on top of itself.  Ignoring the extra one.
Error while reading cell "sky130_sram_1kbyte_1rw1r_32x256_8_row_cap_array_0" (byte position 2548298): Warning: cell "sky130_sram_1kbyte_1rw1r_32x256_8_contact_7" placed on top of itself.  Ignoring the extra one.
Error while reading cell "sky130_sram_1kbyte_1rw1r_32x256_8_row_cap_array_0" (byte position 2548594): Warning: cell "sky130_sram_1kbyte_1rw1r_32x256_8_contact_7" placed on top of itself.  Ignoring the extra one.
Error while reading cell "sky130_sram_1kbyte_1rw1r_32x256_8_row_cap_array_0" (byte position 2548890): Warning: cell "sky130_sram_1kbyte_1rw1r_32x256_8_contact_7" placed on top of itself.  Ignoring the extra one.
Error while reading cell "sky130_sram_1kbyte_1rw1r_32x256_8_row_cap_array_0" (byte position 2549186): Warning: cell "sky130_sram_1kbyte_1rw1r_32x256_8_contact_7" placed on top of itself.  Ignoring the extra one.
Error while reading cell "sky130_sram_1kbyte_1rw1r_32x256_8_row_cap_array_0" (byte position 2549482): Warning: cell "sky130_sram_1kbyte_1rw1r_32x256_8_contact_7" placed on top of itself.  Ignoring the extra one.
Error while reading cell "sky130_sram_1kbyte_1rw1r_32x256_8_row_cap_array_0" (byte position 2549778): Warning: cell "sky130_sram_1kbyte_1rw1r_32x256_8_contact_7" placed on top of itself.  Ignoring the extra one.
Error while reading cell "sky130_sram_1kbyte_1rw1r_32x256_8_row_cap_array_0" (byte position 2550074): Warning: cell "sky130_sram_1kbyte_1rw1r_32x256_8_contact_7" placed on top of itself.  Ignoring the extra one.
Error while reading cell "sky130_sram_1kbyte_1rw1r_32x256_8_row_cap_array_0" (byte position 2550370): Warning: cell "sky130_sram_1kbyte_1rw1r_32x256_8_contact_7" placed on top of itself.  Ignoring the extra one.
Error while reading cell "sky130_sram_1kbyte_1rw1r_32x256_8_row_cap_array_0" (byte position 2550666): Warning: cell "sky130_sram_1kbyte_1rw1r_32x256_8_contact_7" placed on top of itself.  Ignoring the extra one.
Reading "sky130_sram_1kbyte_1rw1r_32x256_8_row_cap_array".
Error while reading cell "sky130_sram_1kbyte_1rw1r_32x256_8_row_cap_array" (byte position 2630176): Warning: cell "sky130_sram_1kbyte_1rw1r_32x256_8_contact_7" placed on top of itself.  Ignoring the extra one.
Error while reading cell "sky130_sram_1kbyte_1rw1r_32x256_8_row_cap_array" (byte position 2632922): Warning: cell "sky130_sram_1kbyte_1rw1r_32x256_8_contact_7" placed on top of itself.  Ignoring the extra one.
Error while reading cell "sky130_sram_1kbyte_1rw1r_32x256_8_row_cap_array" (byte position 2633218): Warning: cell "sky130_sram_1kbyte_1rw1r_32x256_8_contact_7" placed on top of itself.  Ignoring the extra one.
Error while reading cell "sky130_sram_1kbyte_1rw1r_32x256_8_row_cap_array" (byte position 2633514): Warning: cell "sky130_sram_1kbyte_1rw1r_32x256_8_contact_7" placed on top of itself.  Ignoring the extra one.
Error while reading cell "sky130_sram_1kbyte_1rw1r_32x256_8_row_cap_array" (byte position 2633810): Warning: cell "sky130_sram_1kbyte_1rw1r_32x256_8_contact_7" placed on top of itself.  Ignoring the extra one.
Error while reading cell "sky130_sram_1kbyte_1rw1r_32x256_8_row_cap_array" (byte position 2634106): Warning: cell "sky130_sram_1kbyte_1rw1r_32x256_8_contact_7" placed on top of itself.  Ignoring the extra one.
Error while reading cell "sky130_sram_1kbyte_1rw1r_32x256_8_row_cap_array" (byte position 2634402): Warning: cell "sky130_sram_1kbyte_1rw1r_32x256_8_contact_7" placed on top of itself.  Ignoring the extra one.
Error while reading cell "sky130_sram_1kbyte_1rw1r_32x256_8_row_cap_array" (byte position 2634698): Warning: cell "sky130_sram_1kbyte_1rw1r_32x256_8_contact_7" placed on top of itself.  Ignoring the extra one.
Error while reading cell "sky130_sram_1kbyte_1rw1r_32x256_8_row_cap_array" (byte position 2634994): Warning: cell "sky130_sram_1kbyte_1rw1r_32x256_8_contact_7" placed on top of itself.  Ignoring the extra one.
Error while reading cell "sky130_sram_1kbyte_1rw1r_32x256_8_row_cap_array" (byte position 2635290): Warning: cell "sky130_sram_1kbyte_1rw1r_32x256_8_contact_7" placed on top of itself.  Ignoring the extra one.
Error while reading cell "sky130_sram_1kbyte_1rw1r_32x256_8_row_cap_array" (byte position 2635586): Warning: cell "sky130_sram_1kbyte_1rw1r_32x256_8_contact_7" placed on top of itself.  Ignoring the extra one.
Error while reading cell "sky130_sram_1kbyte_1rw1r_32x256_8_row_cap_array" (byte position 2635882): Warning: cell "sky130_sram_1kbyte_1rw1r_32x256_8_contact_7" placed on top of itself.  Ignoring the extra one.
Error while reading cell "sky130_sram_1kbyte_1rw1r_32x256_8_row_cap_array" (byte position 2636178): Warning: cell "sky130_sram_1kbyte_1rw1r_32x256_8_contact_7" placed on top of itself.  Ignoring the extra one.
Error while reading cell "sky130_sram_1kbyte_1rw1r_32x256_8_row_cap_array" (byte position 2636474): Warning: cell "sky130_sram_1kbyte_1rw1r_32x256_8_contact_7" placed on top of itself.  Ignoring the extra one.
Error while reading cell "sky130_sram_1kbyte_1rw1r_32x256_8_row_cap_array" (byte position 2636770): Warning: cell "sky130_sram_1kbyte_1rw1r_32x256_8_contact_7" placed on top of itself.  Ignoring the extra one.
Error while reading cell "sky130_sram_1kbyte_1rw1r_32x256_8_row_cap_array" (byte position 2637066): Warning: cell "sky130_sram_1kbyte_1rw1r_32x256_8_contact_7" placed on top of itself.  Ignoring the extra one.
Error while reading cell "sky130_sram_1kbyte_1rw1r_32x256_8_row_cap_array" (byte position 2637584): Warning: cell "sky130_sram_1kbyte_1rw1r_32x256_8_contact_7" placed on top of itself.  Ignoring the extra one.
Error while reading cell "sky130_sram_1kbyte_1rw1r_32x256_8_row_cap_array" (byte position 2637880): Warning: cell "sky130_sram_1kbyte_1rw1r_32x256_8_contact_7" placed on top of itself.  Ignoring the extra one.
Error while reading cell "sky130_sram_1kbyte_1rw1r_32x256_8_row_cap_array" (byte position 2638176): Warning: cell "sky130_sram_1kbyte_1rw1r_32x256_8_contact_7" placed on top of itself.  Ignoring the extra one.
Error while reading cell "sky130_sram_1kbyte_1rw1r_32x256_8_row_cap_array" (byte position 2638472): Warning: cell "sky130_sram_1kbyte_1rw1r_32x256_8_contact_7" placed on top of itself.  Ignoring the extra one.
Error while reading cell "sky130_sram_1kbyte_1rw1r_32x256_8_row_cap_array" (byte position 2638768): Warning: cell "sky130_sram_1kbyte_1rw1r_32x256_8_contact_7" placed on top of itself.  Ignoring the extra one.
Error while reading cell "sky130_sram_1kbyte_1rw1r_32x256_8_row_cap_array" (byte position 2639064): Warning: cell "sky130_sram_1kbyte_1rw1r_32x256_8_contact_7" placed on top of itself.  Ignoring the extra one.
Error while reading cell "sky130_sram_1kbyte_1rw1r_32x256_8_row_cap_array" (byte position 2639360): Warning: cell "sky130_sram_1kbyte_1rw1r_32x256_8_contact_7" placed on top of itself.  Ignoring the extra one.
Error while reading cell "sky130_sram_1kbyte_1rw1r_32x256_8_row_cap_array" (byte position 2639654): Warning: cell "sky130_sram_1kbyte_1rw1r_32x256_8_contact_7" placed on top of itself.  Ignoring the extra one.
Error while reading cell "sky130_sram_1kbyte_1rw1r_32x256_8_row_cap_array" (byte position 2642184): Warning: cell "sky130_sram_1kbyte_1rw1r_32x256_8_contact_7" placed on top of itself.  Ignoring the extra one.
Error while reading cell "sky130_sram_1kbyte_1rw1r_32x256_8_row_cap_array" (byte position 2642480): Warning: cell "sky130_sram_1kbyte_1rw1r_32x256_8_contact_7" placed on top of itself.  Ignoring the extra one.
Error while reading cell "sky130_sram_1kbyte_1rw1r_32x256_8_row_cap_array" (byte position 2642776): Warning: cell "sky130_sram_1kbyte_1rw1r_32x256_8_contact_7" placed on top of itself.  Ignoring the extra one.
Error while reading cell "sky130_sram_1kbyte_1rw1r_32x256_8_row_cap_array" (byte position 2643072): Warning: cell "sky130_sram_1kbyte_1rw1r_32x256_8_contact_7" placed on top of itself.  Ignoring the extra one.
Error while reading cell "sky130_sram_1kbyte_1rw1r_32x256_8_row_cap_array" (byte position 2643368): Warning: cell "sky130_sram_1kbyte_1rw1r_32x256_8_contact_7" placed on top of itself.  Ignoring the extra one.
Error while reading cell "sky130_sram_1kbyte_1rw1r_32x256_8_row_cap_array" (byte position 2643664): Warning: cell "sky130_sram_1kbyte_1rw1r_32x256_8_contact_7" placed on top of itself.  Ignoring the extra one.
Error while reading cell "sky130_sram_1kbyte_1rw1r_32x256_8_row_cap_array" (byte position 2643960): Warning: cell "sky130_sram_1kbyte_1rw1r_32x256_8_contact_7" placed on top of itself.  Ignoring the extra one.
Error while reading cell "sky130_sram_1kbyte_1rw1r_32x256_8_row_cap_array" (byte position 2644108): Warning: cell "sky130_sram_1kbyte_1rw1r_32x256_8_contact_7" placed on top of itself.  Ignoring the extra one.
Error while reading cell "sky130_sram_1kbyte_1rw1r_32x256_8_row_cap_array" (byte position 2644550): Warning: cell "sky130_sram_1kbyte_1rw1r_32x256_8_contact_7" placed on top of itself.  Ignoring the extra one.
Error while reading cell "sky130_sram_1kbyte_1rw1r_32x256_8_row_cap_array" (byte position 2644846): Warning: cell "sky130_sram_1kbyte_1rw1r_32x256_8_contact_7" placed on top of itself.  Ignoring the extra one.
Error while reading cell "sky130_sram_1kbyte_1rw1r_32x256_8_row_cap_array" (byte position 2645142): Warning: cell "sky130_sram_1kbyte_1rw1r_32x256_8_contact_7" placed on top of itself.  Ignoring the extra one.
Error while reading cell "sky130_sram_1kbyte_1rw1r_32x256_8_row_cap_array" (byte position 2645438): Warning: cell "sky130_sram_1kbyte_1rw1r_32x256_8_contact_7" placed on top of itself.  Ignoring the extra one.
Error while reading cell "sky130_sram_1kbyte_1rw1r_32x256_8_row_cap_array" (byte position 2645734): Warning: cell "sky130_sram_1kbyte_1rw1r_32x256_8_contact_7" placed on top of itself.  Ignoring the extra one.
Error while reading cell "sky130_sram_1kbyte_1rw1r_32x256_8_row_cap_array" (byte position 2646030): Warning: cell "sky130_sram_1kbyte_1rw1r_32x256_8_contact_7" placed on top of itself.  Ignoring the extra one.
Error while reading cell "sky130_sram_1kbyte_1rw1r_32x256_8_row_cap_array" (byte position 2646326): Warning: cell "sky130_sram_1kbyte_1rw1r_32x256_8_contact_7" placed on top of itself.  Ignoring the extra one.
Error while reading cell "sky130_sram_1kbyte_1rw1r_32x256_8_row_cap_array" (byte position 2646622): Warning: cell "sky130_sram_1kbyte_1rw1r_32x256_8_contact_7" placed on top of itself.  Ignoring the extra one.
Error while reading cell "sky130_sram_1kbyte_1rw1r_32x256_8_row_cap_array" (byte position 2646918): Warning: cell "sky130_sram_1kbyte_1rw1r_32x256_8_contact_7" placed on top of itself.  Ignoring the extra one.
Error while reading cell "sky130_sram_1kbyte_1rw1r_32x256_8_row_cap_array" (byte position 2647214): Warning: cell "sky130_sram_1kbyte_1rw1r_32x256_8_contact_7" placed on top of itself.  Ignoring the extra one.
Error while reading cell "sky130_sram_1kbyte_1rw1r_32x256_8_row_cap_array" (byte position 2647510): Warning: cell "sky130_sram_1kbyte_1rw1r_32x256_8_contact_7" placed on top of itself.  Ignoring the extra one.
Error while reading cell "sky130_sram_1kbyte_1rw1r_32x256_8_row_cap_array" (byte position 2647806): Warning: cell "sky130_sram_1kbyte_1rw1r_32x256_8_contact_7" placed on top of itself.  Ignoring the extra one.
Error while reading cell "sky130_sram_1kbyte_1rw1r_32x256_8_row_cap_array" (byte position 2648102): Warning: cell "sky130_sram_1kbyte_1rw1r_32x256_8_contact_7" placed on top of itself.  Ignoring the extra one.
Error while reading cell "sky130_sram_1kbyte_1rw1r_32x256_8_row_cap_array" (byte position 2648398): Warning: cell "sky130_sram_1kbyte_1rw1r_32x256_8_contact_7" placed on top of itself.  Ignoring the extra one.
Error while reading cell "sky130_sram_1kbyte_1rw1r_32x256_8_row_cap_array" (byte position 2648694): Warning: cell "sky130_sram_1kbyte_1rw1r_32x256_8_contact_7" placed on top of itself.  Ignoring the extra one.
Error while reading cell "sky130_sram_1kbyte_1rw1r_32x256_8_row_cap_array" (byte position 2651222): Warning: cell "sky130_sram_1kbyte_1rw1r_32x256_8_contact_7" placed on top of itself.  Ignoring the extra one.
Error while reading cell "sky130_sram_1kbyte_1rw1r_32x256_8_row_cap_array" (byte position 2653828): Warning: cell "sky130_sram_1kbyte_1rw1r_32x256_8_contact_7" placed on top of itself.  Ignoring the extra one.
Error while reading cell "sky130_sram_1kbyte_1rw1r_32x256_8_row_cap_array" (byte position 2654124): Warning: cell "sky130_sram_1kbyte_1rw1r_32x256_8_contact_7" placed on top of itself.  Ignoring the extra one.
Error while reading cell "sky130_sram_1kbyte_1rw1r_32x256_8_row_cap_array" (byte position 2654420): Warning: cell "sky130_sram_1kbyte_1rw1r_32x256_8_contact_7" placed on top of itself.  Ignoring the extra one.
Error while reading cell "sky130_sram_1kbyte_1rw1r_32x256_8_row_cap_array" (byte position 2654716): Warning: cell "sky130_sram_1kbyte_1rw1r_32x256_8_contact_7" placed on top of itself.  Ignoring the extra one.
Error while reading cell "sky130_sram_1kbyte_1rw1r_32x256_8_row_cap_array" (byte position 2655012): Warning: cell "sky130_sram_1kbyte_1rw1r_32x256_8_contact_7" placed on top of itself.  Ignoring the extra one.
Error while reading cell "sky130_sram_1kbyte_1rw1r_32x256_8_row_cap_array" (byte position 2655308): Warning: cell "sky130_sram_1kbyte_1rw1r_32x256_8_contact_7" placed on top of itself.  Ignoring the extra one.
Error while reading cell "sky130_sram_1kbyte_1rw1r_32x256_8_row_cap_array" (byte position 2655604): Warning: cell "sky130_sram_1kbyte_1rw1r_32x256_8_contact_7" placed on top of itself.  Ignoring the extra one.
Error while reading cell "sky130_sram_1kbyte_1rw1r_32x256_8_row_cap_array" (byte position 2655900): Warning: cell "sky130_sram_1kbyte_1rw1r_32x256_8_contact_7" placed on top of itself.  Ignoring the extra one.
Error while reading cell "sky130_sram_1kbyte_1rw1r_32x256_8_row_cap_array" (byte position 2656196): Warning: cell "sky130_sram_1kbyte_1rw1r_32x256_8_contact_7" placed on top of itself.  Ignoring the extra one.
Error while reading cell "sky130_sram_1kbyte_1rw1r_32x256_8_row_cap_array" (byte position 2656492): Warning: cell "sky130_sram_1kbyte_1rw1r_32x256_8_contact_7" placed on top of itself.  Ignoring the extra one.
Error while reading cell "sky130_sram_1kbyte_1rw1r_32x256_8_row_cap_array" (byte position 2656788): Warning: cell "sky130_sram_1kbyte_1rw1r_32x256_8_contact_7" placed on top of itself.  Ignoring the extra one.
Error while reading cell "sky130_sram_1kbyte_1rw1r_32x256_8_row_cap_array" (byte position 2657084): Warning: cell "sky130_sram_1kbyte_1rw1r_32x256_8_contact_7" placed on top of itself.  Ignoring the extra one.
Error while reading cell "sky130_sram_1kbyte_1rw1r_32x256_8_row_cap_array" (byte position 2657380): Warning: cell "sky130_sram_1kbyte_1rw1r_32x256_8_contact_7" placed on top of itself.  Ignoring the extra one.
Error while reading cell "sky130_sram_1kbyte_1rw1r_32x256_8_row_cap_array" (byte position 2657676): Warning: cell "sky130_sram_1kbyte_1rw1r_32x256_8_contact_7" placed on top of itself.  Ignoring the extra one.
Error while reading cell "sky130_sram_1kbyte_1rw1r_32x256_8_row_cap_array" (byte position 2657972): Warning: cell "sky130_sram_1kbyte_1rw1r_32x256_8_contact_7" placed on top of itself.  Ignoring the extra one.
Reading "sky130_fd_bd_sram__openram_dp_cell_cap_col".
Reading "sky130_sram_1kbyte_1rw1r_32x256_8_col_cap_array".
Reading "sky130_sram_1kbyte_1rw1r_32x256_8_col_cap_array_0".
Reading "sky130_fd_bd_sram__openram_dp_cell_dummy".
Error while reading cell "sky130_fd_bd_sram__openram_dp_cell_dummy" (byte position 2822046): Unknown layer/datatype in boundary, layer=33 type=42
Error while reading cell "sky130_fd_bd_sram__openram_dp_cell_dummy" (byte position 2825822): Unknown layer/datatype in boundary, layer=33 type=43
Error while reading cell "sky130_fd_bd_sram__openram_dp_cell_dummy" (byte position 2830014): Unknown layer/datatype in boundary, layer=22 type=21
Error while reading cell "sky130_fd_bd_sram__openram_dp_cell_dummy" (byte position 2834814): Unknown layer/datatype in boundary, layer=22 type=22
Error while reading cell "sky130_fd_bd_sram__openram_dp_cell_dummy" (byte position 2836862): Unknown layer/datatype in boundary, layer=235 type=0
Reading "sky130_sram_1kbyte_1rw1r_32x256_8_dummy_array".
Reading "sky130_fd_bd_sram__openram_dp_cell_replica".
Error while reading cell "sky130_fd_bd_sram__openram_dp_cell_replica" (byte position 2932464): Unknown layer/datatype in boundary, layer=33 type=42
Error while reading cell "sky130_fd_bd_sram__openram_dp_cell_replica" (byte position 2936240): Unknown layer/datatype in boundary, layer=33 type=43
Error while reading cell "sky130_fd_bd_sram__openram_dp_cell_replica" (byte position 2940432): Unknown layer/datatype in boundary, layer=22 type=21
Error while reading cell "sky130_fd_bd_sram__openram_dp_cell_replica" (byte position 2946896): Unknown layer/datatype in boundary, layer=22 type=22
Error while reading cell "sky130_fd_bd_sram__openram_dp_cell_replica" (byte position 2949072): Unknown layer/datatype in boundary, layer=235 type=0
Reading "sky130_sram_1kbyte_1rw1r_32x256_8_replica_column_0".
Reading "sky130_sram_1kbyte_1rw1r_32x256_8_replica_column".
Reading "sky130_fd_bd_sram__openram_dp_cell".
Error while reading cell "sky130_fd_bd_sram__openram_dp_cell" (byte position 3189522): Unknown layer/datatype in boundary, layer=33 type=42
Error while reading cell "sky130_fd_bd_sram__openram_dp_cell" (byte position 3193298): Unknown layer/datatype in boundary, layer=33 type=43
Error while reading cell "sky130_fd_bd_sram__openram_dp_cell" (byte position 3197490): Unknown layer/datatype in boundary, layer=22 type=21
Error while reading cell "sky130_fd_bd_sram__openram_dp_cell" (byte position 3203954): Unknown layer/datatype in boundary, layer=22 type=22
Error while reading cell "sky130_fd_bd_sram__openram_dp_cell" (byte position 3206130): Unknown layer/datatype in boundary, layer=235 type=0
Reading "sky130_sram_1kbyte_1rw1r_32x256_8_bitcell_array".
    5000 uses
Reading "sky130_sram_1kbyte_1rw1r_32x256_8_replica_bitcell_array".
Reading "sky130_sram_1kbyte_1rw1r_32x256_8_bank".
Reading "sky130_sram_1kbyte_1rw1r_32x256_8".
    5000 uses
Reading "sky130_fd_sc_hd__xnor2_2".
Reading "sky130_fd_sc_hd__nand4_1".
Reading "sky130_fd_sc_hd__a221o_1".
Reading "sky130_fd_sc_hd__o21ai_2".
Reading "sky130_fd_sc_hd__a21bo_1".
Reading "sky130_fd_sc_hd__a211o_2".
Reading "sky130_fd_sc_hd__or3b_1".
Reading "sky130_fd_sc_hd__o31ai_4".
Reading "sky130_fd_sc_hd__o22a_2".
Reading "sky130_fd_sc_hd__o221a_2".
Reading "sky130_fd_sc_hd__a21oi_4".
Reading "sky130_fd_sc_hd__o221a_1".
Reading "sky130_fd_sc_hd__o2111ai_4".
Reading "sky130_fd_sc_hd__nand2_2".
Reading "sky130_fd_sc_hd__a22o_2".
Reading "sky130_fd_sc_hd__or4_2".
Reading "sky130_fd_sc_hd__o41a_1".
Reading "sky130_fd_sc_hd__o211ai_2".
Reading "sky130_fd_sc_hd__a22oi_1".
Reading "sky130_fd_sc_hd__mux2_2".
Reading "sky130_fd_sc_hd__o22a_1".
Reading "sky130_fd_sc_hd__o21ai_4".
Reading "sky130_fd_sc_hd__a32o_1".
Reading "sky130_fd_sc_hd__and4_2".
Reading "sky130_fd_sc_hd__and3b_1".
Reading "sky130_fd_sc_hd__o311a_1".
Reading "sky130_fd_sc_hd__o211a_2".
Reading "sky130_fd_sc_hd__o31a_2".
Reading "sky130_fd_sc_hd__o2bb2a_1".
Reading "sky130_fd_sc_hd__a21oi_2".
Reading "sky130_fd_sc_hd__or2_2".
Reading "sky130_fd_sc_hd__a211oi_2".
Reading "sky130_fd_sc_hd__o211ai_4".
Reading "sky130_fd_sc_hd__o31ai_2".
Reading "sky130_fd_sc_hd__nor2_2".
Reading "sky130_fd_sc_hd__or4bb_1".
Reading "sky130_fd_sc_hd__and2b_2".
Reading "sky130_fd_sc_hd__and4bb_2".
Reading "sky130_fd_sc_hd__and2_2".
Reading "sky130_fd_sc_hd__a221o_2".
Reading "sky130_fd_sc_hd__o21a_2".
Reading "sky130_fd_sc_hd__clkbuf_16".
Reading "sky130_fd_sc_hd__a21boi_2".
Reading "sky130_fd_sc_hd__inv_4".
Reading "sky130_fd_sc_hd__a41o_1".
Reading "sky130_fd_sc_hd__a2bb2o_2".
Reading "sky130_fd_sc_hd__and4bb_1".
Reading "sky130_fd_sc_hd__a311o_2".
Reading "sky130_fd_sc_hd__a2111oi_1".
CIF file read warning: Input off lambda grid by 2/5; snapped to grid.
Reading "sky130_fd_sc_hd__a21o_2".
Reading "sky130_fd_sc_hd__and4b_2".
Reading "sky130_fd_sc_hd__o21ba_2".
Reading "sky130_fd_sc_hd__nand4b_1".
Reading "sky130_fd_sc_hd__o2bb2a_2".
Reading "sky130_fd_sc_hd__a31o_2".
Reading "sky130_fd_sc_hd__a31oi_2".
Reading "sky130_fd_sc_hd__nand2_8".
Reading "sky130_fd_sc_hd__o32a_1".
Reading "sky130_fd_sc_hd__dfxtp_1".
Reading "sky130_fd_sc_hd__a2bb2o_1".
Reading "sky130_fd_sc_hd__xnor2_4".
Reading "sky130_fd_sc_hd__o31ai_1".
Reading "sky130_fd_sc_hd__nor4_1".
Reading "sky130_fd_sc_hd__or2b_2".
Reading "sky130_fd_sc_hd__xor2_4".
Reading "sky130_fd_sc_hd__and3b_2".
Reading "sky130_fd_sc_hd__a21boi_4".
Reading "sky130_fd_sc_hd__nor3_2".
Reading "sky130_fd_sc_hd__nor2_4".
Reading "sky130_fd_sc_hd__nand3_2".
Reading "sky130_fd_sc_hd__o2111a_1".
Reading "sky130_fd_sc_hd__nor3b_1".
Reading "sky130_fd_sc_hd__o221ai_1".
Reading "sky130_fd_sc_hd__nor4b_1".
Reading "sky130_fd_sc_hd__nand4_4".
Reading "sky130_fd_sc_hd__mux2_4".
Reading "sky130_fd_sc_hd__nor2_8".
Reading "sky130_fd_sc_hd__nor3b_4".
Reading "sky130_fd_sc_hd__or3b_4".
Reading "sky130_fd_sc_hd__nor3b_2".
Reading "sky130_fd_sc_hd__nand3b_4".
Reading "sky130_fd_sc_hd__o32ai_4".
Reading "sky130_fd_sc_hd__nand4b_4".
Reading "sky130_fd_sc_hd__or3_2".
Reading "sky130_fd_sc_hd__a22o_4".
Reading "sky130_fd_sc_hd__or4bb_4".
Reading "sky130_fd_sc_hd__a21o_4".
Reading "sky130_fd_sc_hd__buf_12".
Reading "sky130_fd_sc_hd__dlygate4sd1_1".
Reading "sky130_fd_sc_hd__or4_4".
Reading "sky130_fd_sc_hd__a31o_4".
Reading "sky130_fd_sc_hd__nor4_2".
Reading "sky130_fd_sc_hd__o22ai_1".
Reading "sky130_fd_sc_hd__nand2b_2".
Reading "sky130_fd_sc_hd__or4bb_2".
Reading "sky130_fd_sc_hd__o211ai_1".
Reading "sky130_fd_sc_hd__or3b_2".
Reading "sky130_fd_sc_hd__or3_4".
Reading "sky130_fd_sc_hd__o2111ai_1".
Reading "sky130_fd_sc_hd__or4b_1".
Reading "sky130_fd_sc_hd__or2_4".
Reading "sky130_fd_sc_hd__a311oi_1".
Reading "sky130_fd_sc_hd__o21bai_1".
Reading "sky130_fd_sc_hd__and2_4".
Reading "sky130_fd_sc_hd__o221ai_4".
Reading "sky130_fd_sc_hd__a221oi_4".
Reading "sky130_fd_sc_hd__a22oi_4".
Reading "sky130_fd_sc_hd__or4b_2".
Reading "sky130_fd_sc_hd__and4b_1".
Reading "sky130_fd_sc_hd__nor2b_1".
Reading "sky130_fd_sc_hd__mux4_1".
Reading "sky130_fd_sc_hd__a221o_4".
Reading "sky130_fd_sc_hd__nand2_4".
Reading "sky130_fd_sc_hd__mux4_2".
Reading "sky130_fd_sc_hd__a32o_2".
Reading "riscv32_singlecycle_top".
    5000 uses
    10000 uses
    15000 uses
    20000 uses
    25000 uses
    30000 uses
    35000 uses
    40000 uses
    45000 uses
    50000 uses
    55000 uses
    60000 uses
    65000 uses
    70000 uses
    75000 uses
    80000 uses
    85000 uses
    90000 uses
    95000 uses
    100000 uses
    105000 uses
    110000 uses
    115000 uses
    120000 uses
    125000 uses
    130000 uses
    135000 uses
    140000 uses
    145000 uses
Processing sky130_fd_sc_hd__buf_4
Processing sky130_fd_sc_hd__decap_3
Processing sky130_fd_sc_hd__fill_2
Processing sky130_fd_sc_hd__tapvpwrvgnd_1
Processing sky130_fd_sc_hd__fill_1
Processing sky130_fd_sc_hd__decap_6
Processing sky130_ef_sc_hd__decap_12
Processing sky130_fd_sc_hd__decap_4
Processing sky130_fd_sc_hd__clkbuf_8
Processing sky130_fd_sc_hd__diode_2
Processing sky130_fd_sc_hd__decap_8
Processing sky130_fd_sc_hd__clkbuf_1
Processing sky130_fd_sc_hd__buf_6
Processing sky130_fd_sc_hd__conb_1
Processing sky130_fd_sc_hd__clkbuf_2
Processing sky130_fd_sc_hd__mux4_1
Processing sky130_fd_sc_hd__clkbuf_4
Processing sky130_fd_sc_hd__mux4_2
Processing sky130_fd_sc_hd__mux2_1
Processing sky130_fd_sc_hd__mux2_2
Processing sky130_fd_sc_hd__a21o_1
Processing sky130_fd_sc_hd__or2_1
Processing sky130_fd_sc_hd__nand2_1
Processing sky130_fd_sc_hd__o211a_1
Processing sky130_fd_sc_hd__o21ai_1
Processing sky130_fd_sc_hd__nor2_1
Processing sky130_fd_sc_hd__nand2_2
Processing sky130_fd_sc_hd__or2b_1
Processing sky130_fd_sc_hd__and2b_1
Processing sky130_fd_sc_hd__a22o_1
Processing sky130_fd_sc_hd__o2bb2a_1
Processing sky130_fd_sc_hd__o21a_1
Processing sky130_fd_sc_hd__a21oi_2
Processing sky130_fd_sc_hd__and2_1
Processing sky130_fd_sc_hd__a22o_2
Processing sky130_fd_sc_hd__a21o_2
Processing sky130_fd_sc_hd__a311o_1
Processing sky130_fd_sc_hd__a2bb2o_2
Processing sky130_fd_sc_hd__a21oi_1
Processing sky130_fd_sc_hd__a211o_1
Processing sky130_fd_sc_hd__inv_2
Processing sky130_fd_sc_hd__a31o_1
Processing sky130_fd_sc_hd__a21oi_4
Processing sky130_fd_sc_hd__a211o_2
Processing sky130_fd_sc_hd__and3_1
Processing sky130_fd_sc_hd__nor2_2
Processing sky130_fd_sc_hd__or4_1
Processing sky130_fd_sc_hd__a21bo_1
Processing sky130_fd_sc_hd__a221o_1
Processing sky130_fd_sc_hd__nor2_4
Processing sky130_fd_sc_hd__o22a_1
Processing sky130_fd_sc_hd__or2_2
Processing sky130_fd_sc_hd__o221a_1
Processing sky130_fd_sc_hd__a22oi_4
Processing sky130_fd_sc_hd__and4_1
Processing sky130_fd_sc_hd__a2bb2o_1
Processing sky130_fd_sc_hd__a32o_1
Processing sky130_fd_sc_hd__buf_2
Processing sky130_fd_sc_hd__a21boi_1
Processing sky130_fd_sc_hd__o221ai_4
Processing sky130_fd_sc_hd__o2bb2a_2
Processing sky130_fd_sc_hd__and2_2
Processing sky130_fd_sc_hd__a32o_2
Processing sky130_fd_sc_hd__o21bai_1
Processing sky130_fd_sc_hd__o21ai_4
Processing sky130_fd_sc_hd__a31o_2
Processing sky130_fd_sc_hd__or3_1
Processing sky130_fd_sc_hd__nand2_4
Processing sky130_fd_sc_hd__o21ba_1
Processing sky130_fd_sc_hd__o32a_1
Processing sky130_fd_sc_hd__and3_2
Processing sky130_fd_sc_hd__a221o_4
Processing sky130_fd_sc_hd__a221o_2
Processing sky130_fd_sc_hd__a211oi_2
Processing sky130_fd_sc_hd__buf_12
Processing sky130_fd_sc_hd__buf_8
Processing sky130_fd_sc_hd__o21a_2
Processing sky130_fd_sc_hd__o31a_1
Processing sky130_fd_sc_hd__and3b_1
Processing sky130_fd_sc_hd__or3b_1
Processing sky130_fd_sc_hd__buf_1
Processing sky130_fd_sc_hd__and4b_1
Processing sky130_fd_sc_hd__o21ai_2
Processing sky130_fd_sc_hd__or3_4
Processing sky130_fd_sc_hd__xnor2_1
Processing sky130_fd_sc_hd__or4bb_4
Processing sky130_fd_sc_hd__a2111o_1
Processing sky130_fd_sc_hd__a211oi_1
Processing sky130_fd_sc_hd__xor2_1
Processing sky130_fd_sc_hd__and4bb_1
Processing sky130_fd_sc_hd__or4b_1
Processing sky130_fd_sc_hd__nor2b_1
Processing sky130_fd_sc_hd__nor4b_1
Processing sky130_fd_sc_hd__o211ai_4
Processing sky130_fd_sc_hd__or4b_2
Processing sky130_fd_sc_hd__nand4_1
Processing sky130_fd_sc_hd__a21boi_4
Processing sky130_sram_1kbyte_1rw1r_32x256_8_contact_19
Processing sky130_sram_1kbyte_1rw1r_32x256_8_contact_13
Processing sky130_sram_1kbyte_1rw1r_32x256_8_contact_14
Processing sky130_sram_1kbyte_1rw1r_32x256_8_contact_40
Processing sky130_sram_1kbyte_1rw1r_32x256_8_contact_34
Processing sky130_sram_1kbyte_1rw1r_32x256_8_contact_7
Processing sky130_sram_1kbyte_1rw1r_32x256_8_contact_39
Processing sky130_sram_1kbyte_1rw1r_32x256_8_contact_33
Processing sky130_fd_bd_sram__openram_dff
Processing sky130_sram_1kbyte_1rw1r_32x256_8_row_addr_dff
Processing sky130_sram_1kbyte_1rw1r_32x256_8_col_addr_dff
Processing sky130_sram_1kbyte_1rw1r_32x256_8_wmask_dff
Processing sky130_sram_1kbyte_1rw1r_32x256_8_cr_3
Processing sky130_sram_1kbyte_1rw1r_32x256_8_contact_16
Processing sky130_sram_1kbyte_1rw1r_32x256_8_contact_29
Processing sky130_sram_1kbyte_1rw1r_32x256_8_contact_28
Processing sky130_sram_1kbyte_1rw1r_32x256_8_contact_11
Processing sky130_sram_1kbyte_1rw1r_32x256_8_nmos_m1_w0_360_sli_dli_da_p
Processing sky130_sram_1kbyte_1rw1r_32x256_8_contact_12
Processing sky130_sram_1kbyte_1rw1r_32x256_8_pmos_m1_w1_120_sli_dli_da_p
Processing sky130_sram_1kbyte_1rw1r_32x256_8_pinv_0
Processing sky130_sram_1kbyte_1rw1r_32x256_8_nmos_m1_w0_740_sactive_dli
Processing sky130_sram_1kbyte_1rw1r_32x256_8_nmos_m1_w0_740_sli_dactive
Processing sky130_sram_1kbyte_1rw1r_32x256_8_pmos_m1_w1_120_sli_dli
Processing sky130_sram_1kbyte_1rw1r_32x256_8_pnand2_1
Processing sky130_sram_1kbyte_1rw1r_32x256_8_nmos_m3_w1_680_sli_dli_da_p
Processing sky130_sram_1kbyte_1rw1r_32x256_8_pmos_m3_w1_680_sli_dli_da_p
Processing sky130_sram_1kbyte_1rw1r_32x256_8_pinv_2
Processing sky130_sram_1kbyte_1rw1r_32x256_8_nmos_m2_w0_740_sli_dli_da_p
Processing sky130_sram_1kbyte_1rw1r_32x256_8_pmos_m2_w1_260_sli_dli_da_p
Processing sky130_sram_1kbyte_1rw1r_32x256_8_pinv_1
Processing sky130_sram_1kbyte_1rw1r_32x256_8_dff_buf_0
Processing sky130_sram_1kbyte_1rw1r_32x256_8_dff_buf_array
Processing sky130_sram_1kbyte_1rw1r_32x256_8_nmos_m7_w1_680_sli_dli_da_p
Processing sky130_sram_1kbyte_1rw1r_32x256_8_pmos_m7_w2_000_sli_dli_da_p
Processing sky130_sram_1kbyte_1rw1r_32x256_8_pinv_3
Processing sky130_sram_1kbyte_1rw1r_32x256_8_pdriver_0
Processing sky130_sram_1kbyte_1rw1r_32x256_8_pnand2_0
Processing sky130_sram_1kbyte_1rw1r_32x256_8_pand2_0
Processing sky130_sram_1kbyte_1rw1r_32x256_8_nmos_m12_w2_000_sli_dli_da_p
Processing sky130_sram_1kbyte_1rw1r_32x256_8_pmos_m12_w2_000_sli_dli_da_p
Processing sky130_sram_1kbyte_1rw1r_32x256_8_pinv_18
Processing sky130_sram_1kbyte_1rw1r_32x256_8_nmos_m4_w1_260_sli_dli_da_p
Processing sky130_sram_1kbyte_1rw1r_32x256_8_pmos_m4_w2_000_sli_dli_da_p
Processing sky130_sram_1kbyte_1rw1r_32x256_8_pinv_17
Processing sky130_sram_1kbyte_1rw1r_32x256_8_pinv_11
Processing sky130_sram_1kbyte_1rw1r_32x256_8_pinv_6
Processing sky130_sram_1kbyte_1rw1r_32x256_8_pdriver_5
Processing sky130_sram_1kbyte_1rw1r_32x256_8_pinv_19
Processing sky130_sram_1kbyte_1rw1r_32x256_8_delay_chain
Processing sky130_sram_1kbyte_1rw1r_32x256_8_nmos_m18_w2_000_sli_dli_da_p
Processing sky130_sram_1kbyte_1rw1r_32x256_8_pmos_m18_w2_000_sli_dli_da_p
Processing sky130_sram_1kbyte_1rw1r_32x256_8_pinv_16
Processing sky130_sram_1kbyte_1rw1r_32x256_8_pdriver_4
Processing sky130_sram_1kbyte_1rw1r_32x256_8_nmos_m1_w0_740_sactive_dactive
Processing sky130_sram_1kbyte_1rw1r_32x256_8_pnand3
Processing sky130_sram_1kbyte_1rw1r_32x256_8_pand3_0
Processing sky130_sram_1kbyte_1rw1r_32x256_8_nmos_m22_w2_000_sli_dli_da_p
Processing sky130_sram_1kbyte_1rw1r_32x256_8_pmos_m22_w2_000_sli_dli_da_p
Processing sky130_sram_1kbyte_1rw1r_32x256_8_pinv_15
Processing sky130_sram_1kbyte_1rw1r_32x256_8_pdriver_3
Processing sky130_sram_1kbyte_1rw1r_32x256_8_pand3
Processing sky130_sram_1kbyte_1rw1r_32x256_8_nmos_m24_w2_000_sli_dli_da_p
Processing sky130_sram_1kbyte_1rw1r_32x256_8_pmos_m24_w2_000_sli_dli_da_p
Processing sky130_sram_1kbyte_1rw1r_32x256_8_pinv_14
Processing sky130_sram_1kbyte_1rw1r_32x256_8_nmos_m8_w2_000_sli_dli_da_p
Processing sky130_sram_1kbyte_1rw1r_32x256_8_pmos_m8_w2_000_sli_dli_da_p
Processing sky130_sram_1kbyte_1rw1r_32x256_8_pinv_13
Processing sky130_sram_1kbyte_1rw1r_32x256_8_nmos_m3_w2_000_sli_dli_da_p
Processing sky130_sram_1kbyte_1rw1r_32x256_8_pmos_m3_w2_000_sli_dli_da_p
Processing sky130_sram_1kbyte_1rw1r_32x256_8_pinv_12
Processing sky130_sram_1kbyte_1rw1r_32x256_8_pdriver_2
Processing sky130_sram_1kbyte_1rw1r_32x256_8_nmos_m40_w2_000_sli_dli_da_p
Processing sky130_sram_1kbyte_1rw1r_32x256_8_pmos_m40_w2_000_sli_dli_da_p
Processing sky130_sram_1kbyte_1rw1r_32x256_8_pinv_10
Processing sky130_sram_1kbyte_1rw1r_32x256_8_nmos_m13_w2_000_sli_dli_da_p
Processing sky130_sram_1kbyte_1rw1r_32x256_8_pmos_m13_w2_000_sli_dli_da_p
Processing sky130_sram_1kbyte_1rw1r_32x256_8_pinv_9
Processing sky130_sram_1kbyte_1rw1r_32x256_8_nmos_m5_w1_680_sli_dli_da_p
Processing sky130_sram_1kbyte_1rw1r_32x256_8_pmos_m5_w2_000_sli_dli_da_p
Processing sky130_sram_1kbyte_1rw1r_32x256_8_pinv_8
Processing sky130_sram_1kbyte_1rw1r_32x256_8_nmos_m2_w1_260_sli_dli_da_p
Processing sky130_sram_1kbyte_1rw1r_32x256_8_pmos_m2_w2_000_sli_dli_da_p
Processing sky130_sram_1kbyte_1rw1r_32x256_8_pinv_7
Processing sky130_sram_1kbyte_1rw1r_32x256_8_pdriver_1
Processing sky130_sram_1kbyte_1rw1r_32x256_8_control_logic_rw
Processing sky130_sram_1kbyte_1rw1r_32x256_8_cr_5
Processing sky130_sram_1kbyte_1rw1r_32x256_8_dff_buf_array_0
Processing sky130_sram_1kbyte_1rw1r_32x256_8_nmos_m39_w2_000_sli_dli_da_p
Processing sky130_sram_1kbyte_1rw1r_32x256_8_pmos_m39_w2_000_sli_dli_da_p
Processing sky130_sram_1kbyte_1rw1r_32x256_8_pinv_20
Processing sky130_sram_1kbyte_1rw1r_32x256_8_pdriver_6
Processing sky130_sram_1kbyte_1rw1r_32x256_8_control_logic_r
Processing sky130_sram_1kbyte_1rw1r_32x256_8_cr_4
Processing sky130_sram_1kbyte_1rw1r_32x256_8_data_dff
Processing sky130_sram_1kbyte_1rw1r_32x256_8_pinvbuf
Processing sky130_sram_1kbyte_1rw1r_32x256_8_contact_15
Processing sky130_sram_1kbyte_1rw1r_32x256_8_nmos_m1_w7_000_sli_dli_da_p
Processing sky130_sram_1kbyte_1rw1r_32x256_8_pmos_m1_w7_000_sli_dli_da_p
Processing sky130_sram_1kbyte_1rw1r_32x256_8_pinv_dec_0
Processing sky130_fd_bd_sram__openram_dp_nand2_dec
Processing sky130_sram_1kbyte_1rw1r_32x256_8_and2_dec_0
Processing sky130_sram_1kbyte_1rw1r_32x256_8_wordline_driver
Processing sky130_sram_1kbyte_1rw1r_32x256_8_wordline_driver_array
Processing sky130_sram_1kbyte_1rw1r_32x256_8_contact_20
Processing sky130_sram_1kbyte_1rw1r_32x256_8_contact_17
Processing sky130_sram_1kbyte_1rw1r_32x256_8_pinv_dec
Processing sky130_fd_bd_sram__openram_dp_nand3_dec
Processing sky130_sram_1kbyte_1rw1r_32x256_8_and3_dec
Processing sky130_sram_1kbyte_1rw1r_32x256_8_hierarchical_predecode3x8
Processing sky130_sram_1kbyte_1rw1r_32x256_8_and2_dec
Processing sky130_sram_1kbyte_1rw1r_32x256_8_hierarchical_predecode2x4
Processing sky130_sram_1kbyte_1rw1r_32x256_8_hierarchical_decoder
Processing sky130_sram_1kbyte_1rw1r_32x256_8_port_address_0
Processing sky130_sram_1kbyte_1rw1r_32x256_8_port_address
Processing sky130_sram_1kbyte_1rw1r_32x256_8_contact_27
Processing sky130_sram_1kbyte_1rw1r_32x256_8_contact_26
Processing sky130_sram_1kbyte_1rw1r_32x256_8_nmos_m1_w2_880_sli_dli
Processing sky130_sram_1kbyte_1rw1r_32x256_8_column_mux_0
Processing sky130_sram_1kbyte_1rw1r_32x256_8_contact_25
Processing sky130_sram_1kbyte_1rw1r_32x256_8_contact_24
Processing sky130_sram_1kbyte_1rw1r_32x256_8_column_mux_array_0
Processing sky130_fd_bd_sram__openram_sense_amp
Processing sky130_sram_1kbyte_1rw1r_32x256_8_sense_amp_array
Processing sky130_sram_1kbyte_1rw1r_32x256_8_contact_23
Processing sky130_sram_1kbyte_1rw1r_32x256_8_contact_21
Processing sky130_sram_1kbyte_1rw1r_32x256_8_contact_22
Processing sky130_sram_1kbyte_1rw1r_32x256_8_pmos_m1_w0_550_sli_dli
Processing sky130_sram_1kbyte_1rw1r_32x256_8_precharge_1
Processing sky130_sram_1kbyte_1rw1r_32x256_8_precharge_array_0
Processing sky130_sram_1kbyte_1rw1r_32x256_8_port_data_0
Processing sky130_sram_1kbyte_1rw1r_32x256_8_column_mux
Processing sky130_sram_1kbyte_1rw1r_32x256_8_column_mux_array
Processing sky130_sram_1kbyte_1rw1r_32x256_8_pinv
Processing sky130_sram_1kbyte_1rw1r_32x256_8_pdriver
Processing sky130_sram_1kbyte_1rw1r_32x256_8_pnand2
Processing sky130_sram_1kbyte_1rw1r_32x256_8_pand2
Processing sky130_sram_1kbyte_1rw1r_32x256_8_write_mask_and_array
Processing sky130_fd_bd_sram__openram_write_driver
Processing sky130_sram_1kbyte_1rw1r_32x256_8_write_driver_array
Processing sky130_sram_1kbyte_1rw1r_32x256_8_precharge_0
Processing sky130_sram_1kbyte_1rw1r_32x256_8_precharge_array
Processing sky130_sram_1kbyte_1rw1r_32x256_8_port_data
Processing sky130_sram_1kbyte_1rw1r_32x256_8_contact_9
Processing sky130_sram_1kbyte_1rw1r_32x256_8_contact_8
Processing sky130_fd_bd_sram__openram_dp_cell_cap_row
Processing sky130_sram_1kbyte_1rw1r_32x256_8_row_cap_array_0
Processing sky130_sram_1kbyte_1rw1r_32x256_8_row_cap_array
Processing sky130_fd_bd_sram__openram_dp_cell_cap_col
Processing sky130_sram_1kbyte_1rw1r_32x256_8_col_cap_array
Processing sky130_sram_1kbyte_1rw1r_32x256_8_col_cap_array_0
Processing sky130_fd_bd_sram__openram_dp_cell_dummy
Processing sky130_sram_1kbyte_1rw1r_32x256_8_dummy_array
Processing sky130_fd_bd_sram__openram_dp_cell_replica
Processing sky130_sram_1kbyte_1rw1r_32x256_8_replica_column_0
Processing sky130_sram_1kbyte_1rw1r_32x256_8_replica_column
Processing sky130_fd_bd_sram__openram_dp_cell
Processing sky130_sram_1kbyte_1rw1r_32x256_8_bitcell_array
Processing sky130_sram_1kbyte_1rw1r_32x256_8_replica_bitcell_array
Processing sky130_sram_1kbyte_1rw1r_32x256_8_bank
Processing sky130_sram_1kbyte_1rw1r_32x256_8
Processing sky130_fd_sc_hd__o31ai_2
Processing sky130_fd_sc_hd__dlymetal6s2s_1
Processing sky130_fd_sc_hd__nand3_1
Processing sky130_fd_sc_hd__a221oi_4
Processing sky130_fd_sc_hd__o41a_1
Processing sky130_fd_sc_hd__xor2_2
Processing sky130_fd_sc_hd__a311o_2
Processing sky130_fd_sc_hd__or3_2
Processing sky130_fd_sc_hd__o31ai_1
Processing sky130_fd_sc_hd__xnor2_2
Processing sky130_fd_sc_hd__o211a_2
Processing sky130_fd_sc_hd__o31ai_4
Processing sky130_fd_sc_hd__nor3_2
Processing sky130_fd_sc_hd__o311a_1
Processing sky130_fd_sc_hd__and2_4
Processing sky130_fd_sc_hd__nand2b_2
Processing sky130_fd_sc_hd__or2_4
Processing sky130_fd_sc_hd__o21ba_2
Processing sky130_fd_sc_hd__a31oi_1
Processing sky130_fd_sc_hd__o2111ai_1
Processing sky130_fd_sc_hd__xor2_4
Processing sky130_fd_sc_hd__a311oi_1
Processing sky130_fd_sc_hd__o2111ai_4
Processing sky130_fd_sc_hd__o22a_2
Processing sky130_fd_sc_hd__a31oi_2
Processing sky130_fd_sc_hd__nor3_1
Processing sky130_fd_sc_hd__or3b_2
Processing sky130_fd_sc_hd__o211ai_1
Processing sky130_fd_sc_hd__or4bb_2
Processing sky130_fd_sc_hd__or4_4
Processing sky130_fd_sc_hd__o211ai_2
Processing sky130_fd_sc_hd__o22ai_1
Processing sky130_fd_sc_hd__a31o_4
Processing sky130_fd_sc_hd__nand4b_1
Processing sky130_fd_sc_hd__nand3_2
Processing sky130_fd_sc_hd__nor4_2
Processing sky130_fd_sc_hd__a22o_4
Processing sky130_fd_sc_hd__mux2_4
Processing sky130_fd_sc_hd__dlygate4sd1_1
Processing sky130_fd_sc_hd__clkbuf_16
Processing sky130_fd_sc_hd__a21o_4
Processing sky130_fd_sc_hd__nor3b_4
Processing sky130_fd_sc_hd__and4bb_2
Processing sky130_fd_sc_hd__nand4b_4
Processing sky130_fd_sc_hd__nand4_4
Processing sky130_fd_sc_hd__o32ai_4
Processing sky130_fd_sc_hd__nor2_8
Processing sky130_fd_sc_hd__nand3b_4
Processing sky130_fd_sc_hd__nor3b_2
Processing sky130_fd_sc_hd__or3b_4
Processing sky130_fd_sc_hd__o31a_2
Processing sky130_fd_sc_hd__or4_2
Processing sky130_fd_sc_hd__a211o_4
Processing sky130_fd_sc_hd__o2111a_1
Processing sky130_fd_sc_hd__and4_2
Processing sky130_fd_sc_hd__a22oi_1
Processing sky130_fd_sc_hd__o221ai_1
Processing sky130_fd_sc_hd__nor3b_1
Processing sky130_fd_sc_hd__and2b_2
Processing sky130_fd_sc_hd__xnor2_4
Processing sky130_fd_sc_hd__dfxtp_1
Processing sky130_fd_sc_hd__dfxtp_4
Processing sky130_fd_sc_hd__a21boi_2
Processing sky130_fd_sc_hd__and3b_2
Processing sky130_fd_sc_hd__or2b_2
Processing sky130_fd_sc_hd__nor4_1
Processing sky130_fd_sc_hd__nand2_8
Processing sky130_fd_sc_hd__and4b_2
Processing sky130_fd_sc_hd__a2111oi_1
Processing sky130_fd_sc_hd__a41o_1
Processing sky130_fd_sc_hd__inv_4
Processing sky130_fd_sc_hd__or4bb_1
Processing sky130_fd_sc_hd__o221a_2
Processing sky130_fd_sc_hd__o21bai_2
Processing riscv32_singlecycle_top
Extracting sky130_fd_sc_hd__buf_4 into sky130_fd_sc_hd__buf_4.ext:
Extracting sky130_fd_sc_hd__decap_3 into sky130_fd_sc_hd__decap_3.ext:
sky130_fd_sc_hd__decap_3: 2 warnings
Extracting sky130_fd_sc_hd__fill_2 into sky130_fd_sc_hd__fill_2.ext:
Extracting sky130_fd_sc_hd__tapvpwrvgnd_1 into sky130_fd_sc_hd__tapvpwrvgnd_1.ext:
Extracting sky130_fd_sc_hd__fill_1 into sky130_fd_sc_hd__fill_1.ext:
Extracting sky130_fd_sc_hd__decap_6 into sky130_fd_sc_hd__decap_6.ext:
sky130_fd_sc_hd__decap_6: 2 warnings
Extracting sky130_ef_sc_hd__decap_12 into sky130_ef_sc_hd__decap_12.ext:
sky130_ef_sc_hd__decap_12: 2 warnings
Extracting sky130_fd_sc_hd__decap_4 into sky130_fd_sc_hd__decap_4.ext:
sky130_fd_sc_hd__decap_4: 2 warnings
Extracting sky130_fd_sc_hd__clkbuf_8 into sky130_fd_sc_hd__clkbuf_8.ext:
Extracting sky130_fd_sc_hd__diode_2 into sky130_fd_sc_hd__diode_2.ext:
sky130_fd_sc_hd__diode_2: 1 warning
Extracting sky130_fd_sc_hd__decap_8 into sky130_fd_sc_hd__decap_8.ext:
sky130_fd_sc_hd__decap_8: 2 warnings
Extracting sky130_fd_sc_hd__clkbuf_1 into sky130_fd_sc_hd__clkbuf_1.ext:
Extracting sky130_fd_sc_hd__buf_6 into sky130_fd_sc_hd__buf_6.ext:
Extracting sky130_fd_sc_hd__conb_1 into sky130_fd_sc_hd__conb_1.ext:
Extracting sky130_fd_sc_hd__clkbuf_2 into sky130_fd_sc_hd__clkbuf_2.ext:
Extracting sky130_fd_sc_hd__mux4_1 into sky130_fd_sc_hd__mux4_1.ext:
Extracting sky130_fd_sc_hd__clkbuf_4 into sky130_fd_sc_hd__clkbuf_4.ext:
Extracting sky130_fd_sc_hd__mux4_2 into sky130_fd_sc_hd__mux4_2.ext:
Extracting sky130_fd_sc_hd__mux2_1 into sky130_fd_sc_hd__mux2_1.ext:
Extracting sky130_fd_sc_hd__mux2_2 into sky130_fd_sc_hd__mux2_2.ext:
Extracting sky130_fd_sc_hd__a21o_1 into sky130_fd_sc_hd__a21o_1.ext:
Extracting sky130_fd_sc_hd__or2_1 into sky130_fd_sc_hd__or2_1.ext:
Extracting sky130_fd_sc_hd__nand2_1 into sky130_fd_sc_hd__nand2_1.ext:
Extracting sky130_fd_sc_hd__o211a_1 into sky130_fd_sc_hd__o211a_1.ext:
Extracting sky130_fd_sc_hd__o21ai_1 into sky130_fd_sc_hd__o21ai_1.ext:
Extracting sky130_fd_sc_hd__nor2_1 into sky130_fd_sc_hd__nor2_1.ext:
Extracting sky130_fd_sc_hd__nand2_2 into sky130_fd_sc_hd__nand2_2.ext:
Extracting sky130_fd_sc_hd__or2b_1 into sky130_fd_sc_hd__or2b_1.ext:
Extracting sky130_fd_sc_hd__and2b_1 into sky130_fd_sc_hd__and2b_1.ext:
Extracting sky130_fd_sc_hd__a22o_1 into sky130_fd_sc_hd__a22o_1.ext:
Extracting sky130_fd_sc_hd__o2bb2a_1 into sky130_fd_sc_hd__o2bb2a_1.ext:
Extracting sky130_fd_sc_hd__o21a_1 into sky130_fd_sc_hd__o21a_1.ext:
Extracting sky130_fd_sc_hd__a21oi_2 into sky130_fd_sc_hd__a21oi_2.ext:
Extracting sky130_fd_sc_hd__and2_1 into sky130_fd_sc_hd__and2_1.ext:
Extracting sky130_fd_sc_hd__a22o_2 into sky130_fd_sc_hd__a22o_2.ext:
Extracting sky130_fd_sc_hd__a21o_2 into sky130_fd_sc_hd__a21o_2.ext:
Extracting sky130_fd_sc_hd__a311o_1 into sky130_fd_sc_hd__a311o_1.ext:
Extracting sky130_fd_sc_hd__a2bb2o_2 into sky130_fd_sc_hd__a2bb2o_2.ext:
Extracting sky130_fd_sc_hd__a21oi_1 into sky130_fd_sc_hd__a21oi_1.ext:
Extracting sky130_fd_sc_hd__a211o_1 into sky130_fd_sc_hd__a211o_1.ext:
Extracting sky130_fd_sc_hd__inv_2 into sky130_fd_sc_hd__inv_2.ext:
Extracting sky130_fd_sc_hd__a31o_1 into sky130_fd_sc_hd__a31o_1.ext:
Extracting sky130_fd_sc_hd__a21oi_4 into sky130_fd_sc_hd__a21oi_4.ext:
Extracting sky130_fd_sc_hd__a211o_2 into sky130_fd_sc_hd__a211o_2.ext:
Extracting sky130_fd_sc_hd__and3_1 into sky130_fd_sc_hd__and3_1.ext:
Extracting sky130_fd_sc_hd__nor2_2 into sky130_fd_sc_hd__nor2_2.ext:
Extracting sky130_fd_sc_hd__or4_1 into sky130_fd_sc_hd__or4_1.ext:
Extracting sky130_fd_sc_hd__a21bo_1 into sky130_fd_sc_hd__a21bo_1.ext:
Extracting sky130_fd_sc_hd__a221o_1 into sky130_fd_sc_hd__a221o_1.ext:
Extracting sky130_fd_sc_hd__nor2_4 into sky130_fd_sc_hd__nor2_4.ext:
Extracting sky130_fd_sc_hd__o22a_1 into sky130_fd_sc_hd__o22a_1.ext:
Extracting sky130_fd_sc_hd__or2_2 into sky130_fd_sc_hd__or2_2.ext:
Extracting sky130_fd_sc_hd__o221a_1 into sky130_fd_sc_hd__o221a_1.ext:
Extracting sky130_fd_sc_hd__a22oi_4 into sky130_fd_sc_hd__a22oi_4.ext:
Extracting sky130_fd_sc_hd__and4_1 into sky130_fd_sc_hd__and4_1.ext:
Extracting sky130_fd_sc_hd__a2bb2o_1 into sky130_fd_sc_hd__a2bb2o_1.ext:
Extracting sky130_fd_sc_hd__a32o_1 into sky130_fd_sc_hd__a32o_1.ext:
Extracting sky130_fd_sc_hd__buf_2 into sky130_fd_sc_hd__buf_2.ext:
Extracting sky130_fd_sc_hd__a21boi_1 into sky130_fd_sc_hd__a21boi_1.ext:
Extracting sky130_fd_sc_hd__o221ai_4 into sky130_fd_sc_hd__o221ai_4.ext:
Extracting sky130_fd_sc_hd__o2bb2a_2 into sky130_fd_sc_hd__o2bb2a_2.ext:
Extracting sky130_fd_sc_hd__and2_2 into sky130_fd_sc_hd__and2_2.ext:
Extracting sky130_fd_sc_hd__a32o_2 into sky130_fd_sc_hd__a32o_2.ext:
Extracting sky130_fd_sc_hd__o21bai_1 into sky130_fd_sc_hd__o21bai_1.ext:
Extracting sky130_fd_sc_hd__o21ai_4 into sky130_fd_sc_hd__o21ai_4.ext:
Extracting sky130_fd_sc_hd__a31o_2 into sky130_fd_sc_hd__a31o_2.ext:
Extracting sky130_fd_sc_hd__or3_1 into sky130_fd_sc_hd__or3_1.ext:
Extracting sky130_fd_sc_hd__nand2_4 into sky130_fd_sc_hd__nand2_4.ext:
Extracting sky130_fd_sc_hd__o21ba_1 into sky130_fd_sc_hd__o21ba_1.ext:
Extracting sky130_fd_sc_hd__o32a_1 into sky130_fd_sc_hd__o32a_1.ext:
Extracting sky130_fd_sc_hd__and3_2 into sky130_fd_sc_hd__and3_2.ext:
Extracting sky130_fd_sc_hd__a221o_4 into sky130_fd_sc_hd__a221o_4.ext:
Extracting sky130_fd_sc_hd__a221o_2 into sky130_fd_sc_hd__a221o_2.ext:
Extracting sky130_fd_sc_hd__a211oi_2 into sky130_fd_sc_hd__a211oi_2.ext:
Extracting sky130_fd_sc_hd__buf_12 into sky130_fd_sc_hd__buf_12.ext:
Extracting sky130_fd_sc_hd__buf_8 into sky130_fd_sc_hd__buf_8.ext:
Extracting sky130_fd_sc_hd__o21a_2 into sky130_fd_sc_hd__o21a_2.ext:
Extracting sky130_fd_sc_hd__o31a_1 into sky130_fd_sc_hd__o31a_1.ext:
Extracting sky130_fd_sc_hd__and3b_1 into sky130_fd_sc_hd__and3b_1.ext:
Extracting sky130_fd_sc_hd__or3b_1 into sky130_fd_sc_hd__or3b_1.ext:
Extracting sky130_fd_sc_hd__buf_1 into sky130_fd_sc_hd__buf_1.ext:
Extracting sky130_fd_sc_hd__and4b_1 into sky130_fd_sc_hd__and4b_1.ext:
Extracting sky130_fd_sc_hd__o21ai_2 into sky130_fd_sc_hd__o21ai_2.ext:
Extracting sky130_fd_sc_hd__or3_4 into sky130_fd_sc_hd__or3_4.ext:
Extracting sky130_fd_sc_hd__xnor2_1 into sky130_fd_sc_hd__xnor2_1.ext:
Extracting sky130_fd_sc_hd__or4bb_4 into sky130_fd_sc_hd__or4bb_4.ext:
Extracting sky130_fd_sc_hd__a2111o_1 into sky130_fd_sc_hd__a2111o_1.ext:
Extracting sky130_fd_sc_hd__a211oi_1 into sky130_fd_sc_hd__a211oi_1.ext:
Extracting sky130_fd_sc_hd__xor2_1 into sky130_fd_sc_hd__xor2_1.ext:
Extracting sky130_fd_sc_hd__and4bb_1 into sky130_fd_sc_hd__and4bb_1.ext:
Extracting sky130_fd_sc_hd__or4b_1 into sky130_fd_sc_hd__or4b_1.ext:
Extracting sky130_fd_sc_hd__nor2b_1 into sky130_fd_sc_hd__nor2b_1.ext:
Extracting sky130_fd_sc_hd__nor4b_1 into sky130_fd_sc_hd__nor4b_1.ext:
Extracting sky130_fd_sc_hd__o211ai_4 into sky130_fd_sc_hd__o211ai_4.ext:
Extracting sky130_fd_sc_hd__or4b_2 into sky130_fd_sc_hd__or4b_2.ext:
Extracting sky130_fd_sc_hd__nand4_1 into sky130_fd_sc_hd__nand4_1.ext:
Extracting sky130_fd_sc_hd__a21boi_4 into sky130_fd_sc_hd__a21boi_4.ext:
Extracting sky130_sram_1kbyte_1rw1r_32x256_8_contact_19 into sky130_sram_1kbyte_1rw1r_32x256_8_contact_19.ext:
Extracting sky130_sram_1kbyte_1rw1r_32x256_8_contact_13 into sky130_sram_1kbyte_1rw1r_32x256_8_contact_13.ext:
Extracting sky130_sram_1kbyte_1rw1r_32x256_8_contact_14 into sky130_sram_1kbyte_1rw1r_32x256_8_contact_14.ext:
Extracting sky130_sram_1kbyte_1rw1r_32x256_8_contact_40 into sky130_sram_1kbyte_1rw1r_32x256_8_contact_40.ext:
Extracting sky130_sram_1kbyte_1rw1r_32x256_8_contact_34 into sky130_sram_1kbyte_1rw1r_32x256_8_contact_34.ext:
Extracting sky130_sram_1kbyte_1rw1r_32x256_8_contact_7 into sky130_sram_1kbyte_1rw1r_32x256_8_contact_7.ext:
Extracting sky130_sram_1kbyte_1rw1r_32x256_8_contact_39 into sky130_sram_1kbyte_1rw1r_32x256_8_contact_39.ext:
Extracting sky130_sram_1kbyte_1rw1r_32x256_8_contact_33 into sky130_sram_1kbyte_1rw1r_32x256_8_contact_33.ext:
Extracting sky130_fd_bd_sram__openram_dff into sky130_fd_bd_sram__openram_dff.ext:
Extracting sky130_sram_1kbyte_1rw1r_32x256_8_row_addr_dff into sky130_sram_1kbyte_1rw1r_32x256_8_row_addr_dff.ext:
Extracting sky130_sram_1kbyte_1rw1r_32x256_8_col_addr_dff into sky130_sram_1kbyte_1rw1r_32x256_8_col_addr_dff.ext:
Extracting sky130_sram_1kbyte_1rw1r_32x256_8_wmask_dff into sky130_sram_1kbyte_1rw1r_32x256_8_wmask_dff.ext:
Extracting sky130_sram_1kbyte_1rw1r_32x256_8_cr_3 into sky130_sram_1kbyte_1rw1r_32x256_8_cr_3.ext:
Extracting sky130_sram_1kbyte_1rw1r_32x256_8_contact_16 into sky130_sram_1kbyte_1rw1r_32x256_8_contact_16.ext:
Extracting sky130_sram_1kbyte_1rw1r_32x256_8_contact_29 into sky130_sram_1kbyte_1rw1r_32x256_8_contact_29.ext:
Extracting sky130_sram_1kbyte_1rw1r_32x256_8_contact_28 into sky130_sram_1kbyte_1rw1r_32x256_8_contact_28.ext:
Extracting sky130_sram_1kbyte_1rw1r_32x256_8_contact_11 into sky130_sram_1kbyte_1rw1r_32x256_8_contact_11.ext:
Extracting sky130_sram_1kbyte_1rw1r_32x256_8_nmos_m1_w0_360_sli_dli_da_p into sky130_sram_1kbyte_1rw1r_32x256_8_nmos_m1_w0_360_sli_dli_da_p.ext:
Extracting sky130_sram_1kbyte_1rw1r_32x256_8_contact_12 into sky130_sram_1kbyte_1rw1r_32x256_8_contact_12.ext:
Extracting sky130_sram_1kbyte_1rw1r_32x256_8_pmos_m1_w1_120_sli_dli_da_p into sky130_sram_1kbyte_1rw1r_32x256_8_pmos_m1_w1_120_sli_dli_da_p.ext:
Extracting sky130_sram_1kbyte_1rw1r_32x256_8_pinv_0 into sky130_sram_1kbyte_1rw1r_32x256_8_pinv_0.ext:
Extracting sky130_sram_1kbyte_1rw1r_32x256_8_nmos_m1_w0_740_sactive_dli into sky130_sram_1kbyte_1rw1r_32x256_8_nmos_m1_w0_740_sactive_dli.ext:
Extracting sky130_sram_1kbyte_1rw1r_32x256_8_nmos_m1_w0_740_sli_dactive into sky130_sram_1kbyte_1rw1r_32x256_8_nmos_m1_w0_740_sli_dactive.ext:
Extracting sky130_sram_1kbyte_1rw1r_32x256_8_pmos_m1_w1_120_sli_dli into sky130_sram_1kbyte_1rw1r_32x256_8_pmos_m1_w1_120_sli_dli.ext:
Extracting sky130_sram_1kbyte_1rw1r_32x256_8_pnand2_1 into sky130_sram_1kbyte_1rw1r_32x256_8_pnand2_1.ext:
Extracting sky130_sram_1kbyte_1rw1r_32x256_8_nmos_m3_w1_680_sli_dli_da_p into sky130_sram_1kbyte_1rw1r_32x256_8_nmos_m3_w1_680_sli_dli_da_p.ext:
Extracting sky130_sram_1kbyte_1rw1r_32x256_8_pmos_m3_w1_680_sli_dli_da_p into sky130_sram_1kbyte_1rw1r_32x256_8_pmos_m3_w1_680_sli_dli_da_p.ext:
Extracting sky130_sram_1kbyte_1rw1r_32x256_8_pinv_2 into sky130_sram_1kbyte_1rw1r_32x256_8_pinv_2.ext:
Extracting sky130_sram_1kbyte_1rw1r_32x256_8_nmos_m2_w0_740_sli_dli_da_p into sky130_sram_1kbyte_1rw1r_32x256_8_nmos_m2_w0_740_sli_dli_da_p.ext:
Extracting sky130_sram_1kbyte_1rw1r_32x256_8_pmos_m2_w1_260_sli_dli_da_p into sky130_sram_1kbyte_1rw1r_32x256_8_pmos_m2_w1_260_sli_dli_da_p.ext:
Extracting sky130_sram_1kbyte_1rw1r_32x256_8_pinv_1 into sky130_sram_1kbyte_1rw1r_32x256_8_pinv_1.ext:
Extracting sky130_sram_1kbyte_1rw1r_32x256_8_dff_buf_0 into sky130_sram_1kbyte_1rw1r_32x256_8_dff_buf_0.ext:
Extracting sky130_sram_1kbyte_1rw1r_32x256_8_dff_buf_array into sky130_sram_1kbyte_1rw1r_32x256_8_dff_buf_array.ext:
Extracting sky130_sram_1kbyte_1rw1r_32x256_8_nmos_m7_w1_680_sli_dli_da_p into sky130_sram_1kbyte_1rw1r_32x256_8_nmos_m7_w1_680_sli_dli_da_p.ext:
Extracting sky130_sram_1kbyte_1rw1r_32x256_8_pmos_m7_w2_000_sli_dli_da_p into sky130_sram_1kbyte_1rw1r_32x256_8_pmos_m7_w2_000_sli_dli_da_p.ext:
Extracting sky130_sram_1kbyte_1rw1r_32x256_8_pinv_3 into sky130_sram_1kbyte_1rw1r_32x256_8_pinv_3.ext:
Extracting sky130_sram_1kbyte_1rw1r_32x256_8_pdriver_0 into sky130_sram_1kbyte_1rw1r_32x256_8_pdriver_0.ext:
Extracting sky130_sram_1kbyte_1rw1r_32x256_8_pnand2_0 into sky130_sram_1kbyte_1rw1r_32x256_8_pnand2_0.ext:
Extracting sky130_sram_1kbyte_1rw1r_32x256_8_pand2_0 into sky130_sram_1kbyte_1rw1r_32x256_8_pand2_0.ext:
Extracting sky130_sram_1kbyte_1rw1r_32x256_8_nmos_m12_w2_000_sli_dli_da_p into sky130_sram_1kbyte_1rw1r_32x256_8_nmos_m12_w2_000_sli_dli_da_p.ext:
Extracting sky130_sram_1kbyte_1rw1r_32x256_8_pmos_m12_w2_000_sli_dli_da_p into sky130_sram_1kbyte_1rw1r_32x256_8_pmos_m12_w2_000_sli_dli_da_p.ext:
Extracting sky130_sram_1kbyte_1rw1r_32x256_8_pinv_18 into sky130_sram_1kbyte_1rw1r_32x256_8_pinv_18.ext:
Extracting sky130_sram_1kbyte_1rw1r_32x256_8_nmos_m4_w1_260_sli_dli_da_p into sky130_sram_1kbyte_1rw1r_32x256_8_nmos_m4_w1_260_sli_dli_da_p.ext:
Extracting sky130_sram_1kbyte_1rw1r_32x256_8_pmos_m4_w2_000_sli_dli_da_p into sky130_sram_1kbyte_1rw1r_32x256_8_pmos_m4_w2_000_sli_dli_da_p.ext:
Extracting sky130_sram_1kbyte_1rw1r_32x256_8_pinv_17 into sky130_sram_1kbyte_1rw1r_32x256_8_pinv_17.ext:
Extracting sky130_sram_1kbyte_1rw1r_32x256_8_pinv_11 into sky130_sram_1kbyte_1rw1r_32x256_8_pinv_11.ext:
Extracting sky130_sram_1kbyte_1rw1r_32x256_8_pinv_6 into sky130_sram_1kbyte_1rw1r_32x256_8_pinv_6.ext:
Extracting sky130_sram_1kbyte_1rw1r_32x256_8_pdriver_5 into sky130_sram_1kbyte_1rw1r_32x256_8_pdriver_5.ext:
Extracting sky130_sram_1kbyte_1rw1r_32x256_8_pinv_19 into sky130_sram_1kbyte_1rw1r_32x256_8_pinv_19.ext:
Extracting sky130_sram_1kbyte_1rw1r_32x256_8_delay_chain into sky130_sram_1kbyte_1rw1r_32x256_8_delay_chain.ext:
Extracting sky130_sram_1kbyte_1rw1r_32x256_8_nmos_m18_w2_000_sli_dli_da_p into sky130_sram_1kbyte_1rw1r_32x256_8_nmos_m18_w2_000_sli_dli_da_p.ext:
Extracting sky130_sram_1kbyte_1rw1r_32x256_8_pmos_m18_w2_000_sli_dli_da_p into sky130_sram_1kbyte_1rw1r_32x256_8_pmos_m18_w2_000_sli_dli_da_p.ext:
Extracting sky130_sram_1kbyte_1rw1r_32x256_8_pinv_16 into sky130_sram_1kbyte_1rw1r_32x256_8_pinv_16.ext:
Extracting sky130_sram_1kbyte_1rw1r_32x256_8_pdriver_4 into sky130_sram_1kbyte_1rw1r_32x256_8_pdriver_4.ext:
Extracting sky130_sram_1kbyte_1rw1r_32x256_8_nmos_m1_w0_740_sactive_dactive into sky130_sram_1kbyte_1rw1r_32x256_8_nmos_m1_w0_740_sactive_dactive.ext:
Extracting sky130_sram_1kbyte_1rw1r_32x256_8_pnand3 into sky130_sram_1kbyte_1rw1r_32x256_8_pnand3.ext:
Extracting sky130_sram_1kbyte_1rw1r_32x256_8_pand3_0 into sky130_sram_1kbyte_1rw1r_32x256_8_pand3_0.ext:
Extracting sky130_sram_1kbyte_1rw1r_32x256_8_nmos_m22_w2_000_sli_dli_da_p into sky130_sram_1kbyte_1rw1r_32x256_8_nmos_m22_w2_000_sli_dli_da_p.ext:
Extracting sky130_sram_1kbyte_1rw1r_32x256_8_pmos_m22_w2_000_sli_dli_da_p into sky130_sram_1kbyte_1rw1r_32x256_8_pmos_m22_w2_000_sli_dli_da_p.ext:
Extracting sky130_sram_1kbyte_1rw1r_32x256_8_pinv_15 into sky130_sram_1kbyte_1rw1r_32x256_8_pinv_15.ext:
Extracting sky130_sram_1kbyte_1rw1r_32x256_8_pdriver_3 into sky130_sram_1kbyte_1rw1r_32x256_8_pdriver_3.ext:
Extracting sky130_sram_1kbyte_1rw1r_32x256_8_pand3 into sky130_sram_1kbyte_1rw1r_32x256_8_pand3.ext:
Extracting sky130_sram_1kbyte_1rw1r_32x256_8_nmos_m24_w2_000_sli_dli_da_p into sky130_sram_1kbyte_1rw1r_32x256_8_nmos_m24_w2_000_sli_dli_da_p.ext:
Extracting sky130_sram_1kbyte_1rw1r_32x256_8_pmos_m24_w2_000_sli_dli_da_p into sky130_sram_1kbyte_1rw1r_32x256_8_pmos_m24_w2_000_sli_dli_da_p.ext:
Extracting sky130_sram_1kbyte_1rw1r_32x256_8_pinv_14 into sky130_sram_1kbyte_1rw1r_32x256_8_pinv_14.ext:
Extracting sky130_sram_1kbyte_1rw1r_32x256_8_nmos_m8_w2_000_sli_dli_da_p into sky130_sram_1kbyte_1rw1r_32x256_8_nmos_m8_w2_000_sli_dli_da_p.ext:
Extracting sky130_sram_1kbyte_1rw1r_32x256_8_pmos_m8_w2_000_sli_dli_da_p into sky130_sram_1kbyte_1rw1r_32x256_8_pmos_m8_w2_000_sli_dli_da_p.ext:
Extracting sky130_sram_1kbyte_1rw1r_32x256_8_pinv_13 into sky130_sram_1kbyte_1rw1r_32x256_8_pinv_13.ext:
Extracting sky130_sram_1kbyte_1rw1r_32x256_8_nmos_m3_w2_000_sli_dli_da_p into sky130_sram_1kbyte_1rw1r_32x256_8_nmos_m3_w2_000_sli_dli_da_p.ext:
Extracting sky130_sram_1kbyte_1rw1r_32x256_8_pmos_m3_w2_000_sli_dli_da_p into sky130_sram_1kbyte_1rw1r_32x256_8_pmos_m3_w2_000_sli_dli_da_p.ext:
Extracting sky130_sram_1kbyte_1rw1r_32x256_8_pinv_12 into sky130_sram_1kbyte_1rw1r_32x256_8_pinv_12.ext:
Extracting sky130_sram_1kbyte_1rw1r_32x256_8_pdriver_2 into sky130_sram_1kbyte_1rw1r_32x256_8_pdriver_2.ext:
Extracting sky130_sram_1kbyte_1rw1r_32x256_8_nmos_m40_w2_000_sli_dli_da_p into sky130_sram_1kbyte_1rw1r_32x256_8_nmos_m40_w2_000_sli_dli_da_p.ext:
Extracting sky130_sram_1kbyte_1rw1r_32x256_8_pmos_m40_w2_000_sli_dli_da_p into sky130_sram_1kbyte_1rw1r_32x256_8_pmos_m40_w2_000_sli_dli_da_p.ext:
Extracting sky130_sram_1kbyte_1rw1r_32x256_8_pinv_10 into sky130_sram_1kbyte_1rw1r_32x256_8_pinv_10.ext:
Extracting sky130_sram_1kbyte_1rw1r_32x256_8_nmos_m13_w2_000_sli_dli_da_p into sky130_sram_1kbyte_1rw1r_32x256_8_nmos_m13_w2_000_sli_dli_da_p.ext:
Extracting sky130_sram_1kbyte_1rw1r_32x256_8_pmos_m13_w2_000_sli_dli_da_p into sky130_sram_1kbyte_1rw1r_32x256_8_pmos_m13_w2_000_sli_dli_da_p.ext:
Extracting sky130_sram_1kbyte_1rw1r_32x256_8_pinv_9 into sky130_sram_1kbyte_1rw1r_32x256_8_pinv_9.ext:
Extracting sky130_sram_1kbyte_1rw1r_32x256_8_nmos_m5_w1_680_sli_dli_da_p into sky130_sram_1kbyte_1rw1r_32x256_8_nmos_m5_w1_680_sli_dli_da_p.ext:
Extracting sky130_sram_1kbyte_1rw1r_32x256_8_pmos_m5_w2_000_sli_dli_da_p into sky130_sram_1kbyte_1rw1r_32x256_8_pmos_m5_w2_000_sli_dli_da_p.ext:
Extracting sky130_sram_1kbyte_1rw1r_32x256_8_pinv_8 into sky130_sram_1kbyte_1rw1r_32x256_8_pinv_8.ext:
Extracting sky130_sram_1kbyte_1rw1r_32x256_8_nmos_m2_w1_260_sli_dli_da_p into sky130_sram_1kbyte_1rw1r_32x256_8_nmos_m2_w1_260_sli_dli_da_p.ext:
Extracting sky130_sram_1kbyte_1rw1r_32x256_8_pmos_m2_w2_000_sli_dli_da_p into sky130_sram_1kbyte_1rw1r_32x256_8_pmos_m2_w2_000_sli_dli_da_p.ext:
Extracting sky130_sram_1kbyte_1rw1r_32x256_8_pinv_7 into sky130_sram_1kbyte_1rw1r_32x256_8_pinv_7.ext:
Extracting sky130_sram_1kbyte_1rw1r_32x256_8_pdriver_1 into sky130_sram_1kbyte_1rw1r_32x256_8_pdriver_1.ext:
Extracting sky130_sram_1kbyte_1rw1r_32x256_8_control_logic_rw into sky130_sram_1kbyte_1rw1r_32x256_8_control_logic_rw.ext:
Extracting sky130_sram_1kbyte_1rw1r_32x256_8_cr_5 into sky130_sram_1kbyte_1rw1r_32x256_8_cr_5.ext:
Extracting sky130_sram_1kbyte_1rw1r_32x256_8_dff_buf_array_0 into sky130_sram_1kbyte_1rw1r_32x256_8_dff_buf_array_0.ext:
Extracting sky130_sram_1kbyte_1rw1r_32x256_8_nmos_m39_w2_000_sli_dli_da_p into sky130_sram_1kbyte_1rw1r_32x256_8_nmos_m39_w2_000_sli_dli_da_p.ext:
Extracting sky130_sram_1kbyte_1rw1r_32x256_8_pmos_m39_w2_000_sli_dli_da_p into sky130_sram_1kbyte_1rw1r_32x256_8_pmos_m39_w2_000_sli_dli_da_p.ext:
Extracting sky130_sram_1kbyte_1rw1r_32x256_8_pinv_20 into sky130_sram_1kbyte_1rw1r_32x256_8_pinv_20.ext:
Extracting sky130_sram_1kbyte_1rw1r_32x256_8_pdriver_6 into sky130_sram_1kbyte_1rw1r_32x256_8_pdriver_6.ext:
Extracting sky130_sram_1kbyte_1rw1r_32x256_8_control_logic_r into sky130_sram_1kbyte_1rw1r_32x256_8_control_logic_r.ext:
Extracting sky130_sram_1kbyte_1rw1r_32x256_8_cr_4 into sky130_sram_1kbyte_1rw1r_32x256_8_cr_4.ext:
Extracting sky130_sram_1kbyte_1rw1r_32x256_8_data_dff into sky130_sram_1kbyte_1rw1r_32x256_8_data_dff.ext:
Extracting sky130_sram_1kbyte_1rw1r_32x256_8_pinvbuf into sky130_sram_1kbyte_1rw1r_32x256_8_pinvbuf.ext:
Extracting sky130_sram_1kbyte_1rw1r_32x256_8_contact_15 into sky130_sram_1kbyte_1rw1r_32x256_8_contact_15.ext:
Extracting sky130_sram_1kbyte_1rw1r_32x256_8_nmos_m1_w7_000_sli_dli_da_p into sky130_sram_1kbyte_1rw1r_32x256_8_nmos_m1_w7_000_sli_dli_da_p.ext:
Extracting sky130_sram_1kbyte_1rw1r_32x256_8_pmos_m1_w7_000_sli_dli_da_p into sky130_sram_1kbyte_1rw1r_32x256_8_pmos_m1_w7_000_sli_dli_da_p.ext:
Extracting sky130_sram_1kbyte_1rw1r_32x256_8_pinv_dec_0 into sky130_sram_1kbyte_1rw1r_32x256_8_pinv_dec_0.ext:
Extracting sky130_fd_bd_sram__openram_dp_nand2_dec into sky130_fd_bd_sram__openram_dp_nand2_dec.ext:
Warning:  Ports "VDD" and "vdd" are electrically shorted.
Warning:  Ports "GND" and "gnd" are electrically shorted.
Extracting sky130_sram_1kbyte_1rw1r_32x256_8_and2_dec_0 into sky130_sram_1kbyte_1rw1r_32x256_8_and2_dec_0.ext:
Extracting sky130_sram_1kbyte_1rw1r_32x256_8_wordline_driver into sky130_sram_1kbyte_1rw1r_32x256_8_wordline_driver.ext:
Extracting sky130_sram_1kbyte_1rw1r_32x256_8_wordline_driver_array into sky130_sram_1kbyte_1rw1r_32x256_8_wordline_driver_array.ext:
Extracting sky130_sram_1kbyte_1rw1r_32x256_8_contact_20 into sky130_sram_1kbyte_1rw1r_32x256_8_contact_20.ext:
Extracting sky130_sram_1kbyte_1rw1r_32x256_8_contact_17 into sky130_sram_1kbyte_1rw1r_32x256_8_contact_17.ext:
Extracting sky130_sram_1kbyte_1rw1r_32x256_8_pinv_dec into sky130_sram_1kbyte_1rw1r_32x256_8_pinv_dec.ext:
Extracting sky130_fd_bd_sram__openram_dp_nand3_dec into sky130_fd_bd_sram__openram_dp_nand3_dec.ext:
Warning:  Ports "VDD" and "vdd" are electrically shorted.
Warning:  Ports "VDD" and "vdd" are electrically shorted.
Warning:  Ports "GND" and "gnd" are electrically shorted.
Extracting sky130_sram_1kbyte_1rw1r_32x256_8_and3_dec into sky130_sram_1kbyte_1rw1r_32x256_8_and3_dec.ext:
Extracting sky130_sram_1kbyte_1rw1r_32x256_8_hierarchical_predecode3x8 into sky130_sram_1kbyte_1rw1r_32x256_8_hierarchical_predecode3x8.ext:
Extracting sky130_sram_1kbyte_1rw1r_32x256_8_and2_dec into sky130_sram_1kbyte_1rw1r_32x256_8_and2_dec.ext:
Extracting sky130_sram_1kbyte_1rw1r_32x256_8_hierarchical_predecode2x4 into sky130_sram_1kbyte_1rw1r_32x256_8_hierarchical_predecode2x4.ext:
Extracting sky130_sram_1kbyte_1rw1r_32x256_8_hierarchical_decoder into sky130_sram_1kbyte_1rw1r_32x256_8_hierarchical_decoder.ext:
Extracting sky130_sram_1kbyte_1rw1r_32x256_8_port_address_0 into sky130_sram_1kbyte_1rw1r_32x256_8_port_address_0.ext:
Extracting sky130_sram_1kbyte_1rw1r_32x256_8_port_address into sky130_sram_1kbyte_1rw1r_32x256_8_port_address.ext:
Extracting sky130_sram_1kbyte_1rw1r_32x256_8_contact_27 into sky130_sram_1kbyte_1rw1r_32x256_8_contact_27.ext:
Extracting sky130_sram_1kbyte_1rw1r_32x256_8_contact_26 into sky130_sram_1kbyte_1rw1r_32x256_8_contact_26.ext:
Extracting sky130_sram_1kbyte_1rw1r_32x256_8_nmos_m1_w2_880_sli_dli into sky130_sram_1kbyte_1rw1r_32x256_8_nmos_m1_w2_880_sli_dli.ext:
Extracting sky130_sram_1kbyte_1rw1r_32x256_8_column_mux_0 into sky130_sram_1kbyte_1rw1r_32x256_8_column_mux_0.ext:
Extracting sky130_sram_1kbyte_1rw1r_32x256_8_contact_25 into sky130_sram_1kbyte_1rw1r_32x256_8_contact_25.ext:
Extracting sky130_sram_1kbyte_1rw1r_32x256_8_contact_24 into sky130_sram_1kbyte_1rw1r_32x256_8_contact_24.ext:
Extracting sky130_sram_1kbyte_1rw1r_32x256_8_column_mux_array_0 into sky130_sram_1kbyte_1rw1r_32x256_8_column_mux_array_0.ext:
Extracting sky130_fd_bd_sram__openram_sense_amp into sky130_fd_bd_sram__openram_sense_amp.ext:
Warning:  Ports "GND_uq0" and "GND" are electrically shorted.
Extracting sky130_sram_1kbyte_1rw1r_32x256_8_sense_amp_array into sky130_sram_1kbyte_1rw1r_32x256_8_sense_amp_array.ext:
Extracting sky130_sram_1kbyte_1rw1r_32x256_8_contact_23 into sky130_sram_1kbyte_1rw1r_32x256_8_contact_23.ext:
Extracting sky130_sram_1kbyte_1rw1r_32x256_8_contact_21 into sky130_sram_1kbyte_1rw1r_32x256_8_contact_21.ext:
Extracting sky130_sram_1kbyte_1rw1r_32x256_8_contact_22 into sky130_sram_1kbyte_1rw1r_32x256_8_contact_22.ext:
Extracting sky130_sram_1kbyte_1rw1r_32x256_8_pmos_m1_w0_550_sli_dli into sky130_sram_1kbyte_1rw1r_32x256_8_pmos_m1_w0_550_sli_dli.ext:
Extracting sky130_sram_1kbyte_1rw1r_32x256_8_precharge_1 into sky130_sram_1kbyte_1rw1r_32x256_8_precharge_1.ext:
Extracting sky130_sram_1kbyte_1rw1r_32x256_8_precharge_array_0 into sky130_sram_1kbyte_1rw1r_32x256_8_precharge_array_0.ext:
Extracting sky130_sram_1kbyte_1rw1r_32x256_8_port_data_0 into sky130_sram_1kbyte_1rw1r_32x256_8_port_data_0.ext:
Extracting sky130_sram_1kbyte_1rw1r_32x256_8_column_mux into sky130_sram_1kbyte_1rw1r_32x256_8_column_mux.ext:
Extracting sky130_sram_1kbyte_1rw1r_32x256_8_column_mux_array into sky130_sram_1kbyte_1rw1r_32x256_8_column_mux_array.ext:
Extracting sky130_sram_1kbyte_1rw1r_32x256_8_pinv into sky130_sram_1kbyte_1rw1r_32x256_8_pinv.ext:
Extracting sky130_sram_1kbyte_1rw1r_32x256_8_pdriver into sky130_sram_1kbyte_1rw1r_32x256_8_pdriver.ext:
Extracting sky130_sram_1kbyte_1rw1r_32x256_8_pnand2 into sky130_sram_1kbyte_1rw1r_32x256_8_pnand2.ext:
Extracting sky130_sram_1kbyte_1rw1r_32x256_8_pand2 into sky130_sram_1kbyte_1rw1r_32x256_8_pand2.ext:
Extracting sky130_sram_1kbyte_1rw1r_32x256_8_write_mask_and_array into sky130_sram_1kbyte_1rw1r_32x256_8_write_mask_and_array.ext:
Extracting sky130_fd_bd_sram__openram_write_driver into sky130_fd_bd_sram__openram_write_driver.ext:
Warning:  Ports "GND_uq1" and "GND" are electrically shorted.
Extracting sky130_sram_1kbyte_1rw1r_32x256_8_write_driver_array into sky130_sram_1kbyte_1rw1r_32x256_8_write_driver_array.ext:
Extracting sky130_sram_1kbyte_1rw1r_32x256_8_precharge_0 into sky130_sram_1kbyte_1rw1r_32x256_8_precharge_0.ext:
Extracting sky130_sram_1kbyte_1rw1r_32x256_8_precharge_array into sky130_sram_1kbyte_1rw1r_32x256_8_precharge_array.ext:
Extracting sky130_sram_1kbyte_1rw1r_32x256_8_port_data into sky130_sram_1kbyte_1rw1r_32x256_8_port_data.ext:
Extracting sky130_sram_1kbyte_1rw1r_32x256_8_contact_9 into sky130_sram_1kbyte_1rw1r_32x256_8_contact_9.ext:
Extracting sky130_sram_1kbyte_1rw1r_32x256_8_contact_8 into sky130_sram_1kbyte_1rw1r_32x256_8_contact_8.ext:
Extracting sky130_fd_bd_sram__openram_dp_cell_cap_row into sky130_fd_bd_sram__openram_dp_cell_cap_row.ext:
Warning:  Ports "GND_uq0" and "gnd_uq0" are electrically shorted.
Warning:  Ports "gnd" and "GND" are electrically shorted.
Extracting sky130_sram_1kbyte_1rw1r_32x256_8_row_cap_array_0 into sky130_sram_1kbyte_1rw1r_32x256_8_row_cap_array_0.ext:
Extracting sky130_sram_1kbyte_1rw1r_32x256_8_row_cap_array into sky130_sram_1kbyte_1rw1r_32x256_8_row_cap_array.ext:
Extracting sky130_fd_bd_sram__openram_dp_cell_cap_col into sky130_fd_bd_sram__openram_dp_cell_cap_col.ext:
Warning:  Ports "BR1" and "br1" are electrically shorted.
Warning:  Ports "BL1" and "bl1" are electrically shorted.
Warning:  Ports "VDD" and "vdd" are electrically shorted.
Warning:  Ports "BR0" and "br0" are electrically shorted.
Warning:  Ports "BL0" and "bl0" are electrically shorted.
Extracting sky130_sram_1kbyte_1rw1r_32x256_8_col_cap_array into sky130_sram_1kbyte_1rw1r_32x256_8_col_cap_array.ext:
Extracting sky130_sram_1kbyte_1rw1r_32x256_8_col_cap_array_0 into sky130_sram_1kbyte_1rw1r_32x256_8_col_cap_array_0.ext:
Extracting sky130_fd_bd_sram__openram_dp_cell_dummy into sky130_fd_bd_sram__openram_dp_cell_dummy.ext:
Warning:  Ports "VDD" and "vdd" are electrically shorted.
Warning:  Ports "BR1" and "br1" are electrically shorted.
Warning:  Ports "BL1" and "bl1" are electrically shorted.
Warning:  Ports "WL1" and "wl1" are electrically shorted.
Warning:  Ports "WL0" and "wl0" are electrically shorted.
Warning:  Ports "BR0" and "br0" are electrically shorted.
Warning:  Ports "BL0" and "bl0" are electrically shorted.
Warning:  Ports "GND" and "gnd" are electrically shorted.
Warning:  Ports "GND" and "gnd" are electrically shorted.
Warning:  Unexpected asymmetric device at 400, 96!
Warning:  Unexpected asymmetric device at 38, 94!
Warning:  Unexpected asymmetric device at 400, 133!
Warning:  Unexpected asymmetric device at 400, 253!
Warning:  Unexpected asymmetric device at 38, 133!
Warning:  Unexpected asymmetric device at 38, 253!
Warning:  Unexpected asymmetric device at 400, 291!
Warning:  Unexpected asymmetric device at 38, 291!
Extracting sky130_sram_1kbyte_1rw1r_32x256_8_dummy_array into sky130_sram_1kbyte_1rw1r_32x256_8_dummy_array.ext:
Extracting sky130_fd_bd_sram__openram_dp_cell_replica into sky130_fd_bd_sram__openram_dp_cell_replica.ext:
Warning:  Ports "BR1" and "br1" are electrically shorted.
Warning:  Ports "BL1" and "bl1" are electrically shorted.
Warning:  Ports "WL1" and "wl1" are electrically shorted.
Warning:  Ports "WL0" and "wl0" are electrically shorted.
Warning:  Ports "BR0" and "br0" are electrically shorted.
Warning:  Ports "BL0" and "bl0" are electrically shorted.
Warning:  Ports "VDD" and "vdd" are electrically shorted.
Warning:  Ports "GND" and "gnd" are electrically shorted.
Warning:  Ports "GND" and "gnd" are electrically shorted.
Warning:  Unexpected asymmetric device at 400, 96!
Warning:  Unexpected asymmetric device at 38, 94!
Warning:  Unexpected asymmetric device at 400, 175!
Warning:  Unexpected asymmetric device at 400, 253!
Warning:  Unexpected asymmetric device at 400, 333!
Warning:  Unexpected asymmetric device at 38, 175!
Warning:  Unexpected asymmetric device at 38, 253!
Warning:  Unexpected asymmetric device at 38, 333!
sky130_fd_bd_sram__openram_dp_cell_replica: 3 warnings
Extracting sky130_sram_1kbyte_1rw1r_32x256_8_replica_column_0 into sky130_sram_1kbyte_1rw1r_32x256_8_replica_column_0.ext:
Extracting sky130_sram_1kbyte_1rw1r_32x256_8_replica_column into sky130_sram_1kbyte_1rw1r_32x256_8_replica_column.ext:
Extracting sky130_fd_bd_sram__openram_dp_cell into sky130_fd_bd_sram__openram_dp_cell.ext:
Warning:  Ports "BR1" and "br1" are electrically shorted.
Warning:  Ports "BL1" and "bl1" are electrically shorted.
Warning:  Ports "WL1" and "wl1" are electrically shorted.
Warning:  Ports "WL0" and "wl0" are electrically shorted.
Warning:  Ports "BR0" and "br0" are electrically shorted.
Warning:  Ports "BL0" and "bl0" are electrically shorted.
Warning:  Ports "VDD" and "vdd" are electrically shorted.
Warning:  Ports "GND" and "gnd" are electrically shorted.
Warning:  Ports "GND" and "gnd" are electrically shorted.
Warning:  Unexpected asymmetric device at 400, 96!
Warning:  Unexpected asymmetric device at 38, 94!
Warning:  Unexpected asymmetric device at 400, 175!
Warning:  Unexpected asymmetric device at 400, 253!
Warning:  Unexpected asymmetric device at 400, 333!
Warning:  Unexpected asymmetric device at 38, 175!
Warning:  Unexpected asymmetric device at 38, 253!
Warning:  Unexpected asymmetric device at 38, 333!
sky130_fd_bd_sram__openram_dp_cell: 2 warnings
Extracting sky130_sram_1kbyte_1rw1r_32x256_8_bitcell_array into sky130_sram_1kbyte_1rw1r_32x256_8_bitcell_array.ext:
Extracting sky130_sram_1kbyte_1rw1r_32x256_8_replica_bitcell_array into sky130_sram_1kbyte_1rw1r_32x256_8_replica_bitcell_array.ext:
Extracting sky130_sram_1kbyte_1rw1r_32x256_8_bank into sky130_sram_1kbyte_1rw1r_32x256_8_bank.ext:
Extracting sky130_sram_1kbyte_1rw1r_32x256_8 into sky130_sram_1kbyte_1rw1r_32x256_8.ext:
Extracting sky130_fd_sc_hd__o31ai_2 into sky130_fd_sc_hd__o31ai_2.ext:
Extracting sky130_fd_sc_hd__dlymetal6s2s_1 into sky130_fd_sc_hd__dlymetal6s2s_1.ext:
Extracting sky130_fd_sc_hd__nand3_1 into sky130_fd_sc_hd__nand3_1.ext:
Extracting sky130_fd_sc_hd__a221oi_4 into sky130_fd_sc_hd__a221oi_4.ext:
Extracting sky130_fd_sc_hd__o41a_1 into sky130_fd_sc_hd__o41a_1.ext:
Extracting sky130_fd_sc_hd__xor2_2 into sky130_fd_sc_hd__xor2_2.ext:
Extracting sky130_fd_sc_hd__a311o_2 into sky130_fd_sc_hd__a311o_2.ext:
Extracting sky130_fd_sc_hd__or3_2 into sky130_fd_sc_hd__or3_2.ext:
Extracting sky130_fd_sc_hd__o31ai_1 into sky130_fd_sc_hd__o31ai_1.ext:
Extracting sky130_fd_sc_hd__xnor2_2 into sky130_fd_sc_hd__xnor2_2.ext:
Extracting sky130_fd_sc_hd__o211a_2 into sky130_fd_sc_hd__o211a_2.ext:
Extracting sky130_fd_sc_hd__o31ai_4 into sky130_fd_sc_hd__o31ai_4.ext:
Extracting sky130_fd_sc_hd__nor3_2 into sky130_fd_sc_hd__nor3_2.ext:
Extracting sky130_fd_sc_hd__o311a_1 into sky130_fd_sc_hd__o311a_1.ext:
Extracting sky130_fd_sc_hd__and2_4 into sky130_fd_sc_hd__and2_4.ext:
Extracting sky130_fd_sc_hd__nand2b_2 into sky130_fd_sc_hd__nand2b_2.ext:
Extracting sky130_fd_sc_hd__or2_4 into sky130_fd_sc_hd__or2_4.ext:
Extracting sky130_fd_sc_hd__o21ba_2 into sky130_fd_sc_hd__o21ba_2.ext:
Extracting sky130_fd_sc_hd__a31oi_1 into sky130_fd_sc_hd__a31oi_1.ext:
Extracting sky130_fd_sc_hd__o2111ai_1 into sky130_fd_sc_hd__o2111ai_1.ext:
Extracting sky130_fd_sc_hd__xor2_4 into sky130_fd_sc_hd__xor2_4.ext:
Extracting sky130_fd_sc_hd__a311oi_1 into sky130_fd_sc_hd__a311oi_1.ext:
Extracting sky130_fd_sc_hd__o2111ai_4 into sky130_fd_sc_hd__o2111ai_4.ext:
Extracting sky130_fd_sc_hd__o22a_2 into sky130_fd_sc_hd__o22a_2.ext:
Extracting sky130_fd_sc_hd__a31oi_2 into sky130_fd_sc_hd__a31oi_2.ext:
Extracting sky130_fd_sc_hd__nor3_1 into sky130_fd_sc_hd__nor3_1.ext:
Extracting sky130_fd_sc_hd__or3b_2 into sky130_fd_sc_hd__or3b_2.ext:
Extracting sky130_fd_sc_hd__o211ai_1 into sky130_fd_sc_hd__o211ai_1.ext:
Extracting sky130_fd_sc_hd__or4bb_2 into sky130_fd_sc_hd__or4bb_2.ext:
Extracting sky130_fd_sc_hd__or4_4 into sky130_fd_sc_hd__or4_4.ext:
Extracting sky130_fd_sc_hd__o211ai_2 into sky130_fd_sc_hd__o211ai_2.ext:
Extracting sky130_fd_sc_hd__o22ai_1 into sky130_fd_sc_hd__o22ai_1.ext:
Extracting sky130_fd_sc_hd__a31o_4 into sky130_fd_sc_hd__a31o_4.ext:
Extracting sky130_fd_sc_hd__nand4b_1 into sky130_fd_sc_hd__nand4b_1.ext:
Extracting sky130_fd_sc_hd__nand3_2 into sky130_fd_sc_hd__nand3_2.ext:
Extracting sky130_fd_sc_hd__nor4_2 into sky130_fd_sc_hd__nor4_2.ext:
Extracting sky130_fd_sc_hd__a22o_4 into sky130_fd_sc_hd__a22o_4.ext:
Extracting sky130_fd_sc_hd__mux2_4 into sky130_fd_sc_hd__mux2_4.ext:
Extracting sky130_fd_sc_hd__dlygate4sd1_1 into sky130_fd_sc_hd__dlygate4sd1_1.ext:
Extracting sky130_fd_sc_hd__clkbuf_16 into sky130_fd_sc_hd__clkbuf_16.ext:
Extracting sky130_fd_sc_hd__a21o_4 into sky130_fd_sc_hd__a21o_4.ext:
Extracting sky130_fd_sc_hd__nor3b_4 into sky130_fd_sc_hd__nor3b_4.ext:
Extracting sky130_fd_sc_hd__and4bb_2 into sky130_fd_sc_hd__and4bb_2.ext:
Extracting sky130_fd_sc_hd__nand4b_4 into sky130_fd_sc_hd__nand4b_4.ext:
Extracting sky130_fd_sc_hd__nand4_4 into sky130_fd_sc_hd__nand4_4.ext:
Extracting sky130_fd_sc_hd__o32ai_4 into sky130_fd_sc_hd__o32ai_4.ext:
Extracting sky130_fd_sc_hd__nor2_8 into sky130_fd_sc_hd__nor2_8.ext:
Extracting sky130_fd_sc_hd__nand3b_4 into sky130_fd_sc_hd__nand3b_4.ext:
Extracting sky130_fd_sc_hd__nor3b_2 into sky130_fd_sc_hd__nor3b_2.ext:
Extracting sky130_fd_sc_hd__or3b_4 into sky130_fd_sc_hd__or3b_4.ext:
Extracting sky130_fd_sc_hd__o31a_2 into sky130_fd_sc_hd__o31a_2.ext:
Extracting sky130_fd_sc_hd__or4_2 into sky130_fd_sc_hd__or4_2.ext:
Extracting sky130_fd_sc_hd__a211o_4 into sky130_fd_sc_hd__a211o_4.ext:
Extracting sky130_fd_sc_hd__o2111a_1 into sky130_fd_sc_hd__o2111a_1.ext:
Extracting sky130_fd_sc_hd__and4_2 into sky130_fd_sc_hd__and4_2.ext:
Extracting sky130_fd_sc_hd__a22oi_1 into sky130_fd_sc_hd__a22oi_1.ext:
Extracting sky130_fd_sc_hd__o221ai_1 into sky130_fd_sc_hd__o221ai_1.ext:
Extracting sky130_fd_sc_hd__nor3b_1 into sky130_fd_sc_hd__nor3b_1.ext:
Extracting sky130_fd_sc_hd__and2b_2 into sky130_fd_sc_hd__and2b_2.ext:
Extracting sky130_fd_sc_hd__xnor2_4 into sky130_fd_sc_hd__xnor2_4.ext:
Extracting sky130_fd_sc_hd__dfxtp_1 into sky130_fd_sc_hd__dfxtp_1.ext:
Extracting sky130_fd_sc_hd__dfxtp_4 into sky130_fd_sc_hd__dfxtp_4.ext:
Extracting sky130_fd_sc_hd__a21boi_2 into sky130_fd_sc_hd__a21boi_2.ext:
Extracting sky130_fd_sc_hd__and3b_2 into sky130_fd_sc_hd__and3b_2.ext:
Extracting sky130_fd_sc_hd__or2b_2 into sky130_fd_sc_hd__or2b_2.ext:
Extracting sky130_fd_sc_hd__nor4_1 into sky130_fd_sc_hd__nor4_1.ext:
Extracting sky130_fd_sc_hd__nand2_8 into sky130_fd_sc_hd__nand2_8.ext:
Extracting sky130_fd_sc_hd__and4b_2 into sky130_fd_sc_hd__and4b_2.ext:
Extracting sky130_fd_sc_hd__a2111oi_1 into sky130_fd_sc_hd__a2111oi_1.ext:
Extracting sky130_fd_sc_hd__a41o_1 into sky130_fd_sc_hd__a41o_1.ext:
Extracting sky130_fd_sc_hd__inv_4 into sky130_fd_sc_hd__inv_4.ext:
Extracting sky130_fd_sc_hd__or4bb_1 into sky130_fd_sc_hd__or4bb_1.ext:
Extracting sky130_fd_sc_hd__o221a_2 into sky130_fd_sc_hd__o221a_2.ext:
Extracting sky130_fd_sc_hd__o21bai_2 into sky130_fd_sc_hd__o21bai_2.ext:
Extracting riscv32_singlecycle_top into riscv32_singlecycle_top.ext:
Total of 16 warnings.
Warning:  Ports "VDD" and "vdd" are electrically shorted.
Warning:  Ports "GND" and "gnd" are electrically shorted.
Warning:  Ports "VDD" and "vdd" are electrically shorted.
Warning:  Ports "GND" and "gnd" are electrically shorted.
Warning:  Ports "GND_uq0" and "GND" are electrically shorted.
Warning:  Ports "GND_uq1" and "GND" are electrically shorted.
Warning:  Ports "BR1" and "br1" are electrically shorted.
Warning:  Ports "BL1" and "bl1" are electrically shorted.
Warning:  Ports "VDD" and "vdd" are electrically shorted.
Warning:  Ports "BR0" and "br0" are electrically shorted.
Warning:  Ports "BL0" and "bl0" are electrically shorted.
Warning:  Ports "BR1" and "br1" are electrically shorted.
Warning:  Ports "BL1" and "bl1" are electrically shorted.
Warning:  Ports "WL1" and "wl1" are electrically shorted.
Warning:  Ports "WL0" and "wl0" are electrically shorted.
Warning:  Ports "BR0" and "br0" are electrically shorted.
Warning:  Ports "BL0" and "bl0" are electrically shorted.
Warning:  Ports "VDD" and "vdd" are electrically shorted.
Warning:  Ports "GND" and "gnd" are electrically shorted.
Warning:  Ports "VDD" and "vdd" are electrically shorted.
Warning:  Ports "BR1" and "br1" are electrically shorted.
Warning:  Ports "BL1" and "bl1" are electrically shorted.
Warning:  Ports "WL1" and "wl1" are electrically shorted.
Warning:  Ports "WL0" and "wl0" are electrically shorted.
Warning:  Ports "BR0" and "br0" are electrically shorted.
Warning:  Ports "BL0" and "bl0" are electrically shorted.
Warning:  Ports "GND" and "gnd" are electrically shorted.
Warning:  Ports "GND_uq0" and "gnd_uq0" are electrically shorted.
Warning:  Ports "gnd" and "GND" are electrically shorted.
Warning:  Ports "BR1" and "br1" are electrically shorted.
Warning:  Ports "BL1" and "bl1" are electrically shorted.
Warning:  Ports "WL1" and "wl1" are electrically shorted.
Warning:  Ports "WL0" and "wl0" are electrically shorted.
Warning:  Ports "BR0" and "br0" are electrically shorted.
Warning:  Ports "BL0" and "bl0" are electrically shorted.
Warning:  Ports "VDD" and "vdd" are electrically shorted.
Warning:  Ports "GND" and "gnd" are electrically shorted.
exttospice finished.
