
Circuit 1 cell sky130_fd_pr__nfet_01v8 and Circuit 2 cell sky130_fd_pr__nfet_01v8 are black boxes.
Warning: Equate pins:  cell sky130_fd_pr__nfet_01v8 is a placeholder, treated as a black box.
Warning: Equate pins:  cell sky130_fd_pr__nfet_01v8 is a placeholder, treated as a black box.

Subcircuit pins:
Circuit 1: sky130_fd_pr__nfet_01v8         |Circuit 2: sky130_fd_pr__nfet_01v8         
-------------------------------------------|-------------------------------------------
1                                          |1                                          
2                                          |2                                          
3                                          |3                                          
4                                          |4                                          
---------------------------------------------------------------------------------------
Cell pin lists are equivalent.
Device classes sky130_fd_pr__nfet_01v8 and sky130_fd_pr__nfet_01v8 are equivalent.

Circuit 1 cell sky130_fd_pr__special_nfet_01v8 and Circuit 2 cell sky130_fd_pr__special_nfet_01v8 are black boxes.
Warning: Equate pins:  cell sky130_fd_pr__special_nfet_01v8 is a placeholder, treated as a black box.
Warning: Equate pins:  cell sky130_fd_pr__special_nfet_01v8 is a placeholder, treated as a black box.

Subcircuit pins:
Circuit 1: sky130_fd_pr__special_nfet_01v8 |Circuit 2: sky130_fd_pr__special_nfet_01v8 
-------------------------------------------|-------------------------------------------
1                                          |1                                          
2                                          |2                                          
3                                          |3                                          
4                                          |4                                          
---------------------------------------------------------------------------------------
Cell pin lists are equivalent.
Device classes sky130_fd_pr__special_nfet_01v8 and sky130_fd_pr__special_nfet_01v8 are equivalent.

Circuit 2 cell sky130_ef_sc_hd__decap_12 is a black box; will not flatten Circuit 1
Warning: Equate pins:  cell sky130_ef_sc_hd__decap_12 is a placeholder, treated as a black box.

Subcircuit pins:
Circuit 1: sky130_ef_sc_hd__decap_12       |Circuit 2: sky130_ef_sc_hd__decap_12       
-------------------------------------------|-------------------------------------------
VGND                                       |VGND                                       
VPWR                                       |VPWR                                       
VPB                                        |VPB                                        
VNB                                        |VNB                                        
---------------------------------------------------------------------------------------
Cell pin lists are equivalent.
Device classes sky130_ef_sc_hd__decap_12 and sky130_ef_sc_hd__decap_12 are equivalent.

Circuit 2 cell sky130_fd_sc_hd__decap_6 is a black box; will not flatten Circuit 1
Warning: Equate pins:  cell sky130_fd_sc_hd__decap_6 is a placeholder, treated as a black box.

Subcircuit pins:
Circuit 1: sky130_fd_sc_hd__decap_6        |Circuit 2: sky130_fd_sc_hd__decap_6        
-------------------------------------------|-------------------------------------------
VPWR                                       |VPWR                                       
VGND                                       |VGND                                       
VPB                                        |VPB                                        
VNB                                        |VNB                                        
---------------------------------------------------------------------------------------
Cell pin lists are equivalent.
Device classes sky130_fd_sc_hd__decap_6 and sky130_fd_sc_hd__decap_6 are equivalent.

Circuit 2 cell sky130_fd_sc_hd__decap_3 is a black box; will not flatten Circuit 1
Warning: Equate pins:  cell sky130_fd_sc_hd__decap_3 is a placeholder, treated as a black box.

Subcircuit pins:
Circuit 1: sky130_fd_sc_hd__decap_3        |Circuit 2: sky130_fd_sc_hd__decap_3        
-------------------------------------------|-------------------------------------------
VPWR                                       |VPWR                                       
VGND                                       |VGND                                       
VPB                                        |VPB                                        
VNB                                        |VNB                                        
---------------------------------------------------------------------------------------
Cell pin lists are equivalent.
Device classes sky130_fd_sc_hd__decap_3 and sky130_fd_sc_hd__decap_3 are equivalent.

Circuit 2 cell sky130_fd_sc_hd__decap_4 is a black box; will not flatten Circuit 1
Warning: Equate pins:  cell sky130_fd_sc_hd__decap_4 is a placeholder, treated as a black box.

Subcircuit pins:
Circuit 1: sky130_fd_sc_hd__decap_4        |Circuit 2: sky130_fd_sc_hd__decap_4        
-------------------------------------------|-------------------------------------------
VGND                                       |VGND                                       
VPWR                                       |VPWR                                       
VPB                                        |VPB                                        
VNB                                        |VNB                                        
---------------------------------------------------------------------------------------
Cell pin lists are equivalent.
Device classes sky130_fd_sc_hd__decap_4 and sky130_fd_sc_hd__decap_4 are equivalent.

Circuit 2 cell sky130_fd_sc_hd__decap_8 is a black box; will not flatten Circuit 1
Warning: Equate pins:  cell sky130_fd_sc_hd__decap_8 is a placeholder, treated as a black box.

Subcircuit pins:
Circuit 1: sky130_fd_sc_hd__decap_8        |Circuit 2: sky130_fd_sc_hd__decap_8        
-------------------------------------------|-------------------------------------------
VPWR                                       |VPWR                                       
VGND                                       |VGND                                       
VPB                                        |VPB                                        
VNB                                        |VNB                                        
---------------------------------------------------------------------------------------
Cell pin lists are equivalent.
Device classes sky130_fd_sc_hd__decap_8 and sky130_fd_sc_hd__decap_8 are equivalent.

Circuit 2 cell sky130_fd_sc_hd__conb_1 is a black box; will not flatten Circuit 1
Warning: Equate pins:  cell sky130_fd_sc_hd__conb_1 is a placeholder, treated as a black box.

Subcircuit pins:
Circuit 1: sky130_fd_sc_hd__conb_1         |Circuit 2: sky130_fd_sc_hd__conb_1         
-------------------------------------------|-------------------------------------------
LO                                         |LO                                         
HI                                         |HI                                         
VPB                                        |VPB                                        
VNB                                        |VNB                                        
VGND                                       |VGND                                       
VPWR                                       |VPWR                                       
---------------------------------------------------------------------------------------
Cell pin lists are equivalent.
Device classes sky130_fd_sc_hd__conb_1 and sky130_fd_sc_hd__conb_1 are equivalent.

Circuit 2 cell sky130_fd_sc_hd__a22o_4 is a black box; will not flatten Circuit 1
Class sky130_fd_sc_hd__a22o_4 (0):  Merged 14 parallel devices.
Warning: Equate pins:  cell sky130_fd_sc_hd__a22o_4 is a placeholder, treated as a black box.

Subcircuit pins:
Circuit 1: sky130_fd_sc_hd__a22o_4         |Circuit 2: sky130_fd_sc_hd__a22o_4         
-------------------------------------------|-------------------------------------------
VNB                                        |VNB                                        
VPB                                        |VPB                                        
VGND                                       |VGND                                       
VPWR                                       |VPWR                                       
X                                          |X                                          
B2                                         |B2                                         
A1                                         |A1                                         
A2                                         |A2                                         
B1                                         |B1                                         
---------------------------------------------------------------------------------------
Cell pin lists are equivalent.
Device classes sky130_fd_sc_hd__a22o_4 and sky130_fd_sc_hd__a22o_4 are equivalent.

Circuit 2 cell sky130_fd_sc_hd__diode_2 is a black box; will not flatten Circuit 1
Warning: Equate pins:  cell sky130_fd_sc_hd__diode_2 is a placeholder, treated as a black box.

Subcircuit pins:
Circuit 1: sky130_fd_sc_hd__diode_2        |Circuit 2: sky130_fd_sc_hd__diode_2        
-------------------------------------------|-------------------------------------------
DIODE                                      |DIODE                                      
VGND                                       |VGND                                       
VPWR                                       |VPWR                                       
VPB                                        |VPB                                        
VNB                                        |VNB                                        
---------------------------------------------------------------------------------------
Cell pin lists are equivalent.
Device classes sky130_fd_sc_hd__diode_2 and sky130_fd_sc_hd__diode_2 are equivalent.

Circuit 2 cell sky130_fd_sc_hd__or2_1 is a black box; will not flatten Circuit 1
Warning: Equate pins:  cell sky130_fd_sc_hd__or2_1 is a placeholder, treated as a black box.

Subcircuit pins:
Circuit 1: sky130_fd_sc_hd__or2_1          |Circuit 2: sky130_fd_sc_hd__or2_1          
-------------------------------------------|-------------------------------------------
VPB                                        |VPB                                        
VNB                                        |VNB                                        
VGND                                       |VGND                                       
VPWR                                       |VPWR                                       
X                                          |X                                          
A                                          |A                                          
B                                          |B                                          
---------------------------------------------------------------------------------------
Cell pin lists are equivalent.
Device classes sky130_fd_sc_hd__or2_1 and sky130_fd_sc_hd__or2_1 are equivalent.

Circuit 2 cell sky130_fd_sc_hd__mux2_1 is a black box; will not flatten Circuit 1
Warning: Equate pins:  cell sky130_fd_sc_hd__mux2_1 is a placeholder, treated as a black box.

Subcircuit pins:
Circuit 1: sky130_fd_sc_hd__mux2_1         |Circuit 2: sky130_fd_sc_hd__mux2_1         
-------------------------------------------|-------------------------------------------
VGND                                       |VGND                                       
VPWR                                       |VPWR                                       
VPB                                        |VPB                                        
VNB                                        |VNB                                        
X                                          |X                                          
A1                                         |A1                                         
S                                          |S                                          
A0                                         |A0                                         
---------------------------------------------------------------------------------------
Cell pin lists are equivalent.
Device classes sky130_fd_sc_hd__mux2_1 and sky130_fd_sc_hd__mux2_1 are equivalent.

Circuit 2 cell sky130_fd_sc_hd__o21ai_1 is a black box; will not flatten Circuit 1
Warning: Equate pins:  cell sky130_fd_sc_hd__o21ai_1 is a placeholder, treated as a black box.

Subcircuit pins:
Circuit 1: sky130_fd_sc_hd__o21ai_1        |Circuit 2: sky130_fd_sc_hd__o21ai_1        
-------------------------------------------|-------------------------------------------
VGND                                       |VGND                                       
VPWR                                       |VPWR                                       
A2                                         |A2                                         
B1                                         |B1                                         
Y                                          |Y                                          
A1                                         |A1                                         
VPB                                        |VPB                                        
VNB                                        |VNB                                        
---------------------------------------------------------------------------------------
Cell pin lists are equivalent.
Device classes sky130_fd_sc_hd__o21ai_1 and sky130_fd_sc_hd__o21ai_1 are equivalent.

Circuit 2 cell sky130_fd_sc_hd__buf_6 is a black box; will not flatten Circuit 1
Class sky130_fd_sc_hd__buf_6 (0):  Merged 12 parallel devices.
Warning: Equate pins:  cell sky130_fd_sc_hd__buf_6 is a placeholder, treated as a black box.

Subcircuit pins:
Circuit 1: sky130_fd_sc_hd__buf_6          |Circuit 2: sky130_fd_sc_hd__buf_6          
-------------------------------------------|-------------------------------------------
VPWR                                       |VPWR                                       
VGND                                       |VGND                                       
X                                          |X                                          
A                                          |A                                          
VPB                                        |VPB                                        
VNB                                        |VNB                                        
---------------------------------------------------------------------------------------
Cell pin lists are equivalent.
Device classes sky130_fd_sc_hd__buf_6 and sky130_fd_sc_hd__buf_6 are equivalent.

Circuit 2 cell sky130_fd_sc_hd__clkbuf_1 is a black box; will not flatten Circuit 1
Warning: Equate pins:  cell sky130_fd_sc_hd__clkbuf_1 is a placeholder, treated as a black box.

Subcircuit pins:
Circuit 1: sky130_fd_sc_hd__clkbuf_1       |Circuit 2: sky130_fd_sc_hd__clkbuf_1       
-------------------------------------------|-------------------------------------------
VGND                                       |VGND                                       
VPWR                                       |VPWR                                       
X                                          |X                                          
A                                          |A                                          
VPB                                        |VPB                                        
VNB                                        |VNB                                        
---------------------------------------------------------------------------------------
Cell pin lists are equivalent.
Device classes sky130_fd_sc_hd__clkbuf_1 and sky130_fd_sc_hd__clkbuf_1 are equivalent.

Circuit 2 cell sky130_fd_sc_hd__a31o_1 is a black box; will not flatten Circuit 1
Warning: Equate pins:  cell sky130_fd_sc_hd__a31o_1 is a placeholder, treated as a black box.

Subcircuit pins:
Circuit 1: sky130_fd_sc_hd__a31o_1         |Circuit 2: sky130_fd_sc_hd__a31o_1         
-------------------------------------------|-------------------------------------------
VPB                                        |VPB                                        
VNB                                        |VNB                                        
X                                          |X                                          
A3                                         |A3                                         
A2                                         |A2                                         
A1                                         |A1                                         
B1                                         |B1                                         
VGND                                       |VGND                                       
VPWR                                       |VPWR                                       
---------------------------------------------------------------------------------------
Cell pin lists are equivalent.
Device classes sky130_fd_sc_hd__a31o_1 and sky130_fd_sc_hd__a31o_1 are equivalent.

Circuit 2 cell sky130_fd_sc_hd__clkbuf_4 is a black box; will not flatten Circuit 1
Class sky130_fd_sc_hd__clkbuf_4 (0):  Merged 6 parallel devices.
Warning: Equate pins:  cell sky130_fd_sc_hd__clkbuf_4 is a placeholder, treated as a black box.

Subcircuit pins:
Circuit 1: sky130_fd_sc_hd__clkbuf_4       |Circuit 2: sky130_fd_sc_hd__clkbuf_4       
-------------------------------------------|-------------------------------------------
VGND                                       |VGND                                       
VPWR                                       |VPWR                                       
A                                          |A                                          
X                                          |X                                          
VPB                                        |VPB                                        
VNB                                        |VNB                                        
---------------------------------------------------------------------------------------
Cell pin lists are equivalent.
Device classes sky130_fd_sc_hd__clkbuf_4 and sky130_fd_sc_hd__clkbuf_4 are equivalent.

Circuit 2 cell sky130_fd_sc_hd__clkbuf_2 is a black box; will not flatten Circuit 1
Class sky130_fd_sc_hd__clkbuf_2 (0):  Merged 2 parallel devices.
Warning: Equate pins:  cell sky130_fd_sc_hd__clkbuf_2 is a placeholder, treated as a black box.

Subcircuit pins:
Circuit 1: sky130_fd_sc_hd__clkbuf_2       |Circuit 2: sky130_fd_sc_hd__clkbuf_2       
-------------------------------------------|-------------------------------------------
VGND                                       |VGND                                       
VPWR                                       |VPWR                                       
A                                          |A                                          
X                                          |X                                          
VPB                                        |VPB                                        
VNB                                        |VNB                                        
---------------------------------------------------------------------------------------
Cell pin lists are equivalent.
Device classes sky130_fd_sc_hd__clkbuf_2 and sky130_fd_sc_hd__clkbuf_2 are equivalent.

Circuit 2 cell sky130_fd_sc_hd__a21oi_1 is a black box; will not flatten Circuit 1
Warning: Equate pins:  cell sky130_fd_sc_hd__a21oi_1 is a placeholder, treated as a black box.

Subcircuit pins:
Circuit 1: sky130_fd_sc_hd__a21oi_1        |Circuit 2: sky130_fd_sc_hd__a21oi_1        
-------------------------------------------|-------------------------------------------
VPWR                                       |VPWR                                       
VGND                                       |VGND                                       
VPB                                        |VPB                                        
VNB                                        |VNB                                        
A2                                         |A2                                         
A1                                         |A1                                         
B1                                         |B1                                         
Y                                          |Y                                          
---------------------------------------------------------------------------------------
Cell pin lists are equivalent.
Device classes sky130_fd_sc_hd__a21oi_1 and sky130_fd_sc_hd__a21oi_1 are equivalent.

Circuit 2 cell sky130_fd_sc_hd__or4_1 is a black box; will not flatten Circuit 1
Warning: Equate pins:  cell sky130_fd_sc_hd__or4_1 is a placeholder, treated as a black box.

Subcircuit pins:
Circuit 1: sky130_fd_sc_hd__or4_1          |Circuit 2: sky130_fd_sc_hd__or4_1          
-------------------------------------------|-------------------------------------------
VPWR                                       |VPWR                                       
VGND                                       |VGND                                       
VPB                                        |VPB                                        
VNB                                        |VNB                                        
B                                          |B                                          
D                                          |D                                          
C                                          |C                                          
A                                          |A                                          
X                                          |X                                          
---------------------------------------------------------------------------------------
Cell pin lists are equivalent.
Device classes sky130_fd_sc_hd__or4_1 and sky130_fd_sc_hd__or4_1 are equivalent.

Circuit 2 cell sky130_fd_sc_hd__a32o_2 is a black box; will not flatten Circuit 1
Class sky130_fd_sc_hd__a32o_2 (0):  Merged 2 parallel devices.
Warning: Equate pins:  cell sky130_fd_sc_hd__a32o_2 is a placeholder, treated as a black box.

Subcircuit pins:
Circuit 1: sky130_fd_sc_hd__a32o_2         |Circuit 2: sky130_fd_sc_hd__a32o_2         
-------------------------------------------|-------------------------------------------
VNB                                        |VNB                                        
VPB                                        |VPB                                        
VGND                                       |VGND                                       
VPWR                                       |VPWR                                       
X                                          |X                                          
A3                                         |A3                                         
A2                                         |A2                                         
B2                                         |B2                                         
B1                                         |B1                                         
A1                                         |A1                                         
---------------------------------------------------------------------------------------
Cell pin lists are equivalent.
Device classes sky130_fd_sc_hd__a32o_2 and sky130_fd_sc_hd__a32o_2 are equivalent.

Circuit 2 cell sky130_fd_sc_hd__a21boi_4 is a black box; will not flatten Circuit 1
Class sky130_fd_sc_hd__a21boi_4 (0):  Merged 18 parallel devices.
Warning: Equate pins:  cell sky130_fd_sc_hd__a21boi_4 is a placeholder, treated as a black box.

Subcircuit pins:
Circuit 1: sky130_fd_sc_hd__a21boi_4       |Circuit 2: sky130_fd_sc_hd__a21boi_4       
-------------------------------------------|-------------------------------------------
VNB                                        |VNB                                        
VPB                                        |VPB                                        
VGND                                       |VGND                                       
VPWR                                       |VPWR                                       
Y                                          |Y                                          
A1                                         |A1                                         
A2                                         |A2                                         
B1_N                                       |B1_N                                       
---------------------------------------------------------------------------------------
Cell pin lists are equivalent.
Device classes sky130_fd_sc_hd__a21boi_4 and sky130_fd_sc_hd__a21boi_4 are equivalent.

Circuit 2 cell sky130_fd_sc_hd__nand3_1 is a black box; will not flatten Circuit 1
Warning: Equate pins:  cell sky130_fd_sc_hd__nand3_1 is a placeholder, treated as a black box.

Subcircuit pins:
Circuit 1: sky130_fd_sc_hd__nand3_1        |Circuit 2: sky130_fd_sc_hd__nand3_1        
-------------------------------------------|-------------------------------------------
VPB                                        |VPB                                        
VNB                                        |VNB                                        
VGND                                       |VGND                                       
VPWR                                       |VPWR                                       
A                                          |A                                          
B                                          |B                                          
Y                                          |Y                                          
C                                          |C                                          
---------------------------------------------------------------------------------------
Cell pin lists are equivalent.
Device classes sky130_fd_sc_hd__nand3_1 and sky130_fd_sc_hd__nand3_1 are equivalent.

Circuit 2 cell sky130_fd_sc_hd__and4_1 is a black box; will not flatten Circuit 1
Warning: Equate pins:  cell sky130_fd_sc_hd__and4_1 is a placeholder, treated as a black box.

Subcircuit pins:
Circuit 1: sky130_fd_sc_hd__and4_1         |Circuit 2: sky130_fd_sc_hd__and4_1         
-------------------------------------------|-------------------------------------------
X                                          |X                                          
C                                          |C                                          
A                                          |A                                          
B                                          |B                                          
D                                          |D                                          
VGND                                       |VGND                                       
VPWR                                       |VPWR                                       
VPB                                        |VPB                                        
VNB                                        |VNB                                        
---------------------------------------------------------------------------------------
Cell pin lists are equivalent.
Device classes sky130_fd_sc_hd__and4_1 and sky130_fd_sc_hd__and4_1 are equivalent.

Circuit 2 cell sky130_fd_sc_hd__buf_4 is a black box; will not flatten Circuit 1
Class sky130_fd_sc_hd__buf_4 (0):  Merged 6 parallel devices.
Warning: Equate pins:  cell sky130_fd_sc_hd__buf_4 is a placeholder, treated as a black box.

Subcircuit pins:
Circuit 1: sky130_fd_sc_hd__buf_4          |Circuit 2: sky130_fd_sc_hd__buf_4          
-------------------------------------------|-------------------------------------------
VPWR                                       |VPWR                                       
VGND                                       |VGND                                       
X                                          |X                                          
A                                          |A                                          
VPB                                        |VPB                                        
VNB                                        |VNB                                        
---------------------------------------------------------------------------------------
Cell pin lists are equivalent.
Device classes sky130_fd_sc_hd__buf_4 and sky130_fd_sc_hd__buf_4 are equivalent.

Circuit 2 cell sky130_fd_sc_hd__and2_1 is a black box; will not flatten Circuit 1
Warning: Equate pins:  cell sky130_fd_sc_hd__and2_1 is a placeholder, treated as a black box.

Subcircuit pins:
Circuit 1: sky130_fd_sc_hd__and2_1         |Circuit 2: sky130_fd_sc_hd__and2_1         
-------------------------------------------|-------------------------------------------
VPWR                                       |VPWR                                       
VGND                                       |VGND                                       
X                                          |X                                          
B                                          |B                                          
A                                          |A                                          
VPB                                        |VPB                                        
VNB                                        |VNB                                        
---------------------------------------------------------------------------------------
Cell pin lists are equivalent.
Device classes sky130_fd_sc_hd__and2_1 and sky130_fd_sc_hd__and2_1 are equivalent.

Circuit 2 cell sky130_fd_sc_hd__o21ai_2 is a black box; will not flatten Circuit 1
Class sky130_fd_sc_hd__o21ai_2 (0):  Merged 6 parallel devices.
Warning: Equate pins:  cell sky130_fd_sc_hd__o21ai_2 is a placeholder, treated as a black box.

Subcircuit pins:
Circuit 1: sky130_fd_sc_hd__o21ai_2        |Circuit 2: sky130_fd_sc_hd__o21ai_2        
-------------------------------------------|-------------------------------------------
VGND                                       |VGND                                       
VPWR                                       |VPWR                                       
B1                                         |B1                                         
A1                                         |A1                                         
Y                                          |Y                                          
A2                                         |A2                                         
VPB                                        |VPB                                        
VNB                                        |VNB                                        
---------------------------------------------------------------------------------------
Cell pin lists are equivalent.
Device classes sky130_fd_sc_hd__o21ai_2 and sky130_fd_sc_hd__o21ai_2 are equivalent.

Circuit 2 cell sky130_fd_sc_hd__or2b_1 is a black box; will not flatten Circuit 1
Warning: Equate pins:  cell sky130_fd_sc_hd__or2b_1 is a placeholder, treated as a black box.

Subcircuit pins:
Circuit 1: sky130_fd_sc_hd__or2b_1         |Circuit 2: sky130_fd_sc_hd__or2b_1         
-------------------------------------------|-------------------------------------------
VGND                                       |VGND                                       
VPWR                                       |VPWR                                       
VNB                                        |VNB                                        
VPB                                        |VPB                                        
A                                          |A                                          
X                                          |X                                          
B_N                                        |B_N                                        
---------------------------------------------------------------------------------------
Cell pin lists are equivalent.
Device classes sky130_fd_sc_hd__or2b_1 and sky130_fd_sc_hd__or2b_1 are equivalent.

Circuit 2 cell sky130_fd_sc_hd__mux4_2 is a black box; will not flatten Circuit 1
Class sky130_fd_sc_hd__mux4_2 (0):  Merged 2 parallel devices.
Warning: Equate pins:  cell sky130_fd_sc_hd__mux4_2 is a placeholder, treated as a black box.

Subcircuit pins:
Circuit 1: sky130_fd_sc_hd__mux4_2         |Circuit 2: sky130_fd_sc_hd__mux4_2         
-------------------------------------------|-------------------------------------------
VNB                                        |VNB                                        
VPB                                        |VPB                                        
VGND                                       |VGND                                       
VPWR                                       |VPWR                                       
S0                                         |S0                                         
A2                                         |A2                                         
A3                                         |A3                                         
S1                                         |S1                                         
A1                                         |A1                                         
A0                                         |A0                                         
X                                          |X                                          
---------------------------------------------------------------------------------------
Cell pin lists are equivalent.
Device classes sky130_fd_sc_hd__mux4_2 and sky130_fd_sc_hd__mux4_2 are equivalent.

Circuit 2 cell sky130_fd_sc_hd__buf_1 is a black box; will not flatten Circuit 1
Warning: Equate pins:  cell sky130_fd_sc_hd__buf_1 is a placeholder, treated as a black box.

Subcircuit pins:
Circuit 1: sky130_fd_sc_hd__buf_1          |Circuit 2: sky130_fd_sc_hd__buf_1          
-------------------------------------------|-------------------------------------------
VGND                                       |VGND                                       
VPWR                                       |VPWR                                       
X                                          |X                                          
A                                          |A                                          
VPB                                        |VPB                                        
VNB                                        |VNB                                        
---------------------------------------------------------------------------------------
Cell pin lists are equivalent.
Device classes sky130_fd_sc_hd__buf_1 and sky130_fd_sc_hd__buf_1 are equivalent.

Circuit 2 cell sky130_fd_sc_hd__nand2_8 is a black box; will not flatten Circuit 1
Class sky130_fd_sc_hd__nand2_8 (0):  Merged 28 parallel devices.
Warning: Equate pins:  cell sky130_fd_sc_hd__nand2_8 is a placeholder, treated as a black box.

Subcircuit pins:
Circuit 1: sky130_fd_sc_hd__nand2_8        |Circuit 2: sky130_fd_sc_hd__nand2_8        
-------------------------------------------|-------------------------------------------
VNB                                        |VNB                                        
VPB                                        |VPB                                        
VGND                                       |VGND                                       
VPWR                                       |VPWR                                       
A                                          |A                                          
Y                                          |Y                                          
B                                          |B                                          
---------------------------------------------------------------------------------------
Cell pin lists are equivalent.
Device classes sky130_fd_sc_hd__nand2_8 and sky130_fd_sc_hd__nand2_8 are equivalent.

Circuit 2 cell sky130_fd_sc_hd__nand2_1 is a black box; will not flatten Circuit 1
Warning: Equate pins:  cell sky130_fd_sc_hd__nand2_1 is a placeholder, treated as a black box.

Subcircuit pins:
Circuit 1: sky130_fd_sc_hd__nand2_1        |Circuit 2: sky130_fd_sc_hd__nand2_1        
-------------------------------------------|-------------------------------------------
VPB                                        |VPB                                        
VNB                                        |VNB                                        
VGND                                       |VGND                                       
VPWR                                       |VPWR                                       
A                                          |A                                          
Y                                          |Y                                          
B                                          |B                                          
---------------------------------------------------------------------------------------
Cell pin lists are equivalent.
Device classes sky130_fd_sc_hd__nand2_1 and sky130_fd_sc_hd__nand2_1 are equivalent.

Circuit 2 cell sky130_fd_sc_hd__inv_2 is a black box; will not flatten Circuit 1
Class sky130_fd_sc_hd__inv_2 (0):  Merged 2 parallel devices.
Warning: Equate pins:  cell sky130_fd_sc_hd__inv_2 is a placeholder, treated as a black box.

Subcircuit pins:
Circuit 1: sky130_fd_sc_hd__inv_2          |Circuit 2: sky130_fd_sc_hd__inv_2          
-------------------------------------------|-------------------------------------------
VPB                                        |VPB                                        
VNB                                        |VNB                                        
VPWR                                       |VPWR                                       
VGND                                       |VGND                                       
Y                                          |Y                                          
A                                          |A                                          
---------------------------------------------------------------------------------------
Cell pin lists are equivalent.
Device classes sky130_fd_sc_hd__inv_2 and sky130_fd_sc_hd__inv_2 are equivalent.

Circuit 2 cell sky130_fd_sc_hd__o221a_1 is a black box; will not flatten Circuit 1
Warning: Equate pins:  cell sky130_fd_sc_hd__o221a_1 is a placeholder, treated as a black box.

Subcircuit pins:
Circuit 1: sky130_fd_sc_hd__o221a_1        |Circuit 2: sky130_fd_sc_hd__o221a_1        
-------------------------------------------|-------------------------------------------
VPB                                        |VPB                                        
VNB                                        |VNB                                        
VGND                                       |VGND                                       
VPWR                                       |VPWR                                       
B1                                         |B1                                         
B2                                         |B2                                         
A2                                         |A2                                         
A1                                         |A1                                         
X                                          |X                                          
C1                                         |C1                                         
---------------------------------------------------------------------------------------
Cell pin lists are equivalent.
Device classes sky130_fd_sc_hd__o221a_1 and sky130_fd_sc_hd__o221a_1 are equivalent.

Circuit 2 cell sky130_fd_sc_hd__a211o_4 is a black box; will not flatten Circuit 1
Class sky130_fd_sc_hd__a211o_4 (0):  Merged 10 parallel devices.
Warning: Equate pins:  cell sky130_fd_sc_hd__a211o_4 is a placeholder, treated as a black box.

Subcircuit pins:
Circuit 1: sky130_fd_sc_hd__a211o_4        |Circuit 2: sky130_fd_sc_hd__a211o_4        
-------------------------------------------|-------------------------------------------
VNB                                        |VNB                                        
VPB                                        |VPB                                        
VGND                                       |VGND                                       
VPWR                                       |VPWR                                       
A2                                         |A2                                         
A1                                         |A1                                         
C1                                         |C1                                         
X                                          |X                                          
B1                                         |B1                                         
---------------------------------------------------------------------------------------
Cell pin lists are equivalent.
Device classes sky130_fd_sc_hd__a211o_4 and sky130_fd_sc_hd__a211o_4 are equivalent.

Circuit 2 cell sky130_fd_sc_hd__buf_2 is a black box; will not flatten Circuit 1
Class sky130_fd_sc_hd__buf_2 (0):  Merged 2 parallel devices.
Warning: Equate pins:  cell sky130_fd_sc_hd__buf_2 is a placeholder, treated as a black box.

Subcircuit pins:
Circuit 1: sky130_fd_sc_hd__buf_2          |Circuit 2: sky130_fd_sc_hd__buf_2          
-------------------------------------------|-------------------------------------------
VPWR                                       |VPWR                                       
VGND                                       |VGND                                       
X                                          |X                                          
A                                          |A                                          
VPB                                        |VPB                                        
VNB                                        |VNB                                        
---------------------------------------------------------------------------------------
Cell pin lists are equivalent.
Device classes sky130_fd_sc_hd__buf_2 and sky130_fd_sc_hd__buf_2 are equivalent.

Circuit 2 cell sky130_fd_sc_hd__o21a_1 is a black box; will not flatten Circuit 1
Warning: Equate pins:  cell sky130_fd_sc_hd__o21a_1 is a placeholder, treated as a black box.

Subcircuit pins:
Circuit 1: sky130_fd_sc_hd__o21a_1         |Circuit 2: sky130_fd_sc_hd__o21a_1         
-------------------------------------------|-------------------------------------------
VPB                                        |VPB                                        
VNB                                        |VNB                                        
VGND                                       |VGND                                       
VPWR                                       |VPWR                                       
A1                                         |A1                                         
A2                                         |A2                                         
B1                                         |B1                                         
X                                          |X                                          
---------------------------------------------------------------------------------------
Cell pin lists are equivalent.
Device classes sky130_fd_sc_hd__o21a_1 and sky130_fd_sc_hd__o21a_1 are equivalent.

Circuit 2 cell sky130_fd_sc_hd__xor2_1 is a black box; will not flatten Circuit 1
Warning: Equate pins:  cell sky130_fd_sc_hd__xor2_1 is a placeholder, treated as a black box.

Subcircuit pins:
Circuit 1: sky130_fd_sc_hd__xor2_1         |Circuit 2: sky130_fd_sc_hd__xor2_1         
-------------------------------------------|-------------------------------------------
VNB                                        |VNB                                        
VPB                                        |VPB                                        
VPWR                                       |VPWR                                       
VGND                                       |VGND                                       
A                                          |A                                          
X                                          |X                                          
B                                          |B                                          
---------------------------------------------------------------------------------------
Cell pin lists are equivalent.
Device classes sky130_fd_sc_hd__xor2_1 and sky130_fd_sc_hd__xor2_1 are equivalent.

Circuit 2 cell sky130_fd_sc_hd__xnor2_2 is a black box; will not flatten Circuit 1
Class sky130_fd_sc_hd__xnor2_2 (0):  Merged 10 parallel devices.
Warning: Equate pins:  cell sky130_fd_sc_hd__xnor2_2 is a placeholder, treated as a black box.

Subcircuit pins:
Circuit 1: sky130_fd_sc_hd__xnor2_2        |Circuit 2: sky130_fd_sc_hd__xnor2_2        
-------------------------------------------|-------------------------------------------
VGND                                       |VGND                                       
VPWR                                       |VPWR                                       
Y                                          |Y                                          
A                                          |A                                          
B                                          |B                                          
VPB                                        |VPB                                        
VNB                                        |VNB                                        
---------------------------------------------------------------------------------------
Cell pin lists are equivalent.
Device classes sky130_fd_sc_hd__xnor2_2 and sky130_fd_sc_hd__xnor2_2 are equivalent.

Circuit 2 cell sky130_fd_sc_hd__a211o_2 is a black box; will not flatten Circuit 1
Class sky130_fd_sc_hd__a211o_2 (0):  Merged 2 parallel devices.
Warning: Equate pins:  cell sky130_fd_sc_hd__a211o_2 is a placeholder, treated as a black box.

Subcircuit pins:
Circuit 1: sky130_fd_sc_hd__a211o_2        |Circuit 2: sky130_fd_sc_hd__a211o_2        
-------------------------------------------|-------------------------------------------
VNB                                        |VNB                                        
VPB                                        |VPB                                        
VGND                                       |VGND                                       
VPWR                                       |VPWR                                       
X                                          |X                                          
A2                                         |A2                                         
A1                                         |A1                                         
B1                                         |B1                                         
C1                                         |C1                                         
---------------------------------------------------------------------------------------
Cell pin lists are equivalent.
Device classes sky130_fd_sc_hd__a211o_2 and sky130_fd_sc_hd__a211o_2 are equivalent.

Circuit 2 cell sky130_fd_sc_hd__a21o_1 is a black box; will not flatten Circuit 1
Warning: Equate pins:  cell sky130_fd_sc_hd__a21o_1 is a placeholder, treated as a black box.

Subcircuit pins:
Circuit 1: sky130_fd_sc_hd__a21o_1         |Circuit 2: sky130_fd_sc_hd__a21o_1         
-------------------------------------------|-------------------------------------------
VPWR                                       |VPWR                                       
VGND                                       |VGND                                       
VPB                                        |VPB                                        
VNB                                        |VNB                                        
A2                                         |A2                                         
A1                                         |A1                                         
B1                                         |B1                                         
X                                          |X                                          
---------------------------------------------------------------------------------------
Cell pin lists are equivalent.
Device classes sky130_fd_sc_hd__a21o_1 and sky130_fd_sc_hd__a21o_1 are equivalent.

Circuit 2 cell sky130_fd_sc_hd__nor2_1 is a black box; will not flatten Circuit 1
Warning: Equate pins:  cell sky130_fd_sc_hd__nor2_1 is a placeholder, treated as a black box.

Subcircuit pins:
Circuit 1: sky130_fd_sc_hd__nor2_1         |Circuit 2: sky130_fd_sc_hd__nor2_1         
-------------------------------------------|-------------------------------------------
VPB                                        |VPB                                        
VNB                                        |VNB                                        
VGND                                       |VGND                                       
VPWR                                       |VPWR                                       
A                                          |A                                          
B                                          |B                                          
Y                                          |Y                                          
---------------------------------------------------------------------------------------
Cell pin lists are equivalent.
Device classes sky130_fd_sc_hd__nor2_1 and sky130_fd_sc_hd__nor2_1 are equivalent.

Circuit 2 cell sky130_fd_sc_hd__o211a_1 is a black box; will not flatten Circuit 1
Warning: Equate pins:  cell sky130_fd_sc_hd__o211a_1 is a placeholder, treated as a black box.

Subcircuit pins:
Circuit 1: sky130_fd_sc_hd__o211a_1        |Circuit 2: sky130_fd_sc_hd__o211a_1        
-------------------------------------------|-------------------------------------------
VNB                                        |VNB                                        
VPB                                        |VPB                                        
VGND                                       |VGND                                       
VPWR                                       |VPWR                                       
X                                          |X                                          
A1                                         |A1                                         
A2                                         |A2                                         
B1                                         |B1                                         
C1                                         |C1                                         
---------------------------------------------------------------------------------------
Cell pin lists are equivalent.
Device classes sky130_fd_sc_hd__o211a_1 and sky130_fd_sc_hd__o211a_1 are equivalent.

Circuit 2 cell sky130_fd_sc_hd__and2b_1 is a black box; will not flatten Circuit 1
Warning: Equate pins:  cell sky130_fd_sc_hd__and2b_1 is a placeholder, treated as a black box.

Subcircuit pins:
Circuit 1: sky130_fd_sc_hd__and2b_1        |Circuit 2: sky130_fd_sc_hd__and2b_1        
-------------------------------------------|-------------------------------------------
X                                          |X                                          
A_N                                        |A_N                                        
B                                          |B                                          
VGND                                       |VGND                                       
VPWR                                       |VPWR                                       
VPB                                        |VPB                                        
VNB                                        |VNB                                        
---------------------------------------------------------------------------------------
Cell pin lists are equivalent.
Device classes sky130_fd_sc_hd__and2b_1 and sky130_fd_sc_hd__and2b_1 are equivalent.

Circuit 2 cell sky130_fd_sc_hd__o211ai_4 is a black box; will not flatten Circuit 1
Class sky130_fd_sc_hd__o211ai_4 (0):  Merged 20 parallel devices.
Warning: Equate pins:  cell sky130_fd_sc_hd__o211ai_4 is a placeholder, treated as a black box.

Subcircuit pins:
Circuit 1: sky130_fd_sc_hd__o211ai_4       |Circuit 2: sky130_fd_sc_hd__o211ai_4       
-------------------------------------------|-------------------------------------------
VNB                                        |VNB                                        
VPB                                        |VPB                                        
VGND                                       |VGND                                       
VPWR                                       |VPWR                                       
C1                                         |C1                                         
A2                                         |A2                                         
A1                                         |A1                                         
Y                                          |Y                                          
B1                                         |B1                                         
---------------------------------------------------------------------------------------
Cell pin lists are equivalent.
Device classes sky130_fd_sc_hd__o211ai_4 and sky130_fd_sc_hd__o211ai_4 are equivalent.

Circuit 2 cell sky130_fd_sc_hd__xnor2_1 is a black box; will not flatten Circuit 1
Warning: Equate pins:  cell sky130_fd_sc_hd__xnor2_1 is a placeholder, treated as a black box.

Subcircuit pins:
Circuit 1: sky130_fd_sc_hd__xnor2_1        |Circuit 2: sky130_fd_sc_hd__xnor2_1        
-------------------------------------------|-------------------------------------------
VGND                                       |VGND                                       
VPWR                                       |VPWR                                       
B                                          |B                                          
Y                                          |Y                                          
A                                          |A                                          
VPB                                        |VPB                                        
VNB                                        |VNB                                        
---------------------------------------------------------------------------------------
Cell pin lists are equivalent.
Device classes sky130_fd_sc_hd__xnor2_1 and sky130_fd_sc_hd__xnor2_1 are equivalent.

Circuit 2 cell sky130_fd_sc_hd__clkbuf_8 is a black box; will not flatten Circuit 1
Class sky130_fd_sc_hd__clkbuf_8 (0):  Merged 16 parallel devices.
Warning: Equate pins:  cell sky130_fd_sc_hd__clkbuf_8 is a placeholder, treated as a black box.

Subcircuit pins:
Circuit 1: sky130_fd_sc_hd__clkbuf_8       |Circuit 2: sky130_fd_sc_hd__clkbuf_8       
-------------------------------------------|-------------------------------------------
X                                          |X                                          
A                                          |A                                          
VPB                                        |VPB                                        
VNB                                        |VNB                                        
VGND                                       |VGND                                       
VPWR                                       |VPWR                                       
---------------------------------------------------------------------------------------
Cell pin lists are equivalent.
Device classes sky130_fd_sc_hd__clkbuf_8 and sky130_fd_sc_hd__clkbuf_8 are equivalent.

Circuit 2 cell sky130_fd_sc_hd__buf_8 is a black box; will not flatten Circuit 1
Class sky130_fd_sc_hd__buf_8 (0):  Merged 18 parallel devices.
Warning: Equate pins:  cell sky130_fd_sc_hd__buf_8 is a placeholder, treated as a black box.

Subcircuit pins:
Circuit 1: sky130_fd_sc_hd__buf_8          |Circuit 2: sky130_fd_sc_hd__buf_8          
-------------------------------------------|-------------------------------------------
VPB                                        |VPB                                        
VNB                                        |VNB                                        
VGND                                       |VGND                                       
VPWR                                       |VPWR                                       
A                                          |A                                          
X                                          |X                                          
---------------------------------------------------------------------------------------
Cell pin lists are equivalent.
Device classes sky130_fd_sc_hd__buf_8 and sky130_fd_sc_hd__buf_8 are equivalent.

Circuit 2 cell sky130_fd_sc_hd__or3_1 is a black box; will not flatten Circuit 1
Warning: Equate pins:  cell sky130_fd_sc_hd__or3_1 is a placeholder, treated as a black box.

Subcircuit pins:
Circuit 1: sky130_fd_sc_hd__or3_1          |Circuit 2: sky130_fd_sc_hd__or3_1          
-------------------------------------------|-------------------------------------------
VPWR                                       |VPWR                                       
VGND                                       |VGND                                       
VPB                                        |VPB                                        
VNB                                        |VNB                                        
B                                          |B                                          
C                                          |C                                          
A                                          |A                                          
X                                          |X                                          
---------------------------------------------------------------------------------------
Cell pin lists are equivalent.
Device classes sky130_fd_sc_hd__or3_1 and sky130_fd_sc_hd__or3_1 are equivalent.

Circuit 2 cell sky130_fd_sc_hd__or2_2 is a black box; will not flatten Circuit 1
Class sky130_fd_sc_hd__or2_2 (0):  Merged 2 parallel devices.
Warning: Equate pins:  cell sky130_fd_sc_hd__or2_2 is a placeholder, treated as a black box.

Subcircuit pins:
Circuit 1: sky130_fd_sc_hd__or2_2          |Circuit 2: sky130_fd_sc_hd__or2_2          
-------------------------------------------|-------------------------------------------
VPWR                                       |VPWR                                       
VGND                                       |VGND                                       
VPB                                        |VPB                                        
VNB                                        |VNB                                        
X                                          |X                                          
A                                          |A                                          
B                                          |B                                          
---------------------------------------------------------------------------------------
Cell pin lists are equivalent.
Device classes sky130_fd_sc_hd__or2_2 and sky130_fd_sc_hd__or2_2 are equivalent.

Circuit 2 cell sky130_fd_sc_hd__a22o_1 is a black box; will not flatten Circuit 1
Warning: Equate pins:  cell sky130_fd_sc_hd__a22o_1 is a placeholder, treated as a black box.

Subcircuit pins:
Circuit 1: sky130_fd_sc_hd__a22o_1         |Circuit 2: sky130_fd_sc_hd__a22o_1         
-------------------------------------------|-------------------------------------------
VPWR                                       |VPWR                                       
VGND                                       |VGND                                       
VPB                                        |VPB                                        
VNB                                        |VNB                                        
B1                                         |B1                                         
A1                                         |A1                                         
A2                                         |A2                                         
X                                          |X                                          
B2                                         |B2                                         
---------------------------------------------------------------------------------------
Cell pin lists are equivalent.
Device classes sky130_fd_sc_hd__a22o_1 and sky130_fd_sc_hd__a22o_1 are equivalent.

Circuit 2 cell sky130_fd_sc_hd__mux2_2 is a black box; will not flatten Circuit 1
Class sky130_fd_sc_hd__mux2_2 (0):  Merged 2 parallel devices.
Warning: Equate pins:  cell sky130_fd_sc_hd__mux2_2 is a placeholder, treated as a black box.

Subcircuit pins:
Circuit 1: sky130_fd_sc_hd__mux2_2         |Circuit 2: sky130_fd_sc_hd__mux2_2         
-------------------------------------------|-------------------------------------------
VGND                                       |VGND                                       
VPWR                                       |VPWR                                       
VPB                                        |VPB                                        
VNB                                        |VNB                                        
S                                          |S                                          
A1                                         |A1                                         
A0                                         |A0                                         
X                                          |X                                          
---------------------------------------------------------------------------------------
Cell pin lists are equivalent.
Device classes sky130_fd_sc_hd__mux2_2 and sky130_fd_sc_hd__mux2_2 are equivalent.

Circuit 2 cell sky130_fd_sc_hd__a221o_1 is a black box; will not flatten Circuit 1
Warning: Equate pins:  cell sky130_fd_sc_hd__a221o_1 is a placeholder, treated as a black box.

Subcircuit pins:
Circuit 1: sky130_fd_sc_hd__a221o_1        |Circuit 2: sky130_fd_sc_hd__a221o_1        
-------------------------------------------|-------------------------------------------
VPWR                                       |VPWR                                       
VGND                                       |VGND                                       
VPB                                        |VPB                                        
VNB                                        |VNB                                        
A1                                         |A1                                         
A2                                         |A2                                         
X                                          |X                                          
B1                                         |B1                                         
B2                                         |B2                                         
C1                                         |C1                                         
---------------------------------------------------------------------------------------
Cell pin lists are equivalent.
Device classes sky130_fd_sc_hd__a221o_1 and sky130_fd_sc_hd__a221o_1 are equivalent.

Circuit 2 cell sky130_fd_sc_hd__and4b_1 is a black box; will not flatten Circuit 1
Warning: Equate pins:  cell sky130_fd_sc_hd__and4b_1 is a placeholder, treated as a black box.

Subcircuit pins:
Circuit 1: sky130_fd_sc_hd__and4b_1        |Circuit 2: sky130_fd_sc_hd__and4b_1        
-------------------------------------------|-------------------------------------------
VGND                                       |VGND                                       
VPWR                                       |VPWR                                       
C                                          |C                                          
A_N                                        |A_N                                        
X                                          |X                                          
D                                          |D                                          
B                                          |B                                          
VPB                                        |VPB                                        
VNB                                        |VNB                                        
---------------------------------------------------------------------------------------
Cell pin lists are equivalent.
Device classes sky130_fd_sc_hd__and4b_1 and sky130_fd_sc_hd__and4b_1 are equivalent.

Circuit 2 cell sky130_fd_sc_hd__nor2_2 is a black box; will not flatten Circuit 1
Class sky130_fd_sc_hd__nor2_2 (0):  Merged 4 parallel devices.
Warning: Equate pins:  cell sky130_fd_sc_hd__nor2_2 is a placeholder, treated as a black box.

Subcircuit pins:
Circuit 1: sky130_fd_sc_hd__nor2_2         |Circuit 2: sky130_fd_sc_hd__nor2_2         
-------------------------------------------|-------------------------------------------
VPB                                        |VPB                                        
VNB                                        |VNB                                        
VGND                                       |VGND                                       
VPWR                                       |VPWR                                       
B                                          |B                                          
Y                                          |Y                                          
A                                          |A                                          
---------------------------------------------------------------------------------------
Cell pin lists are equivalent.
Device classes sky130_fd_sc_hd__nor2_2 and sky130_fd_sc_hd__nor2_2 are equivalent.

Circuit 2 cell sky130_fd_sc_hd__a22o_2 is a black box; will not flatten Circuit 1
Class sky130_fd_sc_hd__a22o_2 (0):  Merged 2 parallel devices.
Warning: Equate pins:  cell sky130_fd_sc_hd__a22o_2 is a placeholder, treated as a black box.

Subcircuit pins:
Circuit 1: sky130_fd_sc_hd__a22o_2         |Circuit 2: sky130_fd_sc_hd__a22o_2         
-------------------------------------------|-------------------------------------------
VPWR                                       |VPWR                                       
VGND                                       |VGND                                       
VPB                                        |VPB                                        
VNB                                        |VNB                                        
B2                                         |B2                                         
B1                                         |B1                                         
A1                                         |A1                                         
A2                                         |A2                                         
X                                          |X                                          
---------------------------------------------------------------------------------------
Cell pin lists are equivalent.
Device classes sky130_fd_sc_hd__a22o_2 and sky130_fd_sc_hd__a22o_2 are equivalent.

Circuit 2 cell sky130_fd_sc_hd__nand2_2 is a black box; will not flatten Circuit 1
Class sky130_fd_sc_hd__nand2_2 (0):  Merged 4 parallel devices.
Warning: Equate pins:  cell sky130_fd_sc_hd__nand2_2 is a placeholder, treated as a black box.

Subcircuit pins:
Circuit 1: sky130_fd_sc_hd__nand2_2        |Circuit 2: sky130_fd_sc_hd__nand2_2        
-------------------------------------------|-------------------------------------------
VPB                                        |VPB                                        
VNB                                        |VNB                                        
VGND                                       |VGND                                       
VPWR                                       |VPWR                                       
Y                                          |Y                                          
A                                          |A                                          
B                                          |B                                          
---------------------------------------------------------------------------------------
Cell pin lists are equivalent.
Device classes sky130_fd_sc_hd__nand2_2 and sky130_fd_sc_hd__nand2_2 are equivalent.

Circuit 2 cell sky130_fd_sc_hd__and4bb_1 is a black box; will not flatten Circuit 1
Warning: Equate pins:  cell sky130_fd_sc_hd__and4bb_1 is a placeholder, treated as a black box.

Subcircuit pins:
Circuit 1: sky130_fd_sc_hd__and4bb_1       |Circuit 2: sky130_fd_sc_hd__and4bb_1       
-------------------------------------------|-------------------------------------------
VNB                                        |VNB                                        
VPB                                        |VPB                                        
VGND                                       |VGND                                       
VPWR                                       |VPWR                                       
A_N                                        |A_N                                        
B_N                                        |B_N                                        
C                                          |C                                          
D                                          |D                                          
X                                          |X                                          
---------------------------------------------------------------------------------------
Cell pin lists are equivalent.
Device classes sky130_fd_sc_hd__and4bb_1 and sky130_fd_sc_hd__and4bb_1 are equivalent.

Circuit 2 cell sky130_fd_sc_hd__and4_2 is a black box; will not flatten Circuit 1
Class sky130_fd_sc_hd__and4_2 (0):  Merged 2 parallel devices.
Warning: Equate pins:  cell sky130_fd_sc_hd__and4_2 is a placeholder, treated as a black box.

Subcircuit pins:
Circuit 1: sky130_fd_sc_hd__and4_2         |Circuit 2: sky130_fd_sc_hd__and4_2         
-------------------------------------------|-------------------------------------------
VNB                                        |VNB                                        
VPB                                        |VPB                                        
VGND                                       |VGND                                       
VPWR                                       |VPWR                                       
X                                          |X                                          
D                                          |D                                          
C                                          |C                                          
B                                          |B                                          
A                                          |A                                          
---------------------------------------------------------------------------------------
Cell pin lists are equivalent.
Device classes sky130_fd_sc_hd__and4_2 and sky130_fd_sc_hd__and4_2 are equivalent.

Circuit 2 cell sky130_fd_sc_hd__dlymetal6s2s_1 is a black box; will not flatten Circuit 1
Warning: Equate pins:  cell sky130_fd_sc_hd__dlymetal6s2s_1 is a placeholder, treated as a black box.

Subcircuit pins:
Circuit 1: sky130_fd_sc_hd__dlymetal6s2s_1 |Circuit 2: sky130_fd_sc_hd__dlymetal6s2s_1 
-------------------------------------------|-------------------------------------------
VPWR                                       |VPWR                                       
VGND                                       |VGND                                       
VPB                                        |VPB                                        
VNB                                        |VNB                                        
X                                          |X                                          
A                                          |A                                          
---------------------------------------------------------------------------------------
Cell pin lists are equivalent.
Device classes sky130_fd_sc_hd__dlymetal6s2s_1 and sky130_fd_sc_hd__dlymetal6s2s_1 are equivalent.

Circuit 2 cell sky130_fd_sc_hd__xor2_4 is a black box; will not flatten Circuit 1
Class sky130_fd_sc_hd__xor2_4 (0):  Merged 30 parallel devices.
Warning: Equate pins:  cell sky130_fd_sc_hd__xor2_4 is a placeholder, treated as a black box.

Subcircuit pins:
Circuit 1: sky130_fd_sc_hd__xor2_4         |Circuit 2: sky130_fd_sc_hd__xor2_4         
-------------------------------------------|-------------------------------------------
VNB                                        |VNB                                        
VPB                                        |VPB                                        
VGND                                       |VGND                                       
VPWR                                       |VPWR                                       
B                                          |B                                          
X                                          |X                                          
A                                          |A                                          
---------------------------------------------------------------------------------------
Cell pin lists are equivalent.
Device classes sky130_fd_sc_hd__xor2_4 and sky130_fd_sc_hd__xor2_4 are equivalent.

Circuit 2 cell sky130_fd_sc_hd__clkbuf_16 is a black box; will not flatten Circuit 1
Class sky130_fd_sc_hd__clkbuf_16 (0):  Merged 36 parallel devices.
Warning: Equate pins:  cell sky130_fd_sc_hd__clkbuf_16 is a placeholder, treated as a black box.

Subcircuit pins:
Circuit 1: sky130_fd_sc_hd__clkbuf_16      |Circuit 2: sky130_fd_sc_hd__clkbuf_16      
-------------------------------------------|-------------------------------------------
VNB                                        |VNB                                        
VPB                                        |VPB                                        
VGND                                       |VGND                                       
VPWR                                       |VPWR                                       
A                                          |A                                          
X                                          |X                                          
---------------------------------------------------------------------------------------
Cell pin lists are equivalent.
Device classes sky130_fd_sc_hd__clkbuf_16 and sky130_fd_sc_hd__clkbuf_16 are equivalent.

Circuit 2 cell sky130_fd_sc_hd__o31ai_4 is a black box; will not flatten Circuit 1
Class sky130_fd_sc_hd__o31ai_4 (0):  Merged 24 parallel devices.
Warning: Equate pins:  cell sky130_fd_sc_hd__o31ai_4 is a placeholder, treated as a black box.

Subcircuit pins:
Circuit 1: sky130_fd_sc_hd__o31ai_4        |Circuit 2: sky130_fd_sc_hd__o31ai_4        
-------------------------------------------|-------------------------------------------
VGND                                       |VGND                                       
VPWR                                       |VPWR                                       
VPB                                        |VPB                                        
VNB                                        |VNB                                        
A1                                         |A1                                         
Y                                          |Y                                          
B1                                         |B1                                         
A3                                         |A3                                         
A2                                         |A2                                         
---------------------------------------------------------------------------------------
Cell pin lists are equivalent.
Device classes sky130_fd_sc_hd__o31ai_4 and sky130_fd_sc_hd__o31ai_4 are equivalent.

Circuit 2 cell sky130_fd_sc_hd__or3b_1 is a black box; will not flatten Circuit 1
Warning: Equate pins:  cell sky130_fd_sc_hd__or3b_1 is a placeholder, treated as a black box.

Subcircuit pins:
Circuit 1: sky130_fd_sc_hd__or3b_1         |Circuit 2: sky130_fd_sc_hd__or3b_1         
-------------------------------------------|-------------------------------------------
VGND                                       |VGND                                       
VPWR                                       |VPWR                                       
VPB                                        |VPB                                        
VNB                                        |VNB                                        
B                                          |B                                          
C_N                                        |C_N                                        
A                                          |A                                          
X                                          |X                                          
---------------------------------------------------------------------------------------
Cell pin lists are equivalent.
Device classes sky130_fd_sc_hd__or3b_1 and sky130_fd_sc_hd__or3b_1 are equivalent.

Circuit 2 cell sky130_fd_sc_hd__a311o_2 is a black box; will not flatten Circuit 1
Class sky130_fd_sc_hd__a311o_2 (0):  Merged 2 parallel devices.
Warning: Equate pins:  cell sky130_fd_sc_hd__a311o_2 is a placeholder, treated as a black box.

Subcircuit pins:
Circuit 1: sky130_fd_sc_hd__a311o_2        |Circuit 2: sky130_fd_sc_hd__a311o_2        
-------------------------------------------|-------------------------------------------
VPB                                        |VPB                                        
VNB                                        |VNB                                        
VGND                                       |VGND                                       
VPWR                                       |VPWR                                       
C1                                         |C1                                         
B1                                         |B1                                         
A1                                         |A1                                         
A2                                         |A2                                         
A3                                         |A3                                         
X                                          |X                                          
---------------------------------------------------------------------------------------
Cell pin lists are equivalent.
Device classes sky130_fd_sc_hd__a311o_2 and sky130_fd_sc_hd__a311o_2 are equivalent.

Circuit 2 cell sky130_fd_sc_hd__a2bb2o_2 is a black box; will not flatten Circuit 1
Class sky130_fd_sc_hd__a2bb2o_2 (0):  Merged 2 parallel devices.
Warning: Equate pins:  cell sky130_fd_sc_hd__a2bb2o_2 is a placeholder, treated as a black box.

Subcircuit pins:
Circuit 1: sky130_fd_sc_hd__a2bb2o_2       |Circuit 2: sky130_fd_sc_hd__a2bb2o_2       
-------------------------------------------|-------------------------------------------
VNB                                        |VNB                                        
VPB                                        |VPB                                        
VGND                                       |VGND                                       
VPWR                                       |VPWR                                       
B1                                         |B1                                         
B2                                         |B2                                         
A2_N                                       |A2_N                                       
A1_N                                       |A1_N                                       
X                                          |X                                          
---------------------------------------------------------------------------------------
Cell pin lists are equivalent.
Device classes sky130_fd_sc_hd__a2bb2o_2 and sky130_fd_sc_hd__a2bb2o_2 are equivalent.

Circuit 2 cell sky130_fd_sc_hd__a211o_1 is a black box; will not flatten Circuit 1
Warning: Equate pins:  cell sky130_fd_sc_hd__a211o_1 is a placeholder, treated as a black box.

Subcircuit pins:
Circuit 1: sky130_fd_sc_hd__a211o_1        |Circuit 2: sky130_fd_sc_hd__a211o_1        
-------------------------------------------|-------------------------------------------
VNB                                        |VNB                                        
VPB                                        |VPB                                        
VGND                                       |VGND                                       
VPWR                                       |VPWR                                       
X                                          |X                                          
A2                                         |A2                                         
B1                                         |B1                                         
A1                                         |A1                                         
C1                                         |C1                                         
---------------------------------------------------------------------------------------
Cell pin lists are equivalent.
Device classes sky130_fd_sc_hd__a211o_1 and sky130_fd_sc_hd__a211o_1 are equivalent.

Circuit 2 cell sky130_fd_sc_hd__mux2_4 is a black box; will not flatten Circuit 1
Class sky130_fd_sc_hd__mux2_4 (0):  Merged 6 parallel devices.
Warning: Equate pins:  cell sky130_fd_sc_hd__mux2_4 is a placeholder, treated as a black box.

Subcircuit pins:
Circuit 1: sky130_fd_sc_hd__mux2_4         |Circuit 2: sky130_fd_sc_hd__mux2_4         
-------------------------------------------|-------------------------------------------
VNB                                        |VNB                                        
VPB                                        |VPB                                        
VPWR                                       |VPWR                                       
VGND                                       |VGND                                       
X                                          |X                                          
S                                          |S                                          
A1                                         |A1                                         
A0                                         |A0                                         
---------------------------------------------------------------------------------------
Cell pin lists are equivalent.
Device classes sky130_fd_sc_hd__mux2_4 and sky130_fd_sc_hd__mux2_4 are equivalent.

Circuit 2 cell sky130_fd_sc_hd__or3_4 is a black box; will not flatten Circuit 1
Class sky130_fd_sc_hd__or3_4 (0):  Merged 6 parallel devices.
Warning: Equate pins:  cell sky130_fd_sc_hd__or3_4 is a placeholder, treated as a black box.

Subcircuit pins:
Circuit 1: sky130_fd_sc_hd__or3_4          |Circuit 2: sky130_fd_sc_hd__or3_4          
-------------------------------------------|-------------------------------------------
VPB                                        |VPB                                        
VNB                                        |VNB                                        
VPWR                                       |VPWR                                       
VGND                                       |VGND                                       
B                                          |B                                          
C                                          |C                                          
A                                          |A                                          
X                                          |X                                          
---------------------------------------------------------------------------------------
Cell pin lists are equivalent.
Device classes sky130_fd_sc_hd__or3_4 and sky130_fd_sc_hd__or3_4 are equivalent.

Circuit 2 cell sky130_fd_sc_hd__mux4_1 is a black box; will not flatten Circuit 1
Warning: Equate pins:  cell sky130_fd_sc_hd__mux4_1 is a placeholder, treated as a black box.

Subcircuit pins:
Circuit 1: sky130_fd_sc_hd__mux4_1         |Circuit 2: sky130_fd_sc_hd__mux4_1         
-------------------------------------------|-------------------------------------------
VNB                                        |VNB                                        
VPB                                        |VPB                                        
VGND                                       |VGND                                       
VPWR                                       |VPWR                                       
A1                                         |A1                                         
A0                                         |A0                                         
S0                                         |S0                                         
A3                                         |A3                                         
A2                                         |A2                                         
S1                                         |S1                                         
X                                          |X                                          
---------------------------------------------------------------------------------------
Cell pin lists are equivalent.
Device classes sky130_fd_sc_hd__mux4_1 and sky130_fd_sc_hd__mux4_1 are equivalent.

Circuit 2 cell sky130_fd_sc_hd__a21oi_2 is a black box; will not flatten Circuit 1
Class sky130_fd_sc_hd__a21oi_2 (0):  Merged 4 parallel devices.
Warning: Equate pins:  cell sky130_fd_sc_hd__a21oi_2 is a placeholder, treated as a black box.

Subcircuit pins:
Circuit 1: sky130_fd_sc_hd__a21oi_2        |Circuit 2: sky130_fd_sc_hd__a21oi_2        
-------------------------------------------|-------------------------------------------
VNB                                        |VNB                                        
VPB                                        |VPB                                        
VGND                                       |VGND                                       
VPWR                                       |VPWR                                       
A2                                         |A2                                         
A1                                         |A1                                         
Y                                          |Y                                          
B1                                         |B1                                         
---------------------------------------------------------------------------------------
Cell pin lists are equivalent.
Device classes sky130_fd_sc_hd__a21oi_2 and sky130_fd_sc_hd__a21oi_2 are equivalent.

Circuit 2 cell sky130_fd_sc_hd__xor2_2 is a black box; will not flatten Circuit 1
Class sky130_fd_sc_hd__xor2_2 (0):  Merged 10 parallel devices.
Warning: Equate pins:  cell sky130_fd_sc_hd__xor2_2 is a placeholder, treated as a black box.

Subcircuit pins:
Circuit 1: sky130_fd_sc_hd__xor2_2         |Circuit 2: sky130_fd_sc_hd__xor2_2         
-------------------------------------------|-------------------------------------------
VPWR                                       |VPWR                                       
VGND                                       |VGND                                       
X                                          |X                                          
B                                          |B                                          
A                                          |A                                          
VPB                                        |VPB                                        
VNB                                        |VNB                                        
---------------------------------------------------------------------------------------
Cell pin lists are equivalent.
Device classes sky130_fd_sc_hd__xor2_2 and sky130_fd_sc_hd__xor2_2 are equivalent.

Circuit 2 cell sky130_fd_sc_hd__and3_1 is a black box; will not flatten Circuit 1
Warning: Equate pins:  cell sky130_fd_sc_hd__and3_1 is a placeholder, treated as a black box.

Subcircuit pins:
Circuit 1: sky130_fd_sc_hd__and3_1         |Circuit 2: sky130_fd_sc_hd__and3_1         
-------------------------------------------|-------------------------------------------
VGND                                       |VGND                                       
VPWR                                       |VPWR                                       
X                                          |X                                          
B                                          |B                                          
A                                          |A                                          
C                                          |C                                          
VPB                                        |VPB                                        
VNB                                        |VNB                                        
---------------------------------------------------------------------------------------
Cell pin lists are equivalent.
Device classes sky130_fd_sc_hd__and3_1 and sky130_fd_sc_hd__and3_1 are equivalent.

Circuit 2 cell sky130_fd_sc_hd__o21ba_1 is a black box; will not flatten Circuit 1
Warning: Equate pins:  cell sky130_fd_sc_hd__o21ba_1 is a placeholder, treated as a black box.

Subcircuit pins:
Circuit 1: sky130_fd_sc_hd__o21ba_1        |Circuit 2: sky130_fd_sc_hd__o21ba_1        
-------------------------------------------|-------------------------------------------
VNB                                        |VNB                                        
VPB                                        |VPB                                        
VGND                                       |VGND                                       
VPWR                                       |VPWR                                       
B1_N                                       |B1_N                                       
A1                                         |A1                                         
A2                                         |A2                                         
X                                          |X                                          
---------------------------------------------------------------------------------------
Cell pin lists are equivalent.
Device classes sky130_fd_sc_hd__o21ba_1 and sky130_fd_sc_hd__o21ba_1 are equivalent.

Circuit 2 cell sky130_fd_sc_hd__or4b_1 is a black box; will not flatten Circuit 1
Warning: Equate pins:  cell sky130_fd_sc_hd__or4b_1 is a placeholder, treated as a black box.

Subcircuit pins:
Circuit 1: sky130_fd_sc_hd__or4b_1         |Circuit 2: sky130_fd_sc_hd__or4b_1         
-------------------------------------------|-------------------------------------------
VPWR                                       |VPWR                                       
VGND                                       |VGND                                       
VPB                                        |VPB                                        
VNB                                        |VNB                                        
B                                          |B                                          
C                                          |C                                          
A                                          |A                                          
X                                          |X                                          
D_N                                        |D_N                                        
---------------------------------------------------------------------------------------
Cell pin lists are equivalent.
Device classes sky130_fd_sc_hd__or4b_1 and sky130_fd_sc_hd__or4b_1 are equivalent.

Circuit 2 cell sky130_fd_sc_hd__a21oi_4 is a black box; will not flatten Circuit 1
Class sky130_fd_sc_hd__a21oi_4 (0):  Merged 18 parallel devices.
Warning: Equate pins:  cell sky130_fd_sc_hd__a21oi_4 is a placeholder, treated as a black box.

Subcircuit pins:
Circuit 1: sky130_fd_sc_hd__a21oi_4        |Circuit 2: sky130_fd_sc_hd__a21oi_4        
-------------------------------------------|-------------------------------------------
VNB                                        |VNB                                        
VPB                                        |VPB                                        
VGND                                       |VGND                                       
VPWR                                       |VPWR                                       
A2                                         |A2                                         
B1                                         |B1                                         
Y                                          |Y                                          
A1                                         |A1                                         
---------------------------------------------------------------------------------------
Cell pin lists are equivalent.
Device classes sky130_fd_sc_hd__a21oi_4 and sky130_fd_sc_hd__a21oi_4 are equivalent.

Circuit 2 cell sky130_fd_sc_hd__a211oi_2 is a black box; will not flatten Circuit 1
Class sky130_fd_sc_hd__a211oi_2 (0):  Merged 8 parallel devices.
Warning: Equate pins:  cell sky130_fd_sc_hd__a211oi_2 is a placeholder, treated as a black box.

Subcircuit pins:
Circuit 1: sky130_fd_sc_hd__a211oi_2       |Circuit 2: sky130_fd_sc_hd__a211oi_2       
-------------------------------------------|-------------------------------------------
VPWR                                       |VPWR                                       
VGND                                       |VGND                                       
VPB                                        |VPB                                        
VNB                                        |VNB                                        
A2                                         |A2                                         
A1                                         |A1                                         
Y                                          |Y                                          
B1                                         |B1                                         
C1                                         |C1                                         
---------------------------------------------------------------------------------------
Cell pin lists are equivalent.
Device classes sky130_fd_sc_hd__a211oi_2 and sky130_fd_sc_hd__a211oi_2 are equivalent.

Circuit 2 cell sky130_fd_sc_hd__o22a_1 is a black box; will not flatten Circuit 1
Warning: Equate pins:  cell sky130_fd_sc_hd__o22a_1 is a placeholder, treated as a black box.

Subcircuit pins:
Circuit 1: sky130_fd_sc_hd__o22a_1         |Circuit 2: sky130_fd_sc_hd__o22a_1         
-------------------------------------------|-------------------------------------------
VPB                                        |VPB                                        
VNB                                        |VNB                                        
VGND                                       |VGND                                       
VPWR                                       |VPWR                                       
B2                                         |B2                                         
A2                                         |A2                                         
A1                                         |A1                                         
B1                                         |B1                                         
X                                          |X                                          
---------------------------------------------------------------------------------------
Cell pin lists are equivalent.
Device classes sky130_fd_sc_hd__o22a_1 and sky130_fd_sc_hd__o22a_1 are equivalent.

Circuit 2 cell sky130_fd_sc_hd__o22ai_1 is a black box; will not flatten Circuit 1
Warning: Equate pins:  cell sky130_fd_sc_hd__o22ai_1 is a placeholder, treated as a black box.

Subcircuit pins:
Circuit 1: sky130_fd_sc_hd__o22ai_1        |Circuit 2: sky130_fd_sc_hd__o22ai_1        
-------------------------------------------|-------------------------------------------
VPB                                        |VPB                                        
VNB                                        |VNB                                        
VGND                                       |VGND                                       
VPWR                                       |VPWR                                       
A1                                         |A1                                         
A2                                         |A2                                         
B1                                         |B1                                         
B2                                         |B2                                         
Y                                          |Y                                          
---------------------------------------------------------------------------------------
Cell pin lists are equivalent.
Device classes sky130_fd_sc_hd__o22ai_1 and sky130_fd_sc_hd__o22ai_1 are equivalent.

Circuit 2 cell sky130_fd_sc_hd__nor2_4 is a black box; will not flatten Circuit 1
Class sky130_fd_sc_hd__nor2_4 (0):  Merged 12 parallel devices.
Warning: Equate pins:  cell sky130_fd_sc_hd__nor2_4 is a placeholder, treated as a black box.

Subcircuit pins:
Circuit 1: sky130_fd_sc_hd__nor2_4         |Circuit 2: sky130_fd_sc_hd__nor2_4         
-------------------------------------------|-------------------------------------------
VPB                                        |VPB                                        
VNB                                        |VNB                                        
VGND                                       |VGND                                       
VPWR                                       |VPWR                                       
Y                                          |Y                                          
B                                          |B                                          
A                                          |A                                          
---------------------------------------------------------------------------------------
Cell pin lists are equivalent.
Device classes sky130_fd_sc_hd__nor2_4 and sky130_fd_sc_hd__nor2_4 are equivalent.

Circuit 2 cell sky130_fd_sc_hd__o41a_1 is a black box; will not flatten Circuit 1
Warning: Equate pins:  cell sky130_fd_sc_hd__o41a_1 is a placeholder, treated as a black box.

Subcircuit pins:
Circuit 1: sky130_fd_sc_hd__o41a_1         |Circuit 2: sky130_fd_sc_hd__o41a_1         
-------------------------------------------|-------------------------------------------
VPB                                        |VPB                                        
VNB                                        |VNB                                        
VGND                                       |VGND                                       
VPWR                                       |VPWR                                       
X                                          |X                                          
B1                                         |B1                                         
A4                                         |A4                                         
A3                                         |A3                                         
A2                                         |A2                                         
A1                                         |A1                                         
---------------------------------------------------------------------------------------
Cell pin lists are equivalent.
Device classes sky130_fd_sc_hd__o41a_1 and sky130_fd_sc_hd__o41a_1 are equivalent.

Circuit 2 cell sky130_fd_sc_hd__a2bb2o_1 is a black box; will not flatten Circuit 1
Warning: Equate pins:  cell sky130_fd_sc_hd__a2bb2o_1 is a placeholder, treated as a black box.

Subcircuit pins:
Circuit 1: sky130_fd_sc_hd__a2bb2o_1       |Circuit 2: sky130_fd_sc_hd__a2bb2o_1       
-------------------------------------------|-------------------------------------------
VNB                                        |VNB                                        
VPB                                        |VPB                                        
VGND                                       |VGND                                       
VPWR                                       |VPWR                                       
B1                                         |B1                                         
A1_N                                       |A1_N                                       
A2_N                                       |A2_N                                       
X                                          |X                                          
B2                                         |B2                                         
---------------------------------------------------------------------------------------
Cell pin lists are equivalent.
Device classes sky130_fd_sc_hd__a2bb2o_1 and sky130_fd_sc_hd__a2bb2o_1 are equivalent.

Circuit 2 cell sky130_fd_sc_hd__o21a_2 is a black box; will not flatten Circuit 1
Class sky130_fd_sc_hd__o21a_2 (0):  Merged 2 parallel devices.
Warning: Equate pins:  cell sky130_fd_sc_hd__o21a_2 is a placeholder, treated as a black box.

Subcircuit pins:
Circuit 1: sky130_fd_sc_hd__o21a_2         |Circuit 2: sky130_fd_sc_hd__o21a_2         
-------------------------------------------|-------------------------------------------
VNB                                        |VNB                                        
VPB                                        |VPB                                        
VGND                                       |VGND                                       
VPWR                                       |VPWR                                       
X                                          |X                                          
B1                                         |B1                                         
A2                                         |A2                                         
A1                                         |A1                                         
---------------------------------------------------------------------------------------
Cell pin lists are equivalent.
Device classes sky130_fd_sc_hd__o21a_2 and sky130_fd_sc_hd__o21a_2 are equivalent.

Circuit 2 cell sky130_fd_sc_hd__o2111ai_4 is a black box; will not flatten Circuit 1
Class sky130_fd_sc_hd__o2111ai_4 (0):  Merged 30 parallel devices.
Warning: Equate pins:  cell sky130_fd_sc_hd__o2111ai_4 is a placeholder, treated as a black box.

Subcircuit pins:
Circuit 1: sky130_fd_sc_hd__o2111ai_4      |Circuit 2: sky130_fd_sc_hd__o2111ai_4      
-------------------------------------------|-------------------------------------------
VNB                                        |VNB                                        
VPB                                        |VPB                                        
VGND                                       |VGND                                       
VPWR                                       |VPWR                                       
Y                                          |Y                                          
D1                                         |D1                                         
C1                                         |C1                                         
B1                                         |B1                                         
A2                                         |A2                                         
A1                                         |A1                                         
---------------------------------------------------------------------------------------
Cell pin lists are equivalent.
Device classes sky130_fd_sc_hd__o2111ai_4 and sky130_fd_sc_hd__o2111ai_4 are equivalent.

Circuit 2 cell sky130_fd_sc_hd__o2111ai_1 is a black box; will not flatten Circuit 1
Warning: Equate pins:  cell sky130_fd_sc_hd__o2111ai_1 is a placeholder, treated as a black box.

Subcircuit pins:
Circuit 1: sky130_fd_sc_hd__o2111ai_1      |Circuit 2: sky130_fd_sc_hd__o2111ai_1      
-------------------------------------------|-------------------------------------------
VPB                                        |VPB                                        
VNB                                        |VNB                                        
VGND                                       |VGND                                       
VPWR                                       |VPWR                                       
Y                                          |Y                                          
A1                                         |A1                                         
A2                                         |A2                                         
C1                                         |C1                                         
D1                                         |D1                                         
B1                                         |B1                                         
---------------------------------------------------------------------------------------
Cell pin lists are equivalent.
Device classes sky130_fd_sc_hd__o2111ai_1 and sky130_fd_sc_hd__o2111ai_1 are equivalent.

Circuit 2 cell sky130_fd_sc_hd__o32a_1 is a black box; will not flatten Circuit 1
Warning: Equate pins:  cell sky130_fd_sc_hd__o32a_1 is a placeholder, treated as a black box.

Subcircuit pins:
Circuit 1: sky130_fd_sc_hd__o32a_1         |Circuit 2: sky130_fd_sc_hd__o32a_1         
-------------------------------------------|-------------------------------------------
VPB                                        |VPB                                        
VNB                                        |VNB                                        
VPWR                                       |VPWR                                       
VGND                                       |VGND                                       
X                                          |X                                          
A1                                         |A1                                         
A2                                         |A2                                         
A3                                         |A3                                         
B2                                         |B2                                         
B1                                         |B1                                         
---------------------------------------------------------------------------------------
Cell pin lists are equivalent.
Device classes sky130_fd_sc_hd__o32a_1 and sky130_fd_sc_hd__o32a_1 are equivalent.

Circuit 2 cell sky130_fd_sc_hd__a41o_1 is a black box; will not flatten Circuit 1
Warning: Equate pins:  cell sky130_fd_sc_hd__a41o_1 is a placeholder, treated as a black box.

Subcircuit pins:
Circuit 1: sky130_fd_sc_hd__a41o_1         |Circuit 2: sky130_fd_sc_hd__a41o_1         
-------------------------------------------|-------------------------------------------
VGND                                       |VGND                                       
VPWR                                       |VPWR                                       
A3                                         |A3                                         
A4                                         |A4                                         
A2                                         |A2                                         
X                                          |X                                          
B1                                         |B1                                         
A1                                         |A1                                         
VPB                                        |VPB                                        
VNB                                        |VNB                                        
---------------------------------------------------------------------------------------
Cell pin lists are equivalent.
Device classes sky130_fd_sc_hd__a41o_1 and sky130_fd_sc_hd__a41o_1 are equivalent.

Circuit 2 cell sky130_fd_sc_hd__and2_2 is a black box; will not flatten Circuit 1
Class sky130_fd_sc_hd__and2_2 (0):  Merged 2 parallel devices.
Warning: Equate pins:  cell sky130_fd_sc_hd__and2_2 is a placeholder, treated as a black box.

Subcircuit pins:
Circuit 1: sky130_fd_sc_hd__and2_2         |Circuit 2: sky130_fd_sc_hd__and2_2         
-------------------------------------------|-------------------------------------------
VPWR                                       |VPWR                                       
VGND                                       |VGND                                       
A                                          |A                                          
X                                          |X                                          
B                                          |B                                          
VPB                                        |VPB                                        
VNB                                        |VNB                                        
---------------------------------------------------------------------------------------
Cell pin lists are equivalent.
Device classes sky130_fd_sc_hd__and2_2 and sky130_fd_sc_hd__and2_2 are equivalent.

Circuit 2 cell sky130_fd_sc_hd__o31a_1 is a black box; will not flatten Circuit 1
Warning: Equate pins:  cell sky130_fd_sc_hd__o31a_1 is a placeholder, treated as a black box.

Subcircuit pins:
Circuit 1: sky130_fd_sc_hd__o31a_1         |Circuit 2: sky130_fd_sc_hd__o31a_1         
-------------------------------------------|-------------------------------------------
X                                          |X                                          
A1                                         |A1                                         
A2                                         |A2                                         
A3                                         |A3                                         
B1                                         |B1                                         
VPB                                        |VPB                                        
VNB                                        |VNB                                        
VGND                                       |VGND                                       
VPWR                                       |VPWR                                       
---------------------------------------------------------------------------------------
Cell pin lists are equivalent.
Device classes sky130_fd_sc_hd__o31a_1 and sky130_fd_sc_hd__o31a_1 are equivalent.

Circuit 2 cell sky130_fd_sc_hd__o22a_2 is a black box; will not flatten Circuit 1
Class sky130_fd_sc_hd__o22a_2 (0):  Merged 2 parallel devices.
Warning: Equate pins:  cell sky130_fd_sc_hd__o22a_2 is a placeholder, treated as a black box.

Subcircuit pins:
Circuit 1: sky130_fd_sc_hd__o22a_2         |Circuit 2: sky130_fd_sc_hd__o22a_2         
-------------------------------------------|-------------------------------------------
VNB                                        |VNB                                        
VPB                                        |VPB                                        
VGND                                       |VGND                                       
VPWR                                       |VPWR                                       
A1                                         |A1                                         
A2                                         |A2                                         
B2                                         |B2                                         
B1                                         |B1                                         
X                                          |X                                          
---------------------------------------------------------------------------------------
Cell pin lists are equivalent.
Device classes sky130_fd_sc_hd__o22a_2 and sky130_fd_sc_hd__o22a_2 are equivalent.

Circuit 2 cell sky130_fd_sc_hd__and3b_1 is a black box; will not flatten Circuit 1
Warning: Equate pins:  cell sky130_fd_sc_hd__and3b_1 is a placeholder, treated as a black box.

Subcircuit pins:
Circuit 1: sky130_fd_sc_hd__and3b_1        |Circuit 2: sky130_fd_sc_hd__and3b_1        
-------------------------------------------|-------------------------------------------
A_N                                        |A_N                                        
B                                          |B                                          
X                                          |X                                          
C                                          |C                                          
VGND                                       |VGND                                       
VPWR                                       |VPWR                                       
VPB                                        |VPB                                        
VNB                                        |VNB                                        
---------------------------------------------------------------------------------------
Cell pin lists are equivalent.
Device classes sky130_fd_sc_hd__and3b_1 and sky130_fd_sc_hd__and3b_1 are equivalent.

Circuit 2 cell sky130_fd_sc_hd__a22oi_1 is a black box; will not flatten Circuit 1
Warning: Equate pins:  cell sky130_fd_sc_hd__a22oi_1 is a placeholder, treated as a black box.

Subcircuit pins:
Circuit 1: sky130_fd_sc_hd__a22oi_1        |Circuit 2: sky130_fd_sc_hd__a22oi_1        
-------------------------------------------|-------------------------------------------
VPWR                                       |VPWR                                       
VGND                                       |VGND                                       
VPB                                        |VPB                                        
VNB                                        |VNB                                        
B2                                         |B2                                         
B1                                         |B1                                         
Y                                          |Y                                          
A1                                         |A1                                         
A2                                         |A2                                         
---------------------------------------------------------------------------------------
Cell pin lists are equivalent.
Device classes sky130_fd_sc_hd__a22oi_1 and sky130_fd_sc_hd__a22oi_1 are equivalent.

Circuit 2 cell sky130_fd_sc_hd__a311o_1 is a black box; will not flatten Circuit 1
Warning: Equate pins:  cell sky130_fd_sc_hd__a311o_1 is a placeholder, treated as a black box.

Subcircuit pins:
Circuit 1: sky130_fd_sc_hd__a311o_1        |Circuit 2: sky130_fd_sc_hd__a311o_1        
-------------------------------------------|-------------------------------------------
VNB                                        |VNB                                        
VPB                                        |VPB                                        
VGND                                       |VGND                                       
VPWR                                       |VPWR                                       
C1                                         |C1                                         
B1                                         |B1                                         
A1                                         |A1                                         
A2                                         |A2                                         
A3                                         |A3                                         
X                                          |X                                          
---------------------------------------------------------------------------------------
Cell pin lists are equivalent.
Device classes sky130_fd_sc_hd__a311o_1 and sky130_fd_sc_hd__a311o_1 are equivalent.

Circuit 2 cell sky130_fd_sc_hd__nor3_1 is a black box; will not flatten Circuit 1
Warning: Equate pins:  cell sky130_fd_sc_hd__nor3_1 is a placeholder, treated as a black box.

Subcircuit pins:
Circuit 1: sky130_fd_sc_hd__nor3_1         |Circuit 2: sky130_fd_sc_hd__nor3_1         
-------------------------------------------|-------------------------------------------
VPB                                        |VPB                                        
VNB                                        |VNB                                        
VGND                                       |VGND                                       
VPWR                                       |VPWR                                       
C                                          |C                                          
B                                          |B                                          
A                                          |A                                          
Y                                          |Y                                          
---------------------------------------------------------------------------------------
Cell pin lists are equivalent.
Device classes sky130_fd_sc_hd__nor3_1 and sky130_fd_sc_hd__nor3_1 are equivalent.

Circuit 2 cell sky130_fd_sc_hd__o2bb2a_1 is a black box; will not flatten Circuit 1
Warning: Equate pins:  cell sky130_fd_sc_hd__o2bb2a_1 is a placeholder, treated as a black box.

Subcircuit pins:
Circuit 1: sky130_fd_sc_hd__o2bb2a_1       |Circuit 2: sky130_fd_sc_hd__o2bb2a_1       
-------------------------------------------|-------------------------------------------
VNB                                        |VNB                                        
VPB                                        |VPB                                        
VPWR                                       |VPWR                                       
VGND                                       |VGND                                       
X                                          |X                                          
A1_N                                       |A1_N                                       
A2_N                                       |A2_N                                       
B2                                         |B2                                         
B1                                         |B1                                         
---------------------------------------------------------------------------------------
Cell pin lists are equivalent.
Device classes sky130_fd_sc_hd__o2bb2a_1 and sky130_fd_sc_hd__o2bb2a_1 are equivalent.

Circuit 2 cell sky130_fd_sc_hd__nor4_2 is a black box; will not flatten Circuit 1
Class sky130_fd_sc_hd__nor4_2 (0):  Merged 8 parallel devices.
Warning: Equate pins:  cell sky130_fd_sc_hd__nor4_2 is a placeholder, treated as a black box.

Subcircuit pins:
Circuit 1: sky130_fd_sc_hd__nor4_2         |Circuit 2: sky130_fd_sc_hd__nor4_2         
-------------------------------------------|-------------------------------------------
VNB                                        |VNB                                        
VPB                                        |VPB                                        
VGND                                       |VGND                                       
VPWR                                       |VPWR                                       
B                                          |B                                          
D                                          |D                                          
Y                                          |Y                                          
A                                          |A                                          
C                                          |C                                          
---------------------------------------------------------------------------------------
Cell pin lists are equivalent.
Device classes sky130_fd_sc_hd__nor4_2 and sky130_fd_sc_hd__nor4_2 are equivalent.

Circuit 2 cell sky130_fd_sc_hd__nor4b_1 is a black box; will not flatten Circuit 1
Warning: Equate pins:  cell sky130_fd_sc_hd__nor4b_1 is a placeholder, treated as a black box.

Subcircuit pins:
Circuit 1: sky130_fd_sc_hd__nor4b_1        |Circuit 2: sky130_fd_sc_hd__nor4b_1        
-------------------------------------------|-------------------------------------------
VPB                                        |VPB                                        
VNB                                        |VNB                                        
VGND                                       |VGND                                       
VPWR                                       |VPWR                                       
D_N                                        |D_N                                        
C                                          |C                                          
Y                                          |Y                                          
B                                          |B                                          
A                                          |A                                          
---------------------------------------------------------------------------------------
Cell pin lists are equivalent.
Device classes sky130_fd_sc_hd__nor4b_1 and sky130_fd_sc_hd__nor4b_1 are equivalent.

Circuit 2 cell sky130_fd_sc_hd__a21boi_2 is a black box; will not flatten Circuit 1
Class sky130_fd_sc_hd__a21boi_2 (0):  Merged 4 parallel devices.
Warning: Equate pins:  cell sky130_fd_sc_hd__a21boi_2 is a placeholder, treated as a black box.

Subcircuit pins:
Circuit 1: sky130_fd_sc_hd__a21boi_2       |Circuit 2: sky130_fd_sc_hd__a21boi_2       
-------------------------------------------|-------------------------------------------
VNB                                        |VNB                                        
VPB                                        |VPB                                        
VPWR                                       |VPWR                                       
VGND                                       |VGND                                       
B1_N                                       |B1_N                                       
A2                                         |A2                                         
Y                                          |Y                                          
A1                                         |A1                                         
---------------------------------------------------------------------------------------
Cell pin lists are equivalent.
Device classes sky130_fd_sc_hd__a21boi_2 and sky130_fd_sc_hd__a21boi_2 are equivalent.

Circuit 2 cell sky130_fd_sc_hd__and3_2 is a black box; will not flatten Circuit 1
Class sky130_fd_sc_hd__and3_2 (0):  Merged 2 parallel devices.
Warning: Equate pins:  cell sky130_fd_sc_hd__and3_2 is a placeholder, treated as a black box.

Subcircuit pins:
Circuit 1: sky130_fd_sc_hd__and3_2         |Circuit 2: sky130_fd_sc_hd__and3_2         
-------------------------------------------|-------------------------------------------
B                                          |B                                          
X                                          |X                                          
A                                          |A                                          
C                                          |C                                          
VPWR                                       |VPWR                                       
VGND                                       |VGND                                       
VPB                                        |VPB                                        
VNB                                        |VNB                                        
---------------------------------------------------------------------------------------
Cell pin lists are equivalent.
Device classes sky130_fd_sc_hd__and3_2 and sky130_fd_sc_hd__and3_2 are equivalent.

Circuit 2 cell sky130_fd_sc_hd__a21o_2 is a black box; will not flatten Circuit 1
Class sky130_fd_sc_hd__a21o_2 (0):  Merged 2 parallel devices.
Warning: Equate pins:  cell sky130_fd_sc_hd__a21o_2 is a placeholder, treated as a black box.

Subcircuit pins:
Circuit 1: sky130_fd_sc_hd__a21o_2         |Circuit 2: sky130_fd_sc_hd__a21o_2         
-------------------------------------------|-------------------------------------------
VNB                                        |VNB                                        
VPB                                        |VPB                                        
VGND                                       |VGND                                       
VPWR                                       |VPWR                                       
A2                                         |A2                                         
A1                                         |A1                                         
B1                                         |B1                                         
X                                          |X                                          
---------------------------------------------------------------------------------------
Cell pin lists are equivalent.
Device classes sky130_fd_sc_hd__a21o_2 and sky130_fd_sc_hd__a21o_2 are equivalent.

Circuit 2 cell sky130_fd_sc_hd__o211ai_2 is a black box; will not flatten Circuit 1
Class sky130_fd_sc_hd__o211ai_2 (0):  Merged 8 parallel devices.
Warning: Equate pins:  cell sky130_fd_sc_hd__o211ai_2 is a placeholder, treated as a black box.

Subcircuit pins:
Circuit 1: sky130_fd_sc_hd__o211ai_2       |Circuit 2: sky130_fd_sc_hd__o211ai_2       
-------------------------------------------|-------------------------------------------
VNB                                        |VNB                                        
VPB                                        |VPB                                        
VGND                                       |VGND                                       
VPWR                                       |VPWR                                       
Y                                          |Y                                          
B1                                         |B1                                         
A2                                         |A2                                         
A1                                         |A1                                         
C1                                         |C1                                         
---------------------------------------------------------------------------------------
Cell pin lists are equivalent.
Device classes sky130_fd_sc_hd__o211ai_2 and sky130_fd_sc_hd__o211ai_2 are equivalent.

Circuit 2 cell sky130_fd_sc_hd__o2bb2a_2 is a black box; will not flatten Circuit 1
Class sky130_fd_sc_hd__o2bb2a_2 (0):  Merged 2 parallel devices.
Warning: Equate pins:  cell sky130_fd_sc_hd__o2bb2a_2 is a placeholder, treated as a black box.

Subcircuit pins:
Circuit 1: sky130_fd_sc_hd__o2bb2a_2       |Circuit 2: sky130_fd_sc_hd__o2bb2a_2       
-------------------------------------------|-------------------------------------------
VNB                                        |VNB                                        
VPB                                        |VPB                                        
VGND                                       |VGND                                       
VPWR                                       |VPWR                                       
B1                                         |B1                                         
B2                                         |B2                                         
A2_N                                       |A2_N                                       
X                                          |X                                          
A1_N                                       |A1_N                                       
---------------------------------------------------------------------------------------
Cell pin lists are equivalent.
Device classes sky130_fd_sc_hd__o2bb2a_2 and sky130_fd_sc_hd__o2bb2a_2 are equivalent.

Circuit 2 cell sky130_fd_sc_hd__or4_4 is a black box; will not flatten Circuit 1
Class sky130_fd_sc_hd__or4_4 (0):  Merged 6 parallel devices.
Warning: Equate pins:  cell sky130_fd_sc_hd__or4_4 is a placeholder, treated as a black box.

Subcircuit pins:
Circuit 1: sky130_fd_sc_hd__or4_4          |Circuit 2: sky130_fd_sc_hd__or4_4          
-------------------------------------------|-------------------------------------------
VNB                                        |VNB                                        
VPB                                        |VPB                                        
VPWR                                       |VPWR                                       
VGND                                       |VGND                                       
D                                          |D                                          
C                                          |C                                          
B                                          |B                                          
A                                          |A                                          
X                                          |X                                          
---------------------------------------------------------------------------------------
Cell pin lists are equivalent.
Device classes sky130_fd_sc_hd__or4_4 and sky130_fd_sc_hd__or4_4 are equivalent.

Circuit 2 cell sky130_fd_sc_hd__a32o_1 is a black box; will not flatten Circuit 1
Warning: Equate pins:  cell sky130_fd_sc_hd__a32o_1 is a placeholder, treated as a black box.

Subcircuit pins:
Circuit 1: sky130_fd_sc_hd__a32o_1         |Circuit 2: sky130_fd_sc_hd__a32o_1         
-------------------------------------------|-------------------------------------------
VGND                                       |VGND                                       
VPWR                                       |VPWR                                       
VPB                                        |VPB                                        
VNB                                        |VNB                                        
X                                          |X                                          
A3                                         |A3                                         
A2                                         |A2                                         
A1                                         |A1                                         
B1                                         |B1                                         
B2                                         |B2                                         
---------------------------------------------------------------------------------------
Cell pin lists are equivalent.
Device classes sky130_fd_sc_hd__a32o_1 and sky130_fd_sc_hd__a32o_1 are equivalent.

Circuit 2 cell sky130_fd_sc_hd__a211oi_1 is a black box; will not flatten Circuit 1
Warning: Equate pins:  cell sky130_fd_sc_hd__a211oi_1 is a placeholder, treated as a black box.

Subcircuit pins:
Circuit 1: sky130_fd_sc_hd__a211oi_1       |Circuit 2: sky130_fd_sc_hd__a211oi_1       
-------------------------------------------|-------------------------------------------
VPWR                                       |VPWR                                       
VGND                                       |VGND                                       
VPB                                        |VPB                                        
VNB                                        |VNB                                        
Y                                          |Y                                          
C1                                         |C1                                         
B1                                         |B1                                         
A1                                         |A1                                         
A2                                         |A2                                         
---------------------------------------------------------------------------------------
Cell pin lists are equivalent.
Device classes sky130_fd_sc_hd__a211oi_1 and sky130_fd_sc_hd__a211oi_1 are equivalent.

Circuit 2 cell sky130_fd_sc_hd__a31oi_1 is a black box; will not flatten Circuit 1
Warning: Equate pins:  cell sky130_fd_sc_hd__a31oi_1 is a placeholder, treated as a black box.

Subcircuit pins:
Circuit 1: sky130_fd_sc_hd__a31oi_1        |Circuit 2: sky130_fd_sc_hd__a31oi_1        
-------------------------------------------|-------------------------------------------
VGND                                       |VGND                                       
VPWR                                       |VPWR                                       
VPB                                        |VPB                                        
VNB                                        |VNB                                        
A3                                         |A3                                         
A2                                         |A2                                         
A1                                         |A1                                         
Y                                          |Y                                          
B1                                         |B1                                         
---------------------------------------------------------------------------------------
Cell pin lists are equivalent.
Device classes sky130_fd_sc_hd__a31oi_1 and sky130_fd_sc_hd__a31oi_1 are equivalent.

Circuit 2 cell sky130_fd_sc_hd__buf_12 is a black box; will not flatten Circuit 1
Class sky130_fd_sc_hd__buf_12 (0):  Merged 28 parallel devices.
Warning: Equate pins:  cell sky130_fd_sc_hd__buf_12 is a placeholder, treated as a black box.

Subcircuit pins:
Circuit 1: sky130_fd_sc_hd__buf_12         |Circuit 2: sky130_fd_sc_hd__buf_12         
-------------------------------------------|-------------------------------------------
VPB                                        |VPB                                        
VNB                                        |VNB                                        
VGND                                       |VGND                                       
VPWR                                       |VPWR                                       
A                                          |A                                          
X                                          |X                                          
---------------------------------------------------------------------------------------
Cell pin lists are equivalent.
Device classes sky130_fd_sc_hd__buf_12 and sky130_fd_sc_hd__buf_12 are equivalent.

Circuit 2 cell sky130_fd_sc_hd__a2111o_1 is a black box; will not flatten Circuit 1
Warning: Equate pins:  cell sky130_fd_sc_hd__a2111o_1 is a placeholder, treated as a black box.

Subcircuit pins:
Circuit 1: sky130_fd_sc_hd__a2111o_1       |Circuit 2: sky130_fd_sc_hd__a2111o_1       
-------------------------------------------|-------------------------------------------
VPB                                        |VPB                                        
VGND                                       |VGND                                       
VPWR                                       |VPWR                                       
VNB                                        |VNB                                        
B1                                         |B1                                         
X                                          |X                                          
D1                                         |D1                                         
A1                                         |A1                                         
A2                                         |A2                                         
C1                                         |C1                                         
---------------------------------------------------------------------------------------
Cell pin lists are equivalent.
Device classes sky130_fd_sc_hd__a2111o_1 and sky130_fd_sc_hd__a2111o_1 are equivalent.

Circuit 2 cell sky130_fd_sc_hd__dfxtp_4 is a black box; will not flatten Circuit 1
Class sky130_fd_sc_hd__dfxtp_4 (0):  Merged 6 parallel devices.
Warning: Equate pins:  cell sky130_fd_sc_hd__dfxtp_4 is a placeholder, treated as a black box.

Subcircuit pins:
Circuit 1: sky130_fd_sc_hd__dfxtp_4        |Circuit 2: sky130_fd_sc_hd__dfxtp_4        
-------------------------------------------|-------------------------------------------
VGND                                       |VGND                                       
VPWR                                       |VPWR                                       
VNB                                        |VNB                                        
VPB                                        |VPB                                        
Q                                          |Q                                          
D                                          |D                                          
CLK                                        |CLK                                        
---------------------------------------------------------------------------------------
Cell pin lists are equivalent.
Device classes sky130_fd_sc_hd__dfxtp_4 and sky130_fd_sc_hd__dfxtp_4 are equivalent.

Circuit 2 cell sky130_fd_sc_hd__o211ai_1 is a black box; will not flatten Circuit 1
Warning: Equate pins:  cell sky130_fd_sc_hd__o211ai_1 is a placeholder, treated as a black box.

Subcircuit pins:
Circuit 1: sky130_fd_sc_hd__o211ai_1       |Circuit 2: sky130_fd_sc_hd__o211ai_1       
-------------------------------------------|-------------------------------------------
VPB                                        |VPB                                        
VNB                                        |VNB                                        
VGND                                       |VGND                                       
VPWR                                       |VPWR                                       
A1                                         |A1                                         
Y                                          |Y                                          
C1                                         |C1                                         
B1                                         |B1                                         
A2                                         |A2                                         
---------------------------------------------------------------------------------------
Cell pin lists are equivalent.
Device classes sky130_fd_sc_hd__o211ai_1 and sky130_fd_sc_hd__o211ai_1 are equivalent.

Circuit 2 cell sky130_fd_sc_hd__a21bo_1 is a black box; will not flatten Circuit 1
Warning: Equate pins:  cell sky130_fd_sc_hd__a21bo_1 is a placeholder, treated as a black box.

Subcircuit pins:
Circuit 1: sky130_fd_sc_hd__a21bo_1        |Circuit 2: sky130_fd_sc_hd__a21bo_1        
-------------------------------------------|-------------------------------------------
VNB                                        |VNB                                        
VPB                                        |VPB                                        
VGND                                       |VGND                                       
VPWR                                       |VPWR                                       
X                                          |X                                          
A2                                         |A2                                         
A1                                         |A1                                         
B1_N                                       |B1_N                                       
---------------------------------------------------------------------------------------
Cell pin lists are equivalent.
Device classes sky130_fd_sc_hd__a21bo_1 and sky130_fd_sc_hd__a21bo_1 are equivalent.

Circuit 2 cell sky130_fd_sc_hd__o21ba_2 is a black box; will not flatten Circuit 1
Class sky130_fd_sc_hd__o21ba_2 (0):  Merged 2 parallel devices.
Warning: Equate pins:  cell sky130_fd_sc_hd__o21ba_2 is a placeholder, treated as a black box.

Subcircuit pins:
Circuit 1: sky130_fd_sc_hd__o21ba_2        |Circuit 2: sky130_fd_sc_hd__o21ba_2        
-------------------------------------------|-------------------------------------------
VNB                                        |VNB                                        
VPB                                        |VPB                                        
VGND                                       |VGND                                       
VPWR                                       |VPWR                                       
A2                                         |A2                                         
A1                                         |A1                                         
B1_N                                       |B1_N                                       
X                                          |X                                          
---------------------------------------------------------------------------------------
Cell pin lists are equivalent.
Device classes sky130_fd_sc_hd__o21ba_2 and sky130_fd_sc_hd__o21ba_2 are equivalent.

Circuit 2 cell sky130_fd_sc_hd__a21boi_1 is a black box; will not flatten Circuit 1
Warning: Equate pins:  cell sky130_fd_sc_hd__a21boi_1 is a placeholder, treated as a black box.

Subcircuit pins:
Circuit 1: sky130_fd_sc_hd__a21boi_1       |Circuit 2: sky130_fd_sc_hd__a21boi_1       
-------------------------------------------|-------------------------------------------
VPWR                                       |VPWR                                       
VGND                                       |VGND                                       
VPB                                        |VPB                                        
VNB                                        |VNB                                        
B1_N                                       |B1_N                                       
Y                                          |Y                                          
A1                                         |A1                                         
A2                                         |A2                                         
---------------------------------------------------------------------------------------
Cell pin lists are equivalent.
Device classes sky130_fd_sc_hd__a21boi_1 and sky130_fd_sc_hd__a21boi_1 are equivalent.

Circuit 2 cell sky130_fd_sc_hd__xnor2_4 is a black box; will not flatten Circuit 1
Class sky130_fd_sc_hd__xnor2_4 (0):  Merged 30 parallel devices.
Warning: Equate pins:  cell sky130_fd_sc_hd__xnor2_4 is a placeholder, treated as a black box.

Subcircuit pins:
Circuit 1: sky130_fd_sc_hd__xnor2_4        |Circuit 2: sky130_fd_sc_hd__xnor2_4        
-------------------------------------------|-------------------------------------------
VNB                                        |VNB                                        
VPB                                        |VPB                                        
VGND                                       |VGND                                       
VPWR                                       |VPWR                                       
Y                                          |Y                                          
B                                          |B                                          
A                                          |A                                          
---------------------------------------------------------------------------------------
Cell pin lists are equivalent.
Device classes sky130_fd_sc_hd__xnor2_4 and sky130_fd_sc_hd__xnor2_4 are equivalent.

Circuit 2 cell sky130_fd_sc_hd__or2_4 is a black box; will not flatten Circuit 1
Class sky130_fd_sc_hd__or2_4 (0):  Merged 6 parallel devices.
Warning: Equate pins:  cell sky130_fd_sc_hd__or2_4 is a placeholder, treated as a black box.

Subcircuit pins:
Circuit 1: sky130_fd_sc_hd__or2_4          |Circuit 2: sky130_fd_sc_hd__or2_4          
-------------------------------------------|-------------------------------------------
VNB                                        |VNB                                        
VPB                                        |VPB                                        
VGND                                       |VGND                                       
VPWR                                       |VPWR                                       
B                                          |B                                          
A                                          |A                                          
X                                          |X                                          
---------------------------------------------------------------------------------------
Cell pin lists are equivalent.
Device classes sky130_fd_sc_hd__or2_4 and sky130_fd_sc_hd__or2_4 are equivalent.

Circuit 2 cell sky130_fd_sc_hd__or4_2 is a black box; will not flatten Circuit 1
Class sky130_fd_sc_hd__or4_2 (0):  Merged 2 parallel devices.
Warning: Equate pins:  cell sky130_fd_sc_hd__or4_2 is a placeholder, treated as a black box.

Subcircuit pins:
Circuit 1: sky130_fd_sc_hd__or4_2          |Circuit 2: sky130_fd_sc_hd__or4_2          
-------------------------------------------|-------------------------------------------
VPWR                                       |VPWR                                       
VGND                                       |VGND                                       
VPB                                        |VPB                                        
VNB                                        |VNB                                        
B                                          |B                                          
D                                          |D                                          
C                                          |C                                          
A                                          |A                                          
X                                          |X                                          
---------------------------------------------------------------------------------------
Cell pin lists are equivalent.
Device classes sky130_fd_sc_hd__or4_2 and sky130_fd_sc_hd__or4_2 are equivalent.

Circuit 2 cell sky130_fd_sc_hd__or2b_2 is a black box; will not flatten Circuit 1
Class sky130_fd_sc_hd__or2b_2 (0):  Merged 2 parallel devices.
Warning: Equate pins:  cell sky130_fd_sc_hd__or2b_2 is a placeholder, treated as a black box.

Subcircuit pins:
Circuit 1: sky130_fd_sc_hd__or2b_2         |Circuit 2: sky130_fd_sc_hd__or2b_2         
-------------------------------------------|-------------------------------------------
VPWR                                       |VPWR                                       
VGND                                       |VGND                                       
VNB                                        |VNB                                        
VPB                                        |VPB                                        
A                                          |A                                          
B_N                                        |B_N                                        
X                                          |X                                          
---------------------------------------------------------------------------------------
Cell pin lists are equivalent.
Device classes sky130_fd_sc_hd__or2b_2 and sky130_fd_sc_hd__or2b_2 are equivalent.

Circuit 2 cell sky130_fd_sc_hd__nand2b_2 is a black box; will not flatten Circuit 1
Class sky130_fd_sc_hd__nand2b_2 (0):  Merged 4 parallel devices.
Warning: Equate pins:  cell sky130_fd_sc_hd__nand2b_2 is a placeholder, treated as a black box.

Subcircuit pins:
Circuit 1: sky130_fd_sc_hd__nand2b_2       |Circuit 2: sky130_fd_sc_hd__nand2b_2       
-------------------------------------------|-------------------------------------------
VNB                                        |VNB                                        
VPB                                        |VPB                                        
VGND                                       |VGND                                       
VPWR                                       |VPWR                                       
A_N                                        |A_N                                        
Y                                          |Y                                          
B                                          |B                                          
---------------------------------------------------------------------------------------
Cell pin lists are equivalent.
Device classes sky130_fd_sc_hd__nand2b_2 and sky130_fd_sc_hd__nand2b_2 are equivalent.

Circuit 2 cell sky130_fd_sc_hd__nand4b_1 is a black box; will not flatten Circuit 1
Warning: Equate pins:  cell sky130_fd_sc_hd__nand4b_1 is a placeholder, treated as a black box.

Subcircuit pins:
Circuit 1: sky130_fd_sc_hd__nand4b_1       |Circuit 2: sky130_fd_sc_hd__nand4b_1       
-------------------------------------------|-------------------------------------------
VPB                                        |VPB                                        
VNB                                        |VNB                                        
VGND                                       |VGND                                       
VPWR                                       |VPWR                                       
Y                                          |Y                                          
C                                          |C                                          
B                                          |B                                          
D                                          |D                                          
A_N                                        |A_N                                        
---------------------------------------------------------------------------------------
Cell pin lists are equivalent.
Device classes sky130_fd_sc_hd__nand4b_1 and sky130_fd_sc_hd__nand4b_1 are equivalent.

Circuit 2 cell sky130_fd_sc_hd__a31o_4 is a black box; will not flatten Circuit 1
Class sky130_fd_sc_hd__a31o_4 (0):  Merged 11 parallel devices.
Warning: Equate pins:  cell sky130_fd_sc_hd__a31o_4 is a placeholder, treated as a black box.

Subcircuit pins:
Circuit 1: sky130_fd_sc_hd__a31o_4         |Circuit 2: sky130_fd_sc_hd__a31o_4         
-------------------------------------------|-------------------------------------------
VNB                                        |VNB                                        
VPB                                        |VPB                                        
VGND                                       |VGND                                       
VPWR                                       |VPWR                                       
X                                          |X                                          
B1                                         |B1                                         
A2                                         |A2                                         
A1                                         |A1                                         
A3                                         |A3                                         
---------------------------------------------------------------------------------------
Cell pin lists are equivalent.
Device classes sky130_fd_sc_hd__a31o_4 and sky130_fd_sc_hd__a31o_4 are equivalent.

Circuit 2 cell sky130_fd_sc_hd__nor3_2 is a black box; will not flatten Circuit 1
Class sky130_fd_sc_hd__nor3_2 (0):  Merged 6 parallel devices.
Warning: Equate pins:  cell sky130_fd_sc_hd__nor3_2 is a placeholder, treated as a black box.

Subcircuit pins:
Circuit 1: sky130_fd_sc_hd__nor3_2         |Circuit 2: sky130_fd_sc_hd__nor3_2         
-------------------------------------------|-------------------------------------------
VPB                                        |VPB                                        
VNB                                        |VNB                                        
VGND                                       |VGND                                       
VPWR                                       |VPWR                                       
A                                          |A                                          
B                                          |B                                          
C                                          |C                                          
Y                                          |Y                                          
---------------------------------------------------------------------------------------
Cell pin lists are equivalent.
Device classes sky130_fd_sc_hd__nor3_2 and sky130_fd_sc_hd__nor3_2 are equivalent.

Circuit 2 cell sky130_fd_sc_hd__nand4_4 is a black box; will not flatten Circuit 1
Class sky130_fd_sc_hd__nand4_4 (0):  Merged 24 parallel devices.
Warning: Equate pins:  cell sky130_fd_sc_hd__nand4_4 is a placeholder, treated as a black box.

Subcircuit pins:
Circuit 1: sky130_fd_sc_hd__nand4_4        |Circuit 2: sky130_fd_sc_hd__nand4_4        
-------------------------------------------|-------------------------------------------
A                                          |A                                          
D                                          |D                                          
C                                          |C                                          
B                                          |B                                          
Y                                          |Y                                          
VPWR                                       |VPWR                                       
VGND                                       |VGND                                       
VPB                                        |VPB                                        
VNB                                        |VNB                                        
---------------------------------------------------------------------------------------
Cell pin lists are equivalent.
Device classes sky130_fd_sc_hd__nand4_4 and sky130_fd_sc_hd__nand4_4 are equivalent.

Circuit 2 cell sky130_fd_sc_hd__and2_4 is a black box; will not flatten Circuit 1
Class sky130_fd_sc_hd__and2_4 (0):  Merged 6 parallel devices.
Warning: Equate pins:  cell sky130_fd_sc_hd__and2_4 is a placeholder, treated as a black box.

Subcircuit pins:
Circuit 1: sky130_fd_sc_hd__and2_4         |Circuit 2: sky130_fd_sc_hd__and2_4         
-------------------------------------------|-------------------------------------------
VNB                                        |VNB                                        
VPB                                        |VPB                                        
VGND                                       |VGND                                       
VPWR                                       |VPWR                                       
A                                          |A                                          
X                                          |X                                          
B                                          |B                                          
---------------------------------------------------------------------------------------
Cell pin lists are equivalent.
Device classes sky130_fd_sc_hd__and2_4 and sky130_fd_sc_hd__and2_4 are equivalent.

Circuit 2 cell sky130_fd_sc_hd__o32ai_4 is a black box; will not flatten Circuit 1
Class sky130_fd_sc_hd__o32ai_4 (0):  Merged 30 parallel devices.
Warning: Equate pins:  cell sky130_fd_sc_hd__o32ai_4 is a placeholder, treated as a black box.

Subcircuit pins:
Circuit 1: sky130_fd_sc_hd__o32ai_4        |Circuit 2: sky130_fd_sc_hd__o32ai_4        
-------------------------------------------|-------------------------------------------
VNB                                        |VNB                                        
VPB                                        |VPB                                        
VGND                                       |VGND                                       
VPWR                                       |VPWR                                       
B2                                         |B2                                         
Y                                          |Y                                          
B1                                         |B1                                         
A3                                         |A3                                         
A2                                         |A2                                         
A1                                         |A1                                         
---------------------------------------------------------------------------------------
Cell pin lists are equivalent.
Device classes sky130_fd_sc_hd__o32ai_4 and sky130_fd_sc_hd__o32ai_4 are equivalent.

Circuit 2 cell sky130_fd_sc_hd__o221a_2 is a black box; will not flatten Circuit 1
Class sky130_fd_sc_hd__o221a_2 (0):  Merged 2 parallel devices.
Warning: Equate pins:  cell sky130_fd_sc_hd__o221a_2 is a placeholder, treated as a black box.

Subcircuit pins:
Circuit 1: sky130_fd_sc_hd__o221a_2        |Circuit 2: sky130_fd_sc_hd__o221a_2        
-------------------------------------------|-------------------------------------------
VPB                                        |VPB                                        
VNB                                        |VNB                                        
VGND                                       |VGND                                       
VPWR                                       |VPWR                                       
B1                                         |B1                                         
B2                                         |B2                                         
A2                                         |A2                                         
A1                                         |A1                                         
X                                          |X                                          
C1                                         |C1                                         
---------------------------------------------------------------------------------------
Cell pin lists are equivalent.
Device classes sky130_fd_sc_hd__o221a_2 and sky130_fd_sc_hd__o221a_2 are equivalent.

Circuit 2 cell sky130_fd_sc_hd__o311a_1 is a black box; will not flatten Circuit 1
Warning: Equate pins:  cell sky130_fd_sc_hd__o311a_1 is a placeholder, treated as a black box.

Subcircuit pins:
Circuit 1: sky130_fd_sc_hd__o311a_1        |Circuit 2: sky130_fd_sc_hd__o311a_1        
-------------------------------------------|-------------------------------------------
X                                          |X                                          
A1                                         |A1                                         
A2                                         |A2                                         
A3                                         |A3                                         
B1                                         |B1                                         
C1                                         |C1                                         
VPB                                        |VPB                                        
VNB                                        |VNB                                        
VGND                                       |VGND                                       
VPWR                                       |VPWR                                       
---------------------------------------------------------------------------------------
Cell pin lists are equivalent.
Device classes sky130_fd_sc_hd__o311a_1 and sky130_fd_sc_hd__o311a_1 are equivalent.

Circuit 2 cell sky130_fd_sc_hd__a22oi_4 is a black box; will not flatten Circuit 1
Class sky130_fd_sc_hd__a22oi_4 (0):  Merged 24 parallel devices.
Warning: Equate pins:  cell sky130_fd_sc_hd__a22oi_4 is a placeholder, treated as a black box.

Subcircuit pins:
Circuit 1: sky130_fd_sc_hd__a22oi_4        |Circuit 2: sky130_fd_sc_hd__a22oi_4        
-------------------------------------------|-------------------------------------------
VNB                                        |VNB                                        
VPB                                        |VPB                                        
VGND                                       |VGND                                       
VPWR                                       |VPWR                                       
A1                                         |A1                                         
A2                                         |A2                                         
B2                                         |B2                                         
Y                                          |Y                                          
B1                                         |B1                                         
---------------------------------------------------------------------------------------
Cell pin lists are equivalent.
Device classes sky130_fd_sc_hd__a22oi_4 and sky130_fd_sc_hd__a22oi_4 are equivalent.

Circuit 2 cell sky130_fd_sc_hd__and3b_2 is a black box; will not flatten Circuit 1
Class sky130_fd_sc_hd__and3b_2 (0):  Merged 2 parallel devices.
Warning: Equate pins:  cell sky130_fd_sc_hd__and3b_2 is a placeholder, treated as a black box.

Subcircuit pins:
Circuit 1: sky130_fd_sc_hd__and3b_2        |Circuit 2: sky130_fd_sc_hd__and3b_2        
-------------------------------------------|-------------------------------------------
VGND                                       |VGND                                       
VPWR                                       |VPWR                                       
VNB                                        |VNB                                        
VPB                                        |VPB                                        
X                                          |X                                          
C                                          |C                                          
B                                          |B                                          
A_N                                        |A_N                                        
---------------------------------------------------------------------------------------
Cell pin lists are equivalent.
Device classes sky130_fd_sc_hd__and3b_2 and sky130_fd_sc_hd__and3b_2 are equivalent.

Circuit 2 cell sky130_fd_sc_hd__o21bai_2 is a black box; will not flatten Circuit 1
Class sky130_fd_sc_hd__o21bai_2 (0):  Merged 6 parallel devices.
Warning: Equate pins:  cell sky130_fd_sc_hd__o21bai_2 is a placeholder, treated as a black box.

Subcircuit pins:
Circuit 1: sky130_fd_sc_hd__o21bai_2       |Circuit 2: sky130_fd_sc_hd__o21bai_2       
-------------------------------------------|-------------------------------------------
VNB                                        |VNB                                        
VPB                                        |VPB                                        
VGND                                       |VGND                                       
VPWR                                       |VPWR                                       
B1_N                                       |B1_N                                       
Y                                          |Y                                          
A2                                         |A2                                         
A1                                         |A1                                         
---------------------------------------------------------------------------------------
Cell pin lists are equivalent.
Device classes sky130_fd_sc_hd__o21bai_2 and sky130_fd_sc_hd__o21bai_2 are equivalent.

Circuit 2 cell sky130_fd_sc_hd__nor3b_4 is a black box; will not flatten Circuit 1
Class sky130_fd_sc_hd__nor3b_4 (0):  Merged 18 parallel devices.
Warning: Equate pins:  cell sky130_fd_sc_hd__nor3b_4 is a placeholder, treated as a black box.

Subcircuit pins:
Circuit 1: sky130_fd_sc_hd__nor3b_4        |Circuit 2: sky130_fd_sc_hd__nor3b_4        
-------------------------------------------|-------------------------------------------
VPB                                        |VPB                                        
VNB                                        |VNB                                        
VGND                                       |VGND                                       
VPWR                                       |VPWR                                       
A                                          |A                                          
C_N                                        |C_N                                        
B                                          |B                                          
Y                                          |Y                                          
---------------------------------------------------------------------------------------
Cell pin lists are equivalent.
Device classes sky130_fd_sc_hd__nor3b_4 and sky130_fd_sc_hd__nor3b_4 are equivalent.

Circuit 2 cell sky130_fd_sc_hd__a31o_2 is a black box; will not flatten Circuit 1
Class sky130_fd_sc_hd__a31o_2 (0):  Merged 2 parallel devices.
Warning: Equate pins:  cell sky130_fd_sc_hd__a31o_2 is a placeholder, treated as a black box.

Subcircuit pins:
Circuit 1: sky130_fd_sc_hd__a31o_2         |Circuit 2: sky130_fd_sc_hd__a31o_2         
-------------------------------------------|-------------------------------------------
VNB                                        |VNB                                        
VPB                                        |VPB                                        
VGND                                       |VGND                                       
VPWR                                       |VPWR                                       
B1                                         |B1                                         
A1                                         |A1                                         
A2                                         |A2                                         
A3                                         |A3                                         
X                                          |X                                          
---------------------------------------------------------------------------------------
Cell pin lists are equivalent.
Device classes sky130_fd_sc_hd__a31o_2 and sky130_fd_sc_hd__a31o_2 are equivalent.

Circuit 2 cell sky130_fd_sc_hd__o31ai_1 is a black box; will not flatten Circuit 1
Warning: Equate pins:  cell sky130_fd_sc_hd__o31ai_1 is a placeholder, treated as a black box.

Subcircuit pins:
Circuit 1: sky130_fd_sc_hd__o31ai_1        |Circuit 2: sky130_fd_sc_hd__o31ai_1        
-------------------------------------------|-------------------------------------------
VPB                                        |VPB                                        
VNB                                        |VNB                                        
A1                                         |A1                                         
A2                                         |A2                                         
A3                                         |A3                                         
Y                                          |Y                                          
B1                                         |B1                                         
VPWR                                       |VPWR                                       
VGND                                       |VGND                                       
---------------------------------------------------------------------------------------
Cell pin lists are equivalent.
Device classes sky130_fd_sc_hd__o31ai_1 and sky130_fd_sc_hd__o31ai_1 are equivalent.

Circuit 2 cell sky130_fd_sc_hd__nand2_4 is a black box; will not flatten Circuit 1
Class sky130_fd_sc_hd__nand2_4 (0):  Merged 12 parallel devices.
Warning: Equate pins:  cell sky130_fd_sc_hd__nand2_4 is a placeholder, treated as a black box.

Subcircuit pins:
Circuit 1: sky130_fd_sc_hd__nand2_4        |Circuit 2: sky130_fd_sc_hd__nand2_4        
-------------------------------------------|-------------------------------------------
VPB                                        |VPB                                        
VNB                                        |VNB                                        
VGND                                       |VGND                                       
VPWR                                       |VPWR                                       
B                                          |B                                          
Y                                          |Y                                          
A                                          |A                                          
---------------------------------------------------------------------------------------
Cell pin lists are equivalent.
Device classes sky130_fd_sc_hd__nand2_4 and sky130_fd_sc_hd__nand2_4 are equivalent.

Circuit 2 cell sky130_fd_sc_hd__dfxtp_1 is a black box; will not flatten Circuit 1
Warning: Equate pins:  cell sky130_fd_sc_hd__dfxtp_1 is a placeholder, treated as a black box.

Subcircuit pins:
Circuit 1: sky130_fd_sc_hd__dfxtp_1        |Circuit 2: sky130_fd_sc_hd__dfxtp_1        
-------------------------------------------|-------------------------------------------
Q                                          |Q                                          
CLK                                        |CLK                                        
D                                          |D                                          
VPB                                        |VPB                                        
VNB                                        |VNB                                        
VPWR                                       |VPWR                                       
VGND                                       |VGND                                       
---------------------------------------------------------------------------------------
Cell pin lists are equivalent.
Device classes sky130_fd_sc_hd__dfxtp_1 and sky130_fd_sc_hd__dfxtp_1 are equivalent.

Circuit 2 cell sky130_fd_sc_hd__a311oi_1 is a black box; will not flatten Circuit 1
Warning: Equate pins:  cell sky130_fd_sc_hd__a311oi_1 is a placeholder, treated as a black box.

Subcircuit pins:
Circuit 1: sky130_fd_sc_hd__a311oi_1       |Circuit 2: sky130_fd_sc_hd__a311oi_1       
-------------------------------------------|-------------------------------------------
VPB                                        |VPB                                        
VNB                                        |VNB                                        
Y                                          |Y                                          
C1                                         |C1                                         
B1                                         |B1                                         
A1                                         |A1                                         
A2                                         |A2                                         
A3                                         |A3                                         
VPWR                                       |VPWR                                       
VGND                                       |VGND                                       
---------------------------------------------------------------------------------------
Cell pin lists are equivalent.
Device classes sky130_fd_sc_hd__a311oi_1 and sky130_fd_sc_hd__a311oi_1 are equivalent.

Circuit 2 cell sky130_fd_sc_hd__nand3_2 is a black box; will not flatten Circuit 1
Class sky130_fd_sc_hd__nand3_2 (0):  Merged 6 parallel devices.
Warning: Equate pins:  cell sky130_fd_sc_hd__nand3_2 is a placeholder, treated as a black box.

Subcircuit pins:
Circuit 1: sky130_fd_sc_hd__nand3_2        |Circuit 2: sky130_fd_sc_hd__nand3_2        
-------------------------------------------|-------------------------------------------
VNB                                        |VNB                                        
VPB                                        |VPB                                        
VGND                                       |VGND                                       
VPWR                                       |VPWR                                       
C                                          |C                                          
A                                          |A                                          
Y                                          |Y                                          
B                                          |B                                          
---------------------------------------------------------------------------------------
Cell pin lists are equivalent.
Device classes sky130_fd_sc_hd__nand3_2 and sky130_fd_sc_hd__nand3_2 are equivalent.

Circuit 2 cell sky130_fd_sc_hd__or4bb_2 is a black box; will not flatten Circuit 1
Class sky130_fd_sc_hd__or4bb_2 (0):  Merged 2 parallel devices.
Warning: Equate pins:  cell sky130_fd_sc_hd__or4bb_2 is a placeholder, treated as a black box.

Subcircuit pins:
Circuit 1: sky130_fd_sc_hd__or4bb_2        |Circuit 2: sky130_fd_sc_hd__or4bb_2        
-------------------------------------------|-------------------------------------------
VPWR                                       |VPWR                                       
VGND                                       |VGND                                       
VPB                                        |VPB                                        
VNB                                        |VNB                                        
B                                          |B                                          
A                                          |A                                          
C_N                                        |C_N                                        
D_N                                        |D_N                                        
X                                          |X                                          
---------------------------------------------------------------------------------------
Cell pin lists are equivalent.
Device classes sky130_fd_sc_hd__or4bb_2 and sky130_fd_sc_hd__or4bb_2 are equivalent.

Circuit 2 cell sky130_fd_sc_hd__or3b_2 is a black box; will not flatten Circuit 1
Class sky130_fd_sc_hd__or3b_2 (0):  Merged 2 parallel devices.
Warning: Equate pins:  cell sky130_fd_sc_hd__or3b_2 is a placeholder, treated as a black box.

Subcircuit pins:
Circuit 1: sky130_fd_sc_hd__or3b_2         |Circuit 2: sky130_fd_sc_hd__or3b_2         
-------------------------------------------|-------------------------------------------
VPWR                                       |VPWR                                       
VGND                                       |VGND                                       
VPB                                        |VPB                                        
VNB                                        |VNB                                        
C_N                                        |C_N                                        
X                                          |X                                          
A                                          |A                                          
B                                          |B                                          
---------------------------------------------------------------------------------------
Cell pin lists are equivalent.
Device classes sky130_fd_sc_hd__or3b_2 and sky130_fd_sc_hd__or3b_2 are equivalent.

Circuit 2 cell sky130_fd_sc_hd__or3_2 is a black box; will not flatten Circuit 1
Class sky130_fd_sc_hd__or3_2 (0):  Merged 2 parallel devices.
Warning: Equate pins:  cell sky130_fd_sc_hd__or3_2 is a placeholder, treated as a black box.

Subcircuit pins:
Circuit 1: sky130_fd_sc_hd__or3_2          |Circuit 2: sky130_fd_sc_hd__or3_2          
-------------------------------------------|-------------------------------------------
VGND                                       |VGND                                       
VPWR                                       |VPWR                                       
VPB                                        |VPB                                        
VNB                                        |VNB                                        
B                                          |B                                          
C                                          |C                                          
A                                          |A                                          
X                                          |X                                          
---------------------------------------------------------------------------------------
Cell pin lists are equivalent.
Device classes sky130_fd_sc_hd__or3_2 and sky130_fd_sc_hd__or3_2 are equivalent.

Circuit 2 cell sky130_fd_sc_hd__or4bb_4 is a black box; will not flatten Circuit 1
Class sky130_fd_sc_hd__or4bb_4 (0):  Merged 6 parallel devices.
Warning: Equate pins:  cell sky130_fd_sc_hd__or4bb_4 is a placeholder, treated as a black box.

Subcircuit pins:
Circuit 1: sky130_fd_sc_hd__or4bb_4        |Circuit 2: sky130_fd_sc_hd__or4bb_4        
-------------------------------------------|-------------------------------------------
VNB                                        |VNB                                        
VPB                                        |VPB                                        
VGND                                       |VGND                                       
VPWR                                       |VPWR                                       
B                                          |B                                          
A                                          |A                                          
X                                          |X                                          
C_N                                        |C_N                                        
D_N                                        |D_N                                        
---------------------------------------------------------------------------------------
Cell pin lists are equivalent.
Device classes sky130_fd_sc_hd__or4bb_4 and sky130_fd_sc_hd__or4bb_4 are equivalent.

Circuit 2 cell sky130_fd_sc_hd__o2111a_1 is a black box; will not flatten Circuit 1
Warning: Equate pins:  cell sky130_fd_sc_hd__o2111a_1 is a placeholder, treated as a black box.

Subcircuit pins:
Circuit 1: sky130_fd_sc_hd__o2111a_1       |Circuit 2: sky130_fd_sc_hd__o2111a_1       
-------------------------------------------|-------------------------------------------
VNB                                        |VNB                                        
VPB                                        |VPB                                        
VPWR                                       |VPWR                                       
VGND                                       |VGND                                       
X                                          |X                                          
D1                                         |D1                                         
C1                                         |C1                                         
B1                                         |B1                                         
A2                                         |A2                                         
A1                                         |A1                                         
---------------------------------------------------------------------------------------
Cell pin lists are equivalent.
Device classes sky130_fd_sc_hd__o2111a_1 and sky130_fd_sc_hd__o2111a_1 are equivalent.

Circuit 2 cell sky130_fd_sc_hd__nor2b_1 is a black box; will not flatten Circuit 1
Warning: Equate pins:  cell sky130_fd_sc_hd__nor2b_1 is a placeholder, treated as a black box.

Subcircuit pins:
Circuit 1: sky130_fd_sc_hd__nor2b_1        |Circuit 2: sky130_fd_sc_hd__nor2b_1        
-------------------------------------------|-------------------------------------------
VPB                                        |VPB                                        
VNB                                        |VNB                                        
VGND                                       |VGND                                       
VPWR                                       |VPWR                                       
B_N                                        |B_N                                        
A                                          |A                                          
Y                                          |Y                                          
---------------------------------------------------------------------------------------
Cell pin lists are equivalent.
Device classes sky130_fd_sc_hd__nor2b_1 and sky130_fd_sc_hd__nor2b_1 are equivalent.

Circuit 2 cell sky130_fd_sc_hd__or4bb_1 is a black box; will not flatten Circuit 1
Warning: Equate pins:  cell sky130_fd_sc_hd__or4bb_1 is a placeholder, treated as a black box.

Subcircuit pins:
Circuit 1: sky130_fd_sc_hd__or4bb_1        |Circuit 2: sky130_fd_sc_hd__or4bb_1        
-------------------------------------------|-------------------------------------------
VPWR                                       |VPWR                                       
VGND                                       |VGND                                       
VPB                                        |VPB                                        
VNB                                        |VNB                                        
B                                          |B                                          
A                                          |A                                          
X                                          |X                                          
D_N                                        |D_N                                        
C_N                                        |C_N                                        
---------------------------------------------------------------------------------------
Cell pin lists are equivalent.
Device classes sky130_fd_sc_hd__or4bb_1 and sky130_fd_sc_hd__or4bb_1 are equivalent.

Circuit 2 cell sky130_fd_sc_hd__nor4_1 is a black box; will not flatten Circuit 1
Warning: Equate pins:  cell sky130_fd_sc_hd__nor4_1 is a placeholder, treated as a black box.

Subcircuit pins:
Circuit 1: sky130_fd_sc_hd__nor4_1         |Circuit 2: sky130_fd_sc_hd__nor4_1         
-------------------------------------------|-------------------------------------------
VPB                                        |VPB                                        
VNB                                        |VNB                                        
VGND                                       |VGND                                       
VPWR                                       |VPWR                                       
Y                                          |Y                                          
D                                          |D                                          
C                                          |C                                          
B                                          |B                                          
A                                          |A                                          
---------------------------------------------------------------------------------------
Cell pin lists are equivalent.
Device classes sky130_fd_sc_hd__nor4_1 and sky130_fd_sc_hd__nor4_1 are equivalent.

Circuit 2 cell sky130_fd_sc_hd__and4bb_2 is a black box; will not flatten Circuit 1
Class sky130_fd_sc_hd__and4bb_2 (0):  Merged 2 parallel devices.
Warning: Equate pins:  cell sky130_fd_sc_hd__and4bb_2 is a placeholder, treated as a black box.

Subcircuit pins:
Circuit 1: sky130_fd_sc_hd__and4bb_2       |Circuit 2: sky130_fd_sc_hd__and4bb_2       
-------------------------------------------|-------------------------------------------
VNB                                        |VNB                                        
VPB                                        |VPB                                        
VGND                                       |VGND                                       
VPWR                                       |VPWR                                       
A_N                                        |A_N                                        
X                                          |X                                          
C                                          |C                                          
D                                          |D                                          
B_N                                        |B_N                                        
---------------------------------------------------------------------------------------
Cell pin lists are equivalent.
Device classes sky130_fd_sc_hd__and4bb_2 and sky130_fd_sc_hd__and4bb_2 are equivalent.

Circuit 2 cell sky130_fd_sc_hd__o21ai_4 is a black box; will not flatten Circuit 1
Class sky130_fd_sc_hd__o21ai_4 (0):  Merged 18 parallel devices.
Warning: Equate pins:  cell sky130_fd_sc_hd__o21ai_4 is a placeholder, treated as a black box.

Subcircuit pins:
Circuit 1: sky130_fd_sc_hd__o21ai_4        |Circuit 2: sky130_fd_sc_hd__o21ai_4        
-------------------------------------------|-------------------------------------------
VNB                                        |VNB                                        
VPB                                        |VPB                                        
VPWR                                       |VPWR                                       
VGND                                       |VGND                                       
B1                                         |B1                                         
Y                                          |Y                                          
A1                                         |A1                                         
A2                                         |A2                                         
---------------------------------------------------------------------------------------
Cell pin lists are equivalent.
Device classes sky130_fd_sc_hd__o21ai_4 and sky130_fd_sc_hd__o21ai_4 are equivalent.

Circuit 2 cell sky130_fd_sc_hd__nand4_1 is a black box; will not flatten Circuit 1
Warning: Equate pins:  cell sky130_fd_sc_hd__nand4_1 is a placeholder, treated as a black box.

Subcircuit pins:
Circuit 1: sky130_fd_sc_hd__nand4_1        |Circuit 2: sky130_fd_sc_hd__nand4_1        
-------------------------------------------|-------------------------------------------
VPB                                        |VPB                                        
VNB                                        |VNB                                        
VPWR                                       |VPWR                                       
VGND                                       |VGND                                       
A                                          |A                                          
C                                          |C                                          
D                                          |D                                          
Y                                          |Y                                          
B                                          |B                                          
---------------------------------------------------------------------------------------
Cell pin lists are equivalent.
Device classes sky130_fd_sc_hd__nand4_1 and sky130_fd_sc_hd__nand4_1 are equivalent.

Circuit 2 cell sky130_fd_sc_hd__o21bai_1 is a black box; will not flatten Circuit 1
Warning: Equate pins:  cell sky130_fd_sc_hd__o21bai_1 is a placeholder, treated as a black box.

Subcircuit pins:
Circuit 1: sky130_fd_sc_hd__o21bai_1       |Circuit 2: sky130_fd_sc_hd__o21bai_1       
-------------------------------------------|-------------------------------------------
VPB                                        |VPB                                        
VNB                                        |VNB                                        
VPWR                                       |VPWR                                       
VGND                                       |VGND                                       
A1                                         |A1                                         
B1_N                                       |B1_N                                       
Y                                          |Y                                          
A2                                         |A2                                         
---------------------------------------------------------------------------------------
Cell pin lists are equivalent.
Device classes sky130_fd_sc_hd__o21bai_1 and sky130_fd_sc_hd__o21bai_1 are equivalent.

Circuit 2 cell sky130_fd_sc_hd__or4b_2 is a black box; will not flatten Circuit 1
Class sky130_fd_sc_hd__or4b_2 (0):  Merged 2 parallel devices.
Warning: Equate pins:  cell sky130_fd_sc_hd__or4b_2 is a placeholder, treated as a black box.

Subcircuit pins:
Circuit 1: sky130_fd_sc_hd__or4b_2         |Circuit 2: sky130_fd_sc_hd__or4b_2         
-------------------------------------------|-------------------------------------------
VPWR                                       |VPWR                                       
VGND                                       |VGND                                       
VPB                                        |VPB                                        
VNB                                        |VNB                                        
C                                          |C                                          
D_N                                        |D_N                                        
X                                          |X                                          
A                                          |A                                          
B                                          |B                                          
---------------------------------------------------------------------------------------
Cell pin lists are equivalent.
Device classes sky130_fd_sc_hd__or4b_2 and sky130_fd_sc_hd__or4b_2 are equivalent.

Circuit 2 cell sky130_fd_sc_hd__o221ai_4 is a black box; will not flatten Circuit 1
Class sky130_fd_sc_hd__o221ai_4 (0):  Merged 30 parallel devices.
Warning: Equate pins:  cell sky130_fd_sc_hd__o221ai_4 is a placeholder, treated as a black box.

Subcircuit pins:
Circuit 1: sky130_fd_sc_hd__o221ai_4       |Circuit 2: sky130_fd_sc_hd__o221ai_4       
-------------------------------------------|-------------------------------------------
VNB                                        |VNB                                        
VPB                                        |VPB                                        
VGND                                       |VGND                                       
VPWR                                       |VPWR                                       
B2                                         |B2                                         
Y                                          |Y                                          
A2                                         |A2                                         
A1                                         |A1                                         
B1                                         |B1                                         
C1                                         |C1                                         
---------------------------------------------------------------------------------------
Cell pin lists are equivalent.
Device classes sky130_fd_sc_hd__o221ai_4 and sky130_fd_sc_hd__o221ai_4 are equivalent.

Circuit 2 cell sky130_fd_sc_hd__a221o_4 is a black box; will not flatten Circuit 1
Class sky130_fd_sc_hd__a221o_4 (0):  Merged 16 parallel devices.
Warning: Equate pins:  cell sky130_fd_sc_hd__a221o_4 is a placeholder, treated as a black box.

Subcircuit pins:
Circuit 1: sky130_fd_sc_hd__a221o_4        |Circuit 2: sky130_fd_sc_hd__a221o_4        
-------------------------------------------|-------------------------------------------
VNB                                        |VNB                                        
VPB                                        |VPB                                        
VPWR                                       |VPWR                                       
VGND                                       |VGND                                       
A2                                         |A2                                         
X                                          |X                                          
A1                                         |A1                                         
C1                                         |C1                                         
B1                                         |B1                                         
B2                                         |B2                                         
---------------------------------------------------------------------------------------
Cell pin lists are equivalent.
Device classes sky130_fd_sc_hd__a221o_4 and sky130_fd_sc_hd__a221o_4 are equivalent.

Circuit 2 cell sky130_fd_sc_hd__a221oi_4 is a black box; will not flatten Circuit 1
Class sky130_fd_sc_hd__a221oi_4 (0):  Merged 30 parallel devices.
Warning: Equate pins:  cell sky130_fd_sc_hd__a221oi_4 is a placeholder, treated as a black box.

Subcircuit pins:
Circuit 1: sky130_fd_sc_hd__a221oi_4       |Circuit 2: sky130_fd_sc_hd__a221oi_4       
-------------------------------------------|-------------------------------------------
VNB                                        |VNB                                        
VPB                                        |VPB                                        
VPWR                                       |VPWR                                       
VGND                                       |VGND                                       
C1                                         |C1                                         
Y                                          |Y                                          
B2                                         |B2                                         
B1                                         |B1                                         
A2                                         |A2                                         
A1                                         |A1                                         
---------------------------------------------------------------------------------------
Cell pin lists are equivalent.
Device classes sky130_fd_sc_hd__a221oi_4 and sky130_fd_sc_hd__a221oi_4 are equivalent.

Circuit 2 cell sky130_fd_sc_hd__o211a_2 is a black box; will not flatten Circuit 1
Class sky130_fd_sc_hd__o211a_2 (0):  Merged 2 parallel devices.
Warning: Equate pins:  cell sky130_fd_sc_hd__o211a_2 is a placeholder, treated as a black box.

Subcircuit pins:
Circuit 1: sky130_fd_sc_hd__o211a_2        |Circuit 2: sky130_fd_sc_hd__o211a_2        
-------------------------------------------|-------------------------------------------
VNB                                        |VNB                                        
VPB                                        |VPB                                        
VPWR                                       |VPWR                                       
VGND                                       |VGND                                       
A2                                         |A2                                         
A1                                         |A1                                         
X                                          |X                                          
C1                                         |C1                                         
B1                                         |B1                                         
---------------------------------------------------------------------------------------
Cell pin lists are equivalent.
Device classes sky130_fd_sc_hd__o211a_2 and sky130_fd_sc_hd__o211a_2 are equivalent.

Circuit 2 cell sky130_fd_sc_hd__a2111oi_1 is a black box; will not flatten Circuit 1
Warning: Equate pins:  cell sky130_fd_sc_hd__a2111oi_1 is a placeholder, treated as a black box.

Subcircuit pins:
Circuit 1: sky130_fd_sc_hd__a2111oi_1      |Circuit 2: sky130_fd_sc_hd__a2111oi_1      
-------------------------------------------|-------------------------------------------
VNB                                        |VNB                                        
VPWR                                       |VPWR                                       
VGND                                       |VGND                                       
VPB                                        |VPB                                        
D1                                         |D1                                         
C1                                         |C1                                         
B1                                         |B1                                         
A1                                         |A1                                         
Y                                          |Y                                          
A2                                         |A2                                         
---------------------------------------------------------------------------------------
Cell pin lists are equivalent.
Device classes sky130_fd_sc_hd__a2111oi_1 and sky130_fd_sc_hd__a2111oi_1 are equivalent.

Circuit 2 cell sky130_fd_sc_hd__o31ai_2 is a black box; will not flatten Circuit 1
Class sky130_fd_sc_hd__o31ai_2 (0):  Merged 8 parallel devices.
Warning: Equate pins:  cell sky130_fd_sc_hd__o31ai_2 is a placeholder, treated as a black box.

Subcircuit pins:
Circuit 1: sky130_fd_sc_hd__o31ai_2        |Circuit 2: sky130_fd_sc_hd__o31ai_2        
-------------------------------------------|-------------------------------------------
VGND                                       |VGND                                       
VPWR                                       |VPWR                                       
VPB                                        |VPB                                        
VNB                                        |VNB                                        
Y                                          |Y                                          
A3                                         |A3                                         
A2                                         |A2                                         
A1                                         |A1                                         
B1                                         |B1                                         
---------------------------------------------------------------------------------------
Cell pin lists are equivalent.
Device classes sky130_fd_sc_hd__o31ai_2 and sky130_fd_sc_hd__o31ai_2 are equivalent.

Circuit 2 cell sky130_fd_sc_hd__o31a_2 is a black box; will not flatten Circuit 1
Class sky130_fd_sc_hd__o31a_2 (0):  Merged 2 parallel devices.
Warning: Equate pins:  cell sky130_fd_sc_hd__o31a_2 is a placeholder, treated as a black box.

Subcircuit pins:
Circuit 1: sky130_fd_sc_hd__o31a_2         |Circuit 2: sky130_fd_sc_hd__o31a_2         
-------------------------------------------|-------------------------------------------
VGND                                       |VGND                                       
VPWR                                       |VPWR                                       
VPB                                        |VPB                                        
VNB                                        |VNB                                        
X                                          |X                                          
A1                                         |A1                                         
A2                                         |A2                                         
A3                                         |A3                                         
B1                                         |B1                                         
---------------------------------------------------------------------------------------
Cell pin lists are equivalent.
Device classes sky130_fd_sc_hd__o31a_2 and sky130_fd_sc_hd__o31a_2 are equivalent.

Circuit 2 cell sky130_fd_sc_hd__a31oi_2 is a black box; will not flatten Circuit 1
Class sky130_fd_sc_hd__a31oi_2 (0):  Merged 8 parallel devices.
Warning: Equate pins:  cell sky130_fd_sc_hd__a31oi_2 is a placeholder, treated as a black box.

Subcircuit pins:
Circuit 1: sky130_fd_sc_hd__a31oi_2        |Circuit 2: sky130_fd_sc_hd__a31oi_2        
-------------------------------------------|-------------------------------------------
VNB                                        |VNB                                        
VPB                                        |VPB                                        
VPWR                                       |VPWR                                       
VGND                                       |VGND                                       
B1                                         |B1                                         
Y                                          |Y                                          
A1                                         |A1                                         
A2                                         |A2                                         
A3                                         |A3                                         
---------------------------------------------------------------------------------------
Cell pin lists are equivalent.
Device classes sky130_fd_sc_hd__a31oi_2 and sky130_fd_sc_hd__a31oi_2 are equivalent.

Circuit 2 cell sky130_fd_sc_hd__and2b_2 is a black box; will not flatten Circuit 1
Class sky130_fd_sc_hd__and2b_2 (0):  Merged 2 parallel devices.
Warning: Equate pins:  cell sky130_fd_sc_hd__and2b_2 is a placeholder, treated as a black box.

Subcircuit pins:
Circuit 1: sky130_fd_sc_hd__and2b_2        |Circuit 2: sky130_fd_sc_hd__and2b_2        
-------------------------------------------|-------------------------------------------
VNB                                        |VNB                                        
VPB                                        |VPB                                        
VPWR                                       |VPWR                                       
VGND                                       |VGND                                       
A_N                                        |A_N                                        
X                                          |X                                          
B                                          |B                                          
---------------------------------------------------------------------------------------
Cell pin lists are equivalent.
Device classes sky130_fd_sc_hd__and2b_2 and sky130_fd_sc_hd__and2b_2 are equivalent.

Circuit 2 cell sky130_fd_sc_hd__and4b_2 is a black box; will not flatten Circuit 1
Class sky130_fd_sc_hd__and4b_2 (0):  Merged 2 parallel devices.
Warning: Equate pins:  cell sky130_fd_sc_hd__and4b_2 is a placeholder, treated as a black box.

Subcircuit pins:
Circuit 1: sky130_fd_sc_hd__and4b_2        |Circuit 2: sky130_fd_sc_hd__and4b_2        
-------------------------------------------|-------------------------------------------
VPWR                                       |VPWR                                       
VGND                                       |VGND                                       
VNB                                        |VNB                                        
VPB                                        |VPB                                        
A_N                                        |A_N                                        
B                                          |B                                          
C                                          |C                                          
D                                          |D                                          
X                                          |X                                          
---------------------------------------------------------------------------------------
Cell pin lists are equivalent.
Device classes sky130_fd_sc_hd__and4b_2 and sky130_fd_sc_hd__and4b_2 are equivalent.

Circuit 2 cell sky130_fd_sc_hd__a221o_2 is a black box; will not flatten Circuit 1
Class sky130_fd_sc_hd__a221o_2 (0):  Merged 2 parallel devices.
Warning: Equate pins:  cell sky130_fd_sc_hd__a221o_2 is a placeholder, treated as a black box.

Subcircuit pins:
Circuit 1: sky130_fd_sc_hd__a221o_2        |Circuit 2: sky130_fd_sc_hd__a221o_2        
-------------------------------------------|-------------------------------------------
VPWR                                       |VPWR                                       
VGND                                       |VGND                                       
VPB                                        |VPB                                        
VNB                                        |VNB                                        
C1                                         |C1                                         
B2                                         |B2                                         
B1                                         |B1                                         
A1                                         |A1                                         
A2                                         |A2                                         
X                                          |X                                          
---------------------------------------------------------------------------------------
Cell pin lists are equivalent.
Device classes sky130_fd_sc_hd__a221o_2 and sky130_fd_sc_hd__a221o_2 are equivalent.

Circuit 2 cell sky130_fd_sc_hd__nor3b_1 is a black box; will not flatten Circuit 1
Warning: Equate pins:  cell sky130_fd_sc_hd__nor3b_1 is a placeholder, treated as a black box.

Subcircuit pins:
Circuit 1: sky130_fd_sc_hd__nor3b_1        |Circuit 2: sky130_fd_sc_hd__nor3b_1        
-------------------------------------------|-------------------------------------------
VPB                                        |VPB                                        
VNB                                        |VNB                                        
VGND                                       |VGND                                       
VPWR                                       |VPWR                                       
C_N                                        |C_N                                        
B                                          |B                                          
Y                                          |Y                                          
A                                          |A                                          
---------------------------------------------------------------------------------------
Cell pin lists are equivalent.
Device classes sky130_fd_sc_hd__nor3b_1 and sky130_fd_sc_hd__nor3b_1 are equivalent.

Circuit 2 cell sky130_fd_sc_hd__dlygate4sd1_1 is a black box; will not flatten Circuit 1
Warning: Equate pins:  cell sky130_fd_sc_hd__dlygate4sd1_1 is a placeholder, treated as a black box.

Subcircuit pins:
Circuit 1: sky130_fd_sc_hd__dlygate4sd1_1  |Circuit 2: sky130_fd_sc_hd__dlygate4sd1_1  
-------------------------------------------|-------------------------------------------
VPWR                                       |VPWR                                       
VGND                                       |VGND                                       
VPB                                        |VPB                                        
VNB                                        |VNB                                        
X                                          |X                                          
A                                          |A                                          
---------------------------------------------------------------------------------------
Cell pin lists are equivalent.
Device classes sky130_fd_sc_hd__dlygate4sd1_1 and sky130_fd_sc_hd__dlygate4sd1_1 are equivalent.

Circuit 2 cell sky130_fd_sc_hd__o221ai_1 is a black box; will not flatten Circuit 1
Warning: Equate pins:  cell sky130_fd_sc_hd__o221ai_1 is a placeholder, treated as a black box.

Subcircuit pins:
Circuit 1: sky130_fd_sc_hd__o221ai_1       |Circuit 2: sky130_fd_sc_hd__o221ai_1       
-------------------------------------------|-------------------------------------------
VPB                                        |VPB                                        
VNB                                        |VNB                                        
VGND                                       |VGND                                       
VPWR                                       |VPWR                                       
A1                                         |A1                                         
A2                                         |A2                                         
Y                                          |Y                                          
B2                                         |B2                                         
C1                                         |C1                                         
B1                                         |B1                                         
---------------------------------------------------------------------------------------
Cell pin lists are equivalent.
Device classes sky130_fd_sc_hd__o221ai_1 and sky130_fd_sc_hd__o221ai_1 are equivalent.

Circuit 2 cell sky130_fd_sc_hd__inv_4 is a black box; will not flatten Circuit 1
Class sky130_fd_sc_hd__inv_4 (0):  Merged 6 parallel devices.
Warning: Equate pins:  cell sky130_fd_sc_hd__inv_4 is a placeholder, treated as a black box.

Subcircuit pins:
Circuit 1: sky130_fd_sc_hd__inv_4          |Circuit 2: sky130_fd_sc_hd__inv_4          
-------------------------------------------|-------------------------------------------
VPB                                        |VPB                                        
VNB                                        |VNB                                        
VPWR                                       |VPWR                                       
VGND                                       |VGND                                       
Y                                          |Y                                          
A                                          |A                                          
---------------------------------------------------------------------------------------
Cell pin lists are equivalent.
Device classes sky130_fd_sc_hd__inv_4 and sky130_fd_sc_hd__inv_4 are equivalent.

Circuit 2 cell sky130_fd_sc_hd__or3b_4 is a black box; will not flatten Circuit 1
Class sky130_fd_sc_hd__or3b_4 (0):  Merged 6 parallel devices.
Warning: Equate pins:  cell sky130_fd_sc_hd__or3b_4 is a placeholder, treated as a black box.

Subcircuit pins:
Circuit 1: sky130_fd_sc_hd__or3b_4         |Circuit 2: sky130_fd_sc_hd__or3b_4         
-------------------------------------------|-------------------------------------------
VNB                                        |VNB                                        
VPB                                        |VPB                                        
VGND                                       |VGND                                       
VPWR                                       |VPWR                                       
C_N                                        |C_N                                        
X                                          |X                                          
A                                          |A                                          
B                                          |B                                          
---------------------------------------------------------------------------------------
Cell pin lists are equivalent.
Device classes sky130_fd_sc_hd__or3b_4 and sky130_fd_sc_hd__or3b_4 are equivalent.

Circuit 2 cell sky130_fd_sc_hd__nor2_8 is a black box; will not flatten Circuit 1
Class sky130_fd_sc_hd__nor2_8 (0):  Merged 28 parallel devices.
Warning: Equate pins:  cell sky130_fd_sc_hd__nor2_8 is a placeholder, treated as a black box.

Subcircuit pins:
Circuit 1: sky130_fd_sc_hd__nor2_8         |Circuit 2: sky130_fd_sc_hd__nor2_8         
-------------------------------------------|-------------------------------------------
VPB                                        |VPB                                        
VNB                                        |VNB                                        
VGND                                       |VGND                                       
VPWR                                       |VPWR                                       
A                                          |A                                          
B                                          |B                                          
Y                                          |Y                                          
---------------------------------------------------------------------------------------
Cell pin lists are equivalent.
Device classes sky130_fd_sc_hd__nor2_8 and sky130_fd_sc_hd__nor2_8 are equivalent.

Circuit 2 cell sky130_fd_sc_hd__a21o_4 is a black box; will not flatten Circuit 1
Class sky130_fd_sc_hd__a21o_4 (0):  Merged 10 parallel devices.
Warning: Equate pins:  cell sky130_fd_sc_hd__a21o_4 is a placeholder, treated as a black box.

Subcircuit pins:
Circuit 1: sky130_fd_sc_hd__a21o_4         |Circuit 2: sky130_fd_sc_hd__a21o_4         
-------------------------------------------|-------------------------------------------
VNB                                        |VNB                                        
VPB                                        |VPB                                        
VGND                                       |VGND                                       
VPWR                                       |VPWR                                       
X                                          |X                                          
B1                                         |B1                                         
A1                                         |A1                                         
A2                                         |A2                                         
---------------------------------------------------------------------------------------
Cell pin lists are equivalent.
Device classes sky130_fd_sc_hd__a21o_4 and sky130_fd_sc_hd__a21o_4 are equivalent.

Circuit 2 cell sky130_fd_sc_hd__nand4b_4 is a black box; will not flatten Circuit 1
Class sky130_fd_sc_hd__nand4b_4 (0):  Merged 24 parallel devices.
Warning: Equate pins:  cell sky130_fd_sc_hd__nand4b_4 is a placeholder, treated as a black box.

Subcircuit pins:
Circuit 1: sky130_fd_sc_hd__nand4b_4       |Circuit 2: sky130_fd_sc_hd__nand4b_4       
-------------------------------------------|-------------------------------------------
VNB                                        |VNB                                        
VPB                                        |VPB                                        
VGND                                       |VGND                                       
VPWR                                       |VPWR                                       
D                                          |D                                          
C                                          |C                                          
B                                          |B                                          
Y                                          |Y                                          
A_N                                        |A_N                                        
---------------------------------------------------------------------------------------
Cell pin lists are equivalent.
Device classes sky130_fd_sc_hd__nand4b_4 and sky130_fd_sc_hd__nand4b_4 are equivalent.

Circuit 2 cell sky130_fd_sc_hd__nor3b_2 is a black box; will not flatten Circuit 1
Class sky130_fd_sc_hd__nor3b_2 (0):  Merged 6 parallel devices.
Warning: Equate pins:  cell sky130_fd_sc_hd__nor3b_2 is a placeholder, treated as a black box.

Subcircuit pins:
Circuit 1: sky130_fd_sc_hd__nor3b_2        |Circuit 2: sky130_fd_sc_hd__nor3b_2        
-------------------------------------------|-------------------------------------------
VPB                                        |VPB                                        
VNB                                        |VNB                                        
VGND                                       |VGND                                       
VPWR                                       |VPWR                                       
A                                          |A                                          
Y                                          |Y                                          
C_N                                        |C_N                                        
B                                          |B                                          
---------------------------------------------------------------------------------------
Cell pin lists are equivalent.
Device classes sky130_fd_sc_hd__nor3b_2 and sky130_fd_sc_hd__nor3b_2 are equivalent.

Circuit 2 cell sky130_fd_sc_hd__nand3b_4 is a black box; will not flatten Circuit 1
Class sky130_fd_sc_hd__nand3b_4 (0):  Merged 18 parallel devices.
Warning: Equate pins:  cell sky130_fd_sc_hd__nand3b_4 is a placeholder, treated as a black box.

Subcircuit pins:
Circuit 1: sky130_fd_sc_hd__nand3b_4       |Circuit 2: sky130_fd_sc_hd__nand3b_4       
-------------------------------------------|-------------------------------------------
VNB                                        |VNB                                        
VPB                                        |VPB                                        
VGND                                       |VGND                                       
VPWR                                       |VPWR                                       
B                                          |B                                          
C                                          |C                                          
A_N                                        |A_N                                        
Y                                          |Y                                          
---------------------------------------------------------------------------------------
Cell pin lists are equivalent.
Device classes sky130_fd_sc_hd__nand3b_4 and sky130_fd_sc_hd__nand3b_4 are equivalent.

Class riscv32_singlecycle_top (0):  Merged 101432 parallel devices.
Class riscv32_singlecycle_top (1):  Merged 101432 parallel devices.
Subcircuit summary:
Circuit 1: riscv32_singlecycle_top         |Circuit 2: riscv32_singlecycle_top         
-------------------------------------------|-------------------------------------------
sky130_ef_sc_hd__decap_12 (77104->1)       |sky130_ef_sc_hd__decap_12 (77104->1)       
sky130_fd_sc_hd__decap_6 (17321->1)        |sky130_fd_sc_hd__decap_6 (17321->1)        
sky130_fd_sc_hd__decap_3 (3631->1)         |sky130_fd_sc_hd__decap_3 (3631->1)         
sky130_fd_sc_hd__decap_4 (1239->1)         |sky130_fd_sc_hd__decap_4 (1239->1)         
sky130_fd_sc_hd__decap_8 (1635->1)         |sky130_fd_sc_hd__decap_8 (1635->1)         
sky130_fd_sc_hd__conb_1 (134)              |sky130_fd_sc_hd__conb_1 (134)              
sky130_fd_sc_hd__a22o_4 (14)               |sky130_fd_sc_hd__a22o_4 (14)               
sky130_fd_sc_hd__diode_2 (555->48)         |sky130_fd_sc_hd__diode_2 (555->48)         
sky130_fd_sc_hd__or2_1 (154)               |sky130_fd_sc_hd__or2_1 (154)               
sky130_fd_sc_hd__mux2_1 (165)              |sky130_fd_sc_hd__mux2_1 (165)              
sky130_fd_sc_hd__o21ai_1 (56)              |sky130_fd_sc_hd__o21ai_1 (56)              
sky130_fd_sc_hd__buf_6 (55)                |sky130_fd_sc_hd__buf_6 (55)                
sky130_fd_sc_hd__clkbuf_1 (175)            |sky130_fd_sc_hd__clkbuf_1 (175)            
sky130_fd_sc_hd__a31o_1 (74)               |sky130_fd_sc_hd__a31o_1 (74)               
sky130_fd_sc_hd__clkbuf_4 (84)             |sky130_fd_sc_hd__clkbuf_4 (84)             
sky130_fd_sc_hd__clkbuf_2 (147)            |sky130_fd_sc_hd__clkbuf_2 (147)            
sky130_fd_sc_hd__a21oi_1 (97)              |sky130_fd_sc_hd__a21oi_1 (97)              
sky130_fd_sc_hd__or4_1 (14)                |sky130_fd_sc_hd__or4_1 (14)                
sky130_fd_sc_hd__a32o_2 (1)                |sky130_fd_sc_hd__a32o_2 (1)                
sky130_fd_sc_hd__a21boi_4 (64)             |sky130_fd_sc_hd__a21boi_4 (64)             
sky130_fd_sc_hd__nand3_1 (20)              |sky130_fd_sc_hd__nand3_1 (20)              
sky130_fd_sc_hd__and4_1 (9)                |sky130_fd_sc_hd__and4_1 (9)                
sky130_fd_sc_hd__buf_4 (232)               |sky130_fd_sc_hd__buf_4 (232)               
sky130_fd_sc_hd__and2_1 (142)              |sky130_fd_sc_hd__and2_1 (142)              
sky130_fd_sc_hd__o21ai_2 (11)              |sky130_fd_sc_hd__o21ai_2 (11)              
sky130_fd_sc_hd__or2b_1 (42)               |sky130_fd_sc_hd__or2b_1 (42)               
sky130_fd_sc_hd__mux4_2 (29)               |sky130_fd_sc_hd__mux4_2 (29)               
sky130_fd_sc_hd__buf_1 (100)               |sky130_fd_sc_hd__buf_1 (100)               
sky130_fd_sc_hd__nand2_8 (1)               |sky130_fd_sc_hd__nand2_8 (1)               
sky130_fd_sc_hd__nand2_1 (223)             |sky130_fd_sc_hd__nand2_1 (223)             
sky130_fd_sc_hd__inv_2 (71)                |sky130_fd_sc_hd__inv_2 (71)                
sky130_fd_sc_hd__o221a_1 (19)              |sky130_fd_sc_hd__o221a_1 (19)              
sky130_fd_sc_hd__a211o_4 (33)              |sky130_fd_sc_hd__a211o_4 (33)              
sky130_fd_sc_hd__buf_2 (50)                |sky130_fd_sc_hd__buf_2 (50)                
sky130_fd_sc_hd__o21a_1 (56)               |sky130_fd_sc_hd__o21a_1 (56)               
sky130_fd_sc_hd__xor2_1 (43)               |sky130_fd_sc_hd__xor2_1 (43)               
sky130_fd_sc_hd__xnor2_2 (13)              |sky130_fd_sc_hd__xnor2_2 (13)              
sky130_fd_sc_hd__a211o_2 (9)               |sky130_fd_sc_hd__a211o_2 (9)               
sky130_fd_sc_hd__a21o_1 (99)               |sky130_fd_sc_hd__a21o_1 (99)               
sky130_fd_sc_hd__nor2_1 (178)              |sky130_fd_sc_hd__nor2_1 (178)              
sky130_fd_sc_hd__o211a_1 (33)              |sky130_fd_sc_hd__o211a_1 (33)              
sky130_fd_sc_hd__and2b_1 (32)              |sky130_fd_sc_hd__and2b_1 (32)              
sky130_fd_sc_hd__o211ai_4 (5)              |sky130_fd_sc_hd__o211ai_4 (5)              
sky130_fd_sc_hd__xnor2_1 (76)              |sky130_fd_sc_hd__xnor2_1 (76)              
sky130_fd_sc_hd__clkbuf_8 (37)             |sky130_fd_sc_hd__clkbuf_8 (37)             
sky130_fd_sc_hd__buf_8 (32)                |sky130_fd_sc_hd__buf_8 (32)                
sky130_fd_sc_hd__or3_1 (27)                |sky130_fd_sc_hd__or3_1 (27)                
sky130_fd_sc_hd__or2_2 (15)                |sky130_fd_sc_hd__or2_2 (15)                
sky130_fd_sc_hd__a22o_1 (71)               |sky130_fd_sc_hd__a22o_1 (71)               
sky130_fd_sc_hd__mux2_2 (11)               |sky130_fd_sc_hd__mux2_2 (11)               
sky130_fd_sc_hd__a221o_1 (12)              |sky130_fd_sc_hd__a221o_1 (12)              
sky130_fd_sc_hd__and4b_1 (3)               |sky130_fd_sc_hd__and4b_1 (3)               
sky130_fd_sc_hd__nor2_2 (20)               |sky130_fd_sc_hd__nor2_2 (20)               
sky130_fd_sc_hd__a22o_2 (20)               |sky130_fd_sc_hd__a22o_2 (20)               
sky130_fd_sc_hd__nand2_2 (44)              |sky130_fd_sc_hd__nand2_2 (44)              
sky130_fd_sc_hd__and4bb_1 (7)              |sky130_fd_sc_hd__and4bb_1 (7)              
sky130_fd_sc_hd__and4_2 (5)                |sky130_fd_sc_hd__and4_2 (5)                
sky130_fd_sc_hd__dlymetal6s2s_1 (11)       |sky130_fd_sc_hd__dlymetal6s2s_1 (11)       
sky130_fd_sc_hd__xor2_4 (5)                |sky130_fd_sc_hd__xor2_4 (5)                
sky130_fd_sc_hd__clkbuf_16 (10)            |sky130_fd_sc_hd__clkbuf_16 (10)            
sky130_fd_sc_hd__o31ai_4 (2)               |sky130_fd_sc_hd__o31ai_4 (2)               
sky130_fd_sc_hd__or3b_1 (12)               |sky130_fd_sc_hd__or3b_1 (12)               
sky130_fd_sc_hd__a311o_2 (3)               |sky130_fd_sc_hd__a311o_2 (3)               
sky130_fd_sc_hd__a2bb2o_2 (2)              |sky130_fd_sc_hd__a2bb2o_2 (2)              
sky130_fd_sc_hd__a211o_1 (30)              |sky130_fd_sc_hd__a211o_1 (30)              
sky130_fd_sc_hd__mux2_4 (9)                |sky130_fd_sc_hd__mux2_4 (9)                
sky130_fd_sc_hd__or3_4 (4)                 |sky130_fd_sc_hd__or3_4 (4)                 
sky130_fd_sc_hd__mux4_1 (50)               |sky130_fd_sc_hd__mux4_1 (50)               
sky130_fd_sc_hd__a21oi_2 (15)              |sky130_fd_sc_hd__a21oi_2 (15)              
sky130_fd_sc_hd__xor2_2 (12)               |sky130_fd_sc_hd__xor2_2 (12)               
sky130_fd_sc_hd__and3_1 (35)               |sky130_fd_sc_hd__and3_1 (35)               
sky130_fd_sc_hd__o21ba_1 (10)              |sky130_fd_sc_hd__o21ba_1 (10)              
sky130_fd_sc_hd__or4b_1 (6)                |sky130_fd_sc_hd__or4b_1 (6)                
sky130_fd_sc_hd__a21oi_4 (6)               |sky130_fd_sc_hd__a21oi_4 (6)               
sky130_fd_sc_hd__a211oi_2 (3)              |sky130_fd_sc_hd__a211oi_2 (3)              
sky130_fd_sc_hd__o22a_1 (16)               |sky130_fd_sc_hd__o22a_1 (16)               
sky130_fd_sc_hd__o22ai_1 (1)               |sky130_fd_sc_hd__o22ai_1 (1)               
sky130_fd_sc_hd__nor2_4 (9)                |sky130_fd_sc_hd__nor2_4 (9)                
sky130_fd_sc_hd__o41a_1 (6)                |sky130_fd_sc_hd__o41a_1 (6)                
sky130_fd_sc_hd__a2bb2o_1 (8)              |sky130_fd_sc_hd__a2bb2o_1 (8)              
sky130_fd_sc_hd__o21a_2 (6)                |sky130_fd_sc_hd__o21a_2 (6)                
sky130_fd_sc_hd__o2111ai_4 (3)             |sky130_fd_sc_hd__o2111ai_4 (3)             
sky130_fd_sc_hd__o2111ai_1 (2)             |sky130_fd_sc_hd__o2111ai_1 (2)             
sky130_fd_sc_hd__o32a_1 (3)                |sky130_fd_sc_hd__o32a_1 (3)                
sky130_fd_sc_hd__a41o_1 (1)                |sky130_fd_sc_hd__a41o_1 (1)                
sky130_fd_sc_hd__and2_2 (14)               |sky130_fd_sc_hd__and2_2 (14)               
sky130_fd_sc_hd__o31a_1 (8)                |sky130_fd_sc_hd__o31a_1 (8)                
sky130_fd_sc_hd__o22a_2 (2)                |sky130_fd_sc_hd__o22a_2 (2)                
sky130_fd_sc_hd__and3b_1 (8)               |sky130_fd_sc_hd__and3b_1 (8)               
sky130_fd_sc_hd__a22oi_1 (3)               |sky130_fd_sc_hd__a22oi_1 (3)               
sky130_fd_sc_hd__a311o_1 (6)               |sky130_fd_sc_hd__a311o_1 (6)               
sky130_fd_sc_hd__nor3_1 (6)                |sky130_fd_sc_hd__nor3_1 (6)                
sky130_fd_sc_hd__o2bb2a_1 (11)             |sky130_fd_sc_hd__o2bb2a_1 (11)             
sky130_fd_sc_hd__nor4_2 (1)                |sky130_fd_sc_hd__nor4_2 (1)                
sky130_fd_sc_hd__nor4b_1 (2)               |sky130_fd_sc_hd__nor4b_1 (2)               
sky130_fd_sc_hd__a21boi_2 (4)              |sky130_fd_sc_hd__a21boi_2 (4)              
sky130_fd_sc_hd__and3_2 (4)                |sky130_fd_sc_hd__and3_2 (4)                
sky130_fd_sc_hd__a21o_2 (3)                |sky130_fd_sc_hd__a21o_2 (3)                
sky130_fd_sc_hd__o211ai_2 (2)              |sky130_fd_sc_hd__o211ai_2 (2)              
sky130_fd_sc_hd__o2bb2a_2 (2)              |sky130_fd_sc_hd__o2bb2a_2 (2)              
sky130_fd_sc_hd__or4_4 (6)                 |sky130_fd_sc_hd__or4_4 (6)                 
sky130_fd_sc_hd__a32o_1 (3)                |sky130_fd_sc_hd__a32o_1 (3)                
sky130_fd_sc_hd__a211oi_1 (3)              |sky130_fd_sc_hd__a211oi_1 (3)              
sky130_fd_sc_hd__a31oi_1 (3)               |sky130_fd_sc_hd__a31oi_1 (3)               
sky130_fd_sc_hd__buf_12 (8)                |sky130_fd_sc_hd__buf_12 (8)                
sky130_fd_sc_hd__a2111o_1 (4)              |sky130_fd_sc_hd__a2111o_1 (4)              
sky130_fd_sc_hd__dfxtp_4 (28)              |sky130_fd_sc_hd__dfxtp_4 (28)              
sky130_fd_sc_hd__o211ai_1 (1)              |sky130_fd_sc_hd__o211ai_1 (1)              
sky130_fd_sc_hd__a21bo_1 (12)              |sky130_fd_sc_hd__a21bo_1 (12)              
sky130_fd_sc_hd__o21ba_2 (2)               |sky130_fd_sc_hd__o21ba_2 (2)               
sky130_fd_sc_hd__a21boi_1 (8)              |sky130_fd_sc_hd__a21boi_1 (8)              
sky130_fd_sc_hd__xnor2_4 (4)               |sky130_fd_sc_hd__xnor2_4 (4)               
sky130_fd_sc_hd__or2_4 (2)                 |sky130_fd_sc_hd__or2_4 (2)                 
sky130_fd_sc_hd__or4_2 (2)                 |sky130_fd_sc_hd__or4_2 (2)                 
sky130_fd_sc_hd__or2b_2 (1)                |sky130_fd_sc_hd__or2b_2 (1)                
sky130_fd_sc_hd__nand2b_2 (3)              |sky130_fd_sc_hd__nand2b_2 (3)              
sky130_fd_sc_hd__nand4b_1 (2)              |sky130_fd_sc_hd__nand4b_1 (2)              
sky130_fd_sc_hd__a31o_4 (2)                |sky130_fd_sc_hd__a31o_4 (2)                
sky130_fd_sc_hd__nor3_2 (5)                |sky130_fd_sc_hd__nor3_2 (5)                
sky130_fd_sc_hd__nand4_4 (2)               |sky130_fd_sc_hd__nand4_4 (2)               
sky130_fd_sc_hd__and2_4 (2)                |sky130_fd_sc_hd__and2_4 (2)                
sky130_fd_sc_hd__o32ai_4 (1)               |sky130_fd_sc_hd__o32ai_4 (1)               
sky130_fd_sc_hd__o221a_2 (1)               |sky130_fd_sc_hd__o221a_2 (1)               
sky130_fd_sc_hd__o311a_1 (3)               |sky130_fd_sc_hd__o311a_1 (3)               
sky130_fd_sc_hd__a22oi_4 (2)               |sky130_fd_sc_hd__a22oi_4 (2)               
sky130_fd_sc_hd__and3b_2 (1)               |sky130_fd_sc_hd__and3b_2 (1)               
sky130_fd_sc_hd__o21bai_2 (1)              |sky130_fd_sc_hd__o21bai_2 (1)              
sky130_fd_sc_hd__nor3b_4 (3)               |sky130_fd_sc_hd__nor3b_4 (3)               
sky130_fd_sc_hd__a31o_2 (7)                |sky130_fd_sc_hd__a31o_2 (7)                
sky130_fd_sc_hd__o31ai_1 (3)               |sky130_fd_sc_hd__o31ai_1 (3)               
sky130_fd_sc_hd__nand2_4 (1)               |sky130_fd_sc_hd__nand2_4 (1)               
sky130_fd_sc_hd__dfxtp_1 (4)               |sky130_fd_sc_hd__dfxtp_1 (4)               
sky130_fd_sc_hd__a311oi_1 (1)              |sky130_fd_sc_hd__a311oi_1 (1)              
sky130_fd_sc_hd__nand3_2 (2)               |sky130_fd_sc_hd__nand3_2 (2)               
sky130_fd_sc_hd__or4bb_2 (1)               |sky130_fd_sc_hd__or4bb_2 (1)               
sky130_fd_sc_hd__or3b_2 (1)                |sky130_fd_sc_hd__or3b_2 (1)                
sky130_fd_sc_hd__or3_2 (2)                 |sky130_fd_sc_hd__or3_2 (2)                 
sky130_fd_sc_hd__or4bb_4 (4)               |sky130_fd_sc_hd__or4bb_4 (4)               
sky130_fd_sc_hd__o2111a_1 (2)              |sky130_fd_sc_hd__o2111a_1 (2)              
sky130_fd_sc_hd__nor2b_1 (1)               |sky130_fd_sc_hd__nor2b_1 (1)               
sky130_fd_sc_hd__or4bb_1 (1)               |sky130_fd_sc_hd__or4bb_1 (1)               
sky130_fd_sc_hd__nor4_1 (1)                |sky130_fd_sc_hd__nor4_1 (1)                
sky130_fd_sc_hd__and4bb_2 (2)              |sky130_fd_sc_hd__and4bb_2 (2)              
sky130_fd_sc_hd__o21ai_4 (3)               |sky130_fd_sc_hd__o21ai_4 (3)               
sky130_fd_sc_hd__nand4_1 (3)               |sky130_fd_sc_hd__nand4_1 (3)               
sky130_fd_sc_hd__o21bai_1 (4)              |sky130_fd_sc_hd__o21bai_1 (4)              
sky130_fd_sc_hd__or4b_2 (2)                |sky130_fd_sc_hd__or4b_2 (2)                
sky130_fd_sc_hd__o221ai_4 (2)              |sky130_fd_sc_hd__o221ai_4 (2)              
sky130_fd_sc_hd__a221o_4 (1)               |sky130_fd_sc_hd__a221o_4 (1)               
sky130_fd_sc_hd__a221oi_4 (1)              |sky130_fd_sc_hd__a221oi_4 (1)              
sky130_fd_sc_hd__o211a_2 (3)               |sky130_fd_sc_hd__o211a_2 (3)               
sky130_fd_sc_hd__a2111oi_1 (1)             |sky130_fd_sc_hd__a2111oi_1 (1)             
sky130_fd_sc_hd__o31ai_2 (3)               |sky130_fd_sc_hd__o31ai_2 (3)               
sky130_fd_sc_hd__o31a_2 (2)                |sky130_fd_sc_hd__o31a_2 (2)                
sky130_fd_sc_hd__a31oi_2 (2)               |sky130_fd_sc_hd__a31oi_2 (2)               
sky130_fd_sc_hd__and2b_2 (2)               |sky130_fd_sc_hd__and2b_2 (2)               
sky130_fd_sc_hd__and4b_2 (1)               |sky130_fd_sc_hd__and4b_2 (1)               
sky130_fd_sc_hd__a221o_2 (2)               |sky130_fd_sc_hd__a221o_2 (2)               
sky130_fd_sc_hd__nor3b_1 (1)               |sky130_fd_sc_hd__nor3b_1 (1)               
sky130_fd_sc_hd__dlygate4sd1_1 (1)         |sky130_fd_sc_hd__dlygate4sd1_1 (1)         
sky130_fd_sc_hd__o221ai_1 (1)              |sky130_fd_sc_hd__o221ai_1 (1)              
sky130_fd_sc_hd__inv_4 (1)                 |sky130_fd_sc_hd__inv_4 (1)                 
sky130_fd_sc_hd__or3b_4 (1)                |sky130_fd_sc_hd__or3b_4 (1)                
sky130_fd_sc_hd__nor2_8 (2)                |sky130_fd_sc_hd__nor2_8 (2)                
sky130_fd_sc_hd__a21o_4 (1)                |sky130_fd_sc_hd__a21o_4 (1)                
sky130_fd_sc_hd__nand4b_4 (1)              |sky130_fd_sc_hd__nand4b_4 (1)              
sky130_fd_sc_hd__nor3b_2 (1)               |sky130_fd_sc_hd__nor3b_2 (1)               
sky130_fd_sc_hd__nand3b_4 (1)              |sky130_fd_sc_hd__nand3b_4 (1)              
Number of devices: 3664                    |Number of devices: 3664                    
Number of nets: 3877                       |Number of nets: 3877                       
---------------------------------------------------------------------------------------
Resolving symmetries by property value.
Resolving symmetries by pin name.
Netlists match uniquely.

Subcircuit pins:
Circuit 1: riscv32_singlecycle_top         |Circuit 2: riscv32_singlecycle_top         
-------------------------------------------|-------------------------------------------
rst_n                                      |rst_n                                      
dbg_instr[22]                              |dbg_instr[22]                              
dbg_instr[23]                              |dbg_instr[23]                              
dbg_instr[3]                               |dbg_instr[3]                               
dbg_instr[29]                              |dbg_instr[29]                              
dbg_instr[17]                              |dbg_instr[17]                              
dbg_instr[14]                              |dbg_instr[14]                              
dbg_wb_data[14]                            |dbg_wb_data[14]                            
dbg_wb_data[24]                            |dbg_wb_data[24]                            
dbg_pc_current[12]                         |dbg_pc_current[12]                         
dbg_pc_current[0]                          |dbg_pc_current[0]                          
dbg_instr[13]                              |dbg_instr[13]                              
dbg_instr[12]                              |dbg_instr[12]                              
dbg_instr[30]                              |dbg_instr[30]                              
dbg_instr[27]                              |dbg_instr[27]                              
dbg_instr[7]                               |dbg_instr[7]                               
dbg_instr[25]                              |dbg_instr[25]                              
dbg_instr[26]                              |dbg_instr[26]                              
dbg_pc_current[7]                          |dbg_pc_current[7]                          
dbg_wb_data[26]                            |dbg_wb_data[26]                            
dbg_pc_current[6]                          |dbg_pc_current[6]                          
dbg_pc_current[25]                         |dbg_pc_current[25]                         
dbg_pc_current[15]                         |dbg_pc_current[15]                         
dbg_pc_current[24]                         |dbg_pc_current[24]                         
dbg_pc_current[14]                         |dbg_pc_current[14]                         
dbg_pc_current[13]                         |dbg_pc_current[13]                         
dbg_pc_current[16]                         |dbg_pc_current[16]                         
dbg_pc_current[5]                          |dbg_pc_current[5]                          
dbg_pc_current[3]                          |dbg_pc_current[3]                          
dbg_pc_current[21]                         |dbg_pc_current[21]                         
dbg_pc_current[4]                          |dbg_pc_current[4]                          
dbg_pc_current[11]                         |dbg_pc_current[11]                         
dbg_pc_current[26]                         |dbg_pc_current[26]                         
dbg_pc_current[30]                         |dbg_pc_current[30]                         
dbg_pc_current[20]                         |dbg_pc_current[20]                         
dbg_pc_current[10]                         |dbg_pc_current[10]                         
dbg_pc_current[2]                          |dbg_pc_current[2]                          
dbg_pc_current[1]                          |dbg_pc_current[1]                          
dbg_pc_current[22]                         |dbg_pc_current[22]                         
dbg_instr[19]                              |dbg_instr[19]                              
dbg_instr[1]                               |dbg_instr[1]                               
dbg_instr[16]                              |dbg_instr[16]                              
dbg_instr[18]                              |dbg_instr[18]                              
dbg_instr[2]                               |dbg_instr[2]                               
dbg_wb_data[30]                            |dbg_wb_data[30]                            
dbg_wb_data[23]                            |dbg_wb_data[23]                            
dbg_wb_data[29]                            |dbg_wb_data[29]                            
dbg_wb_data[31]                            |dbg_wb_data[31]                            
dbg_pc_current[9]                          |dbg_pc_current[9]                          
dbg_pc_current[28]                         |dbg_pc_current[28]                         
dbg_pc_current[29]                         |dbg_pc_current[29]                         
dbg_pc_current[18]                         |dbg_pc_current[18]                         
dbg_instr[0]                               |dbg_instr[0]                               
dbg_instr[15]                              |dbg_instr[15]                              
dbg_wb_data[17]                            |dbg_wb_data[17]                            
dbg_wb_data[16]                            |dbg_wb_data[16]                            
dbg_wb_data[13]                            |dbg_wb_data[13]                            
dbg_wb_data[12]                            |dbg_wb_data[12]                            
dbg_wb_data[19]                            |dbg_wb_data[19]                            
dbg_wb_data[22]                            |dbg_wb_data[22]                            
dbg_wb_data[3]                             |dbg_wb_data[3]                             
dbg_wb_data[4]                             |dbg_wb_data[4]                             
dbg_wb_data[11]                            |dbg_wb_data[11]                            
dbg_wb_data[10]                            |dbg_wb_data[10]                            
dbg_wb_data[2]                             |dbg_wb_data[2]                             
dbg_wb_data[1]                             |dbg_wb_data[1]                             
dbg_wb_data[0]                             |dbg_wb_data[0]                             
dbg_wb_data[5]                             |dbg_wb_data[5]                             
dbg_wb_data[6]                             |dbg_wb_data[6]                             
dbg_wb_data[7]                             |dbg_wb_data[7]                             
dbg_wb_data[9]                             |dbg_wb_data[9]                             
dbg_wb_data[25]                            |dbg_wb_data[25]                            
dbg_wb_data[27]                            |dbg_wb_data[27]                            
dbg_wb_data[28]                            |dbg_wb_data[28]                            
dbg_wb_data[15]                            |dbg_wb_data[15]                            
dbg_wb_data[20]                            |dbg_wb_data[20]                            
dbg_wb_data[18]                            |dbg_wb_data[18]                            
dbg_wb_data[8]                             |dbg_wb_data[8]                             
dbg_pc_current[23]                         |dbg_pc_current[23]                         
dbg_pc_current[8]                          |dbg_pc_current[8]                          
dbg_pc_current[27]                         |dbg_pc_current[27]                         
dbg_pc_current[17]                         |dbg_pc_current[17]                         
dbg_instr[11]                              |dbg_instr[11]                              
dbg_instr[10]                              |dbg_instr[10]                              
dbg_instr[24]                              |dbg_instr[24]                              
dbg_instr[4]                               |dbg_instr[4]                               
dbg_instr[5]                               |dbg_instr[5]                               
dbg_instr[6]                               |dbg_instr[6]                               
dbg_instr[31]                              |dbg_instr[31]                              
dbg_instr[21]                              |dbg_instr[21]                              
dbg_pc_current[31]                         |dbg_pc_current[31]                         
dbg_instr[20]                              |dbg_instr[20]                              
dbg_wb_data[21]                            |dbg_wb_data[21]                            
dbg_pc_current[19]                         |dbg_pc_current[19]                         
dbg_instr[9]                               |dbg_instr[9]                               
dbg_instr[28]                              |dbg_instr[28]                              
dbg_instr[8]                               |dbg_instr[8]                               
clk                                        |clk                                        
VGND                                       |VGND                                       
VPWR                                       |VPWR                                       
---------------------------------------------------------------------------------------
Cell pin lists are equivalent.
Device classes riscv32_singlecycle_top and riscv32_singlecycle_top are equivalent.

Final result: Circuits match uniquely.
.
