OpenROAD 41a51eaf4ca2171c92ff38afb91eb37bbd3f36da 
This program is licensed under the BSD-3 license. See the LICENSE file for details.
Components of this program may be licensed under more restrictive licenses which must be honored.
[INFO]: Reading ODB at '/home/prabhat/Work_Ubuntu/RV32I_Single-Cycle_32-bit_RISC-V_Processor/openlane/riscv32_singlecycle_top/runs/rv32i_macro_GDS_flow/results/routing/riscv32_singlecycle_top.odb'…
define_corners Typical
read_liberty -corner Typical /home/prabhat/.ciel/sky130A/libs.ref/sky130_fd_sc_hd/lib/sky130_fd_sc_hd__tt_025C_1v80.lib
read_liberty -corner Typical /home/prabhat/.ciel/sky130A/libs.ref/sky130_sram_macros/lib/sky130_sram_1kbyte_1rw1r_32x256_8_TT_1p8V_25C.lib
Using 1e-12 for capacitance...
Using 1e+03 for resistance...
Using 1e-09 for time...
Using 1e+00 for voltage...
Using 1e-03 for current...
Using 1e-09 for power...
Using 1e-06 for distance...
Reading design constraints file at '/home/prabhat/Work_Ubuntu/RV32I_Single-Cycle_32-bit_RISC-V_Processor/openlane/riscv32_singlecycle_top/runs/rv32i_macro_GDS_flow/tmp/cts/15-riscv32_singlecycle_top.resized.sdc'…
Net: u_alu._0402_
  Pin: u_alu._2153_/S (sky130_fd_sc_hd__mux2_1)
    Layer: met2
      Partial area ratio:   11.96
      Required ratio:    0.00 (Gate area) 
      Partial area ratio:   60.58
      Required ratio: 2956.40 (Side area) 
      Cumulative area ratio:   13.84
      Required ratio:    0.00 (Cumulative area) 
      Cumulative area ratio:   70.75
      Required ratio:    0.00 (Cumulative side area) 

    Layer: met1
      Partial area ratio:    1.88
      Required ratio:    0.00 (Gate area) 
      Partial area ratio:   10.17
      Required ratio:  400.00 (Side area) 
      Cumulative area ratio:    1.88
      Required ratio:    0.00 (Cumulative area) 
      Cumulative area ratio:   10.17
      Required ratio:    0.00 (Cumulative side area) 

    Layer: li1
      Partial area ratio:    0.00
      Required ratio:    0.00 (Gate area) 
      Partial area ratio:    0.00
      Required ratio:   75.00 (Side area) 
      Cumulative area ratio:    0.00
      Required ratio:    0.00 (Cumulative area) 
      Cumulative area ratio:    0.00
      Required ratio:    0.00 (Cumulative side area) 

    Via: M1M2_PR
      Partial area ratio:    0.09
      Required ratio:    6.00 (Gate area) 
      Cumulative area ratio:    0.20
      Required ratio:    0.00 (Cumulative area) 

    Via: L1M1_PR
      Partial area ratio:    0.11
      Required ratio:    3.00 (Gate area) 
      Cumulative area ratio:    0.11
      Required ratio:    0.00 (Cumulative area) 

  Pin: u_alu._1288_/B (sky130_fd_sc_hd__nor2_4)
    Layer: met3
      Partial area ratio:    0.36
      Required ratio:    0.00 (Gate area) 
      Partial area ratio:    2.04
      Required ratio: 2956.40 (Side area) 
      Cumulative area ratio:  124.00
      Required ratio:    0.00 (Cumulative area) 
      Cumulative area ratio:  624.62
      Required ratio:    0.00 (Cumulative side area) 

    Layer: met2
      Partial area ratio:    4.53
      Required ratio:    0.00 (Gate area) 
      Partial area ratio:   23.02
      Required ratio:  400.00 (Side area) 
      Cumulative area ratio:  123.64
      Required ratio:    0.00 (Cumulative area) 
      Cumulative area ratio:  622.58
      Required ratio:    0.00 (Cumulative side area) 

    Layer: met1
      Partial area ratio:    0.67
      Required ratio:    0.00 (Gate area) 
      Partial area ratio:    3.45
      Required ratio:  400.00 (Side area) 
      Cumulative area ratio:    0.67
      Required ratio:    0.00 (Cumulative area) 
      Cumulative area ratio:    3.45
      Required ratio:    0.00 (Cumulative side area) 

    Layer: li1
      Partial area ratio:    0.00
      Required ratio:    0.00 (Gate area) 
      Partial area ratio:    0.00
      Required ratio:   75.00 (Side area) 
      Cumulative area ratio:    0.00
      Required ratio:    0.00 (Cumulative area) 
      Cumulative area ratio:    0.00
      Required ratio:    0.00 (Cumulative side area) 

    Via: M2M3_PR
      Partial area ratio:    0.01
      Required ratio:    6.00 (Gate area) 
      Cumulative area ratio:    0.42
      Required ratio:    0.00 (Cumulative area) 

    Via: M1M2_PR
      Partial area ratio:    0.02
      Required ratio:    6.00 (Gate area) 
      Cumulative area ratio:    0.05
      Required ratio:    0.00 (Cumulative area) 

    Via: L1M1_PR
      Partial area ratio:    0.03
      Required ratio:    3.00 (Gate area) 
      Cumulative area ratio:    0.03
      Required ratio:    0.00 (Cumulative area) 

  Pin: u_alu._1582_/A2 (sky130_fd_sc_hd__a31o_1)
    Layer: met3
      Partial area ratio:    0.36
      Required ratio:    0.00 (Gate area) 
      Partial area ratio:    2.04
      Required ratio: 2956.40 (Side area) 
      Cumulative area ratio:  123.33
      Required ratio:    0.00 (Cumulative area) 
      Cumulative area ratio:  621.17
      Required ratio:    0.00 (Cumulative side area) 

    Layer: met2
      Partial area ratio:    4.53
      Required ratio:    0.00 (Gate area) 
      Partial area ratio:   23.02
      Required ratio:  400.00 (Side area) 
      Cumulative area ratio:  122.97
      Required ratio:    0.00 (Cumulative area) 
      Cumulative area ratio:  619.13
      Required ratio:    0.00 (Cumulative side area) 

    Layer: met1
      Partial area ratio:    0.00
      Required ratio:    0.00 (Gate area) 
      Partial area ratio:    0.00
      Required ratio:  400.00 (Side area) 
      Cumulative area ratio:    0.00
      Required ratio:    0.00 (Cumulative area) 
      Cumulative area ratio:    0.00
      Required ratio:    0.00 (Cumulative side area) 

    Layer: li1
      Partial area ratio:    0.00
      Required ratio:    0.00 (Gate area) 
      Partial area ratio:    0.00
      Required ratio:   75.00 (Side area) 
      Cumulative area ratio:    0.00
      Required ratio:    0.00 (Cumulative area) 
      Cumulative area ratio:    0.00
      Required ratio:    0.00 (Cumulative side area) 

    Via: M2M3_PR
      Partial area ratio:    0.01
      Required ratio:    6.00 (Gate area) 
      Cumulative area ratio:    0.58
      Required ratio:    0.00 (Cumulative area) 

    Via: M1M2_PR
      Partial area ratio:    0.09
      Required ratio:    6.00 (Gate area) 
      Cumulative area ratio:    0.21
      Required ratio:    0.00 (Cumulative area) 

    Via: L1M1_PR
      Partial area ratio:    0.12
      Required ratio:    3.00 (Gate area) 
      Cumulative area ratio:    0.12
      Required ratio:    0.00 (Cumulative area) 

  Pin: u_alu._1580_/S (sky130_fd_sc_hd__mux2_1)
    Layer: met3
      Partial area ratio:    0.36
      Required ratio:    0.00 (Gate area) 
      Partial area ratio:    2.04
      Required ratio: 2956.40 (Side area) 
      Cumulative area ratio:  126.46
      Required ratio:    0.00 (Cumulative area) 
      Cumulative area ratio:  637.83
      Required ratio:    0.00 (Cumulative side area) 

    Layer: met2
      Partial area ratio:    4.53
      Required ratio:    0.00 (Gate area) 
      Partial area ratio:   23.02
      Required ratio:  400.00 (Side area) 
      Cumulative area ratio:  126.11
      Required ratio:    0.00 (Cumulative area) 
      Cumulative area ratio:  635.79
      Required ratio:    0.00 (Cumulative side area) 

    Layer: met1
      Partial area ratio:    1.10
      Required ratio:    0.00 (Gate area) 
      Partial area ratio:    5.89
      Required ratio:  400.00 (Side area) 
      Cumulative area ratio:    1.10
      Required ratio:    0.00 (Cumulative area) 
      Cumulative area ratio:    5.89
      Required ratio:    0.00 (Cumulative side area) 

    Layer: li1
      Partial area ratio:    0.00
      Required ratio:    0.00 (Gate area) 
      Partial area ratio:    0.00
      Required ratio:   75.00 (Side area) 
      Cumulative area ratio:    0.00
      Required ratio:    0.00 (Cumulative area) 
      Cumulative area ratio:    0.00
      Required ratio:    0.00 (Cumulative side area) 

    Via: M2M3_PR
      Partial area ratio:    0.01
      Required ratio:    6.00 (Gate area) 
      Cumulative area ratio:    0.71
      Required ratio:    0.00 (Cumulative area) 

    Via: M1M2_PR
      Partial area ratio:    0.09
      Required ratio:    6.00 (Gate area) 
      Cumulative area ratio:    0.20
      Required ratio:    0.00 (Cumulative area) 

    Via: L1M1_PR
      Partial area ratio:    0.11
      Required ratio:    3.00 (Gate area) 
      Cumulative area ratio:    0.11
      Required ratio:    0.00 (Cumulative area) 

  Pin: u_alu._1498_/A1 (sky130_fd_sc_hd__a21oi_2)
    Layer: met3
      Partial area ratio:    0.36
      Required ratio:    0.00 (Gate area) 
      Partial area ratio:    2.04
      Required ratio: 2956.40 (Side area) 
      Cumulative area ratio:  125.36
      Required ratio:    0.00 (Cumulative area) 
      Cumulative area ratio:  631.94
      Required ratio:    0.00 (Cumulative side area) 

    Layer: met2
      Partial area ratio:    4.53
      Required ratio:    0.00 (Gate area) 
      Partial area ratio:   23.02
      Required ratio:  400.00 (Side area) 
      Cumulative area ratio:  125.01
      Required ratio:    0.00 (Cumulative area) 
      Cumulative area ratio:  629.91
      Required ratio:    0.00 (Cumulative side area) 

    Layer: met1
      Partial area ratio:    2.04
      Required ratio:    0.00 (Gate area) 
      Partial area ratio:   10.78
      Required ratio:  400.00 (Side area) 
      Cumulative area ratio:    2.04
      Required ratio:    0.00 (Cumulative area) 
      Cumulative area ratio:   10.78
      Required ratio:    0.00 (Cumulative side area) 

    Layer: li1
      Partial area ratio:    0.00
      Required ratio:    0.00 (Gate area) 
      Partial area ratio:    0.00
      Required ratio:   75.00 (Side area) 
      Cumulative area ratio:    0.00
      Required ratio:    0.00 (Cumulative area) 
      Cumulative area ratio:    0.00
      Required ratio:    0.00 (Cumulative side area) 

    Via: M2M3_PR
      Partial area ratio:    0.01
      Required ratio:    6.00 (Gate area) 
      Cumulative area ratio:    0.56
      Required ratio:    0.00 (Cumulative area) 

    Via: M1M2_PR
      Partial area ratio:    0.14
      Required ratio:    6.00 (Gate area) 
      Cumulative area ratio:    0.19
      Required ratio:    0.00 (Cumulative area) 

    Via: L1M1_PR
      Partial area ratio:    0.06
      Required ratio:    3.00 (Gate area) 
      Cumulative area ratio:    0.06
      Required ratio:    0.00 (Cumulative area) 

  Pin: u_alu._1490_/A1 (sky130_fd_sc_hd__a21o_1)
    Layer: met3
      Partial area ratio:    0.36
      Required ratio:    0.00 (Gate area) 
      Partial area ratio:    2.04
      Required ratio: 2956.40 (Side area) 
      Cumulative area ratio:  125.36
      Required ratio:    0.00 (Cumulative area) 
      Cumulative area ratio:  631.94
      Required ratio:    0.00 (Cumulative side area) 

    Layer: met2
      Partial area ratio:    4.53
      Required ratio:    0.00 (Gate area) 
      Partial area ratio:   23.02
      Required ratio:  400.00 (Side area) 
      Cumulative area ratio:  125.01
      Required ratio:    0.00 (Cumulative area) 
      Cumulative area ratio:  629.91
      Required ratio:    0.00 (Cumulative side area) 

    Layer: met1
      Partial area ratio:    0.00
      Required ratio:    0.00 (Gate area) 
      Partial area ratio:    0.00
      Required ratio:  400.00 (Side area) 
      Cumulative area ratio:    0.00
      Required ratio:    0.00 (Cumulative area) 
      Cumulative area ratio:    0.00
      Required ratio:    0.00 (Cumulative side area) 

    Layer: li1
      Partial area ratio:    0.00
      Required ratio:    0.00 (Gate area) 
      Partial area ratio:    0.00
      Required ratio:   75.00 (Side area) 
      Cumulative area ratio:    0.00
      Required ratio:    0.00 (Cumulative area) 
      Cumulative area ratio:    0.00
      Required ratio:    0.00 (Cumulative side area) 

    Via: M2M3_PR
      Partial area ratio:    0.01
      Required ratio:    6.00 (Gate area) 
      Cumulative area ratio:    0.71
      Required ratio:    0.00 (Cumulative area) 

    Via: M1M2_PR
      Partial area ratio:    0.09
      Required ratio:    6.00 (Gate area) 
      Cumulative area ratio:    0.21
      Required ratio:    0.00 (Cumulative area) 

    Via: L1M1_PR
      Partial area ratio:    0.12
      Required ratio:    3.00 (Gate area) 
      Cumulative area ratio:    0.12
      Required ratio:    0.00 (Cumulative area) 

  Pin: u_alu._1296_/B (sky130_fd_sc_hd__or2_1)
    Layer: met3
      Partial area ratio:    0.36
      Required ratio:    0.00 (Gate area) 
      Partial area ratio:    2.04
      Required ratio: 2956.40 (Side area) 
      Cumulative area ratio:  123.33
      Required ratio:    0.00 (Cumulative area) 
      Cumulative area ratio:  621.17
      Required ratio:    0.00 (Cumulative side area) 

    Layer: met2
      Partial area ratio:    4.53
      Required ratio:    0.00 (Gate area) 
      Partial area ratio:   23.02
      Required ratio:  400.00 (Side area) 
      Cumulative area ratio:  122.97
      Required ratio:    0.00 (Cumulative area) 
      Cumulative area ratio:  619.13
      Required ratio:    0.00 (Cumulative side area) 

    Layer: met1
      Partial area ratio:  118.44
      Required ratio:    0.00 (Gate area) 
      Partial area ratio:  596.11
      Required ratio:  400.00 (Side area) (VIOLATED)
      Cumulative area ratio:  118.44
      Required ratio:    0.00 (Cumulative area) 
      Cumulative area ratio:  596.11
      Required ratio:    0.00 (Cumulative side area) 

    Layer: li1
      Partial area ratio:    0.00
      Required ratio:    0.00 (Gate area) 
      Partial area ratio:    0.00
      Required ratio:   75.00 (Side area) 
      Cumulative area ratio:    0.00
      Required ratio:    0.00 (Cumulative area) 
      Cumulative area ratio:    0.00
      Required ratio:    0.00 (Cumulative side area) 

    Via: M2M3_PR
      Partial area ratio:    0.01
      Required ratio:    6.00 (Gate area) 
      Cumulative area ratio:    0.60
      Required ratio:    0.00 (Cumulative area) 

    Via: M1M2_PR
      Partial area ratio:    0.36
      Required ratio:    6.00 (Gate area) 
      Cumulative area ratio:    0.59
      Required ratio:    0.00 (Cumulative area) 

    Via: L1M1_PR
      Partial area ratio:    0.23
      Required ratio:    3.00 (Gate area) 
      Cumulative area ratio:    0.23
      Required ratio:    0.00 (Cumulative area) 

  Pin: u_alu._1550_/A (sky130_fd_sc_hd__buf_4)
    Layer: met3
      Partial area ratio:    0.36
      Required ratio:    0.00 (Gate area) 
      Partial area ratio:    2.04
      Required ratio: 2956.40 (Side area) 
      Cumulative area ratio:    7.64
      Required ratio:    0.00 (Cumulative area) 
      Cumulative area ratio:   39.65
      Required ratio:    0.00 (Cumulative side area) 

    Layer: met2
      Partial area ratio:    4.53
      Required ratio:    0.00 (Gate area) 
      Partial area ratio:   23.02
      Required ratio:  400.00 (Side area) 
      Cumulative area ratio:    7.29
      Required ratio:    0.00 (Cumulative area) 
      Cumulative area ratio:   37.61
      Required ratio:    0.00 (Cumulative side area) 

    Layer: met1
      Partial area ratio:    2.76
      Required ratio:    0.00 (Gate area) 
      Partial area ratio:   14.59
      Required ratio:  400.00 (Side area) 
      Cumulative area ratio:    2.76
      Required ratio:    0.00 (Cumulative area) 
      Cumulative area ratio:   14.59
      Required ratio:    0.00 (Cumulative side area) 

    Layer: li1
      Partial area ratio:    0.00
      Required ratio:    0.00 (Gate area) 
      Partial area ratio:    0.00
      Required ratio:   75.00 (Side area) 
      Cumulative area ratio:    0.00
      Required ratio:    0.00 (Cumulative area) 
      Cumulative area ratio:    0.00
      Required ratio:    0.00 (Cumulative side area) 

    Via: M2M3_PR
      Partial area ratio:    0.01
      Required ratio:    6.00 (Gate area) 
      Cumulative area ratio:    0.31
      Required ratio:    0.00 (Cumulative area) 

    Via: M1M2_PR
      Partial area ratio:    0.18
      Required ratio:    6.00 (Gate area) 
      Cumulative area ratio:    0.30
      Required ratio:    0.00 (Cumulative area) 

    Via: L1M1_PR
      Partial area ratio:    0.12
      Required ratio:    3.00 (Gate area) 
      Cumulative area ratio:    0.12
      Required ratio:    0.00 (Cumulative area) 

  Pin: u_alu._2113_/S (sky130_fd_sc_hd__mux2_1)
    Layer: met3
      Partial area ratio:    0.36
      Required ratio:    0.00 (Gate area) 
      Partial area ratio:    2.04
      Required ratio: 2956.40 (Side area) 
      Cumulative area ratio:   12.32
      Required ratio:    0.00 (Cumulative area) 
      Cumulative area ratio:   63.43
      Required ratio:    0.00 (Cumulative side area) 

    Layer: met2
      Partial area ratio:    4.53
      Required ratio:    0.00 (Gate area) 
      Partial area ratio:   23.02
      Required ratio:  400.00 (Side area) 
      Cumulative area ratio:   11.97
      Required ratio:    0.00 (Cumulative area) 
      Cumulative area ratio:   61.39
      Required ratio:    0.00 (Cumulative side area) 

    Layer: met1
      Partial area ratio:    4.68
      Required ratio:    0.00 (Gate area) 
      Partial area ratio:   23.78
      Required ratio:  400.00 (Side area) 
      Cumulative area ratio:    4.68
      Required ratio:    0.00 (Cumulative area) 
      Cumulative area ratio:   23.78
      Required ratio:    0.00 (Cumulative side area) 

    Layer: li1
      Partial area ratio:    0.00
      Required ratio:    0.00 (Gate area) 
      Partial area ratio:    0.00
      Required ratio:   75.00 (Side area) 
      Cumulative area ratio:    0.00
      Required ratio:    0.00 (Cumulative area) 
      Cumulative area ratio:    0.00
      Required ratio:    0.00 (Cumulative side area) 

    Via: M2M3_PR
      Partial area ratio:    0.01
      Required ratio:    6.00 (Gate area) 
      Cumulative area ratio:    0.40
      Required ratio:    0.00 (Cumulative area) 

    Via: M1M2_PR
      Partial area ratio:    0.09
      Required ratio:    6.00 (Gate area) 
      Cumulative area ratio:    0.20
      Required ratio:    0.00 (Cumulative area) 

    Via: L1M1_PR
      Partial area ratio:    0.11
      Required ratio:    3.00 (Gate area) 
      Cumulative area ratio:    0.11
      Required ratio:    0.00 (Cumulative area) 

  Pin: u_alu._1280_/S (sky130_fd_sc_hd__mux2_1)
    Layer: met3
      Partial area ratio:    0.36
      Required ratio:    0.00 (Gate area) 
      Partial area ratio:    2.04
      Required ratio: 2956.40 (Side area) 
      Cumulative area ratio:   13.67
      Required ratio:    0.00 (Cumulative area) 
      Cumulative area ratio:   70.17
      Required ratio:    0.00 (Cumulative side area) 

    Layer: met2
      Partial area ratio:    4.53
      Required ratio:    0.00 (Gate area) 
      Partial area ratio:   23.02
      Required ratio:  400.00 (Side area) 
      Cumulative area ratio:   13.32
      Required ratio:    0.00 (Cumulative area) 
      Cumulative area ratio:   68.13
      Required ratio:    0.00 (Cumulative side area) 

    Layer: met1
      Partial area ratio:    8.79
      Required ratio:    0.00 (Gate area) 
      Partial area ratio:   45.11
      Required ratio:  400.00 (Side area) 
      Cumulative area ratio:    8.79
      Required ratio:    0.00 (Cumulative area) 
      Cumulative area ratio:   45.11
      Required ratio:    0.00 (Cumulative side area) 

    Layer: li1
      Partial area ratio:    0.00
      Required ratio:    0.00 (Gate area) 
      Partial area ratio:    0.00
      Required ratio:   75.00 (Side area) 
      Cumulative area ratio:    0.00
      Required ratio:    0.00 (Cumulative area) 
      Cumulative area ratio:    0.00
      Required ratio:    0.00 (Cumulative side area) 

    Via: M2M3_PR
      Partial area ratio:    0.01
      Required ratio:    6.00 (Gate area) 
      Cumulative area ratio:    0.22
      Required ratio:    0.00 (Cumulative area) 

    Via: M1M2_PR
      Partial area ratio:    0.09
      Required ratio:    6.00 (Gate area) 
      Cumulative area ratio:    0.20
      Required ratio:    0.00 (Cumulative area) 

    Via: L1M1_PR
      Partial area ratio:    0.11
      Required ratio:    3.00 (Gate area) 
      Cumulative area ratio:    0.11
      Required ratio:    0.00 (Cumulative area) 


Net: u_branch_unit.rs1_val\[11\]
  Pin: u_pc_next_logic._1096_/A (sky130_fd_sc_hd__nor2_1)
    Layer: met2
      Partial area ratio:    3.28
      Required ratio:    0.00 (Gate area) 
      Partial area ratio:   16.73
      Required ratio: 3115.20 (Side area) 
      Cumulative area ratio:  296.17
      Required ratio:    0.00 (Cumulative area) 
      Cumulative area ratio: 1488.70
      Required ratio:    0.00 (Cumulative side area) 

    Layer: met1
      Partial area ratio:    0.00
      Required ratio:    0.00 (Gate area) 
      Partial area ratio:    0.00
      Required ratio:  400.00 (Side area) 
      Cumulative area ratio:    0.00
      Required ratio:    0.00 (Cumulative area) 
      Cumulative area ratio:    0.00
      Required ratio:    0.00 (Cumulative side area) 

    Layer: li1
      Partial area ratio:    0.00
      Required ratio:    0.00 (Gate area) 
      Partial area ratio:    0.00
      Required ratio:   75.00 (Side area) 
      Cumulative area ratio:    0.00
      Required ratio:    0.00 (Cumulative area) 
      Cumulative area ratio:    0.00
      Required ratio:    0.00 (Cumulative side area) 

    Via: M1M2_PR
      Partial area ratio:    0.09
      Required ratio:    6.00 (Gate area) 
      Cumulative area ratio:    0.21
      Required ratio:    0.00 (Cumulative area) 

    Via: L1M1_PR
      Partial area ratio:    0.12
      Required ratio:    3.00 (Gate area) 
      Cumulative area ratio:    0.12
      Required ratio:    0.00 (Cumulative area) 

  Pin: u_pc_next_logic._1095_/A (sky130_fd_sc_hd__and2_1)
    Layer: met2
      Partial area ratio:    3.28
      Required ratio:    0.00 (Gate area) 
      Partial area ratio:   16.73
      Required ratio: 3115.20 (Side area) 
      Cumulative area ratio:  296.17
      Required ratio:    0.00 (Cumulative area) 
      Cumulative area ratio: 1488.70
      Required ratio:    0.00 (Cumulative side area) 

    Layer: met1
      Partial area ratio:    7.26
      Required ratio:    0.00 (Gate area) 
      Partial area ratio:   38.42
      Required ratio:  400.00 (Side area) 
      Cumulative area ratio:    7.26
      Required ratio:    0.00 (Cumulative area) 
      Cumulative area ratio:   38.42
      Required ratio:    0.00 (Cumulative side area) 

    Layer: li1
      Partial area ratio:    0.00
      Required ratio:    0.00 (Gate area) 
      Partial area ratio:    0.00
      Required ratio:   75.00 (Side area) 
      Cumulative area ratio:    0.00
      Required ratio:    0.00 (Cumulative area) 
      Cumulative area ratio:    0.00
      Required ratio:    0.00 (Cumulative side area) 

    Via: M1M2_PR
      Partial area ratio:    0.18
      Required ratio:    6.00 (Gate area) 
      Cumulative area ratio:    0.41
      Required ratio:    0.00 (Cumulative area) 

    Via: L1M1_PR
      Partial area ratio:    0.23
      Required ratio:    3.00 (Gate area) 
      Cumulative area ratio:    0.23
      Required ratio:    0.00 (Cumulative area) 

  Pin: u_branch_unit._161_/A (sky130_fd_sc_hd__inv_2)
    Layer: met2
      Partial area ratio:    3.28
      Required ratio:    0.00 (Gate area) 
      Partial area ratio:   16.73
      Required ratio: 3115.20 (Side area) 
      Cumulative area ratio:  298.03
      Required ratio:    0.00 (Cumulative area) 
      Cumulative area ratio: 1498.21
      Required ratio:    0.00 (Cumulative side area) 

    Layer: met1
      Partial area ratio:    1.86
      Required ratio:    0.00 (Gate area) 
      Partial area ratio:    9.50
      Required ratio:  400.00 (Side area) 
      Cumulative area ratio:    1.86
      Required ratio:    0.00 (Cumulative area) 
      Cumulative area ratio:    9.50
      Required ratio:    0.00 (Cumulative side area) 

    Layer: li1
      Partial area ratio:    0.00
      Required ratio:    0.00 (Gate area) 
      Partial area ratio:    0.00
      Required ratio:   75.00 (Side area) 
      Cumulative area ratio:    0.00
      Required ratio:    0.00 (Cumulative area) 
      Cumulative area ratio:    0.00
      Required ratio:    0.00 (Cumulative side area) 

    Via: M1M2_PR
      Partial area ratio:    0.05
      Required ratio:    6.00 (Gate area) 
      Cumulative area ratio:    0.10
      Required ratio:    0.00 (Cumulative area) 

    Via: L1M1_PR
      Partial area ratio:    0.06
      Required ratio:    3.00 (Gate area) 
      Cumulative area ratio:    0.06
      Required ratio:    0.00 (Cumulative area) 

  Pin: u_pc_next_logic._1121_/A1 (sky130_fd_sc_hd__o211a_1)
    Layer: met2
      Partial area ratio:    3.28
      Required ratio:    0.00 (Gate area) 
      Partial area ratio:   16.73
      Required ratio: 3115.20 (Side area) 
      Cumulative area ratio:  296.17
      Required ratio:    0.00 (Cumulative area) 
      Cumulative area ratio: 1488.70
      Required ratio:    0.00 (Cumulative side area) 

    Layer: met1
      Partial area ratio:    7.26
      Required ratio:    0.00 (Gate area) 
      Partial area ratio:   38.42
      Required ratio:  400.00 (Side area) 
      Cumulative area ratio:    7.26
      Required ratio:    0.00 (Cumulative area) 
      Cumulative area ratio:   38.42
      Required ratio:    0.00 (Cumulative side area) 

    Layer: li1
      Partial area ratio:    0.00
      Required ratio:    0.00 (Gate area) 
      Partial area ratio:    0.00
      Required ratio:   75.00 (Side area) 
      Cumulative area ratio:    0.00
      Required ratio:    0.00 (Cumulative area) 
      Cumulative area ratio:    0.00
      Required ratio:    0.00 (Cumulative side area) 

    Via: M1M2_PR
      Partial area ratio:    0.18
      Required ratio:    6.00 (Gate area) 
      Cumulative area ratio:    0.30
      Required ratio:    0.00 (Cumulative area) 

    Via: L1M1_PR
      Partial area ratio:    0.12
      Required ratio:    3.00 (Gate area) 
      Cumulative area ratio:    0.12
      Required ratio:    0.00 (Cumulative area) 

  Pin: _395_/A0 (sky130_fd_sc_hd__mux2_1)
    Layer: met2
      Partial area ratio:    3.28
      Required ratio:    0.00 (Gate area) 
      Partial area ratio:   16.73
      Required ratio: 3115.20 (Side area) 
      Cumulative area ratio:  288.90
      Required ratio:    0.00 (Cumulative area) 
      Cumulative area ratio: 1450.28
      Required ratio:    0.00 (Cumulative side area) 

    Layer: met1
      Partial area ratio:  285.62
      Required ratio:    0.00 (Gate area) 
      Partial area ratio: 1433.56
      Required ratio:  400.00 (Side area) (VIOLATED)
      Cumulative area ratio:  285.62
      Required ratio:    0.00 (Cumulative area) 
      Cumulative area ratio: 1433.56
      Required ratio:    0.00 (Cumulative side area) 

    Layer: li1
      Partial area ratio:    0.00
      Required ratio:    0.00 (Gate area) 
      Partial area ratio:    0.00
      Required ratio:   75.00 (Side area) 
      Cumulative area ratio:    0.00
      Required ratio:    0.00 (Cumulative area) 
      Cumulative area ratio:    0.00
      Required ratio:    0.00 (Cumulative side area) 

    Via: M1M2_PR
      Partial area ratio:    0.36
      Required ratio:    6.00 (Gate area) 
      Cumulative area ratio:    0.59
      Required ratio:    0.00 (Cumulative area) 

    Via: L1M1_PR
      Partial area ratio:    0.23
      Required ratio:    3.00 (Gate area) 
      Cumulative area ratio:    0.23
      Required ratio:    0.00 (Cumulative area) 


Net: u_branch_unit.rs1_val\[8\]
  Pin: u_pc_next_logic._1072_/A1 (sky130_fd_sc_hd__a22o_1)
    Layer: met2
      Partial area ratio:    5.81
      Required ratio:    0.00 (Gate area) 
      Partial area ratio:   29.61
      Required ratio: 3115.20 (Side area) 
      Cumulative area ratio:   85.17
      Required ratio:    0.00 (Cumulative area) 
      Cumulative area ratio:  432.36
      Required ratio:    0.00 (Cumulative side area) 

    Layer: met1
      Partial area ratio:   79.36
      Required ratio:    0.00 (Gate area) 
      Partial area ratio:  402.75
      Required ratio:  400.00 (Side area) (VIOLATED)
      Cumulative area ratio:   79.36
      Required ratio:    0.00 (Cumulative area) 
      Cumulative area ratio:  402.75
      Required ratio:    0.00 (Cumulative side area) 

    Layer: li1
      Partial area ratio:    0.00
      Required ratio:    0.00 (Gate area) 
      Partial area ratio:    0.00
      Required ratio:   75.00 (Side area) 
      Cumulative area ratio:    0.00
      Required ratio:    0.00 (Cumulative area) 
      Cumulative area ratio:    0.00
      Required ratio:    0.00 (Cumulative side area) 

    Via: M1M2_PR
      Partial area ratio:    0.18
      Required ratio:    6.00 (Gate area) 
      Cumulative area ratio:    0.30
      Required ratio:    0.00 (Cumulative area) 

    Via: L1M1_PR
      Partial area ratio:    0.12
      Required ratio:    3.00 (Gate area) 
      Cumulative area ratio:    0.12
      Required ratio:    0.00 (Cumulative area) 

  Pin: u_pc_next_logic._1043_/A (sky130_fd_sc_hd__nand2_1)
    Layer: met2
      Partial area ratio:    5.81
      Required ratio:    0.00 (Gate area) 
      Partial area ratio:   29.61
      Required ratio: 3115.20 (Side area) 
      Cumulative area ratio:   87.84
      Required ratio:    0.00 (Cumulative area) 
      Cumulative area ratio:  447.02
      Required ratio:    0.00 (Cumulative side area) 

    Layer: met1
      Partial area ratio:    2.67
      Required ratio:    0.00 (Gate area) 
      Partial area ratio:   14.66
      Required ratio:  400.00 (Side area) 
      Cumulative area ratio:    2.67
      Required ratio:    0.00 (Cumulative area) 
      Cumulative area ratio:   14.66
      Required ratio:    0.00 (Cumulative side area) 

    Layer: li1
      Partial area ratio:    0.00
      Required ratio:    0.00 (Gate area) 
      Partial area ratio:    0.00
      Required ratio:   75.00 (Side area) 
      Cumulative area ratio:    0.00
      Required ratio:    0.00 (Cumulative area) 
      Cumulative area ratio:    0.00
      Required ratio:    0.00 (Cumulative side area) 

    Via: M1M2_PR
      Partial area ratio:    0.06
      Required ratio:    6.00 (Gate area) 
      Cumulative area ratio:    0.18
      Required ratio:    0.00 (Cumulative area) 

    Via: L1M1_PR
      Partial area ratio:    0.12
      Required ratio:    3.00 (Gate area) 
      Cumulative area ratio:    0.12
      Required ratio:    0.00 (Cumulative area) 

  Pin: u_pc_next_logic._1044_/A (sky130_fd_sc_hd__or2_1)
    Layer: met2
      Partial area ratio:    5.81
      Required ratio:    0.00 (Gate area) 
      Partial area ratio:   29.61
      Required ratio: 3115.20 (Side area) 
      Cumulative area ratio:   87.84
      Required ratio:    0.00 (Cumulative area) 
      Cumulative area ratio:  447.02
      Required ratio:    0.00 (Cumulative side area) 

    Layer: met1
      Partial area ratio:    2.67
      Required ratio:    0.00 (Gate area) 
      Partial area ratio:   14.66
      Required ratio:  400.00 (Side area) 
      Cumulative area ratio:    2.67
      Required ratio:    0.00 (Cumulative area) 
      Cumulative area ratio:   14.66
      Required ratio:    0.00 (Cumulative side area) 

    Layer: li1
      Partial area ratio:    0.00
      Required ratio:    0.00 (Gate area) 
      Partial area ratio:    0.00
      Required ratio:   75.00 (Side area) 
      Cumulative area ratio:    0.00
      Required ratio:    0.00 (Cumulative area) 
      Cumulative area ratio:    0.00
      Required ratio:    0.00 (Cumulative side area) 

    Via: M1M2_PR
      Partial area ratio:    0.06
      Required ratio:    6.00 (Gate area) 
      Cumulative area ratio:    0.29
      Required ratio:    0.00 (Cumulative area) 

    Via: L1M1_PR
      Partial area ratio:    0.23
      Required ratio:    3.00 (Gate area) 
      Cumulative area ratio:    0.23
      Required ratio:    0.00 (Cumulative area) 

  Pin: u_branch_unit._157_/A (sky130_fd_sc_hd__inv_2)
    Layer: met2
      Partial area ratio:    5.81
      Required ratio:    0.00 (Gate area) 
      Partial area ratio:   29.61
      Required ratio: 3115.20 (Side area) 
      Cumulative area ratio:   89.51
      Required ratio:    0.00 (Cumulative area) 
      Cumulative area ratio:  454.45
      Required ratio:    0.00 (Cumulative side area) 

    Layer: met1
      Partial area ratio:    4.34
      Required ratio:    0.00 (Gate area) 
      Partial area ratio:   22.09
      Required ratio:  400.00 (Side area) 
      Cumulative area ratio:    4.34
      Required ratio:    0.00 (Cumulative area) 
      Cumulative area ratio:   22.09
      Required ratio:    0.00 (Cumulative side area) 

    Layer: li1
      Partial area ratio:    0.00
      Required ratio:    0.00 (Gate area) 
      Partial area ratio:    0.00
      Required ratio:   75.00 (Side area) 
      Cumulative area ratio:    0.00
      Required ratio:    0.00 (Cumulative area) 
      Cumulative area ratio:    0.00
      Required ratio:    0.00 (Cumulative side area) 

    Via: M1M2_PR
      Partial area ratio:    0.05
      Required ratio:    6.00 (Gate area) 
      Cumulative area ratio:    0.10
      Required ratio:    0.00 (Cumulative area) 

    Via: L1M1_PR
      Partial area ratio:    0.06
      Required ratio:    3.00 (Gate area) 
      Cumulative area ratio:    0.06
      Required ratio:    0.00 (Cumulative area) 

  Pin: _388_/A0 (sky130_fd_sc_hd__mux2_1)
    Layer: met2
      Partial area ratio:    5.81
      Required ratio:    0.00 (Gate area) 
      Partial area ratio:   29.61
      Required ratio: 3115.20 (Side area) 
      Cumulative area ratio:   85.17
      Required ratio:    0.00 (Cumulative area) 
      Cumulative area ratio:  432.36
      Required ratio:    0.00 (Cumulative side area) 

    Layer: met1
      Partial area ratio:    0.00
      Required ratio:    0.00 (Gate area) 
      Partial area ratio:    0.00
      Required ratio:  400.00 (Side area) 
      Cumulative area ratio:    0.00
      Required ratio:    0.00 (Cumulative area) 
      Cumulative area ratio:    0.00
      Required ratio:    0.00 (Cumulative side area) 

    Layer: li1
      Partial area ratio:    0.00
      Required ratio:    0.00 (Gate area) 
      Partial area ratio:    0.00
      Required ratio:   75.00 (Side area) 
      Cumulative area ratio:    0.00
      Required ratio:    0.00 (Cumulative area) 
      Cumulative area ratio:    0.00
      Required ratio:    0.00 (Cumulative side area) 

    Via: M1M2_PR
      Partial area ratio:    0.18
      Required ratio:    6.00 (Gate area) 
      Cumulative area ratio:    0.41
      Required ratio:    0.00 (Cumulative area) 

    Via: L1M1_PR
      Partial area ratio:    0.23
      Required ratio:    3.00 (Gate area) 
      Cumulative area ratio:    0.23
      Required ratio:    0.00 (Cumulative area) 


Net: u_branch_unit.rs2_val\[15\]
  Pin: u_branch_unit._167_/A (sky130_fd_sc_hd__or2b_1)
    Layer: met2
      Partial area ratio:   17.72
      Required ratio:    0.00 (Gate area) 
      Partial area ratio:   89.14
      Required ratio: 3115.20 (Side area) 
      Cumulative area ratio:  102.23
      Required ratio:    0.00 (Cumulative area) 
      Cumulative area ratio:  513.84
      Required ratio:    0.00 (Cumulative side area) 

    Layer: met1
      Partial area ratio:    0.00
      Required ratio:    0.00 (Gate area) 
      Partial area ratio:    0.00
      Required ratio:  400.00 (Side area) 
      Cumulative area ratio:    0.00
      Required ratio:    0.00 (Cumulative area) 
      Cumulative area ratio:    0.00
      Required ratio:    0.00 (Cumulative side area) 

    Layer: li1
      Partial area ratio:    0.00
      Required ratio:    0.00 (Gate area) 
      Partial area ratio:    0.00
      Required ratio:   75.00 (Side area) 
      Cumulative area ratio:    0.00
      Required ratio:    0.00 (Cumulative area) 
      Cumulative area ratio:    0.00
      Required ratio:    0.00 (Cumulative side area) 

    Layer: met3
      Partial area ratio:    0.21
      Required ratio:    0.00 (Gate area) 
      Partial area ratio:    1.78
      Required ratio: 3115.20 (Side area) 
      Cumulative area ratio:  102.44
      Required ratio:    0.00 (Cumulative area) 
      Cumulative area ratio:  515.62
      Required ratio:    0.00 (Cumulative side area) 

    Layer: met4
      Partial area ratio:    4.67
      Required ratio:    0.00 (Gate area) 
      Partial area ratio:   26.82
      Required ratio: 3115.20 (Side area) 
      Cumulative area ratio:  107.11
      Required ratio:    0.00 (Cumulative area) 
      Cumulative area ratio:  542.43
      Required ratio:    0.00 (Cumulative side area) 

    Via: M2M3_PR
      Partial area ratio:    0.05
      Required ratio:    6.00 (Gate area) 
      Cumulative area ratio:    0.60
      Required ratio:    0.00 (Cumulative area) 

    Via: M1M2_PR
      Partial area ratio:    0.18
      Required ratio:    6.00 (Gate area) 
      Cumulative area ratio:    0.41
      Required ratio:    0.00 (Cumulative area) 

    Via: L1M1_PR
      Partial area ratio:    0.23
      Required ratio:    3.00 (Gate area) 
      Cumulative area ratio:    0.23
      Required ratio:    0.00 (Cumulative area) 

    Via: M3M4_PR
      Partial area ratio:    0.05
      Required ratio:    6.00 (Gate area) 
      Cumulative area ratio:    0.65
      Required ratio:    0.00 (Cumulative area) 

  Pin: _319_/A0 (sky130_fd_sc_hd__mux2_1)
    Layer: met2
      Partial area ratio:   17.72
      Required ratio:    0.00 (Gate area) 
      Partial area ratio:   89.14
      Required ratio: 3115.20 (Side area) 
      Cumulative area ratio:  105.96
      Required ratio:    0.00 (Cumulative area) 
      Cumulative area ratio:  533.28
      Required ratio:    0.00 (Cumulative side area) 

    Layer: met1
      Partial area ratio:    3.73
      Required ratio:    0.00 (Gate area) 
      Partial area ratio:   19.44
      Required ratio:  400.00 (Side area) 
      Cumulative area ratio:    3.73
      Required ratio:    0.00 (Cumulative area) 
      Cumulative area ratio:   19.44
      Required ratio:    0.00 (Cumulative side area) 

    Layer: li1
      Partial area ratio:    0.00
      Required ratio:    0.00 (Gate area) 
      Partial area ratio:    0.00
      Required ratio:   75.00 (Side area) 
      Cumulative area ratio:    0.00
      Required ratio:    0.00 (Cumulative area) 
      Cumulative area ratio:    0.00
      Required ratio:    0.00 (Cumulative side area) 

    Layer: met3
      Partial area ratio:    0.21
      Required ratio:    0.00 (Gate area) 
      Partial area ratio:    1.78
      Required ratio: 3115.20 (Side area) 
      Cumulative area ratio:  106.17
      Required ratio:    0.00 (Cumulative area) 
      Cumulative area ratio:  535.06
      Required ratio:    0.00 (Cumulative side area) 

    Layer: met4
      Partial area ratio:    4.67
      Required ratio:    0.00 (Gate area) 
      Partial area ratio:   26.82
      Required ratio: 3115.20 (Side area) 
      Cumulative area ratio:  110.84
      Required ratio:    0.00 (Cumulative area) 
      Cumulative area ratio:  561.88
      Required ratio:    0.00 (Cumulative side area) 

    Via: M2M3_PR
      Partial area ratio:    0.05
      Required ratio:    6.00 (Gate area) 
      Cumulative area ratio:    0.60
      Required ratio:    0.00 (Cumulative area) 

    Via: M1M2_PR
      Partial area ratio:    0.18
      Required ratio:    6.00 (Gate area) 
      Cumulative area ratio:    0.41
      Required ratio:    0.00 (Cumulative area) 

    Via: L1M1_PR
      Partial area ratio:    0.23
      Required ratio:    3.00 (Gate area) 
      Cumulative area ratio:    0.23
      Required ratio:    0.00 (Cumulative area) 

    Via: M3M4_PR
      Partial area ratio:    0.05
      Required ratio:    6.00 (Gate area) 
      Cumulative area ratio:    0.65
      Required ratio:    0.00 (Cumulative area) 

  Pin: u_branch_unit._173_/A (sky130_fd_sc_hd__inv_2)
    Layer: met2
      Partial area ratio:   17.72
      Required ratio:    0.00 (Gate area) 
      Partial area ratio:   89.14
      Required ratio: 3115.20 (Side area) 
      Cumulative area ratio:  102.23
      Required ratio:    0.00 (Cumulative area) 
      Cumulative area ratio:  513.84
      Required ratio:    0.00 (Cumulative side area) 

    Layer: met1
      Partial area ratio:   84.50
      Required ratio:    0.00 (Gate area) 
      Partial area ratio:  424.69
      Required ratio:  400.00 (Side area) (VIOLATED)
      Cumulative area ratio:   84.50
      Required ratio:    0.00 (Cumulative area) 
      Cumulative area ratio:  424.69
      Required ratio:    0.00 (Cumulative side area) 

    Layer: li1
      Partial area ratio:    0.00
      Required ratio:    0.00 (Gate area) 
      Partial area ratio:    0.00
      Required ratio:   75.00 (Side area) 
      Cumulative area ratio:    0.00
      Required ratio:    0.00 (Cumulative area) 
      Cumulative area ratio:    0.00
      Required ratio:    0.00 (Cumulative side area) 

    Layer: met3
      Partial area ratio:    0.21
      Required ratio:    0.00 (Gate area) 
      Partial area ratio:    1.78
      Required ratio: 3115.20 (Side area) 
      Cumulative area ratio:  102.44
      Required ratio:    0.00 (Cumulative area) 
      Cumulative area ratio:  515.62
      Required ratio:    0.00 (Cumulative side area) 

    Layer: met4
      Partial area ratio:    4.67
      Required ratio:    0.00 (Gate area) 
      Partial area ratio:   26.82
      Required ratio: 3115.20 (Side area) 
      Cumulative area ratio:  107.11
      Required ratio:    0.00 (Cumulative area) 
      Cumulative area ratio:  542.43
      Required ratio:    0.00 (Cumulative side area) 

    Via: M2M3_PR
      Partial area ratio:    0.05
      Required ratio:    6.00 (Gate area) 
      Cumulative area ratio:    0.25
      Required ratio:    0.00 (Cumulative area) 

    Via: M1M2_PR
      Partial area ratio:    0.14
      Required ratio:    6.00 (Gate area) 
      Cumulative area ratio:    0.19
      Required ratio:    0.00 (Cumulative area) 

    Via: L1M1_PR
      Partial area ratio:    0.06
      Required ratio:    3.00 (Gate area) 
      Cumulative area ratio:    0.06
      Required ratio:    0.00 (Cumulative area) 

    Via: M3M4_PR
      Partial area ratio:    0.05
      Required ratio:    6.00 (Gate area) 
      Cumulative area ratio:    0.30
      Required ratio:    0.00 (Cumulative area) 


Net: u_branch_unit.rs2_val\[19\]
  Pin: _331_/A0 (sky130_fd_sc_hd__mux2_1)
    Layer: met2
      Partial area ratio:   32.66
      Required ratio:    0.00 (Gate area) 
      Partial area ratio:  164.22
      Required ratio: 3115.20 (Side area) 
      Cumulative area ratio:  193.35
      Required ratio:    0.00 (Cumulative area) 
      Cumulative area ratio:  974.41
      Required ratio:    0.00 (Cumulative side area) 

    Layer: met1
      Partial area ratio:    7.31
      Required ratio:    0.00 (Gate area) 
      Partial area ratio:   37.33
      Required ratio:  400.00 (Side area) 
      Cumulative area ratio:    7.31
      Required ratio:    0.00 (Cumulative area) 
      Cumulative area ratio:   37.33
      Required ratio:    0.00 (Cumulative side area) 

    Layer: li1
      Partial area ratio:    0.00
      Required ratio:    0.00 (Gate area) 
      Partial area ratio:    0.00
      Required ratio:   75.00 (Side area) 
      Cumulative area ratio:    0.00
      Required ratio:    0.00 (Cumulative area) 
      Cumulative area ratio:    0.00
      Required ratio:    0.00 (Cumulative side area) 

    Layer: met3
      Partial area ratio:    0.92
      Required ratio:    0.00 (Gate area) 
      Partial area ratio:    5.69
      Required ratio: 3115.20 (Side area) 
      Cumulative area ratio:  194.27
      Required ratio:    0.00 (Cumulative area) 
      Cumulative area ratio:  980.11
      Required ratio:    0.00 (Cumulative side area) 

    Layer: met4
      Partial area ratio:    5.67
      Required ratio:    0.00 (Gate area) 
      Partial area ratio:   32.57
      Required ratio: 3115.20 (Side area) 
      Cumulative area ratio:  199.94
      Required ratio:    0.00 (Cumulative area) 
      Cumulative area ratio: 1012.67
      Required ratio:    0.00 (Cumulative side area) 

    Via: M2M3_PR
      Partial area ratio:    0.06
      Required ratio:    6.00 (Gate area) 
      Cumulative area ratio:    0.84
      Required ratio:    0.00 (Cumulative area) 

    Via: M1M2_PR
      Partial area ratio:    0.18
      Required ratio:    6.00 (Gate area) 
      Cumulative area ratio:    0.41
      Required ratio:    0.00 (Cumulative area) 

    Via: L1M1_PR
      Partial area ratio:    0.23
      Required ratio:    3.00 (Gate area) 
      Cumulative area ratio:    0.23
      Required ratio:    0.00 (Cumulative area) 

    Via: M3M4_PR
      Partial area ratio:    0.06
      Required ratio:    6.00 (Gate area) 
      Cumulative area ratio:    0.90
      Required ratio:    0.00 (Cumulative area) 

  Pin: u_branch_unit._151_/A2 (sky130_fd_sc_hd__a22o_1)
    Layer: met2
      Partial area ratio:   32.66
      Required ratio:    0.00 (Gate area) 
      Partial area ratio:  164.22
      Required ratio: 3115.20 (Side area) 
      Cumulative area ratio:  186.04
      Required ratio:    0.00 (Cumulative area) 
      Cumulative area ratio:  937.08
      Required ratio:    0.00 (Cumulative side area) 

    Layer: met1
      Partial area ratio:   12.78
      Required ratio:    0.00 (Gate area) 
      Partial area ratio:   67.09
      Required ratio:  400.00 (Side area) 
      Cumulative area ratio:   12.78
      Required ratio:    0.00 (Cumulative area) 
      Cumulative area ratio:   67.09
      Required ratio:    0.00 (Cumulative side area) 

    Layer: li1
      Partial area ratio:    0.00
      Required ratio:    0.00 (Gate area) 
      Partial area ratio:    0.00
      Required ratio:   75.00 (Side area) 
      Cumulative area ratio:    0.00
      Required ratio:    0.00 (Cumulative area) 
      Cumulative area ratio:    0.00
      Required ratio:    0.00 (Cumulative side area) 

    Layer: met3
      Partial area ratio:    0.92
      Required ratio:    0.00 (Gate area) 
      Partial area ratio:    5.69
      Required ratio: 3115.20 (Side area) 
      Cumulative area ratio:  186.96
      Required ratio:    0.00 (Cumulative area) 
      Cumulative area ratio:  942.77
      Required ratio:    0.00 (Cumulative side area) 

    Layer: met4
      Partial area ratio:    5.67
      Required ratio:    0.00 (Gate area) 
      Partial area ratio:   32.57
      Required ratio: 3115.20 (Side area) 
      Cumulative area ratio:  192.63
      Required ratio:    0.00 (Cumulative area) 
      Cumulative area ratio:  975.34
      Required ratio:    0.00 (Cumulative side area) 

    Via: M2M3_PR
      Partial area ratio:    0.06
      Required ratio:    6.00 (Gate area) 
      Cumulative area ratio:    0.54
      Required ratio:    0.00 (Cumulative area) 

    Via: M1M2_PR
      Partial area ratio:    0.18
      Required ratio:    6.00 (Gate area) 
      Cumulative area ratio:    0.30
      Required ratio:    0.00 (Cumulative area) 

    Via: L1M1_PR
      Partial area ratio:    0.12
      Required ratio:    3.00 (Gate area) 
      Cumulative area ratio:    0.12
      Required ratio:    0.00 (Cumulative area) 

    Via: M3M4_PR
      Partial area ratio:    0.06
      Required ratio:    6.00 (Gate area) 
      Cumulative area ratio:    0.61
      Required ratio:    0.00 (Cumulative area) 

  Pin: u_branch_unit._140_/B2 (sky130_fd_sc_hd__o221ai_1)
    Layer: met2
      Partial area ratio:   32.66
      Required ratio:    0.00 (Gate area) 
      Partial area ratio:  164.22
      Required ratio: 3115.20 (Side area) 
      Cumulative area ratio:  173.25
      Required ratio:    0.00 (Cumulative area) 
      Cumulative area ratio:  869.99
      Required ratio:    0.00 (Cumulative side area) 

    Layer: met1
      Partial area ratio:  140.60
      Required ratio:    0.00 (Gate area) 
      Partial area ratio:  705.77
      Required ratio:  400.00 (Side area) (VIOLATED)
      Cumulative area ratio:  140.60
      Required ratio:    0.00 (Cumulative area) 
      Cumulative area ratio:  705.77
      Required ratio:    0.00 (Cumulative side area) 

    Layer: li1
      Partial area ratio:    0.00
      Required ratio:    0.00 (Gate area) 
      Partial area ratio:    0.00
      Required ratio:   75.00 (Side area) 
      Cumulative area ratio:    0.00
      Required ratio:    0.00 (Cumulative area) 
      Cumulative area ratio:    0.00
      Required ratio:    0.00 (Cumulative side area) 

    Layer: met3
      Partial area ratio:    0.92
      Required ratio:    0.00 (Gate area) 
      Partial area ratio:    5.69
      Required ratio: 3115.20 (Side area) 
      Cumulative area ratio:  174.18
      Required ratio:    0.00 (Cumulative area) 
      Cumulative area ratio:  875.69
      Required ratio:    0.00 (Cumulative side area) 

    Layer: met4
      Partial area ratio:    5.67
      Required ratio:    0.00 (Gate area) 
      Partial area ratio:   32.57
      Required ratio: 3115.20 (Side area) 
      Cumulative area ratio:  179.85
      Required ratio:    0.00 (Cumulative area) 
      Cumulative area ratio:  908.25
      Required ratio:    0.00 (Cumulative side area) 

    Via: M2M3_PR
      Partial area ratio:    0.06
      Required ratio:    6.00 (Gate area) 
      Cumulative area ratio:    0.36
      Required ratio:    0.00 (Cumulative area) 

    Via: M1M2_PR
      Partial area ratio:    0.18
      Required ratio:    6.00 (Gate area) 
      Cumulative area ratio:    0.30
      Required ratio:    0.00 (Cumulative area) 

    Via: L1M1_PR
      Partial area ratio:    0.12
      Required ratio:    3.00 (Gate area) 
      Cumulative area ratio:    0.12
      Required ratio:    0.00 (Cumulative area) 

    Via: M3M4_PR
      Partial area ratio:    0.06
      Required ratio:    6.00 (Gate area) 
      Cumulative area ratio:    0.43
      Required ratio:    0.00 (Cumulative area) 


Net: u_branch_unit.rs2_val\[29\]
  Pin: u_branch_unit._120_/A2 (sky130_fd_sc_hd__a22o_1)
    Layer: met3
      Partial area ratio:   13.29
      Required ratio:    0.00 (Gate area) 
      Partial area ratio:   72.43
      Required ratio: 3115.20 (Side area) 
      Cumulative area ratio:  135.64
      Required ratio:    0.00 (Cumulative area) 
      Cumulative area ratio:  691.13
      Required ratio:    0.00 (Cumulative side area) 

    Layer: met2
      Partial area ratio:   12.74
      Required ratio:    0.00 (Gate area) 
      Partial area ratio:   64.31
      Required ratio:  400.00 (Side area) 
      Cumulative area ratio:  122.35
      Required ratio:    0.00 (Cumulative area) 
      Cumulative area ratio:  618.71
      Required ratio:    0.00 (Cumulative side area) 

    Layer: met1
      Partial area ratio:    0.15
      Required ratio:    0.00 (Gate area) 
      Partial area ratio:    1.13
      Required ratio:  400.00 (Side area) 
      Cumulative area ratio:    0.15
      Required ratio:    0.00 (Cumulative area) 
      Cumulative area ratio:    1.13
      Required ratio:    0.00 (Cumulative side area) 

    Layer: li1
      Partial area ratio:    0.00
      Required ratio:    0.00 (Gate area) 
      Partial area ratio:    0.00
      Required ratio:   75.00 (Side area) 
      Cumulative area ratio:    0.00
      Required ratio:    0.00 (Cumulative area) 
      Cumulative area ratio:    0.00
      Required ratio:    0.00 (Cumulative side area) 

    Via: M2M3_PR
      Partial area ratio:    0.06
      Required ratio:    6.00 (Gate area) 
      Cumulative area ratio:    0.45
      Required ratio:    0.00 (Cumulative area) 

    Via: M1M2_PR
      Partial area ratio:    0.09
      Required ratio:    6.00 (Gate area) 
      Cumulative area ratio:    0.21
      Required ratio:    0.00 (Cumulative area) 

    Via: L1M1_PR
      Partial area ratio:    0.12
      Required ratio:    3.00 (Gate area) 
      Cumulative area ratio:    0.12
      Required ratio:    0.00 (Cumulative area) 

  Pin: _363_/A0 (sky130_fd_sc_hd__mux2_1)
    Layer: met3
      Partial area ratio:   13.29
      Required ratio:    0.00 (Gate area) 
      Partial area ratio:   72.43
      Required ratio: 3115.20 (Side area) 
      Cumulative area ratio:  137.20
      Required ratio:    0.00 (Cumulative area) 
      Cumulative area ratio:  700.11
      Required ratio:    0.00 (Cumulative side area) 

    Layer: met2
      Partial area ratio:   12.74
      Required ratio:    0.00 (Gate area) 
      Partial area ratio:   64.31
      Required ratio:  400.00 (Side area) 
      Cumulative area ratio:  123.91
      Required ratio:    0.00 (Cumulative area) 
      Cumulative area ratio:  627.69
      Required ratio:    0.00 (Cumulative side area) 

    Layer: met1
      Partial area ratio:    1.71
      Required ratio:    0.00 (Gate area) 
      Partial area ratio:   10.11
      Required ratio:  400.00 (Side area) 
      Cumulative area ratio:    1.71
      Required ratio:    0.00 (Cumulative area) 
      Cumulative area ratio:   10.11
      Required ratio:    0.00 (Cumulative side area) 

    Layer: li1
      Partial area ratio:    0.00
      Required ratio:    0.00 (Gate area) 
      Partial area ratio:    0.00
      Required ratio:   75.00 (Side area) 
      Cumulative area ratio:    0.00
      Required ratio:    0.00 (Cumulative area) 
      Cumulative area ratio:    0.00
      Required ratio:    0.00 (Cumulative side area) 

    Via: M2M3_PR
      Partial area ratio:    0.06
      Required ratio:    6.00 (Gate area) 
      Cumulative area ratio:    0.65
      Required ratio:    0.00 (Cumulative area) 

    Via: M1M2_PR
      Partial area ratio:    0.18
      Required ratio:    6.00 (Gate area) 
      Cumulative area ratio:    0.41
      Required ratio:    0.00 (Cumulative area) 

    Via: L1M1_PR
      Partial area ratio:    0.23
      Required ratio:    3.00 (Gate area) 
      Cumulative area ratio:    0.23
      Required ratio:    0.00 (Cumulative area) 

  Pin: u_branch_unit._124_/A2 (sky130_fd_sc_hd__o2111a_1)
    Layer: met3
      Partial area ratio:   13.29
      Required ratio:    0.00 (Gate area) 
      Partial area ratio:   72.43
      Required ratio: 3115.20 (Side area) 
      Cumulative area ratio:  135.49
      Required ratio:    0.00 (Cumulative area) 
      Cumulative area ratio:  690.00
      Required ratio:    0.00 (Cumulative side area) 

    Layer: met2
      Partial area ratio:   12.74
      Required ratio:    0.00 (Gate area) 
      Partial area ratio:   64.31
      Required ratio:  400.00 (Side area) 
      Cumulative area ratio:  122.20
      Required ratio:    0.00 (Cumulative area) 
      Cumulative area ratio:  617.58
      Required ratio:    0.00 (Cumulative side area) 

    Layer: met1
      Partial area ratio:  109.47
      Required ratio:    0.00 (Gate area) 
      Partial area ratio:  553.27
      Required ratio:  400.00 (Side area) (VIOLATED)
      Cumulative area ratio:  109.47
      Required ratio:    0.00 (Cumulative area) 
      Cumulative area ratio:  553.27
      Required ratio:    0.00 (Cumulative side area) 

    Layer: li1
      Partial area ratio:    0.00
      Required ratio:    0.00 (Gate area) 
      Partial area ratio:    0.00
      Required ratio:   75.00 (Side area) 
      Cumulative area ratio:    0.00
      Required ratio:    0.00 (Cumulative area) 
      Cumulative area ratio:    0.00
      Required ratio:    0.00 (Cumulative side area) 

    Via: M2M3_PR
      Partial area ratio:    0.06
      Required ratio:    6.00 (Gate area) 
      Cumulative area ratio:    0.36
      Required ratio:    0.00 (Cumulative area) 

    Via: M1M2_PR
      Partial area ratio:    0.18
      Required ratio:    6.00 (Gate area) 
      Cumulative area ratio:    0.30
      Required ratio:    0.00 (Cumulative area) 

    Via: L1M1_PR
      Partial area ratio:    0.12
      Required ratio:    3.00 (Gate area) 
      Cumulative area ratio:    0.12
      Required ratio:    0.00 (Cumulative area) 


Net: u_branch_unit.rs2_val\[30\]
  Pin: u_branch_unit._123_/B_N (sky130_fd_sc_hd__or2b_1)
    Layer: met2
      Partial area ratio:   55.29
      Required ratio:    0.00 (Gate area) 
      Partial area ratio:  278.28
      Required ratio: 3115.20 (Side area) 
      Cumulative area ratio:  105.40
      Required ratio:    0.00 (Cumulative area) 
      Cumulative area ratio:  533.50
      Required ratio:    0.00 (Cumulative side area) 

    Layer: met1
      Partial area ratio:    2.73
      Required ratio:    0.00 (Gate area) 
      Partial area ratio:   15.22
      Required ratio:  400.00 (Side area) 
      Cumulative area ratio:    2.73
      Required ratio:    0.00 (Cumulative area) 
      Cumulative area ratio:   15.22
      Required ratio:    0.00 (Cumulative side area) 

    Layer: li1
      Partial area ratio:    0.00
      Required ratio:    0.00 (Gate area) 
      Partial area ratio:    0.00
      Required ratio:   75.00 (Side area) 
      Cumulative area ratio:    0.00
      Required ratio:    0.00 (Cumulative area) 
      Cumulative area ratio:    0.00
      Required ratio:    0.00 (Cumulative side area) 

    Via: M1M2_PR
      Partial area ratio:    0.18
      Required ratio:    6.00 (Gate area) 
      Cumulative area ratio:    0.41
      Required ratio:    0.00 (Cumulative area) 

    Via: L1M1_PR
      Partial area ratio:    0.23
      Required ratio:    3.00 (Gate area) 
      Cumulative area ratio:    0.23
      Required ratio:    0.00 (Cumulative area) 

  Pin: _366_/A0 (sky130_fd_sc_hd__mux2_1)
    Layer: met2
      Partial area ratio:   55.29
      Required ratio:    0.00 (Gate area) 
      Partial area ratio:  278.28
      Required ratio: 3115.20 (Side area) 
      Cumulative area ratio:  212.94
      Required ratio:    0.00 (Cumulative area) 
      Cumulative area ratio: 1073.50
      Required ratio:    0.00 (Cumulative side area) 

    Layer: met1
      Partial area ratio:  110.27
      Required ratio:    0.00 (Gate area) 
      Partial area ratio:  555.22
      Required ratio:  400.00 (Side area) (VIOLATED)
      Cumulative area ratio:  110.27
      Required ratio:    0.00 (Cumulative area) 
      Cumulative area ratio:  555.22
      Required ratio:    0.00 (Cumulative side area) 

    Layer: li1
      Partial area ratio:    0.00
      Required ratio:    0.00 (Gate area) 
      Partial area ratio:    0.00
      Required ratio:   75.00 (Side area) 
      Cumulative area ratio:    0.00
      Required ratio:    0.00 (Cumulative area) 
      Cumulative area ratio:    0.00
      Required ratio:    0.00 (Cumulative side area) 

    Via: M1M2_PR
      Partial area ratio:    0.18
      Required ratio:    6.00 (Gate area) 
      Cumulative area ratio:    0.41
      Required ratio:    0.00 (Cumulative area) 

    Via: L1M1_PR
      Partial area ratio:    0.23
      Required ratio:    3.00 (Gate area) 
      Cumulative area ratio:    0.23
      Required ratio:    0.00 (Cumulative area) 

  Pin: u_branch_unit._122_/A (sky130_fd_sc_hd__or2b_1)
    Layer: met2
      Partial area ratio:   55.29
      Required ratio:    0.00 (Gate area) 
      Partial area ratio:  278.28
      Required ratio: 3115.20 (Side area) 
      Cumulative area ratio:  102.67
      Required ratio:    0.00 (Cumulative area) 
      Cumulative area ratio:  518.28
      Required ratio:    0.00 (Cumulative side area) 

    Layer: met1
      Partial area ratio:   47.38
      Required ratio:    0.00 (Gate area) 
      Partial area ratio:  240.00
      Required ratio:  400.00 (Side area) 
      Cumulative area ratio:   47.38
      Required ratio:    0.00 (Cumulative area) 
      Cumulative area ratio:  240.00
      Required ratio:    0.00 (Cumulative side area) 

    Layer: li1
      Partial area ratio:    0.00
      Required ratio:    0.00 (Gate area) 
      Partial area ratio:    0.00
      Required ratio:   75.00 (Side area) 
      Cumulative area ratio:    0.00
      Required ratio:    0.00 (Cumulative area) 
      Cumulative area ratio:    0.00
      Required ratio:    0.00 (Cumulative side area) 

    Via: M1M2_PR
      Partial area ratio:    0.36
      Required ratio:    6.00 (Gate area) 
      Cumulative area ratio:    0.59
      Required ratio:    0.00 (Cumulative area) 

    Via: L1M1_PR
      Partial area ratio:    0.23
      Required ratio:    3.00 (Gate area) 
      Cumulative area ratio:    0.23
      Required ratio:    0.00 (Cumulative area) 


Net: u_branch_unit.rs2_val\[6\]
  Pin: u_branch_unit._203_/A2 (sky130_fd_sc_hd__o21ai_1)
    Layer: met3
      Partial area ratio:    9.52
      Required ratio:    0.00 (Gate area) 
      Partial area ratio:   52.00
      Required ratio: 3115.20 (Side area) 
      Cumulative area ratio:  188.34
      Required ratio:    0.00 (Cumulative area) 
      Cumulative area ratio:  954.80
      Required ratio:    0.00 (Cumulative side area) 

    Layer: met2
      Partial area ratio:    7.27
      Required ratio:    0.00 (Gate area) 
      Partial area ratio:   36.86
      Required ratio:  400.00 (Side area) 
      Cumulative area ratio:  178.82
      Required ratio:    0.00 (Cumulative area) 
      Cumulative area ratio:  902.80
      Required ratio:    0.00 (Cumulative side area) 

    Layer: met1
      Partial area ratio:    0.46
      Required ratio:    0.00 (Gate area) 
      Partial area ratio:    2.72
      Required ratio:  400.00 (Side area) 
      Cumulative area ratio:    0.46
      Required ratio:    0.00 (Cumulative area) 
      Cumulative area ratio:    2.72
      Required ratio:    0.00 (Cumulative side area) 

    Layer: li1
      Partial area ratio:    0.00
      Required ratio:    0.00 (Gate area) 
      Partial area ratio:    0.00
      Required ratio:   75.00 (Side area) 
      Cumulative area ratio:    0.00
      Required ratio:    0.00 (Cumulative area) 
      Cumulative area ratio:    0.00
      Required ratio:    0.00 (Cumulative side area) 

    Via: M2M3_PR
      Partial area ratio:    0.05
      Required ratio:    6.00 (Gate area) 
      Cumulative area ratio:    0.97
      Required ratio:    0.00 (Cumulative area) 

    Via: M1M2_PR
      Partial area ratio:    0.09
      Required ratio:    6.00 (Gate area) 
      Cumulative area ratio:    0.21
      Required ratio:    0.00 (Cumulative area) 

    Via: L1M1_PR
      Partial area ratio:    0.12
      Required ratio:    3.00 (Gate area) 
      Cumulative area ratio:    0.12
      Required ratio:    0.00 (Cumulative area) 

  Pin: u_branch_unit._179_/A1_N (sky130_fd_sc_hd__o2bb2a_1)
    Layer: met3
      Partial area ratio:    9.52
      Required ratio:    0.00 (Gate area) 
      Partial area ratio:   52.00
      Required ratio: 3115.20 (Side area) 
      Cumulative area ratio:  187.88
      Required ratio:    0.00 (Cumulative area) 
      Cumulative area ratio:  952.08
      Required ratio:    0.00 (Cumulative side area) 

    Layer: met2
      Partial area ratio:    7.27
      Required ratio:    0.00 (Gate area) 
      Partial area ratio:   36.86
      Required ratio:  400.00 (Side area) 
      Cumulative area ratio:  178.36
      Required ratio:    0.00 (Cumulative area) 
      Cumulative area ratio:  900.08
      Required ratio:    0.00 (Cumulative side area) 

    Layer: met1
      Partial area ratio:  171.09
      Required ratio:    0.00 (Gate area) 
      Partial area ratio:  863.22
      Required ratio:  400.00 (Side area) (VIOLATED)
      Cumulative area ratio:  171.09
      Required ratio:    0.00 (Cumulative area) 
      Cumulative area ratio:  863.22
      Required ratio:    0.00 (Cumulative side area) 

    Layer: li1
      Partial area ratio:    0.00
      Required ratio:    0.00 (Gate area) 
      Partial area ratio:    0.00
      Required ratio:   75.00 (Side area) 
      Cumulative area ratio:    0.00
      Required ratio:    0.00 (Cumulative area) 
      Cumulative area ratio:    0.00
      Required ratio:    0.00 (Cumulative side area) 

    Via: M2M3_PR
      Partial area ratio:    0.05
      Required ratio:    6.00 (Gate area) 
      Cumulative area ratio:    0.99
      Required ratio:    0.00 (Cumulative area) 

    Via: M1M2_PR
      Partial area ratio:    0.71
      Required ratio:    6.00 (Gate area) 
      Cumulative area ratio:    0.94
      Required ratio:    0.00 (Cumulative area) 

    Via: L1M1_PR
      Partial area ratio:    0.23
      Required ratio:    3.00 (Gate area) 
      Cumulative area ratio:    0.23
      Required ratio:    0.00 (Cumulative area) 

  Pin: u_branch_unit._186_/A2 (sky130_fd_sc_hd__o2111a_1)
    Layer: met3
      Partial area ratio:    9.52
      Required ratio:    0.00 (Gate area) 
      Partial area ratio:   52.00
      Required ratio: 3115.20 (Side area) 
      Cumulative area ratio:  191.02
      Required ratio:    0.00 (Cumulative area) 
      Cumulative area ratio:  968.60
      Required ratio:    0.00 (Cumulative side area) 

    Layer: met2
      Partial area ratio:    7.27
      Required ratio:    0.00 (Gate area) 
      Partial area ratio:   36.86
      Required ratio:  400.00 (Side area) 
      Cumulative area ratio:  181.50
      Required ratio:    0.00 (Cumulative area) 
      Cumulative area ratio:  916.60
      Required ratio:    0.00 (Cumulative side area) 

    Layer: met1
      Partial area ratio:    3.15
      Required ratio:    0.00 (Gate area) 
      Partial area ratio:   16.52
      Required ratio:  400.00 (Side area) 
      Cumulative area ratio:    3.15
      Required ratio:    0.00 (Cumulative area) 
      Cumulative area ratio:   16.52
      Required ratio:    0.00 (Cumulative side area) 

    Layer: li1
      Partial area ratio:    0.00
      Required ratio:    0.00 (Gate area) 
      Partial area ratio:    0.00
      Required ratio:   75.00 (Side area) 
      Cumulative area ratio:    0.00
      Required ratio:    0.00 (Cumulative area) 
      Cumulative area ratio:    0.00
      Required ratio:    0.00 (Cumulative side area) 

    Via: M2M3_PR
      Partial area ratio:    0.05
      Required ratio:    6.00 (Gate area) 
      Cumulative area ratio:    0.97
      Required ratio:    0.00 (Cumulative area) 

    Via: M1M2_PR
      Partial area ratio:    0.09
      Required ratio:    6.00 (Gate area) 
      Cumulative area ratio:    0.21
      Required ratio:    0.00 (Cumulative area) 

    Via: L1M1_PR
      Partial area ratio:    0.12
      Required ratio:    3.00 (Gate area) 
      Cumulative area ratio:    0.12
      Required ratio:    0.00 (Cumulative area) 

  Pin: _290_/A0 (sky130_fd_sc_hd__mux2_2)
    Layer: met3
      Partial area ratio:    9.52
      Required ratio:    0.00 (Gate area) 
      Partial area ratio:   52.00
      Required ratio: 3115.20 (Side area) 
      Cumulative area ratio:  187.88
      Required ratio:    0.00 (Cumulative area) 
      Cumulative area ratio:  952.08
      Required ratio:    0.00 (Cumulative side area) 

    Layer: met2
      Partial area ratio:    7.27
      Required ratio:    0.00 (Gate area) 
      Partial area ratio:   36.86
      Required ratio:  400.00 (Side area) 
      Cumulative area ratio:  178.36
      Required ratio:    0.00 (Cumulative area) 
      Cumulative area ratio:  900.08
      Required ratio:    0.00 (Cumulative side area) 

    Layer: met1
      Partial area ratio:    0.00
      Required ratio:    0.00 (Gate area) 
      Partial area ratio:    0.00
      Required ratio:  400.00 (Side area) 
      Cumulative area ratio:    0.00
      Required ratio:    0.00 (Cumulative area) 
      Cumulative area ratio:    0.00
      Required ratio:    0.00 (Cumulative side area) 

    Layer: li1
      Partial area ratio:    0.00
      Required ratio:    0.00 (Gate area) 
      Partial area ratio:    0.00
      Required ratio:   75.00 (Side area) 
      Cumulative area ratio:    0.00
      Required ratio:    0.00 (Cumulative area) 
      Cumulative area ratio:    0.00
      Required ratio:    0.00 (Cumulative side area) 

    Via: M2M3_PR
      Partial area ratio:    0.05
      Required ratio:    6.00 (Gate area) 
      Cumulative area ratio:    1.09
      Required ratio:    0.00 (Cumulative area) 

    Via: M1M2_PR
      Partial area ratio:    0.14
      Required ratio:    6.00 (Gate area) 
      Cumulative area ratio:    0.32
      Required ratio:    0.00 (Cumulative area) 

    Via: L1M1_PR
      Partial area ratio:    0.18
      Required ratio:    3.00 (Gate area) 
      Cumulative area ratio:    0.18
      Required ratio:    0.00 (Cumulative area) 


Net: u_dmem.dout0_sram\[3\]
  Pin: u_dmem._055_/B (sky130_fd_sc_hd__and2_1)
    Layer: met4
      Partial area ratio:   24.67
      Required ratio:    0.00 (Gate area) 
      Partial area ratio:  142.98
      Required ratio:  400.00 (Side area) 
      Cumulative area ratio:  132.50
      Required ratio:    0.00 (Cumulative area) 
      Cumulative area ratio:  693.75
      Required ratio:    0.00 (Cumulative side area) 

    Layer: met3
      Partial area ratio:    2.36
      Required ratio:    0.00 (Gate area) 
      Partial area ratio:   16.38
      Required ratio:  400.00 (Side area) 
      Cumulative area ratio:  107.83
      Required ratio:    0.00 (Cumulative area) 
      Cumulative area ratio:  550.77
      Required ratio:    0.00 (Cumulative side area) 

    Layer: met2
      Partial area ratio:   16.12
      Required ratio:    0.00 (Gate area) 
      Partial area ratio:   82.17
      Required ratio:  400.00 (Side area) 
      Cumulative area ratio:  105.48
      Required ratio:    0.00 (Cumulative area) 
      Cumulative area ratio:  534.39
      Required ratio:    0.00 (Cumulative side area) 

    Layer: met1
      Partial area ratio:   89.36
      Required ratio:    0.00 (Gate area) 
      Partial area ratio:  452.22
      Required ratio:  400.00 (Side area) (VIOLATED)
      Cumulative area ratio:   89.36
      Required ratio:    0.00 (Cumulative area) 
      Cumulative area ratio:  452.22
      Required ratio:    0.00 (Cumulative side area) 

    Layer: li1
      Partial area ratio:    0.00
      Required ratio:    0.00 (Gate area) 
      Partial area ratio:    0.00
      Required ratio:   75.00 (Side area) 
      Cumulative area ratio:    0.00
      Required ratio:    0.00 (Cumulative area) 
      Cumulative area ratio:    0.00
      Required ratio:    0.00 (Cumulative side area) 

    Via: M3M4_PR
      Partial area ratio:    0.32
      Required ratio:    6.00 (Gate area) 
      Cumulative area ratio:    1.04
      Required ratio:    0.00 (Cumulative area) 

    Via: M2M3_PR
      Partial area ratio:    0.32
      Required ratio:    6.00 (Gate area) 
      Cumulative area ratio:    0.73
      Required ratio:    0.00 (Cumulative area) 

    Via: M1M2_PR
      Partial area ratio:    0.18
      Required ratio:    6.00 (Gate area) 
      Cumulative area ratio:    0.41
      Required ratio:    0.00 (Cumulative area) 

    Via: L1M1_PR
      Partial area ratio:    0.23
      Required ratio:    3.00 (Gate area) 
      Cumulative area ratio:    0.23
      Required ratio:    0.00 (Cumulative area) 


Net: u_dmem.read_data\[19\]
  Pin: u_wb_mux._159_/B2 (sky130_fd_sc_hd__a22o_2)
    Layer: met2
      Partial area ratio:    7.27
      Required ratio:    0.00 (Gate area) 
      Partial area ratio:   37.16
      Required ratio: 2753.36 (Side area) 
      Cumulative area ratio:  137.93
      Required ratio:    0.00 (Cumulative area) 
      Cumulative area ratio:  693.61
      Required ratio:    0.00 (Cumulative side area) 

    Layer: met1
      Partial area ratio:  130.66
      Required ratio:    0.00 (Gate area) 
      Partial area ratio:  656.44
      Required ratio:  400.00 (Side area) (VIOLATED)
      Cumulative area ratio:  130.66
      Required ratio:    0.00 (Cumulative area) 
      Cumulative area ratio:  656.44
      Required ratio:    0.00 (Cumulative side area) 

    Layer: li1
      Partial area ratio:    0.00
      Required ratio:    0.00 (Gate area) 
      Partial area ratio:    0.00
      Required ratio:   75.00 (Side area) 
      Cumulative area ratio:    0.00
      Required ratio:    0.00 (Cumulative area) 
      Cumulative area ratio:    0.00
      Required ratio:    0.00 (Cumulative side area) 

    Via: M1M2_PR
      Partial area ratio:    0.09
      Required ratio:    6.00 (Gate area) 
      Cumulative area ratio:    0.21
      Required ratio:    0.00 (Cumulative area) 

    Via: L1M1_PR
      Partial area ratio:    0.12
      Required ratio:    3.00 (Gate area) 
      Cumulative area ratio:    0.12
      Required ratio:    0.00 (Cumulative area) 


Net: u_dmem.read_data\[25\]
  Pin: u_wb_mux._182_/B2 (sky130_fd_sc_hd__a22o_4)
    Layer: met2
      Partial area ratio:    1.19
      Required ratio:    0.00 (Gate area) 
      Partial area ratio:    6.17
      Required ratio: 2778.20 (Side area) 
      Cumulative area ratio:   85.60
      Required ratio:    0.00 (Cumulative area) 
      Cumulative area ratio:  429.16
      Required ratio:    0.00 (Cumulative side area) 

    Layer: met1
      Partial area ratio:   84.40
      Required ratio:    0.00 (Gate area) 
      Partial area ratio:  423.00
      Required ratio:  400.00 (Side area) (VIOLATED)
      Cumulative area ratio:   84.40
      Required ratio:    0.00 (Cumulative area) 
      Cumulative area ratio:  423.00
      Required ratio:    0.00 (Cumulative side area) 

    Layer: li1
      Partial area ratio:    0.00
      Required ratio:    0.00 (Gate area) 
      Partial area ratio:    0.00
      Required ratio:   75.00 (Side area) 
      Cumulative area ratio:    0.00
      Required ratio:    0.00 (Cumulative area) 
      Cumulative area ratio:    0.00
      Required ratio:    0.00 (Cumulative side area) 

    Via: M1M2_PR
      Partial area ratio:    0.05
      Required ratio:    6.00 (Gate area) 
      Cumulative area ratio:    0.10
      Required ratio:    0.00 (Cumulative area) 

    Via: L1M1_PR
      Partial area ratio:    0.06
      Required ratio:    3.00 (Gate area) 
      Cumulative area ratio:    0.06
      Required ratio:    0.00 (Cumulative area) 


Net: u_imem.addr\[24\]
  Pin: u_pc_next_logic._1421_/A (sky130_fd_sc_hd__or2_1)
    Layer: met2
      Partial area ratio:   57.05
      Required ratio:    0.00 (Gate area) 
      Partial area ratio:  286.04
      Required ratio: 2956.40 (Side area) 
      Cumulative area ratio:   63.56
      Required ratio:    0.00 (Cumulative area) 
      Cumulative area ratio:  320.18
      Required ratio:    0.00 (Cumulative side area) 

    Layer: met1
      Partial area ratio:    6.51
      Required ratio:    0.00 (Gate area) 
      Partial area ratio:   34.15
      Required ratio:  400.00 (Side area) 
      Cumulative area ratio:    6.51
      Required ratio:    0.00 (Cumulative area) 
      Cumulative area ratio:   34.15
      Required ratio:    0.00 (Cumulative side area) 

    Layer: li1
      Partial area ratio:    0.00
      Required ratio:    0.00 (Gate area) 
      Partial area ratio:    0.00
      Required ratio:   75.00 (Side area) 
      Cumulative area ratio:    0.00
      Required ratio:    0.00 (Cumulative area) 
      Cumulative area ratio:    0.00
      Required ratio:    0.00 (Cumulative side area) 

    Layer: met3
      Partial area ratio:    1.82
      Required ratio:    0.00 (Gate area) 
      Partial area ratio:   10.02
      Required ratio: 2956.40 (Side area) 
      Cumulative area ratio:   65.38
      Required ratio:    0.00 (Cumulative area) 
      Cumulative area ratio:  330.20
      Required ratio:    0.00 (Cumulative side area) 

    Via: M2M3_PR
      Partial area ratio:    0.03
      Required ratio:    6.00 (Gate area) 
      Cumulative area ratio:    0.38
      Required ratio:    0.00 (Cumulative area) 

    Via: M1M2_PR
      Partial area ratio:    0.12
      Required ratio:    6.00 (Gate area) 
      Cumulative area ratio:    0.35
      Required ratio:    0.00 (Cumulative area) 

    Via: L1M1_PR
      Partial area ratio:    0.23
      Required ratio:    3.00 (Gate area) 
      Cumulative area ratio:    0.23
      Required ratio:    0.00 (Cumulative area) 

  Pin: u_pc_next_logic._1420_/A (sky130_fd_sc_hd__nand2_1)
    Layer: met2
      Partial area ratio:   57.05
      Required ratio:    0.00 (Gate area) 
      Partial area ratio:  286.04
      Required ratio: 2956.40 (Side area) 
      Cumulative area ratio:   63.56
      Required ratio:    0.00 (Cumulative area) 
      Cumulative area ratio:  320.18
      Required ratio:    0.00 (Cumulative side area) 

    Layer: met1
      Partial area ratio:    6.51
      Required ratio:    0.00 (Gate area) 
      Partial area ratio:   34.15
      Required ratio:  400.00 (Side area) 
      Cumulative area ratio:    6.51
      Required ratio:    0.00 (Cumulative area) 
      Cumulative area ratio:   34.15
      Required ratio:    0.00 (Cumulative side area) 

    Layer: li1
      Partial area ratio:    0.00
      Required ratio:    0.00 (Gate area) 
      Partial area ratio:    0.00
      Required ratio:   75.00 (Side area) 
      Cumulative area ratio:    0.00
      Required ratio:    0.00 (Cumulative area) 
      Cumulative area ratio:    0.00
      Required ratio:    0.00 (Cumulative side area) 

    Layer: met3
      Partial area ratio:    1.82
      Required ratio:    0.00 (Gate area) 
      Partial area ratio:   10.02
      Required ratio: 2956.40 (Side area) 
      Cumulative area ratio:   65.38
      Required ratio:    0.00 (Cumulative area) 
      Cumulative area ratio:  330.20
      Required ratio:    0.00 (Cumulative side area) 

    Via: M2M3_PR
      Partial area ratio:    0.03
      Required ratio:    6.00 (Gate area) 
      Cumulative area ratio:    0.27
      Required ratio:    0.00 (Cumulative area) 

    Via: M1M2_PR
      Partial area ratio:    0.12
      Required ratio:    6.00 (Gate area) 
      Cumulative area ratio:    0.24
      Required ratio:    0.00 (Cumulative area) 

    Via: L1M1_PR
      Partial area ratio:    0.12
      Required ratio:    3.00 (Gate area) 
      Cumulative area ratio:    0.12
      Required ratio:    0.00 (Cumulative area) 

  Pin: u_pc_next_logic._1433_/A (sky130_fd_sc_hd__or2_1)
    Layer: met2
      Partial area ratio:   57.05
      Required ratio:    0.00 (Gate area) 
      Partial area ratio:  286.04
      Required ratio: 2956.40 (Side area) 
      Cumulative area ratio:   80.77
      Required ratio:    0.00 (Cumulative area) 
      Cumulative area ratio:  407.78
      Required ratio:    0.00 (Cumulative side area) 

    Layer: met1
      Partial area ratio:   17.20
      Required ratio:    0.00 (Gate area) 
      Partial area ratio:   87.60
      Required ratio:  400.00 (Side area) 
      Cumulative area ratio:   17.20
      Required ratio:    0.00 (Cumulative area) 
      Cumulative area ratio:   87.60
      Required ratio:    0.00 (Cumulative side area) 

    Layer: li1
      Partial area ratio:    0.00
      Required ratio:    0.00 (Gate area) 
      Partial area ratio:    0.00
      Required ratio:   75.00 (Side area) 
      Cumulative area ratio:    0.00
      Required ratio:    0.00 (Cumulative area) 
      Cumulative area ratio:    0.00
      Required ratio:    0.00 (Cumulative side area) 

    Layer: met3
      Partial area ratio:    1.82
      Required ratio:    0.00 (Gate area) 
      Partial area ratio:   10.02
      Required ratio: 2956.40 (Side area) 
      Cumulative area ratio:   82.59
      Required ratio:    0.00 (Cumulative area) 
      Cumulative area ratio:  417.80
      Required ratio:    0.00 (Cumulative side area) 

    Via: M2M3_PR
      Partial area ratio:    0.03
      Required ratio:    6.00 (Gate area) 
      Cumulative area ratio:    0.50
      Required ratio:    0.00 (Cumulative area) 

    Via: M1M2_PR
      Partial area ratio:    0.12
      Required ratio:    6.00 (Gate area) 
      Cumulative area ratio:    0.35
      Required ratio:    0.00 (Cumulative area) 

    Via: L1M1_PR
      Partial area ratio:    0.23
      Required ratio:    3.00 (Gate area) 
      Cumulative area ratio:    0.23
      Required ratio:    0.00 (Cumulative area) 

  Pin: u_pc_next_logic._1432_/A (sky130_fd_sc_hd__nand2_1)
    Layer: met2
      Partial area ratio:   57.05
      Required ratio:    0.00 (Gate area) 
      Partial area ratio:  286.04
      Required ratio: 2956.40 (Side area) 
      Cumulative area ratio:   80.77
      Required ratio:    0.00 (Cumulative area) 
      Cumulative area ratio:  407.78
      Required ratio:    0.00 (Cumulative side area) 

    Layer: met1
      Partial area ratio:   17.20
      Required ratio:    0.00 (Gate area) 
      Partial area ratio:   87.60
      Required ratio:  400.00 (Side area) 
      Cumulative area ratio:   17.20
      Required ratio:    0.00 (Cumulative area) 
      Cumulative area ratio:   87.60
      Required ratio:    0.00 (Cumulative side area) 

    Layer: li1
      Partial area ratio:    0.00
      Required ratio:    0.00 (Gate area) 
      Partial area ratio:    0.00
      Required ratio:   75.00 (Side area) 
      Cumulative area ratio:    0.00
      Required ratio:    0.00 (Cumulative area) 
      Cumulative area ratio:    0.00
      Required ratio:    0.00 (Cumulative side area) 

    Layer: met3
      Partial area ratio:    1.82
      Required ratio:    0.00 (Gate area) 
      Partial area ratio:   10.02
      Required ratio: 2956.40 (Side area) 
      Cumulative area ratio:   82.59
      Required ratio:    0.00 (Cumulative area) 
      Cumulative area ratio:  417.80
      Required ratio:    0.00 (Cumulative side area) 

    Via: M2M3_PR
      Partial area ratio:    0.03
      Required ratio:    6.00 (Gate area) 
      Cumulative area ratio:    0.39
      Required ratio:    0.00 (Cumulative area) 

    Via: M1M2_PR
      Partial area ratio:    0.12
      Required ratio:    6.00 (Gate area) 
      Cumulative area ratio:    0.24
      Required ratio:    0.00 (Cumulative area) 

    Via: L1M1_PR
      Partial area ratio:    0.12
      Required ratio:    3.00 (Gate area) 
      Cumulative area ratio:    0.12
      Required ratio:    0.00 (Cumulative area) 

  Pin: u_pc_next_logic._0834_/A (sky130_fd_sc_hd__and3_1)
    Layer: met3
      Partial area ratio:    1.82
      Required ratio:    0.00 (Gate area) 
      Partial area ratio:   10.02
      Required ratio: 2956.40 (Side area) 
      Cumulative area ratio:    5.90
      Required ratio:    0.00 (Cumulative area) 
      Cumulative area ratio:   31.96
      Required ratio:    0.00 (Cumulative side area) 

    Layer: met2
      Partial area ratio:    0.34
      Required ratio:    0.00 (Gate area) 
      Partial area ratio:    2.50
      Required ratio:  400.00 (Side area) 
      Cumulative area ratio:    4.08
      Required ratio:    0.00 (Cumulative area) 
      Cumulative area ratio:   21.94
      Required ratio:    0.00 (Cumulative side area) 

    Layer: met1
      Partial area ratio:    3.73
      Required ratio:    0.00 (Gate area) 
      Partial area ratio:   19.44
      Required ratio:  400.00 (Side area) 
      Cumulative area ratio:    3.73
      Required ratio:    0.00 (Cumulative area) 
      Cumulative area ratio:   19.44
      Required ratio:    0.00 (Cumulative side area) 

    Layer: li1
      Partial area ratio:    0.00
      Required ratio:    0.00 (Gate area) 
      Partial area ratio:    0.00
      Required ratio:   75.00 (Side area) 
      Cumulative area ratio:    0.00
      Required ratio:    0.00 (Cumulative area) 
      Cumulative area ratio:    0.00
      Required ratio:    0.00 (Cumulative side area) 

    Via: M2M3_PR
      Partial area ratio:    0.32
      Required ratio:    6.00 (Gate area) 
      Cumulative area ratio:    0.73
      Required ratio:    0.00 (Cumulative area) 

    Via: M1M2_PR
      Partial area ratio:    0.18
      Required ratio:    6.00 (Gate area) 
      Cumulative area ratio:    0.41
      Required ratio:    0.00 (Cumulative area) 

    Via: L1M1_PR
      Partial area ratio:    0.23
      Required ratio:    3.00 (Gate area) 
      Cumulative area ratio:    0.23
      Required ratio:    0.00 (Cumulative area) 

  Pin: u_pc_next_logic._0832_/A (sky130_fd_sc_hd__xor2_2)
    Layer: met3
      Partial area ratio:    1.82
      Required ratio:    0.00 (Gate area) 
      Partial area ratio:   10.02
      Required ratio: 2956.40 (Side area) 
      Cumulative area ratio:    5.94
      Required ratio:    0.00 (Cumulative area) 
      Cumulative area ratio:   31.35
      Required ratio:    0.00 (Cumulative side area) 

    Layer: met2
      Partial area ratio:    1.45
      Required ratio:    0.00 (Gate area) 
      Partial area ratio:    7.50
      Required ratio:  400.00 (Side area) 
      Cumulative area ratio:    4.12
      Required ratio:    0.00 (Cumulative area) 
      Cumulative area ratio:   21.33
      Required ratio:    0.00 (Cumulative side area) 

    Layer: met1
      Partial area ratio:    2.67
      Required ratio:    0.00 (Gate area) 
      Partial area ratio:   13.83
      Required ratio:  400.00 (Side area) 
      Cumulative area ratio:    2.67
      Required ratio:    0.00 (Cumulative area) 
      Cumulative area ratio:   13.83
      Required ratio:    0.00 (Cumulative side area) 

    Layer: li1
      Partial area ratio:    0.00
      Required ratio:    0.00 (Gate area) 
      Partial area ratio:    0.00
      Required ratio:   75.00 (Side area) 
      Cumulative area ratio:    0.00
      Required ratio:    0.00 (Cumulative area) 
      Cumulative area ratio:    0.00
      Required ratio:    0.00 (Cumulative side area) 

    Via: M2M3_PR
      Partial area ratio:    0.02
      Required ratio:    6.00 (Gate area) 
      Cumulative area ratio:    0.10
      Required ratio:    0.00 (Cumulative area) 

    Via: M1M2_PR
      Partial area ratio:    0.05
      Required ratio:    6.00 (Gate area) 
      Cumulative area ratio:    0.07
      Required ratio:    0.00 (Cumulative area) 

    Via: L1M1_PR
      Partial area ratio:    0.03
      Required ratio:    3.00 (Gate area) 
      Cumulative area ratio:    0.03
      Required ratio:    0.00 (Cumulative area) 

  Pin: _583_/A (sky130_fd_sc_hd__and2_1)
    Layer: met3
      Partial area ratio:    1.82
      Required ratio:    0.00 (Gate area) 
      Partial area ratio:   10.02
      Required ratio: 2956.40 (Side area) 
      Cumulative area ratio:    8.73
      Required ratio:    0.00 (Cumulative area) 
      Cumulative area ratio:   47.30
      Required ratio:    0.00 (Cumulative side area) 

    Layer: met2
      Partial area ratio:    1.45
      Required ratio:    0.00 (Gate area) 
      Partial area ratio:    7.50
      Required ratio:  400.00 (Side area) 
      Cumulative area ratio:    6.91
      Required ratio:    0.00 (Cumulative area) 
      Cumulative area ratio:   37.29
      Required ratio:    0.00 (Cumulative side area) 

    Layer: met1
      Partial area ratio:    0.00
      Required ratio:    0.00 (Gate area) 
      Partial area ratio:    0.00
      Required ratio:  400.00 (Side area) 
      Cumulative area ratio:    0.00
      Required ratio:    0.00 (Cumulative area) 
      Cumulative area ratio:    0.00
      Required ratio:    0.00 (Cumulative side area) 

    Layer: li1
      Partial area ratio:    0.00
      Required ratio:    0.00 (Gate area) 
      Partial area ratio:    0.00
      Required ratio:   75.00 (Side area) 
      Cumulative area ratio:    0.00
      Required ratio:    0.00 (Cumulative area) 
      Cumulative area ratio:    0.00
      Required ratio:    0.00 (Cumulative side area) 

    Via: M2M3_PR
      Partial area ratio:    0.02
      Required ratio:    6.00 (Gate area) 
      Cumulative area ratio:    0.66
      Required ratio:    0.00 (Cumulative area) 

    Via: M1M2_PR
      Partial area ratio:    0.18
      Required ratio:    6.00 (Gate area) 
      Cumulative area ratio:    0.41
      Required ratio:    0.00 (Cumulative area) 

    Via: L1M1_PR
      Partial area ratio:    0.23
      Required ratio:    3.00 (Gate area) 
      Cumulative area ratio:    0.23
      Required ratio:    0.00 (Cumulative area) 

  Pin: _584_/A (sky130_fd_sc_hd__nor2_1)
    Layer: met3
      Partial area ratio:    1.82
      Required ratio:    0.00 (Gate area) 
      Partial area ratio:   10.02
      Required ratio: 2956.40 (Side area) 
      Cumulative area ratio:    8.73
      Required ratio:    0.00 (Cumulative area) 
      Cumulative area ratio:   47.30
      Required ratio:    0.00 (Cumulative side area) 

    Layer: met2
      Partial area ratio:    1.45
      Required ratio:    0.00 (Gate area) 
      Partial area ratio:    7.50
      Required ratio:  400.00 (Side area) 
      Cumulative area ratio:    6.91
      Required ratio:    0.00 (Cumulative area) 
      Cumulative area ratio:   37.29
      Required ratio:    0.00 (Cumulative side area) 

    Layer: met1
      Partial area ratio:    2.79
      Required ratio:    0.00 (Gate area) 
      Partial area ratio:   15.95
      Required ratio:  400.00 (Side area) 
      Cumulative area ratio:    2.79
      Required ratio:    0.00 (Cumulative area) 
      Cumulative area ratio:   15.95
      Required ratio:    0.00 (Cumulative side area) 

    Layer: li1
      Partial area ratio:    0.00
      Required ratio:    0.00 (Gate area) 
      Partial area ratio:    0.00
      Required ratio:   75.00 (Side area) 
      Cumulative area ratio:    0.00
      Required ratio:    0.00 (Cumulative area) 
      Cumulative area ratio:    0.00
      Required ratio:    0.00 (Cumulative side area) 

    Via: M2M3_PR
      Partial area ratio:    0.02
      Required ratio:    6.00 (Gate area) 
      Cumulative area ratio:    0.37
      Required ratio:    0.00 (Cumulative area) 

    Via: M1M2_PR
      Partial area ratio:    0.18
      Required ratio:    6.00 (Gate area) 
      Cumulative area ratio:    0.30
      Required ratio:    0.00 (Cumulative area) 

    Via: L1M1_PR
      Partial area ratio:    0.12
      Required ratio:    3.00 (Gate area) 
      Cumulative area ratio:    0.12
      Required ratio:    0.00 (Cumulative area) 

  Pin: u_pc_next_logic._0833_/A1 (sky130_fd_sc_hd__a21oi_1)
    Layer: met3
      Partial area ratio:    1.82
      Required ratio:    0.00 (Gate area) 
      Partial area ratio:   10.02
      Required ratio: 2956.40 (Side area) 
      Cumulative area ratio:    3.27
      Required ratio:    0.00 (Cumulative area) 
      Cumulative area ratio:   17.52
      Required ratio:    0.00 (Cumulative side area) 

    Layer: met2
      Partial area ratio:    1.45
      Required ratio:    0.00 (Gate area) 
      Partial area ratio:    7.50
      Required ratio:  400.00 (Side area) 
      Cumulative area ratio:    1.45
      Required ratio:    0.00 (Cumulative area) 
      Cumulative area ratio:    7.50
      Required ratio:    0.00 (Cumulative side area) 

    Layer: met1
      Partial area ratio:    0.00
      Required ratio:    0.00 (Gate area) 
      Partial area ratio:    0.00
      Required ratio:  400.00 (Side area) 
      Cumulative area ratio:    0.00
      Required ratio:    0.00 (Cumulative area) 
      Cumulative area ratio:    0.00
      Required ratio:    0.00 (Cumulative side area) 

    Layer: li1
      Partial area ratio:    0.00
      Required ratio:    0.00 (Gate area) 
      Partial area ratio:    0.00
      Required ratio:   75.00 (Side area) 
      Cumulative area ratio:    0.00
      Required ratio:    0.00 (Cumulative area) 
      Cumulative area ratio:    0.00
      Required ratio:    0.00 (Cumulative side area) 

    Via: M2M3_PR
      Partial area ratio:    0.02
      Required ratio:    6.00 (Gate area) 
      Cumulative area ratio:    0.23
      Required ratio:    0.00 (Cumulative area) 

    Via: M1M2_PR
      Partial area ratio:    0.09
      Required ratio:    6.00 (Gate area) 
      Cumulative area ratio:    0.21
      Required ratio:    0.00 (Cumulative area) 

    Via: L1M1_PR
      Partial area ratio:    0.12
      Required ratio:    3.00 (Gate area) 
      Cumulative area ratio:    0.12
      Required ratio:    0.00 (Cumulative area) 

  Pin: u_pc_next_logic._0838_/A (sky130_fd_sc_hd__and4_1)
    Layer: met2
      Partial area ratio:   57.05
      Required ratio:    0.00 (Gate area) 
      Partial area ratio:  286.04
      Required ratio: 2956.40 (Side area) 
      Cumulative area ratio:   80.77
      Required ratio:    0.00 (Cumulative area) 
      Cumulative area ratio:  407.78
      Required ratio:    0.00 (Cumulative side area) 

    Layer: met3
      Partial area ratio:    1.82
      Required ratio:    0.00 (Gate area) 
      Partial area ratio:   10.02
      Required ratio: 2956.40 (Side area) 
      Cumulative area ratio:   82.59
      Required ratio:    0.00 (Cumulative area) 
      Cumulative area ratio:  417.80
      Required ratio:    0.00 (Cumulative side area) 

    Layer: met1
      Partial area ratio:    0.00
      Required ratio:    0.00 (Gate area) 
      Partial area ratio:    0.00
      Required ratio:  400.00 (Side area) 
      Cumulative area ratio:    0.00
      Required ratio:    0.00 (Cumulative area) 
      Cumulative area ratio:    0.00
      Required ratio:    0.00 (Cumulative side area) 

    Layer: li1
      Partial area ratio:    0.00
      Required ratio:    0.00 (Gate area) 
      Partial area ratio:    0.00
      Required ratio:   75.00 (Side area) 
      Cumulative area ratio:    0.00
      Required ratio:    0.00 (Cumulative area) 
      Cumulative area ratio:    0.00
      Required ratio:    0.00 (Cumulative side area) 

    Via: M2M3_PR
      Partial area ratio:    0.03
      Required ratio:    6.00 (Gate area) 
      Cumulative area ratio:    0.68
      Required ratio:    0.00 (Cumulative area) 

    Via: M1M2_PR
      Partial area ratio:    0.18
      Required ratio:    6.00 (Gate area) 
      Cumulative area ratio:    0.41
      Required ratio:    0.00 (Cumulative area) 

    Via: L1M1_PR
      Partial area ratio:    0.23
      Required ratio:    3.00 (Gate area) 
      Cumulative area ratio:    0.23
      Required ratio:    0.00 (Cumulative area) 

  Pin: _422_/A1 (sky130_fd_sc_hd__mux2_1)
    Layer: met2
      Partial area ratio:   57.05
      Required ratio:    0.00 (Gate area) 
      Partial area ratio:  286.04
      Required ratio: 2956.40 (Side area) 
      Cumulative area ratio:  177.67
      Required ratio:    0.00 (Cumulative area) 
      Cumulative area ratio:  893.04
      Required ratio:    0.00 (Cumulative side area) 

    Layer: met3
      Partial area ratio:    1.82
      Required ratio:    0.00 (Gate area) 
      Partial area ratio:   10.02
      Required ratio: 2956.40 (Side area) 
      Cumulative area ratio:  179.49
      Required ratio:    0.00 (Cumulative area) 
      Cumulative area ratio:  903.05
      Required ratio:    0.00 (Cumulative side area) 

    Layer: met1
      Partial area ratio:  120.62
      Required ratio:    0.00 (Gate area) 
      Partial area ratio:  607.00
      Required ratio:  400.00 (Side area) (VIOLATED)
      Cumulative area ratio:  120.62
      Required ratio:    0.00 (Cumulative area) 
      Cumulative area ratio:  607.00
      Required ratio:    0.00 (Cumulative side area) 

    Layer: li1
      Partial area ratio:    0.00
      Required ratio:    0.00 (Gate area) 
      Partial area ratio:    0.00
      Required ratio:   75.00 (Side area) 
      Cumulative area ratio:    0.00
      Required ratio:    0.00 (Cumulative area) 
      Cumulative area ratio:    0.00
      Required ratio:    0.00 (Cumulative side area) 

    Via: M2M3_PR
      Partial area ratio:    0.03
      Required ratio:    6.00 (Gate area) 
      Cumulative area ratio:    0.44
      Required ratio:    0.00 (Cumulative area) 

    Via: M1M2_PR
      Partial area ratio:    0.18
      Required ratio:    6.00 (Gate area) 
      Cumulative area ratio:    0.41
      Required ratio:    0.00 (Cumulative area) 

    Via: L1M1_PR
      Partial area ratio:    0.23
      Required ratio:    3.00 (Gate area) 
      Cumulative area ratio:    0.23
      Required ratio:    0.00 (Cumulative area) 

  Pin: _654_/A (sky130_fd_sc_hd__buf_4)
    Layer: met2
      Partial area ratio:   57.05
      Required ratio:    0.00 (Gate area) 
      Partial area ratio:  286.04
      Required ratio: 2956.40 (Side area) 
      Cumulative area ratio:   57.05
      Required ratio:    0.00 (Cumulative area) 
      Cumulative area ratio:  286.04
      Required ratio:    0.00 (Cumulative side area) 

    Layer: met3
      Partial area ratio:    1.82
      Required ratio:    0.00 (Gate area) 
      Partial area ratio:   10.02
      Required ratio: 2956.40 (Side area) 
      Cumulative area ratio:   58.87
      Required ratio:    0.00 (Cumulative area) 
      Cumulative area ratio:  296.05
      Required ratio:    0.00 (Cumulative side area) 

    Layer: met1
      Partial area ratio:    0.00
      Required ratio:    0.00 (Gate area) 
      Partial area ratio:    0.00
      Required ratio:  400.00 (Side area) 
      Cumulative area ratio:    0.00
      Required ratio:    0.00 (Cumulative area) 
      Cumulative area ratio:    0.00
      Required ratio:    0.00 (Cumulative side area) 

    Layer: li1
      Partial area ratio:    0.00
      Required ratio:    0.00 (Gate area) 
      Partial area ratio:    0.00
      Required ratio:   75.00 (Side area) 
      Cumulative area ratio:    0.00
      Required ratio:    0.00 (Cumulative area) 
      Cumulative area ratio:    0.00
      Required ratio:    0.00 (Cumulative side area) 

    Via: M2M3_PR
      Partial area ratio:    0.03
      Required ratio:    6.00 (Gate area) 
      Cumulative area ratio:    0.24
      Required ratio:    0.00 (Cumulative area) 

    Via: M1M2_PR
      Partial area ratio:    0.09
      Required ratio:    6.00 (Gate area) 
      Cumulative area ratio:    0.21
      Required ratio:    0.00 (Cumulative area) 

    Via: L1M1_PR
      Partial area ratio:    0.12
      Required ratio:    3.00 (Gate area) 
      Cumulative area ratio:    0.12
      Required ratio:    0.00 (Cumulative area) 


Net: u_imem.addr\[25\]
  Pin: u_pc_next_logic._1466_/A (sky130_fd_sc_hd__or2_1)
    Layer: met2
      Partial area ratio:   29.52
      Required ratio:    0.00 (Gate area) 
      Partial area ratio:  148.48
      Required ratio: 2956.40 (Side area) 
      Cumulative area ratio:   30.79
      Required ratio:    0.00 (Cumulative area) 
      Cumulative area ratio:  155.64
      Required ratio:    0.00 (Cumulative side area) 

    Layer: met1
      Partial area ratio:    1.27
      Required ratio:    0.00 (Gate area) 
      Partial area ratio:    7.16
      Required ratio:  400.00 (Side area) 
      Cumulative area ratio:    1.27
      Required ratio:    0.00 (Cumulative area) 
      Cumulative area ratio:    7.16
      Required ratio:    0.00 (Cumulative side area) 

    Layer: li1
      Partial area ratio:    0.00
      Required ratio:    0.00 (Gate area) 
      Partial area ratio:    0.00
      Required ratio:   75.00 (Side area) 
      Cumulative area ratio:    0.00
      Required ratio:    0.00 (Cumulative area) 
      Cumulative area ratio:    0.00
      Required ratio:    0.00 (Cumulative side area) 

    Via: M1M2_PR
      Partial area ratio:    0.06
      Required ratio:    6.00 (Gate area) 
      Cumulative area ratio:    0.29
      Required ratio:    0.00 (Cumulative area) 

    Via: L1M1_PR
      Partial area ratio:    0.23
      Required ratio:    3.00 (Gate area) 
      Cumulative area ratio:    0.23
      Required ratio:    0.00 (Cumulative area) 

  Pin: u_pc_next_logic._1465_/A (sky130_fd_sc_hd__nand2_1)
    Layer: met2
      Partial area ratio:   29.52
      Required ratio:    0.00 (Gate area) 
      Partial area ratio:  148.48
      Required ratio: 2956.40 (Side area) 
      Cumulative area ratio:   30.79
      Required ratio:    0.00 (Cumulative area) 
      Cumulative area ratio:  155.64
      Required ratio:    0.00 (Cumulative side area) 

    Layer: met1
      Partial area ratio:    1.27
      Required ratio:    0.00 (Gate area) 
      Partial area ratio:    7.16
      Required ratio:  400.00 (Side area) 
      Cumulative area ratio:    1.27
      Required ratio:    0.00 (Cumulative area) 
      Cumulative area ratio:    7.16
      Required ratio:    0.00 (Cumulative side area) 

    Layer: li1
      Partial area ratio:    0.00
      Required ratio:    0.00 (Gate area) 
      Partial area ratio:    0.00
      Required ratio:   75.00 (Side area) 
      Cumulative area ratio:    0.00
      Required ratio:    0.00 (Cumulative area) 
      Cumulative area ratio:    0.00
      Required ratio:    0.00 (Cumulative side area) 

    Via: M1M2_PR
      Partial area ratio:    0.06
      Required ratio:    6.00 (Gate area) 
      Cumulative area ratio:    0.18
      Required ratio:    0.00 (Cumulative area) 

    Via: L1M1_PR
      Partial area ratio:    0.12
      Required ratio:    3.00 (Gate area) 
      Cumulative area ratio:    0.12
      Required ratio:    0.00 (Cumulative area) 

  Pin: _588_/A (sky130_fd_sc_hd__nor2_1)
    Layer: met2
      Partial area ratio:   29.52
      Required ratio:    0.00 (Gate area) 
      Partial area ratio:  148.48
      Required ratio: 2956.40 (Side area) 
      Cumulative area ratio:  149.42
      Required ratio:    0.00 (Cumulative area) 
      Cumulative area ratio:  760.25
      Required ratio:    0.00 (Cumulative side area) 

    Layer: met1
      Partial area ratio:    0.70
      Required ratio:    0.00 (Gate area) 
      Partial area ratio:    4.10
      Required ratio:  400.00 (Side area) 
      Cumulative area ratio:    0.70
      Required ratio:    0.00 (Cumulative area) 
      Cumulative area ratio:    4.10
      Required ratio:    0.00 (Cumulative side area) 

    Layer: li1
      Partial area ratio:    0.00
      Required ratio:    0.00 (Gate area) 
      Partial area ratio:    0.00
      Required ratio:   75.00 (Side area) 
      Cumulative area ratio:    0.00
      Required ratio:    0.00 (Cumulative area) 
      Cumulative area ratio:    0.00
      Required ratio:    0.00 (Cumulative side area) 

    Via: M1M2_PR
      Partial area ratio:    0.05
      Required ratio:    6.00 (Gate area) 
      Cumulative area ratio:    0.16
      Required ratio:    0.00 (Cumulative area) 

    Via: L1M1_PR
      Partial area ratio:    0.12
      Required ratio:    3.00 (Gate area) 
      Cumulative area ratio:    0.12
      Required ratio:    0.00 (Cumulative area) 

  Pin: _595_/A (sky130_fd_sc_hd__nand2_1)
    Layer: met2
      Partial area ratio:   29.52
      Required ratio:    0.00 (Gate area) 
      Partial area ratio:  148.48
      Required ratio: 2956.40 (Side area) 
      Cumulative area ratio:  149.42
      Required ratio:    0.00 (Cumulative area) 
      Cumulative area ratio:  760.25
      Required ratio:    0.00 (Cumulative side area) 

    Layer: met1
      Partial area ratio:    0.70
      Required ratio:    0.00 (Gate area) 
      Partial area ratio:    4.10
      Required ratio:  400.00 (Side area) 
      Cumulative area ratio:    0.70
      Required ratio:    0.00 (Cumulative area) 
      Cumulative area ratio:    4.10
      Required ratio:    0.00 (Cumulative side area) 

    Layer: li1
      Partial area ratio:    0.00
      Required ratio:    0.00 (Gate area) 
      Partial area ratio:    0.00
      Required ratio:   75.00 (Side area) 
      Cumulative area ratio:    0.00
      Required ratio:    0.00 (Cumulative area) 
      Cumulative area ratio:    0.00
      Required ratio:    0.00 (Cumulative side area) 

    Via: M1M2_PR
      Partial area ratio:    0.05
      Required ratio:    6.00 (Gate area) 
      Cumulative area ratio:    0.16
      Required ratio:    0.00 (Cumulative area) 

    Via: L1M1_PR
      Partial area ratio:    0.12
      Required ratio:    3.00 (Gate area) 
      Cumulative area ratio:    0.12
      Required ratio:    0.00 (Cumulative area) 

  Pin: _587_/A (sky130_fd_sc_hd__and2_1)
    Layer: met2
      Partial area ratio:   29.52
      Required ratio:    0.00 (Gate area) 
      Partial area ratio:  148.48
      Required ratio: 2956.40 (Side area) 
      Cumulative area ratio:  148.72
      Required ratio:    0.00 (Cumulative area) 
      Cumulative area ratio:  756.15
      Required ratio:    0.00 (Cumulative side area) 

    Layer: met1
      Partial area ratio:   35.02
      Required ratio:    0.00 (Gate area) 
      Partial area ratio:  179.78
      Required ratio:  400.00 (Side area) 
      Cumulative area ratio:   35.02
      Required ratio:    0.00 (Cumulative area) 
      Cumulative area ratio:  179.78
      Required ratio:    0.00 (Cumulative side area) 

    Layer: li1
      Partial area ratio:    0.00
      Required ratio:    0.00 (Gate area) 
      Partial area ratio:    0.00
      Required ratio:   75.00 (Side area) 
      Cumulative area ratio:    0.00
      Required ratio:    0.00 (Cumulative area) 
      Cumulative area ratio:    0.00
      Required ratio:    0.00 (Cumulative side area) 

    Via: M1M2_PR
      Partial area ratio:    0.54
      Required ratio:    6.00 (Gate area) 
      Cumulative area ratio:    0.77
      Required ratio:    0.00 (Cumulative area) 

    Via: L1M1_PR
      Partial area ratio:    0.23
      Required ratio:    3.00 (Gate area) 
      Cumulative area ratio:    0.23
      Required ratio:    0.00 (Cumulative area) 

  Pin: _606_/A (sky130_fd_sc_hd__or2_1)
    Layer: met2
      Partial area ratio:   29.52
      Required ratio:    0.00 (Gate area) 
      Partial area ratio:  148.48
      Required ratio: 2956.40 (Side area) 
      Cumulative area ratio:  148.72
      Required ratio:    0.00 (Cumulative area) 
      Cumulative area ratio:  756.15
      Required ratio:    0.00 (Cumulative side area) 

    Layer: met1
      Partial area ratio:    0.00
      Required ratio:    0.00 (Gate area) 
      Partial area ratio:    0.00
      Required ratio:  400.00 (Side area) 
      Cumulative area ratio:    0.00
      Required ratio:    0.00 (Cumulative area) 
      Cumulative area ratio:    0.00
      Required ratio:    0.00 (Cumulative side area) 

    Layer: li1
      Partial area ratio:    0.00
      Required ratio:    0.00 (Gate area) 
      Partial area ratio:    0.00
      Required ratio:   75.00 (Side area) 
      Cumulative area ratio:    0.00
      Required ratio:    0.00 (Cumulative area) 
      Cumulative area ratio:    0.00
      Required ratio:    0.00 (Cumulative side area) 

    Via: M1M2_PR
      Partial area ratio:    0.18
      Required ratio:    6.00 (Gate area) 
      Cumulative area ratio:    0.41
      Required ratio:    0.00 (Cumulative area) 

    Via: L1M1_PR
      Partial area ratio:    0.23
      Required ratio:    3.00 (Gate area) 
      Cumulative area ratio:    0.23
      Required ratio:    0.00 (Cumulative area) 

  Pin: u_pc_next_logic._0833_/B1 (sky130_fd_sc_hd__a21oi_1)
    Layer: met2
      Partial area ratio:   29.52
      Required ratio:    0.00 (Gate area) 
      Partial area ratio:  148.48
      Required ratio: 2956.40 (Side area) 
      Cumulative area ratio:  114.03
      Required ratio:    0.00 (Cumulative area) 
      Cumulative area ratio:  578.47
      Required ratio:    0.00 (Cumulative side area) 

    Layer: met1
      Partial area ratio:    0.34
      Required ratio:    0.00 (Gate area) 
      Partial area ratio:    2.09
      Required ratio:  400.00 (Side area) 
      Cumulative area ratio:    0.34
      Required ratio:    0.00 (Cumulative area) 
      Cumulative area ratio:    2.09
      Required ratio:    0.00 (Cumulative side area) 

    Layer: li1
      Partial area ratio:    0.00
      Required ratio:    0.00 (Gate area) 
      Partial area ratio:    0.00
      Required ratio:   75.00 (Side area) 
      Cumulative area ratio:    0.00
      Required ratio:    0.00 (Cumulative area) 
      Cumulative area ratio:    0.00
      Required ratio:    0.00 (Cumulative side area) 

    Via: M1M2_PR
      Partial area ratio:    0.09
      Required ratio:    6.00 (Gate area) 
      Cumulative area ratio:    0.21
      Required ratio:    0.00 (Cumulative area) 

    Via: L1M1_PR
      Partial area ratio:    0.12
      Required ratio:    3.00 (Gate area) 
      Cumulative area ratio:    0.12
      Required ratio:    0.00 (Cumulative area) 

  Pin: u_pc_next_logic._0834_/B (sky130_fd_sc_hd__and3_1)
    Layer: met2
      Partial area ratio:   29.52
      Required ratio:    0.00 (Gate area) 
      Partial area ratio:  148.48
      Required ratio: 2956.40 (Side area) 
      Cumulative area ratio:  113.69
      Required ratio:    0.00 (Cumulative area) 
      Cumulative area ratio:  576.37
      Required ratio:    0.00 (Cumulative side area) 

    Layer: met1
      Partial area ratio:    3.89
      Required ratio:    0.00 (Gate area) 
      Partial area ratio:   21.00
      Required ratio:  400.00 (Side area) 
      Cumulative area ratio:    3.89
      Required ratio:    0.00 (Cumulative area) 
      Cumulative area ratio:   21.00
      Required ratio:    0.00 (Cumulative side area) 

    Layer: li1
      Partial area ratio:    0.00
      Required ratio:    0.00 (Gate area) 
      Partial area ratio:    0.00
      Required ratio:   75.00 (Side area) 
      Cumulative area ratio:    0.00
      Required ratio:    0.00 (Cumulative area) 
      Cumulative area ratio:    0.00
      Required ratio:    0.00 (Cumulative side area) 

    Via: M1M2_PR
      Partial area ratio:    0.36
      Required ratio:    6.00 (Gate area) 
      Cumulative area ratio:    0.59
      Required ratio:    0.00 (Cumulative area) 

    Via: L1M1_PR
      Partial area ratio:    0.23
      Required ratio:    3.00 (Gate area) 
      Cumulative area ratio:    0.23
      Required ratio:    0.00 (Cumulative area) 

  Pin: u_pc_next_logic._0838_/B (sky130_fd_sc_hd__and4_1)
    Layer: met2
      Partial area ratio:   29.52
      Required ratio:    0.00 (Gate area) 
      Partial area ratio:  148.48
      Required ratio: 2956.40 (Side area) 
      Cumulative area ratio:  109.81
      Required ratio:    0.00 (Cumulative area) 
      Cumulative area ratio:  555.37
      Required ratio:    0.00 (Cumulative side area) 

    Layer: met1
      Partial area ratio:   80.29
      Required ratio:    0.00 (Gate area) 
      Partial area ratio:  406.89
      Required ratio:  400.00 (Side area) (VIOLATED)
      Cumulative area ratio:   80.29
      Required ratio:    0.00 (Cumulative area) 
      Cumulative area ratio:  406.89
      Required ratio:    0.00 (Cumulative side area) 

    Layer: li1
      Partial area ratio:    0.00
      Required ratio:    0.00 (Gate area) 
      Partial area ratio:    0.00
      Required ratio:   75.00 (Side area) 
      Cumulative area ratio:    0.00
      Required ratio:    0.00 (Cumulative area) 
      Cumulative area ratio:    0.00
      Required ratio:    0.00 (Cumulative side area) 

    Via: M1M2_PR
      Partial area ratio:    0.36
      Required ratio:    6.00 (Gate area) 
      Cumulative area ratio:    0.59
      Required ratio:    0.00 (Cumulative area) 

    Via: L1M1_PR
      Partial area ratio:    0.23
      Required ratio:    3.00 (Gate area) 
      Cumulative area ratio:    0.23
      Required ratio:    0.00 (Cumulative area) 

  Pin: u_pc_next_logic._1460_/A (sky130_fd_sc_hd__or2_1)
    Layer: met2
      Partial area ratio:   29.52
      Required ratio:    0.00 (Gate area) 
      Partial area ratio:  148.48
      Required ratio: 2956.40 (Side area) 
      Cumulative area ratio:   34.17
      Required ratio:    0.00 (Cumulative area) 
      Cumulative area ratio:  172.72
      Required ratio:    0.00 (Cumulative side area) 

    Layer: met1
      Partial area ratio:    0.00
      Required ratio:    0.00 (Gate area) 
      Partial area ratio:    0.00
      Required ratio:  400.00 (Side area) 
      Cumulative area ratio:    0.00
      Required ratio:    0.00 (Cumulative area) 
      Cumulative area ratio:    0.00
      Required ratio:    0.00 (Cumulative side area) 

    Layer: li1
      Partial area ratio:    0.00
      Required ratio:    0.00 (Gate area) 
      Partial area ratio:    0.00
      Required ratio:   75.00 (Side area) 
      Cumulative area ratio:    0.00
      Required ratio:    0.00 (Cumulative area) 
      Cumulative area ratio:    0.00
      Required ratio:    0.00 (Cumulative side area) 

    Via: M1M2_PR
      Partial area ratio:    0.18
      Required ratio:    6.00 (Gate area) 
      Cumulative area ratio:    0.41
      Required ratio:    0.00 (Cumulative area) 

    Via: L1M1_PR
      Partial area ratio:    0.23
      Required ratio:    3.00 (Gate area) 
      Cumulative area ratio:    0.23
      Required ratio:    0.00 (Cumulative area) 

  Pin: u_pc_next_logic._1485_/A (sky130_fd_sc_hd__nor2_1)
    Layer: met2
      Partial area ratio:   29.52
      Required ratio:    0.00 (Gate area) 
      Partial area ratio:  148.48
      Required ratio: 2956.40 (Side area) 
      Cumulative area ratio:   34.17
      Required ratio:    0.00 (Cumulative area) 
      Cumulative area ratio:  172.72
      Required ratio:    0.00 (Cumulative side area) 

    Layer: met1
      Partial area ratio:    4.65
      Required ratio:    0.00 (Gate area) 
      Partial area ratio:   24.24
      Required ratio:  400.00 (Side area) 
      Cumulative area ratio:    4.65
      Required ratio:    0.00 (Cumulative area) 
      Cumulative area ratio:   24.24
      Required ratio:    0.00 (Cumulative side area) 

    Layer: li1
      Partial area ratio:    0.00
      Required ratio:    0.00 (Gate area) 
      Partial area ratio:    0.00
      Required ratio:   75.00 (Side area) 
      Cumulative area ratio:    0.00
      Required ratio:    0.00 (Cumulative area) 
      Cumulative area ratio:    0.00
      Required ratio:    0.00 (Cumulative side area) 

    Via: M1M2_PR
      Partial area ratio:    0.09
      Required ratio:    6.00 (Gate area) 
      Cumulative area ratio:    0.21
      Required ratio:    0.00 (Cumulative area) 

    Via: L1M1_PR
      Partial area ratio:    0.12
      Required ratio:    3.00 (Gate area) 
      Cumulative area ratio:    0.12
      Required ratio:    0.00 (Cumulative area) 

  Pin: u_pc_next_logic._1459_/A (sky130_fd_sc_hd__nand2_1)
    Layer: met2
      Partial area ratio:   29.52
      Required ratio:    0.00 (Gate area) 
      Partial area ratio:  148.48
      Required ratio: 2956.40 (Side area) 
      Cumulative area ratio:   34.17
      Required ratio:    0.00 (Cumulative area) 
      Cumulative area ratio:  172.72
      Required ratio:    0.00 (Cumulative side area) 

    Layer: met1
      Partial area ratio:    4.65
      Required ratio:    0.00 (Gate area) 
      Partial area ratio:   24.24
      Required ratio:  400.00 (Side area) 
      Cumulative area ratio:    4.65
      Required ratio:    0.00 (Cumulative area) 
      Cumulative area ratio:   24.24
      Required ratio:    0.00 (Cumulative side area) 

    Layer: li1
      Partial area ratio:    0.00
      Required ratio:    0.00 (Gate area) 
      Partial area ratio:    0.00
      Required ratio:   75.00 (Side area) 
      Cumulative area ratio:    0.00
      Required ratio:    0.00 (Cumulative area) 
      Cumulative area ratio:    0.00
      Required ratio:    0.00 (Cumulative side area) 

    Via: M1M2_PR
      Partial area ratio:    0.09
      Required ratio:    6.00 (Gate area) 
      Cumulative area ratio:    0.21
      Required ratio:    0.00 (Cumulative area) 

    Via: L1M1_PR
      Partial area ratio:    0.12
      Required ratio:    3.00 (Gate area) 
      Cumulative area ratio:    0.12
      Required ratio:    0.00 (Cumulative area) 

  Pin: _424_/A1 (sky130_fd_sc_hd__mux2_1)
    Layer: met2
      Partial area ratio:   29.52
      Required ratio:    0.00 (Gate area) 
      Partial area ratio:  148.48
      Required ratio: 2956.40 (Side area) 
      Cumulative area ratio:   29.52
      Required ratio:    0.00 (Cumulative area) 
      Cumulative area ratio:  148.48
      Required ratio:    0.00 (Cumulative side area) 

    Layer: met1
      Partial area ratio:    0.00
      Required ratio:    0.00 (Gate area) 
      Partial area ratio:    0.00
      Required ratio:  400.00 (Side area) 
      Cumulative area ratio:    0.00
      Required ratio:    0.00 (Cumulative area) 
      Cumulative area ratio:    0.00
      Required ratio:    0.00 (Cumulative side area) 

    Layer: li1
      Partial area ratio:    0.00
      Required ratio:    0.00 (Gate area) 
      Partial area ratio:    0.00
      Required ratio:   75.00 (Side area) 
      Cumulative area ratio:    0.00
      Required ratio:    0.00 (Cumulative area) 
      Cumulative area ratio:    0.00
      Required ratio:    0.00 (Cumulative side area) 

    Via: M1M2_PR
      Partial area ratio:    0.18
      Required ratio:    6.00 (Gate area) 
      Cumulative area ratio:    0.41
      Required ratio:    0.00 (Cumulative area) 

    Via: L1M1_PR
      Partial area ratio:    0.23
      Required ratio:    3.00 (Gate area) 
      Cumulative area ratio:    0.23
      Required ratio:    0.00 (Cumulative area) 

  Pin: _655_/A (sky130_fd_sc_hd__buf_4)
    Layer: met2
      Partial area ratio:   29.52
      Required ratio:    0.00 (Gate area) 
      Partial area ratio:  148.48
      Required ratio: 2956.40 (Side area) 
      Cumulative area ratio:   29.52
      Required ratio:    0.00 (Cumulative area) 
      Cumulative area ratio:  148.48
      Required ratio:    0.00 (Cumulative side area) 

    Layer: met1
      Partial area ratio:    0.00
      Required ratio:    0.00 (Gate area) 
      Partial area ratio:    0.00
      Required ratio:  400.00 (Side area) 
      Cumulative area ratio:    0.00
      Required ratio:    0.00 (Cumulative area) 
      Cumulative area ratio:    0.00
      Required ratio:    0.00 (Cumulative side area) 

    Layer: li1
      Partial area ratio:    0.00
      Required ratio:    0.00 (Gate area) 
      Partial area ratio:    0.00
      Required ratio:   75.00 (Side area) 
      Cumulative area ratio:    0.00
      Required ratio:    0.00 (Cumulative area) 
      Cumulative area ratio:    0.00
      Required ratio:    0.00 (Cumulative side area) 

    Via: M1M2_PR
      Partial area ratio:    0.09
      Required ratio:    6.00 (Gate area) 
      Cumulative area ratio:    0.21
      Required ratio:    0.00 (Cumulative area) 

    Via: L1M1_PR
      Partial area ratio:    0.12
      Required ratio:    3.00 (Gate area) 
      Cumulative area ratio:    0.12
      Required ratio:    0.00 (Cumulative area) 


Net: u_imem.addr\[28\]
  Pin: u_pc_next_logic._1530_/A (sky130_fd_sc_hd__xnor2_2)
    Layer: met2
      Partial area ratio:   31.86
      Required ratio:    0.00 (Gate area) 
      Partial area ratio:  160.26
      Required ratio: 2956.40 (Side area) 
      Cumulative area ratio:   35.86
      Required ratio:    0.00 (Cumulative area) 
      Cumulative area ratio:  180.49
      Required ratio:    0.00 (Cumulative side area) 

    Layer: met1
      Partial area ratio:    4.01
      Required ratio:    0.00 (Gate area) 
      Partial area ratio:   20.24
      Required ratio:  400.00 (Side area) 
      Cumulative area ratio:    4.01
      Required ratio:    0.00 (Cumulative area) 
      Cumulative area ratio:   20.24
      Required ratio:    0.00 (Cumulative side area) 

    Layer: li1
      Partial area ratio:    0.00
      Required ratio:    0.00 (Gate area) 
      Partial area ratio:    0.00
      Required ratio:   75.00 (Side area) 
      Cumulative area ratio:    0.00
      Required ratio:    0.00 (Cumulative area) 
      Cumulative area ratio:    0.00
      Required ratio:    0.00 (Cumulative side area) 

    Layer: met3
      Partial area ratio:    0.59
      Required ratio:    0.00 (Gate area) 
      Partial area ratio:    3.41
      Required ratio: 2956.40 (Side area) 
      Cumulative area ratio:   36.46
      Required ratio:    0.00 (Cumulative area) 
      Cumulative area ratio:  183.90
      Required ratio:    0.00 (Cumulative side area) 

    Via: M2M3_PR
      Partial area ratio:    0.04
      Required ratio:    6.00 (Gate area) 
      Cumulative area ratio:    0.12
      Required ratio:    0.00 (Cumulative area) 

    Via: M1M2_PR
      Partial area ratio:    0.05
      Required ratio:    6.00 (Gate area) 
      Cumulative area ratio:    0.07
      Required ratio:    0.00 (Cumulative area) 

    Via: L1M1_PR
      Partial area ratio:    0.03
      Required ratio:    3.00 (Gate area) 
      Cumulative area ratio:    0.03
      Required ratio:    0.00 (Cumulative area) 

  Pin: u_pc_next_logic._1584_/A1 (sky130_fd_sc_hd__a22o_1)
    Layer: met2
      Partial area ratio:   31.86
      Required ratio:    0.00 (Gate area) 
      Partial area ratio:  160.26
      Required ratio: 2956.40 (Side area) 
      Cumulative area ratio:   47.23
      Required ratio:    0.00 (Cumulative area) 
      Cumulative area ratio:  240.90
      Required ratio:    0.00 (Cumulative side area) 

    Layer: met1
      Partial area ratio:    1.21
      Required ratio:    0.00 (Gate area) 
      Partial area ratio:    7.24
      Required ratio:  400.00 (Side area) 
      Cumulative area ratio:    1.21
      Required ratio:    0.00 (Cumulative area) 
      Cumulative area ratio:    7.24
      Required ratio:    0.00 (Cumulative side area) 

    Layer: li1
      Partial area ratio:    0.00
      Required ratio:    0.00 (Gate area) 
      Partial area ratio:    0.00
      Required ratio:   75.00 (Side area) 
      Cumulative area ratio:    0.00
      Required ratio:    0.00 (Cumulative area) 
      Cumulative area ratio:    0.00
      Required ratio:    0.00 (Cumulative side area) 

    Layer: met3
      Partial area ratio:    0.59
      Required ratio:    0.00 (Gate area) 
      Partial area ratio:    3.41
      Required ratio: 2956.40 (Side area) 
      Cumulative area ratio:   47.83
      Required ratio:    0.00 (Cumulative area) 
      Cumulative area ratio:  244.31
      Required ratio:    0.00 (Cumulative side area) 

    Via: M2M3_PR
      Partial area ratio:    0.04
      Required ratio:    6.00 (Gate area) 
      Cumulative area ratio:    0.57
      Required ratio:    0.00 (Cumulative area) 

    Via: M1M2_PR
      Partial area ratio:    0.09
      Required ratio:    6.00 (Gate area) 
      Cumulative area ratio:    0.21
      Required ratio:    0.00 (Cumulative area) 

    Via: L1M1_PR
      Partial area ratio:    0.12
      Required ratio:    3.00 (Gate area) 
      Cumulative area ratio:    0.12
      Required ratio:    0.00 (Cumulative area) 

  Pin: u_pc_next_logic._0841_/A (sky130_fd_sc_hd__xnor2_2)
    Layer: met3
      Partial area ratio:    0.59
      Required ratio:    0.00 (Gate area) 
      Partial area ratio:    3.41
      Required ratio: 2956.40 (Side area) 
      Cumulative area ratio:    7.74
      Required ratio:    0.00 (Cumulative area) 
      Cumulative area ratio:   39.73
      Required ratio:    0.00 (Cumulative side area) 

    Layer: met2
      Partial area ratio:    3.48
      Required ratio:    0.00 (Gate area) 
      Partial area ratio:   17.68
      Required ratio:  400.00 (Side area) 
      Cumulative area ratio:    7.15
      Required ratio:    0.00 (Cumulative area) 
      Cumulative area ratio:   36.32
      Required ratio:    0.00 (Cumulative side area) 

    Layer: met1
      Partial area ratio:    3.67
      Required ratio:    0.00 (Gate area) 
      Partial area ratio:   18.64
      Required ratio:  400.00 (Side area) 
      Cumulative area ratio:    3.67
      Required ratio:    0.00 (Cumulative area) 
      Cumulative area ratio:   18.64
      Required ratio:    0.00 (Cumulative side area) 

    Layer: li1
      Partial area ratio:    0.00
      Required ratio:    0.00 (Gate area) 
      Partial area ratio:    0.00
      Required ratio:   75.00 (Side area) 
      Cumulative area ratio:    0.00
      Required ratio:    0.00 (Cumulative area) 
      Cumulative area ratio:    0.00
      Required ratio:    0.00 (Cumulative side area) 

    Via: M2M3_PR
      Partial area ratio:    0.02
      Required ratio:    6.00 (Gate area) 
      Cumulative area ratio:    0.09
      Required ratio:    0.00 (Cumulative area) 

    Via: M1M2_PR
      Partial area ratio:    0.05
      Required ratio:    6.00 (Gate area) 
      Cumulative area ratio:    0.07
      Required ratio:    0.00 (Cumulative area) 

    Via: L1M1_PR
      Partial area ratio:    0.03
      Required ratio:    3.00 (Gate area) 
      Cumulative area ratio:    0.03
      Required ratio:    0.00 (Cumulative area) 

  Pin: u_pc_next_logic._0843_/C (sky130_fd_sc_hd__nand4_1)
    Layer: met3
      Partial area ratio:    0.59
      Required ratio:    0.00 (Gate area) 
      Partial area ratio:    3.41
      Required ratio: 2956.40 (Side area) 
      Cumulative area ratio:   38.18
      Required ratio:    0.00 (Cumulative area) 
      Cumulative area ratio:  193.92
      Required ratio:    0.00 (Cumulative side area) 

    Layer: met2
      Partial area ratio:    3.48
      Required ratio:    0.00 (Gate area) 
      Partial area ratio:   17.68
      Required ratio:  400.00 (Side area) 
      Cumulative area ratio:   37.59
      Required ratio:    0.00 (Cumulative area) 
      Cumulative area ratio:  190.52
      Required ratio:    0.00 (Cumulative side area) 

    Layer: met1
      Partial area ratio:   30.44
      Required ratio:    0.00 (Gate area) 
      Partial area ratio:  154.20
      Required ratio:  400.00 (Side area) 
      Cumulative area ratio:   30.44
      Required ratio:    0.00 (Cumulative area) 
      Cumulative area ratio:  154.20
      Required ratio:    0.00 (Cumulative side area) 

    Layer: li1
      Partial area ratio:    0.00
      Required ratio:    0.00 (Gate area) 
      Partial area ratio:    0.00
      Required ratio:   75.00 (Side area) 
      Cumulative area ratio:    0.00
      Required ratio:    0.00 (Cumulative area) 
      Cumulative area ratio:    0.00
      Required ratio:    0.00 (Cumulative side area) 

    Via: M2M3_PR
      Partial area ratio:    0.02
      Required ratio:    6.00 (Gate area) 
      Cumulative area ratio:    0.36
      Required ratio:    0.00 (Cumulative area) 

    Via: M1M2_PR
      Partial area ratio:    0.18
      Required ratio:    6.00 (Gate area) 
      Cumulative area ratio:    0.30
      Required ratio:    0.00 (Cumulative area) 

    Via: L1M1_PR
      Partial area ratio:    0.12
      Required ratio:    3.00 (Gate area) 
      Cumulative area ratio:    0.12
      Required ratio:    0.00 (Cumulative area) 

  Pin: _610_/A (sky130_fd_sc_hd__and2_1)
    Layer: met3
      Partial area ratio:    0.59
      Required ratio:    0.00 (Gate area) 
      Partial area ratio:    3.41
      Required ratio: 2956.40 (Side area) 
      Cumulative area ratio:   41.53
      Required ratio:    0.00 (Cumulative area) 
      Cumulative area ratio:  212.60
      Required ratio:    0.00 (Cumulative side area) 

    Layer: met2
      Partial area ratio:    3.48
      Required ratio:    0.00 (Gate area) 
      Partial area ratio:   17.68
      Required ratio:  400.00 (Side area) 
      Cumulative area ratio:   40.93
      Required ratio:    0.00 (Cumulative area) 
      Cumulative area ratio:  209.20
      Required ratio:    0.00 (Cumulative side area) 

    Layer: met1
      Partial area ratio:    2.20
      Required ratio:    0.00 (Gate area) 
      Partial area ratio:   11.78
      Required ratio:  400.00 (Side area) 
      Cumulative area ratio:    2.20
      Required ratio:    0.00 (Cumulative area) 
      Cumulative area ratio:   11.78
      Required ratio:    0.00 (Cumulative side area) 

    Layer: li1
      Partial area ratio:    0.00
      Required ratio:    0.00 (Gate area) 
      Partial area ratio:    0.00
      Required ratio:   75.00 (Side area) 
      Cumulative area ratio:    0.00
      Required ratio:    0.00 (Cumulative area) 
      Cumulative area ratio:    0.00
      Required ratio:    0.00 (Cumulative side area) 

    Via: M2M3_PR
      Partial area ratio:    0.02
      Required ratio:    6.00 (Gate area) 
      Cumulative area ratio:    0.84
      Required ratio:    0.00 (Cumulative area) 

    Via: M1M2_PR
      Partial area ratio:    0.18
      Required ratio:    6.00 (Gate area) 
      Cumulative area ratio:    0.41
      Required ratio:    0.00 (Cumulative area) 

    Via: L1M1_PR
      Partial area ratio:    0.23
      Required ratio:    3.00 (Gate area) 
      Cumulative area ratio:    0.23
      Required ratio:    0.00 (Cumulative area) 

  Pin: _611_/A (sky130_fd_sc_hd__nor2_1)
    Layer: met3
      Partial area ratio:    0.59
      Required ratio:    0.00 (Gate area) 
      Partial area ratio:    3.41
      Required ratio: 2956.40 (Side area) 
      Cumulative area ratio:   39.33
      Required ratio:    0.00 (Cumulative area) 
      Cumulative area ratio:  200.83
      Required ratio:    0.00 (Cumulative side area) 

    Layer: met2
      Partial area ratio:    3.48
      Required ratio:    0.00 (Gate area) 
      Partial area ratio:   17.68
      Required ratio:  400.00 (Side area) 
      Cumulative area ratio:   38.73
      Required ratio:    0.00 (Cumulative area) 
      Cumulative area ratio:  197.42
      Required ratio:    0.00 (Cumulative side area) 

    Layer: met1
      Partial area ratio:    1.14
      Required ratio:    0.00 (Gate area) 
      Partial area ratio:    6.90
      Required ratio:  400.00 (Side area) 
      Cumulative area ratio:    1.14
      Required ratio:    0.00 (Cumulative area) 
      Cumulative area ratio:    6.90
      Required ratio:    0.00 (Cumulative side area) 

    Layer: li1
      Partial area ratio:    0.00
      Required ratio:    0.00 (Gate area) 
      Partial area ratio:    0.00
      Required ratio:   75.00 (Side area) 
      Cumulative area ratio:    0.00
      Required ratio:    0.00 (Cumulative area) 
      Cumulative area ratio:    0.00
      Required ratio:    0.00 (Cumulative side area) 

    Via: M2M3_PR
      Partial area ratio:    0.02
      Required ratio:    6.00 (Gate area) 
      Cumulative area ratio:    0.55
      Required ratio:    0.00 (Cumulative area) 

    Via: M1M2_PR
      Partial area ratio:    0.18
      Required ratio:    6.00 (Gate area) 
      Cumulative area ratio:    0.30
      Required ratio:    0.00 (Cumulative area) 

    Via: L1M1_PR
      Partial area ratio:    0.12
      Required ratio:    3.00 (Gate area) 
      Cumulative area ratio:    0.12
      Required ratio:    0.00 (Cumulative area) 

  Pin: u_pc_next_logic._1540_/A (sky130_fd_sc_hd__or2_1)
    Layer: met3
      Partial area ratio:    0.59
      Required ratio:    0.00 (Gate area) 
      Partial area ratio:    3.41
      Required ratio: 2956.40 (Side area) 
      Cumulative area ratio:    4.74
      Required ratio:    0.00 (Cumulative area) 
      Cumulative area ratio:   25.20
      Required ratio:    0.00 (Cumulative side area) 

    Layer: met2
      Partial area ratio:    3.48
      Required ratio:    0.00 (Gate area) 
      Partial area ratio:   17.68
      Required ratio:  400.00 (Side area) 
      Cumulative area ratio:    4.14
      Required ratio:    0.00 (Cumulative area) 
      Cumulative area ratio:   21.79
      Required ratio:    0.00 (Cumulative side area) 

    Layer: met1
      Partial area ratio:    0.67
      Required ratio:    0.00 (Gate area) 
      Partial area ratio:    4.11
      Required ratio:  400.00 (Side area) 
      Cumulative area ratio:    0.67
      Required ratio:    0.00 (Cumulative area) 
      Cumulative area ratio:    4.11
      Required ratio:    0.00 (Cumulative side area) 

    Layer: li1
      Partial area ratio:    0.00
      Required ratio:    0.00 (Gate area) 
      Partial area ratio:    0.00
      Required ratio:   75.00 (Side area) 
      Cumulative area ratio:    0.00
      Required ratio:    0.00 (Cumulative area) 
      Cumulative area ratio:    0.00
      Required ratio:    0.00 (Cumulative side area) 

    Via: M2M3_PR
      Partial area ratio:    0.02
      Required ratio:    6.00 (Gate area) 
      Cumulative area ratio:    0.43
      Required ratio:    0.00 (Cumulative area) 

    Via: M1M2_PR
      Partial area ratio:    0.18
      Required ratio:    6.00 (Gate area) 
      Cumulative area ratio:    0.41
      Required ratio:    0.00 (Cumulative area) 

    Via: L1M1_PR
      Partial area ratio:    0.23
      Required ratio:    3.00 (Gate area) 
      Cumulative area ratio:    0.23
      Required ratio:    0.00 (Cumulative area) 

  Pin: u_pc_next_logic._1539_/A (sky130_fd_sc_hd__nand2_1)
    Layer: met3
      Partial area ratio:    0.59
      Required ratio:    0.00 (Gate area) 
      Partial area ratio:    3.41
      Required ratio: 2956.40 (Side area) 
      Cumulative area ratio:    4.93
      Required ratio:    0.00 (Cumulative area) 
      Cumulative area ratio:   25.78
      Required ratio:    0.00 (Cumulative side area) 

    Layer: met2
      Partial area ratio:    3.48
      Required ratio:    0.00 (Gate area) 
      Partial area ratio:   17.68
      Required ratio:  400.00 (Side area) 
      Cumulative area ratio:    4.34
      Required ratio:    0.00 (Cumulative area) 
      Cumulative area ratio:   22.38
      Required ratio:    0.00 (Cumulative side area) 

    Layer: met1
      Partial area ratio:    0.86
      Required ratio:    0.00 (Gate area) 
      Partial area ratio:    4.69
      Required ratio:  400.00 (Side area) 
      Cumulative area ratio:    0.86
      Required ratio:    0.00 (Cumulative area) 
      Cumulative area ratio:    4.69
      Required ratio:    0.00 (Cumulative side area) 

    Layer: li1
      Partial area ratio:    0.00
      Required ratio:    0.00 (Gate area) 
      Partial area ratio:    0.00
      Required ratio:   75.00 (Side area) 
      Cumulative area ratio:    0.00
      Required ratio:    0.00 (Cumulative area) 
      Cumulative area ratio:    0.00
      Required ratio:    0.00 (Cumulative side area) 

    Via: M2M3_PR
      Partial area ratio:    0.02
      Required ratio:    6.00 (Gate area) 
      Cumulative area ratio:    0.23
      Required ratio:    0.00 (Cumulative area) 

    Via: M1M2_PR
      Partial area ratio:    0.09
      Required ratio:    6.00 (Gate area) 
      Cumulative area ratio:    0.21
      Required ratio:    0.00 (Cumulative area) 

    Via: L1M1_PR
      Partial area ratio:    0.12
      Required ratio:    3.00 (Gate area) 
      Cumulative area ratio:    0.12
      Required ratio:    0.00 (Cumulative area) 

  Pin: u_pc_next_logic._1557_/A1 (sky130_fd_sc_hd__a21oi_1)
    Layer: met2
      Partial area ratio:   31.86
      Required ratio:    0.00 (Gate area) 
      Partial area ratio:  160.26
      Required ratio: 2956.40 (Side area) 
      Cumulative area ratio:   46.02
      Required ratio:    0.00 (Cumulative area) 
      Cumulative area ratio:  233.66
      Required ratio:    0.00 (Cumulative side area) 

    Layer: met1
      Partial area ratio:   10.16
      Required ratio:    0.00 (Gate area) 
      Partial area ratio:   53.17
      Required ratio:  400.00 (Side area) 
      Cumulative area ratio:   10.16
      Required ratio:    0.00 (Cumulative area) 
      Cumulative area ratio:   53.17
      Required ratio:    0.00 (Cumulative side area) 

    Layer: met3
      Partial area ratio:    0.59
      Required ratio:    0.00 (Gate area) 
      Partial area ratio:    3.41
      Required ratio: 2956.40 (Side area) 
      Cumulative area ratio:   46.62
      Required ratio:    0.00 (Cumulative area) 
      Cumulative area ratio:  237.07
      Required ratio:    0.00 (Cumulative side area) 

    Layer: li1
      Partial area ratio:    0.00
      Required ratio:    0.00 (Gate area) 
      Partial area ratio:    0.00
      Required ratio:   75.00 (Side area) 
      Cumulative area ratio:    0.00
      Required ratio:    0.00 (Cumulative area) 
      Cumulative area ratio:    0.00
      Required ratio:    0.00 (Cumulative side area) 

    Via: M2M3_PR
      Partial area ratio:    0.04
      Required ratio:    6.00 (Gate area) 
      Cumulative area ratio:    0.48
      Required ratio:    0.00 (Cumulative area) 

    Via: M1M2_PR
      Partial area ratio:    0.27
      Required ratio:    6.00 (Gate area) 
      Cumulative area ratio:    0.39
      Required ratio:    0.00 (Cumulative area) 

    Via: L1M1_PR
      Partial area ratio:    0.12
      Required ratio:    3.00 (Gate area) 
      Cumulative area ratio:    0.12
      Required ratio:    0.00 (Cumulative area) 

  Pin: _430_/A1 (sky130_fd_sc_hd__mux2_1)
    Layer: met2
      Partial area ratio:    0.34
      Required ratio:    0.00 (Gate area) 
      Partial area ratio:    2.50
      Required ratio:  400.00 (Side area) 
      Cumulative area ratio:  101.97
      Required ratio:    0.00 (Cumulative area) 
      Cumulative area ratio:  516.06
      Required ratio:    0.00 (Cumulative side area) 

    Layer: met1
      Partial area ratio:  101.62
      Required ratio:    0.00 (Gate area) 
      Partial area ratio:  513.56
      Required ratio:  400.00 (Side area) (VIOLATED)
      Cumulative area ratio:  101.62
      Required ratio:    0.00 (Cumulative area) 
      Cumulative area ratio:  513.56
      Required ratio:    0.00 (Cumulative side area) 

    Layer: li1
      Partial area ratio:    0.00
      Required ratio:    0.00 (Gate area) 
      Partial area ratio:    0.00
      Required ratio:   75.00 (Side area) 
      Cumulative area ratio:    0.00
      Required ratio:    0.00 (Cumulative area) 
      Cumulative area ratio:    0.00
      Required ratio:    0.00 (Cumulative side area) 

    Via: M2M3_PR
      Partial area ratio:    0.32
      Required ratio:    6.00 (Gate area) 
      Cumulative area ratio:    0.73
      Required ratio:    0.00 (Cumulative area) 

    Via: M1M2_PR
      Partial area ratio:    0.18
      Required ratio:    6.00 (Gate area) 
      Cumulative area ratio:    0.41
      Required ratio:    0.00 (Cumulative area) 

    Via: L1M1_PR
      Partial area ratio:    0.23
      Required ratio:    3.00 (Gate area) 
      Cumulative area ratio:    0.23
      Required ratio:    0.00 (Cumulative area) 

  Pin: _658_/A (sky130_fd_sc_hd__clkbuf_8)
    Layer: met2
      Partial area ratio:   31.86
      Required ratio:    0.00 (Gate area) 
      Partial area ratio:  160.26
      Required ratio: 2956.40 (Side area) 
      Cumulative area ratio:   85.18
      Required ratio:    0.00 (Cumulative area) 
      Cumulative area ratio:  429.41
      Required ratio:    0.00 (Cumulative side area) 

    Layer: met3
      Partial area ratio:    0.59
      Required ratio:    0.00 (Gate area) 
      Partial area ratio:    3.41
      Required ratio: 2956.40 (Side area) 
      Cumulative area ratio:   85.78
      Required ratio:    0.00 (Cumulative area) 
      Cumulative area ratio:  432.82
      Required ratio:    0.00 (Cumulative side area) 

    Layer: met1
      Partial area ratio:   53.32
      Required ratio:    0.00 (Gate area) 
      Partial area ratio:  269.15
      Required ratio:  400.00 (Side area) 
      Cumulative area ratio:   53.32
      Required ratio:    0.00 (Cumulative area) 
      Cumulative area ratio:  269.15
      Required ratio:    0.00 (Cumulative side area) 

    Layer: li1
      Partial area ratio:    0.00
      Required ratio:    0.00 (Gate area) 
      Partial area ratio:    0.00
      Required ratio:   75.00 (Side area) 
      Cumulative area ratio:    0.00
      Required ratio:    0.00 (Cumulative area) 
      Cumulative area ratio:    0.00
      Required ratio:    0.00 (Cumulative side area) 

    Via: M2M3_PR
      Partial area ratio:    0.04
      Required ratio:    6.00 (Gate area) 
      Cumulative area ratio:    0.16
      Required ratio:    0.00 (Cumulative area) 

    Via: M1M2_PR
      Partial area ratio:    0.05
      Required ratio:    6.00 (Gate area) 
      Cumulative area ratio:    0.12
      Required ratio:    0.00 (Cumulative area) 

    Via: L1M1_PR
      Partial area ratio:    0.07
      Required ratio:    3.00 (Gate area) 
      Cumulative area ratio:    0.07
      Required ratio:    0.00 (Cumulative area) 


Net: u_pc_next_logic._0407_
  Pin: u_pc_next_logic._1166_/B2 (sky130_fd_sc_hd__o2bb2a_1)
    Layer: met3
      Partial area ratio:    6.48
      Required ratio:    0.00 (Gate area) 
      Partial area ratio:   45.97
      Required ratio: 2965.20 (Side area) 
      Cumulative area ratio:  133.60
      Required ratio:    0.00 (Cumulative area) 
      Cumulative area ratio:  686.25
      Required ratio:    0.00 (Cumulative side area) 

    Layer: met2
      Partial area ratio:  121.68
      Required ratio:    0.00 (Gate area) 
      Partial area ratio:  610.72
      Required ratio:  400.00 (Side area) (VIOLATED)
      Cumulative area ratio:  127.12
      Required ratio:    0.00 (Cumulative area) 
      Cumulative area ratio:  640.28
      Required ratio:    0.00 (Cumulative side area) 

    Layer: met1
      Partial area ratio:    5.44
      Required ratio:    0.00 (Gate area) 
      Partial area ratio:   29.56
      Required ratio:  400.00 (Side area) 
      Cumulative area ratio:    5.44
      Required ratio:    0.00 (Cumulative area) 
      Cumulative area ratio:   29.56
      Required ratio:    0.00 (Cumulative side area) 

    Layer: li1
      Partial area ratio:    0.00
      Required ratio:    0.00 (Gate area) 
      Partial area ratio:    0.00
      Required ratio:   75.00 (Side area) 
      Cumulative area ratio:    0.00
      Required ratio:    0.00 (Cumulative area) 
      Cumulative area ratio:    0.00
      Required ratio:    0.00 (Cumulative side area) 

    Via: M2M3_PR
      Partial area ratio:    0.32
      Required ratio:    6.00 (Gate area) 
      Cumulative area ratio:    0.73
      Required ratio:    0.00 (Cumulative area) 

    Via: M1M2_PR
      Partial area ratio:    0.18
      Required ratio:    6.00 (Gate area) 
      Cumulative area ratio:    0.41
      Required ratio:    0.00 (Cumulative area) 

    Via: L1M1_PR
      Partial area ratio:    0.23
      Required ratio:    3.00 (Gate area) 
      Cumulative area ratio:    0.23
      Required ratio:    0.00 (Cumulative area) 


Net: u_regfile.wd\[20\]
  Pin: _682_/A (sky130_fd_sc_hd__clkbuf_1)
    Layer: met2
      Partial area ratio:  270.03
      Required ratio:    0.00 (Gate area) 
      Partial area ratio: 1351.66
      Required ratio:  400.00 (Side area) (VIOLATED)
      Cumulative area ratio:  461.20
      Required ratio:    0.00 (Cumulative area) 
      Cumulative area ratio: 2308.01
      Required ratio:    0.00 (Cumulative side area) 

    Layer: met1
      Partial area ratio:  191.17
      Required ratio:    0.00 (Gate area) 
      Partial area ratio:  956.35
      Required ratio:  400.00 (Side area) (VIOLATED)
      Cumulative area ratio:  191.17
      Required ratio:    0.00 (Cumulative area) 
      Cumulative area ratio:  956.35
      Required ratio:    0.00 (Cumulative side area) 

    Layer: li1
      Partial area ratio:    0.00
      Required ratio:    0.00 (Gate area) 
      Partial area ratio:    0.00
      Required ratio:   75.00 (Side area) 
      Cumulative area ratio:    0.00
      Required ratio:    0.00 (Cumulative area) 
      Cumulative area ratio:    0.00
      Required ratio:    0.00 (Cumulative side area) 

    Via: M3M4_PR
      Partial area ratio:    0.20
      Required ratio:    6.00 (Gate area) 
      Cumulative area ratio:    0.87
      Required ratio:    0.00 (Cumulative area) 

    Via: M2M3_PR
      Partial area ratio:    0.41
      Required ratio:    6.00 (Gate area) 
      Cumulative area ratio:    0.67
      Required ratio:    0.00 (Cumulative area) 

    Via: M1M2_PR
      Partial area ratio:    0.11
      Required ratio:    6.00 (Gate area) 
      Cumulative area ratio:    0.26
      Required ratio:    0.00 (Cumulative area) 

    Via: L1M1_PR
      Partial area ratio:    0.15
      Required ratio:    3.00 (Gate area) 
      Cumulative area ratio:    0.15
      Required ratio:    0.00 (Cumulative area) 


Net: u_regfile.wd\[25\]
  Pin: _687_/A (sky130_fd_sc_hd__clkbuf_4)
    Layer: met2
      Partial area ratio:   22.66
      Required ratio:    0.00 (Gate area) 
      Partial area ratio:  117.46
      Required ratio: 2973.50 (Side area) 
      Cumulative area ratio:  309.98
      Required ratio:    0.00 (Cumulative area) 
      Cumulative area ratio: 1554.53
      Required ratio:    0.00 (Cumulative side area) 

    Layer: met3
      Partial area ratio:    2.14
      Required ratio:    0.00 (Gate area) 
      Partial area ratio:   15.92
      Required ratio: 2973.50 (Side area) 
      Cumulative area ratio:  312.13
      Required ratio:    0.00 (Cumulative area) 
      Cumulative area ratio: 1570.45
      Required ratio:    0.00 (Cumulative side area) 

    Layer: met4
      Partial area ratio:   36.03
      Required ratio:    0.00 (Gate area) 
      Partial area ratio:  205.67
      Required ratio: 2973.50 (Side area) 
      Cumulative area ratio:  348.15
      Required ratio:    0.00 (Cumulative area) 
      Cumulative area ratio: 1776.12
      Required ratio:    0.00 (Cumulative side area) 

    Layer: met1
      Partial area ratio:  287.32
      Required ratio:    0.00 (Gate area) 
      Partial area ratio: 1437.07
      Required ratio:  400.00 (Side area) (VIOLATED)
      Cumulative area ratio:  287.32
      Required ratio:    0.00 (Cumulative area) 
      Cumulative area ratio: 1437.07
      Required ratio:    0.00 (Cumulative side area) 

    Layer: li1
      Partial area ratio:    0.00
      Required ratio:    0.00 (Gate area) 
      Partial area ratio:    0.00
      Required ratio:   75.00 (Side area) 
      Cumulative area ratio:    0.00
      Required ratio:    0.00 (Cumulative area) 
      Cumulative area ratio:    0.00
      Required ratio:    0.00 (Cumulative side area) 

    Via: M2M3_PR
      Partial area ratio:    0.38
      Required ratio:    6.00 (Gate area) 
      Cumulative area ratio:    0.62
      Required ratio:    0.00 (Cumulative area) 

    Via: M3M4_PR
      Partial area ratio:    0.19
      Required ratio:    6.00 (Gate area) 
      Cumulative area ratio:    0.80
      Required ratio:    0.00 (Cumulative area) 

    Via: M1M2_PR
      Partial area ratio:    0.11
      Required ratio:    6.00 (Gate area) 
      Cumulative area ratio:    0.24
      Required ratio:    0.00 (Cumulative area) 

    Via: L1M1_PR
      Partial area ratio:    0.14
      Required ratio:    3.00 (Gate area) 
      Cumulative area ratio:    0.14
      Required ratio:    0.00 (Cumulative area) 

    Via: M3M4_PR
      Partial area ratio:    0.19
      Required ratio:    6.00 (Gate area) 
      Cumulative area ratio:    0.80
      Required ratio:    0.00 (Cumulative area) 


Net: u_regfile.wd\[26\]
  Pin: _688_/A (sky130_fd_sc_hd__buf_1)
    Layer: met2
      Partial area ratio:   23.25
      Required ratio:    0.00 (Gate area) 
      Partial area ratio:  120.26
      Required ratio: 2973.50 (Side area) 
      Cumulative area ratio:  241.31
      Required ratio:    0.00 (Cumulative area) 
      Cumulative area ratio: 1214.05
      Required ratio:    0.00 (Cumulative side area) 

    Layer: met3
      Partial area ratio:  464.82
      Required ratio:    0.00 (Gate area) 
      Partial area ratio: 2493.72
      Required ratio: 2973.50 (Side area) 
      Cumulative area ratio:  706.14
      Required ratio:    0.00 (Cumulative area) 
      Cumulative area ratio: 3707.77
      Required ratio:    0.00 (Cumulative side area) 

    Layer: met4
      Partial area ratio:   45.68
      Required ratio:    0.00 (Gate area) 
      Partial area ratio:  258.28
      Required ratio: 2973.50 (Side area) 
      Cumulative area ratio:  751.82
      Required ratio:    0.00 (Cumulative area) 
      Cumulative area ratio: 3966.05
      Required ratio:    0.00 (Cumulative side area) 

    Layer: met1
      Partial area ratio:  218.06
      Required ratio:    0.00 (Gate area) 
      Partial area ratio: 1093.78
      Required ratio:  400.00 (Side area) (VIOLATED)
      Cumulative area ratio:  218.06
      Required ratio:    0.00 (Cumulative area) 
      Cumulative area ratio: 1093.78
      Required ratio:    0.00 (Cumulative side area) 

    Layer: li1
      Partial area ratio:    0.00
      Required ratio:    0.00 (Gate area) 
      Partial area ratio:    0.00
      Required ratio:   75.00 (Side area) 
      Cumulative area ratio:    0.00
      Required ratio:    0.00 (Cumulative area) 
      Cumulative area ratio:    0.00
      Required ratio:    0.00 (Cumulative side area) 

    Via: M2M3_PR
      Partial area ratio:    0.41
      Required ratio:    6.00 (Gate area) 
      Cumulative area ratio:    0.67
      Required ratio:    0.00 (Cumulative area) 

    Via: M3M4_PR
      Partial area ratio:    0.20
      Required ratio:    6.00 (Gate area) 
      Cumulative area ratio:    0.87
      Required ratio:    0.00 (Cumulative area) 

    Via: M1M2_PR
      Partial area ratio:    0.11
      Required ratio:    6.00 (Gate area) 
      Cumulative area ratio:    0.26
      Required ratio:    0.00 (Cumulative area) 

    Via: L1M1_PR
      Partial area ratio:    0.15
      Required ratio:    3.00 (Gate area) 
      Cumulative area ratio:    0.15
      Required ratio:    0.00 (Cumulative area) 

    Via: M3M4_PR
      Partial area ratio:    0.20
      Required ratio:    6.00 (Gate area) 
      Cumulative area ratio:    0.87
      Required ratio:    0.00 (Cumulative area) 


Net: u_regfile.wd\[29\]
  Pin: _691_/A (sky130_fd_sc_hd__buf_2)
    Layer: met2
      Partial area ratio:   26.64
      Required ratio:    0.00 (Gate area) 
      Partial area ratio:  138.15
      Required ratio: 2973.50 (Side area) 
      Cumulative area ratio:  114.38
      Required ratio:    0.00 (Cumulative area) 
      Cumulative area ratio:  578.05
      Required ratio:    0.00 (Cumulative side area) 

    Layer: met1
      Partial area ratio:   87.73
      Required ratio:    0.00 (Gate area) 
      Partial area ratio:  439.90
      Required ratio:  400.00 (Side area) (VIOLATED)
      Cumulative area ratio:   87.73
      Required ratio:    0.00 (Cumulative area) 
      Cumulative area ratio:  439.90
      Required ratio:    0.00 (Cumulative side area) 

    Layer: met3
      Partial area ratio:   16.75
      Required ratio:    0.00 (Gate area) 
      Partial area ratio:   95.40
      Required ratio: 2973.50 (Side area) 
      Cumulative area ratio:  131.13
      Required ratio:    0.00 (Cumulative area) 
      Cumulative area ratio:  673.45
      Required ratio:    0.00 (Cumulative side area) 

    Layer: met4
      Partial area ratio:   50.53
      Required ratio:    0.00 (Gate area) 
      Partial area ratio:  287.60
      Required ratio: 2973.50 (Side area) 
      Cumulative area ratio:  181.66
      Required ratio:    0.00 (Cumulative area) 
      Cumulative area ratio:  961.04
      Required ratio:    0.00 (Cumulative side area) 

    Layer: li1
      Partial area ratio:    0.00
      Required ratio:    0.00 (Gate area) 
      Partial area ratio:    0.00
      Required ratio:   75.00 (Side area) 
      Cumulative area ratio:    0.00
      Required ratio:    0.00 (Cumulative area) 
      Cumulative area ratio:    0.00
      Required ratio:    0.00 (Cumulative side area) 

    Via: M2M3_PR
      Partial area ratio:    0.25
      Required ratio:    6.00 (Gate area) 
      Cumulative area ratio:    0.72
      Required ratio:    0.00 (Cumulative area) 

    Via: M1M2_PR
      Partial area ratio:    0.28
      Required ratio:    6.00 (Gate area) 
      Cumulative area ratio:    0.46
      Required ratio:    0.00 (Cumulative area) 

    Via: M3M4_PR
      Partial area ratio:    0.25
      Required ratio:    6.00 (Gate area) 
      Cumulative area ratio:    0.97
      Required ratio:    0.00 (Cumulative area) 

    Via: L1M1_PR
      Partial area ratio:    0.18
      Required ratio:    3.00 (Gate area) 
      Cumulative area ratio:    0.18
      Required ratio:    0.00 (Cumulative area) 


Net: u_regfile.wd\[30\]
  Pin: _692_/A (sky130_fd_sc_hd__buf_6)
    Layer: met3
      Partial area ratio:    5.36
      Required ratio:    0.00 (Gate area) 
      Partial area ratio:   33.42
      Required ratio: 2973.50 (Side area) 
      Cumulative area ratio:   99.93
      Required ratio:    0.00 (Cumulative area) 
      Cumulative area ratio:  508.64
      Required ratio:    0.00 (Cumulative side area) 

    Layer: met2
      Partial area ratio:    7.61
      Required ratio:    0.00 (Gate area) 
      Partial area ratio:   38.85
      Required ratio:  400.00 (Side area) 
      Cumulative area ratio:   94.57
      Required ratio:    0.00 (Cumulative area) 
      Cumulative area ratio:  475.22
      Required ratio:    0.00 (Cumulative side area) 

    Layer: met4
      Partial area ratio:   15.39
      Required ratio:    0.00 (Gate area) 
      Partial area ratio:   87.92
      Required ratio: 2973.50 (Side area) 
      Cumulative area ratio:  115.32
      Required ratio:    0.00 (Cumulative area) 
      Cumulative area ratio:  596.56
      Required ratio:    0.00 (Cumulative side area) 

    Layer: met1
      Partial area ratio:   86.96
      Required ratio:    0.00 (Gate area) 
      Partial area ratio:  436.38
      Required ratio:  400.00 (Side area) (VIOLATED)
      Cumulative area ratio:   86.96
      Required ratio:    0.00 (Cumulative area) 
      Cumulative area ratio:  436.38
      Required ratio:    0.00 (Cumulative side area) 

    Layer: li1
      Partial area ratio:    0.00
      Required ratio:    0.00 (Gate area) 
      Partial area ratio:    0.00
      Required ratio:   75.00 (Side area) 
      Cumulative area ratio:    0.00
      Required ratio:    0.00 (Cumulative area) 
      Cumulative area ratio:    0.00
      Required ratio:    0.00 (Cumulative side area) 

    Via: M3M4_PR
      Partial area ratio:    0.16
      Required ratio:    6.00 (Gate area) 
      Cumulative area ratio:    0.55
      Required ratio:    0.00 (Cumulative area) 

    Via: M2M3_PR
      Partial area ratio:    0.24
      Required ratio:    6.00 (Gate area) 
      Cumulative area ratio:    0.39
      Required ratio:    0.00 (Cumulative area) 

    Via: M1M2_PR
      Partial area ratio:    0.09
      Required ratio:    6.00 (Gate area) 
      Cumulative area ratio:    0.15
      Required ratio:    0.00 (Cumulative area) 

    Via: L1M1_PR
      Partial area ratio:    0.06
      Required ratio:    3.00 (Gate area) 
      Cumulative area ratio:    0.06
      Required ratio:    0.00 (Cumulative area) 


Net: u_regfile.wd\[31\]
  Pin: _693_/A (sky130_fd_sc_hd__buf_2)
    Layer: met2
      Partial area ratio:    2.64
      Required ratio:    0.00 (Gate area) 
      Partial area ratio:   14.44
      Required ratio:  400.00 (Side area) 
      Cumulative area ratio:  240.25
      Required ratio:    0.00 (Cumulative area) 
      Cumulative area ratio: 1207.43
      Required ratio:    0.00 (Cumulative side area) 

    Layer: met1
      Partial area ratio:  237.61
      Required ratio:    0.00 (Gate area) 
      Partial area ratio: 1192.99
      Required ratio:  400.00 (Side area) (VIOLATED)
      Cumulative area ratio:  237.61
      Required ratio:    0.00 (Cumulative area) 
      Cumulative area ratio: 1192.99
      Required ratio:    0.00 (Cumulative side area) 

    Layer: li1
      Partial area ratio:    0.00
      Required ratio:    0.00 (Gate area) 
      Partial area ratio:    0.00
      Required ratio:   75.00 (Side area) 
      Cumulative area ratio:    0.00
      Required ratio:    0.00 (Cumulative area) 
      Cumulative area ratio:    0.00
      Required ratio:    0.00 (Cumulative side area) 

    Via: M3M4_PR
      Partial area ratio:    0.25
      Required ratio:    6.00 (Gate area) 
      Cumulative area ratio:    1.22
      Required ratio:    0.00 (Cumulative area) 

    Via: M2M3_PR
      Partial area ratio:    0.50
      Required ratio:    6.00 (Gate area) 
      Cumulative area ratio:    0.97
      Required ratio:    0.00 (Cumulative area) 

    Via: M1M2_PR
      Partial area ratio:    0.28
      Required ratio:    6.00 (Gate area) 
      Cumulative area ratio:    0.46
      Required ratio:    0.00 (Cumulative area) 

    Via: L1M1_PR
      Partial area ratio:    0.18
      Required ratio:    3.00 (Gate area) 
      Cumulative area ratio:    0.18
      Required ratio:    0.00 (Cumulative area) 


Net: u_regfile.wd\[8\]
  Pin: _670_/A (sky130_fd_sc_hd__clkbuf_1)
    Layer: met2
      Partial area ratio:  209.73
      Required ratio:    0.00 (Gate area) 
      Partial area ratio: 1061.61
      Required ratio: 2973.50 (Side area) 
      Cumulative area ratio:  356.00
      Required ratio:    0.00 (Cumulative area) 
      Cumulative area ratio: 1793.46
      Required ratio:    0.00 (Cumulative side area) 

    Layer: met3
      Partial area ratio:    2.09
      Required ratio:    0.00 (Gate area) 
      Partial area ratio:   16.04
      Required ratio: 2973.50 (Side area) 
      Cumulative area ratio:  358.09
      Required ratio:    0.00 (Cumulative area) 
      Cumulative area ratio: 1809.50
      Required ratio:    0.00 (Cumulative side area) 

    Layer: met4
      Partial area ratio:   24.47
      Required ratio:    0.00 (Gate area) 
      Partial area ratio:  147.62
      Required ratio: 2973.50 (Side area) 
      Cumulative area ratio:  382.56
      Required ratio:    0.00 (Cumulative area) 
      Cumulative area ratio: 1957.12
      Required ratio:    0.00 (Cumulative side area) 

    Layer: met1
      Partial area ratio:  146.27
      Required ratio:    0.00 (Gate area) 
      Partial area ratio:  731.85
      Required ratio:  400.00 (Side area) (VIOLATED)
      Cumulative area ratio:  146.27
      Required ratio:    0.00 (Cumulative area) 
      Cumulative area ratio:  731.85
      Required ratio:    0.00 (Cumulative side area) 

    Layer: li1
      Partial area ratio:    0.00
      Required ratio:    0.00 (Gate area) 
      Partial area ratio:    0.00
      Required ratio:   75.00 (Side area) 
      Cumulative area ratio:    0.00
      Required ratio:    0.00 (Cumulative area) 
      Cumulative area ratio:    0.00
      Required ratio:    0.00 (Cumulative side area) 

    Via: M2M3_PR
      Partial area ratio:    0.41
      Required ratio:    6.00 (Gate area) 
      Cumulative area ratio:    0.67
      Required ratio:    0.00 (Cumulative area) 

    Via: M3M4_PR
      Partial area ratio:    0.20
      Required ratio:    6.00 (Gate area) 
      Cumulative area ratio:    0.87
      Required ratio:    0.00 (Cumulative area) 

    Via: M3M4_PR
      Partial area ratio:    0.20
      Required ratio:    6.00 (Gate area) 
      Cumulative area ratio:    0.87
      Required ratio:    0.00 (Cumulative area) 

    Via: M1M2_PR
      Partial area ratio:    0.11
      Required ratio:    6.00 (Gate area) 
      Cumulative area ratio:    0.26
      Required ratio:    0.00 (Cumulative area) 

    Via: L1M1_PR
      Partial area ratio:    0.15
      Required ratio:    3.00 (Gate area) 
      Cumulative area ratio:    0.15
      Required ratio:    0.00 (Cumulative area) 


Net: net33
  Pin: wire149/A (sky130_fd_sc_hd__clkbuf_2)
    Layer: met4
      Partial area ratio:   25.31
      Required ratio:    0.00 (Gate area) 
      Partial area ratio:  139.49
      Required ratio:  400.00 (Side area) 
      Cumulative area ratio:  138.75
      Required ratio:    0.00 (Cumulative area) 
      Cumulative area ratio:  710.57
      Required ratio:    0.00 (Cumulative side area) 

    Layer: met3
      Partial area ratio:    2.04
      Required ratio:    0.00 (Gate area) 
      Partial area ratio:   13.15
      Required ratio:  400.00 (Side area) 
      Cumulative area ratio:  113.44
      Required ratio:    0.00 (Cumulative area) 
      Cumulative area ratio:  571.08
      Required ratio:    0.00 (Cumulative side area) 

    Layer: met2
      Partial area ratio:   26.35
      Required ratio:    0.00 (Gate area) 
      Partial area ratio:  132.21
      Required ratio:  400.00 (Side area) 
      Cumulative area ratio:  111.40
      Required ratio:    0.00 (Cumulative area) 
      Cumulative area ratio:  557.93
      Required ratio:    0.00 (Cumulative side area) 

    Layer: met1
      Partial area ratio:   85.05
      Required ratio:    0.00 (Gate area) 
      Partial area ratio:  425.72
      Required ratio:  400.00 (Side area) (VIOLATED)
      Cumulative area ratio:   85.05
      Required ratio:    0.00 (Cumulative area) 
      Cumulative area ratio:  425.72
      Required ratio:    0.00 (Cumulative side area) 

    Layer: li1
      Partial area ratio:    0.00
      Required ratio:    0.00 (Gate area) 
      Partial area ratio:    0.00
      Required ratio:   75.00 (Side area) 
      Cumulative area ratio:    0.00
      Required ratio:    0.00 (Cumulative area) 
      Cumulative area ratio:    0.00
      Required ratio:    0.00 (Cumulative side area) 

    Via: M3M4_PR
      Partial area ratio:    0.19
      Required ratio:    6.00 (Gate area) 
      Cumulative area ratio:    0.62
      Required ratio:    0.00 (Cumulative area) 

    Via: M2M3_PR
      Partial area ratio:    0.19
      Required ratio:    6.00 (Gate area) 
      Cumulative area ratio:    0.43
      Required ratio:    0.00 (Cumulative area) 

    Via: M1M2_PR
      Partial area ratio:    0.11
      Required ratio:    6.00 (Gate area) 
      Cumulative area ratio:    0.24
      Required ratio:    0.00 (Cumulative area) 

    Via: L1M1_PR
      Partial area ratio:    0.14
      Required ratio:    3.00 (Gate area) 
      Cumulative area ratio:    0.14
      Required ratio:    0.00 (Cumulative area) 


Net: net36
  Pin: output36/A (sky130_fd_sc_hd__buf_4)
    Layer: met2
      Partial area ratio:  322.61
      Required ratio:    0.00 (Gate area) 
      Partial area ratio: 1613.42
      Required ratio: 3236.16 (Side area) 
      Cumulative area ratio:  460.35
      Required ratio:    0.00 (Cumulative area) 
      Cumulative area ratio: 2303.35
      Required ratio:    0.00 (Cumulative side area) 

    Layer: met1
      Partial area ratio:  137.75
      Required ratio:    0.00 (Gate area) 
      Partial area ratio:  689.93
      Required ratio:  400.00 (Side area) (VIOLATED)
      Cumulative area ratio:  137.75
      Required ratio:    0.00 (Cumulative area) 
      Cumulative area ratio:  689.93
      Required ratio:    0.00 (Cumulative side area) 

    Layer: li1
      Partial area ratio:    0.00
      Required ratio:    0.00 (Gate area) 
      Partial area ratio:    0.00
      Required ratio:   75.00 (Side area) 
      Cumulative area ratio:    0.00
      Required ratio:    0.00 (Cumulative area) 
      Cumulative area ratio:    0.00
      Required ratio:    0.00 (Cumulative side area) 

    Via: M1M2_PR
      Partial area ratio:    0.09
      Required ratio:    6.00 (Gate area) 
      Cumulative area ratio:    0.21
      Required ratio:    0.00 (Cumulative area) 

    Via: L1M1_PR
      Partial area ratio:    0.12
      Required ratio:    3.00 (Gate area) 
      Cumulative area ratio:    0.12
      Required ratio:    0.00 (Cumulative area) 


Net: net42
  Pin: output42/A (sky130_fd_sc_hd__buf_4)
    Layer: met2
      Partial area ratio:  173.36
      Required ratio:    0.00 (Gate area) 
      Partial area ratio:  867.21
      Required ratio: 3312.80 (Side area) 
      Cumulative area ratio:  638.64
      Required ratio:    0.00 (Cumulative area) 
      Cumulative area ratio: 3194.77
      Required ratio:    0.00 (Cumulative side area) 

    Layer: met1
      Partial area ratio:  465.28
      Required ratio:    0.00 (Gate area) 
      Partial area ratio: 2327.56
      Required ratio:  400.00 (Side area) (VIOLATED)
      Cumulative area ratio:  465.28
      Required ratio:    0.00 (Cumulative area) 
      Cumulative area ratio: 2327.56
      Required ratio:    0.00 (Cumulative side area) 

    Layer: li1
      Partial area ratio:    0.00
      Required ratio:    0.00 (Gate area) 
      Partial area ratio:    0.00
      Required ratio:   75.00 (Side area) 
      Cumulative area ratio:    0.00
      Required ratio:    0.00 (Cumulative area) 
      Cumulative area ratio:    0.00
      Required ratio:    0.00 (Cumulative side area) 

    Via: M1M2_PR
      Partial area ratio:    0.09
      Required ratio:    6.00 (Gate area) 
      Cumulative area ratio:    0.21
      Required ratio:    0.00 (Cumulative area) 

    Via: L1M1_PR
      Partial area ratio:    0.12
      Required ratio:    3.00 (Gate area) 
      Cumulative area ratio:    0.12
      Required ratio:    0.00 (Cumulative area) 


Net: net45
  Pin: output45/A (sky130_fd_sc_hd__buf_4)
    Layer: met2
      Partial area ratio:  357.30
      Required ratio:    0.00 (Gate area) 
      Partial area ratio: 1787.31
      Required ratio: 2956.40 (Side area) 
      Cumulative area ratio:  490.44
      Required ratio:    0.00 (Cumulative area) 
      Cumulative area ratio: 2456.53
      Required ratio:    0.00 (Cumulative side area) 

    Layer: met1
      Partial area ratio:  133.13
      Required ratio:    0.00 (Gate area) 
      Partial area ratio:  669.23
      Required ratio:  400.00 (Side area) (VIOLATED)
      Cumulative area ratio:  133.13
      Required ratio:    0.00 (Cumulative area) 
      Cumulative area ratio:  669.23
      Required ratio:    0.00 (Cumulative side area) 

    Layer: li1
      Partial area ratio:    0.00
      Required ratio:    0.00 (Gate area) 
      Partial area ratio:    0.00
      Required ratio:   75.00 (Side area) 
      Cumulative area ratio:    0.00
      Required ratio:    0.00 (Cumulative area) 
      Cumulative area ratio:    0.00
      Required ratio:    0.00 (Cumulative side area) 

    Via: M1M2_PR
      Partial area ratio:    0.09
      Required ratio:    6.00 (Gate area) 
      Cumulative area ratio:    0.21
      Required ratio:    0.00 (Cumulative area) 

    Via: L1M1_PR
      Partial area ratio:    0.12
      Required ratio:    3.00 (Gate area) 
      Cumulative area ratio:    0.12
      Required ratio:    0.00 (Cumulative area) 


Net: net47
  Pin: output47/A (sky130_fd_sc_hd__buf_4)
    Layer: met2
      Partial area ratio:   79.89
      Required ratio:    0.00 (Gate area) 
      Partial area ratio:  399.86
      Required ratio: 3134.60 (Side area) 
      Cumulative area ratio:  544.95
      Required ratio:    0.00 (Cumulative area) 
      Cumulative area ratio: 2725.56
      Required ratio:    0.00 (Cumulative side area) 

    Layer: met1
      Partial area ratio:  465.06
      Required ratio:    0.00 (Gate area) 
      Partial area ratio: 2325.70
      Required ratio:  400.00 (Side area) (VIOLATED)
      Cumulative area ratio:  465.06
      Required ratio:    0.00 (Cumulative area) 
      Cumulative area ratio: 2325.70
      Required ratio:    0.00 (Cumulative side area) 

    Layer: li1
      Partial area ratio:    0.00
      Required ratio:    0.00 (Gate area) 
      Partial area ratio:    0.00
      Required ratio:   75.00 (Side area) 
      Cumulative area ratio:    0.00
      Required ratio:    0.00 (Cumulative area) 
      Cumulative area ratio:    0.00
      Required ratio:    0.00 (Cumulative side area) 

    Via: M1M2_PR
      Partial area ratio:    0.09
      Required ratio:    6.00 (Gate area) 
      Cumulative area ratio:    0.21
      Required ratio:    0.00 (Cumulative area) 

    Via: L1M1_PR
      Partial area ratio:    0.12
      Required ratio:    3.00 (Gate area) 
      Cumulative area ratio:    0.12
      Required ratio:    0.00 (Cumulative area) 


Net: net52
  Pin: output52/A (sky130_fd_sc_hd__buf_4)
    Layer: met2
      Partial area ratio:  185.86
      Required ratio:    0.00 (Gate area) 
      Partial area ratio:  929.71
      Required ratio: 3236.16 (Side area) 
      Cumulative area ratio:  444.61
      Required ratio:    0.00 (Cumulative area) 
      Cumulative area ratio: 2224.61
      Required ratio:    0.00 (Cumulative side area) 

    Layer: met1
      Partial area ratio:  258.74
      Required ratio:    0.00 (Gate area) 
      Partial area ratio: 1294.90
      Required ratio:  400.00 (Side area) (VIOLATED)
      Cumulative area ratio:  258.74
      Required ratio:    0.00 (Cumulative area) 
      Cumulative area ratio: 1294.90
      Required ratio:    0.00 (Cumulative side area) 

    Layer: li1
      Partial area ratio:    0.00
      Required ratio:    0.00 (Gate area) 
      Partial area ratio:    0.00
      Required ratio:   75.00 (Side area) 
      Cumulative area ratio:    0.00
      Required ratio:    0.00 (Cumulative area) 
      Cumulative area ratio:    0.00
      Required ratio:    0.00 (Cumulative side area) 

    Via: M1M2_PR
      Partial area ratio:    0.09
      Required ratio:    6.00 (Gate area) 
      Cumulative area ratio:    0.21
      Required ratio:    0.00 (Cumulative area) 

    Via: L1M1_PR
      Partial area ratio:    0.12
      Required ratio:    3.00 (Gate area) 
      Cumulative area ratio:    0.12
      Required ratio:    0.00 (Cumulative area) 


Net: net56
  Pin: output56/A (sky130_fd_sc_hd__buf_4)
    Layer: met2
      Partial area ratio:  393.57
      Required ratio:    0.00 (Gate area) 
      Partial area ratio: 1968.26
      Required ratio: 3236.16 (Side area) 
      Cumulative area ratio:  498.34
      Required ratio:    0.00 (Cumulative area) 
      Cumulative area ratio: 2493.30
      Required ratio:    0.00 (Cumulative side area) 

    Layer: met1
      Partial area ratio:  104.77
      Required ratio:    0.00 (Gate area) 
      Partial area ratio:  525.04
      Required ratio:  400.00 (Side area) (VIOLATED)
      Cumulative area ratio:  104.77
      Required ratio:    0.00 (Cumulative area) 
      Cumulative area ratio:  525.04
      Required ratio:    0.00 (Cumulative side area) 

    Layer: li1
      Partial area ratio:    0.00
      Required ratio:    0.00 (Gate area) 
      Partial area ratio:    0.00
      Required ratio:   75.00 (Side area) 
      Cumulative area ratio:    0.00
      Required ratio:    0.00 (Cumulative area) 
      Cumulative area ratio:    0.00
      Required ratio:    0.00 (Cumulative side area) 

    Via: M1M2_PR
      Partial area ratio:    0.09
      Required ratio:    6.00 (Gate area) 
      Cumulative area ratio:    0.21
      Required ratio:    0.00 (Cumulative area) 

    Via: L1M1_PR
      Partial area ratio:    0.12
      Required ratio:    3.00 (Gate area) 
      Cumulative area ratio:    0.12
      Required ratio:    0.00 (Cumulative area) 


Net: net57
  Pin: output57/A (sky130_fd_sc_hd__buf_4)
    Layer: met2
      Partial area ratio:  205.87
      Required ratio:    0.00 (Gate area) 
      Partial area ratio: 1029.72
      Required ratio: 3134.60 (Side area) 
      Cumulative area ratio:  579.59
      Required ratio:    0.00 (Cumulative area) 
      Cumulative area ratio: 2901.14
      Required ratio:    0.00 (Cumulative side area) 

    Layer: met1
      Partial area ratio:  373.73
      Required ratio:    0.00 (Gate area) 
      Partial area ratio: 1871.42
      Required ratio:  400.00 (Side area) (VIOLATED)
      Cumulative area ratio:  373.73
      Required ratio:    0.00 (Cumulative area) 
      Cumulative area ratio: 1871.42
      Required ratio:    0.00 (Cumulative side area) 

    Layer: li1
      Partial area ratio:    0.00
      Required ratio:    0.00 (Gate area) 
      Partial area ratio:    0.00
      Required ratio:   75.00 (Side area) 
      Cumulative area ratio:    0.00
      Required ratio:    0.00 (Cumulative area) 
      Cumulative area ratio:    0.00
      Required ratio:    0.00 (Cumulative side area) 

    Via: M1M2_PR
      Partial area ratio:    0.09
      Required ratio:    6.00 (Gate area) 
      Cumulative area ratio:    0.21
      Required ratio:    0.00 (Cumulative area) 

    Via: L1M1_PR
      Partial area ratio:    0.12
      Required ratio:    3.00 (Gate area) 
      Cumulative area ratio:    0.12
      Required ratio:    0.00 (Cumulative area) 


Net: net60
  Pin: output60/A (sky130_fd_sc_hd__buf_4)
    Layer: met2
      Partial area ratio:  270.68
      Required ratio:    0.00 (Gate area) 
      Partial area ratio: 1353.79
      Required ratio: 3134.60 (Side area) 
      Cumulative area ratio:  578.58
      Required ratio:    0.00 (Cumulative area) 
      Cumulative area ratio: 2893.67
      Required ratio:    0.00 (Cumulative side area) 

    Layer: met1
      Partial area ratio:  307.90
      Required ratio:    0.00 (Gate area) 
      Partial area ratio: 1539.89
      Required ratio:  400.00 (Side area) (VIOLATED)
      Cumulative area ratio:  307.90
      Required ratio:    0.00 (Cumulative area) 
      Cumulative area ratio: 1539.89
      Required ratio:    0.00 (Cumulative side area) 

    Layer: li1
      Partial area ratio:    0.00
      Required ratio:    0.00 (Gate area) 
      Partial area ratio:    0.00
      Required ratio:   75.00 (Side area) 
      Cumulative area ratio:    0.00
      Required ratio:    0.00 (Cumulative area) 
      Cumulative area ratio:    0.00
      Required ratio:    0.00 (Cumulative side area) 

    Via: M1M2_PR
      Partial area ratio:    0.09
      Required ratio:    6.00 (Gate area) 
      Cumulative area ratio:    0.21
      Required ratio:    0.00 (Cumulative area) 

    Via: L1M1_PR
      Partial area ratio:    0.12
      Required ratio:    3.00 (Gate area) 
      Cumulative area ratio:    0.12
      Required ratio:    0.00 (Cumulative area) 


Net: net61
  Pin: output61/A (sky130_fd_sc_hd__buf_4)
    Layer: met2
      Partial area ratio:  354.15
      Required ratio:    0.00 (Gate area) 
      Partial area ratio: 1771.13
      Required ratio: 3312.80 (Side area) 
      Cumulative area ratio:  666.99
      Required ratio:    0.00 (Cumulative area) 
      Cumulative area ratio: 3335.73
      Required ratio:    0.00 (Cumulative side area) 

    Layer: met1
      Partial area ratio:  312.84
      Required ratio:    0.00 (Gate area) 
      Partial area ratio: 1564.61
      Required ratio:  400.00 (Side area) (VIOLATED)
      Cumulative area ratio:  312.84
      Required ratio:    0.00 (Cumulative area) 
      Cumulative area ratio: 1564.61
      Required ratio:    0.00 (Cumulative side area) 

    Layer: li1
      Partial area ratio:    0.00
      Required ratio:    0.00 (Gate area) 
      Partial area ratio:    0.00
      Required ratio:   75.00 (Side area) 
      Cumulative area ratio:    0.00
      Required ratio:    0.00 (Cumulative area) 
      Cumulative area ratio:    0.00
      Required ratio:    0.00 (Cumulative side area) 

    Via: M1M2_PR
      Partial area ratio:    0.09
      Required ratio:    6.00 (Gate area) 
      Cumulative area ratio:    0.21
      Required ratio:    0.00 (Cumulative area) 

    Via: L1M1_PR
      Partial area ratio:    0.12
      Required ratio:    3.00 (Gate area) 
      Cumulative area ratio:    0.12
      Required ratio:    0.00 (Cumulative area) 


Net: net122
  Pin: u_pc_next_logic._1025_/A (sky130_fd_sc_hd__nand2_1)
    Layer: met2
      Partial area ratio:   13.93
      Required ratio:    0.00 (Gate area) 
      Partial area ratio:   70.04
      Required ratio: 2956.40 (Side area) 
      Cumulative area ratio:   14.27
      Required ratio:    0.00 (Cumulative area) 
      Cumulative area ratio:   72.13
      Required ratio:    0.00 (Cumulative side area) 

    Layer: met1
      Partial area ratio:    0.34
      Required ratio:    0.00 (Gate area) 
      Partial area ratio:    2.09
      Required ratio:  400.00 (Side area) 
      Cumulative area ratio:    0.34
      Required ratio:    0.00 (Cumulative area) 
      Cumulative area ratio:    2.09
      Required ratio:    0.00 (Cumulative side area) 

    Layer: li1
      Partial area ratio:    0.00
      Required ratio:    0.00 (Gate area) 
      Partial area ratio:    0.00
      Required ratio:   75.00 (Side area) 
      Cumulative area ratio:    0.00
      Required ratio:    0.00 (Cumulative area) 
      Cumulative area ratio:    0.00
      Required ratio:    0.00 (Cumulative side area) 

    Via: M1M2_PR
      Partial area ratio:    0.09
      Required ratio:    6.00 (Gate area) 
      Cumulative area ratio:    0.21
      Required ratio:    0.00 (Cumulative area) 

    Via: L1M1_PR
      Partial area ratio:    0.12
      Required ratio:    3.00 (Gate area) 
      Cumulative area ratio:    0.12
      Required ratio:    0.00 (Cumulative area) 

  Pin: u_pc_next_logic._1026_/A (sky130_fd_sc_hd__or2_1)
    Layer: met2
      Partial area ratio:   13.93
      Required ratio:    0.00 (Gate area) 
      Partial area ratio:   70.04
      Required ratio: 2956.40 (Side area) 
      Cumulative area ratio:  100.22
      Required ratio:    0.00 (Cumulative area) 
      Cumulative area ratio:  506.93
      Required ratio:    0.00 (Cumulative side area) 

    Layer: met1
      Partial area ratio:   86.29
      Required ratio:    0.00 (Gate area) 
      Partial area ratio:  436.89
      Required ratio:  400.00 (Side area) (VIOLATED)
      Cumulative area ratio:   86.29
      Required ratio:    0.00 (Cumulative area) 
      Cumulative area ratio:  436.89
      Required ratio:    0.00 (Cumulative side area) 

    Layer: li1
      Partial area ratio:    0.00
      Required ratio:    0.00 (Gate area) 
      Partial area ratio:    0.00
      Required ratio:   75.00 (Side area) 
      Cumulative area ratio:    0.00
      Required ratio:    0.00 (Cumulative area) 
      Cumulative area ratio:    0.00
      Required ratio:    0.00 (Cumulative side area) 

    Via: M1M2_PR
      Partial area ratio:    0.36
      Required ratio:    6.00 (Gate area) 
      Cumulative area ratio:    0.59
      Required ratio:    0.00 (Cumulative area) 

    Via: L1M1_PR
      Partial area ratio:    0.23
      Required ratio:    3.00 (Gate area) 
      Cumulative area ratio:    0.23
      Required ratio:    0.00 (Cumulative area) 

  Pin: u_pc_next_logic._1037_/A (sky130_fd_sc_hd__or2_1)
    Layer: met2
      Partial area ratio:   13.93
      Required ratio:    0.00 (Gate area) 
      Partial area ratio:   70.04
      Required ratio: 2956.40 (Side area) 
      Cumulative area ratio:  116.30
      Required ratio:    0.00 (Cumulative area) 
      Cumulative area ratio:  588.90
      Required ratio:    0.00 (Cumulative side area) 

    Layer: met1
      Partial area ratio:   16.08
      Required ratio:    0.00 (Gate area) 
      Partial area ratio:   81.98
      Required ratio:  400.00 (Side area) 
      Cumulative area ratio:   16.08
      Required ratio:    0.00 (Cumulative area) 
      Cumulative area ratio:   81.98
      Required ratio:    0.00 (Cumulative side area) 

    Layer: li1
      Partial area ratio:    0.00
      Required ratio:    0.00 (Gate area) 
      Partial area ratio:    0.00
      Required ratio:   75.00 (Side area) 
      Cumulative area ratio:    0.00
      Required ratio:    0.00 (Cumulative area) 
      Cumulative area ratio:    0.00
      Required ratio:    0.00 (Cumulative side area) 

    Via: M1M2_PR
      Partial area ratio:    0.12
      Required ratio:    6.00 (Gate area) 
      Cumulative area ratio:    0.35
      Required ratio:    0.00 (Cumulative area) 

    Via: L1M1_PR
      Partial area ratio:    0.23
      Required ratio:    3.00 (Gate area) 
      Cumulative area ratio:    0.23
      Required ratio:    0.00 (Cumulative area) 

  Pin: _494_/A1 (sky130_fd_sc_hd__a22o_2)
    Layer: met2
      Partial area ratio:   13.93
      Required ratio:    0.00 (Gate area) 
      Partial area ratio:   70.04
      Required ratio: 2956.40 (Side area) 
      Cumulative area ratio:  116.30
      Required ratio:    0.00 (Cumulative area) 
      Cumulative area ratio:  588.90
      Required ratio:    0.00 (Cumulative side area) 

    Layer: met1
      Partial area ratio:   16.08
      Required ratio:    0.00 (Gate area) 
      Partial area ratio:   81.98
      Required ratio:  400.00 (Side area) 
      Cumulative area ratio:   16.08
      Required ratio:    0.00 (Cumulative area) 
      Cumulative area ratio:   81.98
      Required ratio:    0.00 (Cumulative side area) 

    Layer: li1
      Partial area ratio:    0.00
      Required ratio:    0.00 (Gate area) 
      Partial area ratio:    0.00
      Required ratio:   75.00 (Side area) 
      Cumulative area ratio:    0.00
      Required ratio:    0.00 (Cumulative area) 
      Cumulative area ratio:    0.00
      Required ratio:    0.00 (Cumulative side area) 

    Via: M1M2_PR
      Partial area ratio:    0.12
      Required ratio:    6.00 (Gate area) 
      Cumulative area ratio:    0.24
      Required ratio:    0.00 (Cumulative area) 

    Via: L1M1_PR
      Partial area ratio:    0.12
      Required ratio:    3.00 (Gate area) 
      Cumulative area ratio:    0.12
      Required ratio:    0.00 (Cumulative area) 

  Pin: _638_/A (sky130_fd_sc_hd__buf_6)
    Layer: met2
      Partial area ratio:   13.93
      Required ratio:    0.00 (Gate area) 
      Partial area ratio:   70.04
      Required ratio: 2956.40 (Side area) 
      Cumulative area ratio:  118.29
      Required ratio:    0.00 (Cumulative area) 
      Cumulative area ratio:  599.06
      Required ratio:    0.00 (Cumulative side area) 

    Layer: met1
      Partial area ratio:    1.99
      Required ratio:    0.00 (Gate area) 
      Partial area ratio:   10.15
      Required ratio:  400.00 (Side area) 
      Cumulative area ratio:    1.99
      Required ratio:    0.00 (Cumulative area) 
      Cumulative area ratio:   10.15
      Required ratio:    0.00 (Cumulative side area) 

    Layer: li1
      Partial area ratio:    0.00
      Required ratio:    0.00 (Gate area) 
      Partial area ratio:    0.00
      Required ratio:   75.00 (Side area) 
      Cumulative area ratio:    0.00
      Required ratio:    0.00 (Cumulative area) 
      Cumulative area ratio:    0.00
      Required ratio:    0.00 (Cumulative side area) 

    Via: M1M2_PR
      Partial area ratio:    0.05
      Required ratio:    6.00 (Gate area) 
      Cumulative area ratio:    0.10
      Required ratio:    0.00 (Cumulative area) 

    Via: L1M1_PR
      Partial area ratio:    0.06
      Required ratio:    3.00 (Gate area) 
      Cumulative area ratio:    0.06
      Required ratio:    0.00 (Cumulative area) 

  Pin: _478_/A (sky130_fd_sc_hd__nand2_2)
    Layer: met2
      Partial area ratio:   13.93
      Required ratio:    0.00 (Gate area) 
      Partial area ratio:   70.04
      Required ratio: 2956.40 (Side area) 
      Cumulative area ratio:  116.60
      Required ratio:    0.00 (Cumulative area) 
      Cumulative area ratio:  590.60
      Required ratio:    0.00 (Cumulative side area) 

    Layer: met1
      Partial area ratio:    0.30
      Required ratio:    0.00 (Gate area) 
      Partial area ratio:    1.70
      Required ratio:  400.00 (Side area) 
      Cumulative area ratio:    0.30
      Required ratio:    0.00 (Cumulative area) 
      Cumulative area ratio:    1.70
      Required ratio:    0.00 (Cumulative side area) 

    Layer: li1
      Partial area ratio:    0.00
      Required ratio:    0.00 (Gate area) 
      Partial area ratio:    0.00
      Required ratio:   75.00 (Side area) 
      Cumulative area ratio:    0.00
      Required ratio:    0.00 (Cumulative area) 
      Cumulative area ratio:    0.00
      Required ratio:    0.00 (Cumulative side area) 

    Via: M1M2_PR
      Partial area ratio:    0.05
      Required ratio:    6.00 (Gate area) 
      Cumulative area ratio:    0.10
      Required ratio:    0.00 (Cumulative area) 

    Via: L1M1_PR
      Partial area ratio:    0.06
      Required ratio:    3.00 (Gate area) 
      Cumulative area ratio:    0.06
      Required ratio:    0.00 (Cumulative area) 

  Pin: _477_/A (sky130_fd_sc_hd__nor2_1)
    Layer: met2
      Partial area ratio:   13.93
      Required ratio:    0.00 (Gate area) 
      Partial area ratio:   70.04
      Required ratio: 2956.40 (Side area) 
      Cumulative area ratio:  117.42
      Required ratio:    0.00 (Cumulative area) 
      Cumulative area ratio:  594.90
      Required ratio:    0.00 (Cumulative side area) 

    Layer: met1
      Partial area ratio:    1.12
      Required ratio:    0.00 (Gate area) 
      Partial area ratio:    6.00
      Required ratio:  400.00 (Side area) 
      Cumulative area ratio:    1.12
      Required ratio:    0.00 (Cumulative area) 
      Cumulative area ratio:    6.00
      Required ratio:    0.00 (Cumulative side area) 

    Layer: li1
      Partial area ratio:    0.00
      Required ratio:    0.00 (Gate area) 
      Partial area ratio:    0.00
      Required ratio:   75.00 (Side area) 
      Cumulative area ratio:    0.00
      Required ratio:    0.00 (Cumulative area) 
      Cumulative area ratio:    0.00
      Required ratio:    0.00 (Cumulative side area) 

    Via: M1M2_PR
      Partial area ratio:    0.09
      Required ratio:    6.00 (Gate area) 
      Cumulative area ratio:    0.21
      Required ratio:    0.00 (Cumulative area) 

    Via: L1M1_PR
      Partial area ratio:    0.12
      Required ratio:    3.00 (Gate area) 
      Cumulative area ratio:    0.12
      Required ratio:    0.00 (Cumulative area) 

  Pin: u_pc_next_logic._1036_/A (sky130_fd_sc_hd__nand2_1)
    Layer: met2
      Partial area ratio:   13.93
      Required ratio:    0.00 (Gate area) 
      Partial area ratio:   70.04
      Required ratio: 2956.40 (Side area) 
      Cumulative area ratio:  101.02
      Required ratio:    0.00 (Cumulative area) 
      Cumulative area ratio:  511.73
      Required ratio:    0.00 (Cumulative side area) 

    Layer: met1
      Partial area ratio:    0.80
      Required ratio:    0.00 (Gate area) 
      Partial area ratio:    4.81
      Required ratio:  400.00 (Side area) 
      Cumulative area ratio:    0.80
      Required ratio:    0.00 (Cumulative area) 
      Cumulative area ratio:    4.81
      Required ratio:    0.00 (Cumulative side area) 

    Layer: li1
      Partial area ratio:    0.00
      Required ratio:    0.00 (Gate area) 
      Partial area ratio:    0.00
      Required ratio:   75.00 (Side area) 
      Cumulative area ratio:    0.00
      Required ratio:    0.00 (Cumulative area) 
      Cumulative area ratio:    0.00
      Required ratio:    0.00 (Cumulative side area) 

    Via: M1M2_PR
      Partial area ratio:    0.09
      Required ratio:    6.00 (Gate area) 
      Cumulative area ratio:    0.21
      Required ratio:    0.00 (Cumulative area) 

    Via: L1M1_PR
      Partial area ratio:    0.12
      Required ratio:    3.00 (Gate area) 
      Cumulative area ratio:    0.12
      Required ratio:    0.00 (Cumulative area) 

  Pin: u_pc_next_logic._0783_/C (sky130_fd_sc_hd__and4_2)
    Layer: met2
      Partial area ratio:   13.93
      Required ratio:    0.00 (Gate area) 
      Partial area ratio:   70.04
      Required ratio: 2956.40 (Side area) 
      Cumulative area ratio:  104.01
      Required ratio:    0.00 (Cumulative area) 
      Cumulative area ratio:  527.20
      Required ratio:    0.00 (Cumulative side area) 

    Layer: met1
      Partial area ratio:    3.79
      Required ratio:    0.00 (Gate area) 
      Partial area ratio:   20.28
      Required ratio:  400.00 (Side area) 
      Cumulative area ratio:    3.79
      Required ratio:    0.00 (Cumulative area) 
      Cumulative area ratio:   20.28
      Required ratio:    0.00 (Cumulative side area) 

    Layer: li1
      Partial area ratio:    0.00
      Required ratio:    0.00 (Gate area) 
      Partial area ratio:    0.00
      Required ratio:   75.00 (Side area) 
      Cumulative area ratio:    0.00
      Required ratio:    0.00 (Cumulative area) 
      Cumulative area ratio:    0.00
      Required ratio:    0.00 (Cumulative side area) 

    Via: M1M2_PR
      Partial area ratio:    0.06
      Required ratio:    6.00 (Gate area) 
      Cumulative area ratio:    0.29
      Required ratio:    0.00 (Cumulative area) 

    Via: L1M1_PR
      Partial area ratio:    0.23
      Required ratio:    3.00 (Gate area) 
      Cumulative area ratio:    0.23
      Required ratio:    0.00 (Cumulative area) 

  Pin: u_pc_next_logic._0784_/B1 (sky130_fd_sc_hd__a31o_1)
    Layer: met2
      Partial area ratio:   13.93
      Required ratio:    0.00 (Gate area) 
      Partial area ratio:   70.04
      Required ratio: 2956.40 (Side area) 
      Cumulative area ratio:  104.01
      Required ratio:    0.00 (Cumulative area) 
      Cumulative area ratio:  527.20
      Required ratio:    0.00 (Cumulative side area) 

    Layer: met1
      Partial area ratio:    3.79
      Required ratio:    0.00 (Gate area) 
      Partial area ratio:   20.28
      Required ratio:  400.00 (Side area) 
      Cumulative area ratio:    3.79
      Required ratio:    0.00 (Cumulative area) 
      Cumulative area ratio:   20.28
      Required ratio:    0.00 (Cumulative side area) 

    Layer: li1
      Partial area ratio:    0.00
      Required ratio:    0.00 (Gate area) 
      Partial area ratio:    0.00
      Required ratio:   75.00 (Side area) 
      Cumulative area ratio:    0.00
      Required ratio:    0.00 (Cumulative area) 
      Cumulative area ratio:    0.00
      Required ratio:    0.00 (Cumulative side area) 

    Via: M1M2_PR
      Partial area ratio:    0.06
      Required ratio:    6.00 (Gate area) 
      Cumulative area ratio:    0.18
      Required ratio:    0.00 (Cumulative area) 

    Via: L1M1_PR
      Partial area ratio:    0.12
      Required ratio:    3.00 (Gate area) 
      Cumulative area ratio:    0.12
      Required ratio:    0.00 (Cumulative area) 

  Pin: wire121/A (sky130_fd_sc_hd__clkbuf_2)
    Layer: met1
      Partial area ratio:   14.72
      Required ratio:    0.00 (Gate area) 
      Partial area ratio:   75.46
      Required ratio:  400.00 (Side area) 
      Cumulative area ratio:   14.72
      Required ratio:    0.00 (Cumulative area) 
      Cumulative area ratio:   75.46
      Required ratio:    0.00 (Cumulative side area) 

    Layer: li1
      Partial area ratio:    0.00
      Required ratio:    0.00 (Gate area) 
      Partial area ratio:    0.00
      Required ratio:   75.00 (Side area) 
      Cumulative area ratio:    0.00
      Required ratio:    0.00 (Cumulative area) 
      Cumulative area ratio:    0.00
      Required ratio:    0.00 (Cumulative side area) 

    Via: M1M2_PR
      Partial area ratio:    0.11
      Required ratio:    6.00 (Gate area) 
      Cumulative area ratio:    0.24
      Required ratio:    0.00 (Cumulative area) 

    Via: L1M1_PR
      Partial area ratio:    0.14
      Required ratio:    3.00 (Gate area) 
      Cumulative area ratio:    0.14
      Required ratio:    0.00 (Cumulative area) 


Net: net146
  Pin: fanout140/A (sky130_fd_sc_hd__clkbuf_1)
    Layer: met3
      Partial area ratio:    9.18
      Required ratio:    0.00 (Gate area) 
      Partial area ratio:   50.32
      Required ratio: 3312.80 (Side area) 
      Cumulative area ratio:  150.19
      Required ratio:    0.00 (Cumulative area) 
      Cumulative area ratio:  756.69
      Required ratio:    0.00 (Cumulative side area) 

    Layer: met2
      Partial area ratio:  132.39
      Required ratio:    0.00 (Gate area) 
      Partial area ratio:  662.77
      Required ratio:  400.00 (Side area) (VIOLATED)
      Cumulative area ratio:  141.01
      Required ratio:    0.00 (Cumulative area) 
      Cumulative area ratio:  706.37
      Required ratio:    0.00 (Cumulative side area) 

    Layer: met1
      Partial area ratio:    8.62
      Required ratio:    0.00 (Gate area) 
      Partial area ratio:   43.60
      Required ratio:  400.00 (Side area) 
      Cumulative area ratio:    8.62
      Required ratio:    0.00 (Cumulative area) 
      Cumulative area ratio:   43.60
      Required ratio:    0.00 (Cumulative side area) 

    Layer: li1
      Partial area ratio:    0.00
      Required ratio:    0.00 (Gate area) 
      Partial area ratio:    0.00
      Required ratio:   75.00 (Side area) 
      Cumulative area ratio:    0.00
      Required ratio:    0.00 (Cumulative area) 
      Cumulative area ratio:    0.00
      Required ratio:    0.00 (Cumulative side area) 

    Via: M2M3_PR
      Partial area ratio:    0.11
      Required ratio:    6.00 (Gate area) 
      Cumulative area ratio:    0.37
      Required ratio:    0.00 (Cumulative area) 

    Via: M1M2_PR
      Partial area ratio:    0.11
      Required ratio:    6.00 (Gate area) 
      Cumulative area ratio:    0.26
      Required ratio:    0.00 (Cumulative area) 

    Via: L1M1_PR
      Partial area ratio:    0.15
      Required ratio:    3.00 (Gate area) 
      Cumulative area ratio:    0.15
      Required ratio:    0.00 (Cumulative area) 

  Pin: wire145/A (sky130_fd_sc_hd__buf_2)
    Layer: met3
      Partial area ratio:    9.18
      Required ratio:    0.00 (Gate area) 
      Partial area ratio:   50.32
      Required ratio: 3312.80 (Side area) 
      Cumulative area ratio:  141.57
      Required ratio:    0.00 (Cumulative area) 
      Cumulative area ratio:  713.08
      Required ratio:    0.00 (Cumulative side area) 

    Layer: met2
      Partial area ratio:  132.39
      Required ratio:    0.00 (Gate area) 
      Partial area ratio:  662.77
      Required ratio:  400.00 (Side area) (VIOLATED)
      Cumulative area ratio:  132.39
      Required ratio:    0.00 (Cumulative area) 
      Cumulative area ratio:  662.77
      Required ratio:    0.00 (Cumulative side area) 

    Layer: met1
      Partial area ratio:    0.00
      Required ratio:    0.00 (Gate area) 
      Partial area ratio:    0.00
      Required ratio:  400.00 (Side area) 
      Cumulative area ratio:    0.00
      Required ratio:    0.00 (Cumulative area) 
      Cumulative area ratio:    0.00
      Required ratio:    0.00 (Cumulative side area) 

    Layer: li1
      Partial area ratio:    0.00
      Required ratio:    0.00 (Gate area) 
      Partial area ratio:    0.00
      Required ratio:   75.00 (Side area) 
      Cumulative area ratio:    0.00
      Required ratio:    0.00 (Cumulative area) 
      Cumulative area ratio:    0.00
      Required ratio:    0.00 (Cumulative side area) 

    Via: M2M3_PR
      Partial area ratio:    0.11
      Required ratio:    6.00 (Gate area) 
      Cumulative area ratio:    0.44
      Required ratio:    0.00 (Cumulative area) 

    Via: M1M2_PR
      Partial area ratio:    0.14
      Required ratio:    6.00 (Gate area) 
      Cumulative area ratio:    0.32
      Required ratio:    0.00 (Cumulative area) 

    Via: L1M1_PR
      Partial area ratio:    0.18
      Required ratio:    3.00 (Gate area) 
      Cumulative area ratio:    0.18
      Required ratio:    0.00 (Cumulative area) 


Net: net149
  Pin: wire148/A (sky130_fd_sc_hd__clkbuf_2)
    Layer: met2
      Partial area ratio:   47.47
      Required ratio:    0.00 (Gate area) 
      Partial area ratio:  237.80
      Required ratio: 2753.36 (Side area) 
      Cumulative area ratio:  157.31
      Required ratio:    0.00 (Cumulative area) 
      Cumulative area ratio:  787.48
      Required ratio:    0.00 (Cumulative side area) 

    Layer: met1
      Partial area ratio:  109.84
      Required ratio:    0.00 (Gate area) 
      Partial area ratio:  549.68
      Required ratio:  400.00 (Side area) (VIOLATED)
      Cumulative area ratio:  109.84
      Required ratio:    0.00 (Cumulative area) 
      Cumulative area ratio:  549.68
      Required ratio:    0.00 (Cumulative side area) 

    Layer: li1
      Partial area ratio:    0.00
      Required ratio:    0.00 (Gate area) 
      Partial area ratio:    0.00
      Required ratio:   75.00 (Side area) 
      Cumulative area ratio:    0.00
      Required ratio:    0.00 (Cumulative area) 
      Cumulative area ratio:    0.00
      Required ratio:    0.00 (Cumulative side area) 

    Via: M1M2_PR
      Partial area ratio:    0.11
      Required ratio:    6.00 (Gate area) 
      Cumulative area ratio:    0.24
      Required ratio:    0.00 (Cumulative area) 

    Via: L1M1_PR
      Partial area ratio:    0.14
      Required ratio:    3.00 (Gate area) 
      Cumulative area ratio:    0.14
      Required ratio:    0.00 (Cumulative area) 


Net: net176
  Pin: output30/A (sky130_fd_sc_hd__buf_4)
    Layer: met3
      Partial area ratio:    6.38
      Required ratio:    0.00 (Gate area) 
      Partial area ratio:   35.30
      Required ratio: 3669.20 (Side area) 
      Cumulative area ratio:  425.86
      Required ratio:    0.00 (Cumulative area) 
      Cumulative area ratio: 2133.91
      Required ratio:    0.00 (Cumulative side area) 

    Layer: met2
      Partial area ratio:  418.37
      Required ratio:    0.00 (Gate area) 
      Partial area ratio: 2092.62
      Required ratio:  400.00 (Side area) (VIOLATED)
      Cumulative area ratio:  419.49
      Required ratio:    0.00 (Cumulative area) 
      Cumulative area ratio: 2098.61
      Required ratio:    0.00 (Cumulative side area) 

    Layer: met1
      Partial area ratio:    1.12
      Required ratio:    0.00 (Gate area) 
      Partial area ratio:    6.00
      Required ratio:  400.00 (Side area) 
      Cumulative area ratio:    1.12
      Required ratio:    0.00 (Cumulative area) 
      Cumulative area ratio:    6.00
      Required ratio:    0.00 (Cumulative side area) 

    Layer: li1
      Partial area ratio:    0.00
      Required ratio:    0.00 (Gate area) 
      Partial area ratio:    0.00
      Required ratio:   75.00 (Side area) 
      Cumulative area ratio:    0.00
      Required ratio:    0.00 (Cumulative area) 
      Cumulative area ratio:    0.00
      Required ratio:    0.00 (Cumulative side area) 

    Via: M2M3_PR
      Partial area ratio:    0.16
      Required ratio:    6.00 (Gate area) 
      Cumulative area ratio:    0.37
      Required ratio:    0.00 (Cumulative area) 

    Via: M1M2_PR
      Partial area ratio:    0.09
      Required ratio:    6.00 (Gate area) 
      Cumulative area ratio:    0.21
      Required ratio:    0.00 (Cumulative area) 

    Via: L1M1_PR
      Partial area ratio:    0.12
      Required ratio:    3.00 (Gate area) 
      Cumulative area ratio:    0.12
      Required ratio:    0.00 (Cumulative area) 

  Pin: fanout175/A (sky130_fd_sc_hd__buf_6)
    Layer: met2
      Partial area ratio:   11.03
      Required ratio:    0.00 (Gate area) 
      Partial area ratio:   55.76
      Required ratio: 3669.20 (Side area) 
      Cumulative area ratio:   11.20
      Required ratio:    0.00 (Cumulative area) 
      Cumulative area ratio:   56.81
      Required ratio:    0.00 (Cumulative side area) 

    Layer: met3
      Partial area ratio:    6.38
      Required ratio:    0.00 (Gate area) 
      Partial area ratio:   35.30
      Required ratio: 3669.20 (Side area) 
      Cumulative area ratio:   17.58
      Required ratio:    0.00 (Cumulative area) 
      Cumulative area ratio:   92.10
      Required ratio:    0.00 (Cumulative side area) 

    Layer: met1
      Partial area ratio:    0.17
      Required ratio:    0.00 (Gate area) 
      Partial area ratio:    1.05
      Required ratio:  400.00 (Side area) 
      Cumulative area ratio:    0.17
      Required ratio:    0.00 (Cumulative area) 
      Cumulative area ratio:    1.05
      Required ratio:    0.00 (Cumulative side area) 

    Layer: li1
      Partial area ratio:    0.00
      Required ratio:    0.00 (Gate area) 
      Partial area ratio:    0.00
      Required ratio:   75.00 (Side area) 
      Cumulative area ratio:    0.00
      Required ratio:    0.00 (Cumulative area) 
      Cumulative area ratio:    0.00
      Required ratio:    0.00 (Cumulative side area) 

    Via: M2M3_PR
      Partial area ratio:    0.08
      Required ratio:    6.00 (Gate area) 
      Cumulative area ratio:    0.18
      Required ratio:    0.00 (Cumulative area) 

    Via: M1M2_PR
      Partial area ratio:    0.05
      Required ratio:    6.00 (Gate area) 
      Cumulative area ratio:    0.10
      Required ratio:    0.00 (Cumulative area) 

    Via: L1M1_PR
      Partial area ratio:    0.06
      Required ratio:    3.00 (Gate area) 
      Cumulative area ratio:    0.06
      Required ratio:    0.00 (Cumulative area) 


Net: net211
  Pin: output26/A (sky130_fd_sc_hd__buf_4)
    Layer: met2
      Partial area ratio:  121.72
      Required ratio:    0.00 (Gate area) 
      Partial area ratio:  608.84
      Required ratio: 3134.60 (Side area) 
      Cumulative area ratio:  437.95
      Required ratio:    0.00 (Cumulative area) 
      Cumulative area ratio: 2190.36
      Required ratio:    0.00 (Cumulative side area) 

    Layer: met1
      Partial area ratio:  316.22
      Required ratio:    0.00 (Gate area) 
      Partial area ratio: 1581.52
      Required ratio:  400.00 (Side area) (VIOLATED)
      Cumulative area ratio:  316.22
      Required ratio:    0.00 (Cumulative area) 
      Cumulative area ratio: 1581.52
      Required ratio:    0.00 (Cumulative side area) 

    Layer: li1
      Partial area ratio:    0.00
      Required ratio:    0.00 (Gate area) 
      Partial area ratio:    0.00
      Required ratio:   75.00 (Side area) 
      Cumulative area ratio:    0.00
      Required ratio:    0.00 (Cumulative area) 
      Cumulative area ratio:    0.00
      Required ratio:    0.00 (Cumulative side area) 

    Via: M1M2_PR
      Partial area ratio:    0.09
      Required ratio:    6.00 (Gate area) 
      Cumulative area ratio:    0.21
      Required ratio:    0.00 (Cumulative area) 

    Via: L1M1_PR
      Partial area ratio:    0.12
      Required ratio:    3.00 (Gate area) 
      Cumulative area ratio:    0.12
      Required ratio:    0.00 (Cumulative area) 

  Pin: fanout210/A (sky130_fd_sc_hd__buf_1)
    Layer: met1
      Partial area ratio:    3.82
      Required ratio:    0.00 (Gate area) 
      Partial area ratio:   20.59
      Required ratio: 3134.60 (Side area) 
      Cumulative area ratio:    3.82
      Required ratio:    0.00 (Cumulative area) 
      Cumulative area ratio:   20.59
      Required ratio:    0.00 (Cumulative side area) 

    Layer: met2
      Partial area ratio:  121.72
      Required ratio:    0.00 (Gate area) 
      Partial area ratio:  608.84
      Required ratio: 3134.60 (Side area) 
      Cumulative area ratio:  125.54
      Required ratio:    0.00 (Cumulative area) 
      Cumulative area ratio:  629.43
      Required ratio:    0.00 (Cumulative side area) 

    Layer: li1
      Partial area ratio:    0.00
      Required ratio:    0.00 (Gate area) 
      Partial area ratio:    0.00
      Required ratio:   75.00 (Side area) 
      Cumulative area ratio:    0.00
      Required ratio:    0.00 (Cumulative area) 
      Cumulative area ratio:    0.00
      Required ratio:    0.00 (Cumulative side area) 

    Via: M1M2_PR
      Partial area ratio:    0.11
      Required ratio:    6.00 (Gate area) 
      Cumulative area ratio:    0.26
      Required ratio:    0.00 (Cumulative area) 

    Via: L1M1_PR
      Partial area ratio:    0.15
      Required ratio:    3.00 (Gate area) 
      Cumulative area ratio:    0.15
      Required ratio:    0.00 (Cumulative area) 


Net: net241
  Pin: fanout240/A (sky130_fd_sc_hd__buf_1)
    Layer: met1
      Partial area ratio:   22.83
      Required ratio:    0.00 (Gate area) 
      Partial area ratio:  115.63
      Required ratio: 3669.20 (Side area) 
      Cumulative area ratio:   22.83
      Required ratio:    0.00 (Cumulative area) 
      Cumulative area ratio:  115.63
      Required ratio:    0.00 (Cumulative side area) 

    Layer: li1
      Partial area ratio:    0.00
      Required ratio:    0.00 (Gate area) 
      Partial area ratio:    0.00
      Required ratio:   75.00 (Side area) 
      Cumulative area ratio:    0.00
      Required ratio:    0.00 (Cumulative area) 
      Cumulative area ratio:    0.00
      Required ratio:    0.00 (Cumulative side area) 

    Layer: met2
      Partial area ratio:    6.19
      Required ratio:    0.00 (Gate area) 
      Partial area ratio:   31.61
      Required ratio: 3669.20 (Side area) 
      Cumulative area ratio:   29.02
      Required ratio:    0.00 (Cumulative area) 
      Cumulative area ratio:  147.24
      Required ratio:    0.00 (Cumulative side area) 

    Layer: met3
      Partial area ratio:    7.31
      Required ratio:    0.00 (Gate area) 
      Partial area ratio:   39.70
      Required ratio: 3669.20 (Side area) 
      Cumulative area ratio:   36.33
      Required ratio:    0.00 (Cumulative area) 
      Cumulative area ratio:  186.95
      Required ratio:    0.00 (Cumulative side area) 

    Via: M1M2_PR
      Partial area ratio:    0.11
      Required ratio:    6.00 (Gate area) 
      Cumulative area ratio:    0.26
      Required ratio:    0.00 (Cumulative area) 

    Via: L1M1_PR
      Partial area ratio:    0.15
      Required ratio:    3.00 (Gate area) 
      Cumulative area ratio:    0.15
      Required ratio:    0.00 (Cumulative area) 

    Via: M2M3_PR
      Partial area ratio:    0.09
      Required ratio:    6.00 (Gate area) 
      Cumulative area ratio:    0.35
      Required ratio:    0.00 (Cumulative area) 

  Pin: output25/A (sky130_fd_sc_hd__buf_4)
    Layer: met3
      Partial area ratio:    7.31
      Required ratio:    0.00 (Gate area) 
      Partial area ratio:   39.70
      Required ratio: 3669.20 (Side area) 
      Cumulative area ratio:  296.54
      Required ratio:    0.00 (Cumulative area) 
      Cumulative area ratio: 1487.42
      Required ratio:    0.00 (Cumulative side area) 

    Layer: met2
      Partial area ratio:  289.23
      Required ratio:    0.00 (Gate area) 
      Partial area ratio: 1447.71
      Required ratio:  400.00 (Side area) (VIOLATED)
      Cumulative area ratio:  289.23
      Required ratio:    0.00 (Cumulative area) 
      Cumulative area ratio: 1447.71
      Required ratio:    0.00 (Cumulative side area) 

    Layer: met1
      Partial area ratio:    0.00
      Required ratio:    0.00 (Gate area) 
      Partial area ratio:    0.00
      Required ratio:  400.00 (Side area) 
      Cumulative area ratio:    0.00
      Required ratio:    0.00 (Cumulative area) 
      Cumulative area ratio:    0.00
      Required ratio:    0.00 (Cumulative side area) 

    Layer: li1
      Partial area ratio:    0.00
      Required ratio:    0.00 (Gate area) 
      Partial area ratio:    0.00
      Required ratio:   75.00 (Side area) 
      Cumulative area ratio:    0.00
      Required ratio:    0.00 (Cumulative area) 
      Cumulative area ratio:    0.00
      Required ratio:    0.00 (Cumulative side area) 

    Via: M2M3_PR
      Partial area ratio:    0.16
      Required ratio:    6.00 (Gate area) 
      Cumulative area ratio:    0.37
      Required ratio:    0.00 (Cumulative area) 

    Via: M1M2_PR
      Partial area ratio:    0.09
      Required ratio:    6.00 (Gate area) 
      Cumulative area ratio:    0.21
      Required ratio:    0.00 (Cumulative area) 

    Via: L1M1_PR
      Partial area ratio:    0.12
      Required ratio:    3.00 (Gate area) 
      Cumulative area ratio:    0.12
      Required ratio:    0.00 (Cumulative area) 

  Pin: fanout239/A (sky130_fd_sc_hd__buf_4)
    Layer: met2
      Partial area ratio:    6.19
      Required ratio:    0.00 (Gate area) 
      Partial area ratio:   31.61
      Required ratio: 3669.20 (Side area) 
      Cumulative area ratio:    6.19
      Required ratio:    0.00 (Cumulative area) 
      Cumulative area ratio:   31.61
      Required ratio:    0.00 (Cumulative side area) 

    Layer: met3
      Partial area ratio:    7.31
      Required ratio:    0.00 (Gate area) 
      Partial area ratio:   39.70
      Required ratio: 3669.20 (Side area) 
      Cumulative area ratio:   13.50
      Required ratio:    0.00 (Cumulative area) 
      Cumulative area ratio:   71.32
      Required ratio:    0.00 (Cumulative side area) 

    Layer: met1
      Partial area ratio:    0.00
      Required ratio:    0.00 (Gate area) 
      Partial area ratio:    0.00
      Required ratio:  400.00 (Side area) 
      Cumulative area ratio:    0.00
      Required ratio:    0.00 (Cumulative area) 
      Cumulative area ratio:    0.00
      Required ratio:    0.00 (Cumulative side area) 

    Layer: li1
      Partial area ratio:    0.00
      Required ratio:    0.00 (Gate area) 
      Partial area ratio:    0.00
      Required ratio:   75.00 (Side area) 
      Cumulative area ratio:    0.00
      Required ratio:    0.00 (Cumulative area) 
      Cumulative area ratio:    0.00
      Required ratio:    0.00 (Cumulative side area) 

    Via: M2M3_PR
      Partial area ratio:    0.09
      Required ratio:    6.00 (Gate area) 
      Cumulative area ratio:    0.30
      Required ratio:    0.00 (Cumulative area) 

    Via: M1M2_PR
      Partial area ratio:    0.09
      Required ratio:    6.00 (Gate area) 
      Cumulative area ratio:    0.21
      Required ratio:    0.00 (Cumulative area) 

    Via: L1M1_PR
      Partial area ratio:    0.12
      Required ratio:    3.00 (Gate area) 
      Cumulative area ratio:    0.12
      Required ratio:    0.00 (Cumulative area) 


Net: net245
  Pin: output24/A (sky130_fd_sc_hd__buf_4)
    Layer: met2
      Partial area ratio:    9.31
      Required ratio:    0.00 (Gate area) 
      Partial area ratio:   46.95
      Required ratio: 3134.60 (Side area) 
      Cumulative area ratio:  131.68
      Required ratio:    0.00 (Cumulative area) 
      Cumulative area ratio:  659.22
      Required ratio:    0.00 (Cumulative side area) 

    Layer: met1
      Partial area ratio:  122.37
      Required ratio:    0.00 (Gate area) 
      Partial area ratio:  612.27
      Required ratio:  400.00 (Side area) (VIOLATED)
      Cumulative area ratio:  122.37
      Required ratio:    0.00 (Cumulative area) 
      Cumulative area ratio:  612.27
      Required ratio:    0.00 (Cumulative side area) 

    Layer: li1
      Partial area ratio:    0.00
      Required ratio:    0.00 (Gate area) 
      Partial area ratio:    0.00
      Required ratio:   75.00 (Side area) 
      Cumulative area ratio:    0.00
      Required ratio:    0.00 (Cumulative area) 
      Cumulative area ratio:    0.00
      Required ratio:    0.00 (Cumulative side area) 

    Via: M1M2_PR
      Partial area ratio:    0.09
      Required ratio:    6.00 (Gate area) 
      Cumulative area ratio:    0.21
      Required ratio:    0.00 (Cumulative area) 

    Via: L1M1_PR
      Partial area ratio:    0.12
      Required ratio:    3.00 (Gate area) 
      Cumulative area ratio:    0.12
      Required ratio:    0.00 (Cumulative area) 


Net: net247
  Pin: wire246/A (sky130_fd_sc_hd__clkbuf_2)
    Layer: met2
      Partial area ratio:   10.60
      Required ratio:    0.00 (Gate area) 
      Partial area ratio:   53.44
      Required ratio: 2753.36 (Side area) 
      Cumulative area ratio:  159.15
      Required ratio:    0.00 (Cumulative area) 
      Cumulative area ratio:  799.45
      Required ratio:    0.00 (Cumulative side area) 

    Layer: met1
      Partial area ratio:  148.56
      Required ratio:    0.00 (Gate area) 
      Partial area ratio:  746.01
      Required ratio:  400.00 (Side area) (VIOLATED)
      Cumulative area ratio:  148.56
      Required ratio:    0.00 (Cumulative area) 
      Cumulative area ratio:  746.01
      Required ratio:    0.00 (Cumulative side area) 

    Layer: li1
      Partial area ratio:    0.00
      Required ratio:    0.00 (Gate area) 
      Partial area ratio:    0.00
      Required ratio:   75.00 (Side area) 
      Cumulative area ratio:    0.00
      Required ratio:    0.00 (Cumulative area) 
      Cumulative area ratio:    0.00
      Required ratio:    0.00 (Cumulative side area) 

    Via: M1M2_PR
      Partial area ratio:    0.11
      Required ratio:    6.00 (Gate area) 
      Cumulative area ratio:    0.24
      Required ratio:    0.00 (Cumulative area) 

    Via: L1M1_PR
      Partial area ratio:    0.14
      Required ratio:    3.00 (Gate area) 
      Cumulative area ratio:    0.14
      Required ratio:    0.00 (Cumulative area) 


Net: net248
  Pin: wire247/A (sky130_fd_sc_hd__clkbuf_2)
    Layer: met2
      Partial area ratio:   11.27
      Required ratio:    0.00 (Gate area) 
      Partial area ratio:   56.79
      Required ratio: 2753.36 (Side area) 
      Cumulative area ratio:  153.67
      Required ratio:    0.00 (Cumulative area) 
      Cumulative area ratio:  771.12
      Required ratio:    0.00 (Cumulative side area) 

    Layer: met1
      Partial area ratio:  142.41
      Required ratio:    0.00 (Gate area) 
      Partial area ratio:  714.33
      Required ratio:  400.00 (Side area) (VIOLATED)
      Cumulative area ratio:  142.41
      Required ratio:    0.00 (Cumulative area) 
      Cumulative area ratio:  714.33
      Required ratio:    0.00 (Cumulative side area) 

    Layer: li1
      Partial area ratio:    0.00
      Required ratio:    0.00 (Gate area) 
      Partial area ratio:    0.00
      Required ratio:   75.00 (Side area) 
      Cumulative area ratio:    0.00
      Required ratio:    0.00 (Cumulative area) 
      Cumulative area ratio:    0.00
      Required ratio:    0.00 (Cumulative side area) 

    Via: M1M2_PR
      Partial area ratio:    0.11
      Required ratio:    6.00 (Gate area) 
      Cumulative area ratio:    0.24
      Required ratio:    0.00 (Cumulative area) 

    Via: L1M1_PR
      Partial area ratio:    0.14
      Required ratio:    3.00 (Gate area) 
      Cumulative area ratio:    0.14
      Required ratio:    0.00 (Cumulative area) 


Net: net278
  Pin: u_imm_gen._048_/A (sky130_fd_sc_hd__buf_1)
    Layer: met2
      Partial area ratio:  171.26
      Required ratio:    0.00 (Gate area) 
      Partial area ratio:  856.99
      Required ratio: 3669.20 (Side area) 
      Cumulative area ratio:  226.19
      Required ratio:    0.00 (Cumulative area) 
      Cumulative area ratio: 1132.65
      Required ratio:    0.00 (Cumulative side area) 

    Layer: met1
      Partial area ratio:   54.93
      Required ratio:    0.00 (Gate area) 
      Partial area ratio:  275.65
      Required ratio:  400.00 (Side area) 
      Cumulative area ratio:   54.93
      Required ratio:    0.00 (Cumulative area) 
      Cumulative area ratio:  275.65
      Required ratio:    0.00 (Cumulative side area) 

    Layer: li1
      Partial area ratio:    0.00
      Required ratio:    0.00 (Gate area) 
      Partial area ratio:    0.00
      Required ratio:   75.00 (Side area) 
      Cumulative area ratio:    0.00
      Required ratio:    0.00 (Cumulative area) 
      Cumulative area ratio:    0.00
      Required ratio:    0.00 (Cumulative side area) 

    Via: M1M2_PR
      Partial area ratio:    0.23
      Required ratio:    6.00 (Gate area) 
      Cumulative area ratio:    0.38
      Required ratio:    0.00 (Cumulative area) 

    Via: L1M1_PR
      Partial area ratio:    0.15
      Required ratio:    3.00 (Gate area) 
      Cumulative area ratio:    0.15
      Required ratio:    0.00 (Cumulative area) 

  Pin: u_imm_gen._151_/A (sky130_fd_sc_hd__clkbuf_2)
    Layer: met2
      Partial area ratio:  171.26
      Required ratio:    0.00 (Gate area) 
      Partial area ratio:  856.99
      Required ratio: 3669.20 (Side area) 
      Cumulative area ratio:  313.13
      Required ratio:    0.00 (Cumulative area) 
      Cumulative area ratio: 1571.54
      Required ratio:    0.00 (Cumulative side area) 

    Layer: met1
      Partial area ratio:   82.65
      Required ratio:    0.00 (Gate area) 
      Partial area ratio:  416.45
      Required ratio:  400.00 (Side area) (VIOLATED)
      Cumulative area ratio:   82.65
      Required ratio:    0.00 (Cumulative area) 
      Cumulative area ratio:  416.45
      Required ratio:    0.00 (Cumulative side area) 

    Layer: li1
      Partial area ratio:    0.00
      Required ratio:    0.00 (Gate area) 
      Partial area ratio:    0.00
      Required ratio:   75.00 (Side area) 
      Cumulative area ratio:    0.00
      Required ratio:    0.00 (Cumulative area) 
      Cumulative area ratio:    0.00
      Required ratio:    0.00 (Cumulative side area) 

    Via: M1M2_PR
      Partial area ratio:    0.11
      Required ratio:    6.00 (Gate area) 
      Cumulative area ratio:    0.24
      Required ratio:    0.00 (Cumulative area) 

    Via: L1M1_PR
      Partial area ratio:    0.14
      Required ratio:    3.00 (Gate area) 
      Cumulative area ratio:    0.14
      Required ratio:    0.00 (Cumulative area) 

  Pin: u_imm_gen._079_/A (sky130_fd_sc_hd__clkbuf_1)
    Layer: met2
      Partial area ratio:  171.26
      Required ratio:    0.00 (Gate area) 
      Partial area ratio:  856.99
      Required ratio: 3669.20 (Side area) 
      Cumulative area ratio:  230.48
      Required ratio:    0.00 (Cumulative area) 
      Cumulative area ratio: 1155.09
      Required ratio:    0.00 (Cumulative side area) 

    Layer: met1
      Partial area ratio:    4.29
      Required ratio:    0.00 (Gate area) 
      Partial area ratio:   22.44
      Required ratio:  400.00 (Side area) 
      Cumulative area ratio:    4.29
      Required ratio:    0.00 (Cumulative area) 
      Cumulative area ratio:   22.44
      Required ratio:    0.00 (Cumulative side area) 

    Layer: li1
      Partial area ratio:    0.00
      Required ratio:    0.00 (Gate area) 
      Partial area ratio:    0.00
      Required ratio:   75.00 (Side area) 
      Cumulative area ratio:    0.00
      Required ratio:    0.00 (Cumulative area) 
      Cumulative area ratio:    0.00
      Required ratio:    0.00 (Cumulative side area) 

    Via: M1M2_PR
      Partial area ratio:    0.23
      Required ratio:    6.00 (Gate area) 
      Cumulative area ratio:    0.38
      Required ratio:    0.00 (Cumulative area) 

    Via: L1M1_PR
      Partial area ratio:    0.15
      Required ratio:    3.00 (Gate area) 
      Cumulative area ratio:    0.15
      Required ratio:    0.00 (Cumulative area) 

  Pin: output17/A (sky130_fd_sc_hd__buf_4)
    Layer: met1
      Partial area ratio:    1.91
      Required ratio:    0.00 (Gate area) 
      Partial area ratio:   10.35
      Required ratio: 3669.20 (Side area) 
      Cumulative area ratio:    1.91
      Required ratio:    0.00 (Cumulative area) 
      Cumulative area ratio:   10.35
      Required ratio:    0.00 (Cumulative side area) 

    Layer: met2
      Partial area ratio:  171.26
      Required ratio:    0.00 (Gate area) 
      Partial area ratio:  856.99
      Required ratio: 3669.20 (Side area) 
      Cumulative area ratio:  173.17
      Required ratio:    0.00 (Cumulative area) 
      Cumulative area ratio:  867.35
      Required ratio:    0.00 (Cumulative side area) 

    Layer: li1
      Partial area ratio:    0.00
      Required ratio:    0.00 (Gate area) 
      Partial area ratio:    0.00
      Required ratio:   75.00 (Side area) 
      Cumulative area ratio:    0.00
      Required ratio:    0.00 (Cumulative area) 
      Cumulative area ratio:    0.00
      Required ratio:    0.00 (Cumulative side area) 

    Via: M1M2_PR
      Partial area ratio:    0.09
      Required ratio:    6.00 (Gate area) 
      Cumulative area ratio:    0.21
      Required ratio:    0.00 (Cumulative area) 

    Via: L1M1_PR
      Partial area ratio:    0.12
      Required ratio:    3.00 (Gate area) 
      Cumulative area ratio:    0.12
      Required ratio:    0.00 (Cumulative area) 


Net: net307
  Pin: wire306/A (sky130_fd_sc_hd__buf_4)
    Layer: met2
      Partial area ratio:   10.22
      Required ratio:    0.00 (Gate area) 
      Partial area ratio:   52.13
      Required ratio: 3872.32 (Side area) 
      Cumulative area ratio:  263.58
      Required ratio:    0.00 (Cumulative area) 
      Cumulative area ratio: 1320.96
      Required ratio:    0.00 (Cumulative side area) 

    Layer: met1
      Partial area ratio:  253.37
      Required ratio:    0.00 (Gate area) 
      Partial area ratio: 1268.82
      Required ratio:  400.00 (Side area) (VIOLATED)
      Cumulative area ratio:  253.37
      Required ratio:    0.00 (Cumulative area) 
      Cumulative area ratio: 1268.82
      Required ratio:    0.00 (Cumulative side area) 

    Layer: li1
      Partial area ratio:    0.00
      Required ratio:    0.00 (Gate area) 
      Partial area ratio:    0.00
      Required ratio:   75.00 (Side area) 
      Cumulative area ratio:    0.00
      Required ratio:    0.00 (Cumulative area) 
      Cumulative area ratio:    0.00
      Required ratio:    0.00 (Cumulative side area) 

    Via: M1M2_PR
      Partial area ratio:    0.09
      Required ratio:    6.00 (Gate area) 
      Cumulative area ratio:    0.21
      Required ratio:    0.00 (Cumulative area) 

    Via: L1M1_PR
      Partial area ratio:    0.12
      Required ratio:    3.00 (Gate area) 
      Cumulative area ratio:    0.12
      Required ratio:    0.00 (Cumulative area) 

  Pin: fanout304/A (sky130_fd_sc_hd__buf_6)
    Layer: met2
      Partial area ratio:   10.22
      Required ratio:    0.00 (Gate area) 
      Partial area ratio:   52.13
      Required ratio: 3872.32 (Side area) 
      Cumulative area ratio:   13.87
      Required ratio:    0.00 (Cumulative area) 
      Cumulative area ratio:   71.79
      Required ratio:    0.00 (Cumulative side area) 

    Layer: met1
      Partial area ratio:    3.65
      Required ratio:    0.00 (Gate area) 
      Partial area ratio:   19.66
      Required ratio:  400.00 (Side area) 
      Cumulative area ratio:    3.65
      Required ratio:    0.00 (Cumulative area) 
      Cumulative area ratio:   19.66
      Required ratio:    0.00 (Cumulative side area) 

    Layer: li1
      Partial area ratio:    0.00
      Required ratio:    0.00 (Gate area) 
      Partial area ratio:    0.00
      Required ratio:   75.00 (Side area) 
      Cumulative area ratio:    0.00
      Required ratio:    0.00 (Cumulative area) 
      Cumulative area ratio:    0.00
      Required ratio:    0.00 (Cumulative side area) 

    Via: M1M2_PR
      Partial area ratio:    0.05
      Required ratio:    6.00 (Gate area) 
      Cumulative area ratio:    0.10
      Required ratio:    0.00 (Cumulative area) 

    Via: L1M1_PR
      Partial area ratio:    0.06
      Required ratio:    3.00 (Gate area) 
      Cumulative area ratio:    0.06
      Required ratio:    0.00 (Cumulative area) 


Net: net322
  Pin: output12/A (sky130_fd_sc_hd__buf_4)
    Layer: met2
      Partial area ratio:   41.62
      Required ratio:    0.00 (Gate area) 
      Partial area ratio:  208.50
      Required ratio: 2956.40 (Side area) 
      Cumulative area ratio:  132.25
      Required ratio:    0.00 (Cumulative area) 
      Cumulative area ratio:  662.04
      Required ratio:    0.00 (Cumulative side area) 

    Layer: met1
      Partial area ratio:   90.63
      Required ratio:    0.00 (Gate area) 
      Partial area ratio:  453.54
      Required ratio:  400.00 (Side area) (VIOLATED)
      Cumulative area ratio:   90.63
      Required ratio:    0.00 (Cumulative area) 
      Cumulative area ratio:  453.54
      Required ratio:    0.00 (Cumulative side area) 

    Layer: li1
      Partial area ratio:    0.00
      Required ratio:    0.00 (Gate area) 
      Partial area ratio:    0.00
      Required ratio:   75.00 (Side area) 
      Cumulative area ratio:    0.00
      Required ratio:    0.00 (Cumulative area) 
      Cumulative area ratio:    0.00
      Required ratio:    0.00 (Cumulative side area) 

    Via: M1M2_PR
      Partial area ratio:    0.09
      Required ratio:    6.00 (Gate area) 
      Cumulative area ratio:    0.21
      Required ratio:    0.00 (Cumulative area) 

    Via: L1M1_PR
      Partial area ratio:    0.12
      Required ratio:    3.00 (Gate area) 
      Cumulative area ratio:    0.12
      Required ratio:    0.00 (Cumulative area) 


Net: net323
  Pin: wire322/A (sky130_fd_sc_hd__buf_4)
    Layer: met2
      Partial area ratio:   41.24
      Required ratio:    0.00 (Gate area) 
      Partial area ratio:  206.58
      Required ratio: 2956.40 (Side area) 
      Cumulative area ratio:  121.72
      Required ratio:    0.00 (Cumulative area) 
      Cumulative area ratio:  609.38
      Required ratio:    0.00 (Cumulative side area) 

    Layer: met1
      Partial area ratio:   80.48
      Required ratio:    0.00 (Gate area) 
      Partial area ratio:  402.80
      Required ratio:  400.00 (Side area) (VIOLATED)
      Cumulative area ratio:   80.48
      Required ratio:    0.00 (Cumulative area) 
      Cumulative area ratio:  402.80
      Required ratio:    0.00 (Cumulative side area) 

    Layer: li1
      Partial area ratio:    0.00
      Required ratio:    0.00 (Gate area) 
      Partial area ratio:    0.00
      Required ratio:   75.00 (Side area) 
      Cumulative area ratio:    0.00
      Required ratio:    0.00 (Cumulative area) 
      Cumulative area ratio:    0.00
      Required ratio:    0.00 (Cumulative side area) 

    Via: M1M2_PR
      Partial area ratio:    0.09
      Required ratio:    6.00 (Gate area) 
      Cumulative area ratio:    0.21
      Required ratio:    0.00 (Cumulative area) 

    Via: L1M1_PR
      Partial area ratio:    0.12
      Required ratio:    3.00 (Gate area) 
      Cumulative area ratio:    0.12
      Required ratio:    0.00 (Cumulative area) 


Net: net337
  Pin: output11/A (sky130_fd_sc_hd__buf_4)
    Layer: met2
      Partial area ratio:   19.50
      Required ratio:    0.00 (Gate area) 
      Partial area ratio:   97.92
      Required ratio: 3134.60 (Side area) 
      Cumulative area ratio:  131.87
      Required ratio:    0.00 (Cumulative area) 
      Cumulative area ratio:  662.50
      Required ratio:    0.00 (Cumulative side area) 

    Layer: met1
      Partial area ratio:  112.36
      Required ratio:    0.00 (Gate area) 
      Partial area ratio:  564.58
      Required ratio:  400.00 (Side area) (VIOLATED)
      Cumulative area ratio:  112.36
      Required ratio:    0.00 (Cumulative area) 
      Cumulative area ratio:  564.58
      Required ratio:    0.00 (Cumulative side area) 

    Layer: li1
      Partial area ratio:    0.00
      Required ratio:    0.00 (Gate area) 
      Partial area ratio:    0.00
      Required ratio:   75.00 (Side area) 
      Cumulative area ratio:    0.00
      Required ratio:    0.00 (Cumulative area) 
      Cumulative area ratio:    0.00
      Required ratio:    0.00 (Cumulative side area) 

    Via: M1M2_PR
      Partial area ratio:    0.09
      Required ratio:    6.00 (Gate area) 
      Cumulative area ratio:    0.21
      Required ratio:    0.00 (Cumulative area) 

    Via: L1M1_PR
      Partial area ratio:    0.12
      Required ratio:    3.00 (Gate area) 
      Cumulative area ratio:    0.12
      Required ratio:    0.00 (Cumulative area) 


Net: net340
  Pin: wire339/A (sky130_fd_sc_hd__buf_4)
    Layer: met2
      Partial area ratio:   19.70
      Required ratio:    0.00 (Gate area) 
      Partial area ratio:   98.88
      Required ratio: 2753.36 (Side area) 
      Cumulative area ratio:  133.48
      Required ratio:    0.00 (Cumulative area) 
      Cumulative area ratio:  668.21
      Required ratio:    0.00 (Cumulative side area) 

    Layer: met1
      Partial area ratio:  113.79
      Required ratio:    0.00 (Gate area) 
      Partial area ratio:  569.33
      Required ratio:  400.00 (Side area) (VIOLATED)
      Cumulative area ratio:  113.79
      Required ratio:    0.00 (Cumulative area) 
      Cumulative area ratio:  569.33
      Required ratio:    0.00 (Cumulative side area) 

    Layer: li1
      Partial area ratio:    0.00
      Required ratio:    0.00 (Gate area) 
      Partial area ratio:    0.00
      Required ratio:   75.00 (Side area) 
      Cumulative area ratio:    0.00
      Required ratio:    0.00 (Cumulative area) 
      Cumulative area ratio:    0.00
      Required ratio:    0.00 (Cumulative side area) 

    Via: M1M2_PR
      Partial area ratio:    0.09
      Required ratio:    6.00 (Gate area) 
      Cumulative area ratio:    0.21
      Required ratio:    0.00 (Cumulative area) 

    Via: L1M1_PR
      Partial area ratio:    0.12
      Required ratio:    3.00 (Gate area) 
      Cumulative area ratio:    0.12
      Required ratio:    0.00 (Cumulative area) 


Net: net343
  Pin: max_cap342/A (sky130_fd_sc_hd__clkbuf_2)
    Layer: met2
      Partial area ratio:    6.13
      Required ratio:    0.00 (Gate area) 
      Partial area ratio:   31.09
      Required ratio: 2753.36 (Side area) 
      Cumulative area ratio:    7.73
      Required ratio:    0.00 (Cumulative area) 
      Cumulative area ratio:   39.57
      Required ratio:    0.00 (Cumulative side area) 

    Layer: met1
      Partial area ratio:    1.60
      Required ratio:    0.00 (Gate area) 
      Partial area ratio:    8.48
      Required ratio:  400.00 (Side area) 
      Cumulative area ratio:    1.60
      Required ratio:    0.00 (Cumulative area) 
      Cumulative area ratio:    8.48
      Required ratio:    0.00 (Cumulative side area) 

    Layer: li1
      Partial area ratio:    0.00
      Required ratio:    0.00 (Gate area) 
      Partial area ratio:    0.00
      Required ratio:   75.00 (Side area) 
      Cumulative area ratio:    0.00
      Required ratio:    0.00 (Cumulative area) 
      Cumulative area ratio:    0.00
      Required ratio:    0.00 (Cumulative side area) 

    Via: M1M2_PR
      Partial area ratio:    0.11
      Required ratio:    6.00 (Gate area) 
      Cumulative area ratio:    0.24
      Required ratio:    0.00 (Cumulative area) 

    Via: L1M1_PR
      Partial area ratio:    0.14
      Required ratio:    3.00 (Gate area) 
      Cumulative area ratio:    0.14
      Required ratio:    0.00 (Cumulative area) 

  Pin: wire341/A (sky130_fd_sc_hd__clkbuf_2)
    Layer: met2
      Partial area ratio:    6.13
      Required ratio:    0.00 (Gate area) 
      Partial area ratio:   31.09
      Required ratio: 2753.36 (Side area) 
      Cumulative area ratio:  124.13
      Required ratio:    0.00 (Cumulative area) 
      Cumulative area ratio:  621.59
      Required ratio:    0.00 (Cumulative side area) 

    Layer: met1
      Partial area ratio:  118.01
      Required ratio:    0.00 (Gate area) 
      Partial area ratio:  590.50
      Required ratio:  400.00 (Side area) (VIOLATED)
      Cumulative area ratio:  118.01
      Required ratio:    0.00 (Cumulative area) 
      Cumulative area ratio:  590.50
      Required ratio:    0.00 (Cumulative side area) 

    Layer: li1
      Partial area ratio:    0.00
      Required ratio:    0.00 (Gate area) 
      Partial area ratio:    0.00
      Required ratio:   75.00 (Side area) 
      Cumulative area ratio:    0.00
      Required ratio:    0.00 (Cumulative area) 
      Cumulative area ratio:    0.00
      Required ratio:    0.00 (Cumulative side area) 

    Via: M1M2_PR
      Partial area ratio:    0.11
      Required ratio:    6.00 (Gate area) 
      Cumulative area ratio:    0.24
      Required ratio:    0.00 (Cumulative area) 

    Via: L1M1_PR
      Partial area ratio:    0.14
      Required ratio:    3.00 (Gate area) 
      Cumulative area ratio:    0.14
      Required ratio:    0.00 (Cumulative area) 


Net: net344
  Pin: u_imm_gen._093_/A (sky130_fd_sc_hd__clkbuf_1)
    Layer: met2
      Partial area ratio:   81.24
      Required ratio:    0.00 (Gate area) 
      Partial area ratio:  407.40
      Required ratio: 3872.32 (Side area) 
      Cumulative area ratio:   81.24
      Required ratio:    0.00 (Cumulative area) 
      Cumulative area ratio:  407.40
      Required ratio:    0.00 (Cumulative side area) 

    Layer: met1
      Partial area ratio:    0.00
      Required ratio:    0.00 (Gate area) 
      Partial area ratio:    0.00
      Required ratio:  400.00 (Side area) 
      Cumulative area ratio:    0.00
      Required ratio:    0.00 (Cumulative area) 
      Cumulative area ratio:    0.00
      Required ratio:    0.00 (Cumulative side area) 

    Layer: li1
      Partial area ratio:    0.00
      Required ratio:    0.00 (Gate area) 
      Partial area ratio:    0.00
      Required ratio:   75.00 (Side area) 
      Cumulative area ratio:    0.00
      Required ratio:    0.00 (Cumulative area) 
      Cumulative area ratio:    0.00
      Required ratio:    0.00 (Cumulative side area) 

    Via: M1M2_PR
      Partial area ratio:    0.11
      Required ratio:    6.00 (Gate area) 
      Cumulative area ratio:    0.26
      Required ratio:    0.00 (Cumulative area) 

    Via: L1M1_PR
      Partial area ratio:    0.15
      Required ratio:    3.00 (Gate area) 
      Cumulative area ratio:    0.15
      Required ratio:    0.00 (Cumulative area) 

  Pin: u_imm_gen._145_/A (sky130_fd_sc_hd__clkbuf_2)
    Layer: met2
      Partial area ratio:   81.24
      Required ratio:    0.00 (Gate area) 
      Partial area ratio:  407.40
      Required ratio: 3872.32 (Side area) 
      Cumulative area ratio:  117.25
      Required ratio:    0.00 (Cumulative area) 
      Cumulative area ratio:  588.35
      Required ratio:    0.00 (Cumulative side area) 

    Layer: met1
      Partial area ratio:   36.01
      Required ratio:    0.00 (Gate area) 
      Partial area ratio:  180.95
      Required ratio:  400.00 (Side area) 
      Cumulative area ratio:   36.01
      Required ratio:    0.00 (Cumulative area) 
      Cumulative area ratio:  180.95
      Required ratio:    0.00 (Cumulative side area) 

    Layer: li1
      Partial area ratio:    0.00
      Required ratio:    0.00 (Gate area) 
      Partial area ratio:    0.00
      Required ratio:   75.00 (Side area) 
      Cumulative area ratio:    0.00
      Required ratio:    0.00 (Cumulative area) 
      Cumulative area ratio:    0.00
      Required ratio:    0.00 (Cumulative side area) 

    Via: M1M2_PR
      Partial area ratio:    0.11
      Required ratio:    6.00 (Gate area) 
      Cumulative area ratio:    0.24
      Required ratio:    0.00 (Cumulative area) 

    Via: L1M1_PR
      Partial area ratio:    0.14
      Required ratio:    3.00 (Gate area) 
      Cumulative area ratio:    0.14
      Required ratio:    0.00 (Cumulative area) 

  Pin: output10/A (sky130_fd_sc_hd__buf_4)
    Layer: met2
      Partial area ratio:   81.24
      Required ratio:    0.00 (Gate area) 
      Partial area ratio:  407.40
      Required ratio: 3872.32 (Side area) 
      Cumulative area ratio:  181.59
      Required ratio:    0.00 (Cumulative area) 
      Cumulative area ratio:  910.55
      Required ratio:    0.00 (Cumulative side area) 

    Layer: met1
      Partial area ratio:    0.00
      Required ratio:    0.00 (Gate area) 
      Partial area ratio:    0.00
      Required ratio:  400.00 (Side area) 
      Cumulative area ratio:    0.00
      Required ratio:    0.00 (Cumulative area) 
      Cumulative area ratio:    0.00
      Required ratio:    0.00 (Cumulative side area) 

    Layer: li1
      Partial area ratio:    0.00
      Required ratio:    0.00 (Gate area) 
      Partial area ratio:    0.00
      Required ratio:   75.00 (Side area) 
      Cumulative area ratio:    0.00
      Required ratio:    0.00 (Cumulative area) 
      Cumulative area ratio:    0.00
      Required ratio:    0.00 (Cumulative side area) 

    Via: M1M2_PR
      Partial area ratio:    0.09
      Required ratio:    6.00 (Gate area) 
      Cumulative area ratio:    0.21
      Required ratio:    0.00 (Cumulative area) 

    Via: L1M1_PR
      Partial area ratio:    0.12
      Required ratio:    3.00 (Gate area) 
      Cumulative area ratio:    0.12
      Required ratio:    0.00 (Cumulative area) 

  Pin: u_regfile._042_/B (sky130_fd_sc_hd__nor3_2)
    Layer: met2
      Partial area ratio:   81.24
      Required ratio:    0.00 (Gate area) 
      Partial area ratio:  407.40
      Required ratio: 3872.32 (Side area) 
      Cumulative area ratio:  181.59
      Required ratio:    0.00 (Cumulative area) 
      Cumulative area ratio:  910.55
      Required ratio:    0.00 (Cumulative side area) 

    Layer: met1
      Partial area ratio:  100.35
      Required ratio:    0.00 (Gate area) 
      Partial area ratio:  503.15
      Required ratio:  400.00 (Side area) (VIOLATED)
      Cumulative area ratio:  100.35
      Required ratio:    0.00 (Cumulative area) 
      Cumulative area ratio:  503.15
      Required ratio:    0.00 (Cumulative side area) 

    Layer: li1
      Partial area ratio:    0.00
      Required ratio:    0.00 (Gate area) 
      Partial area ratio:    0.00
      Required ratio:   75.00 (Side area) 
      Cumulative area ratio:    0.00
      Required ratio:    0.00 (Cumulative area) 
      Cumulative area ratio:    0.00
      Required ratio:    0.00 (Cumulative side area) 

    Via: M1M2_PR
      Partial area ratio:    0.09
      Required ratio:    6.00 (Gate area) 
      Cumulative area ratio:    0.15
      Required ratio:    0.00 (Cumulative area) 

    Via: L1M1_PR
      Partial area ratio:    0.06
      Required ratio:    3.00 (Gate area) 
      Cumulative area ratio:    0.06
      Required ratio:    0.00 (Cumulative area) 


Net: net365
  Pin: u_alu_control._20_/A (sky130_fd_sc_hd__or3_1)
    Layer: met2
      Partial area ratio:   82.43
      Required ratio:    0.00 (Gate area) 
      Partial area ratio:  413.37
      Required ratio: 2956.40 (Side area) 
      Cumulative area ratio:   83.10
      Required ratio:    0.00 (Cumulative area) 
      Cumulative area ratio:  417.48
      Required ratio:    0.00 (Cumulative side area) 

    Layer: met1
      Partial area ratio:    0.67
      Required ratio:    0.00 (Gate area) 
      Partial area ratio:    4.11
      Required ratio:  400.00 (Side area) 
      Cumulative area ratio:    0.67
      Required ratio:    0.00 (Cumulative area) 
      Cumulative area ratio:    4.11
      Required ratio:    0.00 (Cumulative side area) 

    Layer: li1
      Partial area ratio:    0.00
      Required ratio:    0.00 (Gate area) 
      Partial area ratio:    0.00
      Required ratio:   75.00 (Side area) 
      Cumulative area ratio:    0.00
      Required ratio:    0.00 (Cumulative area) 
      Cumulative area ratio:    0.00
      Required ratio:    0.00 (Cumulative side area) 

    Via: M1M2_PR
      Partial area ratio:    0.18
      Required ratio:    6.00 (Gate area) 
      Cumulative area ratio:    0.41
      Required ratio:    0.00 (Cumulative area) 

    Via: L1M1_PR
      Partial area ratio:    0.23
      Required ratio:    3.00 (Gate area) 
      Cumulative area ratio:    0.23
      Required ratio:    0.00 (Cumulative area) 

  Pin: fanout363/A (sky130_fd_sc_hd__buf_2)
    Layer: met2
      Partial area ratio:   82.43
      Required ratio:    0.00 (Gate area) 
      Partial area ratio:  413.37
      Required ratio: 2956.40 (Side area) 
      Cumulative area ratio:  185.52
      Required ratio:    0.00 (Cumulative area) 
      Cumulative area ratio:  935.59
      Required ratio:    0.00 (Cumulative side area) 

    Layer: met1
      Partial area ratio:  103.09
      Required ratio:    0.00 (Gate area) 
      Partial area ratio:  522.23
      Required ratio:  400.00 (Side area) (VIOLATED)
      Cumulative area ratio:  103.09
      Required ratio:    0.00 (Cumulative area) 
      Cumulative area ratio:  522.23
      Required ratio:    0.00 (Cumulative side area) 

    Layer: li1
      Partial area ratio:    0.00
      Required ratio:    0.00 (Gate area) 
      Partial area ratio:    0.00
      Required ratio:   75.00 (Side area) 
      Cumulative area ratio:    0.00
      Required ratio:    0.00 (Cumulative area) 
      Cumulative area ratio:    0.00
      Required ratio:    0.00 (Cumulative side area) 

    Via: M1M2_PR
      Partial area ratio:    0.28
      Required ratio:    6.00 (Gate area) 
      Cumulative area ratio:    0.46
      Required ratio:    0.00 (Cumulative area) 

    Via: L1M1_PR
      Partial area ratio:    0.18
      Required ratio:    3.00 (Gate area) 
      Cumulative area ratio:    0.18
      Required ratio:    0.00 (Cumulative area) 

  Pin: fanout364/A (sky130_fd_sc_hd__clkbuf_1)
    Layer: met2
      Partial area ratio:   82.43
      Required ratio:    0.00 (Gate area) 
      Partial area ratio:  413.37
      Required ratio: 2956.40 (Side area) 
      Cumulative area ratio:  185.52
      Required ratio:    0.00 (Cumulative area) 
      Cumulative area ratio:  935.59
      Required ratio:    0.00 (Cumulative side area) 

    Layer: met1
      Partial area ratio:    0.00
      Required ratio:    0.00 (Gate area) 
      Partial area ratio:    0.00
      Required ratio:  400.00 (Side area) 
      Cumulative area ratio:    0.00
      Required ratio:    0.00 (Cumulative area) 
      Cumulative area ratio:    0.00
      Required ratio:    0.00 (Cumulative side area) 

    Layer: li1
      Partial area ratio:    0.00
      Required ratio:    0.00 (Gate area) 
      Partial area ratio:    0.00
      Required ratio:   75.00 (Side area) 
      Cumulative area ratio:    0.00
      Required ratio:    0.00 (Cumulative area) 
      Cumulative area ratio:    0.00
      Required ratio:    0.00 (Cumulative side area) 

    Via: M1M2_PR
      Partial area ratio:    0.11
      Required ratio:    6.00 (Gate area) 
      Cumulative area ratio:    0.26
      Required ratio:    0.00 (Cumulative area) 

    Via: L1M1_PR
      Partial area ratio:    0.15
      Required ratio:    3.00 (Gate area) 
      Cumulative area ratio:    0.15
      Required ratio:    0.00 (Cumulative area) 

  Pin: u_alu_control._17_/S (sky130_fd_sc_hd__mux2_1)
    Layer: met2
      Partial area ratio:   82.43
      Required ratio:    0.00 (Gate area) 
      Partial area ratio:  413.37
      Required ratio: 2956.40 (Side area) 
      Cumulative area ratio:   83.02
      Required ratio:    0.00 (Cumulative area) 
      Cumulative area ratio:  416.70
      Required ratio:    0.00 (Cumulative side area) 

    Layer: met1
      Partial area ratio:    0.59
      Required ratio:    0.00 (Gate area) 
      Partial area ratio:    3.33
      Required ratio:  400.00 (Side area) 
      Cumulative area ratio:    0.59
      Required ratio:    0.00 (Cumulative area) 
      Cumulative area ratio:    3.33
      Required ratio:    0.00 (Cumulative side area) 

    Layer: li1
      Partial area ratio:    0.00
      Required ratio:    0.00 (Gate area) 
      Partial area ratio:    0.00
      Required ratio:   75.00 (Side area) 
      Cumulative area ratio:    0.00
      Required ratio:    0.00 (Cumulative area) 
      Cumulative area ratio:    0.00
      Required ratio:    0.00 (Cumulative side area) 

    Via: M1M2_PR
      Partial area ratio:    0.09
      Required ratio:    6.00 (Gate area) 
      Cumulative area ratio:    0.20
      Required ratio:    0.00 (Cumulative area) 

    Via: L1M1_PR
      Partial area ratio:    0.11
      Required ratio:    3.00 (Gate area) 
      Cumulative area ratio:    0.11
      Required ratio:    0.00 (Cumulative area) 


Net: net368
  Pin: u_imm_gen._090_/A (sky130_fd_sc_hd__clkbuf_1)
    Layer: met2
      Partial area ratio:  250.06
      Required ratio:    0.00 (Gate area) 
      Partial area ratio: 1251.54
      Required ratio: 3669.20 (Side area) 
      Cumulative area ratio:  250.64
      Required ratio:    0.00 (Cumulative area) 
      Cumulative area ratio: 1254.96
      Required ratio:    0.00 (Cumulative side area) 

    Layer: met1
      Partial area ratio:    0.58
      Required ratio:    0.00 (Gate area) 
      Partial area ratio:    3.42
      Required ratio:  400.00 (Side area) 
      Cumulative area ratio:    0.58
      Required ratio:    0.00 (Cumulative area) 
      Cumulative area ratio:    3.42
      Required ratio:    0.00 (Cumulative side area) 

    Layer: li1
      Partial area ratio:    0.00
      Required ratio:    0.00 (Gate area) 
      Partial area ratio:    0.00
      Required ratio:   75.00 (Side area) 
      Cumulative area ratio:    0.00
      Required ratio:    0.00 (Cumulative area) 
      Cumulative area ratio:    0.00
      Required ratio:    0.00 (Cumulative side area) 

    Layer: met3
      Partial area ratio:    3.99
      Required ratio:    0.00 (Gate area) 
      Partial area ratio:   21.82
      Required ratio: 3669.20 (Side area) 
      Cumulative area ratio:  254.63
      Required ratio:    0.00 (Cumulative area) 
      Cumulative area ratio: 1276.78
      Required ratio:    0.00 (Cumulative side area) 

    Via: M2M3_PR
      Partial area ratio:    0.10
      Required ratio:    6.00 (Gate area) 
      Cumulative area ratio:    0.36
      Required ratio:    0.00 (Cumulative area) 

    Via: M1M2_PR
      Partial area ratio:    0.11
      Required ratio:    6.00 (Gate area) 
      Cumulative area ratio:    0.26
      Required ratio:    0.00 (Cumulative area) 

    Via: L1M1_PR
      Partial area ratio:    0.15
      Required ratio:    3.00 (Gate area) 
      Cumulative area ratio:    0.15
      Required ratio:    0.00 (Cumulative area) 

  Pin: u_imm_gen._142_/A (sky130_fd_sc_hd__clkbuf_2)
    Layer: met3
      Partial area ratio:    3.99
      Required ratio:    0.00 (Gate area) 
      Partial area ratio:   21.82
      Required ratio: 3669.20 (Side area) 
      Cumulative area ratio:  181.32
      Required ratio:    0.00 (Cumulative area) 
      Cumulative area ratio:  910.67
      Required ratio:    0.00 (Cumulative side area) 

    Layer: met2
      Partial area ratio:  168.48
      Required ratio:    0.00 (Gate area) 
      Partial area ratio:  844.09
      Required ratio:  400.00 (Side area) (VIOLATED)
      Cumulative area ratio:  177.34
      Required ratio:    0.00 (Cumulative area) 
      Cumulative area ratio:  888.85
      Required ratio:    0.00 (Cumulative side area) 

    Layer: met1
      Partial area ratio:    8.86
      Required ratio:    0.00 (Gate area) 
      Partial area ratio:   44.76
      Required ratio:  400.00 (Side area) 
      Cumulative area ratio:    8.86
      Required ratio:    0.00 (Cumulative area) 
      Cumulative area ratio:   44.76
      Required ratio:    0.00 (Cumulative side area) 

    Layer: li1
      Partial area ratio:    0.00
      Required ratio:    0.00 (Gate area) 
      Partial area ratio:    0.00
      Required ratio:   75.00 (Side area) 
      Cumulative area ratio:    0.00
      Required ratio:    0.00 (Cumulative area) 
      Cumulative area ratio:    0.00
      Required ratio:    0.00 (Cumulative side area) 

    Via: M2M3_PR
      Partial area ratio:    0.09
      Required ratio:    6.00 (Gate area) 
      Cumulative area ratio:    0.43
      Required ratio:    0.00 (Cumulative area) 

    Via: M1M2_PR
      Partial area ratio:    0.21
      Required ratio:    6.00 (Gate area) 
      Cumulative area ratio:    0.35
      Required ratio:    0.00 (Cumulative area) 

    Via: L1M1_PR
      Partial area ratio:    0.14
      Required ratio:    3.00 (Gate area) 
      Cumulative area ratio:    0.14
      Required ratio:    0.00 (Cumulative area) 

  Pin: output7/A (sky130_fd_sc_hd__buf_4)
    Layer: met3
      Partial area ratio:    3.99
      Required ratio:    0.00 (Gate area) 
      Partial area ratio:   21.82
      Required ratio: 3669.20 (Side area) 
      Cumulative area ratio:  181.32
      Required ratio:    0.00 (Cumulative area) 
      Cumulative area ratio:  910.67
      Required ratio:    0.00 (Cumulative side area) 

    Layer: met2
      Partial area ratio:  168.48
      Required ratio:    0.00 (Gate area) 
      Partial area ratio:  844.09
      Required ratio:  400.00 (Side area) (VIOLATED)
      Cumulative area ratio:  177.34
      Required ratio:    0.00 (Cumulative area) 
      Cumulative area ratio:  888.85
      Required ratio:    0.00 (Cumulative side area) 

    Layer: met1
      Partial area ratio:    0.00
      Required ratio:    0.00 (Gate area) 
      Partial area ratio:    0.00
      Required ratio:  400.00 (Side area) 
      Cumulative area ratio:    0.00
      Required ratio:    0.00 (Cumulative area) 
      Cumulative area ratio:    0.00
      Required ratio:    0.00 (Cumulative side area) 

    Layer: li1
      Partial area ratio:    0.00
      Required ratio:    0.00 (Gate area) 
      Partial area ratio:    0.00
      Required ratio:   75.00 (Side area) 
      Cumulative area ratio:    0.00
      Required ratio:    0.00 (Cumulative area) 
      Cumulative area ratio:    0.00
      Required ratio:    0.00 (Cumulative side area) 

    Via: M2M3_PR
      Partial area ratio:    0.09
      Required ratio:    6.00 (Gate area) 
      Cumulative area ratio:    0.51
      Required ratio:    0.00 (Cumulative area) 

    Via: M1M2_PR
      Partial area ratio:    0.09
      Required ratio:    6.00 (Gate area) 
      Cumulative area ratio:    0.21
      Required ratio:    0.00 (Cumulative area) 

    Via: L1M1_PR
      Partial area ratio:    0.12
      Required ratio:    3.00 (Gate area) 
      Cumulative area ratio:    0.12
      Required ratio:    0.00 (Cumulative area) 

  Pin: fanout367/A (sky130_fd_sc_hd__clkbuf_1)
    Layer: met1
      Partial area ratio:    7.10
      Required ratio:    0.00 (Gate area) 
      Partial area ratio:   36.98
      Required ratio: 3669.20 (Side area) 
      Cumulative area ratio:    7.10
      Required ratio:    0.00 (Cumulative area) 
      Cumulative area ratio:   36.98
      Required ratio:    0.00 (Cumulative side area) 

    Layer: met2
      Partial area ratio:  250.06
      Required ratio:    0.00 (Gate area) 
      Partial area ratio: 1251.54
      Required ratio: 3669.20 (Side area) 
      Cumulative area ratio:  257.15
      Required ratio:    0.00 (Cumulative area) 
      Cumulative area ratio: 1288.52
      Required ratio:    0.00 (Cumulative side area) 

    Layer: met3
      Partial area ratio:    3.99
      Required ratio:    0.00 (Gate area) 
      Partial area ratio:   21.82
      Required ratio: 3669.20 (Side area) 
      Cumulative area ratio:  261.14
      Required ratio:    0.00 (Cumulative area) 
      Cumulative area ratio: 1310.34
      Required ratio:    0.00 (Cumulative side area) 

    Layer: li1
      Partial area ratio:    0.00
      Required ratio:    0.00 (Gate area) 
      Partial area ratio:    0.00
      Required ratio:   75.00 (Side area) 
      Cumulative area ratio:    0.00
      Required ratio:    0.00 (Cumulative area) 
      Cumulative area ratio:    0.00
      Required ratio:    0.00 (Cumulative side area) 

    Via: M1M2_PR
      Partial area ratio:    0.11
      Required ratio:    6.00 (Gate area) 
      Cumulative area ratio:    0.26
      Required ratio:    0.00 (Cumulative area) 

    Via: M2M3_PR
      Partial area ratio:    0.10
      Required ratio:    6.00 (Gate area) 
      Cumulative area ratio:    0.36
      Required ratio:    0.00 (Cumulative area) 

    Via: L1M1_PR
      Partial area ratio:    0.15
      Required ratio:    3.00 (Gate area) 
      Cumulative area ratio:    0.15
      Required ratio:    0.00 (Cumulative area) 


Net: net379
  Pin: u_alu_control._24_/B (sky130_fd_sc_hd__and4b_1)
    Layer: met2
      Partial area ratio:   18.99
      Required ratio:    0.00 (Gate area) 
      Partial area ratio:   96.10
      Required ratio: 3134.60 (Side area) 
      Cumulative area ratio:   18.99
      Required ratio:    0.00 (Cumulative area) 
      Cumulative area ratio:   96.10
      Required ratio:    0.00 (Cumulative side area) 

    Layer: met1
      Partial area ratio:    0.00
      Required ratio:    0.00 (Gate area) 
      Partial area ratio:    0.00
      Required ratio:  400.00 (Side area) 
      Cumulative area ratio:    0.00
      Required ratio:    0.00 (Cumulative area) 
      Cumulative area ratio:    0.00
      Required ratio:    0.00 (Cumulative side area) 

    Layer: li1
      Partial area ratio:    0.00
      Required ratio:    0.00 (Gate area) 
      Partial area ratio:    0.00
      Required ratio:   75.00 (Side area) 
      Cumulative area ratio:    0.00
      Required ratio:    0.00 (Cumulative area) 
      Cumulative area ratio:    0.00
      Required ratio:    0.00 (Cumulative side area) 

    Via: M1M2_PR
      Partial area ratio:    0.18
      Required ratio:    6.00 (Gate area) 
      Cumulative area ratio:    0.41
      Required ratio:    0.00 (Cumulative area) 

    Via: L1M1_PR
      Partial area ratio:    0.23
      Required ratio:    3.00 (Gate area) 
      Cumulative area ratio:    0.23
      Required ratio:    0.00 (Cumulative area) 

  Pin: fanout378/A (sky130_fd_sc_hd__clkbuf_4)
    Layer: met1
      Partial area ratio:    0.39
      Required ratio:    0.00 (Gate area) 
      Partial area ratio:    2.43
      Required ratio:  400.00 (Side area) 
      Cumulative area ratio:    0.39
      Required ratio:    0.00 (Cumulative area) 
      Cumulative area ratio:    2.43
      Required ratio:    0.00 (Cumulative side area) 

    Layer: li1
      Partial area ratio:    0.00
      Required ratio:    0.00 (Gate area) 
      Partial area ratio:    0.00
      Required ratio:   75.00 (Side area) 
      Cumulative area ratio:    0.00
      Required ratio:    0.00 (Cumulative area) 
      Cumulative area ratio:    0.00
      Required ratio:    0.00 (Cumulative side area) 

    Via: M1M2_PR
      Partial area ratio:    0.11
      Required ratio:    6.00 (Gate area) 
      Cumulative area ratio:    0.24
      Required ratio:    0.00 (Cumulative area) 

    Via: L1M1_PR
      Partial area ratio:    0.14
      Required ratio:    3.00 (Gate area) 
      Cumulative area ratio:    0.14
      Required ratio:    0.00 (Cumulative area) 

  Pin: output5/A (sky130_fd_sc_hd__buf_4)
    Layer: met1
      Partial area ratio:  445.83
      Required ratio:    0.00 (Gate area) 
      Partial area ratio: 2230.33
      Required ratio:  400.00 (Side area) (VIOLATED)
      Cumulative area ratio:  445.83
      Required ratio:    0.00 (Cumulative area) 
      Cumulative area ratio: 2230.33
      Required ratio:    0.00 (Cumulative side area) 

    Layer: li1
      Partial area ratio:    0.00
      Required ratio:    0.00 (Gate area) 
      Partial area ratio:    0.00
      Required ratio:   75.00 (Side area) 
      Cumulative area ratio:    0.00
      Required ratio:    0.00 (Cumulative area) 
      Cumulative area ratio:    0.00
      Required ratio:    0.00 (Cumulative side area) 

    Via: M1M2_PR
      Partial area ratio:    0.09
      Required ratio:    6.00 (Gate area) 
      Cumulative area ratio:    0.21
      Required ratio:    0.00 (Cumulative area) 

    Via: L1M1_PR
      Partial area ratio:    0.12
      Required ratio:    3.00 (Gate area) 
      Cumulative area ratio:    0.12
      Required ratio:    0.00 (Cumulative area) 


Net: net401
  Pin: wire400/A (sky130_fd_sc_hd__clkbuf_2)
    Layer: met2
      Partial area ratio:   45.68
      Required ratio:    0.00 (Gate area) 
      Partial area ratio:  228.86
      Required ratio: 2753.36 (Side area) 
      Cumulative area ratio:  156.43
      Required ratio:    0.00 (Cumulative area) 
      Cumulative area ratio:  783.08
      Required ratio:    0.00 (Cumulative side area) 

    Layer: met1
      Partial area ratio:  110.75
      Required ratio:    0.00 (Gate area) 
      Partial area ratio:  554.22
      Required ratio:  400.00 (Side area) (VIOLATED)
      Cumulative area ratio:  110.75
      Required ratio:    0.00 (Cumulative area) 
      Cumulative area ratio:  554.22
      Required ratio:    0.00 (Cumulative side area) 

    Layer: li1
      Partial area ratio:    0.00
      Required ratio:    0.00 (Gate area) 
      Partial area ratio:    0.00
      Required ratio:   75.00 (Side area) 
      Cumulative area ratio:    0.00
      Required ratio:    0.00 (Cumulative area) 
      Cumulative area ratio:    0.00
      Required ratio:    0.00 (Cumulative side area) 

    Via: M1M2_PR
      Partial area ratio:    0.11
      Required ratio:    6.00 (Gate area) 
      Cumulative area ratio:    0.24
      Required ratio:    0.00 (Cumulative area) 

    Via: L1M1_PR
      Partial area ratio:    0.14
      Required ratio:    3.00 (Gate area) 
      Cumulative area ratio:    0.14
      Required ratio:    0.00 (Cumulative area) 


Net: net404
  Pin: wire403/A (sky130_fd_sc_hd__buf_2)
    Layer: met2
      Partial area ratio:    8.81
      Required ratio:    0.00 (Gate area) 
      Partial area ratio:   44.64
      Required ratio: 2753.36 (Side area) 
      Cumulative area ratio:  223.59
      Required ratio:    0.00 (Cumulative area) 
      Cumulative area ratio: 1119.21
      Required ratio:    0.00 (Cumulative side area) 

    Layer: met1
      Partial area ratio:  214.79
      Required ratio:    0.00 (Gate area) 
      Partial area ratio: 1074.57
      Required ratio:  400.00 (Side area) (VIOLATED)
      Cumulative area ratio:  214.79
      Required ratio:    0.00 (Cumulative area) 
      Cumulative area ratio: 1074.57
      Required ratio:    0.00 (Cumulative side area) 

    Layer: li1
      Partial area ratio:    0.00
      Required ratio:    0.00 (Gate area) 
      Partial area ratio:    0.00
      Required ratio:   75.00 (Side area) 
      Cumulative area ratio:    0.00
      Required ratio:    0.00 (Cumulative area) 
      Cumulative area ratio:    0.00
      Required ratio:    0.00 (Cumulative side area) 

    Via: M1M2_PR
      Partial area ratio:    0.14
      Required ratio:    6.00 (Gate area) 
      Cumulative area ratio:    0.32
      Required ratio:    0.00 (Cumulative area) 

    Via: L1M1_PR
      Partial area ratio:    0.18
      Required ratio:    3.00 (Gate area) 
      Cumulative area ratio:    0.18
      Required ratio:    0.00 (Cumulative area) 


[INFO ANT-0002] Found 54 net violations.
[INFO ANT-0001] Found 56 pin violations.
